ticker,timeframe,n_mu,x_zero,bear_alloc,fast_period,slow_period,in_sample_sharpe,in_sample_return,mc_sharpe_mean,mc_sharpe_std,mc_robust_sharpe,wf_pos_sharpe_frac,wf_mean_sharpe,wf_worst_return,runtime_s
AAPL,1d,1,0.0,0.0,8,21,0.9456366583588021,3.9455014510396573,1.2258642927454866,0.3924636189729003,3.123510647824233,0.2571428571428571,0.18868307020020525,-0.06158954962457619,0.10820865631103516
AAPL,1d,1,0.0,0.0,9,21,0.9131261781882642,3.6982774771400724,1.1399378513421692,0.4018557386417831,2.836684266834167,0.2,0.13045737047930675,-0.05425588989685948,0.10692620277404785
AAPL,1d,1,0.0,0.0,10,30,0.8563214733115383,3.281739148845248,1.0744834691964091,0.4359294600402704,2.4648104055577025,0.14285714285714285,0.17758632088849172,-0.061666525610594936,0.10217142105102539
AAPL,1d,1,0.0,0.0,12,26,0.7627415328445631,2.5781678955882192,1.018953472268421,0.42351896535905764,2.4059217074365407,0.2,0.20587949647018589,-0.04222470599191819,0.1101691722869873
AAPL,1d,1,0.0,0.0,20,50,0.8006135148045612,3.210592557696013,0.8298947102537099,0.32397888895220084,2.561570332368634,0.08571428571428572,0.13473810372183914,-0.049016491673023466,0.10454368591308594
AAPL,1d,1,0.0,0.25,8,21,0.5498732161724565,3.252989711996028,0.6818235814482648,0.1317396423266605,5.175538428726115,0.7142857142857143,1.2672250434725503,-0.05037908947919456,0.11554884910583496
AAPL,1d,1,0.0,0.25,9,21,0.5377640421692051,3.018978153780834,0.6497108470906549,0.13107019289369146,4.956968726044548,0.6571428571428571,1.1610096899119897,-0.05729309858406739,0.1120145320892334
AAPL,1d,1,0.0,0.25,10,30,0.5126230182010143,2.57607415248964,0.635538315130966,0.16585738296937316,3.83183614592739,0.5428571428571428,1.091186792197311,-0.04897993042269444,0.10575747489929199
AAPL,1d,1,0.0,0.25,12,26,0.47551391713553426,1.8497390901712794,0.6087952607896451,0.15805262701724873,3.8518515780392915,0.6,1.12045103718151,-0.04897993042269444,0.10158824920654297
AAPL,1d,1,0.0,0.25,20,50,0.4962452503726411,2.519969530534654,0.5504011198294367,0.16504298093850936,3.334895653844871,0.2,0.3666713820821368,-0.049016491673023466,0.1023721694946289
AAPL,1d,1,0.0,0.5,8,21,0.6947766157262945,2.6196905666944774,0.7520210982702966,0.059617467220410225,12.614106793400305,0.7142857142857143,1.3245472201902058,-0.06977222142304718,0.10206198692321777
AAPL,1d,1,0.0,0.5,9,21,0.6735849890106993,2.4028446819177853,0.7260443841511484,0.05952810211363971,12.196666084954678,0.6857142857142857,1.2223815634010096,-0.06977222142304718,0.10450124740600586
AAPL,1d,1,0.0,0.5,10,30,0.6338713232384047,1.9602231335514282,0.6918576776219677,0.08110493025046843,8.530402226909896,0.5428571428571428,1.1147269280533116,-0.056144539231457125,0.10087418556213379
AAPL,1d,1,0.0,0.5,12,26,0.6034687582690816,1.2470043926167778,0.6706953758265894,0.07740656030544454,8.664580536585538,0.6,1.1533631520010414,-0.056144539231457125,0.10036158561706543
AAPL,1d,1,0.0,0.5,20,50,0.5392282604143183,1.921320818913283,0.5780897654313019,0.09747420617521464,5.930694776751065,0.2,0.36613212406314083,-0.049016491673023466,0.10162901878356934
AAPL,1d,1,0.0,0.75,8,21,0.8552875534027747,2.049725344380779,0.8752389829951561,0.042487381831348904,20.59997451641912,0.7142857142857143,1.360376750795298,-0.09351131452015615,0.10718727111816406
AAPL,1d,1,0.0,0.75,9,21,0.8271676153766785,1.8525915855045128,0.850363340738757,0.038656242489595274,21.99808584519411,0.6857142857142857,1.2627327734076736,-0.09351131452015615,0.1129004955291748
AAPL,1d,1,0.0,0.75,10,30,0.7748601421331552,1.4290470459261408,0.7998937917524771,0.05041019470324141,15.867698914105631,0.5428571428571428,1.1249014053444137,-0.06330914804022014,0.10362815856933594
AAPL,1d,1,0.0,0.75,12,26,0.7464312140016861,0.7543144249464697,0.7804935280835276,0.047195806023579694,16.537349265601733,0.6,1.1697395253977354,-0.06330914804022014,0.10571861267089844
AAPL,1d,1,0.0,0.75,20,50,0.6268210425966855,1.4063721291901103,0.6570425789659431,0.0700513858098538,9.379437271225546,0.2,0.3657412693458223,-0.049016491673023466,0.09774518013000488
AAPL,1d,1,0.0,1.0,8,21,0.9938339284571029,1.5441729855894155,0.9893384882044127,0.04583999270515146,21.5824311877177,0.7142857142857143,1.387129375378583,-0.11725040761726468,0.10198187828063965
AAPL,1d,1,0.0,1.0,9,21,0.960274380190812,1.3680757613571002,0.9645453754249557,0.037669693643386015,25.605341645625753,0.6857142857142857,1.2933561580805917,-0.11725040761726468,0.107666015625
AAPL,1d,1,0.0,1.0,10,30,0.8979583205415926,0.9759621843792596,0.9014558299733941,0.04294630638299002,20.9902994202649,0.5428571428571428,1.1311407063059202,-0.07047375684898272,0.10403084754943848
AAPL,1d,1,0.0,1.0,12,26,0.8703422959375471,0.3562478091680479,0.8828557668209414,0.037991640917882104,23.238158328807383,0.6,1.1806743920890046,-0.07047375684898272,0.10353970527648926
AAPL,1d,1,0.0,1.0,20,50,0.7102544309944722,0.9668474234226911,0.7351169732053656,0.05645932016575158,13.020294453550472,0.2,0.3654451832568258,-0.049016491673023466,0.10302948951721191
AAPL,1d,1,0.1,0.0,8,21,0.9153502678326213,3.6531249689861474,1.2449539907346474,0.38810361401474264,3.207787677770391,0.2857142857142857,0.207167455828984,-0.05425588989685948,0.10543322563171387
AAPL,1d,1,0.1,0.0,9,21,0.9226336405419258,3.780128217395464,1.1491181486279913,0.41918399960231617,2.7413215908006285,0.22857142857142856,0.14912332601686024,-0.05425588989685948,0.1154940128326416
AAPL,1d,1,0.1,0.0,10,30,0.8292361599888707,3.066600361139453,1.0613223362737574,0.44631279267615404,2.377978748737897,0.14285714285714285,0.17758632088849172,-0.061666525610594936,0.0977029800415039
AAPL,1d,1,0.1,0.0,12,26,0.7522706207179678,2.509788192317462,1.016713372426239,0.4387291834016493,2.3174053855803223,0.2,0.20587949647018589,-0.04222470599191819,0.10110259056091309
AAPL,1d,1,0.1,0.0,20,50,0.7813830447433404,3.0253685431584607,0.836834729242881,0.31911413764270186,2.622368082544335,0.08571428571428572,0.13473810372183914,-0.049016491673023466,0.10017728805541992
AAPL,1d,1,0.1,0.25,8,21,0.5388357267834301,2.9399872970742966,0.6886655891292521,0.1309459908010406,5.2591574962811265,0.7142857142857143,1.2717265023231612,-0.05037908947919456,0.1253223419189453
AAPL,1d,1,0.1,0.25,9,21,0.5408318585037176,3.106499906711094,0.6553363870173928,0.1374340076548329,4.768371367465887,0.6571428571428571,1.1655951388632348,-0.05729309858406739,0.1078042984008789
AAPL,1d,1,0.1,0.25,10,30,0.502580455075384,2.353107570276561,0.6289066193123238,0.16744975624058714,3.7557929819182796,0.5428571428571428,1.091186792197311,-0.04897993042269444,0.10437178611755371
AAPL,1d,1,0.1,0.25,12,26,0.4713597921320837,1.7782925291788039,0.6095788787123668,0.1632903152417152,3.7330987928464716,0.6,1.12045103718151,-0.04897993042269444,0.10532546043395996
AAPL,1d,1,0.1,0.25,20,50,0.48588327238012985,2.326815217694018,0.5534763121269183,0.16316870184358512,3.3920494915592654,0.2,0.3666713820821368,-0.049016491673023466,0.10304498672485352
AAPL,1d,1,0.1,0.5,8,21,0.6869755118766558,2.3013337384426014,0.7578943213603406,0.061299100069802784,12.363873539698101,0.7142857142857143,1.3271903599355437,-0.06977222142304718,0.10877013206481934
AAPL,1d,1,0.1,0.5,9,21,0.6748798730657197,2.4917798993661138,0.7310642696399509,0.06288769297740898,11.624917929531453,0.6857142857142857,1.2250567936221441,-0.06977222142304718,0.10302019119262695
AAPL,1d,1,0.1,0.5,10,30,0.6266486880540175,1.7399524130371207,0.6890906513586386,0.08273762495942648,8.328624996143656,0.5428571428571428,1.1147269280533116,-0.056144539231457125,0.10175013542175293
AAPL,1d,1,0.1,0.5,12,26,0.6003285902650597,1.1762237243586169,0.6715004796498891,0.07876181047101102,8.525711580703707,0.6,1.1533631520010414,-0.056144539231457125,0.10444140434265137
AAPL,1d,1,0.1,0.5,20,50,0.5388772581274963,1.729364509009201,0.5802142195262241,0.09645018533774484,6.015687968814746,0.2,0.36613212406314083,-0.049016491673023466,0.11247897148132324
AAPL,1d,1,0.1,0.75,8,21,0.8490030015725288,1.7380885462345015,0.881426797662486,0.04439303582148029,19.85506918713573,0.7142857142857143,1.3623539245449345,-0.09351131452015615,0.10868573188781738
AAPL,1d,1,0.1,0.75,9,21,0.8279875468298993,1.9395886628358787,0.8557088301803665,0.04218580885914655,20.284281689074103,0.6857142857142857,1.2647284571771233,-0.09351131452015615,0.10446786880493164
AAPL,1d,1,0.1,0.75,10,30,0.7690205769213635,1.2189928960382455,0.7995150824683808,0.05068908099365077,15.772925190111982,0.5428571428571428,1.1249014053444137,-0.06330914804022014,0.10355567932128906
AAPL,1d,1,0.1,0.75,12,26,0.7438302582743206,0.6869568659040319,0.7818053915793395,0.04717343552351964,16.57300094646591,0.6,1.1697395253977354,-0.06330914804022014,0.11497974395751953
AAPL,1d,1,0.1,0.75,20,50,0.6323368170300512,1.2223055370406914,0.6588239775373268,0.06936868999631188,9.497425676805406,0.2,0.3657412693458223,-0.049016491673023466,0.10267400741577148
AAPL,1d,1,0.1,1.0,8,21,0.9885091679398985,1.2482954483845794,0.9959660509772164,0.0463720475845204,21.47772425105686,0.7142857142857143,1.3887505690779038,-0.11725040761726468,0.1064143180847168
AAPL,1d,1,0.1,1.0,9,21,0.960899578685325,1.4506361629147144,0.9703092662592713,0.04216183255814178,23.013925329768355,0.6857142857142857,1.2949898500644987,-0.11725040761726468,0.10425734519958496
AAPL,1d,1,0.1,1.0,10,30,0.893011450274346,0.7811560544636087,0.902758538666213,0.04076510765781969,22.145373593611573,0.5428571428571428,1.1311407063059202,-0.07047375684898272,0.10663890838623047
AAPL,1d,1,0.1,1.0,12,26,0.8681064261277861,0.29418956217693637,0.884676269584704,0.038565261512299866,22.939719190094134,0.6,1.1806743920890046,-0.07047375684898272,0.10641098022460938
AAPL,1d,1,0.1,1.0,20,50,0.7198423836339736,0.7953029700485017,0.736703784221195,0.05595913170339745,13.165032440567114,0.2,0.3654451832568258,-0.049016491673023466,0.10784196853637695
AAPL,1d,1,0.25,0.0,8,21,0.8941132661101903,3.4783367650973576,1.2626773827885227,0.3802734166209973,3.3204460990418925,0.2857142857142857,0.207167455828984,-0.05425588989685948,0.11052155494689941
AAPL,1d,1,0.25,0.0,9,21,0.915273443011602,3.6984982383393934,1.1651955280502695,0.41490936219559205,2.8083134154514107,0.22857142857142856,0.14912332601686024,-0.05425588989685948,0.10863399505615234
AAPL,1d,1,0.25,0.0,10,30,0.8656804729610835,3.3471779596498292,1.0638250179525448,0.45398915151820335,2.3432829053182544,0.14285714285714285,0.17758632088849172,-0.061666525610594936,0.10758566856384277
AAPL,1d,1,0.25,0.0,12,26,0.7948198433923154,2.7774172894297084,1.0080926633095135,0.43427394264365204,2.321328922414105,0.2,0.20587949647018589,-0.04222470599191819,0.11672711372375488
AAPL,1d,1,0.25,0.0,20,50,0.7366500402533186,2.6483921221720546,0.8150059261597074,0.3174530157766396,2.5673277167199657,0.08571428571428572,0.13473810372183914,-0.049016491673023466,0.10299515724182129
AAPL,1d,1,0.25,0.25,8,21,0.5330019178654253,2.7521242474145176,0.6965284710248338,0.12910679715016324,5.394979090176842,0.7142857142857143,1.2717265023231612,-0.05037908947919456,0.10375237464904785
AAPL,1d,1,0.25,0.25,9,21,0.5388615860388465,3.015251046392666,0.6620181902703259,0.1381000885347567,4.793756450805684,0.6571428571428571,1.1655951388632348,-0.05729309858406739,0.10613536834716797
AAPL,1d,1,0.25,0.25,10,30,0.515801432462147,2.6469961847628745,0.630503643797838,0.17159710232369116,3.6743257039882367,0.5428571428571428,1.091186792197311,-0.04897993042269444,0.10778069496154785
AAPL,1d,1,0.25,0.25,12,26,0.4862286047656101,2.0470007853336183,0.6052374025186403,0.16034447540872668,3.774607144872673,0.6,1.12045103718151,-0.04897993042269444,0.1010286808013916
AAPL,1d,1,0.25,0.25,20,50,0.4633691984157007,1.9366782662355697,0.5428776060806565,0.15789491448551518,3.438220970254609,0.2,0.3666713820821368,-0.049016491673023466,0.10095071792602539
AAPL,1d,1,0.25,0.5,8,21,0.6862984647627134,2.109476725940708,0.7638822452357757,0.05959184501844543,12.818570141591215,0.7142857142857143,1.3271903599355437,-0.06977222142304718,0.105377197265625
AAPL,1d,1,0.25,0.5,9,21,0.6780987683062074,2.395056292079639,0.7350834801432482,0.06380798751538885,11.520242351570246,0.6857142857142857,1.2250567936221441,-0.06977222142304718,0.12020182609558105
AAPL,1d,1,0.25,0.5,10,30,0.6356831484489056,2.0334141507554766,0.6891722374585311,0.084911091488345,8.116398286472712,0.5428571428571428,1.1147269280533116,-0.056144539231457125,0.13878583908081055
AAPL,1d,1,0.25,0.5,12,26,0.6104600232932536,1.4329845321027803,0.6695004596313531,0.0766724547428848,8.73195545749085,0.6,1.1533631520010414,-0.056144539231457125,0.1326277256011963
AAPL,1d,1,0.25,0.5,20,50,0.5213253481451231,1.3445591029940447,0.5720029297998297,0.0908163545385122,6.298457284555089,0.2,0.36613212406314083,-0.049016491673023466,0.13848662376403809
AAPL,1d,1,0.25,0.75,8,21,0.8520696494539911,1.5494862253953565,0.8874222309950193,0.04558140465200922,19.468953134946926,0.7142857142857143,1.3623539245449345,-0.09351131452015615,0.1378920078277588
AAPL,1d,1,0.25,0.75,9,21,0.8345151313035748,1.8410836891065516,0.8592241975918673,0.043105094176158994,19.9332402356076,0.6857142857142857,1.2647284571771233,-0.09351131452015615,0.18071794509887695
AAPL,1d,1,0.25,0.75,10,30,0.7764086520149603,1.5017951255540782,0.7993399647728908,0.051793118640020716,15.433323687815898,0.5428571428571428,1.1249014053444137,-0.06330914804022014,0.11527156829833984
AAPL,1d,1,0.25,0.75,12,26,0.7520478445311957,0.9233493300404192,0.781656109621161,0.04582405224345972,17.05776925768767,0.6,1.1697395253977354,-0.06330914804022014,0.16516780853271484
AAPL,1d,1,0.25,0.75,20,50,0.6177561267140802,0.8560594324920896,0.652352000864096,0.0648607068986713,10.057738067567373,0.2,0.3657412693458223,-0.049016491673023466,0.1691443920135498
AAPL,1d,1,0.25,1.0,8,21,0.9944074165222383,1.0684374745791847,1.0022411519283307,0.05065274469066723,19.78651222256459,0.7142857142857143,1.3887505690779038,-0.11725040761726468,0.11051821708679199
AAPL,1d,1,0.25,1.0,9,21,0.9698523041004524,1.3534864817968213,0.9737244503499362,0.04262674777482732,22.843038729897117,0.6857142857142857,1.2949898500644987,-0.11725040761726468,0.11647605895996094
AAPL,1d,1,0.25,1.0,10,30,0.8994335955312452,1.0461132365869181,0.9025595672068562,0.04095958855301237,22.035367031060606,0.5428571428571428,1.1311407063059202,-0.07047375684898272,0.10982012748718262
AAPL,1d,1,0.25,1.0,12,26,0.8751867180199902,0.5054471248135632,0.8859376613781267,0.038107416622505094,23.248431405211512,0.6,1.1806743920890046,-0.07047375684898272,0.10994601249694824
AAPL,1d,1,0.25,1.0,20,50,0.7073231962433383,0.456481768818791,0.7315460309338558,0.053272435825446135,13.732167857517513,0.2,0.3654451832568258,-0.049016491673023466,0.09601211547851562
AAPL,1d,1,0.4,0.0,8,21,0.8902922299214633,3.4497795892694727,1.261454879720481,0.3946109474172441,3.196705230751428,0.2857142857142857,0.207167455828984,-0.05425588989685948,0.10851383209228516
AAPL,1d,1,0.4,0.0,9,21,0.90923788570646,3.647614265311261,1.165235315713853,0.42131157834993227,2.765732952978648,0.22857142857142856,0.14912332601686024,-0.05425588989685948,0.1101372241973877
AAPL,1d,1,0.4,0.0,10,30,0.8769503920590381,3.439791395307296,1.0699524606406028,0.4482189423941763,2.3871201313478996,0.14285714285714285,0.17758632088849172,-0.061666525610594936,0.1020963191986084
AAPL,1d,1,0.4,0.0,12,26,0.8366845504779489,3.083210432041099,1.0181914329809771,0.42494658924329987,2.396045664924774,0.2,0.20587949647018589,-0.04222470599191819,0.13338375091552734
AAPL,1d,1,0.4,0.0,20,50,0.7535096309195679,2.7739858016215377,0.816094033477486,0.3131047972425143,2.6064564984783134,0.08571428571428572,0.13473810372183914,-0.049016491673023466,0.13294029235839844
AAPL,1d,1,0.4,0.25,8,21,0.5319446259246662,2.7219193621204,0.6954559678757393,0.13248206615942093,5.2494347954905045,0.7142857142857143,1.2717265023231612,-0.05037908947919456,0.1440138816833496
AAPL,1d,1,0.4,0.25,9,21,0.5374213155100105,2.9361982263287514,0.6632640592394601,0.14055348555751615,4.7189442268796995,0.6571428571428571,1.1655951388632348,-0.05729309858406739,0.16217255592346191
AAPL,1d,1,0.4,0.25,10,30,0.5200148049018942,2.7446468398958097,0.6331169450122034,0.17028290240912336,3.718030031524072,0.5428571428571428,1.091186792197311,-0.04897993042269444,0.1332249641418457
AAPL,1d,1,0.4,0.25,12,26,0.5017190996621774,2.3606058511662633,0.6099255230042638,0.1577798326983617,3.865674798694326,0.6,1.12045103718151,-0.04897993042269444,0.1464240550994873
AAPL,1d,1,0.4,0.25,20,50,0.4717551616675177,2.0669099000655278,0.5438182038597796,0.1571699208970386,3.4600653913673014,0.2,0.3666713820821368,-0.049016491673023466,0.16147255897521973
AAPL,1d,1,0.4,0.5,8,21,0.6857460805661465,2.079505052648097,0.7653346016339049,0.06007144511305822,12.740406031409721,0.7142857142857143,1.3271903599355437,-0.06977222142304718,0.16702485084533691
AAPL,1d,1,0.4,0.5,9,21,0.6814295892228855,2.299553588530654,0.7370129309580871,0.06386093596735597,11.540903993872384,0.6857142857142857,1.2250567936221441,-0.06977222142304718,0.11116862297058105
AAPL,1d,1,0.4,0.5,10,30,0.6382302086477795,2.131418687849178,0.6914618986712548,0.08363629402972896,8.267486103885368,0.5428571428571428,1.1147269280533116,-0.056144539231457125,0.09954690933227539
AAPL,1d,1,0.4,0.5,12,26,0.6199749109831237,1.7387015786030156,0.671895637277585,0.07457550115062968,9.009602710151038,0.6,1.1533631520010414,-0.056144539231457125,0.1043553352355957
AAPL,1d,1,0.4,0.5,20,50,0.5278488787031784,1.473287576775093,0.5721771020029539,0.09035405386156303,6.332611294669982,0.2,0.36613212406314083,-0.049016491673023466,0.11188817024230957
AAPL,1d,1,0.4,0.75,8,21,0.8517386929542556,1.5212043141745606,0.8906175855241351,0.0436950614520461,20.38256855415019,0.7142857142857143,1.3623539245449345,-0.09351131452015615,0.11122870445251465
AAPL,1d,1,0.4,0.75,9,21,0.8410577481713517,1.7383126802482516,0.8621107911354766,0.042819739967769194,20.13348964249655,0.6857142857142857,1.2647284571771233,-0.09351131452015615,0.10491824150085449
AAPL,1d,1,0.4,0.75,10,30,0.7784778730874787,1.5966215855497001,0.8017440578108047,0.05001201660717449,16.031028384802028,0.5428571428571428,1.1249014053444137,-0.06330914804022014,0.11568331718444824
AAPL,1d,1,0.4,0.75,12,26,0.7594390986285506,1.2102892789241664,0.783381129397225,0.044587046848898415,17.569702071815495,0.6,1.1697395253977354,-0.06330914804022014,0.11189103126525879
AAPL,1d,1,0.4,0.75,20,50,0.6234505198405675,0.9788720843995793,0.6523803073596393,0.06484988429468698,10.059853066123164,0.2,0.3657412693458223,-0.049016491673023466,0.12056636810302734
AAPL,1d,1,0.4,1.0,8,21,0.9942038714611865,1.0428627477280878,1.0067333101500713,0.04808551596870776,20.936310859286927,0.7142857142857143,1.3887505690779038,-0.11725040761726468,0.1142580509185791
AAPL,1d,1,0.4,1.0,9,21,0.9787930373814695,1.250322527784602,0.9774272205964122,0.043305392549454355,22.57056599776112,0.6857142857142857,1.2949898500644987,-0.11725040761726468,0.10965085029602051
AAPL,1d,1,0.4,1.0,10,30,0.901278678197843,1.1352455346517782,0.9051228709633495,0.0386078304380432,23.44402316042768,0.5428571428571428,1.1311407063059202,-0.07047375684898272,0.10372090339660645
AAPL,1d,1,0.4,1.0,12,26,0.8814291506094841,0.7667310836928527,0.8873595043460968,0.03802952342544633,23.3334374038552,0.6,1.1806743920890046,-0.07047375684898272,0.11693716049194336
AAPL,1d,1,0.4,1.0,20,50,0.7124814194558204,0.5704008466108632,0.731553112603968,0.05369501797658281,13.624226979922218,0.2,0.3654451832568258,-0.049016491673023466,0.10719585418701172
AAPL,1d,1,0.55,0.0,8,21,0.8652106051262975,3.2126670710740743,1.27583161933737,0.4116095859024364,3.099615905543511,0.2857142857142857,0.2586507919122331,-0.060477932438101734,0.11631202697753906
AAPL,1d,1,0.55,0.0,9,21,0.8919286528357622,3.461562970668327,1.1854520451157629,0.42342664420910814,2.7996633214473166,0.22857142857142856,0.1828216642945852,-0.060477932438101734,0.10767245292663574
AAPL,1d,1,0.55,0.0,10,30,0.8875242488884539,3.5339864489740664,1.0550216845048304,0.44202677903959103,2.3867822822796336,0.14285714285714285,0.11079424047828483,-0.06493155084535063,0.1068265438079834
AAPL,1d,1,0.55,0.0,12,26,0.8361416613070882,3.080426642082222,1.0252107594063267,0.43808003682053404,2.3402361971274197,0.2,0.1299289087297333,-0.07931439598769818,0.11129522323608398
AAPL,1d,1,0.55,0.0,20,50,0.717290718295863,2.495333430095538,0.7907817876824471,0.3189762592287632,2.479124275876954,0.08571428571428572,0.13473810372183914,-0.049016491673023466,0.10708117485046387
AAPL,1d,1,0.55,0.25,8,21,0.5239959185601379,2.4792109035452925,0.7019155109445878,0.1375574526574008,5.102707976810035,0.6571428571428571,1.234769929944718,-0.059436377477557145,0.1041867733001709
AAPL,1d,1,0.55,0.25,9,21,0.5311408951520922,2.7379572090685587,0.6730809892230983,0.14352284143041702,4.689713376037239,0.6285714285714286,1.1924858102303257,-0.06629288502941855,0.11363649368286133
AAPL,1d,1,0.55,0.25,10,30,0.5242361960973096,2.837680409487244,0.6246915961101392,0.16632895246560683,3.7557598172171,0.5142857142857142,1.0968444677369682,-0.05805908060031928,0.11204171180725098
AAPL,1d,1,0.55,0.25,12,26,0.501571038114736,2.349548407023504,0.6141608054505439,0.16166455721586248,3.7989823869092474,0.5714285714285714,1.124414222275558,-0.05805908060031928,0.11426711082458496
AAPL,1d,1,0.55,0.25,20,50,0.4536265422174592,1.7842596402500872,0.5307854293566759,0.153915103719449,3.4485597353991513,0.2,0.3666713820821368,-0.049016491673023466,0.10906291007995605
AAPL,1d,1,0.55,0.5,8,21,0.6854963727538498,1.8428337415079623,0.7712292432208343,0.0626876127170217,12.302737491412252,0.7142857142857143,1.2871218178842316,-0.08178000953918019,0.1208200454711914
AAPL,1d,1,0.55,0.5,9,21,0.6807778655314308,2.0988740280943112,0.7427528914258709,0.06605869565410899,11.243832232398463,0.6857142857142857,1.2401285491001357,-0.08178000953918019,0.1064906120300293
AAPL,1d,1,0.55,0.5,10,30,0.6407428820885549,2.2191497134243994,0.6888665914775073,0.08259845088044204,8.339945654363593,0.5428571428571428,1.1178167318445442,-0.0670387930399523,0.10626101493835449
AAPL,1d,1,0.55,0.5,12,26,0.6196953592412003,1.7205047868205865,0.6775545174270048,0.07581473587589636,8.936976560020153,0.6,1.1557190314959866,-0.0670387930399523,0.10324406623840332
AAPL,1d,1,0.55,0.5,20,50,0.5150192852697479,1.1999559146854977,0.5629610106768109,0.0849109281403408,6.63001833811484,0.2,0.36613212406314083,-0.049016491673023466,0.09500956535339355
AAPL,1d,1,0.55,0.75,8,21,0.8556577669947814,1.2985915290041703,0.896852958179789,0.04646540557359965,19.30152006871443,0.7142857142857143,1.3270222159928962,-0.1115229966943555,0.10082268714904785
AAPL,1d,1,0.55,0.75,9,21,0.8443050905948773,1.5428017119224537,0.8665392918596563,0.0445280533465691,19.460524921564385,0.6857142857142857,1.2757715989690046,-0.1115229966943555,0.10165596008300781
AAPL,1d,1,0.55,0.75,10,30,0.7806521069419204,1.6766163471904334,0.8026779270201259,0.050642710683251074,15.849821547676225,0.5428571428571428,1.1267339766948887,-0.07601850547958577,0.10016894340515137
AAPL,1d,1,0.55,0.75,12,26,0.7594536707885737,1.1867021141338947,0.7905251064403968,0.04531831606460247,17.443832319662587,0.6,1.1710846018334802,-0.07601850547958577,0.09911656379699707
AAPL,1d,1,0.55,0.75,20,50,0.6131803189630121,0.7237469424403489,0.6453470211539416,0.059362168509232316,10.871351861978793,0.2,0.3657412693458223,-0.049016491673023466,0.11389708518981934
AAPL,1d,1,0.55,1.0,8,21,1.0009861225797088,0.839393323308882,1.0133757402267043,0.05173462489237472,19.587959559673312,0.7142857142857143,1.358571760285808,-0.14126598384953093,0.12189245223999023
AAPL,1d,1,0.55,1.0,9,21,0.9849411779071102,1.065582287176643,0.981193653417952,0.04439677039945123,22.100563725465943,0.6857142857142857,1.303915571088665,-0.14126598384953093,0.10332536697387695
AAPL,1d,1,0.55,1.0,10,30,0.9033486113939957,1.2063081030379328,0.9085351364011618,0.03967771803958572,22.897867651933343,0.5428571428571428,1.1323299307982082,-0.08499821791921858,0.12282371520996094
AAPL,1d,1,0.55,1.0,12,26,0.8817060597667848,0.7396725698039002,0.8957362655648764,0.039601538451188495,22.618723933387848,0.6,1.1814868089999562,-0.08499821791921858,0.1173849105834961
AAPL,1d,1,0.55,1.0,20,50,0.7038257748377891,0.338884218908142,0.7260273330619903,0.04928177391607005,14.732167196303859,0.2,0.3654451832568258,-0.049016491673023466,0.10926508903503418
AAPL,1d,1,0.7,0.0,8,21,0.969518685087438,4.11819263366375,1.2981122878961195,0.39706770219615567,3.269246732273476,0.2571428571428571,0.17239205107314573,-0.09347567599478224,0.10439372062683105
AAPL,1d,1,0.7,0.0,9,21,0.8914433920557382,3.4261893475477976,1.2176333470881084,0.41802186532702607,2.9128460687948268,0.2,0.09845870804867088,-0.0858598721360685,0.11544966697692871
AAPL,1d,1,0.7,0.0,10,30,0.8293311758126344,3.0172043205515564,1.0485596806628839,0.41506307297267164,2.526265883286424,0.14285714285714285,0.11079424047828483,-0.06493155084535063,0.10597944259643555
AAPL,1d,1,0.7,0.0,12,26,0.8314984646382798,3.0291922758556877,1.0463021744496304,0.4153345688922852,2.519179121642011,0.2,0.1299289087297333,-0.07931439598769818,0.11595678329467773
AAPL,1d,1,0.7,0.0,20,50,0.7155465018714202,2.4893055699012727,0.793960996535863,0.3058525627065229,2.5958945366029145,0.08571428571428572,0.13473810372183914,-0.049016491673023466,0.10343766212463379
AAPL,1d,1,0.7,0.25,8,21,0.5587149248540355,3.435287336668412,0.7108615762834376,0.1350604107665079,5.263286052878762,0.6571428571428571,1.2259997069820892,-0.059436377477557145,0.1145472526550293
AAPL,1d,1,0.7,0.25,9,21,0.5313978316620219,2.7112854763023253,0.6862763506511129,0.14230988493787555,4.82240816195377,0.6285714285714286,1.1830827829818884,-0.06629288502941855,0.1255054473876953
AAPL,1d,1,0.7,0.25,10,30,0.5000907817516731,2.2940770891607176,0.6219705475114996,0.15595256599251006,3.9882033588429127,0.5142857142857142,1.0968444677369682,-0.05805908060031928,0.12273812294006348
AAPL,1d,1,0.7,0.25,12,26,0.5003733478337324,2.295617529351251,0.621876500629817,0.1555623944322803,3.997601752655803,0.5714285714285714,1.124414222275558,-0.05805908060031928,0.12186241149902344
AAPL,1d,1,0.7,0.25,20,50,0.45327586883128096,1.7745080261240314,0.5315766272999166,0.14661133386517541,3.625753980171529,0.2,0.3666713820821368,-0.049016491673023466,0.1099843978881836
AAPL,1d,1,0.7,0.5,8,21,0.7069774561669904,2.806253841766617,0.7777928130603845,0.06032687950427587,12.892972742030455,0.7142857142857143,1.287846200444972,-0.08178000953918019,0.10817503929138184
AAPL,1d,1,0.7,0.5,9,21,0.6846555270597781,2.081747176411227,0.7517922671009953,0.06400826849376774,11.745236745065126,0.6857142857142857,1.2405044935700138,-0.08178000953918019,0.10747790336608887
AAPL,1d,1,0.7,0.5,10,30,0.6224821721760028,1.6752795634294504,0.6871860909940565,0.07488266766269629,9.176837744208552,0.5428571428571428,1.1178167318445442,-0.0670387930399523,0.10661935806274414
AAPL,1d,1,0.7,0.5,12,26,0.6224951660700835,1.6667287503440487,0.6823905128679718,0.07229150416277666,9.439428889616865,0.6,1.1557190314959866,-0.0670387930399523,0.10343074798583984
AAPL,1d,1,0.7,0.5,20,50,0.5141051207658155,1.1871438012971218,0.5635663595709213,0.07833042346660618,7.194731429112991,0.2,0.36613212406314083,-0.049016491673023466,0.1040644645690918
AAPL,1d,1,0.7,0.75,8,21,0.8723398265849519,2.235671933109245,0.9033259308601886,0.04471548802143112,20.20163417264383,0.7142857142857143,1.3338126982765517,-0.1115229966943555,0.10574650764465332
AAPL,1d,1,0.7,0.75,9,21,0.8511539843621977,1.5346890804081514,0.8744876569382637,0.04323287109686192,20.227378722523447,0.6857142857142857,1.2823258819241032,-0.1115229966943555,0.10365128517150879
AAPL,1d,1,0.7,0.75,10,30,0.7655487480462485,1.1523758480752404,0.8022446147668558,0.04542299050433611,17.661642394290904,0.5428571428571428,1.1267339766948887,-0.07601850547958577,0.10050034523010254
AAPL,1d,1,0.7,0.75,12,26,0.7657067264901025,1.1352444167831655,0.7947685596641528,0.043763357419187396,18.16059385141457,0.6,1.1710846018334802,-0.07601850547958577,0.10300803184509277
AAPL,1d,1,0.7,0.75,20,50,0.6122630485723596,0.7087631261925638,0.6463972599446929,0.05348750105238773,12.085015138613157,0.2,0.3657412693458223,-0.049016491673023466,0.09966278076171875
AAPL,1d,1,0.7,1.0,8,21,1.015022709472436,1.7253007425090048,1.0201157434702965,0.050681510005662164,20.1279666560118,0.7142857142857143,1.36989458547822,-0.14126598384953093,0.10847663879394531
AAPL,1d,1,0.7,1.0,9,21,0.9941045520186084,1.065183695723237,0.9887175995730708,0.04471484891067928,22.111616692434684,0.6857142857142857,1.3150631259986392,-0.14126598384953093,0.10444784164428711
AAPL,1d,1,0.7,1.0,10,30,0.8903655941948155,0.7157015250731265,0.9091103729696254,0.037891233152405945,23.992630942176145,0.5428571428571428,1.1323299307982082,-0.08499821791921858,0.1069188117980957
AAPL,1d,1,0.7,1.0,12,26,0.8906791412773538,0.6920517665789314,0.8998192169067096,0.0401676978923548,22.401563049944517,0.6,1.1814868089999562,-0.08499821791921858,0.10544824600219727
AAPL,1d,1,0.7,1.0,20,50,0.7029956456062063,0.32266572896067336,0.727514896693607,0.04461379222483266,16.306950393888776,0.2,0.3654451832568258,-0.049016491673023466,0.10938405990600586
AAPL,1d,1,0.85,0.0,8,21,1.0019779325154503,4.486421028428182,1.318682565054925,0.39241684873138033,3.3604127073493677,0.2571428571428571,0.2051819730197493,-0.08271577686005749,0.10776066780090332
AAPL,1d,1,0.85,0.0,9,21,0.9822596369650041,4.290473151717774,1.259552656831038,0.42502058188907693,2.9635097934145684,0.22857142857142856,0.07398102087854748,-0.09347567599478224,0.10048484802246094
AAPL,1d,1,0.85,0.0,10,30,0.7903263306245297,2.726696343093443,1.0378653903402664,0.404210418372461,2.5676364169909194,0.14285714285714285,0.16763689269882687,-0.06374709350175822,0.09990787506103516
AAPL,1d,1,0.85,0.0,12,26,0.8394710692955367,3.0769692651949283,1.0687907165578852,0.40471205378678554,2.640867022757262,0.2,0.18856297015614187,-0.06493155084535063,0.10256671905517578
AAPL,1d,1,0.85,0.0,20,50,0.6899174904014018,2.3209249720755913,0.7862151121374219,0.30338665953169025,2.591462371321893,0.08571428571428572,0.1766246979121254,-0.027265621972013876,0.09752678871154785
AAPL,1d,1,0.85,0.25,8,21,0.5738929917828962,3.8333169437380255,0.7188633528217198,0.1322224065978479,5.436774078754517,0.6857142857142857,1.1863474604152262,-0.060102131169300965,0.10225081443786621
AAPL,1d,1,0.85,0.25,9,21,0.5641807242034744,3.6346593122138,0.7039368314491705,0.1478032858230265,4.762660231329601,0.6571428571428571,1.1353221594003238,-0.06373016045670954,0.1031186580657959
AAPL,1d,1,0.85,0.25,10,30,0.4882706241635982,1.9993192932273267,0.6156743573461335,0.14992919676965136,4.106434040942973,0.5142857142857142,1.1605684134996852,-0.06583922621623262,0.10927200317382812
AAPL,1d,1,0.85,0.25,12,26,0.5046193209857188,2.3519433739495037,0.6280775491303439,0.15075646080466004,4.166173348578168,0.5714285714285714,1.1968601473091776,-0.06583922621623262,0.11097288131713867
AAPL,1d,1,0.85,0.25,20,50,0.44210079877722214,1.605745501286656,0.5283015426139717,0.1428368955547668,3.69863500996778,0.2,0.4089960919485689,-0.027265621972013876,0.10782980918884277
AAPL,1d,1,0.85,0.5,8,21,0.725606129253712,3.2151726872254773,0.7861969624270364,0.05816721072410466,13.51615373403549,0.7142857142857143,1.2467674200941572,-0.0681636568192473,0.11374664306640625
AAPL,1d,1,0.85,0.5,9,21,0.7057195920448329,3.020533765105472,0.7652534610877624,0.06551104312876364,11.681289513031215,0.6857142857142857,1.196388954459465,-0.07265580935022897,0.10704779624938965
AAPL,1d,1,0.85,0.5,10,30,0.6243807398045954,1.3906697112086737,0.687340788676478,0.07471623485781637,9.199349913502399,0.5428571428571428,1.181011026991526,-0.07474476896121673,0.10875988006591797
AAPL,1d,1,0.85,0.5,12,26,0.6302581552007914,1.7283725360822135,0.6899827784320466,0.0723654141542961,9.534703649465461,0.6,1.2340290316773934,-0.07474476896121673,0.10626029968261719
AAPL,1d,1,0.85,0.5,20,50,0.5132095020614298,1.026147216773977,0.5633059339820529,0.07448527192488703,7.562648553530231,0.2,0.4083912489898222,-0.027265621972013876,0.09683442115783691
AAPL,1d,1,0.85,0.75,8,21,0.8948388490658994,2.640148819009432,0.913486709518784,0.04258109483913464,21.452870410444067,0.7142857142857143,1.2950972022769374,-0.07622518246919385,0.10445833206176758
AAPL,1d,1,0.85,0.75,9,21,0.867770906346508,2.4547133926689626,0.8873789080871743,0.04377939903559086,20.269325930348465,0.6857142857142857,1.2424150084184926,-0.0815814582437483,0.11151862144470215
AAPL,1d,1,0.85,0.75,10,30,0.775808843570347,0.8874912239239223,0.8070114263021176,0.04775484461478626,16.89904831251914,0.5428571428571428,1.1897756945515066,-0.08365031170620107,0.11041259765625
AAPL,1d,1,0.85,0.75,12,26,0.7763468115739357,1.1991101674443883,0.8048362759315824,0.04436486450236799,18.141299087899252,0.6,1.251266168226272,-0.08365031170620107,0.11306333541870117
AAPL,1d,1,0.85,0.75,20,50,0.6171334124774533,0.5607607984987355,0.6482441610209881,0.051296458671087786,12.63721079027153,0.2,0.4079517839227011,-0.027265621972013876,0.11212491989135742
AAPL,1d,1,0.85,1.0,8,21,1.040753481683556,2.113501644351426,1.0318769307745193,0.04846060291373541,21.293109634053884,0.7142857142857143,1.3337713997748881,-0.08428670811914019,0.10953783988952637
AAPL,1d,1,0.85,1.0,9,21,1.0081894834045362,1.9410069163255739,1.001701653132495,0.046496758854309164,21.543472659485396,0.6857142857142857,1.2787471199246496,-0.0905071071372674,0.11363768577575684
AAPL,1d,1,0.85,1.0,10,30,0.9066124801356298,0.4762610822458102,0.9172913326332542,0.039110715460429976,23.453708832335682,0.5428571428571428,1.1953079176595405,-0.09255585445118497,0.1116023063659668
AAPL,1d,1,0.85,1.0,12,26,0.9035505197439313,0.755447605405519,0.9120046253435132,0.037253728501626546,24.480895255992806,0.6,1.2626124696529664,-0.09255585445118497,0.10190558433532715
AAPL,1d,1,0.85,1.0,20,50,0.7118398544357103,0.1906101620184859,0.7309119238210919,0.0451115801008748,16.202312625420944,0.2,0.4076182559577354,-0.027265621972013876,0.09805107116699219
AAPL,1d,1,1.0,0.0,8,21,1.0535235218343686,5.0477601138914485,1.3226261439552829,0.39684095111515094,3.332887244218649,0.2857142857142857,0.1942893072441076,-0.08271577686005749,0.10433483123779297
AAPL,1d,1,1.0,0.0,9,21,1.0397057004809969,4.949567176861469,1.3130509691718522,0.4139312255376441,3.1721476616468487,0.2571428571428571,0.09713526880076001,-0.09347567599478224,0.10943150520324707
AAPL,1d,1,1.0,0.0,10,30,0.8035335040555169,2.8284466971558637,1.0286864358667995,0.3745194726746268,2.7466834461782357,0.14285714285714285,0.17107646534464363,-0.06374709350175822,0.10808944702148438
AAPL,1d,1,1.0,0.0,12,26,0.8362940281857771,3.0565735245384014,1.0997813681242368,0.3845919900952326,2.8596054947787892,0.2,0.19200254280195864,-0.06493155084535063,0.11147904396057129
AAPL,1d,1,1.0,0.0,20,50,0.7073750247855218,2.4401902835566625,0.7827119341270763,0.3006041636020532,2.603796051086134,0.08571428571428572,0.1766246979121254,-0.027265621972013876,0.10973143577575684
AAPL,1d,1,1.0,0.25,8,21,0.5913424232003129,4.463620499327352,0.7207752715801768,0.13493694204196888,5.34157111220141,0.6857142857142857,1.1858339442836114,-0.06058481835679119,0.10356545448303223
AAPL,1d,1,1.0,0.25,9,21,0.5867972551666878,4.371566167140043,0.7257618953637098,0.1489947218610308,4.8710577549225995,0.6571428571428571,1.1386984529211526,-0.059436377477557145,0.10230612754821777
AAPL,1d,1,1.0,0.25,10,30,0.4937079700998353,2.1001728504333697,0.6110867758616497,0.13960917347421503,4.377124802436523,0.5142857142857142,1.1615643488476142,-0.06155511552414694,0.10158610343933105
AAPL,1d,1,1.0,0.25,12,26,0.5049497049084012,2.3309556487503524,0.6420323051136022,0.14651702912745793,4.381963713959053,0.5714285714285714,1.1978560826571067,-0.06155511552414694,0.10036158561706543
AAPL,1d,1,1.0,0.25,20,50,0.4505724949603444,1.7220176573722368,0.5262298946341877,0.14062779698187844,3.7420048235698284,0.2,0.4089960919485689,-0.027265621972013876,0.10437178611755371
AAPL,1d,1,1.0,0.5,8,21,0.736826638639108,3.888480051413052,0.7930652329403045,0.06002344673941274,13.212590679494587,0.7142857142857143,1.2464076825335781,-0.06874284282539855,0.10711216926574707
AAPL,1d,1,1.0,0.5,9,21,0.724768770843127,3.804518473993318,0.7803798735180659,0.06413157587746834,12.16841879901848,0.6857142857142857,1.198410115962829,-0.06750361331223798,0.11118221282958984
AAPL,1d,1,1.0,0.5,10,30,0.6282383921258161,1.4857403500186401,0.6869853048802349,0.07067959347764242,9.719712169786943,0.5428571428571428,1.181630312880956,-0.06960417889384551,0.10172772407531738
AAPL,1d,1,1.0,0.5,12,26,0.6353328325050193,1.7078990540880001,0.7000815538451075,0.07035844042266977,9.950214212245934,0.6,1.2346483175668235,-0.06960417889384551,0.10412406921386719
AAPL,1d,1,1.0,0.5,20,50,0.5185417546452978,1.135741563299585,0.5619286198818357,0.07323131973353812,7.673337336080896,0.2,0.4083912489898222,-0.027265621972013876,0.09572649002075195
AAPL,1d,1,1.0,0.75,8,21,0.9037800049987543,3.3333324644324582,0.9241226201221485,0.042176421105568435,21.910882808407354,0.7142857142857143,1.2948088858040576,-0.07690086729400603,0.1020514965057373
AAPL,1d,1,1.0,0.75,9,21,0.8866108072737765,3.258722963621035,0.9006306628641305,0.04161029597032222,21.64441857146339,0.6857142857142857,1.2439470425458015,-0.07557084914691858,0.10283946990966797
AAPL,1d,1,1.0,0.75,10,30,0.7790539867856878,0.9738250480378212,0.8097131684421071,0.04661406173457591,17.370577424740986,0.5428571428571428,1.1902602846241273,-0.07765324226354442,0.10034680366516113
AAPL,1d,1,1.0,0.75,12,26,0.7844588587532014,1.1799337561706156,0.8140027942976099,0.04500961897995706,18.085085205011136,0.6,1.251750758298893,-0.07765324226354442,0.10083961486816406
AAPL,1d,1,1.0,0.75,20,50,0.6212886558499731,0.6612906734333222,0.6473410398390073,0.05073491645145014,12.759280691010273,0.2,0.4079517839227011,-0.027265621972013876,0.09732270240783691
AAPL,1d,1,1.0,1.0,8,21,1.0484149307065957,2.8066892127893004,1.0453798799559255,0.045959757088969655,22.745548413849576,0.7142857142857143,1.3335290811700669,-0.08505889176261339,0.11124873161315918
AAPL,1d,1,1.0,1.0,9,21,1.0273956323077658,2.7420692635932182,1.014154952672426,0.0454208326758374,22.3279691922497,0.6857142857142857,1.2800066346635979,-0.08363808498159964,0.10799026489257812
AAPL,1d,1,1.0,1.0,10,30,0.9094963434340951,0.552370932053732,0.9222411060143031,0.0385698288293441,23.91094630196175,0.5428571428571428,1.1957164648335181,-0.08570230563324321,0.1004631519317627
AAPL,1d,1,1.0,1.0,12,26,0.913914355092746,0.7380701025963907,0.9208432236959491,0.040179414755297856,22.918283636138113,0.6,1.263021016826944,-0.08570230563324321,0.10082793235778809
AAPL,1d,1,1.0,1.0,20,50,0.715347572140143,0.2807282126248607,0.7303319859943624,0.045070248515718433,16.20430350499745,0.2,0.4076182559577354,-0.027265621972013876,0.1094973087310791
AAPL,1d,2,0.0,0.0,8,21,0.8785656109206862,3.4362591009530465,1.1215759946517476,0.40972241818779825,2.737404508185022,0.2,0.24845079578085283,-0.06158954962457619,0.10875463485717773
AAPL,1d,2,0.0,0.0,9,21,0.7117871038825797,2.2265595534701443,1.0278201796293014,0.36079992384168474,2.8487261546105485,0.17142857142857143,0.14791294095088836,-0.05370586714659209,0.11443233489990234
AAPL,1d,2,0.0,0.0,10,30,0.8717416640264134,3.470882499376775,0.9780674947783711,0.3347240116944924,2.922011748804767,0.14285714285714285,0.2588146413324043,-0.0676968556486175,0.10579442977905273
AAPL,1d,2,0.0,0.0,12,26,0.8115060080292804,2.9555544915995906,0.9277945700335047,0.35900996981312805,2.58431421978738,0.17142857142857143,0.24820532384487798,-0.06628361828558016,0.10792946815490723
AAPL,1d,2,0.0,0.0,20,50,0.7276702912150467,2.6147013430188806,0.7899871838993909,0.32162166796823194,2.4562623186738204,0.08571428571428572,0.13473810372183914,-0.049016491673023466,0.10556435585021973
AAPL,1d,2,0.0,0.25,8,21,0.5285316067076877,2.712016938089157,0.653159752841206,0.14454087481550762,4.518858445231502,0.6571428571428571,1.2627840829501966,-0.052518230207986516,0.11433243751525879
AAPL,1d,2,0.0,0.25,9,21,0.46646195820177944,1.4943326132967791,0.6075341379028003,0.13188427338331488,4.6065700050303455,0.6571428571428571,1.147901784173053,-0.04897993042269444,0.1100015640258789
AAPL,1d,2,0.0,0.25,10,30,0.5183752711839283,2.77005406107697,0.5948646554727862,0.13014345575453626,4.570838018891716,0.5142857142857142,1.102764215986139,-0.060073325356510776,0.10689234733581543
AAPL,1d,2,0.0,0.25,12,26,0.4939228141237504,2.2307381913465156,0.575220654012865,0.14418388921816386,3.9894932584492975,0.5714285714285714,1.1210681046961253,-0.060073325356510776,0.10765600204467773
AAPL,1d,2,0.0,0.25,20,50,0.45915500030142753,1.9058718978301292,0.5349507986321285,0.16613493427344941,3.2199777907735374,0.2,0.3666713820821368,-0.049016491673023466,0.11143851280212402
AAPL,1d,2,0.0,0.5,8,21,0.6753304234957261,2.0736222780649776,0.7219915312552501,0.06785410405480864,10.640351697401632,0.6857142857142857,1.3132412699558185,-0.058760639537580595,0.10684871673583984
AAPL,1d,2,0.0,0.5,9,21,0.6264557240905632,0.9061895252936936,0.6795700131722813,0.06305042545026497,10.7781986928595,0.6571428571428571,1.200863765664239,-0.056144539231457125,0.10886788368225098
AAPL,1d,2,0.0,0.5,10,30,0.6278228288745337,2.149068948778035,0.6574426902314199,0.06341484454217923,10.367331103273996,0.5428571428571428,1.1205282896476911,-0.06715436091839466,0.11198616027832031
AAPL,1d,2,0.0,0.5,12,26,0.6122000949164265,1.6122031117417648,0.6452786012786811,0.07463126738839868,8.646223276907511,0.6,1.153502695351364,-0.06715436091839466,0.10076093673706055
AAPL,1d,2,0.0,0.5,20,50,0.506904034075066,1.3159147495600547,0.5630794790893634,0.09771052431326027,5.76273111874959,0.2,0.36613212406314083,-0.049016491673023466,0.09933614730834961
AAPL,1d,2,0.0,0.75,8,21,0.8356010645169782,1.5191597009326636,0.8410363775169907,0.044661904354440445,18.831180391289603,0.6857142857142857,1.3435058656452612,-0.06500304886717467,0.11081600189208984
AAPL,1d,2,0.0,0.75,9,21,0.7894810538196682,0.4402114573688669,0.7985856256798712,0.04280154768862885,18.65786796985457,0.6571428571428571,1.2351113875508184,-0.06330914804022014,0.11102128028869629
AAPL,1d,2,0.0,0.75,10,30,0.7616341266317435,1.6058050930466097,0.7671796584645458,0.0417309410518341,18.383952988542248,0.5428571428571428,1.1285801263180968,-0.07423539648027844,0.1086733341217041
AAPL,1d,2,0.0,0.75,12,26,0.7493967424929247,1.090941104045648,0.7577705180687352,0.04898987261821171,15.46790137574349,0.6,1.1695692396625534,-0.07423539648027844,0.10258007049560547
AAPL,1d,2,0.0,0.75,20,50,0.5951399555713891,0.8293055758598793,0.6418325138782276,0.07091713293683441,9.050457728598603,0.2,0.3657412693458223,-0.049016491673023466,0.10681653022766113
AAPL,1d,2,0.0,1.0,8,21,0.9736213531129383,1.0441310324067614,0.9513064715205168,0.042637233719899234,22.311636767291784,0.6857142857142857,1.3657525969608544,-0.07124545819676908,0.10818028450012207
AAPL,1d,2,0.0,1.0,9,21,0.9280662801727403,0.0758536044502982,0.9083131045833769,0.04091376655598644,22.200671828648193,0.6571428571428571,1.2610157473482044,-0.07047375684898272,0.10701417922973633
AAPL,1d,2,0.0,1.0,10,30,0.8795439409218566,1.136232619252172,0.8693656727537984,0.03784043109166701,22.97451819847911,0.5428571428571428,1.1337571545175953,-0.08131643204216188,0.10730481147766113
AAPL,1d,2,0.0,1.0,12,26,0.8692177167106003,0.6569115781210282,0.8614472432128235,0.04045882299666196,21.29195017076737,0.6,1.1803691914770509,-0.08131643204216188,0.1495213508605957
AAPL,1d,2,0.0,1.0,20,50,0.6784208370550041,0.4315958121452794,0.7196800268509423,0.058088077281699575,12.389462012330622,0.2,0.3654451832568258,-0.049016491673023466,0.10753011703491211
AAPL,1d,2,0.1,0.0,8,21,0.8332056942866094,3.0573964203252117,1.128737239190626,0.4192279108282294,2.6924191115059237,0.22857142857142856,0.26691709344958914,-0.04851655581860714,0.10441184043884277
AAPL,1d,2,0.1,0.0,9,21,0.7408053923596898,2.4017654855238937,1.040336712636237,0.3727929217814675,2.7906557551167404,0.2,0.16655915858705123,-0.04851655581860714,0.10891246795654297
AAPL,1d,2,0.1,0.0,10,30,0.8285701490244246,3.107725277958603,0.9875074430758485,0.3403425711082086,2.9015102044401027,0.14285714285714285,0.2588146413324043,-0.0676968556486175,0.10940074920654297
AAPL,1d,2,0.1,0.0,12,26,0.774371647500596,2.6810809357086756,0.9475451702792148,0.36727758478959105,2.5799155993199316,0.17142857142857143,0.24820532384487798,-0.06628361828558016,0.10795450210571289
AAPL,1d,2,0.1,0.0,20,50,0.7475250837065035,2.7695605516797026,0.8063235427110772,0.3114532122529602,2.588907453798186,0.08571428571428572,0.13473810372183914,-0.049016491673023466,0.10945510864257812
AAPL,1d,2,0.1,0.25,8,21,0.5136940197947947,2.3187558376198063,0.65627893349393,0.1452315371618044,4.5188458809931955,0.6571428571428571,1.267269982764363,-0.052518230207986516,0.10885190963745117
AAPL,1d,2,0.1,0.25,9,21,0.47571372935826084,1.6642882652768218,0.6140699276230659,0.13943697831418164,4.403924518784635,0.6571428571428571,1.1524720840444966,-0.04897993042269444,0.10913515090942383
AAPL,1d,2,0.1,0.25,10,30,0.503104457668796,2.39401246186006,0.5985337510847593,0.13103154886772686,4.567859849454763,0.5142857142857142,1.102764215986139,-0.060073325356510776,0.10747861862182617
AAPL,1d,2,0.1,0.25,12,26,0.4813092553537461,1.9520158132194747,0.5846719238437561,0.14789404217518087,3.953316274574541,0.5714285714285714,1.1210681046961253,-0.060073325356510776,0.1052243709564209
AAPL,1d,2,0.1,0.25,20,50,0.47004035815844697,2.066569272275874,0.5421352166314624,0.16089507403778047,3.36949542969949,0.2,0.3666713820821368,-0.049016491673023466,0.10002899169921875
AAPL,1d,2,0.1,0.5,8,21,0.6698677417616155,1.6857378366997482,0.7266321376037531,0.06752335470134269,10.761197230464383,0.6857142857142857,1.3158797494539864,-0.058760639537580595,0.10997939109802246
AAPL,1d,2,0.1,0.5,9,21,0.6316292573899286,1.062632849287791,0.6870094204423356,0.06823420018151488,10.068402921332273,0.6571428571428571,1.2035344059050883,-0.056144539231457125,0.10767316818237305
AAPL,1d,2,0.1,0.5,10,30,0.6224119623005854,1.778304849404035,0.6630348186703777,0.06414891035237812,10.3358703215416,0.5428571428571428,1.1205282896476911,-0.06715436091839466,0.110382080078125
AAPL,1d,2,0.1,0.5,12,26,0.608721672988589,1.3431835012413393,0.6526644470652518,0.07554718779775788,8.639162702024786,0.6,1.153502695351364,-0.06715436091839466,0.11387968063354492
AAPL,1d,2,0.1,0.5,20,50,0.5147633465678328,1.4748043108936435,0.5679630948304015,0.09402905446345089,6.040293588735053,0.2,0.36613212406314083,-0.049016491673023466,0.10571050643920898
AAPL,1d,2,0.1,0.75,8,21,0.8350521111839964,1.1509058719791914,0.8473673519738023,0.04295540766403684,19.726674662273915,0.6857142857142857,1.3454809563059176,-0.06500304886717467,0.10649585723876953
AAPL,1d,2,0.1,0.75,9,21,0.7933156797556353,0.578615387454845,0.8072327843539802,0.047231761475285065,17.090888824385267,0.6571428571428571,1.2371050059511077,-0.06330914804022014,0.11049580574035645
AAPL,1d,2,0.1,0.75,10,30,0.7615971218734635,1.2533136717708535,0.774595622796411,0.0421848792626288,18.361925797488727,0.5428571428571428,1.1285801263180968,-0.07423539648027844,0.11694741249084473
AAPL,1d,2,0.1,0.75,12,26,0.7509028803125087,0.840997802709458,0.7646520579274334,0.048793885180771976,15.671063189466146,0.6,1.1695692396625534,-0.07423539648027844,0.10237002372741699
AAPL,1d,2,0.1,0.75,20,50,0.601795062057432,0.980869623306825,0.645834275517268,0.0679641769645216,9.502568917363686,0.2,0.3657412693458223,-0.049016491673023466,0.09630036354064941
AAPL,1d,2,0.1,1.0,8,21,0.9764226893112298,0.7049967551724365,0.9590275404740887,0.0397432407253635,24.13058228193386,0.6857142857142857,1.3673730304424982,-0.07124545819676908,0.11325550079345703
AAPL,1d,2,0.1,1.0,9,21,0.9312240071859094,0.1944304868709057,0.9179975854435044,0.044815204206635324,20.484065657957796,0.6571428571428571,1.2626486832351238,-0.07047375684898272,0.11321115493774414
AAPL,1d,2,0.1,1.0,10,30,0.8832063195442904,0.8106718312074526,0.8782221821566546,0.03819650176443161,22.992215035106977,0.5428571428571428,1.1337571545175953,-0.08131643204216188,0.1150050163269043
AAPL,1d,2,0.1,1.0,12,26,0.874167479405355,0.43168901354224243,0.8681756249910595,0.040627281980207056,21.369276571689447,0.6,1.1803691914770509,-0.08131643204216188,0.10191226005554199
AAPL,1d,2,0.1,1.0,20,50,0.6843648232725443,0.5720971777682278,0.7231762803426894,0.05568891489637869,12.986000565611949,0.2,0.3654451832568258,-0.049016491673023466,0.10623455047607422
AAPL,1d,2,0.25,0.0,8,21,0.806113452749366,2.855763281423423,1.1683024878995112,0.3770000758726048,3.0989449675715766,0.22857142857142856,0.26691709344958914,-0.04851655581860714,0.11315441131591797
AAPL,1d,2,0.25,0.0,9,21,0.7566408393541872,2.4964131683853776,1.0890833254042502,0.3713354761539631,2.9328825155199945,0.2,0.16655915858705123,-0.04851655581860714,0.10956382751464844
AAPL,1d,2,0.25,0.0,10,30,0.8440654921772498,3.217163591753426,1.0113653708941848,0.3611680195038889,2.800262803676323,0.14285714285714285,0.2588146413324043,-0.0676968556486175,0.1043856143951416
AAPL,1d,2,0.25,0.0,12,26,0.809166576007482,2.9040512307018083,0.9465910048658056,0.3761452150967909,2.5165573477313163,0.17142857142857143,0.24820532384487798,-0.06628361828558016,0.11038517951965332
AAPL,1d,2,0.25,0.0,20,50,0.7368985549267554,2.654687200062194,0.8044369563640231,0.298832649785662,2.6919312763883276,0.08571428571428572,0.13473810372183914,-0.049016491673023466,0.11741495132446289
AAPL,1d,2,0.25,0.25,8,21,0.5051779608676695,2.108577899062513,0.6655673788401288,0.12786425265870333,5.205265467093986,0.6571428571428571,1.267269982764363,-0.052518230207986516,0.11276578903198242
AAPL,1d,2,0.25,0.25,9,21,0.4826584753991704,1.755106909647799,0.6351181734975448,0.13116327086789137,4.842195298234371,0.6571428571428571,1.1524720840444966,-0.04897993042269444,0.12801551818847656
AAPL,1d,2,0.25,0.25,10,30,0.5083075841087595,2.5066394055846053,0.6089516787381635,0.14154205577377663,4.302266739091572,0.5142857142857142,1.102764215986139,-0.060073325356510776,0.11519336700439453
AAPL,1d,2,0.25,0.25,12,26,0.4927021786856411,2.1768639117996296,0.5846415695937418,0.15191819319077796,3.848397333554069,0.5714285714285714,1.1210681046961253,-0.060073325356510776,0.10204005241394043
AAPL,1d,2,0.25,0.25,20,50,0.46269828005366664,1.9461060310723655,0.5392649847351026,0.15287843299188372,3.527410467137193,0.2,0.3666713820821368,-0.049016491673023466,0.1000986099243164
AAPL,1d,2,0.25,0.5,8,21,0.667287530831235,1.477732263357248,0.7327750209134226,0.053806580011612544,13.618687914289945,0.6857142857142857,1.3158797494539864,-0.058760639537580595,0.10299801826477051
AAPL,1d,2,0.25,0.5,9,21,0.6407551079803324,1.145331945349053,0.7049875613299688,0.06351294759652305,11.09990305927106,0.6571428571428571,1.2035344059050883,-0.056144539231457125,0.12369489669799805
AAPL,1d,2,0.25,0.5,10,30,0.6255798764429197,1.8889689788658104,0.6687537389035169,0.0701518123849561,9.532950271245303,0.5428571428571428,1.1205282896476911,-0.06715436091839466,0.10285115242004395
AAPL,1d,2,0.25,0.5,12,26,0.6157488330358863,1.5589783694225967,0.6538120352618761,0.07734968532402324,8.45267866990036,0.6,1.153502695351364,-0.06715436091839466,0.10364627838134766
AAPL,1d,2,0.25,0.5,20,50,0.5083227222266959,1.3545033115173406,0.5649299622350978,0.08740198601324539,6.463582671330663,0.2,0.36613212406314083,-0.049016491673023466,0.09667491912841797
AAPL,1d,2,0.25,0.75,8,21,0.8365336809808284,0.9529147906239899,0.8535885044338375,0.036059554069531895,23.671632288849274,0.6857142857142857,1.3454809563059176,-0.06500304886717467,0.10872602462768555
AAPL,1d,2,0.25,0.75,9,21,0.8045804034695896,0.6509953877119294,0.82505922783863,0.047359352380600225,17.421252326427467,0.6571428571428571,1.2371050059511077,-0.06330914804022014,0.10181593894958496
AAPL,1d,2,0.25,0.75,10,30,0.7641312396996774,1.3583325282790786,0.7788303339622403,0.045141188965766015,17.253208251844814,0.5428571428571428,1.1285801263180968,-0.07423539648027844,0.10195636749267578
AAPL,1d,2,0.25,0.75,12,26,0.7564081910027072,1.0405124984670326,0.7671286114001274,0.04931985670524385,15.554153289309207,0.6,1.1695692396625534,-0.07423539648027844,0.10198211669921875
AAPL,1d,2,0.25,0.75,20,50,0.5962615202766051,0.8650287884194057,0.6430823300779758,0.062233534020032295,10.333373159733698,0.2,0.3657412693458223,-0.049016491673023466,0.10007405281066895
AAPL,1d,2,0.25,1.0,8,21,0.9809305217830169,0.5223247330343581,0.9658053739179993,0.04100495524766901,23.55338197748434,0.6857142857142857,1.3673730304424982,-0.07124545819676908,0.11275005340576172
AAPL,1d,2,0.25,1.0,9,21,0.9442386883979411,0.25578056788739567,0.936104363009839,0.048809569329113,19.178705648842705,0.6571428571428571,1.2626486832351238,-0.07047375684898272,0.10417008399963379
AAPL,1d,2,0.25,1.0,10,30,0.885424554024001,0.9076008220993057,0.8817344773788021,0.038512163628560185,22.894960820246354,0.5428571428571428,1.1337571545175953,-0.08131643204216188,0.10518431663513184
AAPL,1d,2,0.25,1.0,12,26,0.8788568288009913,0.6106849114085662,0.8717349221655821,0.04024271932452633,21.66192883576569,0.6,1.1803691914770509,-0.08131643204216188,0.1034858226776123
AAPL,1d,2,0.25,1.0,20,50,0.6795428884929794,0.46375464367309926,0.7207101199183734,0.050810062486663,14.184397433235803,0.2,0.3654451832568258,-0.049016491673023466,0.09742212295532227
AAPL,1d,2,0.4,0.0,8,21,0.8264303000206507,2.995326095717522,1.160714956587333,0.394191508641288,2.944545813754646,0.22857142857142856,0.26691709344958914,-0.04851655581860714,0.10732674598693848
AAPL,1d,2,0.4,0.0,9,21,0.7866090442446599,2.730962169221533,1.0899738658146663,0.3858906942805895,2.8245663395607115,0.2,0.16655915858705123,-0.04851655581860714,0.10954689979553223
AAPL,1d,2,0.4,0.0,10,30,0.8671244703488751,3.4021225240700446,1.023439590554879,0.3687304104901701,2.77557684812157,0.14285714285714285,0.2588146413324043,-0.0676968556486175,0.10653328895568848
AAPL,1d,2,0.4,0.0,12,26,0.8626152265784784,3.313950837565651,0.9877118746161055,0.4077970563347818,2.4220672005176063,0.17142857142857143,0.24820532384487798,-0.06628361828558016,0.10481739044189453
AAPL,1d,2,0.4,0.0,20,50,0.7559184692719223,2.798114233636081,0.7938916227739864,0.30159245979652544,2.632332463847402,0.08571428571428572,0.13473810372183914,-0.049016491673023466,0.10069847106933594
AAPL,1d,2,0.4,0.25,8,21,0.5120172056540637,2.251876499387454,0.6604817935478955,0.13204209779180565,5.002054682509627,0.6571428571428571,1.267269982764363,-0.052518230207986516,0.11146354675292969
AAPL,1d,2,0.4,0.25,9,21,0.49623388666092166,1.9849506894544557,0.6378834884750653,0.13647467452509232,4.674006299665391,0.6571428571428571,1.1524720840444966,-0.04897993042269444,0.11004257202148438
AAPL,1d,2,0.4,0.25,10,30,0.5169659445778249,2.701825929287157,0.6186335892920907,0.1435925190769925,4.308257792736313,0.5142857142857142,1.102764215986139,-0.060073325356510776,0.11589527130126953
AAPL,1d,2,0.4,0.25,12,26,0.512375519595949,2.603111390762547,0.6063635154415505,0.16212752043072867,3.740040641037424,0.5714285714285714,1.1210681046961253,-0.060073325356510776,0.1198878288269043
AAPL,1d,2,0.4,0.25,20,50,0.4729810170375321,2.095184621615763,0.533613587617815,0.15337328492558128,3.479182100564197,0.2,0.3666713820821368,-0.049016491673023466,0.09925007820129395
AAPL,1d,2,0.4,0.5,8,21,0.6722120295382821,1.6177572012724046,0.7346665435661841,0.05708397485468622,12.86992619971475,0.6857142857142857,1.3158797494539864,-0.058760639537580595,0.11110758781433105
AAPL,1d,2,0.4,0.5,9,21,0.6537291923456828,1.3609482917539655,0.7106541152120871,0.0618947922105965,11.48164635231495,0.6571428571428571,1.2035344059050883,-0.056144539231457125,0.12140297889709473
AAPL,1d,2,0.4,0.5,10,30,0.6312563711675108,2.084939096196437,0.6774910558302372,0.07186461538854814,9.427324590374104,0.5428571428571428,1.1205282896476911,-0.06715436091839466,0.10183024406433105
AAPL,1d,2,0.4,0.5,12,26,0.6279523414420839,1.9803708201061991,0.669741846340665,0.08375984407974445,7.995977711026184,0.6,1.153502695351364,-0.06715436091839466,0.12280845642089844
AAPL,1d,2,0.4,0.5,20,50,0.5154721789253515,1.50214701525907,0.5605786088476848,0.08789527175093914,6.377801645987803,0.2,0.36613212406314083,-0.049016491673023466,0.09903120994567871
AAPL,1d,2,0.4,0.75,8,21,0.840646115708788,1.0847905404597298,0.8598494492829543,0.03773204801532321,22.788305817213107,0.6857142857142857,1.3454809563059176,-0.06500304886717467,0.10236096382141113
AAPL,1d,2,0.4,0.75,9,21,0.8185669769302999,0.846396565704298,0.8330920096398303,0.042757714665645305,19.484016303359585,0.6571428571428571,1.2371050059511077,-0.06330914804022014,0.10663795471191406
AAPL,1d,2,0.4,0.75,10,30,0.7687492569322266,1.5479226656969165,0.7873370444421763,0.04802525625764836,16.394228907769488,0.5428571428571428,1.1285801263180968,-0.07423539648027844,0.10364794731140137
AAPL,1d,2,0.4,0.75,12,26,0.7659184933151464,1.4416244299539227,0.7807233056146077,0.05526732257436744,14.126309530628522,0.6,1.1695692396625534,-0.07423539648027844,0.1030724048614502
AAPL,1d,2,0.4,0.75,20,50,0.6022560726040151,1.0060995801657224,0.6394907121126725,0.06304015939591724,10.144179809197766,0.2,0.3657412693458223,-0.049016491673023466,0.09985113143920898
AAPL,1d,2,0.4,1.0,8,21,0.9845358854937338,0.6429391568514029,0.9752116544287996,0.041315317125265205,23.60411881801669,0.6857142857142857,1.3673730304424982,-0.07124545819676908,0.10605549812316895
AAPL,1d,2,0.4,1.0,9,21,0.9593367038850741,0.427828530251569,0.9459972790006708,0.04530103521339142,20.88246492700513,0.6571428571428571,1.2626486832351238,-0.07047375684898272,0.10786199569702148
AAPL,1d,2,0.4,1.0,10,30,0.8894583515375849,1.0856815905503514,0.8901407595992419,0.042603777949009804,20.89347007358371,0.5428571428571428,1.1337571545175953,-0.08131643204216188,0.10133481025695801
AAPL,1d,2,0.4,1.0,12,26,0.8868969233982416,0.9810879758524036,0.88394453334888,0.04639710810199477,19.05171614156866,0.6,1.1803691914770509,-0.08131643204216188,0.11315321922302246
AAPL,1d,2,0.4,1.0,20,50,0.6848888925350339,0.5947513647696481,0.7176371726713187,0.05191142851805063,13.824261692620961,0.2,0.3654451832568258,-0.049016491673023466,0.10505056381225586
AAPL,1d,2,0.55,0.0,8,21,0.8213877233120473,2.925289273447759,1.1948537912355834,0.41093193130890054,2.907668400043128,0.2571428571428571,0.329541192717095,-0.05350605215444837,0.11065268516540527
AAPL,1d,2,0.55,0.0,9,21,0.81951934288202,2.9278920412893337,1.1284694116623633,0.4081001483005186,2.7651776564201977,0.22857142857142856,0.20295675914896552,-0.04907936816068581,0.11836695671081543
AAPL,1d,2,0.55,0.0,10,30,0.8441351497479835,3.230021806085288,1.004296435460684,0.3712446894495644,2.7052142805052113,0.14285714285714285,0.2149716312890575,-0.0763209583623835,0.10725712776184082
AAPL,1d,2,0.55,0.0,12,26,0.8053227443049839,2.8836454787158985,0.9918800063007058,0.42328270654488737,2.343303874606843,0.17142857142857143,0.18439333924738374,-0.07492079389763229,0.1061086654663086
AAPL,1d,2,0.55,0.0,20,50,0.7147311679053467,2.4785534663347706,0.7945714664447321,0.29963217202811393,2.651822936991489,0.08571428571428572,0.13473810372183914,-0.049016491673023466,0.10446739196777344
AAPL,1d,2,0.55,0.25,8,21,0.5110086807060001,2.1866094969444942,0.6752023406209177,0.13689062606613325,4.932422036661009,0.6857142857142857,1.2454623079549743,-0.06155511552414694,0.10898184776306152
AAPL,1d,2,0.55,0.25,9,21,0.5072618735976377,2.1872094283549046,0.6546871726306694,0.13989667259343921,4.679790880611499,0.6571428571428571,1.19885800589777,-0.05805908060031928,0.1041707992553711
AAPL,1d,2,0.55,0.25,10,30,0.5089588500120898,2.5113099054554238,0.605690021622763,0.1417840044046431,4.271920687852488,0.5142857142857142,1.1012364621072397,-0.06904656967388556,0.10226655006408691
AAPL,1d,2,0.55,0.25,12,26,0.49103617259942567,2.14257443421124,0.6060248447142466,0.16592833944967803,3.6523287506173046,0.5714285714285714,1.1181959566657373,-0.06904656967388556,0.10938549041748047
AAPL,1d,2,0.55,0.25,20,50,0.45144695835265436,1.773265941221887,0.5310043360561865,0.1506283840691414,3.525260788912434,0.2,0.3666713820821368,-0.049016491673023466,0.09740066528320312
AAPL,1d,2,0.55,0.5,8,21,0.6765348191907001,1.5598571052194834,0.7464779591111199,0.0586930275155055,12.718341355179126,0.7142857142857143,1.292865160924393,-0.06960417889384551,0.1049497127532959
AAPL,1d,2,0.55,0.5,9,21,0.6647429263158926,1.558294112801947,0.7215708635524203,0.063764362385277,11.316209188959583,0.6857142857142857,1.242875368782737,-0.0670387930399523,0.11352109909057617
AAPL,1d,2,0.55,0.5,10,30,0.625422044238536,1.8859486832037593,0.6727335985679128,0.06889987411715179,9.763930735548962,0.5428571428571428,1.1194785975212056,-0.07792153616790576,0.11791801452636719
AAPL,1d,2,0.55,0.5,12,26,0.6135073344067509,1.513433737930006,0.6724807294917519,0.08283964681555425,8.117860895629562,0.6,1.1518288354643056,-0.07792153616790576,0.10698223114013672
AAPL,1d,2,0.55,0.5,20,50,0.5005181102702104,1.1928669274550399,0.5586222511859846,0.08623480268457913,6.477921138513602,0.2,0.36613212406314083,-0.049016491673023466,0.10298633575439453
AAPL,1d,2,0.55,0.75,8,21,0.8482324556741463,1.035296215443708,0.8712264337855482,0.040575611350337715,21.471677315301793,0.7142857142857143,1.33098348188718,-0.08155180722363486,0.10922479629516602
AAPL,1d,2,0.55,0.75,9,21,0.8311949072790333,1.0316791606717657,0.8421340596608354,0.046451206553431414,18.12943348828096,0.6857142857142857,1.2773435668209099,-0.08155180722363486,0.11571979522705078
AAPL,1d,2,0.55,0.75,10,30,0.7641593965580311,1.3489742550318713,0.7877305762558635,0.04537448128709531,17.36065193278358,0.5428571428571428,1.1277124962384248,-0.08679650266192573,0.10180521011352539
AAPL,1d,2,0.55,0.75,12,26,0.7545578352703768,0.9870686513087006,0.7862356854300256,0.05246573394881395,14.985698783840217,0.6,1.16809747943467,-0.08679650266192573,0.11248779296875
AAPL,1d,2,0.55,0.75,20,50,0.5903763546299603,0.7192073770356866,0.6379083556022536,0.06222844174110085,10.2510739101623,0.2,0.3657412693458223,-0.049016491673023466,0.10616564750671387
AAPL,1d,2,0.55,1.0,8,21,0.9944634757147643,0.6018844252801181,0.9866097840782615,0.046598656656157235,21.172494120555243,0.7142857142857143,1.3615791626208882,-0.10701441945904344,0.10835409164428711
AAPL,1d,2,0.55,1.0,9,21,0.9735109843152725,0.5965014809595102,0.9541169925322659,0.0503361947630289,18.954889161249213,0.6857142857142857,1.3049032454465106,-0.10701441945904344,0.10585522651672363
AAPL,1d,2,0.55,1.0,10,30,0.8857092277109773,0.8935971152692268,0.8942669305015729,0.04126654093796644,21.670508605164454,0.5428571428571428,1.1330101635430423,-0.09567146915594582,0.11023926734924316
AAPL,1d,2,0.55,1.0,12,26,0.8774329795865433,0.5527614004751682,0.8917169983288771,0.04407483364112848,20.231885742088664,0.6,1.1790095643578986,-0.09567146915594582,0.10802078247070312
AAPL,1d,2,0.55,1.0,20,50,0.6749090184227062,0.33594795071235906,0.7162867156262814,0.051758153017382034,13.83910889141909,0.2,0.3654451832568258,-0.049016491673023466,0.09778118133544922
AAPL,1d,2,0.7,0.0,8,21,0.9419329118332166,3.9085700298977324,1.2200307833572803,0.4139291882913777,2.947438397358107,0.22857142857142856,0.24293786075527127,-0.09347567599478224,0.10706663131713867
AAPL,1d,2,0.7,0.0,9,21,0.8354104932326554,3.00620662178994,1.1788789680579013,0.3893083365894766,3.0281369733446586,0.2,0.11825403964354726,-0.0858598721360685,0.11083173751831055
AAPL,1d,2,0.7,0.0,10,30,0.8037599099680903,2.8183946452043855,1.0176146979302552,0.35742188356380017,2.8470967915667926,0.14285714285714285,0.2149716312890575,-0.0763209583623835,0.11992096900939941
AAPL,1d,2,0.7,0.0,12,26,0.7852266010196498,2.6738721386222877,1.0271282937616713,0.4165006038324694,2.4660907674813766,0.17142857142857143,0.18439333924738374,-0.07492079389763229,0.10462331771850586
AAPL,1d,2,0.7,0.0,20,50,0.7140901601898448,2.4845267252531245,0.8002039057456012,0.2931353391711384,2.7298104282077906,0.08571428571428572,0.13473810372183914,-0.049016491673023466,0.10320854187011719
AAPL,1d,2,0.7,0.25,8,21,0.5510986540370661,3.2113705558381813,0.6854597577837551,0.13811884664346788,4.96282567109152,0.6857142857142857,1.236942403187981,-0.06155511552414694,0.10661005973815918
AAPL,1d,2,0.7,0.25,9,21,0.512520238301497,2.2735269475362583,0.6731706157147538,0.13434536977176864,5.010746681172289,0.6571428571428571,1.1897021447210838,-0.05805908060031928,0.11996841430664062
AAPL,1d,2,0.7,0.25,10,30,0.48965588982744696,2.0862849460264212,0.6103300114840666,0.13367651717976883,4.565723467071571,0.5142857142857142,1.1012364621072397,-0.06904656967388556,0.10284543037414551
AAPL,1d,2,0.7,0.25,12,26,0.4815405078759731,1.9321497533407381,0.618985346081113,0.16428749927302327,3.767695952644847,0.5714285714285714,1.1181959566657373,-0.06904656967388556,0.10498380661010742
AAPL,1d,2,0.7,0.25,20,50,0.452850382550596,1.7782399870211751,0.5332716741123664,0.1453125518781986,3.6698252643677765,0.2,0.3666713820821368,-0.049016491673023466,0.09625363349914551
AAPL,1d,2,0.7,0.5,8,21,0.7017774358555705,2.5788388778936375,0.75498931890545,0.05826717430230938,12.957369701649089,0.7142857142857143,1.293760467196382,-0.06960417889384551,0.10860514640808105
AAPL,1d,2,0.7,0.5,9,21,0.6720240866872045,1.6478600958112435,0.736682530716877,0.06078013771086551,12.120448529111872,0.6857142857142857,1.2434212763648627,-0.0670387930399523,0.10787630081176758
AAPL,1d,2,0.7,0.5,10,30,0.6155983113064073,1.468858527146089,0.6769656771532688,0.06154456000976597,10.999602191417845,0.5428571428571428,1.1194785975212056,-0.07792153616790576,0.11170673370361328
AAPL,1d,2,0.7,0.5,12,26,0.6106611493435082,1.3132160718162305,0.681832976416876,0.08102916936371349,8.414660816234589,0.6,1.1518288354643056,-0.07792153616790576,0.10587191581726074
AAPL,1d,2,0.7,0.5,20,50,0.507846046167372,1.1967381897822582,0.5607604783792827,0.08094868575485524,6.927357413528467,0.2,0.36613212406314083,-0.049016491673023466,0.1015310287475586
AAPL,1d,2,0.7,0.75,8,21,0.8680603635961883,2.0132264477546835,0.8799948616213131,0.040023335501646946,21.987044572661908,0.7142857142857143,1.337922772481615,-0.08155180722363486,0.11004519462585449
AAPL,1d,2,0.7,0.75,9,21,0.8407780672154376,1.120478638489688,0.8572240404324857,0.045924043469240124,18.666127276154448,0.6857142857142857,1.2840462635129442,-0.08155180722363486,0.11131715774536133
AAPL,1d,2,0.7,0.75,10,30,0.760117223602765,0.9549558500640785,0.79263218155127,0.0398067222192808,19.912018306479663,0.5428571428571428,1.1277124962384248,-0.08679650266192573,0.10675477981567383
AAPL,1d,2,0.7,0.75,12,26,0.75652270369308,0.8040634580302006,0.7947669757422607,0.050869777990671224,15.62355896045014,0.6,1.16809747943467,-0.08679650266192573,0.10692667961120605
AAPL,1d,2,0.7,0.75,20,50,0.6019740878472137,0.7220508635184324,0.6407875285695196,0.0584991111176785,10.953799405267764,0.2,0.3657412693458223,-0.049016491673023466,0.12245535850524902
AAPL,1d,2,0.7,1.0,8,21,1.0112820026151768,1.5141226691234948,0.9958780780682803,0.046619138464513474,21.36200090497905,0.7142857142857143,1.373039982096591,-0.10701441945904344,0.10618114471435547
AAPL,1d,2,0.7,1.0,9,21,0.9850053935322459,0.6813930758174396,0.9696777178664121,0.05117684555463337,18.947586693893463,0.6857142857142857,1.3161886039178514,-0.10701441945904344,0.10793805122375488
AAPL,1d,2,0.7,1.0,10,30,0.885792401126887,0.5325196482413239,0.8998496269900647,0.03924432616747528,22.929419737007425,0.5428571428571428,1.1330101635430423,-0.09567146915594582,0.1083672046661377
AAPL,1d,2,0.7,1.0,12,26,0.8829846207461264,0.39087274574745234,0.8999746025202354,0.043733752820045324,20.578490170359515,0.6,1.1790095643578986,-0.09567146915594582,0.10618257522583008
AAPL,1d,2,0.7,1.0,20,50,0.6896998199270776,0.3379289042989997,0.7198783893450679,0.05047766152254984,14.261326052584216,0.2,0.3654451832568258,-0.049016491673023466,0.10253500938415527
AAPL,1d,2,0.85,0.0,8,21,0.9715667658553298,4.231711805043862,1.2787520921936415,0.41360372725875505,3.0917325157315134,0.2571428571428571,0.20137120037075512,-0.08271577686005749,0.12589216232299805
AAPL,1d,2,0.85,0.0,9,21,0.9872071763104249,4.3378952595299625,1.2319553448074119,0.4325475388273197,2.8481386072554424,0.22857142857142856,0.07017520374503172,-0.09347567599478224,0.11086463928222656
AAPL,1d,2,0.85,0.0,10,30,0.8051006816681856,2.824426601038868,1.0068312499683545,0.36809829842771286,2.735223863486769,0.14285714285714285,0.16763689269882687,-0.06374709350175822,0.10727310180664062
AAPL,1d,2,0.85,0.0,12,26,0.8416769009515553,3.0929817452875605,1.0377220230192736,0.39042165120784855,2.6579520367501908,0.2,0.18856297015614187,-0.06493155084535063,0.10526490211486816
AAPL,1d,2,0.85,0.0,20,50,0.6860543400259762,2.302004681478157,0.7891866262765175,0.306748930600691,2.572744507148217,0.08571428571428572,0.1766246979121254,-0.027265621972013876,0.12706875801086426
AAPL,1d,2,0.85,0.25,8,21,0.5654016221121422,3.5573491288152166,0.706321681526818,0.13945366531445821,5.064920164945914,0.6857142857142857,1.1858076753180213,-0.060102131169300965,0.1121518611907959
AAPL,1d,2,0.85,0.25,9,21,0.5657943257597925,3.688381871091436,0.6939557730133161,0.14967764638447753,4.63633541665099,0.6571428571428571,1.134784411993901,-0.06373016045670954,0.10722541809082031
AAPL,1d,2,0.85,0.25,10,30,0.4931313948651116,2.095349488420035,0.6038833369825228,0.13530552239486734,4.463109312125389,0.5142857142857142,1.1605684134996852,-0.06583922621623262,0.11007452011108398
AAPL,1d,2,0.85,0.25,12,26,0.5053692985283582,2.3685074679983082,0.6203676607293174,0.15335947993217663,4.045186257828179,0.5714285714285714,1.1968601473091776,-0.06583922621623262,0.13388752937316895
AAPL,1d,2,0.85,0.25,20,50,0.44140261441165074,1.5958403941286026,0.528686335881807,0.1473849734203947,3.5871115189864327,0.2,0.4089960919485689,-0.027265621972013876,0.10860967636108398
AAPL,1d,2,0.85,0.5,8,21,0.7197973022412175,2.931032972722346,0.7742531594679719,0.06014399683078731,12.87332402677364,0.7142857142857143,1.2464159365379395,-0.0681636568192473,0.118682861328125
AAPL,1d,2,0.85,0.5,9,21,0.7066058195696556,3.078447146449271,0.7571975115638852,0.06508305735740871,11.63432607976106,0.6857142857142857,1.1960388591446067,-0.07265580935022897,0.11206984519958496
AAPL,1d,2,0.85,0.5,10,30,0.6271433617050484,1.4803161535663802,0.6783985216302258,0.0658375366097773,10.304129780115122,0.5428571428571428,1.181011026991526,-0.07474476896121673,0.10750603675842285
AAPL,1d,2,0.85,0.5,12,26,0.6306542338444109,1.7446649222536692,0.6859959190673208,0.07720764140835658,8.885078038312823,0.6,1.2340290316773934,-0.07474476896121673,0.10424280166625977
AAPL,1d,2,0.85,0.5,20,50,0.5131767495351186,1.0232603826043443,0.562253592497574,0.07984518457445673,7.041797141482776,0.2,0.4083912489898222,-0.027265621972013876,0.10444760322570801
AAPL,1d,2,0.85,0.75,8,21,0.8900461038078982,2.3585311592205347,0.9009195108399947,0.04003687939595613,22.502241044565295,0.7142857142857143,1.2947980692423113,-0.07622518246919385,0.11058831214904785
AAPL,1d,2,0.85,0.75,9,21,0.8683642010875915,2.514897277128301,0.8796934997575991,0.04289805882967367,20.506603882716785,0.6857142857142857,1.2421170043032872,-0.0815814582437483,0.10593748092651367
AAPL,1d,2,0.85,0.75,10,30,0.777754876206173,0.9680141236883035,0.7992533304007166,0.043189264160526465,18.50583347356974,0.5428571428571428,1.1897756945515066,-0.08365031170620107,0.10538315773010254
AAPL,1d,2,0.85,0.75,12,26,0.7765976327633725,1.2145448021932164,0.8021108558071122,0.049624824916349626,16.163499965172573,0.6,1.251266168226272,-0.08365031170620107,0.10393404960632324
AAPL,1d,2,0.85,0.75,20,50,0.6173302737297613,0.5630730260197117,0.6461934710924447,0.05634730690192294,11.468045353386577,0.2,0.4079517839227011,-0.027265621972013876,0.09804677963256836
AAPL,1d,2,0.85,1.0,8,21,1.036555208994484,1.8427341401927926,1.0186142963846545,0.04411588986011138,23.08951036949757,0.7142857142857143,1.3334968555601177,-0.08474651175207948,0.10599184036254883
AAPL,1d,2,0.85,1.0,9,21,1.008616613706198,2.001772469170804,0.994101029706755,0.0463886181069425,21.42984788671638,0.6857142857142857,1.2784735204488709,-0.0905071071372674,0.10451984405517578
AAPL,1d,2,0.85,1.0,10,30,0.9081026867077227,0.5463802739031445,0.9102227990336825,0.03834069864210987,23.740381142506834,0.5428571428571428,1.1953079176595405,-0.09255585445118497,0.10964727401733398
AAPL,1d,2,0.85,1.0,12,26,0.9037186577612456,0.7696398523147849,0.9098925475438042,0.04142115978580241,21.96685346931499,0.6,1.2626124696529664,-0.09255585445118497,0.11218547821044922
AAPL,1d,2,0.85,1.0,20,50,0.7121431344268133,0.1965339412753908,0.728107413467059,0.048581808542662266,14.987243894546848,0.2,0.4076182559577354,-0.027265621972013876,0.10929512977600098
AAPL,1d,2,1.0,0.0,8,21,1.0535235218343686,5.0477601138914485,1.3226261439552829,0.39684095111515094,3.332887244218649,0.2857142857142857,0.1942893072441076,-0.08271577686005749,0.11113190650939941
AAPL,1d,2,1.0,0.0,9,21,1.0397057004809969,4.949567176861469,1.3130509691718522,0.4139312255376441,3.1721476616468487,0.2571428571428571,0.09713526880076001,-0.09347567599478224,0.10621142387390137
AAPL,1d,2,1.0,0.0,10,30,0.8035335040555169,2.8284466971558637,1.0286864358667995,0.3745194726746268,2.7466834461782357,0.14285714285714285,0.17107646534464363,-0.06374709350175822,0.11034321784973145
AAPL,1d,2,1.0,0.0,12,26,0.8362940281857771,3.0565735245384014,1.0997813681242368,0.3845919900952326,2.8596054947787892,0.2,0.19200254280195864,-0.06493155084535063,0.10606980323791504
AAPL,1d,2,1.0,0.0,20,50,0.7073750247855218,2.4401902835566625,0.7827119341270763,0.3006041636020532,2.603796051086134,0.08571428571428572,0.1766246979121254,-0.027265621972013876,0.09868192672729492
AAPL,1d,2,1.0,0.25,8,21,0.5913424232003129,4.463620499327352,0.7207752715801768,0.13493694204196888,5.34157111220141,0.6857142857142857,1.1858339442836114,-0.06058481835679119,0.11038541793823242
AAPL,1d,2,1.0,0.25,9,21,0.5867972551666878,4.371566167140043,0.7257618953637098,0.1489947218610308,4.8710577549225995,0.6571428571428571,1.1386984529211526,-0.059436377477557145,0.1052544116973877
AAPL,1d,2,1.0,0.25,10,30,0.4937079700998353,2.1001728504333697,0.6110867758616497,0.13960917347421503,4.377124802436523,0.5142857142857142,1.1615643488476142,-0.06155511552414694,0.10231924057006836
AAPL,1d,2,1.0,0.25,12,26,0.5049497049084012,2.3309556487503524,0.6420323051136022,0.14651702912745793,4.381963713959053,0.5714285714285714,1.1978560826571067,-0.06155511552414694,0.11356139183044434
AAPL,1d,2,1.0,0.25,20,50,0.4505724949603444,1.7220176573722368,0.5262298946341877,0.14062779698187844,3.7420048235698284,0.2,0.4089960919485689,-0.027265621972013876,0.09643125534057617
AAPL,1d,2,1.0,0.5,8,21,0.736826638639108,3.888480051413052,0.7930652329403045,0.06002344673941274,13.212590679494587,0.7142857142857143,1.2464076825335781,-0.06874284282539855,0.10461091995239258
AAPL,1d,2,1.0,0.5,9,21,0.724768770843127,3.804518473993318,0.7803798735180659,0.06413157587746834,12.16841879901848,0.6857142857142857,1.198410115962829,-0.06750361331223798,0.10459160804748535
AAPL,1d,2,1.0,0.5,10,30,0.6282383921258161,1.4857403500186401,0.6869853048802349,0.07067959347764242,9.719712169786943,0.5428571428571428,1.181630312880956,-0.06960417889384551,0.10427641868591309
AAPL,1d,2,1.0,0.5,12,26,0.6353328325050193,1.7078990540880001,0.7000815538451075,0.07035844042266977,9.950214212245934,0.6,1.2346483175668235,-0.06960417889384551,0.10281491279602051
AAPL,1d,2,1.0,0.5,20,50,0.5185417546452978,1.135741563299585,0.5619286198818357,0.07323131973353812,7.673337336080896,0.2,0.4083912489898222,-0.027265621972013876,0.10376811027526855
AAPL,1d,2,1.0,0.75,8,21,0.9037800049987543,3.3333324644324582,0.9241226201221485,0.042176421105568435,21.910882808407354,0.7142857142857143,1.2948088858040576,-0.07690086729400603,0.10790205001831055
AAPL,1d,2,1.0,0.75,9,21,0.8866108072737765,3.258722963621035,0.9006306628641305,0.04161029597032222,21.64441857146339,0.6857142857142857,1.2439470425458015,-0.07557084914691858,0.11869478225708008
AAPL,1d,2,1.0,0.75,10,30,0.7790539867856878,0.9738250480378212,0.8097131684421071,0.04661406173457591,17.370577424740986,0.5428571428571428,1.1902602846241273,-0.07765324226354442,0.09985733032226562
AAPL,1d,2,1.0,0.75,12,26,0.7844588587532014,1.1799337561706156,0.8140027942976099,0.04500961897995706,18.085085205011136,0.6,1.251750758298893,-0.07765324226354442,0.11155319213867188
AAPL,1d,2,1.0,0.75,20,50,0.6212886558499731,0.6612906734333222,0.6473410398390073,0.05073491645145014,12.759280691010273,0.2,0.4079517839227011,-0.027265621972013876,0.09594368934631348
AAPL,1d,2,1.0,1.0,8,21,1.0484149307065957,2.8066892127893004,1.0453798799559255,0.045959757088969655,22.745548413849576,0.7142857142857143,1.3335290811700669,-0.08505889176261339,0.10350489616394043
AAPL,1d,2,1.0,1.0,9,21,1.0273956323077658,2.7420692635932182,1.014154952672426,0.0454208326758374,22.3279691922497,0.6857142857142857,1.2800066346635979,-0.08363808498159964,0.10196566581726074
AAPL,1d,2,1.0,1.0,10,30,0.9094963434340951,0.552370932053732,0.9222411060143031,0.0385698288293441,23.91094630196175,0.5428571428571428,1.1957164648335181,-0.08570230563324321,0.10608029365539551
AAPL,1d,2,1.0,1.0,12,26,0.913914355092746,0.7380701025963907,0.9208432236959491,0.040179414755297856,22.918283636138113,0.6,1.263021016826944,-0.08570230563324321,0.10495471954345703
AAPL,1d,2,1.0,1.0,20,50,0.715347572140143,0.2807282126248607,0.7303319859943624,0.045070248515718433,16.20430350499745,0.2,0.4076182559577354,-0.027265621972013876,0.10034012794494629
AAPL,1d,3,0.0,0.0,8,21,0.8601560032156267,3.3321801373624584,1.0370337136755776,0.37869811643704865,2.7384179341382193,0.2,0.27380445226025296,-0.07071824206608202,0.10673284530639648
AAPL,1d,3,0.0,0.0,9,21,0.694940606739295,2.1369906145779747,0.9348091774489188,0.3971829153023054,2.353598660550173,0.17142857142857143,0.12320000705166224,-0.07071824206608202,0.1067969799041748
AAPL,1d,3,0.0,0.0,10,30,0.8603075515023536,3.4679342651095553,0.9732731964130863,0.3020541581129474,3.222181089952582,0.14285714285714285,0.26214353318632677,-0.05899244711272911,0.1014089584350586
AAPL,1d,3,0.0,0.0,12,26,0.8884124073069583,3.6545646231926456,0.9696491029465426,0.32898578010712093,2.947389101835391,0.2,0.29599159313025825,-0.056522361881896965,0.10491347312927246
AAPL,1d,3,0.0,0.0,20,50,0.6728536648776012,2.329174359831076,0.741526226967395,0.2948582886922397,2.5148563069270473,0.08571428571428572,0.13473810372183914,-0.049016491673023466,0.10044550895690918
AAPL,1d,3,0.0,0.25,8,21,0.521928697262326,2.6100415118836926,0.6083736266534598,0.14123602080421035,4.307496226453611,0.6571428571428571,1.1982790649754391,-0.0446271408534773,0.10358262062072754
AAPL,1d,3,0.0,0.25,9,21,0.46002330219479487,1.4186336740561143,0.5743122062462616,0.1556641241814634,3.68943203365706,0.6,1.056186014638498,-0.05866452782334364,0.10443377494812012
AAPL,1d,3,0.0,0.25,10,30,0.5164267187064026,2.802855734232134,0.5902282122726915,0.12806848139186947,4.60869220793433,0.5142857142857142,1.1004173253221037,-0.06357700212965967,0.10302591323852539
AAPL,1d,3,0.0,0.25,12,26,0.5252264529454236,2.9923783652485487,0.591420872383724,0.1436679952919453,4.116580531258251,0.5714285714285714,1.1315033485144061,-0.06357700212965967,0.10275602340698242
AAPL,1d,3,0.0,0.25,20,50,0.43861566277785285,1.6255442744615332,0.5045161560990866,0.1443488567938674,3.4951170885928398,0.2,0.3666713820821368,-0.049016491673023466,0.10116124153137207
AAPL,1d,3,0.0,0.5,8,21,0.6631455636228559,1.9783490195123878,0.6813350973535577,0.06866077739503447,9.923206861372234,0.6571428571428571,1.24834905307746,-0.05092154000638793,0.10845160484313965
AAPL,1d,3,0.0,0.5,9,21,0.6179618069738373,0.8442852946505623,0.6561353392912791,0.08159612022888506,8.041256587332285,0.6285714285714286,1.111827614375504,-0.0657561767082675,0.10709810256958008
AAPL,1d,3,0.0,0.5,10,30,0.6086919197038616,2.2073754648064026,0.6469623132132769,0.07266011074584894,8.903954405963216,0.5428571428571428,1.1185510455323726,-0.07063164237742214,0.10618710517883301
AAPL,1d,3,0.0,0.5,12,26,0.6207675196670387,2.3904023919818456,0.6487334687301117,0.08053629009052828,8.055169514276,0.6,1.1582864620042994,-0.07063164237742214,0.10831379890441895
AAPL,1d,3,0.0,0.5,20,50,0.4947592200429832,1.0537290594722948,0.5363440542376084,0.08149250883729676,6.581513588058039,0.2,0.36613212406314083,-0.049016491673023466,0.09972500801086426
AAPL,1d,3,0.0,0.75,8,21,0.8186633735764403,1.433206267694986,0.8005701781547598,0.04344000079463279,18.429331572518617,0.6571428571428571,1.2790139167405385,-0.05721593915929857,0.10704517364501953
AAPL,1d,3,0.0,0.75,9,21,0.7785620430148178,0.39091432267332626,0.777497146294339,0.05540022140162115,14.034188431448893,0.6285714285714286,1.1475668609759528,-0.07284782559319092,0.10193586349487305
AAPL,1d,3,0.0,0.75,10,30,0.732013847085449,1.6806243140767574,0.7518257694264948,0.05335447738786499,14.091146727219018,0.5428571428571428,1.12697698766065,-0.07768628262518451,0.10176968574523926
AAPL,1d,3,0.0,0.75,12,26,0.7464815264672964,1.850800820097553,0.7540565483637972,0.05633924293208695,13.384215142414323,0.6,1.172425996446489,-0.07768628262518451,0.10249853134155273
AAPL,1d,3,0.0,0.75,20,50,0.5860810117752004,0.5928149566069683,0.6161622689833084,0.059103000182666815,10.42522828078042,0.2,0.3657412693458223,-0.049016491673023466,0.09953975677490234
AAPL,1d,3,0.0,1.0,8,21,0.9528679471451377,0.9686883150497891,0.9104057211254639,0.03702408610242333,24.589552828040645,0.6571428571428571,1.3015957169697459,-0.06351033831220965,0.11150193214416504
AAPL,1d,3,0.0,1.0,9,21,0.9151249857364976,0.03746130516580859,0.8880075192216367,0.04730639992510067,18.771403459734884,0.6285714285714286,1.1743729440593367,-0.07993947447811467,0.10431194305419922
AAPL,1d,3,0.0,1.0,10,30,0.8424003914132983,1.2199991447497451,0.8501857595920255,0.0452737234707135,18.778790309615037,0.5428571428571428,1.1324104070809167,-0.08474092287294743,0.10454416275024414
AAPL,1d,3,0.0,1.0,12,26,0.8586899252089618,1.3734359503315776,0.8527772154775279,0.04514230181151244,18.890866908785938,0.6,1.1822737125067544,-0.08474092287294743,0.1050868034362793
AAPL,1d,3,0.0,1.0,20,50,0.6710392616069653,0.22439616203385637,0.6945663776158941,0.0504243654576602,13.774419793127596,0.2,0.3654451832568258,-0.049016491673023466,0.1003274917602539
AAPL,1d,3,0.1,0.0,8,21,0.8396057790927165,3.161569539824848,1.0615002707818424,0.39176474504134284,2.7095349548868226,0.2,0.27412504832655366,-0.07071824206608202,0.10662531852722168
AAPL,1d,3,0.1,0.0,9,21,0.7338686986212328,2.3703467121533692,0.9660055186596864,0.40292077488600475,2.3975073485178093,0.17142857142857143,0.12367673947875502,-0.07071824206608202,0.10626816749572754
AAPL,1d,3,0.1,0.0,10,30,0.8057244690159472,3.007337059236524,0.9867806205053272,0.2931143449603115,3.3665381359583066,0.14285714285714285,0.26214353318632677,-0.05899244711272911,0.10506343841552734
AAPL,1d,3,0.1,0.0,12,26,0.829189986341433,3.1511937678270074,0.9727375840960549,0.3239534936211671,3.0027074973717656,0.2,0.29599159313025825,-0.056522361881896965,0.10870742797851562
AAPL,1d,3,0.1,0.0,20,50,0.6784377098210143,2.3703150318916135,0.7622271129498677,0.2820023438104194,2.702910559716082,0.08571428571428572,0.13473810372183914,-0.049016491673023466,0.11270570755004883
AAPL,1d,3,0.1,0.25,8,21,0.5157848684682187,2.433088629878788,0.6186515140327227,0.14464038212073574,4.277170074926347,0.6571428571428571,1.1996141330185321,-0.0446271408534773,0.11059021949768066
AAPL,1d,3,0.1,0.25,9,21,0.4728520422956573,1.6451157352246177,0.5877868992454542,0.16312722380220715,3.603242215156863,0.6,1.057647306492232,-0.05866452782334364,0.10580992698669434
AAPL,1d,3,0.1,0.25,10,30,0.4948296712813513,2.3153995241948233,0.5949574478667916,0.12790902868697568,4.65141088142258,0.5142857142857142,1.1004173253221037,-0.06357700212965967,0.11025094985961914
AAPL,1d,3,0.1,0.25,12,26,0.5030505796392174,2.4578515100859377,0.5937371156180395,0.14075385975497395,4.2182652514938095,0.5714285714285714,1.1315033485144061,-0.06357700212965967,0.10800695419311523
AAPL,1d,3,0.1,0.25,20,50,0.44173055746603274,1.6668998757301345,0.5124208374442446,0.13930250770960162,3.6784753258890923,0.2,0.3666713820821368,-0.049016491673023466,0.10211014747619629
AAPL,1d,3,0.1,0.5,8,21,0.6630311959234734,1.8038692416179267,0.6910234844080058,0.07002451011710532,9.868308728649072,0.6571428571428571,1.2491299911461082,-0.05092154000638793,0.10894012451171875
AAPL,1d,3,0.1,0.5,9,21,0.6255106587068415,1.0529754727809961,0.6675756739756816,0.08722247295095076,7.653711840423171,0.6285714285714286,1.1126590328652373,-0.0657561767082675,0.10847139358520508
AAPL,1d,3,0.1,0.5,10,30,0.5998571351024221,1.71675554500876,0.651737817616809,0.07426130330644272,8.776277665467068,0.5428571428571428,1.1185510455323726,-0.07063164237742214,0.10971760749816895
AAPL,1d,3,0.1,0.5,12,26,0.6113246684640168,1.8508783712300367,0.6511015794154139,0.07773228541002536,8.376205279195862,0.6,1.1582864620042994,-0.07063164237742214,0.1058967113494873
AAPL,1d,3,0.1,0.5,20,50,0.4969724205288792,1.093328973036987,0.5425991627234512,0.07870468275998167,6.894115365132278,0.2,0.36613212406314083,-0.049016491673023466,0.09927773475646973
AAPL,1d,3,0.1,0.75,8,21,0.822190396717713,1.2675384676059815,0.8110400414565818,0.04276367405299192,18.96563051274679,0.6571428571428571,1.2795724292792592,-0.05721593915929857,0.1087489128112793
AAPL,1d,3,0.1,0.75,9,21,0.7842759125114298,0.5758078613270143,0.7889094356897237,0.05926906100209247,13.31064508786248,0.6285714285714286,1.1481549643318985,-0.07284782559319092,0.10542583465576172
AAPL,1d,3,0.1,0.75,10,30,0.7296943915650349,1.2050024020127994,0.7574794245453926,0.055044318181721175,13.761264551314442,0.5428571428571428,1.12697698766065,-0.07768628262518451,0.10267090797424316
AAPL,1d,3,0.1,0.75,12,26,0.7435286171549721,1.326564115027077,0.7569120333798686,0.05425273886307811,13.95159118676288,0.6,1.172425996446489,-0.07768628262518451,0.10072088241577148
AAPL,1d,3,0.1,0.75,20,50,0.5879265876031712,0.6293831504524727,0.6220710208458177,0.057239611913885484,10.867841343538398,0.2,0.3657412693458223,-0.049016491673023466,0.09706974029541016
AAPL,1d,3,0.1,1.0,8,21,0.959039165754464,0.8160485686872441,0.92171141778069,0.03424832032160896,26.912602110858458,0.6571428571428571,1.3020374456909973,-0.06351033831220965,0.10327005386352539
AAPL,1d,3,0.1,1.0,9,21,0.919868575044289,0.19615182012851462,0.8997030126021317,0.048807614139376315,18.43366098643781,0.6285714285714286,1.1748347383592275,-0.07993947447811467,0.10383105278015137
AAPL,1d,3,0.1,1.0,10,30,0.8444210339544073,0.7725346808288043,0.8566449175564242,0.046448884929029786,18.44274451077372,0.5428571428571428,1.1324104070809167,-0.08474092287294743,0.10165572166442871
AAPL,1d,3,0.1,1.0,12,26,0.8600653266860189,0.8793603948786424,0.8561043685752203,0.04467791354882367,19.16169087976045,0.6,1.1822737125067544,-0.08474092287294743,0.10360336303710938
AAPL,1d,3,0.1,1.0,20,50,0.6726681908230282,0.2571967880964663,0.7003621843744231,0.04924333643171751,14.222476280533291,0.2,0.3654451832568258,-0.049016491673023466,0.1022636890411377
AAPL,1d,3,0.25,0.0,8,21,0.8313775166979295,3.0786931719711665,1.1210514208818503,0.33688361206339934,3.3277113541245087,0.2,0.27412504832655366,-0.07071824206608202,0.10695028305053711
AAPL,1d,3,0.25,0.0,9,21,0.8079406311814663,2.867496505439685,1.01809653865528,0.3890545423071993,2.616847839939589,0.17142857142857143,0.12367673947875502,-0.07071824206608202,0.11425352096557617
AAPL,1d,3,0.25,0.0,10,30,0.8222333606919019,3.113484045677655,1.0097550949551342,0.32288355068192925,3.1273042334381356,0.14285714285714285,0.26214353318632677,-0.05899244711272911,0.10565853118896484
AAPL,1d,3,0.25,0.0,12,26,0.8728597613145141,3.4644732773849434,0.9678315573437357,0.34067396514247766,2.8409319653733047,0.2,0.29599159313025825,-0.056522361881896965,0.10430240631103516
AAPL,1d,3,0.25,0.0,20,50,0.6735951439946406,2.217236043594883,0.7663351572135719,0.2792556808835215,2.7442061511121523,0.08571428571428572,0.13473810372183914,-0.049016491673023466,0.10004520416259766
AAPL,1d,3,0.25,0.25,8,21,0.5132702180317403,2.3453104660675215,0.6387336526680987,0.11931923015925856,5.353149293836071,0.6571428571428571,1.1996141330185321,-0.0446271408534773,0.10954570770263672
AAPL,1d,3,0.25,0.25,9,21,0.5004780613604405,2.1437614341578226,0.6098817158775616,0.14637482441046448,4.166575217657173,0.6,1.057647306492232,-0.05866452782334364,0.11676216125488281
AAPL,1d,3,0.25,0.25,10,30,0.5003789948390436,2.3980100143016903,0.6041411375577378,0.1373987220410559,4.396992407085237,0.5142857142857142,1.1004173253221037,-0.06357700212965967,0.11145329475402832
AAPL,1d,3,0.25,0.25,12,26,0.5179318492074124,2.760232029033362,0.5916321196617121,0.14425679583531423,4.101242622476715,0.5714285714285714,1.1315033485144061,-0.06357700212965967,0.11393547058105469
AAPL,1d,3,0.25,0.25,20,50,0.4310484345276435,1.5089743365615793,0.5141776607904897,0.14011820437824465,3.669599272072338,0.2,0.3666713820821368,-0.049016491673023466,0.09995341300964355
AAPL,1d,3,0.25,0.5,8,21,0.6650569754263117,1.715605688322364,0.7062821401906203,0.052619048640023515,13.422556249969947,0.6571428571428571,1.2491299911461082,-0.05092154000638793,0.11276698112487793
AAPL,1d,3,0.25,0.5,9,21,0.6478938683100636,1.5281919462375764,0.686033372121916,0.07579135017980278,9.051605103938803,0.6285714285714286,1.1126590328652373,-0.0657561767082675,0.10525131225585938
AAPL,1d,3,0.25,0.5,10,30,0.6081711667373206,1.7807361869458393,0.6575045756067979,0.0770936268729945,8.528650191668676,0.5428571428571428,1.1185510455323726,-0.07063164237742214,0.1078333854675293
AAPL,1d,3,0.25,0.5,12,26,0.6256637124757611,2.1367516069486987,0.6502881128388037,0.07805835618556597,8.330794352021606,0.6,1.1582864620042994,-0.07063164237742214,0.10496902465820312
AAPL,1d,3,0.25,0.5,20,50,0.48591133537350045,0.9382777824802939,0.5431842613650528,0.07868013853757325,6.903702401409198,0.2,0.36613212406314083,-0.049016491673023466,0.10353517532348633
AAPL,1d,3,0.25,0.75,8,21,0.8276328418030601,1.18218349315665,0.8255929575720593,0.03559863255782516,23.19170423838599,0.6571428571428571,1.2795724292792592,-0.05721593915929857,0.12705349922180176
AAPL,1d,3,0.25,0.75,9,21,0.8059800315748608,1.0116205810163126,0.807219261140531,0.05331916907023984,15.13938186240568,0.6285714285714286,1.1481549643318985,-0.07284782559319092,0.10590291023254395
AAPL,1d,3,0.25,0.75,10,30,0.7406433958755811,1.2544183326769094,0.7624833472403625,0.05474796796484871,13.92715338275057,0.5428571428571428,1.12697698766065,-0.07768628262518451,0.10337972640991211
AAPL,1d,3,0.25,0.75,12,26,0.7591855316918585,1.5919119980506582,0.7573154338451876,0.05300161639453616,14.288534678034043,0.6,1.172425996446489,-0.07768628262518451,0.10202670097351074
AAPL,1d,3,0.25,0.75,20,50,0.5781947147619374,0.4827085481522715,0.6224549767844391,0.05656404824227203,11.004427655502557,0.2,0.3657412693458223,-0.049016491673023466,0.09769606590270996
AAPL,1d,3,0.25,1.0,8,21,0.9670862471310827,0.736046936149277,0.9362939075469129,0.038196173829339576,24.51276695226784,0.6571428571428571,1.3020374456909973,-0.06351033831220965,0.10592532157897949
AAPL,1d,3,0.25,1.0,9,21,0.941728285557444,0.5836710694732952,0.9183504037604899,0.048224406735300165,19.04327011841204,0.6285714285714286,1.1748347383592275,-0.07993947447811467,0.10215234756469727
AAPL,1d,3,0.25,1.0,10,30,0.857513891704587,0.810685731900163,0.8614080920853926,0.044370195140197494,19.414115474669025,0.5428571428571428,1.1324104070809167,-0.08474092287294743,0.09930753707885742
AAPL,1d,3,0.25,1.0,12,26,0.87709711538798,1.1215924219737676,0.8574564847736708,0.0425269933872935,20.162640630735662,0.6,1.1822737125067544,-0.08474092287294743,0.10109710693359375
AAPL,1d,3,0.25,1.0,20,50,0.6641947305791708,0.1225398192779763,0.7007157990489491,0.048098961876467915,14.568210450125525,0.2,0.3654451832568258,-0.049016491673023466,0.09586381912231445
AAPL,1d,3,0.4,0.0,8,21,0.8462094542418994,3.178537533653474,1.1318558215117513,0.35756326945631034,3.1654700529861044,0.2,0.27412504832655366,-0.07071824206608202,0.10246634483337402
AAPL,1d,3,0.4,0.0,9,21,0.8321470326499548,3.0894363960856923,1.0293369685545375,0.3949479056522981,2.606260101201142,0.17142857142857143,0.12367673947875502,-0.07071824206608202,0.10361075401306152
AAPL,1d,3,0.4,0.0,10,30,0.8271187822959899,3.1441062086532536,1.0232621910286013,0.3518797849764532,2.90798799680145,0.14285714285714285,0.26214353318632677,-0.05899244711272911,0.1015169620513916
AAPL,1d,3,0.4,0.0,12,26,0.8996411969874298,3.6840637344770855,1.004108706157978,0.3700511011514777,2.7134325584588748,0.2,0.29599159313025825,-0.056522361881896965,0.101318359375
AAPL,1d,3,0.4,0.0,20,50,0.6914811559430446,2.336206094606221,0.7611645376794776,0.2868960507216506,2.6531021802665626,0.08571428571428572,0.13473810372183914,-0.049016491673023466,0.09644412994384766
AAPL,1d,3,0.4,0.25,8,21,0.5193606349356972,2.448509678417273,0.6409611355878165,0.12319115668587914,5.202980090707169,0.6571428571428571,1.1996141330185321,-0.0446271408534773,0.10326528549194336
AAPL,1d,3,0.4,0.25,9,21,0.5119269507349088,2.358662840367766,0.6170332615656384,0.14830580073896205,4.160547048673431,0.6,1.057647306492232,-0.05866452782334364,0.10367894172668457
AAPL,1d,3,0.4,0.25,10,30,0.50212563806619,2.4299154848371476,0.6150672482593457,0.1443991904618152,4.259492357902058,0.5142857142857142,1.1004173253221037,-0.06357700212965967,0.09981679916381836
AAPL,1d,3,0.4,0.25,12,26,0.5279227715610536,2.9943808032031725,0.6127961398737682,0.1559904507511449,3.928420854757166,0.5714285714285714,1.1315033485144061,-0.06357700212965967,0.09997916221618652
AAPL,1d,3,0.4,0.25,20,50,0.4408824533110803,1.6285278373269811,0.5111505407171804,0.1430818508487227,3.5724345029448115,0.2,0.3666713820821368,-0.049016491673023466,0.09538555145263672
AAPL,1d,3,0.4,0.5,8,21,0.6733572998226623,1.8172652772823645,0.7137072800198869,0.054922625517440704,12.994777166893613,0.6571428571428571,1.2491299911461082,-0.05092154000638793,0.10403728485107422
AAPL,1d,3,0.4,0.5,9,21,0.6594277403714696,1.7303166475256115,0.6948346673812693,0.0717247285728669,9.687518952063652,0.6285714285714286,1.1126590328652373,-0.0657561767082675,0.10957026481628418
AAPL,1d,3,0.4,0.5,10,30,0.608751654799216,1.8123558666253916,0.6668803147810953,0.08052250003031514,8.281912689372884,0.5428571428571428,1.1185510455323726,-0.07063164237742214,0.10873150825500488
AAPL,1d,3,0.4,0.5,12,26,0.6307472506233204,2.3741834278435436,0.6654973204050003,0.0858405657767749,7.7527135845725965,0.6,1.1582864620042994,-0.07063164237742214,0.10184502601623535
AAPL,1d,3,0.4,0.5,20,50,0.49263864861788087,1.0526486838216176,0.5408228045371548,0.08095103583529782,6.680863301582793,0.2,0.36613212406314083,-0.049016491673023466,0.09561347961425781
AAPL,1d,3,0.4,0.75,8,21,0.8380703771259106,1.2788349506549044,0.8367733131393302,0.0387417022482072,21.598775081651258,0.6571428571428571,1.2795724292792592,-0.05721593915929857,0.10357022285461426
AAPL,1d,3,0.4,0.75,9,21,0.8189619662783074,1.197072803574394,0.8178496518151329,0.046575794014937055,17.559542872266334,0.6285714285714286,1.1481549643318985,-0.07284782559319092,0.10166168212890625
AAPL,1d,3,0.4,0.75,10,30,0.7410879516290427,1.2846054662554227,0.7714284616388891,0.05760237183242526,13.39230377323873,0.5428571428571428,1.12697698766065,-0.07768628262518451,0.09802007675170898
AAPL,1d,3,0.4,0.75,12,26,0.7628502845956122,1.823810207182197,0.7703111748679263,0.06024039533479768,12.787286182083843,0.6,1.172425996446489,-0.07768628262518451,0.10112357139587402
AAPL,1d,3,0.4,0.75,20,50,0.5837968118770822,0.5881547031535856,0.6205313800573831,0.058852645033086244,10.543814635833748,0.2,0.3657412693458223,-0.049016491673023466,0.09508228302001953
AAPL,1d,3,0.4,1.0,8,21,0.9792693539350957,0.8253994801270059,0.950309113600525,0.042682331543269135,22.264695466252842,0.6571428571428571,1.3020374456909973,-0.06351033831220965,0.10320758819580078
AAPL,1d,3,0.4,1.0,9,21,0.9561234659418217,0.7501497497287926,0.9305133206705423,0.04261488732340384,21.835404928068645,0.6285714285714286,1.1748347383592275,-0.07993947447811467,0.10627937316894531
AAPL,1d,3,0.4,1.0,10,30,0.8579798605712454,0.8386582090372843,0.8701527684353421,0.04785453799740103,18.183286368423406,0.5428571428571428,1.1324104070809167,-0.08474092287294743,0.11719417572021484
AAPL,1d,3,0.4,1.0,12,26,0.8801212291736079,1.3414148137961153,0.8691969022771614,0.04989304309648447,17.421204407121163,0.6,1.1822737125067544,-0.08474092287294743,0.11793112754821777
AAPL,1d,3,0.4,1.0,20,50,0.6691752775032747,0.2169037746168565,0.6990969426844628,0.05040453501218852,13.869723081770546,0.2,0.3654451832568258,-0.049016491673023466,0.10245275497436523
AAPL,1d,3,0.55,0.0,8,21,0.8108625005915352,2.860917679562434,1.1699564128050854,0.3667910412063704,3.1897082572058353,0.22857142857142856,0.3939737714404015,-0.057488980502947484,0.11141610145568848
AAPL,1d,3,0.55,0.0,9,21,0.8870851798372732,3.46307380991394,1.0760520592878513,0.40045138002603475,2.687097892428023,0.2,0.19353504294642757,-0.05876295294920497,0.1145620346069336
AAPL,1d,3,0.55,0.0,10,30,0.800472183419978,2.952410932342157,0.9977637279025332,0.349622252533741,2.8538335894573588,0.14285714285714285,0.21273578873850138,-0.07492079389763229,0.10871219635009766
AAPL,1d,3,0.55,0.0,12,26,0.8385164470070692,3.1854091249637912,0.9917829324363293,0.3804132554572354,2.6071198051294555,0.2,0.22397823215578416,-0.06367491361196187,0.110198974609375
AAPL,1d,3,0.55,0.0,20,50,0.6704541109320906,2.1858586772524897,0.7789850595773771,0.29116082485658945,2.6754459840573137,0.08571428571428572,0.13473810372183914,-0.049016491673023466,0.11534428596496582
AAPL,1d,3,0.55,0.25,8,21,0.506712522028679,2.1214824475203624,0.6588093828446251,0.12482343532620824,5.277930230993249,0.6857142857142857,1.2416645644556086,-0.05373928974914921,0.14507818222045898
AAPL,1d,3,0.55,0.25,9,21,0.5297921209280851,2.7524494141383697,0.6374298894334498,0.1486138939961335,4.289167535372123,0.6571428571428571,1.185779366857845,-0.0676512215775733,0.10869503021240234
AAPL,1d,3,0.55,0.25,10,30,0.49392519891215614,2.227966787268086,0.5993344870727231,0.14037327569839253,4.269576841395789,0.5142857142857142,1.1009641535300918,-0.07251679772327446,0.10004997253417969
AAPL,1d,3,0.55,0.25,12,26,0.5062750953459302,2.4571357985934,0.6048906028768501,0.15753884047135963,3.839628380321985,0.5714285714285714,1.1288042868311523,-0.07251679772327446,0.10816407203674316
AAPL,1d,3,0.55,0.25,20,50,0.4288506980826226,1.479469370200576,0.5192717794005333,0.14427885921597422,3.59908431645709,0.2,0.3666713820821368,-0.049016491673023466,0.1086883544921875
AAPL,1d,3,0.55,0.5,8,21,0.6699951587625494,1.4971513800916019,0.727448957867437,0.05190020469163783,14.016302289933815,0.7142857142857143,1.2902234499622138,-0.06185538963637793,0.1104133129119873
AAPL,1d,3,0.55,0.5,9,21,0.6752792401911717,2.1250011937004563,0.7100406545213541,0.07212303523261628,9.844852649798794,0.6857142857142857,1.2349033166306638,-0.07653949020594186,0.10562348365783691
AAPL,1d,3,0.55,0.5,10,30,0.6085537703727529,1.6106184698775659,0.6615460518453286,0.07762028324952848,8.52285026735389,0.5428571428571428,1.1193127582126126,-0.08135868183458694,0.11570906639099121
AAPL,1d,3,0.55,0.5,12,26,0.6217885175105635,1.8244537692477194,0.663856269854284,0.08413687229434488,7.890194295930632,0.6,1.1570438377079857,-0.08135868183458694,0.11533665657043457
AAPL,1d,3,0.55,0.5,20,50,0.48500415960384463,0.9118805408720143,0.5464878181142003,0.08125827478353388,6.725318985297239,0.2,0.36613212406314083,-0.049016491673023466,0.10764598846435547
AAPL,1d,3,0.55,0.75,8,21,0.8395215829161402,0.9771083455683669,0.849686002955577,0.03581645135485611,23.72334418441412,0.7142857142857143,1.3288093936728829,-0.08139851305942747,0.10803341865539551
AAPL,1d,3,0.55,0.75,9,21,0.8356637709538625,1.5781066163197388,0.8319085053238462,0.0506382647825978,16.428456008424234,0.6857142857142857,1.2712270707112485,-0.08542775883431042,0.11575794219970703
AAPL,1d,3,0.55,0.75,10,30,0.7456606193778836,1.090964198759469,0.7725382735250965,0.05681945970484457,13.596367820780738,0.5428571428571428,1.1275896627653879,-0.09020056594589954,0.11577367782592773
AAPL,1d,3,0.55,0.75,12,26,0.7604686222638279,1.282545820230553,0.7729745834922647,0.05871266261707614,13.165381180778724,0.6,1.1715183285832431,-0.09020056594589954,0.11460041999816895
AAPL,1d,3,0.55,0.75,20,50,0.5779427959670359,0.4599724530819702,0.6252618123173902,0.058680902772712415,10.655286179546428,0.2,0.3657412693458223,-0.049016491673023466,0.10285377502441406
AAPL,1d,3,0.55,1.0,8,21,0.9839649871570347,0.5494521745793617,0.9630489272867045,0.04302638819750473,22.38275085666046,0.7142857142857143,1.3596920627566436,-0.10683923238676662,0.12251996994018555
AAPL,1d,3,0.55,1.0,9,21,0.9739200531561615,1.107183709690509,0.9442534178064133,0.050241989374733294,18.794108863079344,0.6857142857142857,1.299821556819469,-0.10683923238676662,0.10586214065551758
AAPL,1d,3,0.55,1.0,10,30,0.865920839452246,0.6586315767248272,0.8759089735598378,0.049608469303835535,17.65644023795985,0.5428571428571428,1.1329115292453418,-0.09904245005721213,0.12354755401611328
AAPL,1d,3,0.55,1.0,12,26,0.8821371311058757,0.8245595226454769,0.875102979570525,0.050537108694985546,17.316047596869257,0.6,1.1815321777548162,-0.09904245005721213,0.12655329704284668
AAPL,1d,3,0.55,1.0,20,50,0.6643291307088744,0.10356358599176141,0.7032759367543309,0.0499125671734791,14.090157581155525,0.2,0.3654451832568258,-0.049016491673023466,0.10897588729858398
AAPL,1d,3,0.7,0.0,8,21,0.9473751994014765,3.956924064651939,1.2008961311217703,0.3879314675741991,3.0956399042108553,0.22857142857142856,0.3068649720240077,-0.09347567599478224,0.10785365104675293
AAPL,1d,3,0.7,0.0,9,21,0.8114972577661156,2.819395842354906,1.1397776036024536,0.3867548539195735,2.947028568746736,0.17142857142857143,0.10833446670243507,-0.0858598721360685,0.10568928718566895
AAPL,1d,3,0.7,0.0,10,30,0.7515415097565005,2.4859488382391004,1.012393450983244,0.36001047214175985,2.8121222278906317,0.14285714285714285,0.21273578873850138,-0.07492079389763229,0.10878634452819824
AAPL,1d,3,0.7,0.0,12,26,0.8068262727876886,2.8357386615165057,1.0103971299909307,0.3909876382909524,2.5842175839816357,0.2,0.22397823215578416,-0.06367491361196187,0.12820935249328613
AAPL,1d,3,0.7,0.0,20,50,0.6800929341148123,2.259144287631361,0.7890861606778037,0.2918236246138787,2.703983139548312,0.08571428571428572,0.13473810372183914,-0.049016491673023466,0.10340428352355957
AAPL,1d,3,0.7,0.25,8,21,0.5517648444905079,3.2650963641794144,0.6762929551008703,0.12993612326358187,5.204810934130892,0.6857142857142857,1.2338139836838058,-0.05373928974914921,0.11350154876708984
AAPL,1d,3,0.7,0.25,9,21,0.5042511522205989,2.094132388769265,0.6554208417760778,0.13157865289329695,4.981209545499665,0.6571428571428571,1.1772934386553966,-0.0676512215775733,0.10985875129699707
AAPL,1d,3,0.7,0.25,10,30,0.46921049922820296,1.7557666697809577,0.6047379993297172,0.13863588763034365,4.362059562399746,0.5142857142857142,1.1009641535300918,-0.07251679772327446,0.10415506362915039
AAPL,1d,3,0.7,0.25,12,26,0.4901308053934175,2.0992072803712887,0.6110666021446371,0.15661589527197128,3.9016895512648295,0.5714285714285714,1.1288042868311523,-0.07251679772327446,0.10250616073608398
AAPL,1d,3,0.7,0.25,20,50,0.4358181267745427,1.549997286062156,0.5282036163923329,0.14366327986014868,3.6766779716189215,0.2,0.3666713820821368,-0.049016491673023466,0.09969162940979004
AAPL,1d,3,0.7,0.5,8,21,0.6980406932695352,2.635436473774291,0.7444933682276957,0.053994479443022075,13.788323841761004,0.7142857142857143,1.2916504897031222,-0.06185538963637793,0.11384129524230957
AAPL,1d,3,0.7,0.5,9,21,0.667144657356857,1.4838192904206253,0.7243625364623971,0.058313753755113704,12.421812862610919,0.6857142857142857,1.2359809639165062,-0.07653949020594186,0.10544252395629883
AAPL,1d,3,0.7,0.5,10,30,0.5965525396335342,1.1562066094323247,0.6671710243690805,0.072158408261843,9.245922137696004,0.5428571428571428,1.1193127582126126,-0.08135868183458694,0.10580205917358398
AAPL,1d,3,0.7,0.5,12,26,0.6156251602470924,1.4765829872803788,0.6706494193717919,0.07942124048687656,8.444207308529876,0.6,1.1570438377079857,-0.08135868183458694,0.10828876495361328
AAPL,1d,3,0.7,0.5,20,50,0.4960055176249417,0.9764871580517027,0.5554124013604501,0.07958813258143224,6.978583154871343,0.2,0.36613212406314083,-0.049016491673023466,0.10608696937561035
AAPL,1d,3,0.7,0.75,8,21,0.8614286422799342,2.070522449378625,0.8678641202519943,0.03757380113601355,23.097586456861514,0.7142857142857143,1.3362105151889234,-0.08139851305942747,0.10514116287231445
AAPL,1d,3,0.7,0.75,9,21,0.8370085121487486,0.9758474195520617,0.8465394715329746,0.04354575429442928,19.440229828359424,0.6857142857142857,1.2783915320724393,-0.08542775883431042,0.10781002044677734
AAPL,1d,3,0.7,0.75,10,30,0.7404218141015108,0.6699331457085358,0.7792417951642795,0.04971188608404166,15.675160541020572,0.5428571428571428,1.1275896627653879,-0.09020056594589954,0.11091756820678711
AAPL,1d,3,0.7,0.75,12,26,0.7600653991360065,0.957436513373142,0.781208125528319,0.051912845444965446,15.048455133450622,0.6,1.1715183285832431,-0.09020056594589954,0.11558651924133301
AAPL,1d,3,0.7,0.75,20,50,0.592387716705895,0.5170034850054115,0.6349015460563046,0.058299811743619694,10.890284669328935,0.2,0.3657412693458223,-0.049016491673023466,0.10607767105102539
AAPL,1d,3,0.7,1.0,8,21,1.002489087938342,1.5703229152847413,0.982361125588158,0.04476208461851681,21.94627738990027,0.7142857142857143,1.371563523560138,-0.10683923238676662,0.10948514938354492
AAPL,1d,3,0.7,1.0,9,21,0.9818022298948538,0.5575269894004482,0.9597426170387842,0.049360979187273356,19.443346401163627,0.6857142857142857,1.3115175660039982,-0.10683923238676662,0.10473871231079102
AAPL,1d,3,0.7,1.0,10,30,0.8652467118201103,0.2801847051188928,0.8835953992474016,0.04288433938464223,20.604150884129872,0.5428571428571428,1.1329115292453418,-0.09904245005721213,0.09944343566894531
AAPL,1d,3,0.7,1.0,12,26,0.8857298023741601,0.5301968727700161,0.884597236763228,0.0441484226314857,20.036893370961625,0.6,1.1815321777548162,-0.09904245005721213,0.10244560241699219
AAPL,1d,3,0.7,1.0,20,50,0.6814790192910122,0.15242612658822585,0.7135379341920112,0.051779806036141025,13.780235748546051,0.2,0.3654451832568258,-0.049016491673023466,0.09739995002746582
AAPL,1d,3,0.85,0.0,8,21,0.9712485779504585,4.2218227745021215,1.2760371245251783,0.39031419530115025,3.269256255311547,0.2571428571428571,0.1961624988566609,-0.08271577686005749,0.10244536399841309
AAPL,1d,3,0.85,0.0,9,21,0.9846619536223322,4.312295584390051,1.2289855618989631,0.420306536231668,2.9240220076462498,0.22857142857142856,0.06497720342545625,-0.09347567599478224,0.1042015552520752
AAPL,1d,3,0.85,0.0,10,30,0.8050751739324644,2.822726342903121,1.009743629057988,0.38361068776878265,2.632209323809561,0.14285714285714285,0.16763689269882687,-0.06374709350175822,0.10206341743469238
AAPL,1d,3,0.85,0.0,12,26,0.8975355795337198,3.5248548402216056,1.0259742912888552,0.3828572580597511,2.679782790297096,0.2,0.18856297015614187,-0.06493155084535063,0.09959125518798828
AAPL,1d,3,0.85,0.0,20,50,0.6705524588022685,2.201515519572792,0.7813644733107241,0.30461470785706735,2.565091090996694,0.08571428571428572,0.1766246979121254,-0.027265621972013876,0.09625840187072754
AAPL,1d,3,0.85,0.25,8,21,0.5652201697344152,3.5466151753911177,0.702514771261705,0.13175982437772343,5.331782844881197,0.6857142857142857,1.1839516380658837,-0.060102131169300965,0.10381889343261719
AAPL,1d,3,0.85,0.25,9,21,0.5648896702881548,3.659975713547973,0.692148772703874,0.14632016934762151,4.730371593949533,0.6571428571428571,1.132920010589239,-0.06373016045670954,0.10402989387512207
AAPL,1d,3,0.85,0.25,10,30,0.49142272639063383,2.090934309478126,0.6045959646022354,0.14347785883340067,4.21386246991783,0.5142857142857142,1.1605684134996852,-0.06583922621623262,0.11073040962219238
AAPL,1d,3,0.85,0.25,12,26,0.5254896708846855,2.8221995674109563,0.6147161534651177,0.1507106450554646,4.078783905668305,0.5714285714285714,1.1968601473091776,-0.06583922621623262,0.11240196228027344
AAPL,1d,3,0.85,0.25,20,50,0.43366590217258866,1.4941031631427304,0.5242514971999167,0.1454902750891097,3.6033439133909386,0.2,0.4089960919485689,-0.027265621972013876,0.10104084014892578
AAPL,1d,3,0.85,0.5,8,21,0.7201883724942623,2.9199999694243033,0.7706133552790333,0.05748106079295907,13.406387158627851,0.7142857142857143,1.2448448696222956,-0.0681636568192473,0.1101686954498291
AAPL,1d,3,0.85,0.5,9,21,0.7060020994644757,3.048473761337145,0.7554525998400614,0.06236178896859221,12.114030279351613,0.6857142857142857,1.1944589112653354,-0.07265580935022897,0.12113618850708008
AAPL,1d,3,0.85,0.5,10,30,0.6212458229793332,1.4732799083390917,0.6765024212959562,0.07365947349058509,9.184187576122499,0.5428571428571428,1.181011026991526,-0.07474476896121673,0.10746884346008301
AAPL,1d,3,0.85,0.5,12,26,0.6434469080302566,2.197869588219777,0.680423564052473,0.07724282227511609,8.808890509321442,0.6,1.2340290316773934,-0.07474476896121673,0.10529303550720215
AAPL,1d,3,0.85,0.5,20,50,0.5078512120142502,0.9251084356828483,0.5580759947509424,0.07888412443580334,7.074630018935053,0.2,0.4083912489898222,-0.027265621972013876,0.10256266593933105
AAPL,1d,3,0.85,0.75,8,21,0.8905172282845087,2.347659681041527,0.8969610864766949,0.04107464005050818,21.837345022956512,0.7142857142857143,1.2933565458494927,-0.07895506012647924,0.10958409309387207
AAPL,1d,3,0.85,0.75,9,21,0.867870751574691,2.484430999479615,0.8777426007262823,0.041930811453041825,20.9331174453722,0.6857142857142857,1.2406671922908956,-0.0815814582437483,0.11209511756896973
AAPL,1d,3,0.85,0.75,10,30,0.7689679644230304,0.9587121461078019,0.7952717329480704,0.04959770299526614,16.0344468578308,0.5428571428571428,1.1897756945515066,-0.08365031170620107,0.1023097038269043
AAPL,1d,3,0.85,0.75,12,26,0.7865566282619445,1.650599198767913,0.7960441671247239,0.05071607820808241,15.696090771424469,0.6,1.251266168226272,-0.08365031170620107,0.10290861129760742
AAPL,1d,3,0.85,0.75,20,50,0.6129808633522547,0.47171346899262434,0.6420664979541546,0.05663268301613604,11.33738441760236,0.2,0.4079517839227011,-0.027265621972013876,0.10504937171936035
AAPL,1d,3,0.85,1.0,8,21,1.0370195864900773,1.8323930901038898,1.014317357964557,0.04657278329144455,21.77918703327503,0.7142857142857143,1.3321561474089343,-0.09425617788465801,0.10572028160095215
AAPL,1d,3,0.85,1.0,9,21,1.0081860749893723,1.9717088677109191,0.9919421386092662,0.047559414724562286,20.856903819234194,0.6857142857142857,1.2771254581961546,-0.09157664673137278,0.10625123977661133
AAPL,1d,3,0.85,1.0,10,30,0.8971300109689847,0.5353174272889627,0.9046260835718407,0.041924180649647445,21.577668771433654,0.5428571428571428,1.1953079176595405,-0.09255585445118497,0.10390138626098633
AAPL,1d,3,0.85,1.0,12,26,0.9120567304348931,1.1768764507839617,0.9033331714428915,0.042081792072366384,21.46612886374861,0.6,1.2626124696529664,-0.09255585445118497,0.11787772178649902
AAPL,1d,3,0.85,1.0,20,50,0.7083683719226239,0.11389209345944828,0.7239769429733344,0.05005019591840002,14.465017163043267,0.2,0.4076182559577354,-0.027265621972013876,0.09886431694030762
AAPL,1d,3,1.0,0.0,8,21,1.0535235218343686,5.0477601138914485,1.3226261439552829,0.39684095111515094,3.332887244218649,0.2857142857142857,0.1942893072441076,-0.08271577686005749,0.11431670188903809
AAPL,1d,3,1.0,0.0,9,21,1.0397057004809969,4.949567176861469,1.3130509691718522,0.4139312255376441,3.1721476616468487,0.2571428571428571,0.09713526880076001,-0.09347567599478224,0.1056361198425293
AAPL,1d,3,1.0,0.0,10,30,0.8035335040555169,2.8284466971558637,1.0286864358667995,0.3745194726746268,2.7466834461782357,0.14285714285714285,0.17107646534464363,-0.06374709350175822,0.1092989444732666
AAPL,1d,3,1.0,0.0,12,26,0.8362940281857771,3.0565735245384014,1.0997813681242368,0.3845919900952326,2.8596054947787892,0.2,0.19200254280195864,-0.06493155084535063,0.11165046691894531
AAPL,1d,3,1.0,0.0,20,50,0.7073750247855218,2.4401902835566625,0.7827119341270763,0.3006041636020532,2.603796051086134,0.08571428571428572,0.1766246979121254,-0.027265621972013876,0.10664892196655273
AAPL,1d,3,1.0,0.25,8,21,0.5913424232003129,4.463620499327352,0.7207752715801768,0.13493694204196888,5.34157111220141,0.6857142857142857,1.1858339442836114,-0.06058481835679119,0.1131749153137207
AAPL,1d,3,1.0,0.25,9,21,0.5867972551666878,4.371566167140043,0.7257618953637098,0.1489947218610308,4.8710577549225995,0.6571428571428571,1.1386984529211526,-0.059436377477557145,0.10974431037902832
AAPL,1d,3,1.0,0.25,10,30,0.4937079700998353,2.1001728504333697,0.6110867758616497,0.13960917347421503,4.377124802436523,0.5142857142857142,1.1615643488476142,-0.06155511552414694,0.10294485092163086
AAPL,1d,3,1.0,0.25,12,26,0.5049497049084012,2.3309556487503524,0.6420323051136022,0.14651702912745793,4.381963713959053,0.5714285714285714,1.1978560826571067,-0.06155511552414694,0.12315225601196289
AAPL,1d,3,1.0,0.25,20,50,0.4505724949603444,1.7220176573722368,0.5262298946341877,0.14062779698187844,3.7420048235698284,0.2,0.4089960919485689,-0.027265621972013876,0.09805798530578613
AAPL,1d,3,1.0,0.5,8,21,0.736826638639108,3.888480051413052,0.7930652329403045,0.06002344673941274,13.212590679494587,0.7142857142857143,1.2464076825335781,-0.06874284282539855,0.11580610275268555
AAPL,1d,3,1.0,0.5,9,21,0.724768770843127,3.804518473993318,0.7803798735180659,0.06413157587746834,12.16841879901848,0.6857142857142857,1.198410115962829,-0.06750361331223798,0.10822224617004395
AAPL,1d,3,1.0,0.5,10,30,0.6282383921258161,1.4857403500186401,0.6869853048802349,0.07067959347764242,9.719712169786943,0.5428571428571428,1.181630312880956,-0.06960417889384551,0.10769939422607422
AAPL,1d,3,1.0,0.5,12,26,0.6353328325050193,1.7078990540880001,0.7000815538451075,0.07035844042266977,9.950214212245934,0.6,1.2346483175668235,-0.06960417889384551,0.10701227188110352
AAPL,1d,3,1.0,0.5,20,50,0.5185417546452978,1.135741563299585,0.5619286198818357,0.07323131973353812,7.673337336080896,0.2,0.4083912489898222,-0.027265621972013876,0.10084652900695801
AAPL,1d,3,1.0,0.75,8,21,0.9037800049987543,3.3333324644324582,0.9241226201221485,0.042176421105568435,21.910882808407354,0.7142857142857143,1.2948088858040576,-0.07690086729400603,0.10845518112182617
AAPL,1d,3,1.0,0.75,9,21,0.8866108072737765,3.258722963621035,0.9006306628641305,0.04161029597032222,21.64441857146339,0.6857142857142857,1.2439470425458015,-0.07557084914691858,0.1041407585144043
AAPL,1d,3,1.0,0.75,10,30,0.7790539867856878,0.9738250480378212,0.8097131684421071,0.04661406173457591,17.370577424740986,0.5428571428571428,1.1902602846241273,-0.07765324226354442,0.10180234909057617
AAPL,1d,3,1.0,0.75,12,26,0.7844588587532014,1.1799337561706156,0.8140027942976099,0.04500961897995706,18.085085205011136,0.6,1.251750758298893,-0.07765324226354442,0.11287093162536621
AAPL,1d,3,1.0,0.75,20,50,0.6212886558499731,0.6612906734333222,0.6473410398390073,0.05073491645145014,12.759280691010273,0.2,0.4079517839227011,-0.027265621972013876,0.1083071231842041
AAPL,1d,3,1.0,1.0,8,21,1.0484149307065957,2.8066892127893004,1.0453798799559255,0.045959757088969655,22.745548413849576,0.7142857142857143,1.3335290811700669,-0.08505889176261339,0.11981344223022461
AAPL,1d,3,1.0,1.0,9,21,1.0273956323077658,2.7420692635932182,1.014154952672426,0.0454208326758374,22.3279691922497,0.6857142857142857,1.2800066346635979,-0.08363808498159964,0.11183023452758789
AAPL,1d,3,1.0,1.0,10,30,0.9094963434340951,0.552370932053732,0.9222411060143031,0.0385698288293441,23.91094630196175,0.5428571428571428,1.1957164648335181,-0.08570230563324321,0.11002421379089355
AAPL,1d,3,1.0,1.0,12,26,0.913914355092746,0.7380701025963907,0.9208432236959491,0.040179414755297856,22.918283636138113,0.6,1.263021016826944,-0.08570230563324321,0.10913205146789551
AAPL,1d,3,1.0,1.0,20,50,0.715347572140143,0.2807282126248607,0.7303319859943624,0.045070248515718433,16.20430350499745,0.2,0.4076182559577354,-0.027265621972013876,0.10662031173706055
AAPL,1d,5,0.0,0.0,8,21,0.782093916290558,2.8227008073898725,1.0267431522109516,0.4171891055879603,2.461097709548105,0.22857142857142856,0.1478154293632348,-0.0715138336057961,0.10873961448669434
AAPL,1d,5,0.0,0.0,9,21,0.7028291207619343,2.1840966274508933,0.9372831014834689,0.3534439736460631,2.6518576390329383,0.17142857142857143,0.06504939610562797,-0.06425155953189898,0.1102149486541748
AAPL,1d,5,0.0,0.0,10,30,0.8009613527037445,2.935498880006126,1.0253736907359228,0.3655235045063705,2.8052195771121804,0.14285714285714285,0.23184051950776527,-0.0496347442297963,0.10666942596435547
AAPL,1d,5,0.0,0.0,12,26,0.7776285989963166,2.7299536477103516,1.0825017897725209,0.38611333355633526,2.8035856203204133,0.17142857142857143,0.17639751384637822,-0.09273163468992596,0.10523319244384766
AAPL,1d,5,0.0,0.0,20,50,0.609958067000449,1.9679035994628178,0.6598446997078464,0.3266140051094508,2.0202584377443564,0.08571428571428572,0.14568943327178766,-0.020471460749918235,0.10526871681213379
AAPL,1d,5,0.0,0.25,8,21,0.4913342622648723,2.07719482621057,0.6130568813661055,0.15666203374163137,3.91324475192991,0.6,1.0636788827452452,-0.06844760977791475,0.11094141006469727
AAPL,1d,5,0.0,0.25,9,21,0.44977748768946363,1.4596568665654255,0.5784281855136405,0.1491371728946509,3.878497723181576,0.6,1.016530597946793,-0.08533841421852939,0.10966062545776367
AAPL,1d,5,0.0,0.25,10,30,0.48676960862197804,2.2556475156415656,0.6283232574526781,0.1609091618180706,3.9048320826074643,0.4857142857142857,0.9911481384540667,-0.053939859671698454,0.1038355827331543
AAPL,1d,5,0.0,0.25,12,26,0.475267507803922,2.0372956433979224,0.6534987377822178,0.1824593019303646,3.581613712583559,0.5428571428571428,1.033539845240964,-0.053939859671698454,0.11152863502502441
AAPL,1d,5,0.0,0.25,20,50,0.4104721495437615,1.2658688454896412,0.4636251938025084,0.15592098870510385,2.9734623776621314,0.2,0.37744733708650524,-0.020471460749918235,0.10169267654418945
AAPL,1d,5,0.0,0.5,8,21,0.6246286514516323,1.4484564552463164,0.6738444774189147,0.07825929562252873,8.610408157378473,0.6571428571428571,1.116781817893248,-0.0899238696219461,0.11356019973754883
AAPL,1d,5,0.0,0.5,9,21,0.5811360452070671,0.8788382533633612,0.6502784594620754,0.08328329412595914,7.808030005136236,0.6285714285714286,1.0735413619723546,-0.10642526890515991,0.10753250122070312
AAPL,1d,5,0.0,0.5,10,30,0.5688521781193395,1.6695122788599313,0.6656345120811539,0.09133714868303235,7.28766467618896,0.5142857142857142,1.0060785525827998,-0.05824497511360083,0.1055295467376709
AAPL,1d,5,0.0,0.5,12,26,0.5683633292468925,1.4493634986750994,0.6806599323249366,0.10636992423503197,6.398988597763497,0.5714285714285714,1.0674146004432512,-0.05838086352578553,0.10838055610656738
AAPL,1d,5,0.0,0.5,20,50,0.47496745320009803,0.7127706346163014,0.506024466998196,0.09093764938613562,5.5645210802572675,0.2,0.376941740694847,-0.020471460749918235,0.10811257362365723
AAPL,1d,5,0.0,0.75,8,21,0.7715917540870685,0.9257746936869369,0.7837573601931388,0.048373096889089626,16.202339949210742,0.6571428571428571,1.1487249160563344,-0.1114001294659771,0.11054468154907227
AAPL,1d,5,0.0,0.75,9,21,0.7239818666960822,0.41910269459642846,0.7646069657846235,0.059256534860070896,12.903335768623254,0.6285714285714286,1.1071875463989933,-0.12751212359179043,0.11011409759521484
AAPL,1d,5,0.0,0.75,10,30,0.6827028052916208,1.1696440012463172,0.7596453380055264,0.06642151239893787,11.436736541664077,0.5142857142857142,1.0134267313971712,-0.06255009055550298,0.10759401321411133
AAPL,1d,5,0.0,0.75,12,26,0.6875916732364612,0.9562285806031883,0.7703653527923788,0.07627649824597452,10.099642360457139,0.5714285714285714,1.0841864783848194,-0.08732129528867871,0.10327458381652832
AAPL,1d,5,0.0,0.75,20,50,0.5695739053271305,0.28087431612118374,0.5885309291090757,0.06703168815496957,8.77989120232896,0.2,0.3765739435567746,-0.020471460749918235,0.09757328033447266
AAPL,1d,5,0.0,1.0,8,21,0.8986824020981626,0.4972328638318413,0.8864751544052094,0.03782502558721335,23.436207659959386,0.6571428571428571,1.172101790198815,-0.13287638931000856,0.11022162437438965
AAPL,1d,5,0.0,1.0,9,21,0.8472645426787313,0.0597530663901471,0.8698836061806148,0.04971539504803137,17.497268307738416,0.6285714285714286,1.131544991770376,-0.14859897827842128,0.10647964477539062
AAPL,1d,5,0.0,1.0,10,30,0.7852927377755246,0.7477825838098264,0.850629556950314,0.05643445121718542,15.072877269182698,0.5142857142857142,1.018298679595869,-0.06685520599740558,0.10506129264831543
AAPL,1d,5,0.0,1.0,12,26,0.7937018995659296,0.5473087388210454,0.8588271424379121,0.06144960199816838,13.97612213116549,0.5714285714285714,1.0954892162726073,-0.11626172705157156,0.10944485664367676
AAPL,1d,5,0.0,1.0,20,50,0.6564741188422277,-0.05318267399519827,0.6679100142358423,0.056991669209342864,11.719432392521488,0.2,0.3762945791281907,-0.020471460749918235,0.10043692588806152
AAPL,1d,5,0.1,0.0,8,21,0.7214690896703746,2.3652136760254288,1.0725337644828286,0.4184911339561308,2.562858989015665,0.22857142857142856,0.17222069909348822,-0.0715138336057961,0.10590124130249023
AAPL,1d,5,0.1,0.0,9,21,0.7405023542256481,2.417694679235231,0.9737078907874498,0.35459030242442197,2.746008235786391,0.17142857142857143,0.0896513270520592,-0.055018926299078896,0.10481500625610352
AAPL,1d,5,0.1,0.0,10,30,0.6980067211333857,2.2420050256600796,1.0181852925437567,0.3417668439362101,2.9791810136322012,0.14285714285714285,0.23184051950776527,-0.0496347442297963,0.10486507415771484
AAPL,1d,5,0.1,0.0,12,26,0.7216462728031308,2.3718216177253004,1.0640577083313667,0.3867022765305515,2.751619974617089,0.17142857142857143,0.17639751384637822,-0.09273163468992596,0.10647988319396973
AAPL,1d,5,0.1,0.0,20,50,0.6197175064004264,2.034812805513357,0.6866901575110457,0.30767789445948407,2.2318475583609763,0.08571428571428572,0.14568943327178766,-0.020471460749918235,0.09812641143798828
AAPL,1d,5,0.1,0.25,8,21,0.4682931242483206,1.6224723333025475,0.6287637649548674,0.1544953691512342,4.069790365945376,0.6285714285714286,1.0697622326217027,-0.06357700212965967,0.1118626594543457
AAPL,1d,5,0.1,0.25,9,21,0.4637952426224911,1.6881921021537396,0.5914562320883241,0.15098352659412886,3.9173560548646202,0.6,1.0225723930093387,-0.05288205077556718,0.10679912567138672
AAPL,1d,5,0.1,0.25,10,30,0.4484894140657941,1.5511056478379421,0.6206532846110695,0.15188996239268743,4.086203425388103,0.4857142857142857,0.9911481384540667,-0.053939859671698454,0.10885953903198242
AAPL,1d,5,0.1,0.25,12,26,0.45485592897197213,1.6751837502260902,0.64203870861412,0.18052319202285566,3.5565441837125995,0.5428571428571428,1.033539845240964,-0.053939859671698454,0.10653495788574219
AAPL,1d,5,0.1,0.25,20,50,0.4162819938434347,1.3316859043056208,0.4742589275668553,0.14645845318906306,3.238180639219472,0.2,0.37744733708650524,-0.020471460749918235,0.09884190559387207
AAPL,1d,5,0.1,0.5,8,21,0.6132334698362256,1.0195262047875295,0.687942127287269,0.07669251225054892,8.97013420345146,0.6571428571428571,1.120633077991917,-0.07063164237742214,0.11059236526489258
AAPL,1d,5,0.1,0.5,9,21,0.5896189680243139,1.0911186207739818,0.6617798609669847,0.08554915816288737,7.735667716413318,0.6285714285714286,1.0773733159389198,-0.06748022954235766,0.11198902130126953
AAPL,1d,5,0.1,0.5,10,30,0.560033696897929,0.9884089821070923,0.6631398393065376,0.08865134596433269,7.480313266460052,0.5142857142857142,1.0060785525827998,-0.05824497511360083,0.11120462417602539
AAPL,1d,5,0.1,0.5,12,26,0.5598543585664778,1.1012710143424398,0.6743565391561652,0.10586327870896525,6.370070409495601,0.5714285714285714,1.0674146004432512,-0.05838086352578553,0.09953951835632324
AAPL,1d,5,0.1,0.5,20,50,0.4793283260248173,0.7743671453550265,0.5139630452238613,0.08596989234695922,5.978407453967695,0.2,0.376941740694847,-0.020471460749918235,0.10233068466186523
AAPL,1d,5,0.1,0.75,8,21,0.7663902238653629,0.5369020251310916,0.798740580095109,0.04763556473600559,16.767736134161474,0.6571428571428571,1.1517772875820058,-0.07768628262518451,0.10528111457824707
AAPL,1d,5,0.1,0.75,9,21,0.730562114303594,0.6086904894140375,0.7766230167220632,0.061677759977672615,12.591621631576782,0.6285714285714286,1.110227311998392,-0.08207840830914792,0.10254859924316406
AAPL,1d,5,0.1,0.75,10,30,0.6899282683877551,0.5351145025776329,0.7607390713714962,0.06544187031871278,11.624653569138085,0.5142857142857142,1.0134267313971712,-0.06255009055550298,0.1093592643737793
AAPL,1d,5,0.1,0.75,12,26,0.6852721866997754,0.6340442004978311,0.7670447936235296,0.07581015085179924,10.117969493597506,0.5714285714285714,1.0841864783848194,-0.08732129528867871,0.1076195240020752
AAPL,1d,5,0.1,0.75,20,50,0.5733606500961005,0.33637712848299395,0.5957440548229043,0.06449352739605009,9.23726889931889,0.2,0.3765739435567746,-0.020471460749918235,0.11803054809570312
AAPL,1d,5,0.1,1.0,8,21,0.8977067144164632,0.1558221716227881,0.9025495428126235,0.038028836519155465,23.733293611494034,0.6571428571428571,1.17470970441816,-0.08474092287294743,0.11625099182128906
AAPL,1d,5,0.1,1.0,9,21,0.8528409614406479,0.22376982422533653,0.8826131113675789,0.05181589966684847,17.033634792454833,0.6285714285714286,1.1341436838947223,-0.0966765870759384,0.10363435745239258
AAPL,1d,5,0.1,1.0,10,30,0.8035687376342444,0.17382701113624144,0.8543240915861003,0.05500421327802063,15.53197547373127,0.5142857142857142,1.018298679595869,-0.06685520599740558,0.10446858406066895
AAPL,1d,5,0.1,1.0,12,26,0.7955824163611434,0.25801460826230316,0.8575708347844634,0.06032353878077772,14.216189104902627,0.5714285714285714,1.0954892162726073,-0.11626172705157156,0.11365675926208496
AAPL,1d,5,0.1,1.0,20,50,0.6599171435733528,-0.004706520905261469,0.6748021585014633,0.056218458729738796,12.003213424001292,0.2,0.3762945791281907,-0.020471460749918235,0.10408568382263184
AAPL,1d,5,0.25,0.0,8,21,0.7314462195711041,2.4195219213814587,1.135608887525129,0.4010323420894434,2.831713975008656,0.22857142857142856,0.17222069909348822,-0.0715138336057961,0.10651803016662598
AAPL,1d,5,0.25,0.0,9,21,0.8074226971112568,2.858534634153155,1.033265254914764,0.34231599468590146,3.0184545009731614,0.17142857142857143,0.0896513270520592,-0.055018926299078896,0.10660767555236816
AAPL,1d,5,0.25,0.0,10,30,0.6607653561888078,1.979510423224705,1.036927114495029,0.3792342683461632,2.734265336877539,0.14285714285714285,0.23184051950776527,-0.0496347442297963,0.10488724708557129
AAPL,1d,5,0.25,0.0,12,26,0.7241037921825781,2.3421763764126475,1.0700525872615279,0.4055773780846246,2.6383438650226174,0.17142857142857143,0.17639751384637822,-0.09273163468992596,0.1057436466217041
AAPL,1d,5,0.25,0.0,20,50,0.6756054189392796,2.2395385710605966,0.6981521678287245,0.31436077200078083,2.220862874795938,0.08571428571428572,0.14568943327178766,-0.020471460749918235,0.11719441413879395
AAPL,1d,5,0.25,0.25,8,21,0.4762413380422634,1.6733928698149945,0.6531338805436024,0.1445841321044628,4.517327531293059,0.6285714285714286,1.0697622326217027,-0.06357700212965967,0.12599706649780273
AAPL,1d,5,0.25,0.25,9,21,0.4918723134913717,2.1349381251215935,0.6191259771534178,0.13903010154634646,4.453179349416131,0.6,1.0225723930093387,-0.05288205077556718,0.12240958213806152
AAPL,1d,5,0.25,0.25,10,30,0.42998558751161925,1.262402734504473,0.6259487302061609,0.1619148424620146,3.8659132213466423,0.4857142857142857,0.9911481384540667,-0.053939859671698454,0.12343287467956543
AAPL,1d,5,0.25,0.25,12,26,0.4522250564385598,1.6089984332185714,0.6468378610206755,0.18605151737920603,3.476659960274901,0.5428571428571428,1.033539845240964,-0.053939859671698454,0.12295651435852051
AAPL,1d,5,0.25,0.25,20,50,0.43264645727289436,1.537215322682849,0.47900530342678993,0.146753170937665,3.264020125536181,0.2,0.37744733708650524,-0.020471460749918235,0.11035680770874023
AAPL,1d,5,0.25,0.5,8,21,0.6313545013565893,1.064823866583875,0.7061297513412869,0.0680953063905758,10.36972720691089,0.6571428571428571,1.120633077991917,-0.07063164237742214,0.11710858345031738
AAPL,1d,5,0.25,0.5,9,21,0.6180300402458162,1.5214386121120742,0.686481764271063,0.07812441302419786,8.787032602196136,0.6285714285714286,1.0773733159389198,-0.06748022954235766,0.1078338623046875
AAPL,1d,5,0.25,0.5,10,30,0.5524686854095655,0.6988874260110423,0.6657002370444804,0.09239013410672609,7.20531735862062,0.5142857142857142,1.0060785525827998,-0.05824497511360083,0.11545228958129883
AAPL,1d,5,0.25,0.5,12,26,0.5623963797781467,1.0136055486202094,0.6796491423572438,0.10937283042145068,6.214058278809506,0.5714285714285714,1.0674146004432512,-0.05838086352578553,0.10836219787597656
AAPL,1d,5,0.25,0.5,20,50,0.48799596892083985,0.9712597881472602,0.5167268324513625,0.0827143000695464,6.2471281509593535,0.2,0.376941740694847,-0.020471460749918235,0.10734677314758301
AAPL,1d,5,0.25,0.75,8,21,0.7926794058342609,0.5756180121319681,0.8157825591237312,0.04329321163318159,18.843198006093036,0.6571428571428571,1.1517772875820058,-0.07768628262518451,0.11238312721252441
AAPL,1d,5,0.25,0.75,9,21,0.7618344795833701,1.0076863852232751,0.8015612271211158,0.058774629232291695,13.637878070708876,0.6285714285714286,1.110227311998392,-0.08207840830914792,0.10218453407287598
AAPL,1d,5,0.25,0.75,10,30,0.6881424256582922,0.2614848505323577,0.7626382432631839,0.06638909594177846,11.4874021470634,0.5142857142857142,1.0134267313971712,-0.06255009055550298,0.10365486145019531
AAPL,1d,5,0.25,0.75,12,26,0.6914666734065953,0.5364074745485545,0.7729558620921632,0.07811343183270214,9.895300257036789,0.5714285714285714,1.0841864783848194,-0.08732129528867871,0.10554623603820801
AAPL,1d,5,0.25,0.75,20,50,0.5799931991641348,0.5185975342936322,0.598445354538414,0.060612399789755717,9.87331563531921,0.2,0.3765739435567746,-0.020471460749918235,0.10637474060058594
AAPL,1d,5,0.25,1.0,8,21,0.9304049330068298,0.18785329683096452,0.9194063167015634,0.039830209434440274,23.08314040414193,0.6571428571428571,1.17470970441816,-0.08474092287294743,0.10961675643920898
AAPL,1d,5,0.25,1.0,9,21,0.886857840016596,0.5825685103975953,0.9081351134872465,0.05282776979015116,17.190487448072297,0.6285714285714286,1.1341436838947223,-0.0966765870759384,0.10785937309265137
AAPL,1d,5,0.25,1.0,10,30,0.8057354970559758,-0.07392751754699989,0.855962579428871,0.05426496515830935,15.77376078528268,0.5142857142857142,1.018298679595869,-0.06685520599740558,0.10434246063232422
AAPL,1d,5,0.25,1.0,12,26,0.8045569859530967,0.15880568327065592,0.8639336680360904,0.061595702353827685,14.025875751417644,0.5714285714285714,1.0954892162726073,-0.11626172705157156,0.10476398468017578
AAPL,1d,5,0.25,1.0,20,50,0.6656652225622602,0.15939325365894774,0.6777168905015681,0.05274378437814418,12.849227610266027,0.2,0.3762945791281907,-0.020471460749918235,0.09939789772033691
AAPL,1d,5,0.4,0.0,8,21,0.7997617157330342,2.8925122647560584,1.1425402607467787,0.42498566847702757,2.688420682140104,0.22857142857142856,0.17222069909348822,-0.0715138336057961,0.10160493850708008
AAPL,1d,5,0.4,0.0,9,21,0.8399393855115502,3.1678321409382626,1.0486545694902953,0.3672270627157355,2.855602639236972,0.17142857142857143,0.0896513270520592,-0.055018926299078896,0.11091303825378418
AAPL,1d,5,0.4,0.0,10,30,0.7305352149924569,2.394273418669113,1.0317983712909515,0.42280043943150636,2.440390962408408,0.14285714285714285,0.23184051950776527,-0.0496347442297963,0.1133427619934082
AAPL,1d,5,0.4,0.0,12,26,0.7829952826381025,2.7321563748757933,1.0530811465316596,0.41518592697414475,2.5364085777339924,0.17142857142857143,0.17639751384637822,-0.09273163468992596,0.0989389419555664
AAPL,1d,5,0.4,0.0,20,50,0.6766170167742016,2.2417114074620614,0.694736977139575,0.3101288378509694,2.2401560008212678,0.08571428571428572,0.14568943327178766,-0.020471460749918235,0.09971213340759277
AAPL,1d,5,0.4,0.25,8,21,0.5038026126732079,2.136284047380442,0.651925856492968,0.1513122518470289,4.308480301727589,0.6285714285714286,1.0697622326217027,-0.06357700212965967,0.10369110107421875
AAPL,1d,5,0.4,0.25,9,21,0.5098337343804312,2.446411172463278,0.6325120777697265,0.14844638391855947,4.2608789858885,0.6,1.0225723930093387,-0.05288205077556718,0.10408377647399902
AAPL,1d,5,0.4,0.25,10,30,0.45798222859822246,1.6707524859674727,0.627836987396488,0.16831338368392018,3.7301667499924926,0.4857142857142857,0.9911481384540667,-0.053939859671698454,0.10326766967773438
AAPL,1d,5,0.4,0.25,12,26,0.4756032778281963,1.999239694728109,0.6412585976968428,0.18164923925372087,3.5302024953771305,0.5428571428571428,1.033539845240964,-0.053939859671698454,0.10329794883728027
AAPL,1d,5,0.4,0.25,20,50,0.4335341013589027,1.5434034479565293,0.47674853227401204,0.1465870945935315,3.2523226795372318,0.2,0.37744733708650524,-0.020471460749918235,0.11134600639343262
AAPL,1d,5,0.4,0.5,8,21,0.658374824171563,1.4955275934565497,0.7129528278869675,0.07085416996807083,10.062256437528617,0.6571428571428571,1.120633077991917,-0.07063164237742214,0.10885953903198242
AAPL,1d,5,0.4,0.5,9,21,0.6389876914986543,1.8229447463295916,0.701150788324592,0.07887574547793134,8.889307911780904,0.6285714285714286,1.0773733159389198,-0.06748022954235766,0.11286759376525879
AAPL,1d,5,0.4,0.5,10,30,0.5709512569589766,1.0810895275197137,0.6709516381936375,0.09156300246349343,7.327759249279192,0.5142857142857142,1.0060785525827998,-0.05824497511360083,0.10528397560119629
AAPL,1d,5,0.4,0.5,12,26,0.577050861794732,1.3844793650459848,0.6779903356628003,0.10411427948922006,6.511982208290642,0.5714285714285714,1.0674146004432512,-0.05838086352578553,0.10795712471008301
AAPL,1d,5,0.4,0.5,20,50,0.4885234027809827,0.981053055966614,0.5143098787078948,0.08223333455780067,6.254274881026422,0.2,0.376941740694847,-0.020471460749918235,0.10103535652160645
AAPL,1d,5,0.4,0.75,8,21,0.821871039462177,0.9614445972472958,0.8278908932512967,0.04430494973671201,18.686194165011976,0.6571428571428571,1.1517772875820058,-0.07768628262518451,0.10367989540100098
AAPL,1d,5,0.4,0.75,9,21,0.7866794113460154,1.290623843782405,0.8179033968255645,0.05573409614193192,14.675099327756199,0.6285714285714286,1.110227311998392,-0.08207840830914792,0.1021583080291748
AAPL,1d,5,0.4,0.75,10,30,0.7029955244783087,0.6058873067072177,0.7700537844704916,0.06333517127981104,12.158391126289679,0.5142857142857142,1.0134267313971712,-0.06255009055550298,0.10099387168884277
AAPL,1d,5,0.4,0.75,12,26,0.7028859196589883,0.8754055723249796,0.7736689825569009,0.07376324911911508,10.48854262517039,0.5714285714285714,1.0841864783848194,-0.08732129528867871,0.10878658294677734
AAPL,1d,5,0.4,0.75,20,50,0.5806274961542411,0.5312592796359168,0.5962359912588348,0.06054791809349008,9.847340916630792,0.2,0.3765739435567746,-0.020471460749918235,0.09691095352172852
AAPL,1d,5,0.4,1.0,8,21,0.9618374777615093,0.5230768520297526,0.9353747589275689,0.04089845252415962,22.870663831963384,0.6571428571428571,1.17470970441816,-0.08474092287294743,0.10541534423828125
AAPL,1d,5,0.4,1.0,9,21,0.9150625744567312,0.841347749356756,0.9258878507833227,0.049597847622807494,18.667903853907454,0.6285714285714286,1.1341436838947223,-0.0966765870759384,0.10174059867858887
AAPL,1d,5,0.4,1.0,10,30,0.8185164725830729,0.2270948875485026,0.8649266626656917,0.051228194724266825,16.88380133871818,0.5142857142857142,1.018298679595869,-0.06685520599740558,0.10110306739807129
AAPL,1d,5,0.4,1.0,12,26,0.8141855772192502,0.45905167629587673,0.8662530345172099,0.058979175070264504,14.687438972912123,0.5714285714285714,1.0954892162726073,-0.11626172705157156,0.0999455451965332
AAPL,1d,5,0.4,1.0,20,50,0.6664285156321098,0.17405149868358238,0.6757322905237368,0.05316162117338891,12.710904513611558,0.2,0.3762945791281907,-0.020471460749918235,0.0979299545288086
AAPL,1d,5,0.55,0.0,8,21,0.7386425235237262,2.4225746366588874,1.1765054579710494,0.4231832725425528,2.7801322365660073,0.22857142857142856,0.23181730546773613,-0.06367491361196187,0.10329723358154297
AAPL,1d,5,0.55,0.0,9,21,0.8457749139419722,3.1547369970835932,1.072647903049734,0.39146550755997894,2.7400827974234403,0.17142857142857143,0.07995669682724137,-0.05276586896459312,0.10397171974182129
AAPL,1d,5,0.55,0.0,10,30,0.727067042412106,2.4427428619962908,0.9930180951142378,0.4422822582828202,2.2452134954941965,0.14285714285714285,0.16140005564062407,-0.06811957443349526,0.10368013381958008
AAPL,1d,5,0.55,0.0,12,26,0.7481418300636461,2.5677775605521207,1.022835650347771,0.4522550556104913,2.261634530468792,0.17142857142857143,0.12652003112651927,-0.06732832183314486,0.10443282127380371
AAPL,1d,5,0.55,0.0,20,50,0.683454852847459,2.2666134786676255,0.7163079631784253,0.30143469843439435,2.376328826438426,0.08571428571428572,0.14568943327178766,-0.020471460749918235,0.09960579872131348
AAPL,1d,5,0.55,0.25,8,21,0.48242438787938,1.6765485039348769,0.6659563238805479,0.14909701006798093,4.466597442677787,0.6857142857142857,1.150324123861951,-0.07251679772327446,0.10713386535644531
AAPL,1d,5,0.55,0.25,9,21,0.512027272840031,2.4301730811195714,0.6464672981718018,0.15174778404211955,4.26014325186038,0.6285714285714286,1.1429488849200917,-0.05288205077556718,0.10503244400024414
AAPL,1d,5,0.55,0.25,10,30,0.46315366374309624,1.7182063121651048,0.6078646365597357,0.17412243443995773,3.4910184808456965,0.4857142857142857,0.9869425360348814,-0.06294491796095036,0.099822998046875
AAPL,1d,5,0.55,0.25,12,26,0.46793685694004467,1.8321924084347843,0.626119147345704,0.19042200021044325,3.2880609732791046,0.5428571428571428,1.045234476572869,-0.06294491796095036,0.10683870315551758
AAPL,1d,5,0.55,0.25,20,50,0.4348759719888861,1.5592004414072984,0.4867390581861069,0.13667861578670476,3.561193939406678,0.2,0.37744733708650524,-0.020471460749918235,0.09792685508728027
AAPL,1d,5,0.55,0.5,8,21,0.6494178494350218,1.068272539618461,0.7275296323715648,0.06883468910964144,10.569229581508521,0.7142857142857143,1.2027451375807536,-0.08135868183458694,0.1012430191040039
AAPL,1d,5,0.55,0.5,9,21,0.6493586230270126,1.8043203906916037,0.7144298977400096,0.07826008072285297,9.1289184874478,0.6571428571428571,1.1929313354891953,-0.06748022954235766,0.1030888557434082
AAPL,1d,5,0.55,0.5,10,30,0.5799125514993743,1.1255907238122251,0.6664610512895214,0.09289045469068234,7.174698988273687,0.5142857142857142,1.0037231973771714,-0.06905032458399218,0.10444760322570801
AAPL,1d,5,0.55,0.5,12,26,0.5776121370657551,1.2236351590821757,0.6752614097685657,0.10322282332774886,6.541783958228923,0.5714285714285714,1.074685695170214,-0.06905032458399218,0.10409355163574219
AAPL,1d,5,0.55,0.5,20,50,0.48983268879228403,0.987991723838664,0.5208812304956357,0.0732152204354016,7.114384514558876,0.2,0.376941740694847,-0.020471460749918235,0.09736418724060059
AAPL,1d,5,0.55,0.75,8,21,0.8189223265286608,0.5794514708331728,0.8444340603534958,0.04306238501666525,19.60955158490868,0.7142857142857143,1.2431997446743988,-0.09020056594589954,0.10441923141479492
AAPL,1d,5,0.55,0.75,9,21,0.8032841232348125,1.270463188544623,0.832282415242284,0.05539978999968587,15.023205236824964,0.6571428571428571,1.2266898159680188,-0.08207840830914792,0.10321521759033203
AAPL,1d,5,0.55,0.75,10,30,0.71498397987293,0.6463349844413766,0.7748982915075853,0.06224703250079582,12.448758766093441,0.5142857142857142,1.011621617218253,-0.07515573120703412,0.10164904594421387
AAPL,1d,5,0.55,0.75,12,26,0.7082280885502417,0.7267375296869585,0.7785667366045541,0.0678406971582725,11.476396458429019,0.5714285714285714,1.0897886718835492,-0.07515573120703412,0.10416388511657715
AAPL,1d,5,0.55,0.75,20,50,0.5819397294371694,0.5306552552057178,0.6016868118371451,0.05286733500208653,11.381069460251746,0.2,0.3765739435567746,-0.020471460749918235,0.10436415672302246
AAPL,1d,5,0.55,1.0,8,21,0.9628133576017988,0.19205237008347287,0.9537401137404545,0.04086295123340314,23.339971415496446,0.7142857142857143,1.2753926175679817,-0.09904245005721213,0.10885953903198242
AAPL,1d,5,0.55,1.0,9,21,0.9364333879419131,0.8204939148747481,0.9414312107989679,0.05121401715191894,18.38229576887806,0.6571428571428571,1.2524643550859411,-0.0966765870759384,0.11150789260864258
AAPL,1d,5,0.55,1.0,10,30,0.8328588467348726,0.2629660641934166,0.8764404964760031,0.048866316647788406,17.9354728696473,0.5142857142857142,1.0167973387290024,-0.08126113783007605,0.11645030975341797
AAPL,1d,5,0.55,1.0,12,26,0.8228982017171323,0.32610853799419526,0.8766742401798228,0.0504678131883157,17.370957542951164,0.5714285714285714,1.1001959652241837,-0.08126113783007605,0.10687875747680664
AAPL,1d,5,0.55,1.0,20,50,0.6677207804904525,0.1676693158754783,0.6805818705766363,0.047127241984040835,14.441368557215984,0.2,0.3762945791281907,-0.020471460749918235,0.10198163986206055
AAPL,1d,5,0.7,0.0,8,21,0.8815384815783185,3.4567561781821947,1.2078051549625175,0.4270189346506611,2.8284580775103287,0.22857142857142856,0.14311800298001567,-0.0858598721360685,0.10771679878234863
AAPL,1d,5,0.7,0.0,9,21,0.7966534402751096,2.713315587623656,1.1193386084145938,0.37516891211474207,2.983559064382856,0.17142857142857143,-0.019730011090321666,-0.09756566888366147,0.11507773399353027
AAPL,1d,5,0.7,0.0,10,30,0.7354511475300632,2.383676329838828,1.0182780475096762,0.4138281457294953,2.46063023508142,0.14285714285714285,0.16140005564062407,-0.06811957443349526,0.10657310485839844
AAPL,1d,5,0.7,0.0,12,26,0.8204361089753479,2.9654522230684197,1.0465962994477684,0.42978474977340986,2.4351638814535708,0.17142857142857143,0.12652003112651927,-0.06732832183314486,0.11934757232666016
AAPL,1d,5,0.7,0.0,20,50,0.6693173091734254,2.1843027187594206,0.7415593159457277,0.30674848765083496,2.417483201383631,0.08571428571428572,0.14568943327178766,-0.020471460749918235,0.11929440498352051
AAPL,1d,5,0.7,0.25,8,21,0.5321905595283487,2.7280701150760067,0.6785936944341528,0.1499735644638229,4.524755391793367,0.6857142857142857,1.1424036289221717,-0.07251679772327446,0.11126112937927246
AAPL,1d,5,0.7,0.25,9,21,0.49708412664010926,1.9820013249047856,0.6484644322239949,0.13375139840014802,4.848281513169415,0.6571428571428571,1.1366422230374253,-0.0808259071418096,0.10937905311584473
AAPL,1d,5,0.7,0.25,10,30,0.46239366155877104,1.6612681500518462,0.6153747123465687,0.15888791365391497,3.8730114720176894,0.4857142857142857,0.9869425360348814,-0.06294491796095036,0.10535836219787598
AAPL,1d,5,0.7,0.25,12,26,0.4931542838338127,2.2375817905879836,0.6298234150238129,0.17730949795138992,3.552113238719346,0.5428571428571428,1.045234476572869,-0.06294491796095036,0.10570454597473145
AAPL,1d,5,0.7,0.25,20,50,0.42972327281415423,1.477644668556822,0.503689263236681,0.14439946150659655,3.488165800491376,0.2,0.37744733708650524,-0.020471460749918235,0.10156679153442383
AAPL,1d,5,0.7,0.5,8,21,0.6858804742593639,2.08715363972969,0.7405752869761942,0.06850355276087697,10.810757356794257,0.7142857142857143,1.203860320762882,-0.08388282727601004,0.1049652099609375
AAPL,1d,5,0.7,0.5,9,21,0.6577777096809281,1.3714527203215567,0.7179459097494674,0.06262093078278254,11.464951107799003,0.6571428571428571,1.1949230807363973,-0.10049376206785843,0.10246872901916504
AAPL,1d,5,0.7,0.5,10,30,0.5886539831578301,1.0734896794072792,0.6739880298873768,0.08073015796696002,8.348652434982428,0.5142857142857142,1.0037231973771714,-0.06905032458399218,0.1244974136352539
AAPL,1d,5,0.7,0.5,12,26,0.603594254335838,1.6166194393894617,0.6815126943429564,0.0942202569720051,7.233186538065255,0.5714285714285714,1.074685695170214,-0.06905032458399218,0.10616230964660645
AAPL,1d,5,0.7,0.5,20,50,0.4928219224203443,0.9111172828022298,0.5375925099854754,0.08162328825293079,6.58626381627271,0.2,0.376941740694847,-0.020471460749918235,0.09854602813720703
AAPL,1d,5,0.7,0.75,8,21,0.851770599539647,1.5313179296906028,0.8595847739172097,0.04382129078041661,19.615688141741167,0.7142857142857143,1.2502649807991901,-0.10373849085563813,0.10474896430969238
AAPL,1d,5,0.7,0.75,9,21,0.8256781782369009,0.8676669728973498,0.8393881962517019,0.04680970516146147,17.93192658138706,0.6571428571428571,1.234361529443897,-0.11998940496149779,0.10250496864318848
AAPL,1d,5,0.7,0.75,10,30,0.73053025152619,0.6005123960863721,0.7837070655949663,0.051505393827230066,15.216019281860788,0.5142857142857142,1.011621617218253,-0.07515573120703412,0.1017603874206543
AAPL,1d,5,0.7,0.75,12,26,0.7378863461373174,1.0936664311649387,0.7875402195581993,0.06097456187376066,12.915881563670629,0.5714285714285714,1.0897886718835492,-0.07515573120703412,0.10574889183044434
AAPL,1d,5,0.7,0.75,20,50,0.5900862133679889,0.46086918935680043,0.6194039354405805,0.06099940447816795,10.154262008611393,0.2,0.3765739435567746,-0.020471460749918235,0.09705781936645508
AAPL,1d,5,0.7,1.0,8,21,0.9941671376666719,1.0555507157940012,0.9708339612674031,0.042939501982218985,22.609343761588576,0.7142857142857143,1.2869447726206171,-0.12341876221052439,0.10792875289916992
AAPL,1d,5,0.7,1.0,9,21,0.9688842748075107,0.4566594630104015,0.9518304843216272,0.05043567704760712,18.872166292586453,0.6571428571428571,1.2644796689204791,-0.13931283582272824,0.10756182670593262
AAPL,1d,5,0.7,1.0,10,30,0.8535413761898032,0.2239490341866328,0.8864356021158566,0.04014121236898895,22.082930479714943,0.5142857142857142,1.0167973387290024,-0.08126113783007605,0.10611915588378906
AAPL,1d,5,0.7,1.0,12,26,0.8559656828987893,0.6586112969198736,0.8878103013589078,0.04594812094899399,19.322015417005773,0.5714285714285714,1.1001959652241837,-0.08126113783007605,0.1152036190032959
AAPL,1d,5,0.7,1.0,20,50,0.6795741828896916,0.10622092581885756,0.6992103340437409,0.05424768072349665,12.88922078729326,0.2,0.3762945791281907,-0.020471460749918235,0.11102294921875
AAPL,1d,5,0.85,0.0,8,21,1.0114226928593129,4.731092206323631,1.264092491804782,0.4235813035832169,2.9842971847704276,0.2571428571428571,0.17336550936205344,-0.08271577686005749,0.11135601997375488
AAPL,1d,5,0.85,0.0,9,21,0.9716467231278586,4.173914675062742,1.2237397091197306,0.4152375168287345,2.947083679879688,0.22857142857142856,0.06637816420078695,-0.09347567599478224,0.10746908187866211
AAPL,1d,5,0.85,0.0,10,30,0.8030041781538781,2.7968416389269994,1.0164519370917318,0.4022038492679758,2.527205890599276,0.14285714285714285,0.17977187056467273,-0.06374709350175822,0.10305190086364746
AAPL,1d,5,0.85,0.0,12,26,0.9076149551361246,3.6063538188710886,1.0439844771106457,0.4005605724176822,2.6063086309504193,0.2,0.20069794802198776,-0.06493155084535063,0.10392403602600098
AAPL,1d,5,0.85,0.0,20,50,0.6835532340216183,2.2910327353556577,0.7642926103940111,0.3256348138305673,2.3470850717813114,0.08571428571428572,0.1766246979121254,-0.027265621972013876,0.0979466438293457
AAPL,1d,5,0.85,0.25,8,21,0.5812819221449411,4.0979431018688155,0.6970228260444853,0.14367629782257446,4.851341777369829,0.6857142857142857,1.15127499864974,-0.07056556385035828,0.10528445243835449
AAPL,1d,5,0.85,0.25,9,21,0.559965709417409,3.506864070510737,0.6913332381895949,0.15342195901872951,4.5060905401761815,0.6857142857142857,1.1659644694359628,-0.06781594694346815,0.1155846118927002
AAPL,1d,5,0.85,0.25,10,30,0.49029739494992103,2.068257701280733,0.611776613055736,0.14932964293838688,4.096819633514786,0.5428571428571428,1.1637657295917112,-0.05218365913447809,0.11031556129455566
AAPL,1d,5,0.85,0.25,12,26,0.5271803840493585,2.9075564249970207,0.6250465084381868,0.16307234494426268,3.8329399669320052,0.6,1.2000574634012038,-0.05218365913447809,0.1337883472442627
AAPL,1d,5,0.85,0.25,20,50,0.44037260710924525,1.5826164426804423,0.5166359239399306,0.1515519679886404,3.4089687570316154,0.2,0.4089960919485689,-0.027265621972013876,0.10719180107116699
AAPL,1d,5,0.85,0.5,8,21,0.7304361579391353,3.487226797182963,0.7643014631916513,0.06678926874752843,11.443477036420385,0.7142857142857143,1.2131233290672405,-0.09045296254392177,0.1075739860534668
AAPL,1d,5,0.85,0.5,9,21,0.7028266001246543,2.8873911569147643,0.7538959064669212,0.07059953939402061,10.67848194107017,0.6857142857142857,1.2250288239476896,-0.0877621800481051,0.10070443153381348
AAPL,1d,5,0.85,0.5,10,30,0.6207664824247748,1.4549153064600273,0.6806582810685365,0.07441563150551907,9.146711078008593,0.5428571428571428,1.1830068032522496,-0.058359181017733186,0.10382509231567383
AAPL,1d,5,0.85,0.5,12,26,0.634627734181695,2.282829986241761,0.6861756075939903,0.08661269584985436,7.92234441915416,0.6,1.236024807938117,-0.058359181017733186,0.10611224174499512
AAPL,1d,5,0.85,0.5,20,50,0.5128529804655005,1.00969298611074,0.552502542598634,0.08129993851416287,6.795854372047098,0.2,0.4083912489898222,-0.027265621972013876,0.10300302505493164
AAPL,1d,5,0.85,0.75,8,21,0.8983950754183069,2.9094719536032096,0.8895554533088111,0.045503404014098074,19.549206758975767,0.7142857142857143,1.262357943043767,-0.11016622687655764,0.11960268020629883
AAPL,1d,5,0.85,0.75,9,21,0.8653527167283114,2.3211970544934064,0.8755204676997256,0.04820401198651514,18.162813251823284,0.6857142857142857,1.267350603898875,-0.10753376363682865,0.10866236686706543
AAPL,1d,5,0.85,0.75,10,30,0.768759278978785,0.9449700899977491,0.7979620893217606,0.04781308369829485,16.689199432460327,0.5428571428571428,1.1913379261654775,-0.06453470290098862,0.1003255844116211
AAPL,1d,5,0.85,0.75,12,26,0.7712054190159824,1.7320040354241573,0.7992197722657867,0.056767559235512965,14.07881161404252,0.6,1.2528283998402432,-0.06453470290098862,0.10403728485107422
AAPL,1d,5,0.85,0.75,20,50,0.6171786379572913,0.5503736411437707,0.6369920906482791,0.05668655652349004,11.23709270264669,0.2,0.4079517839227011,-0.027265621972013876,0.10164546966552734
AAPL,1d,5,0.85,1.0,8,21,1.0435152496739182,2.3722492324953475,1.0059638728039118,0.045524136861560954,22.097373880213283,0.7142857142857143,1.3017999524376114,-0.12970535684826678,0.1050872802734375
AAPL,1d,5,0.85,1.0,9,21,1.0060406282959795,1.8111370854743152,0.9892032157823202,0.049532341456141576,19.970855136299388,0.6857142857142857,1.3002188824621697,-0.1271306977096418,0.10485982894897461
AAPL,1d,5,0.85,1.0,10,30,0.8970674551750469,0.5259815606425324,0.9063884796696984,0.038879206574578475,23.312936644708916,0.5428571428571428,1.1966239202460531,-0.07071022478424394,0.10298037528991699
AAPL,1d,5,0.85,1.0,12,26,0.8919207062981612,1.252535747475818,0.9047368025996493,0.043922333308068,20.59855964968646,0.6,1.263928472239479,-0.07071022478424394,0.1014866828918457
AAPL,1d,5,0.85,1.0,20,50,0.712052352496647,0.18538673546096218,0.7190717651608314,0.04851191535658652,14.822580388246868,0.2,0.4076182559577354,-0.027265621972013876,0.10109901428222656
AAPL,1d,5,1.0,0.0,8,21,1.0535235218343686,5.0477601138914485,1.3226261439552829,0.39684095111515094,3.332887244218649,0.2857142857142857,0.1942893072441076,-0.08271577686005749,0.10373568534851074
AAPL,1d,5,1.0,0.0,9,21,1.0397057004809969,4.949567176861469,1.3130509691718522,0.4139312255376441,3.1721476616468487,0.2571428571428571,0.09713526880076001,-0.09347567599478224,0.10648703575134277
AAPL,1d,5,1.0,0.0,10,30,0.8035335040555169,2.8284466971558637,1.0286864358667995,0.3745194726746268,2.7466834461782357,0.14285714285714285,0.17107646534464363,-0.06374709350175822,0.10241079330444336
AAPL,1d,5,1.0,0.0,12,26,0.8362940281857771,3.0565735245384014,1.0997813681242368,0.3845919900952326,2.8596054947787892,0.2,0.19200254280195864,-0.06493155084535063,0.10595083236694336
AAPL,1d,5,1.0,0.0,20,50,0.7073750247855218,2.4401902835566625,0.7827119341270763,0.3006041636020532,2.603796051086134,0.08571428571428572,0.1766246979121254,-0.027265621972013876,0.10829734802246094
AAPL,1d,5,1.0,0.25,8,21,0.5913424232003129,4.463620499327352,0.7207752715801768,0.13493694204196888,5.34157111220141,0.6857142857142857,1.1858339442836114,-0.06058481835679119,0.11504578590393066
AAPL,1d,5,1.0,0.25,9,21,0.5867972551666878,4.371566167140043,0.7257618953637098,0.1489947218610308,4.8710577549225995,0.6571428571428571,1.1386984529211526,-0.059436377477557145,0.10597753524780273
AAPL,1d,5,1.0,0.25,10,30,0.4937079700998353,2.1001728504333697,0.6110867758616497,0.13960917347421503,4.377124802436523,0.5142857142857142,1.1615643488476142,-0.06155511552414694,0.10270905494689941
AAPL,1d,5,1.0,0.25,12,26,0.5049497049084012,2.3309556487503524,0.6420323051136022,0.14651702912745793,4.381963713959053,0.5714285714285714,1.1978560826571067,-0.06155511552414694,0.10735821723937988
AAPL,1d,5,1.0,0.25,20,50,0.4505724949603444,1.7220176573722368,0.5262298946341877,0.14062779698187844,3.7420048235698284,0.2,0.4089960919485689,-0.027265621972013876,0.10706019401550293
AAPL,1d,5,1.0,0.5,8,21,0.736826638639108,3.888480051413052,0.7930652329403045,0.06002344673941274,13.212590679494587,0.7142857142857143,1.2464076825335781,-0.06874284282539855,0.1314067840576172
AAPL,1d,5,1.0,0.5,9,21,0.724768770843127,3.804518473993318,0.7803798735180659,0.06413157587746834,12.16841879901848,0.6857142857142857,1.198410115962829,-0.06750361331223798,0.12296748161315918
AAPL,1d,5,1.0,0.5,10,30,0.6282383921258161,1.4857403500186401,0.6869853048802349,0.07067959347764242,9.719712169786943,0.5428571428571428,1.181630312880956,-0.06960417889384551,0.11209511756896973
AAPL,1d,5,1.0,0.5,12,26,0.6353328325050193,1.7078990540880001,0.7000815538451075,0.07035844042266977,9.950214212245934,0.6,1.2346483175668235,-0.06960417889384551,0.11057043075561523
AAPL,1d,5,1.0,0.5,20,50,0.5185417546452978,1.135741563299585,0.5619286198818357,0.07323131973353812,7.673337336080896,0.2,0.4083912489898222,-0.027265621972013876,0.10239362716674805
AAPL,1d,5,1.0,0.75,8,21,0.9037800049987543,3.3333324644324582,0.9241226201221485,0.042176421105568435,21.910882808407354,0.7142857142857143,1.2948088858040576,-0.07690086729400603,0.1059415340423584
AAPL,1d,5,1.0,0.75,9,21,0.8866108072737765,3.258722963621035,0.9006306628641305,0.04161029597032222,21.64441857146339,0.6857142857142857,1.2439470425458015,-0.07557084914691858,0.10756635665893555
AAPL,1d,5,1.0,0.75,10,30,0.7790539867856878,0.9738250480378212,0.8097131684421071,0.04661406173457591,17.370577424740986,0.5428571428571428,1.1902602846241273,-0.07765324226354442,0.10063481330871582
AAPL,1d,5,1.0,0.75,12,26,0.7844588587532014,1.1799337561706156,0.8140027942976099,0.04500961897995706,18.085085205011136,0.6,1.251750758298893,-0.07765324226354442,0.1036233901977539
AAPL,1d,5,1.0,0.75,20,50,0.6212886558499731,0.6612906734333222,0.6473410398390073,0.05073491645145014,12.759280691010273,0.2,0.4079517839227011,-0.027265621972013876,0.09809374809265137
AAPL,1d,5,1.0,1.0,8,21,1.0484149307065957,2.8066892127893004,1.0453798799559255,0.045959757088969655,22.745548413849576,0.7142857142857143,1.3335290811700669,-0.08505889176261339,0.11918997764587402
AAPL,1d,5,1.0,1.0,9,21,1.0273956323077658,2.7420692635932182,1.014154952672426,0.0454208326758374,22.3279691922497,0.6857142857142857,1.2800066346635979,-0.08363808498159964,0.10776376724243164
AAPL,1d,5,1.0,1.0,10,30,0.9094963434340951,0.552370932053732,0.9222411060143031,0.0385698288293441,23.91094630196175,0.5428571428571428,1.1957164648335181,-0.08570230563324321,0.11430859565734863
AAPL,1d,5,1.0,1.0,12,26,0.913914355092746,0.7380701025963907,0.9208432236959491,0.040179414755297856,22.918283636138113,0.6,1.263021016826944,-0.08570230563324321,0.10573029518127441
AAPL,1d,5,1.0,1.0,20,50,0.715347572140143,0.2807282126248607,0.7303319859943624,0.045070248515718433,16.20430350499745,0.2,0.4076182559577354,-0.027265621972013876,0.10536050796508789
AAPL,1d,7,0.0,0.0,8,21,0.6720580824678897,2.1359421668827316,0.9949157371647894,0.31823757677817427,3.1263301689174496,0.22857142857142856,0.21957551199129277,-0.060518756906703386,0.11324429512023926
AAPL,1d,7,0.0,0.0,9,21,0.8745903410079691,3.452343414955865,1.0260654880066906,0.3396897617490219,3.020595859950569,0.14285714285714285,0.0697312177106922,-0.054489262135758776,0.10937666893005371
AAPL,1d,7,0.0,0.0,10,30,0.8527942197879369,3.4454891399528096,0.9186082593308875,0.3701178450112579,2.4819345289956125,0.08571428571428572,0.2523083986160413,-0.030608153931462323,0.10699129104614258
AAPL,1d,7,0.0,0.0,12,26,0.7531620074669363,2.6162420567008846,0.9663781731520972,0.40936476788761306,2.3606774421227343,0.14285714285714285,0.2314436258526515,-0.08589757529121878,0.10832405090332031
AAPL,1d,7,0.0,0.0,20,50,0.5712327503549106,1.7481996140495681,0.6495266203486896,0.301326046725891,2.155560819936513,0.05714285714285714,0.049167989926407446,-0.022933421673455467,0.10428452491760254
AAPL,1d,7,0.0,0.25,8,21,0.44586375500106007,1.399151453578702,0.613489918357645,0.1372795014890366,4.468911321087799,0.6,0.963507813769137,-0.06754351501624767,0.1137392520904541
AAPL,1d,7,0.0,0.25,9,21,0.513216196160243,2.7274836495571737,0.6200569723226272,0.15387095734459943,4.029720637494884,0.5428571428571428,0.8612714363182935,-0.06772733517271956,0.11631321907043457
AAPL,1d,7,0.0,0.25,10,30,0.5112403237845266,2.790770505057344,0.5873806328929374,0.16864314650979267,3.4829795639446854,0.42857142857142855,0.9188115476234048,-0.030608153931462323,0.11235284805297852
AAPL,1d,7,0.0,0.25,12,26,0.4632468063001719,1.9264193478548788,0.6201812932553672,0.19634531168060818,3.158625423479458,0.5142857142857142,0.9981401833937482,-0.04698188864441033,0.11152434349060059
AAPL,1d,7,0.0,0.25,20,50,0.38752844128788294,1.0340344603159468,0.46715134740814757,0.15326948911497235,3.0479082960713884,0.17142857142857143,0.2813199814878015,-0.022933421673455467,0.10367059707641602
AAPL,1d,7,0.0,0.5,8,21,0.577881391027835,0.8124261326034448,0.6621953982571099,0.07290177885216148,9.083391498580372,0.6285714285714286,1.000969970733206,-0.07456827312579217,0.10809159278869629
AAPL,1d,7,0.0,0.5,9,21,0.6077894382574999,2.087834924498334,0.6613613210949169,0.08211246110524238,8.054335629366404,0.5714285714285714,0.9048007141079106,-0.08529338307741452,0.10869932174682617
AAPL,1d,7,0.0,0.5,10,30,0.5674576790079409,2.2077726619662683,0.6202378546758517,0.09592290291459213,6.4660037991979795,0.42857142857142855,0.9264363824694868,-0.030608153931462323,0.11198163032531738
AAPL,1d,7,0.0,0.5,12,26,0.5362775340236211,1.3481787016576692,0.6433495899728512,0.1115584113311366,5.7669303667583565,0.5142857142857142,1.018280421660562,-0.04698188864441033,0.10646224021911621
AAPL,1d,7,0.0,0.5,20,50,0.4520356679455885,0.48032053805799113,0.5049980405543538,0.09047500463375667,5.581630446979127,0.17142857142857143,0.28074947197468764,-0.022933421673455467,0.10251855850219727
AAPL,1d,7,0.0,0.75,8,21,0.7210010088448665,0.35172773937817436,0.7627662703819925,0.0480828438046871,15.863584805431959,0.6285714285714286,1.02514566578955,-0.08629218234875147,0.11961889266967773
AAPL,1d,7,0.0,0.75,9,21,0.7318953430303724,1.5312309743596288,0.7591853417486976,0.05627102861764713,13.491584575559186,0.5714285714285714,0.9340148270148424,-0.10285943098210937,0.1350843906402588
AAPL,1d,7,0.0,0.75,10,30,0.6658431315060717,1.693618933366773,0.7085873149824995,0.07049785619347386,10.051189543095568,0.42857142857142855,0.9316534478371634,-0.03464329279101552,0.1129312515258789
AAPL,1d,7,0.0,0.75,12,26,0.6414440630686653,0.8677835112298264,0.7271460774445523,0.07916778692212295,9.18487311208842,0.5142857142857142,1.0281939075721704,-0.04698188864441033,0.1114511489868164
AAPL,1d,7,0.0,0.75,20,50,0.5447184190295822,0.05629406041332308,0.5832965880207919,0.06606832035417838,8.828688014071819,0.17142857142857143,0.2803351621459794,-0.022933421673455467,0.11136817932128906
AAPL,1d,7,0.0,1.0,8,21,0.8445113178417188,-0.005007917003391871,0.8582808996839374,0.03832742685859022,22.39338693021531,0.6285714285714286,1.0433716225604688,-0.10418261763842562,0.10971665382385254
AAPL,1d,7,0.0,1.0,9,21,0.8426377116783224,1.053286347059875,0.8533365362149079,0.0471962050240451,18.08061762127183,0.5714285714285714,0.9562103647717539,-0.12042547888680422,0.10572171211242676
AAPL,1d,7,0.0,1.0,10,30,0.7575412930072435,1.2443642298876032,0.7948934440474998,0.060134794927728025,13.218527559673712,0.42857142857142855,0.9356113701822908,-0.039076566532128876,0.10414600372314453
AAPL,1d,7,0.0,1.0,12,26,0.7370340931402439,0.47227310671403355,0.8105986627579123,0.06497973244633719,12.474638356311123,0.5142857142857142,1.0346771672819624,-0.04698188864441033,0.10922431945800781
AAPL,1d,7,0.0,1.0,20,50,0.6297901706292357,-0.26397184918504746,0.6593608648720831,0.054395132333923894,12.121688772156332,0.17142857142857143,0.2800208202061907,-0.022933421673455467,0.09895110130310059
AAPL,1d,7,0.1,0.0,8,21,0.5760413819000505,1.5744031897455808,1.0377768342782254,0.2907855877490437,3.568873004716646,0.2571428571428571,0.2525979786788246,-0.060518756906703386,0.1076955795288086
AAPL,1d,7,0.1,0.0,9,21,0.8818067827038827,3.5364179396283673,1.07114876539028,0.3525557261433355,3.0382395915328075,0.14285714285714285,0.10035539669702159,-0.054116450425432894,0.10304784774780273
AAPL,1d,7,0.1,0.0,10,30,0.7645524975173711,2.743064356260879,0.9218599651697341,0.34731438288459976,2.654252200882897,0.08571428571428572,0.2523083986160413,-0.030608153931462323,0.1043398380279541
AAPL,1d,7,0.1,0.0,12,26,0.6932119351969868,2.2237661509799183,0.9555833257580115,0.41052094436732006,2.3277334296078895,0.14285714285714285,0.2314436258526515,-0.08589757529121878,0.10190844535827637
AAPL,1d,7,0.1,0.0,20,50,0.5813085904877394,1.8153276684819466,0.6802009224723335,0.2896304253957438,2.348513356436652,0.05714285714285714,0.049167989926407446,-0.022933421673455467,0.10518503189086914
AAPL,1d,7,0.1,0.25,8,21,0.4102444771656404,0.8702081780861783,0.6213446276056807,0.12400852756938703,5.010499195372003,0.6,0.9785586593416176,-0.06754351501624767,0.10885095596313477
AAPL,1d,7,0.1,0.25,9,21,0.5184434833692767,2.8205746115231234,0.6384773376665411,0.16342051822147075,3.906959448025149,0.5714285714285714,0.8693527220028714,-0.054116450425432894,0.11740827560424805
AAPL,1d,7,0.1,0.25,10,30,0.47436777184357354,2.0485182861916837,0.5827655170042486,0.1551630511755061,3.7558266132900293,0.42857142857142855,0.9188115476234048,-0.030608153931462323,0.11105060577392578
AAPL,1d,7,0.1,0.25,12,26,0.44121540964054834,1.5289937081796263,0.6101345720442996,0.19511701970503428,3.1270187140345977,0.5142857142857142,0.9981401833937482,-0.04698188864441033,0.10664892196655273
AAPL,1d,7,0.1,0.25,20,50,0.39400941863057504,1.0982113101344146,0.48033223784459267,0.14697601741575292,3.2680994239071723,0.17142857142857143,0.2813199814878015,-0.022933421673455467,0.10493206977844238
AAPL,1d,7,0.1,0.5,8,21,0.5642881257947643,0.3401202419879015,0.6701562800717253,0.06520088818010301,10.278330537776833,0.6285714285714286,1.0099797454548314,-0.07456827312579217,0.10988569259643555
AAPL,1d,7,0.1,0.5,9,21,0.6157775760322262,2.1857372701686684,0.6787472058818913,0.08966707180174131,7.5696372396618195,0.5714285714285714,0.909937996929066,-0.054116450425432894,0.10370302200317383
AAPL,1d,7,0.1,0.5,10,30,0.5593969855556651,1.4609787420250688,0.6224906930300648,0.08991638551542713,6.922995063266447,0.42857142857142855,0.9264363824694868,-0.030608153931462323,0.10691642761230469
AAPL,1d,7,0.1,0.5,12,26,0.5387973524975506,0.9652351670002886,0.6419349112860782,0.11363102627626406,5.649292559634035,0.5142857142857142,1.018280421660562,-0.04698188864441033,0.1087789535522461
AAPL,1d,7,0.1,0.5,20,50,0.4570705976760343,0.5383017508105497,0.5152707370635483,0.0870382646757679,5.920048371633074,0.17142857142857143,0.28074947197468764,-0.022933421673455467,0.10539746284484863
AAPL,1d,7,0.1,0.75,8,21,0.718693379514624,-0.05305495672150118,0.7730862471418212,0.045356641422812274,17.04460962916436,0.6285714285714286,1.0317940518828972,-0.08159303123533668,0.10571670532226562
AAPL,1d,7,0.1,0.75,9,21,0.7425816812626502,1.6302871175012528,0.7775808864979357,0.061826993175495885,12.576721696472813,0.5714285714285714,0.9380499685762737,-0.0727439689995123,0.10977411270141602
AAPL,1d,7,0.1,0.75,10,30,0.6742584399384556,0.9690932912343782,0.7157063510219779,0.06756885231150299,10.592252591807531,0.42857142857142855,0.9316534478371634,-0.03464329279101552,0.11177587509155273
AAPL,1d,7,0.1,0.75,12,26,0.6584207573030282,0.5122936539146452,0.73113832013987,0.08238911725391662,8.874209901855856,0.5142857142857142,1.0281939075721704,-0.04698188864441033,0.10538816452026367
AAPL,1d,7,0.1,0.75,20,50,0.5491857576656812,0.1062852761410793,0.593054212260725,0.06460427577200344,9.17979816620323,0.17142857142857143,0.2803351621459794,-0.022933421673455467,0.10497665405273438
AAPL,1d,7,0.1,1.0,8,21,0.8498004934587464,-0.34040132067331186,0.8708358319065461,0.04005804134848682,21.73935126609583,0.6285714285714286,1.048760400281632,-0.08861778934488118,0.11326217651367188
AAPL,1d,7,0.1,1.0,9,21,0.8555282422857269,1.150447781857535,0.8728288209542395,0.050130897466867524,17.410995315436132,0.5714285714285714,0.9596441185683655,-0.09832938871456509,0.10450339317321777
AAPL,1d,7,0.1,1.0,10,30,0.7774654031086446,0.561429030122516,0.805553864009599,0.058271451940534055,13.82415981039336,0.42857142857142855,0.9356113701822908,-0.039076566532128876,0.1110239028930664
AAPL,1d,7,0.1,1.0,12,26,0.7642572485557321,0.15203025123907854,0.8184276588875272,0.0679384982359646,12.04659626188611,0.5142857142857142,1.0346771672819624,-0.04698188864441033,0.11327838897705078
AAPL,1d,7,0.1,1.0,20,50,0.6339141342589646,-0.22269021946952727,0.6690425979971618,0.05464811505558665,12.242738790105184,0.17142857142857143,0.2800208202061907,-0.022933421673455467,0.10455536842346191
AAPL,1d,7,0.25,0.0,8,21,0.5710173419401169,1.5322979368889804,1.1059292230473816,0.3015012702168437,3.668074838464139,0.2571428571428571,0.2525979786788246,-0.060518756906703386,0.10596179962158203
AAPL,1d,7,0.25,0.0,9,21,0.9868155676016049,4.5009942338865025,1.1207362765430224,0.3624013243660262,3.0925280930018793,0.14285714285714285,0.10035539669702159,-0.054116450425432894,0.11353468894958496
AAPL,1d,7,0.25,0.0,10,30,0.6971638465039549,2.232889286416605,0.9737825318544392,0.37971959745102996,2.5644779421215462,0.08571428571428572,0.2523083986160413,-0.030608153931462323,0.10831165313720703
AAPL,1d,7,0.25,0.0,12,26,0.7013574858655814,2.238123708704931,0.9934675886025085,0.41306276806229814,2.4051249965300037,0.14285714285714285,0.2314436258526515,-0.08589757529121878,0.10757184028625488
AAPL,1d,7,0.25,0.0,20,50,0.6744552830930813,2.2466711368014485,0.7039776319507224,0.3025871686155141,2.3265283692357746,0.05714285714285714,0.049167989926407446,-0.022933421673455467,0.10448980331420898
AAPL,1d,7,0.25,0.25,8,21,0.41356069438087395,0.8369363457928998,0.6505097733055532,0.1264327698317099,5.14510418597507,0.6,0.9785586593416176,-0.06754351501624767,0.11205434799194336
AAPL,1d,7,0.25,0.25,9,21,0.5605278137500329,3.8709123705572317,0.6668971559960049,0.15466672953587166,4.311833307636677,0.5714285714285714,0.8693527220028714,-0.054116450425432894,0.10598421096801758
AAPL,1d,7,0.25,0.25,10,30,0.44899218831543186,1.5120837851939122,0.6094630083933217,0.16749270683869782,3.638743560221156,0.42857142857142855,0.9188115476234048,-0.030608153931462323,0.10315918922424316
AAPL,1d,7,0.25,0.25,12,26,0.446074392953029,1.5198730356045727,0.6290948247084243,0.19529477589052419,3.2212578234098492,0.5142857142857142,0.9981401833937482,-0.04698188864441033,0.11128664016723633
AAPL,1d,7,0.25,0.25,20,50,0.4317425753029367,1.5408264001532799,0.48426324893929873,0.14509286171639255,3.3376090540268586,0.17142857142857143,0.2813199814878015,-0.022933421673455467,0.10215997695922852
AAPL,1d,7,0.25,0.5,8,21,0.5805131958839083,0.31604772288363403,0.6943382031703703,0.0631608207400758,10.993178920643915,0.6285714285714286,1.0099797454548314,-0.07456827312579217,0.1250934600830078
AAPL,1d,7,0.25,0.5,9,21,0.6585312504056559,3.2741360424260115,0.7071234791960836,0.08025005882577141,8.811501069816025,0.5714285714285714,0.909937996929066,-0.054116450425432894,0.1019599437713623
AAPL,1d,7,0.25,0.5,10,30,0.5699102641065177,0.9325062324220617,0.6442747749000857,0.0967631822117145,6.6582636099176105,0.42857142857142855,0.9264363824694868,-0.030608153931462323,0.11174488067626953
AAPL,1d,7,0.25,0.5,12,26,0.5583372893891579,0.9411331671844978,0.6596600057287938,0.11447081971080356,5.76269137755232,0.5142857142857142,1.018280421660562,-0.04698188864441033,0.1097111701965332
AAPL,1d,7,0.25,0.5,20,50,0.4820425702165469,0.9719583900904238,0.5156173862231965,0.08152404223087723,6.324727922138121,0.17142857142857143,0.28074947197468764,-0.022933421673455467,0.09739923477172852
AAPL,1d,7,0.25,0.75,8,21,0.7442015916514484,-0.06890379117493528,0.7972987833799251,0.04583507554044291,17.39494860603912,0.6285714285714286,1.0317940518828972,-0.08159303123533668,0.10436081886291504
AAPL,1d,7,0.25,0.75,9,21,0.7897989388077256,2.7174007555891895,0.8078153733653837,0.053522702436842,15.092948161924824,0.5714285714285714,0.9380499685762737,-0.0727439689995123,0.10115861892700195
AAPL,1d,7,0.25,0.75,10,30,0.7059389167037464,0.471689920219454,0.7366334580507478,0.07125294221494606,10.338288288904245,0.42857142857142855,0.9316534478371634,-0.03464329279101552,0.12236547470092773
AAPL,1d,7,0.25,0.75,12,26,0.6881895566736735,0.4797279851040279,0.7495282770468501,0.08314917028631172,9.014260448612557,0.5142857142857142,1.0281939075721704,-0.04698188864441033,0.11285877227783203
AAPL,1d,7,0.25,0.75,20,50,0.5699282389629539,0.517046178490949,0.5931938407497016,0.05891727817402789,10.068249232382145,0.17142857142857143,0.2803351621459794,-0.022933421673455467,0.10327005386352539
AAPL,1d,7,0.25,1.0,8,21,0.8823589519912362,-0.3496015756847489,0.8958092102893579,0.04558733338512145,19.65039724349675,0.6285714285714286,1.048760400281632,-0.08861778934488118,0.10970950126647949
AAPL,1d,7,0.25,1.0,9,21,0.9069996185073476,2.2051156653298047,0.9047191068729653,0.043869598620487754,20.622917357863585,0.5714285714285714,0.9596441185683655,-0.09832938871456509,0.11263036727905273
AAPL,1d,7,0.25,1.0,10,30,0.8242132576154219,0.10932551409554447,0.8263335514653125,0.0595691078697932,13.871847019625026,0.42857142857142855,0.9356113701822908,-0.039076566532128876,0.11188364028930664
AAPL,1d,7,0.25,1.0,12,26,0.8017227772698349,0.11581413209980562,0.8375699207745093,0.0683658146082699,12.251297312461077,0.5142857142857142,1.0346771672819624,-0.04698188864441033,0.11322569847106934
AAPL,1d,7,0.25,1.0,20,50,0.6524091510451293,0.15622502159127016,0.6695095440612963,0.05007178610118628,13.370993850875124,0.17142857142857143,0.2800208202061907,-0.022933421673455467,0.10738754272460938
AAPL,1d,7,0.4,0.0,8,21,0.5829514738362332,1.59276218877112,1.120096052127866,0.3317718664345404,3.376103176454428,0.2571428571428571,0.2525979786788246,-0.060518756906703386,0.11250901222229004
AAPL,1d,7,0.4,0.0,9,21,1.002975713151522,4.836301875379081,1.1309693545570119,0.3916441811397121,2.8877471159301065,0.14285714285714285,0.10035539669702159,-0.054116450425432894,0.10183238983154297
AAPL,1d,7,0.4,0.0,10,30,0.7390981182419597,2.4758153609125655,0.9808528236618391,0.4221421326000223,2.323513214899098,0.08571428571428572,0.2523083986160413,-0.030608153931462323,0.10171008110046387
AAPL,1d,7,0.4,0.0,12,26,0.7158500369884493,2.3217821563131897,0.9915971211260214,0.4205501173407403,2.357857197606259,0.14285714285714285,0.2314436258526515,-0.08589757529121878,0.10858917236328125
AAPL,1d,7,0.4,0.0,20,50,0.6846644862435733,2.3078262035149177,0.701009005351611,0.279448282958991,2.508546475680024,0.05714285714285714,0.049167989926407446,-0.022933421673455467,0.1058492660522461
AAPL,1d,7,0.4,0.25,8,21,0.42547689059458993,0.886351380403587,0.6542649828908301,0.13362422348881692,4.896305219282235,0.6,0.9785586593416176,-0.06754351501624767,0.11071419715881348
AAPL,1d,7,0.4,0.25,9,21,0.5731179403487963,4.263022657996203,0.678855913226907,0.1652351938027416,4.108422047407937,0.5714285714285714,0.8693527220028714,-0.054116450425432894,0.11698341369628906
AAPL,1d,7,0.4,0.25,10,30,0.4643521401573264,1.7559987010314049,0.6121962802022359,0.17713277262237903,3.4561434969876985,0.42857142857142855,0.9188115476234048,-0.030608153931462323,0.12069296836853027
AAPL,1d,7,0.4,0.25,12,26,0.451489590286655,1.6069770997686992,0.622886146687478,0.1912895237625268,3.256248091561719,0.5142857142857142,0.9981401833937482,-0.04698188864441033,0.1182703971862793
AAPL,1d,7,0.4,0.25,20,50,0.43690857223581936,1.602155570089852,0.47961652316630465,0.13367223843892012,3.5880039772466255,0.17142857142857143,0.2813199814878015,-0.022933421673455467,0.10516619682312012
AAPL,1d,7,0.4,0.5,8,21,0.6024590506667741,0.35454491507302777,0.7062132476189665,0.06328858777261907,11.1586191519429,0.6285714285714286,1.0099797454548314,-0.07456827312579217,0.10504508018493652
AAPL,1d,7,0.4,0.5,9,21,0.6721309863866525,3.707675016987631,0.7214366949958863,0.0830237076720555,8.689526344036196,0.5714285714285714,0.909937996929066,-0.054116450425432894,0.10343480110168457
AAPL,1d,7,0.4,0.5,10,30,0.58006905276177,1.1655425788071252,0.650039301104152,0.09718138342751753,6.688928251252793,0.42857142857142855,0.9264363824694868,-0.030608153931462323,0.10625791549682617
AAPL,1d,7,0.4,0.5,12,26,0.5608600797272385,1.027364418813494,0.6578614140012442,0.10986070569046785,5.988141163545467,0.5142857142857142,1.018280421660562,-0.04698188864441033,0.10381340980529785
AAPL,1d,7,0.4,0.5,20,50,0.4857951596542683,1.0305553506474472,0.512393295443994,0.0752077329038798,6.813040038035248,0.17142857142857143,0.28074947197468764,-0.022933421673455467,0.10871720314025879
AAPL,1d,7,0.4,0.75,8,21,0.7736767582303703,-0.0399276583750815,0.8151535687714206,0.04283925837322167,19.02819048989335,0.6285714285714286,1.0317940518828972,-0.08159303123533668,0.11568689346313477
AAPL,1d,7,0.4,0.75,9,21,0.8050286066504637,3.177953110763002,0.8246740343093318,0.05655171789850159,14.582652215613466,0.5714285714285714,0.9380499685762737,-0.0727439689995123,0.11066508293151855
AAPL,1d,7,0.4,0.75,10,30,0.7142850037519073,0.6862363016589745,0.7448275518648766,0.06763343131419564,11.012712757463543,0.42857142857142855,0.9316534478371634,-0.03464329279101552,0.10323882102966309
AAPL,1d,7,0.4,0.75,12,26,0.6900681555922245,0.5619174947664158,0.7506655823433374,0.07757994912079451,9.676025710902783,0.5142857142857142,1.0281939075721704,-0.04698188864441033,0.1143496036529541
AAPL,1d,7,0.4,0.75,20,50,0.5732612422374048,0.5710413366019722,0.5911388380608091,0.05568939847138875,10.61492589769156,0.17142857142857143,0.2803351621459794,-0.022933421673455467,0.11331510543823242
AAPL,1d,7,0.4,1.0,8,21,0.9176758837439866,-0.3283499541978412,0.9181879547513855,0.043189745937570904,21.259396989243474,0.6285714285714286,1.048760400281632,-0.08861778934488118,0.12080860137939453
AAPL,1d,7,0.4,1.0,9,21,0.9236832714431858,2.679570241613528,0.9236835381541304,0.05156014178521632,17.914681887453135,0.5714285714285714,0.9596441185683655,-0.09832938871456509,0.11421704292297363
AAPL,1d,7,0.4,1.0,10,30,0.8315631885585602,0.30109898807816093,0.8364000373133604,0.0545029038641143,15.345972012769423,0.42857142857142855,0.9356113701822908,-0.039076566532128876,0.10439324378967285
AAPL,1d,7,0.4,1.0,12,26,0.803392818962176,0.19179244314759591,0.8407925249801174,0.061650710020957754,13.638002298664452,0.5142857142857142,1.0346771672819624,-0.04698188864441033,0.11950373649597168
AAPL,1d,7,0.4,1.0,20,50,0.6555259617570124,0.2045494464845352,0.6683155998767474,0.04882937476324516,13.686753170958104,0.17142857142857143,0.2800208202061907,-0.022933421673455467,0.09533143043518066
AAPL,1d,7,0.55,0.0,8,21,0.6301416181144579,1.8317142893808795,1.1493452041921446,0.3688574965452565,3.115959997985637,0.2571428571428571,0.23151019022388078,-0.06764101176380177,0.1000218391418457
AAPL,1d,7,0.55,0.0,9,21,1.009436589517038,4.768959311219249,1.161554495945419,0.4098966426802328,2.833774115226328,0.14285714285714285,0.05621732223211951,-0.05276586896459312,0.10211825370788574
AAPL,1d,7,0.55,0.0,10,30,0.7185148951955204,2.4017967155217717,0.945801994900504,0.4450615646712146,2.1251037383989946,0.08571428571428572,0.17575798140214324,-0.0687515462845616,0.10263729095458984
AAPL,1d,7,0.55,0.0,12,26,0.6721554145008273,2.102072967188597,0.9846260835108651,0.46783986594661925,2.1046220195848195,0.14285714285714285,0.11400442283162839,-0.08448101130411956,0.1062312126159668
AAPL,1d,7,0.55,0.0,20,50,0.6550387577257133,2.0924329015328245,0.7272663448323445,0.2649677409625817,2.744735423981472,0.05714285714285714,0.049167989926407446,-0.022933421673455467,0.11414647102355957
AAPL,1d,7,0.55,0.25,8,21,0.4446596214576537,1.1101983572877843,0.6638874017110139,0.14412570292500118,4.6063081618167825,0.6857142857142857,1.1326446248786972,-0.07644544330576375,0.10627365112304688
AAPL,1d,7,0.55,0.25,9,21,0.5727107979038628,4.1828819569260425,0.6914331052909416,0.16695800549373999,4.141359399006875,0.6571428571428571,1.111600842090702,-0.036739194364374894,0.11214041709899902
AAPL,1d,7,0.55,0.25,10,30,0.46176698783284226,1.676903873211753,0.5948036604715992,0.18094566983667493,3.2871947751415136,0.45714285714285713,0.9842378051806898,-0.03504987375091351,0.11333847045898438
AAPL,1d,7,0.55,0.25,12,26,0.4388986077451063,1.3884974997414679,0.6178443716324894,0.2015713495457712,3.0651398277818958,0.5428571428571428,1.0904506705708015,-0.03504987375091351,0.10549640655517578
AAPL,1d,7,0.55,0.25,20,50,0.42081868049286075,1.387401554540331,0.49096719192390975,0.12336503042257872,3.9797922494092064,0.17142857142857143,0.2813199814878015,-0.022933421673455467,0.10630202293395996
AAPL,1d,7,0.55,0.5,8,21,0.6196445157568978,0.5531967401483711,0.71874994943125,0.06744486636761683,10.656851857539637,0.7142857142857143,1.1786253478893622,-0.08524987484772573,0.10889601707458496
AAPL,1d,7,0.55,0.5,9,21,0.6805077251708599,3.6171503750317058,0.7324171383455401,0.08176863752158998,8.957188972999024,0.6571428571428571,1.1613449566486833,-0.06093372946503295,0.11063313484191895
AAPL,1d,7,0.55,0.5,10,30,0.5836849959532854,1.0858752302891204,0.6489436302938069,0.09514685592232994,6.820442189109759,0.45714285714285713,0.9992130251810876,-0.0413370312559842,0.10490536689758301
AAPL,1d,7,0.55,0.5,12,26,0.5582447733822661,0.8210308597130642,0.6643291262697182,0.1103007632795585,6.022887843359422,0.5428571428571428,1.1128049671008358,-0.0413370312559842,0.10988664627075195
AAPL,1d,7,0.55,0.5,20,50,0.4813547673857393,0.8268541044474293,0.5200667313976757,0.06830702385317114,7.613664043035769,0.17142857142857143,0.28074947197468764,-0.022933421673455467,0.10311198234558105
AAPL,1d,7,0.55,0.75,8,21,0.7912693073406456,0.1292679543681634,0.8314239883361827,0.04480225354181895,18.55763767686645,0.7142857142857143,1.2138828918622722,-0.0940543063896877,0.10744190216064453
AAPL,1d,7,0.55,0.75,9,21,0.819905763033031,3.0796025913140106,0.8367728657804072,0.05551135208696382,15.073905324257332,0.6571428571428571,1.1951928298358503,-0.0872034949275744,0.10500884056091309
AAPL,1d,7,0.55,0.75,10,30,0.7218481201581123,0.6094646321577948,0.7537281590932754,0.06269599532862581,12.021950606933538,0.45714285714285713,1.0066058842430934,-0.047624188761054675,0.10426712036132812
AAPL,1d,7,0.55,0.75,12,26,0.6929306552037159,0.3745005420728156,0.7648979244587256,0.07326843611482103,10.439664950129856,0.5428571428571428,1.1227437609019792,-0.047624188761054675,0.1077122688293457
AAPL,1d,7,0.55,0.75,20,50,0.575638234877133,0.3849482960450017,0.597894973868201,0.05222706294185881,11.447991523739347,0.17142857142857143,0.2803351621459794,-0.022933421673455467,0.10044384002685547
AAPL,1d,7,0.55,1.0,8,21,0.93598405895435,-0.18896427733138055,0.9376567533538273,0.0443249461484013,21.15415437199908,0.7142857142857143,1.242127224455583,-0.11347326039011552,0.10388922691345215
AAPL,1d,7,0.55,1.0,9,21,0.9435002624018436,2.575966835934252,0.9371222889871502,0.05216590149242038,17.96426903737708,0.6571428571428571,1.2210678490449274,-0.11347326039011552,0.11119914054870605
AAPL,1d,7,0.55,1.0,10,30,0.8420048845984055,0.22966971906427447,0.8524875972483933,0.048985845588197574,17.402733116314476,0.45714285714285713,1.0115803487317128,-0.05391134626612515,0.11066508293151855
AAPL,1d,7,0.55,1.0,12,26,0.8100272464078939,0.02683701262461402,0.8608134504093163,0.05534108952995847,15.554689250259912,0.5428571428571428,1.1290598914900805,-0.05391134626612515,0.11991453170776367
AAPL,1d,7,0.55,1.0,20,50,0.6626276514910957,0.03963965655756585,0.674725305276928,0.04832169509546991,13.963196116027447,0.17142857142857143,0.2800208202061907,-0.022933421673455467,0.09630274772644043
AAPL,1d,7,0.7,0.0,8,21,0.7918041707333633,2.795398766863477,1.1919733779683432,0.38460698401526366,3.09919847404809,0.22857142857142856,0.1434749091309738,-0.0858598721360685,0.10716032981872559
AAPL,1d,7,0.7,0.0,9,21,0.9248980580038858,3.662193950213698,1.1702633139252863,0.3975854646842356,2.9434257986637298,0.14285714285714285,-0.04295856767372646,-0.09756566888366147,0.11097049713134766
AAPL,1d,7,0.7,0.0,10,30,0.7526446647521919,2.5263375821621437,0.9537437804067693,0.4280148281594739,2.228296118870476,0.08571428571428572,0.17575798140214324,-0.0687515462845616,0.1003108024597168
AAPL,1d,7,0.7,0.0,12,26,0.8017191630750322,2.878442614941235,1.0127368338500529,0.43585250423169664,2.3235769532522585,0.14285714285714285,0.11400442283162839,-0.08448101130411956,0.10573744773864746
AAPL,1d,7,0.7,0.0,20,50,0.6468550782338452,2.0530872793939516,0.7470666828999876,0.26604048502299216,2.808093974251413,0.05714285714285714,0.049167989926407446,-0.022933421673455467,0.10171866416931152
AAPL,1d,7,0.7,0.25,8,21,0.5006973999649443,2.0456882001698227,0.679373956516159,0.14344314290317736,4.7361898433494956,0.6857142857142857,1.108065926057096,-0.07644544330576375,0.10976195335388184
AAPL,1d,7,0.7,0.25,9,21,0.5362320258490334,2.959094439499908,0.6764494374123069,0.15432766438371667,4.383202714261254,0.6571428571428571,1.103522921703031,-0.051763743687058716,0.11011743545532227
AAPL,1d,7,0.7,0.25,10,30,0.4702763183038619,1.799848815265039,0.5933374156702579,0.1663823510749355,3.5661078944787232,0.45714285714285713,0.9842378051806898,-0.03504987375091351,0.11288809776306152
AAPL,1d,7,0.7,0.25,12,26,0.4880066388307446,2.1670794575931596,0.6187172699067496,0.1800198099485917,3.43693991279869,0.5428571428571428,1.0904506705708015,-0.03504987375091351,0.1141047477722168
AAPL,1d,7,0.7,0.25,20,50,0.4191354747166344,1.3491206679416647,0.5030664185449629,0.13090059861386927,3.8431177845787308,0.17142857142857143,0.2813199814878015,-0.022933421673455467,0.11731696128845215
AAPL,1d,7,0.7,0.5,8,21,0.6601907686471219,1.4179528649332709,0.7358238804405004,0.06649719541797383,11.065487436205636,0.7142857142857143,1.1678293844194647,-0.08524987484772573,0.11420917510986328
AAPL,1d,7,0.7,0.5,9,21,0.6734680504883988,2.3285477142076405,0.7289309480834433,0.07204786998281087,10.117314339165766,0.6571428571428571,1.1622670289176458,-0.06583343523254881,0.10178685188293457
AAPL,1d,7,0.7,0.5,10,30,0.5934383279949362,1.2012983647408455,0.6538563814928845,0.0823633084108552,7.938685248426817,0.45714285714285713,0.9992130251810876,-0.0413370312559842,0.0970919132232666
AAPL,1d,7,0.7,0.5,12,26,0.5952788832521075,1.564479875022187,0.6720045359389781,0.09802526666654582,6.85542165597924,0.5428571428571428,1.1128049671008358,-0.0413370312559842,0.10024881362915039
AAPL,1d,7,0.7,0.5,20,50,0.4864900587751219,0.7914768942778232,0.53397569155831,0.07704118395919625,6.931042127300673,0.17142857142857143,0.28074947197468764,-0.022933421673455467,0.09591960906982422
AAPL,1d,7,0.7,0.75,8,21,0.8273288923526831,0.8994587132590741,0.8515381259682762,0.044428556604134674,19.16645939132376,0.7142857142857143,1.2122789145994508,-0.0940543063896877,0.10395646095275879
AAPL,1d,7,0.7,0.75,9,21,0.8299636985732685,1.7708669477328023,0.8418182730051654,0.04936325638085886,17.05354011717083,0.6571428571428571,1.2020582338997905,-0.0872034949275744,0.11574387550354004
AAPL,1d,7,0.7,0.75,10,30,0.7337837984888352,0.713831716936135,0.7634913266721511,0.051439407518592675,14.842537336694415,0.45714285714285713,1.0066058842430934,-0.047624188761054675,0.11187386512756348
AAPL,1d,7,0.7,0.75,12,26,0.7269985998986628,1.058989209711608,0.7782109756441511,0.06707868693529137,11.601464059588196,0.5428571428571428,1.1227437609019792,-0.047624188761054675,0.11185002326965332
AAPL,1d,7,0.7,0.75,20,50,0.5853618946744007,0.3535172781606428,0.613978244912582,0.0615934441632438,9.968240179674458,0.17142857142857143,0.2803351621459794,-0.022933421673455467,0.10177922248840332
AAPL,1d,7,0.7,1.0,8,21,0.9700395383476803,0.4766850252335235,0.9604400043215626,0.044201011268664686,21.728914718348197,0.7142857142857143,1.2472642474331013,-0.11347326039011552,0.11290907859802246
AAPL,1d,7,0.7,1.0,9,21,0.9656512901978584,1.2840412566404202,0.9486243687613577,0.049443334016803175,19.18609227361105,0.6571428571428571,1.2324266711928837,-0.11347326039011552,0.1104435920715332
AAPL,1d,7,0.7,1.0,10,30,0.8558475166771857,0.32124681191954263,0.8658897689714399,0.04081565152826156,21.21465017829939,0.45714285714285713,1.0115803487317128,-0.05391134626612515,0.1065983772277832
AAPL,1d,7,0.7,1.0,12,26,0.8430409900135734,0.6390182433554237,0.878397985201899,0.05430133615364287,16.176360425395732,0.5428571428571428,1.1290598914900805,-0.05391134626612515,0.10458588600158691
AAPL,1d,7,0.7,1.0,20,50,0.6757301356081821,0.012608092115723668,0.6925127669943573,0.057686482351178556,12.004766780171144,0.17142857142857143,0.2800208202061907,-0.022933421673455467,0.10253000259399414
AAPL,1d,7,0.85,0.0,8,21,0.9411483791180951,4.063066294034948,1.2694581675107113,0.3948962436348785,3.214662554968372,0.2571428571428571,0.19786184985380073,-0.08271577686005749,0.1051936149597168
AAPL,1d,7,0.85,0.0,9,21,0.9957625693380588,4.3542612257874,1.2357802355023975,0.41740672860330036,2.9606140745202794,0.22857142857142856,0.09108699307949616,-0.09347567599478224,0.1107637882232666
AAPL,1d,7,0.85,0.0,10,30,0.8004036664732573,2.773598691310758,0.9859783259530819,0.40335869692856197,2.4444206446048353,0.14285714285714285,0.17977187056467273,-0.06374709350175822,0.10333538055419922
AAPL,1d,7,0.85,0.0,12,26,0.9020994276544607,3.558728105249444,1.0573966217783999,0.3892921424445482,2.716203350878109,0.2,0.20069794802198776,-0.06493155084535063,0.10477876663208008
AAPL,1d,7,0.85,0.0,20,50,0.6880314524587634,2.3248163882934048,0.7751669114456524,0.31128783955690864,2.4901933610674787,0.08571428571428572,0.1766246979121254,-0.027265621972013876,0.10332155227661133
AAPL,1d,7,0.85,0.25,8,21,0.5595162871208816,3.3737531823664906,0.70096292799496,0.1393853251414692,5.028957871164108,0.6857142857142857,1.1572756324189806,-0.06439287490496004,0.11037683486938477
AAPL,1d,7,0.85,0.25,9,21,0.5660468464684779,3.704179043934829,0.6989635126483142,0.15795697337235076,4.425024724933498,0.6857142857142857,1.1699955145686427,-0.050043763040640954,0.1094973087310791
AAPL,1d,7,0.85,0.25,10,30,0.4889780199372623,2.04517573424851,0.6016146446958708,0.14858921723956575,4.048844565389333,0.5428571428571428,1.1637657295917112,-0.05218365913447809,0.10959839820861816
AAPL,1d,7,0.85,0.25,12,26,0.5241718650241741,2.856739068030132,0.6326856621402178,0.16283825677921002,3.8853625349113567,0.6,1.2000574634012038,-0.05218365913447809,0.10737729072570801
AAPL,1d,7,0.85,0.25,20,50,0.4428536029643084,1.6183073224497315,0.5223147191376026,0.14632425483706551,3.5695703334980844,0.2,0.4089960919485689,-0.027265621972013876,0.1006779670715332
AAPL,1d,7,0.85,0.5,8,21,0.7157509915978003,2.741036435228398,0.7632110921683347,0.06690647018318537,11.407134318679713,0.7142857142857143,1.2155787886291378,-0.0733122060082102,0.12335348129272461
AAPL,1d,7,0.85,0.5,9,21,0.7063195539871149,3.0925982811878114,0.7560674584426039,0.07087283533057398,10.667944282404664,0.6857142857142857,1.227553466313647,-0.05623322747224169,0.11382889747619629
AAPL,1d,7,0.85,0.5,10,30,0.6196615903728215,1.4331653418720554,0.6724469513351566,0.0745942389037976,9.01473037619427,0.5428571428571428,1.1830068032522496,-0.058359181017733186,0.10841727256774902
AAPL,1d,7,0.85,0.5,12,26,0.6273925712781707,2.2312539491936008,0.6904402677358086,0.08792899042026575,7.852248324878718,0.6,1.236024807938117,-0.058359181017733186,0.10447239875793457
AAPL,1d,7,0.85,0.5,20,50,0.5147440804336567,1.0458926759627678,0.5544042589944401,0.07813728501659524,7.09525879836614,0.2,0.4083912489898222,-0.027265621972013876,0.1266646385192871
AAPL,1d,7,0.85,0.75,8,21,0.886624461243907,2.169196404439483,0.8855374892853186,0.048271788006749076,18.344824707166595,0.7142857142857143,1.2620751580553347,-0.08223153711145992,0.10075259208679199
AAPL,1d,7,0.85,0.75,9,21,0.8678644824844052,2.5266947903984267,0.8748751093615657,0.04680034989068422,18.693772833004243,0.6857142857142857,1.2693027116854059,-0.06677708015882178,0.10843110084533691
AAPL,1d,7,0.85,0.75,10,30,0.767766074288738,0.925280384973401,0.7902513441423518,0.049970746531712344,15.814279333226368,0.5428571428571428,1.1913379261654775,-0.06453470290098862,0.11028432846069336
AAPL,1d,7,0.85,0.75,12,26,0.7610887245447692,1.68156845789087,0.8019562676078994,0.060157300953142714,13.330988174362298,0.6,1.2528283998402432,-0.06453470290098862,0.1182858943939209
AAPL,1d,7,0.85,0.75,20,50,0.6187253320533925,0.5858017329151657,0.6368879912057659,0.05612378354457784,11.347916177103425,0.2,0.4079517839227011,-0.027265621972013876,0.10308170318603516
AAPL,1d,7,0.85,1.0,8,21,1.0334924513384691,1.6596350309185266,0.9998804190327364,0.048837394138062866,20.47366442619939,0.7142857142857143,1.2993403182751626,-0.09115086821471008,0.10903668403625488
AAPL,1d,7,0.85,1.0,9,21,1.0080043548483866,2.010832181647371,0.9866872495706195,0.048705752546120806,20.25812553940725,0.6857142857142857,1.3018401158840687,-0.08083986282531663,0.11211657524108887
AAPL,1d,7,0.85,1.0,10,30,0.8961552812462265,0.5087339384044387,0.8988609426798911,0.043108598432368944,20.851082507126087,0.5428571428571428,1.1966239202460531,-0.07071022478424394,0.1071314811706543
AAPL,1d,7,0.85,1.0,12,26,0.8796342183022672,1.2046475604097329,0.906522302386702,0.04931161489588038,18.383545221562702,0.6,1.263928472239479,-0.07071022478424394,0.10889911651611328
AAPL,1d,7,0.85,1.0,20,50,0.7133632395457821,0.21899007065600617,0.7176340324714723,0.05069908370381835,14.154773223592292,0.2,0.4076182559577354,-0.027265621972013876,0.10634279251098633
AAPL,1d,7,1.0,0.0,8,21,1.0535235218343686,5.0477601138914485,1.3226261439552829,0.39684095111515094,3.332887244218649,0.2857142857142857,0.1942893072441076,-0.08271577686005749,0.10257577896118164
AAPL,1d,7,1.0,0.0,9,21,1.0397057004809969,4.949567176861469,1.3130509691718522,0.4139312255376441,3.1721476616468487,0.2571428571428571,0.09713526880076001,-0.09347567599478224,0.10607051849365234
AAPL,1d,7,1.0,0.0,10,30,0.8035335040555169,2.8284466971558637,1.0286864358667995,0.3745194726746268,2.7466834461782357,0.14285714285714285,0.17107646534464363,-0.06374709350175822,0.11332297325134277
AAPL,1d,7,1.0,0.0,12,26,0.8362940281857771,3.0565735245384014,1.0997813681242368,0.3845919900952326,2.8596054947787892,0.2,0.19200254280195864,-0.06493155084535063,0.10546565055847168
AAPL,1d,7,1.0,0.0,20,50,0.7073750247855218,2.4401902835566625,0.7827119341270763,0.3006041636020532,2.603796051086134,0.08571428571428572,0.1766246979121254,-0.027265621972013876,0.09452176094055176
AAPL,1d,7,1.0,0.25,8,21,0.5913424232003129,4.463620499327352,0.7207752715801768,0.13493694204196888,5.34157111220141,0.6857142857142857,1.1858339442836114,-0.06058481835679119,0.1065220832824707
AAPL,1d,7,1.0,0.25,9,21,0.5867972551666878,4.371566167140043,0.7257618953637098,0.1489947218610308,4.8710577549225995,0.6571428571428571,1.1386984529211526,-0.059436377477557145,0.10758328437805176
AAPL,1d,7,1.0,0.25,10,30,0.4937079700998353,2.1001728504333697,0.6110867758616497,0.13960917347421503,4.377124802436523,0.5142857142857142,1.1615643488476142,-0.06155511552414694,0.11076498031616211
AAPL,1d,7,1.0,0.25,12,26,0.5049497049084012,2.3309556487503524,0.6420323051136022,0.14651702912745793,4.381963713959053,0.5714285714285714,1.1978560826571067,-0.06155511552414694,0.11246037483215332
AAPL,1d,7,1.0,0.25,20,50,0.4505724949603444,1.7220176573722368,0.5262298946341877,0.14062779698187844,3.7420048235698284,0.2,0.4089960919485689,-0.027265621972013876,0.10488510131835938
AAPL,1d,7,1.0,0.5,8,21,0.736826638639108,3.888480051413052,0.7930652329403045,0.06002344673941274,13.212590679494587,0.7142857142857143,1.2464076825335781,-0.06874284282539855,0.12584209442138672
AAPL,1d,7,1.0,0.5,9,21,0.724768770843127,3.804518473993318,0.7803798735180659,0.06413157587746834,12.16841879901848,0.6857142857142857,1.198410115962829,-0.06750361331223798,0.1553058624267578
AAPL,1d,7,1.0,0.5,10,30,0.6282383921258161,1.4857403500186401,0.6869853048802349,0.07067959347764242,9.719712169786943,0.5428571428571428,1.181630312880956,-0.06960417889384551,0.1714622974395752
AAPL,1d,7,1.0,0.5,12,26,0.6353328325050193,1.7078990540880001,0.7000815538451075,0.07035844042266977,9.950214212245934,0.6,1.2346483175668235,-0.06960417889384551,0.11827754974365234
AAPL,1d,7,1.0,0.5,20,50,0.5185417546452978,1.135741563299585,0.5619286198818357,0.07323131973353812,7.673337336080896,0.2,0.4083912489898222,-0.027265621972013876,0.10359811782836914
AAPL,1d,7,1.0,0.75,8,21,0.9037800049987543,3.3333324644324582,0.9241226201221485,0.042176421105568435,21.910882808407354,0.7142857142857143,1.2948088858040576,-0.07690086729400603,0.11271238327026367
AAPL,1d,7,1.0,0.75,9,21,0.8866108072737765,3.258722963621035,0.9006306628641305,0.04161029597032222,21.64441857146339,0.6857142857142857,1.2439470425458015,-0.07557084914691858,0.11151432991027832
AAPL,1d,7,1.0,0.75,10,30,0.7790539867856878,0.9738250480378212,0.8097131684421071,0.04661406173457591,17.370577424740986,0.5428571428571428,1.1902602846241273,-0.07765324226354442,0.10418701171875
AAPL,1d,7,1.0,0.75,12,26,0.7844588587532014,1.1799337561706156,0.8140027942976099,0.04500961897995706,18.085085205011136,0.6,1.251750758298893,-0.07765324226354442,0.11559295654296875
AAPL,1d,7,1.0,0.75,20,50,0.6212886558499731,0.6612906734333222,0.6473410398390073,0.05073491645145014,12.759280691010273,0.2,0.4079517839227011,-0.027265621972013876,0.10684323310852051
AAPL,1d,7,1.0,1.0,8,21,1.0484149307065957,2.8066892127893004,1.0453798799559255,0.045959757088969655,22.745548413849576,0.7142857142857143,1.3335290811700669,-0.08505889176261339,0.11188101768493652
AAPL,1d,7,1.0,1.0,9,21,1.0273956323077658,2.7420692635932182,1.014154952672426,0.0454208326758374,22.3279691922497,0.6857142857142857,1.2800066346635979,-0.08363808498159964,0.1125650405883789
AAPL,1d,7,1.0,1.0,10,30,0.9094963434340951,0.552370932053732,0.9222411060143031,0.0385698288293441,23.91094630196175,0.5428571428571428,1.1957164648335181,-0.08570230563324321,0.10951566696166992
AAPL,1d,7,1.0,1.0,12,26,0.913914355092746,0.7380701025963907,0.9208432236959491,0.040179414755297856,22.918283636138113,0.6,1.263021016826944,-0.08570230563324321,0.10857486724853516
AAPL,1d,7,1.0,1.0,20,50,0.715347572140143,0.2807282126248607,0.7303319859943624,0.045070248515718433,16.20430350499745,0.2,0.4076182559577354,-0.027265621972013876,0.10532879829406738
AAPL,1d,10,0.0,0.0,8,21,0.5193040092446348,1.4264185835992866,0.9323773732142007,0.3341983466795491,2.789892237582564,0.17142857142857143,0.2834162039212066,-0.0569556871412098,0.11559939384460449
AAPL,1d,10,0.0,0.0,9,21,0.7372051053719493,2.5498421114394323,0.869295660482712,0.3732832198329258,2.3287831177404428,0.14285714285714285,0.1333031977293651,-0.06471272926267202,0.10269999504089355
AAPL,1d,10,0.0,0.0,10,30,0.7787635984144597,2.9505695452913048,0.8001665738702707,0.3563724339239519,2.2453099558228518,0.11428571428571428,0.2467766711271547,-0.038757042909315254,0.10156774520874023
AAPL,1d,10,0.0,0.0,12,26,0.7328646909583983,2.5919782343864424,0.8355146278298259,0.3416262983311928,2.4456976289917485,0.14285714285714285,0.2545549027516066,-0.09397229239193339,0.09945869445800781
AAPL,1d,10,0.0,0.0,20,50,0.5143070219337629,1.4607617353104496,0.5935430357384222,0.3041648345874214,1.9513861178052432,0.05714285714285714,0.07636796311721523,-0.023019601152213465,0.09691262245178223
AAPL,1d,10,0.0,0.25,8,21,0.3774322573152071,0.7282158508001393,0.6016669301360819,0.1409751664506021,4.267893028854177,0.5142857142857142,0.9552931755001205,-0.07621948571421655,0.10512137413024902
AAPL,1d,10,0.0,0.25,9,21,0.4612834381644385,1.810031975131957,0.5654624223502899,0.178347369066245,3.170567781912475,0.5142857142857142,0.9031651576650143,-0.08381807282469744,0.10643649101257324
AAPL,1d,10,0.0,0.25,10,30,0.4850509754922039,2.2909274230557144,0.5458449040383582,0.17823591621076776,3.0624854723044987,0.42857142857142855,0.8648557159369127,-0.038757042909315254,0.10241198539733887
AAPL,1d,10,0.0,0.25,12,26,0.46150732532754846,1.9209809601907182,0.5626936286217309,0.16961860471052634,3.317405125351858,0.4857142857142857,0.961045425619496,-0.03988692152190543,0.10506749153137207
AAPL,1d,10,0.0,0.25,20,50,0.35658279704372586,0.7682455418595329,0.44577271066097807,0.16520893211541543,2.6982361362251286,0.14285714285714285,0.24923269119905228,-0.023019601152213465,0.1008005142211914
AAPL,1d,10,0.0,0.5,8,21,0.4993206862376418,0.21066046062899968,0.6403870874641561,0.07645029444286426,8.376515644982302,0.5428571428571428,0.9846980308384994,-0.09548328428722364,0.10538744926452637
AAPL,1d,10,0.0,0.5,9,21,0.5568696894381674,1.200559149270926,0.6046069508928793,0.0961568162246745,6.287718069618585,0.5428571428571428,0.9407287318955767,-0.10292341638672298,0.10238265991210938
AAPL,1d,10,0.0,0.5,10,30,0.5438193339118571,1.7244851367673983,0.5746439084947125,0.10187042675042327,5.640929628208561,0.42857142857142855,0.8711840281826806,-0.038757042909315254,0.13683533668518066
AAPL,1d,10,0.0,0.5,12,26,0.5225285793742439,1.3596940935637987,0.5896400571020015,0.10037060197821455,5.874629079438847,0.4857142857142857,0.9815331005275048,-0.03988692152190543,0.1044626235961914
AAPL,1d,10,0.0,0.5,20,50,0.4220699588081993,0.25243222326620196,0.4713911193933805,0.09623033019236796,4.898571151642652,0.14285714285714285,0.2490182237526372,-0.023019601152213465,0.10537052154541016
AAPL,1d,10,0.0,0.75,8,21,0.630088621159312,-0.166617820424245,0.7308342971337487,0.0546852878937144,13.36436773550847,0.5428571428571428,1.0029882011070397,-0.11474708286023083,0.10999107360839844
AAPL,1d,10,0.0,0.75,9,21,0.6767624891475983,0.7045205411160769,0.6945736138387936,0.06414449336884152,10.828265644642006,0.5428571428571428,0.9648162025759824,-0.12216802086492784,0.10685992240905762
AAPL,1d,10,0.0,0.75,10,30,0.6416100956714768,1.2413529304177389,0.6543533169449989,0.0721060471059413,9.074874344222405,0.42857142857142855,0.8754694439223809,-0.038757042909315254,0.10312819480895996
AAPL,1d,10,0.0,0.75,12,26,0.619621874271554,0.8932306227857838,0.6695813204754588,0.07335583294215443,9.127853827295025,0.4857142857142857,0.9914413232401742,-0.03988692152190543,0.10109663009643555
AAPL,1d,10,0.0,0.75,20,50,0.5137740739992188,-0.12703701095023656,0.5375648101295034,0.07102323847075388,7.568858048494411,0.14285714285714285,0.24885866595162365,-0.023019601152213465,0.1010134220123291
AAPL,1d,10,0.0,1.0,8,21,0.7431666762454465,-0.436940223026132,0.818145692894843,0.04722629071802494,17.323945634006353,0.5428571428571428,1.0166712767475148,-0.15340215792545064,0.10316157341003418
AAPL,1d,10,0.0,1.0,9,21,0.7833031245268951,0.3056051434117948,0.7816016331061627,0.05170853226180462,15.115525405920406,0.5428571428571428,0.9830032633776266,-0.16518912923820417,0.10706973075866699
AAPL,1d,10,0.0,1.0,10,30,0.7323696923242276,0.8320521492575015,0.7331663055786486,0.058947237230500424,12.437670364630666,0.42857142857142855,0.8787448733095935,-0.03883287463966434,0.10513162612915039
AAPL,1d,10,0.0,1.0,12,26,0.7093068915582902,0.5081601567773033,0.7488215589421732,0.060546352838337446,12.367740150122232,0.4857142857142857,0.9978597275750324,-0.03988692152190543,0.10054898262023926
AAPL,1d,10,0.0,1.0,20,50,0.5978116470609619,-0.4024305726021936,0.604135004094458,0.06284063314569026,9.613763799830378,0.14285714285714285,0.24873559527419944,-0.023019601152213465,0.10185694694519043
AAPL,1d,10,0.1,0.0,8,21,0.4748844986526558,1.1867739281826402,0.9718740953851887,0.36539586038536515,2.659784088304122,0.17142857142857143,0.27823622211401916,-0.056107228385243624,0.10518598556518555
AAPL,1d,10,0.1,0.0,9,21,0.7823704636249476,2.887522343174153,0.9293724302101694,0.3890029248118382,2.389114248073352,0.14285714285714285,0.12510242595083407,-0.05633461747906521,0.11171746253967285
AAPL,1d,10,0.1,0.0,10,30,0.7496731998767978,2.7260860282218937,0.8157395998956082,0.33724587087102936,2.418827539055522,0.11428571428571428,0.2467766711271547,-0.038757042909315254,0.10994887351989746
AAPL,1d,10,0.1,0.0,12,26,0.695583478381849,2.3565243156566895,0.8359790765176532,0.3591718374645064,2.3275184447061923,0.14285714285714285,0.2545549027516066,-0.09397229239193339,0.09811258316040039
AAPL,1d,10,0.1,0.0,20,50,0.5273870737269295,1.5392740921146988,0.6256165389193589,0.3001364488590049,2.084440398017952,0.05714285714285714,0.07636796311721523,-0.023019601152213465,0.10390567779541016
AAPL,1d,10,0.1,0.25,8,21,0.3632236880834225,0.5168131980017587,0.6116475414565763,0.15285578064713726,4.001468173902728,0.5142857142857142,0.9609619854720218,-0.056107228385243624,0.10436511039733887
AAPL,1d,10,0.1,0.25,9,21,0.4828050531476545,2.1588058894055355,0.5934728321994123,0.18803617631354214,3.1561630524214777,0.5142857142857142,0.9085763647521853,-0.05719851048599989,0.10762810707092285
AAPL,1d,10,0.1,0.25,10,30,0.4731825639839611,2.043148666125529,0.5523299112985102,0.16552200407456488,3.3368971961558347,0.42857142857142855,0.8648557159369127,-0.038757042909315254,0.11093807220458984
AAPL,1d,10,0.1,0.25,12,26,0.4488587886087791,1.6791208054088966,0.5601858942883766,0.1717354976257758,3.2619109155234907,0.4857142857142857,0.961045425619496,-0.03988692152190543,0.10343432426452637
AAPL,1d,10,0.1,0.25,20,50,0.3653356890959131,0.8425895958100154,0.4599389026812415,0.16248142339191932,2.830716847992086,0.14285714285714285,0.24923269119905228,-0.023019601152213465,0.09855866432189941
AAPL,1d,10,0.1,0.5,8,21,0.5065523886088862,0.03454207548691013,0.6502522789598356,0.08276759236797226,7.85636334652471,0.5428571428571428,0.9883158307499128,-0.07030594713716176,0.10675787925720215
AAPL,1d,10,0.1,0.5,9,21,0.5763064717423465,1.5430794468282167,0.6288981847150317,0.10238328040271014,6.142586780198385,0.5428571428571428,0.9442613561189317,-0.07914691249165151,0.10370373725891113
AAPL,1d,10,0.1,0.5,10,30,0.5530745314932732,1.4656655146440336,0.589183882061092,0.09567236449166622,6.1583497511699345,0.42857142857142855,0.8711840281826806,-0.038757042909315254,0.1038362979888916
AAPL,1d,10,0.1,0.5,12,26,0.532035585059055,1.1229051560728154,0.595979113108847,0.10092171937737476,5.905360281074018,0.4857142857142857,0.9815331005275048,-0.03988692152190543,0.10686755180358887
AAPL,1d,10,0.1,0.5,20,50,0.4286988240229053,0.3191746567281828,0.4831531447167567,0.09640220500638633,5.011847443580252,0.14285714285714285,0.2490182237526372,-0.023019601152213465,0.09808993339538574
AAPL,1d,10,0.1,0.75,8,21,0.650052678910993,-0.30681573683335095,0.7432877399513527,0.058327966332509217,12.743247993837215,0.5428571428571428,1.0056998158788861,-0.11185405253130609,0.10003328323364258
AAPL,1d,10,0.1,0.75,9,21,0.6970719551679427,1.0284236905355706,0.7192566559990856,0.06888585881876814,10.441281684407514,0.5428571428571428,0.9674807758527915,-0.12216802086492784,0.10342788696289062
AAPL,1d,10,0.1,0.75,10,30,0.6640949297880527,0.9818917111060581,0.6749375557894414,0.06910067410303791,9.767452554558634,0.42857142857142855,0.8754694439223809,-0.038757042909315254,0.10465312004089355
AAPL,1d,10,0.1,0.75,12,26,0.6428250913387381,0.6695205362750609,0.6821403229175753,0.07333311342109887,9.30194138902215,0.4857142857142857,0.9914413232401742,-0.03988692152190543,0.10782766342163086
AAPL,1d,10,0.1,0.75,20,50,0.519531500674285,-0.06959135273610284,0.5493284423598034,0.07378513035919831,7.444974884310442,0.14285714285714285,0.24885866595162365,-0.023019601152213465,0.09946250915527344
AAPL,1d,10,0.1,1.0,8,21,0.7721942228966099,-0.544261670027994,0.8331137354755977,0.049551573326566754,16.813063229799187,0.5428571428571428,1.0188963951158958,-0.15340215792545064,0.1083831787109375
AAPL,1d,10,0.1,1.0,9,21,0.8047795676305357,0.6027534097282208,0.8071839978238661,0.05525079559526146,14.609454744088673,0.5428571428571428,0.9851967087246737,-0.16518912923820417,0.1043546199798584
AAPL,1d,10,0.1,1.0,10,30,0.7644272673647431,0.5802840949590886,0.7581795344201921,0.05773454771408208,13.132163746651537,0.42857142857142855,0.8787448733095935,-0.03883287463966434,0.09855389595031738
AAPL,1d,10,0.1,1.0,12,26,0.7423696600678482,0.3027134048605382,0.7659618168350647,0.05994987899471772,12.77670330081158,0.4857142857142857,0.9978597275750324,-0.03988692152190543,0.1097862720489502
AAPL,1d,10,0.1,1.0,20,50,0.6030462470147362,-0.35475543436807555,0.6162439314105164,0.06760909446969185,9.114808240580258,0.14285714285714285,0.24873559527419944,-0.023019601152213465,0.10656857490539551
AAPL,1d,10,0.25,0.0,8,21,0.45023112231024753,1.061581116141662,1.05624610868839,0.36183771691886046,2.919115557334908,0.17142857142857143,0.27823622211401916,-0.056107228385243624,0.11713194847106934
AAPL,1d,10,0.25,0.0,9,21,0.9386430705450759,4.232452748477927,1.0111621578020091,0.4088792953373204,2.4730089523555177,0.14285714285714285,0.12510242595083407,-0.05633461747906521,0.09950041770935059
AAPL,1d,10,0.25,0.0,10,30,0.6792285139404594,2.175430150881508,0.8589084410600354,0.35049877788868633,2.4505319140736437,0.11428571428571428,0.2467766711271547,-0.038757042909315254,0.11078548431396484
AAPL,1d,10,0.25,0.0,12,26,0.6503477734039366,1.9913449907348917,0.8634546025506185,0.3546502213010975,2.434665342609632,0.14285714285714285,0.2545549027516066,-0.09397229239193339,0.09804511070251465
AAPL,1d,10,0.25,0.0,20,50,0.5902042714239686,1.758433031456335,0.6620383579418259,0.3335236079755732,1.9849819986065653,0.05714285714285714,0.07636796311721523,-0.023019601152213465,0.09459137916564941
AAPL,1d,10,0.25,0.25,8,21,0.3613218141887828,0.4072210029791772,0.6466238972031844,0.15315315520175254,4.222073625263353,0.5142857142857142,0.9609619854720218,-0.056107228385243624,0.10117840766906738
AAPL,1d,10,0.25,0.25,9,21,0.5489880130456102,3.6021668055800964,0.6340165051755207,0.177026173306667,3.5814845530056028,0.5142857142857142,0.9085763647521853,-0.05719851048599989,0.0999290943145752
AAPL,1d,10,0.25,0.25,10,30,0.44234010072818647,1.4621436862466721,0.5748268451336539,0.16514921610571393,3.4806513690364755,0.42857142857142855,0.8648557159369127,-0.038757042909315254,0.09838318824768066
AAPL,1d,10,0.25,0.25,12,26,0.4261563643849087,1.29284351871603,0.5751721841176238,0.16858534636031042,3.411756694964059,0.4857142857142857,0.961045425619496,-0.03988692152190543,0.1077260971069336
AAPL,1d,10,0.25,0.25,20,50,0.3865904427158045,1.0580259719248648,0.4695686731019813,0.18266543019119605,2.570648822880626,0.14285714285714285,0.24923269119905228,-0.023019601152213465,0.09934544563293457
AAPL,1d,10,0.25,0.5,8,21,0.5258894325315684,-0.05589157612395701,0.6808952511268007,0.07817615923829585,8.709755733219152,0.5428571428571428,0.9883158307499128,-0.07030594713716176,0.10813093185424805
AAPL,1d,10,0.25,0.5,9,21,0.6361845720618272,3.019931787122905,0.6681739378491602,0.08491675422372869,7.868576041999133,0.5428571428571428,0.9442613561189317,-0.07914691249165151,0.11122632026672363
AAPL,1d,10,0.25,0.5,10,30,0.5551155395939356,0.8917919205694735,0.6098691830356445,0.09324962851579262,6.540178151298029,0.42857142857142855,0.8711840281826806,-0.038757042909315254,0.1201026439666748
AAPL,1d,10,0.25,0.5,12,26,0.5339176157250975,0.7428455388304298,0.6110844518382867,0.09916079984223718,6.1625607378168565,0.4857142857142857,0.9815331005275048,-0.03988692152190543,0.12622427940368652
AAPL,1d,10,0.25,0.5,20,50,0.44121601918394815,0.521048735184729,0.48773596237502587,0.10260478970201899,4.753539905802551,0.14285714285714285,0.2490182237526372,-0.023019601152213465,0.11333107948303223
AAPL,1d,10,0.25,0.75,8,21,0.6834307948524343,-0.3779852633066344,0.7752306859946967,0.054070993938582494,14.337274563054201,0.5428571428571428,1.0056998158788861,-0.11185405253130609,0.10728859901428223
AAPL,1d,10,0.25,0.75,9,21,0.7588505578951849,2.487671796852919,0.7609588709965456,0.05147412689020929,14.783327410674058,0.5428571428571428,0.9674807758527915,-0.12216802086492784,0.10448050498962402
AAPL,1d,10,0.25,0.75,10,30,0.6851209954054801,0.4403080449671033,0.697069177216491,0.06566715410051176,10.615187863167327,0.42857142857142855,0.8754694439223809,-0.038757042909315254,0.10759830474853516
AAPL,1d,10,0.25,0.75,12,26,0.6592629070586017,0.31334502381088125,0.6990514690040321,0.07260545399656594,9.628084813533368,0.4857142857142857,0.9914413232401742,-0.03988692152190543,0.1035008430480957
AAPL,1d,10,0.25,0.75,20,50,0.5297016102068393,0.1129442893457191,0.553621910282301,0.07022392007296707,7.883665704037214,0.14285714285714285,0.24885866595162365,-0.023019601152213465,0.10106968879699707
AAPL,1d,10,0.25,1.0,8,21,0.8159682675787754,-0.5980144571663726,0.866932958639047,0.048709976579274804,17.797852093567027,0.5428571428571428,1.0188963951158958,-0.15340215792545064,0.1131899356842041
AAPL,1d,10,0.25,1.0,9,21,0.8693860425765032,2.005775952742814,0.8513314053930976,0.04426283952113481,19.23354702507507,0.5428571428571428,0.9851967087246737,-0.16518912923820417,0.1167595386505127
AAPL,1d,10,0.25,1.0,10,30,0.7987879263089952,0.08645104325361963,0.7818646120283235,0.053415153089500574,14.637505778898701,0.42857142857142855,0.8787448733095935,-0.03883287463966434,0.11742687225341797
AAPL,1d,10,0.25,1.0,12,26,0.7690971028767947,-0.019211624127522198,0.7844896912527821,0.0603003252630446,13.009709115674722,0.4857142857142857,0.9978597275750324,-0.03988692152190543,0.10994744300842285
AAPL,1d,10,0.25,1.0,20,50,0.612159997728122,-0.19436063244940205,0.6210789642418117,0.057172391601135,10.86326716179356,0.14285714285714285,0.24873559527419944,-0.023019601152213465,0.10517334938049316
AAPL,1d,10,0.4,0.0,8,21,0.4418084909647226,1.0205044625913304,1.0556207191154192,0.3648869172940165,2.8930078582807264,0.17142857142857143,0.27823622211401916,-0.056107228385243624,0.10610675811767578
AAPL,1d,10,0.4,0.0,9,21,0.9670495239507512,4.619269461327517,1.0371667422719442,0.41671297724212214,2.48892354909629,0.14285714285714285,0.12510242595083407,-0.05633461747906521,0.10441446304321289
AAPL,1d,10,0.4,0.0,10,30,0.691645083998394,2.222910197765673,0.8887171975755924,0.38535980524744695,2.3062010761732923,0.11428571428571428,0.2467766711271547,-0.038757042909315254,0.10117411613464355
AAPL,1d,10,0.4,0.0,12,26,0.6725877277564801,2.118922619354442,0.8771709436828891,0.38417214925083754,2.2832757278044062,0.14285714285714285,0.2545549027516066,-0.09397229239193339,0.10675263404846191
AAPL,1d,10,0.4,0.0,20,50,0.5726901613566802,1.6523015627383204,0.6518023841335627,0.3303852358629632,1.972855664784962,0.05714285714285714,0.07636796311721523,-0.023019601152213465,0.10054373741149902
AAPL,1d,10,0.4,0.25,8,21,0.3674630587431986,0.37004115493568457,0.6391611040485168,0.14331981222555118,4.459684213391445,0.5142857142857142,0.9609619854720218,-0.056107228385243624,0.13798761367797852
AAPL,1d,10,0.4,0.25,9,21,0.5658321132382338,4.039599142710859,0.651057720186793,0.18189611710035067,3.5792832225638413,0.5142857142857142,0.9085763647521853,-0.05719851048599989,0.10970592498779297
AAPL,1d,10,0.4,0.25,10,30,0.44706389882864356,1.507181047524658,0.5861370189776978,0.17523666664544213,3.3448309089537402,0.42857142857142855,0.8648557159369127,-0.038757042909315254,0.11317729949951172
AAPL,1d,10,0.4,0.25,12,26,0.43705723412855174,1.4192710797168604,0.5755728081315853,0.17509626224729447,3.2871792963728947,0.4857142857142857,0.961045425619496,-0.03988692152190543,0.10979413986206055
AAPL,1d,10,0.4,0.25,20,50,0.37612234975815734,0.958465103909532,0.4623781086586112,0.1763385743815297,2.6221041554878433,0.14285714285714285,0.24923269119905228,-0.023019601152213465,0.10305953025817871
AAPL,1d,10,0.4,0.5,8,21,0.545638452892143,-0.08723445469757063,0.6853627824455606,0.06943988813096633,9.869871638516177,0.5428571428571428,0.9883158307499128,-0.07030594713716176,0.10990762710571289
AAPL,1d,10,0.4,0.5,9,21,0.6569266125338413,3.489713772707555,0.6854687790420687,0.08801237984141277,7.788322282356154,0.5428571428571428,0.9442613561189317,-0.07914691249165151,0.1225895881652832
AAPL,1d,10,0.4,0.5,10,30,0.563111360183629,0.9323261354935353,0.6203662751591585,0.09633289217550542,6.439817814552226,0.42857142857142855,0.8711840281826806,-0.038757042909315254,0.11065244674682617
AAPL,1d,10,0.4,0.5,12,26,0.5458919963102091,0.8622885427630131,0.6166762878595526,0.10009726022598603,6.160770898896778,0.4857142857142857,0.9815331005275048,-0.03988692152190543,0.11069726943969727
AAPL,1d,10,0.4,0.5,20,50,0.43430661219588984,0.4322201571111892,0.48339254147786337,0.09786526406050068,4.939367876011945,0.14285714285714285,0.2490182237526372,-0.023019601152213465,0.1033940315246582
AAPL,1d,10,0.4,0.75,8,21,0.7120829244576876,-0.4029540977524999,0.7875974559005366,0.04586667553279447,17.171452841342468,0.5428571428571428,1.0056998158788861,-0.11185405253130609,0.11036062240600586
AAPL,1d,10,0.4,0.75,9,21,0.7842492683026657,2.9741294592685885,0.7798425414303203,0.05576931122990357,13.983363327108258,0.5428571428571428,0.9674807758527915,-0.12216802086492784,0.10317683219909668
AAPL,1d,10,0.4,0.75,10,30,0.6960935664202597,0.4753466617327542,0.7085039751166804,0.06625030381969,10.694350580564562,0.42857142857142855,0.8754694439223809,-0.038757042909315254,0.10131454467773438
AAPL,1d,10,0.4,0.75,12,26,0.6734553394217072,0.4222698140468064,0.708755976835439,0.07067791678599346,10.027969259216992,0.4857142857142857,0.9914413232401742,-0.03988692152190543,0.10521912574768066
AAPL,1d,10,0.4,0.75,20,50,0.524382773480598,0.03665562316397475,0.5514137751433273,0.06861061492491291,8.036858083064722,0.14285714285714285,0.24885866595162365,-0.023019601152213465,0.10128569602966309
AAPL,1d,10,0.4,1.0,8,21,0.851232979976458,-0.6169685729731438,0.8850239108614704,0.04261810680565721,20.766382582343862,0.5428571428571428,1.0188963951158958,-0.15340215792545064,0.11028289794921875
AAPL,1d,10,0.4,1.0,9,21,0.8987009138333595,2.4957758593740453,0.8716791536680668,0.050400227988608874,17.295143066913862,0.5428571428571428,0.9851967087246737,-0.16518912923820417,0.10915708541870117
AAPL,1d,10,0.4,1.0,10,30,0.8121312568338909,0.11574425544282607,0.7943040031003379,0.05346335799935604,14.856979299914256,0.42857142857142855,0.8787448733095935,-0.03883287463966434,0.11613941192626953
AAPL,1d,10,0.4,1.0,12,26,0.785274061326704,0.07737386767515408,0.7972814092762651,0.05648982301234933,14.113717600105954,0.4857142857142857,0.9978597275750324,-0.03988692152190543,0.10672712326049805
AAPL,1d,10,0.4,1.0,20,50,0.6077863760029525,-0.257862673698935,0.6204539543510706,0.05871246949655321,10.567669179500195,0.14285714285714285,0.24873559527419944,-0.023019601152213465,0.1058645248413086
AAPL,1d,10,0.55,0.0,8,21,0.4281430656849211,0.964307889877682,1.110065976798713,0.3890691952866532,2.8531325282148168,0.17142857142857143,0.2243183366338977,-0.07175216169492293,0.1075737476348877
AAPL,1d,10,0.55,0.0,9,21,0.9061500882686611,3.846277753807456,1.0854884557315045,0.4393943518480504,2.4704196837443275,0.14285714285714285,0.07118454047071256,-0.07175216169492293,0.1055748462677002
AAPL,1d,10,0.55,0.0,10,30,0.6855784756205587,2.2403095810592606,0.8566382659853247,0.4008819215129394,2.136884254476601,0.11428571428571428,0.14836105306861705,-0.07657979477963706,0.10820984840393066
AAPL,1d,10,0.55,0.0,12,26,0.662510139458541,2.110972345647737,0.872066193852565,0.4157867396435569,2.09738818173991,0.14285714285714285,0.16317738186134245,-0.0776652152059879,0.13227367401123047
AAPL,1d,10,0.55,0.0,20,50,0.5855768042792162,1.6926520435302619,0.6768354971179559,0.3059922367038142,2.2119368269238158,0.05714285714285714,0.07636796311721523,-0.023019601152213465,0.0981147289276123
AAPL,1d,10,0.55,0.25,8,21,0.36832587181781246,0.3231463295258168,0.657114242556731,0.14640687014395798,4.488274641146335,0.6571428571428571,1.3076802945347663,-0.04937914728588688,0.10384845733642578
AAPL,1d,10,0.55,0.25,9,21,0.5391831913740023,3.1823766448780226,0.6737800665965276,0.18390718080288174,3.663696347554308,0.6285714285714286,1.2377580213969104,-0.05719851048599989,0.10820412635803223
AAPL,1d,10,0.55,0.25,10,30,0.4502620559746971,1.51844868088914,0.5697841333060799,0.18231065222372583,3.125347456970638,0.4857142857142857,0.9923654373362563,-0.035175946566835314,0.10032486915588379
AAPL,1d,10,0.55,0.25,12,26,0.4387314900278193,1.4094379485860227,0.5719742375138178,0.18288260295752043,3.1275486474056513,0.5428571428571428,1.1220553982291817,-0.035175946566835314,0.09986734390258789
AAPL,1d,10,0.55,0.25,20,50,0.38143030147893353,0.9901445220873948,0.4664979668901717,0.14947677288728045,3.120872613713403,0.14285714285714285,0.24923269119905228,-0.023019601152213465,0.09828639030456543
AAPL,1d,10,0.55,0.5,8,21,0.5562346944860919,-0.12410280270885443,0.7066798211177108,0.06755017949043796,10.461553565786522,0.6857142857142857,1.346492094931143,-0.06327702561504644,0.106353759765625
AAPL,1d,10,0.55,0.5,9,21,0.6528054160060345,2.5832287176248627,0.7047381002775326,0.0861027344624874,8.184851557584013,0.6571428571428571,1.2805277838494409,-0.07098207135825052,0.10468912124633789
AAPL,1d,10,0.55,0.5,10,30,0.5708191219480501,0.9379483051380586,0.6203429626171595,0.09757124953200794,6.3578458366842785,0.4857142857142857,1.007250094788182,-0.041338573253748234,0.10262870788574219
AAPL,1d,10,0.55,0.5,12,26,0.5527385530483993,0.8514480713985628,0.6226717247550685,0.0985326454529081,6.319445924677453,0.5428571428571428,1.1375994861098933,-0.041338573253748234,0.10446786880493164
AAPL,1d,10,0.55,0.5,20,50,0.4447575795520702,0.45521125636844784,0.49166177005055917,0.08469856766280072,5.804841612055916,0.14285714285714285,0.2490182237526372,-0.023019601152213465,0.10273361206054688
AAPL,1d,10,0.55,0.75,8,21,0.7290254860781988,-0.4305685635242773,0.8137975628018707,0.043388216354134986,18.7561884581668,0.6857142857142857,1.370466355576479,-0.07717490394420556,0.11031699180603027
AAPL,1d,10,0.55,0.75,9,21,0.7936216997330318,2.0482400696266634,0.7997512281927517,0.052031816812961255,15.370426734619262,0.6571428571428571,1.3057444299972696,-0.08476563223050138,0.11084699630737305
AAPL,1d,10,0.55,0.75,10,30,0.7071284094785215,0.47640201736426224,0.7188151057604265,0.06391029905740346,11.24724991686857,0.4857142857142857,1.0141834066357374,-0.047501199940661154,0.104278564453125
AAPL,1d,10,0.55,0.75,12,26,0.6839153930324132,0.41121850839170637,0.7219268742668452,0.06614571861102364,10.914188997056737,0.5428571428571428,1.1449685739490971,-0.047501199940661154,0.11324810981750488
AAPL,1d,10,0.55,0.75,20,50,0.5389156475665506,0.052062197676684185,0.5643409788858695,0.06212296294023378,9.084257288706613,0.14285714285714285,0.24885866595162365,-0.023019601152213465,0.10403203964233398
AAPL,1d,10,0.55,1.0,8,21,0.8728638065889578,-0.6367886719799503,0.9154662357293241,0.04201465832420081,21.789210533743827,0.6857142857142857,1.3884130106123331,-0.09107278227336513,0.10297155380249023
AAPL,1d,10,0.55,1.0,9,21,0.9176684715468938,1.5752336118565262,0.8927334334108565,0.04676397992794324,19.09019366586065,0.6571428571428571,1.3242544767997733,-0.09854919310275223,0.1002969741821289
AAPL,1d,10,0.55,1.0,10,30,0.8256964998183193,0.11347487539405465,0.8120906735821665,0.049645255725489675,16.357870691060004,0.4857142857142857,1.0187445239560076,-0.05366382662757396,0.10023117065429688
AAPL,1d,10,0.55,1.0,12,26,0.798444399368975,0.06674473759870647,0.815962846562878,0.05292289269617058,15.417956294401872,0.5428571428571428,1.1498437361586502,-0.05366382662757396,0.11284661293029785
AAPL,1d,10,0.55,1.0,20,50,0.625416352858298,-0.24850026770615485,0.636916011483609,0.0534153507011088,11.923838430782554,0.14285714285714285,0.24873559527419944,-0.023019601152213465,0.12317728996276855
AAPL,1d,10,0.7,0.0,8,21,0.5922669624215225,1.726649810589607,1.141248752061741,0.41559715570855815,2.746045627083294,0.17142857142857143,0.11334825106724594,-0.09756566888366147,0.12024664878845215
AAPL,1d,10,0.7,0.0,9,21,0.8069146631779284,2.7558406783082585,1.0797326304137513,0.4080163818113833,2.6462972531158986,0.14285714285714285,-0.045162508308176655,-0.10096563207445097,0.12454962730407715
AAPL,1d,10,0.7,0.0,10,30,0.7377752249980803,2.448466731256415,0.8854468031505542,0.3952776529148067,2.240062894072569,0.11428571428571428,0.14836105306861705,-0.07657979477963706,0.12017464637756348
AAPL,1d,10,0.7,0.0,12,26,0.7684738535852732,2.6897140735081106,0.9410300569257031,0.3988956092649387,2.3590885311066163,0.14285714285714285,0.16317738186134245,-0.0776652152059879,0.10009002685546875
AAPL,1d,10,0.7,0.0,20,50,0.5510143733421852,1.5181530985883267,0.693005281007155,0.3293514274286952,2.1041514421770375,0.05714285714285714,0.07636796311721523,-0.023019601152213465,0.10456728935241699
AAPL,1d,10,0.7,0.25,8,21,0.4370870789275901,1.0032384587216474,0.6639453183445778,0.15152147559894205,4.38185620698386,0.6857142857142857,1.2869471512534123,-0.07742635364360673,0.1134638786315918
AAPL,1d,10,0.7,0.25,9,21,0.49526867733464225,2.0213963444228553,0.645427894279356,0.15944420263149317,4.047985963911566,0.6571428571428571,1.2178839590251855,-0.0850150136221004,0.1132192611694336
AAPL,1d,10,0.7,0.25,10,30,0.4658237303261474,1.7224614707176462,0.5706072370596077,0.1622174410890466,3.5175455439861256,0.4857142857142857,0.9923654373362563,-0.035175946566835314,0.10877132415771484
AAPL,1d,10,0.7,0.25,12,26,0.4784089394748693,1.9871558417469695,0.5897748560966222,0.17195101025247372,3.4299005003265894,0.5428571428571428,1.1220553982291817,-0.035175946566835314,0.10666966438293457
AAPL,1d,10,0.7,0.25,20,50,0.3660886891631261,0.8296731015121994,0.4786738298205203,0.16639594724175785,2.8767156758034,0.14285714285714285,0.24923269119905228,-0.023019601152213465,0.1027829647064209
AAPL,1d,10,0.7,0.5,8,21,0.6141913921238825,0.4512151107249154,0.7197298696528756,0.06916190980581524,10.406448747202749,0.6857142857142857,1.337710838422657,-0.09643936207367709,0.11385512351989746
AAPL,1d,10,0.7,0.5,9,21,0.6468783640913526,1.4061082943526233,0.6978177438170298,0.07604340922702402,9.176570999515919,0.6571428571428571,1.2721706809064435,-0.10387162992378773,0.1047506332397461
AAPL,1d,10,0.7,0.5,10,30,0.589531353302442,1.1280888606604957,0.6308559209573837,0.08054600184200866,7.832243767913029,0.4857142857142857,1.007250094788182,-0.041338573253748234,0.10349774360656738
AAPL,1d,10,0.7,0.5,12,26,0.5878127787523462,1.4013689078827283,0.6450579864760061,0.097243906620631,6.633402635627479,0.5428571428571428,1.1375994861098933,-0.041338573253748234,0.10484719276428223
AAPL,1d,10,0.7,0.5,20,50,0.44113197771733637,0.315091990350844,0.5103808587433205,0.09785918395292038,5.215462035621127,0.14285714285714285,0.2490182237526372,-0.023019601152213465,0.10255670547485352
AAPL,1d,10,0.7,0.75,8,21,0.7869089386337781,0.036091510371320856,0.8329577276951904,0.044611891566554915,18.671203987226814,0.6857142857142857,1.3702432124936206,-0.1152884197869164,0.10720109939575195
AAPL,1d,10,0.7,0.75,9,21,0.8090286313029386,0.8969728842304676,0.8071839046028529,0.05373018978411545,15.022911846134686,0.6571428571428571,1.3058016860862411,-0.12256564409067705,0.10942983627319336
AAPL,1d,10,0.7,0.75,10,30,0.7305060881498969,0.6470630006525564,0.7372178304710111,0.04957267142620002,14.871456575999224,0.4857142857142857,1.0141834066357374,-0.047501199940661154,0.10939908027648926
AAPL,1d,10,0.7,0.75,12,26,0.7208015547628749,0.916662029924193,0.7499490899639166,0.07028186424457612,10.670591880632884,0.5428571428571428,1.1449685739490971,-0.047501199940661154,0.1064608097076416
AAPL,1d,10,0.7,0.75,20,50,0.5419729046040885,-0.06551015595920773,0.5884375708836177,0.07214823132838613,8.155952821702806,0.14285714285714285,0.24885866595162365,-0.023019601152213465,0.10160708427429199
AAPL,1d,10,0.7,1.0,8,21,0.932369053451232,-0.2715475757151462,0.9395873044292635,0.04404639206471518,21.331765449682564,0.6857142857142857,1.3946040222138043,-0.13397352678332541,0.10648941993713379
AAPL,1d,10,0.7,1.0,9,21,0.9479982139668047,0.4806490757748114,0.9106353186715801,0.05453895281448199,16.696971094571047,0.6571428571428571,1.33065486836049,-0.1410970561227669,0.11151695251464844
AAPL,1d,10,0.7,1.0,10,30,0.8530842629983144,0.262097527578548,0.8365454829239101,0.0392469909532378,21.31489478825629,0.4857142857142857,1.0187445239560076,-0.05366382662757396,0.1051480770111084
AAPL,1d,10,0.7,1.0,12,26,0.8377422555844566,0.51864913594118,0.8485427611339293,0.059656451393769905,14.223822257428894,0.5428571428571428,1.1498437361586502,-0.05366382662757396,0.10609078407287598
AAPL,1d,10,0.7,1.0,20,50,0.6330902963078843,-0.3439510341393399,0.6650486395650954,0.06079632111863177,10.9389618866475,0.14285714285714285,0.24873559527419944,-0.023019601152213465,0.09984970092773438
AAPL,1d,10,0.85,0.0,8,21,0.8454479573496193,3.5380278624439585,1.2526320411222223,0.4045306800460631,3.0965068977699977,0.2571428571428571,0.1877204588693005,-0.08271577686005749,0.10932660102844238
AAPL,1d,10,0.85,0.0,9,21,1.014714317043757,4.512133032940651,1.216179293337896,0.41836830583179746,2.906958477458983,0.22857142857142856,0.05862935669670209,-0.09347567599478224,0.11006808280944824
AAPL,1d,10,0.85,0.0,10,30,0.7902259323447456,2.6986782293696234,0.9593659966962654,0.37407731841297825,2.564619530439248,0.14285714285714285,0.18032199218555686,-0.06374709350175822,0.11013221740722656
AAPL,1d,10,0.85,0.0,12,26,0.9121843012899875,3.641462359555872,1.0454965644161143,0.3495030770515812,2.991380142446687,0.2,0.2012480696428719,-0.06493155084535063,0.10288047790527344
AAPL,1d,10,0.85,0.0,20,50,0.6901766996827836,2.335946267180384,0.7543960661085918,0.3495077739172885,2.158452894061008,0.08571428571428572,0.1766246979121254,-0.027265621972013876,0.09860801696777344
AAPL,1d,10,0.85,0.25,8,21,0.5403465058328929,2.80576549204,0.6963379649588184,0.1425090488555343,4.88627192835114,0.7142857142857143,1.1972166362256698,-0.06712806260515036,0.10853981971740723
AAPL,1d,10,0.85,0.25,9,21,0.5714525632087887,3.882429061692953,0.6943676792102901,0.15709695566574539,4.419994494913661,0.6857142857142857,1.1682080885567325,-0.06436827627568042,0.10330557823181152
AAPL,1d,10,0.85,0.25,10,30,0.48498087788705346,1.9700409766373106,0.5934235270957977,0.1436171106822368,4.131983468242792,0.5142857142857142,1.1633994165358967,-0.051594592892908575,0.10952591896057129
AAPL,1d,10,0.85,0.25,12,26,0.5279716414637747,2.946397583806758,0.6261310483940977,0.15792540796013382,3.964726490066476,0.5714285714285714,1.199691150345389,-0.051594592892908575,0.10628271102905273
AAPL,1d,10,0.85,0.25,20,50,0.4426134898916121,1.6142038316237888,0.5161986874583809,0.1674246994343116,3.08316926476496,0.2,0.4089960919485689,-0.027265621972013876,0.11289238929748535
AAPL,1d,10,0.85,0.5,8,21,0.7035687349235398,2.1569716148496485,0.7552729472649844,0.06781600840654174,11.1370893836348,0.7142857142857143,1.255446767513736,-0.08635330503421157,0.1082456111907959
AAPL,1d,10,0.85,0.5,9,21,0.7097243116018741,3.283973750389938,0.7466070424912138,0.06946386909586158,10.748134997503243,0.6857142857142857,1.225407728529788,-0.08365039420834519,0.11666226387023926
AAPL,1d,10,0.85,0.5,10,30,0.6171792713557201,1.3615042386180445,0.6619370120533843,0.07479693322420668,8.849788133280848,0.5428571428571428,1.182795127797272,-0.05765234865786251,0.12075948715209961
AAPL,1d,10,0.85,0.5,12,26,0.6296908377136156,2.323650425014627,0.6802662070467296,0.09115439207010924,7.462791332353124,0.6,1.2358131324831394,-0.05765234865786251,0.1102297306060791
AAPL,1d,10,0.85,0.5,20,50,0.5136797148154207,1.0319496274757949,0.5472829966442535,0.08908204579952492,6.143583611403457,0.2,0.4083912489898222,-0.027265621972013876,0.10278511047363281
AAPL,1d,10,0.85,0.75,8,21,0.8770108653073357,1.5908766737371782,0.8750149415417949,0.048543985135869355,18.025197953829355,0.7142857142857143,1.2990399565714046,-0.10541276663542043,0.11089158058166504
AAPL,1d,10,0.85,0.75,9,21,0.8705233430619838,2.7246175957268854,0.8616254559224723,0.045179945343795117,19.07097163057559,0.6857142857142857,1.2655790808365963,-0.102766240871067,0.11050820350646973
AAPL,1d,10,0.85,0.75,10,30,0.765879785693297,0.8594408388604009,0.776923790247458,0.05178805773817977,15.001987411369658,0.5428571428571428,1.1911802319700429,-0.06371010442281588,0.11133050918579102
AAPL,1d,10,0.85,0.75,12,26,0.7628124675262187,1.7732886218115276,0.788842999524271,0.06703083307399665,11.768360370121787,0.6,1.2526707056448083,-0.06371010442281588,0.1070566177368164
AAPL,1d,10,0.85,0.75,20,50,0.6174574930643754,0.5661498938062042,0.6281816043753417,0.06139339863721164,10.232070846695063,0.2,0.4079517839227011,-0.027265621972013876,0.10247015953063965
AAPL,1d,10,0.85,1.0,8,21,1.0253581231057205,1.1039452766411522,0.9873604953989872,0.04920591136295136,20.065891842060285,0.7142857142857143,1.333316195812471,-0.12430644740877761,0.12253189086914062
AAPL,1d,10,0.85,1.0,9,21,1.0102395229562746,2.209552369470477,0.9705264830973374,0.047337172446146956,20.502417718368264,0.6857142857142857,1.2965883858956295,-0.12171581626384842,0.12675786018371582
AAPL,1d,10,0.85,1.0,10,30,0.8946091178705474,0.4500158959752958,0.8832024314324803,0.044794351511744476,19.716825930629145,0.5428571428571428,1.196498742791906,-0.0697678601877697,0.10599374771118164
AAPL,1d,10,0.85,1.0,12,26,0.8810349119316097,1.2930306492131756,0.8911103030772105,0.05749144646842891,15.499876204481279,0.6,1.263803294785332,-0.0697678601877697,0.10505986213684082
AAPL,1d,10,0.85,1.0,20,50,0.712050899592632,0.1966869580490973,0.707628022838581,0.053085756406380774,13.329903739556132,0.2,0.4076182559577354,-0.027265621972013876,0.09566998481750488
AAPL,1d,10,1.0,0.0,8,21,1.0535235218343686,5.0477601138914485,1.3226261439552829,0.39684095111515094,3.332887244218649,0.2857142857142857,0.1942893072441076,-0.08271577686005749,0.10005664825439453
AAPL,1d,10,1.0,0.0,9,21,1.0397057004809969,4.949567176861469,1.3130509691718522,0.4139312255376441,3.1721476616468487,0.2571428571428571,0.09713526880076001,-0.09347567599478224,0.10850143432617188
AAPL,1d,10,1.0,0.0,10,30,0.8035335040555169,2.8284466971558637,1.0286864358667995,0.3745194726746268,2.7466834461782357,0.14285714285714285,0.17107646534464363,-0.06374709350175822,0.10804867744445801
AAPL,1d,10,1.0,0.0,12,26,0.8362940281857771,3.0565735245384014,1.0997813681242368,0.3845919900952326,2.8596054947787892,0.2,0.19200254280195864,-0.06493155084535063,0.10580277442932129
AAPL,1d,10,1.0,0.0,20,50,0.7073750247855218,2.4401902835566625,0.7827119341270763,0.3006041636020532,2.603796051086134,0.08571428571428572,0.1766246979121254,-0.027265621972013876,0.1110532283782959
AAPL,1d,10,1.0,0.25,8,21,0.5913424232003129,4.463620499327352,0.7207752715801768,0.13493694204196888,5.34157111220141,0.6857142857142857,1.1858339442836114,-0.06058481835679119,0.09975218772888184
AAPL,1d,10,1.0,0.25,9,21,0.5867972551666878,4.371566167140043,0.7257618953637098,0.1489947218610308,4.8710577549225995,0.6571428571428571,1.1386984529211526,-0.059436377477557145,0.10032272338867188
AAPL,1d,10,1.0,0.25,10,30,0.4937079700998353,2.1001728504333697,0.6110867758616497,0.13960917347421503,4.377124802436523,0.5142857142857142,1.1615643488476142,-0.06155511552414694,0.10271096229553223
AAPL,1d,10,1.0,0.25,12,26,0.5049497049084012,2.3309556487503524,0.6420323051136022,0.14651702912745793,4.381963713959053,0.5714285714285714,1.1978560826571067,-0.06155511552414694,0.10233068466186523
AAPL,1d,10,1.0,0.25,20,50,0.4505724949603444,1.7220176573722368,0.5262298946341877,0.14062779698187844,3.7420048235698284,0.2,0.4089960919485689,-0.027265621972013876,0.10126090049743652
AAPL,1d,10,1.0,0.5,8,21,0.736826638639108,3.888480051413052,0.7930652329403045,0.06002344673941274,13.212590679494587,0.7142857142857143,1.2464076825335781,-0.06874284282539855,0.10277509689331055
AAPL,1d,10,1.0,0.5,9,21,0.724768770843127,3.804518473993318,0.7803798735180659,0.06413157587746834,12.16841879901848,0.6857142857142857,1.198410115962829,-0.06750361331223798,0.10554957389831543
AAPL,1d,10,1.0,0.5,10,30,0.6282383921258161,1.4857403500186401,0.6869853048802349,0.07067959347764242,9.719712169786943,0.5428571428571428,1.181630312880956,-0.06960417889384551,0.10241389274597168
AAPL,1d,10,1.0,0.5,12,26,0.6353328325050193,1.7078990540880001,0.7000815538451075,0.07035844042266977,9.950214212245934,0.6,1.2346483175668235,-0.06960417889384551,0.1057898998260498
AAPL,1d,10,1.0,0.5,20,50,0.5185417546452978,1.135741563299585,0.5619286198818357,0.07323131973353812,7.673337336080896,0.2,0.4083912489898222,-0.027265621972013876,0.10197591781616211
AAPL,1d,10,1.0,0.75,8,21,0.9037800049987543,3.3333324644324582,0.9241226201221485,0.042176421105568435,21.910882808407354,0.7142857142857143,1.2948088858040576,-0.07690086729400603,0.10924243927001953
AAPL,1d,10,1.0,0.75,9,21,0.8866108072737765,3.258722963621035,0.9006306628641305,0.04161029597032222,21.64441857146339,0.6857142857142857,1.2439470425458015,-0.07557084914691858,0.11060714721679688
AAPL,1d,10,1.0,0.75,10,30,0.7790539867856878,0.9738250480378212,0.8097131684421071,0.04661406173457591,17.370577424740986,0.5428571428571428,1.1902602846241273,-0.07765324226354442,0.11777162551879883
AAPL,1d,10,1.0,0.75,12,26,0.7844588587532014,1.1799337561706156,0.8140027942976099,0.04500961897995706,18.085085205011136,0.6,1.251750758298893,-0.07765324226354442,0.10823726654052734
AAPL,1d,10,1.0,0.75,20,50,0.6212886558499731,0.6612906734333222,0.6473410398390073,0.05073491645145014,12.759280691010273,0.2,0.4079517839227011,-0.027265621972013876,0.10543513298034668
AAPL,1d,10,1.0,1.0,8,21,1.0484149307065957,2.8066892127893004,1.0453798799559255,0.045959757088969655,22.745548413849576,0.7142857142857143,1.3335290811700669,-0.08505889176261339,0.11778640747070312
AAPL,1d,10,1.0,1.0,9,21,1.0273956323077658,2.7420692635932182,1.014154952672426,0.0454208326758374,22.3279691922497,0.6857142857142857,1.2800066346635979,-0.08363808498159964,0.11499285697937012
AAPL,1d,10,1.0,1.0,10,30,0.9094963434340951,0.552370932053732,0.9222411060143031,0.0385698288293441,23.91094630196175,0.5428571428571428,1.1957164648335181,-0.08570230563324321,0.1088860034942627
AAPL,1d,10,1.0,1.0,12,26,0.913914355092746,0.7380701025963907,0.9208432236959491,0.040179414755297856,22.918283636138113,0.6,1.263021016826944,-0.08570230563324321,0.11544680595397949
AAPL,1d,10,1.0,1.0,20,50,0.715347572140143,0.2807282126248607,0.7303319859943624,0.045070248515718433,16.20430350499745,0.2,0.4076182559577354,-0.027265621972013876,0.10849761962890625
AAPL,1d,14,0.0,0.0,8,21,0.5675234113633114,1.7107836181183598,0.8564873592721061,0.29447784043089564,2.9084951112750903,0.14285714285714285,0.14817860626786478,-0.0921186195056477,0.12360620498657227
AAPL,1d,14,0.0,0.0,9,21,0.8599433501894088,3.453684708682193,0.8430586674432234,0.32814012752685967,2.569203205341643,0.11428571428571428,0.1733385882307879,-0.10523688445020296,0.11112546920776367
AAPL,1d,14,0.0,0.0,10,30,0.9039075305073992,4.180258365703265,0.695929989936059,0.34203935263123303,2.0346488922471164,0.11428571428571428,0.17657508554783236,-0.029013319879922395,0.10614323616027832
AAPL,1d,14,0.0,0.0,12,26,0.6932864479486992,2.3275714653651605,0.718888557073224,0.28985673641675475,2.480151284252401,0.17142857142857143,0.34789203639909416,-0.029013319879922395,0.10288739204406738
AAPL,1d,14,0.0,0.0,20,50,0.4580660772462512,1.201777674815078,0.6755662449173407,0.27970813204732536,2.415254215072438,0.02857142857142857,-0.05558981441439097,-0.012774282909473578,0.09939718246459961
AAPL,1d,14,0.0,0.25,8,21,0.38287525742729117,0.9714538740548351,0.5741459248987087,0.1584574663433026,3.6233440944638438,0.4857142857142857,0.8788728280729305,-0.044029933584029624,0.10580968856811523
AAPL,1d,14,0.0,0.25,9,21,0.5093932385811053,2.7580141362378434,0.5629676153220815,0.18225269386297951,3.0889398855488497,0.5142857142857142,1.0030904143410553,-0.044029933584029624,0.1080319881439209
AAPL,1d,14,0.0,0.25,10,30,0.5541930246719647,3.6150792182283684,0.5076586487879577,0.1872331663773605,2.7113713804572064,0.37142857142857144,0.6865874875626132,-0.04259403686010976,0.10244512557983398
AAPL,1d,14,0.0,0.25,12,26,0.4410844079135904,1.6418929527721882,0.5166504966098265,0.14124804601400623,3.6577532305020006,0.42857142857142855,0.847403680213558,-0.04259403686010976,0.1038053035736084
AAPL,1d,14,0.0,0.25,20,50,0.3191709858349454,0.5366572210059408,0.5090703769599352,0.17442625581756996,2.9185421344614824,0.08571428571428572,0.05984615696136611,-0.012774282909473578,0.09906291961669922
AAPL,1d,14,0.0,0.5,8,21,0.4537701718400809,0.40530465392585757,0.5873774287160964,0.08839235029774134,6.64511608456581,0.4857142857142857,0.902663653160001,-0.044029933584029624,0.10728907585144043
AAPL,1d,14,0.0,0.5,9,21,0.553187733459129,2.141311995052027,0.5696089167621258,0.10054211927765089,5.665376071784692,0.5142857142857142,1.0274638514191097,-0.04505061268307431,0.10836410522460938
AAPL,1d,14,0.0,0.5,10,30,0.5588807974227865,3.0913799339406456,0.525891165048092,0.10039481810252386,5.238230169519789,0.37142857142857144,0.6934754548134063,-0.05617475384029735,0.10830473899841309
AAPL,1d,14,0.0,0.5,12,26,0.5036776005700003,1.0821416733197076,0.5375655930719306,0.07175262255688021,7.491929547882213,0.42857142857142855,0.8559864051380399,-0.05617475384029735,0.10883069038391113
AAPL,1d,14,0.0,0.5,20,50,0.37275893094251017,0.05191775308734492,0.5003633825836934,0.10811684697089119,4.627987187957938,0.08571428571428572,0.05967707912606993,-0.012774282909473578,0.10738253593444824
AAPL,1d,14,0.0,0.75,8,21,0.5507894219833374,-0.01957885510293811,0.6578820973070549,0.06227359910423056,10.564382126138614,0.4857142857142857,0.9125511433525533,-0.044029933584029624,0.10263776779174805
AAPL,1d,14,0.0,0.75,9,21,0.6433874024318236,1.6011231845009806,0.6351253835869947,0.06616091443149183,9.599706851764466,0.5142857142857142,1.0379710120551437,-0.05677792424791861,0.10921716690063477
AAPL,1d,14,0.0,0.75,10,30,0.6254948986706151,2.6089854803176924,0.593129169417016,0.06572636012686699,9.024220545183702,0.37142857142857144,0.6979986919122546,-0.06975547082048472,0.10384488105773926
AAPL,1d,14,0.0,0.75,12,26,0.5995182076418312,0.6282947396110312,0.6070245943590213,0.04532883718650115,13.391576577653579,0.42857142857142855,0.8617338261615968,-0.06975547082048472,0.10504865646362305
AAPL,1d,14,0.0,0.75,20,50,0.454035297081669,-0.2957007679286733,0.5435992701079886,0.08181265554078046,6.644439867093976,0.08571428571428572,0.059550534443837094,-0.012774282909473578,0.09882164001464844
AAPL,1d,14,0.0,1.0,8,21,0.6391367507114967,-0.3318143801004074,0.7303137736660338,0.05436976189128967,13.432351885709362,0.4857142857142857,0.9185700827455134,-0.044029933584029624,0.10720229148864746
AAPL,1d,14,0.0,1.0,9,21,0.7291095800306944,1.1333489136972639,0.7039232219226464,0.05283886698994421,13.322072595852791,0.5142857142857142,1.044524551044232,-0.0685052358127628,0.10646796226501465
AAPL,1d,14,0.0,1.0,10,30,0.694677454962326,2.16721087412174,0.6621562471390281,0.055036605204158796,12.031197140207928,0.37142857142857144,0.7014436730054409,-0.08333618780067253,0.10039591789245605
AAPL,1d,14,0.0,1.0,12,26,0.6877226905388396,0.2629353928401028,0.6774411145655568,0.03967409418761341,17.07515013101571,0.42857142857142855,0.8661043841015096,-0.08333618780067253,0.10935425758361816
AAPL,1d,14,0.0,1.0,20,50,0.5299339663128056,-0.5404757252493176,0.593848716796463,0.07241339326806055,8.20081327494416,0.08571428571428572,0.05945253574341196,-0.012774282909473578,0.10138773918151855
AAPL,1d,14,0.1,0.0,8,21,0.5302423697351842,1.5147591133521994,0.9278396421846633,0.3189921102098706,2.908660159570157,0.14285714285714285,0.18124538217656858,-0.044029933584029624,0.10286092758178711
AAPL,1d,14,0.1,0.0,9,21,0.9059383636003498,3.8784472099190443,0.907107499153678,0.3079235851087153,2.9458850929960927,0.14285714285714285,0.21580080034466914,-0.04935985917802277,0.10702347755432129
AAPL,1d,14,0.1,0.0,10,30,0.8413876684545127,3.570850179334352,0.7409150101594166,0.28063027020555015,2.64018207877834,0.11428571428571428,0.17657508554783236,-0.029013319879922395,0.10242533683776855
AAPL,1d,14,0.1,0.0,12,26,0.637776990496571,2.003068436034438,0.7387267242365521,0.27167118402461826,2.7191942601082424,0.17142857142857143,0.34789203639909416,-0.029013319879922395,0.10044693946838379
AAPL,1d,14,0.1,0.0,20,50,0.47068975777937405,1.2720975637063567,0.6858874348754493,0.3018757703858441,2.272085083207502,0.02857142857142857,-0.05558981441439097,-0.012774282909473578,0.09951353073120117
AAPL,1d,14,0.1,0.25,8,21,0.3695858100640912,0.7916678843010136,0.5948409536644623,0.16110391738366067,3.692281127142795,0.4857142857142857,0.9111945727667722,-0.044029933584029624,0.10572695732116699
AAPL,1d,14,0.1,0.25,9,21,0.5322756467394993,3.2235185546559233,0.5880057773792299,0.17339930723529315,3.391050326293051,0.5142857142857142,1.03629754648623,-0.044029933584029624,0.10854983329772949
AAPL,1d,14,0.1,0.25,10,30,0.519584757052874,2.9275681915574236,0.5221621611154206,0.1412755601936438,3.6960544371560276,0.37142857142857144,0.6865874875626132,-0.04259403686010976,0.1065216064453125
AAPL,1d,14,0.1,0.25,12,26,0.42127612359422684,1.3209321363910194,0.5162918822114281,0.1154189345422718,4.47319917012696,0.42857142857142855,0.847403680213558,-0.04259403686010976,0.11388087272644043
AAPL,1d,14,0.1,0.25,20,50,0.32858337723301756,0.6015752580989138,0.5149389334540057,0.1956239870654239,2.6322893280045,0.08571428571428572,0.05984615696136611,-0.012774282909473578,0.09800863265991211
AAPL,1d,14,0.1,0.5,8,21,0.45776370998144694,0.25016383588928415,0.6063232598546877,0.08713186058653034,6.958686016495083,0.4857142857142857,0.9200245407327751,-0.044029933584029624,0.10034060478210449
AAPL,1d,14,0.1,0.5,9,21,0.5739751044935457,2.6268177417478955,0.5929704842644722,0.09960056238537303,5.95348530232349,0.5142857142857142,1.0450731000072058,-0.04505061268307431,0.10058307647705078
AAPL,1d,14,0.1,0.5,10,30,0.5538734538917313,2.3524213110252568,0.5436512050474508,0.07483179624251683,7.264976017488232,0.37142857142857144,0.6934754548134063,-0.05617475384029735,0.09764909744262695
AAPL,1d,14,0.1,0.5,12,26,0.5085282618836325,0.7796309263804337,0.546418035976578,0.05759373224469367,9.487456615158354,0.42857142857142855,0.8559864051380399,-0.05617475384029735,0.09865832328796387
AAPL,1d,14,0.1,0.5,20,50,0.37988661890857744,0.10849485075683574,0.5060125040835518,0.1220178357609343,4.147037200979094,0.08571428571428572,0.05967707912606993,-0.012774282909473578,0.0956108570098877
AAPL,1d,14,0.1,0.75,8,21,0.5652482075617578,-0.1469610708821476,0.6796150827820886,0.05858115465867404,11.601257891584744,0.4857142857142857,0.9245850331322728,-0.044029933584029624,0.11413717269897461
AAPL,1d,14,0.1,0.75,9,21,0.6652729406321896,2.089182306262317,0.6605773226027766,0.06884377609987855,9.595309264332204,0.5142857142857142,1.0501310862568687,-0.05677792424791861,0.10475444793701172
AAPL,1d,14,0.1,0.75,10,30,0.6385053666049865,1.842465043562568,0.6157049345682217,0.056437712094219335,10.909459503608858,0.37142857142857144,0.6979986919122546,-0.06975547082048472,0.10522007942199707
AAPL,1d,14,0.1,0.75,12,26,0.6193404253746676,0.35325654433219,0.6238069465242524,0.04291488458480522,14.535911084452092,0.42857142857142855,0.8617338261615968,-0.06975547082048472,0.10256290435791016
AAPL,1d,14,0.1,0.75,20,50,0.4601592539396134,-0.24868239669192682,0.5502308157971023,0.09243725943111376,5.952478677790595,0.08571428571428572,0.059550534443837094,-0.012774282909473578,0.10332894325256348
AAPL,1d,14,0.1,1.0,8,21,0.6610266878970402,-0.4319067619274808,0.7548678843346565,0.048043229107753556,15.71226369155171,0.4857142857142857,0.9278533647803855,-0.044029933584029624,0.10679197311401367
AAPL,1d,14,0.1,1.0,9,21,0.7523730444028152,1.6098161933016226,0.7314559448829059,0.055288090758982375,13.22990059598088,0.5142857142857142,1.0538882062907728,-0.0685052358127628,0.10843563079833984
AAPL,1d,14,0.1,1.0,10,30,0.7204071322294142,1.393929322604226,0.6885410779719853,0.056466147954757656,12.193873726319435,0.37142857142857144,0.7014436730054409,-0.08333618780067253,0.09987878799438477
AAPL,1d,14,0.1,1.0,12,26,0.7182361109737538,0.020004822585213855,0.7002123469415761,0.04477501388601313,15.638461860093564,0.42857142857142855,0.8661043841015096,-0.08333618780067253,0.10079264640808105
AAPL,1d,14,0.1,1.0,20,50,0.5354499451213369,-0.5030603102485004,0.6014832386019502,0.08102087103241493,7.423806124736774,0.08571428571428572,0.05945253574341196,-0.012774282909473578,0.10336828231811523
AAPL,1d,14,0.25,0.0,8,21,0.45228123722606994,1.0881472601161777,0.9841413781671211,0.31456732373147717,3.128555650640973,0.14285714285714285,0.18124538217656858,-0.044029933584029624,0.10565519332885742
AAPL,1d,14,0.25,0.0,9,21,0.9765207319582253,4.597566828915997,0.9433144290146916,0.3305163155046663,2.8540631271843333,0.14285714285714285,0.21580080034466914,-0.04935985917802277,0.10665583610534668
AAPL,1d,14,0.25,0.0,10,30,0.8375967634484935,3.4569062501785925,0.8047641012268034,0.30695298356945117,2.6217829579907552,0.11428571428571428,0.17657508554783236,-0.029013319879922395,0.10526895523071289
AAPL,1d,14,0.25,0.0,12,26,0.7224334386676693,2.5189012104243993,0.7689911133853518,0.2573163582408395,2.9885045732910687,0.17142857142857143,0.34789203639909416,-0.029013319879922395,0.10412096977233887
AAPL,1d,14,0.25,0.0,20,50,0.5484007104073025,1.5708038457457683,0.6997308713707703,0.34714507091498664,2.015672783503613,0.02857142857142857,-0.05558981441439097,-0.012774282909473578,0.1019291877746582
AAPL,1d,14,0.25,0.25,8,21,0.3459368118400776,0.41562126936254873,0.6191035062347126,0.15106445787451028,4.098273776277699,0.4857142857142857,0.9111945727667722,-0.044029933584029624,0.10919761657714844
AAPL,1d,14,0.25,0.25,9,21,0.5639719118877753,4.031762967633775,0.6086776200809169,0.16864240202187628,3.6092798298850086,0.5142857142857142,1.03629754648623,-0.044029933584029624,0.11339473724365234
AAPL,1d,14,0.25,0.25,10,30,0.5119221897250438,2.777486960554168,0.5533331895694266,0.154931507572604,3.5714697303266325,0.37142857142857144,0.6865874875626132,-0.04259403686010976,0.10003161430358887
AAPL,1d,14,0.25,0.25,12,26,0.45952149521070845,1.8183663979612157,0.5283941469859283,0.1308545816969782,4.03802557108423,0.42857142857142855,0.847403680213558,-0.04259403686010976,0.10873842239379883
AAPL,1d,14,0.25,0.25,20,50,0.36293616751461033,0.8860929597291236,0.5116931376608128,0.2266158862297508,2.2579755822680547,0.08571428571428572,0.05984615696136611,-0.012774282909473578,0.1051797866821289
AAPL,1d,14,0.25,0.5,8,21,0.4834654675392198,-0.06117818223701932,0.6373891545460015,0.07480695662269513,8.520452954139145,0.4857142857142857,0.9200245407327751,-0.044029933584029624,0.10465383529663086
AAPL,1d,14,0.25,0.5,9,21,0.6196013054424754,3.493415743738189,0.6226120203308274,0.09051217367909796,6.878765529797542,0.5142857142857142,1.0450731000072058,-0.04505061268307431,0.10564446449279785
AAPL,1d,14,0.25,0.5,10,30,0.573043999999817,2.1781052598572512,0.5750501151589998,0.0939071538701449,6.123602850898675,0.37142857142857144,0.6934754548134063,-0.05617475384029735,0.1073758602142334
AAPL,1d,14,0.25,0.5,12,26,0.5450979460469443,1.2415153065755873,0.5636266964523482,0.0849426982524178,6.635375471326109,0.42857142857142855,0.8559864051380399,-0.05617475384029735,0.10530328750610352
AAPL,1d,14,0.25,0.5,20,50,0.4034952907107855,0.36614558907615335,0.5013959440857972,0.13358562920285658,3.753367387478499,0.08571428571428572,0.05967707912606993,-0.012774282909473578,0.09822297096252441
AAPL,1d,14,0.25,0.75,8,21,0.6218498511421647,-0.39178806258114507,0.7184043408921509,0.04739441399961532,15.15799606464133,0.4857142857142857,0.9245850331322728,-0.044029933584029624,0.11609554290771484
AAPL,1d,14,0.25,0.75,9,21,0.7229010431972582,2.9869922612385023,0.6979524339755396,0.060891884614517854,11.462158519053846,0.5142857142857142,1.0501310862568687,-0.05677792424791861,0.10700845718383789
AAPL,1d,14,0.25,0.75,10,30,0.6751100376404314,1.6540623183708267,0.6504559022256595,0.07479346483059258,8.69669433952477,0.37142857142857144,0.6979986919122546,-0.06975547082048472,0.10791897773742676
AAPL,1d,14,0.25,0.75,12,26,0.6583707958066862,0.769689540181955,0.6460362382476234,0.0693230945992001,9.319206564316849,0.42857142857142855,0.8617338261615968,-0.06975547082048472,0.10662055015563965
AAPL,1d,14,0.25,0.75,20,50,0.4801204405830753,-0.02421856296128766,0.5479924215295564,0.09213978751256065,5.947402705425744,0.08571428571428572,0.059550534443837094,-0.012774282909473578,0.10974979400634766
AAPL,1d,14,0.25,1.0,8,21,0.7399092619249359,-0.6157899986830894,0.7998338739858377,0.03987929448425729,20.056369710892938,0.4857142857142857,0.9278533647803855,-0.044029933584029624,0.11844062805175781
AAPL,1d,14,0.25,1.0,9,21,0.8194089676330991,2.5154901534762883,0.7746702155235886,0.050892491432213194,15.221699581271611,0.5142857142857142,1.0538882062907728,-0.0685052358127628,0.10144901275634766
AAPL,1d,14,0.25,1.0,10,30,0.7696794315675429,1.1998604633747054,0.7261798373223353,0.06890213938453436,10.539293029344343,0.37142857142857144,0.7014436730054409,-0.08333618780067253,0.10096859931945801
AAPL,1d,14,0.25,1.0,12,26,0.7599589208528994,0.38644584680811533,0.7262221865774096,0.06315943314108131,11.498237879292283,0.42857142857142855,0.8661043841015096,-0.08333618780067253,0.10027217864990234
AAPL,1d,14,0.25,1.0,20,50,0.5534083793523077,-0.31368621090315163,0.601851637939373,0.07239516533975515,8.31342307341719,0.08571428571428572,0.05945253574341196,-0.012774282909473578,0.10026764869689941
AAPL,1d,14,0.4,0.0,8,21,0.40699477630635345,0.8967475294143437,1.0245381996367786,0.3047121105098824,3.3623153274820394,0.14285714285714285,0.18124538217656858,-0.044029933584029624,0.10624194145202637
AAPL,1d,14,0.4,0.0,9,21,1.014003299103389,5.272672123519147,0.985405576566942,0.32732747105293997,3.0104579166457084,0.14285714285714285,0.21580080034466914,-0.04935985917802277,0.11109423637390137
AAPL,1d,14,0.4,0.0,10,30,0.7912712629697658,2.972689603285333,0.8384402446199661,0.3399912975757947,2.466063839275332,0.11428571428571428,0.17657508554783236,-0.029013319879922395,0.10648703575134277
AAPL,1d,14,0.4,0.0,12,26,0.7053281050541257,2.3686577529176795,0.7932362684185927,0.3208246012062325,2.472492026597064,0.17142857142857143,0.34789203639909416,-0.029013319879922395,0.1100001335144043
AAPL,1d,14,0.4,0.0,20,50,0.5346837341663482,1.4686908446794278,0.6873973709555296,0.3117352554186129,2.205067790720237,0.02857142857142857,-0.05558981441439097,-0.012774282909473578,0.1111903190612793
AAPL,1d,14,0.4,0.25,8,21,0.33583636222759616,0.2503187581732751,0.6297023609031028,0.13361781684780633,4.712712539079634,0.4857142857142857,0.9111945727667722,-0.044029933584029624,0.11114501953125
AAPL,1d,14,0.4,0.25,9,21,0.5880603869828178,4.776995839366211,0.632508805019305,0.16598832278982653,3.810562058755085,0.5142857142857142,1.03629754648623,-0.044029933584029624,0.11067867279052734
AAPL,1d,14,0.4,0.25,10,30,0.4871838339566597,2.2653586449911614,0.5720289405640593,0.15945436959226011,3.5874146442445656,0.37142857142857144,0.6865874875626132,-0.04259403686010976,0.1100461483001709
AAPL,1d,14,0.4,0.25,12,26,0.4527042511736235,1.6683843789839372,0.5369373348296909,0.1452869673797781,3.6957019924997416,0.42857142857142855,0.847403680213558,-0.04259403686010976,0.10572338104248047
AAPL,1d,14,0.4,0.25,20,50,0.35357859241122375,0.792933063113896,0.49166667679799286,0.1931939370112054,2.544938440637895,0.08571428571428572,0.05984615696136611,-0.012774282909473578,0.1018221378326416
AAPL,1d,14,0.4,0.5,8,21,0.4938893565109516,-0.1948826411484268,0.6583767732150179,0.06654909063234199,9.893099469266907,0.4857142857142857,0.9200245407327751,-0.044029933584029624,0.11205267906188965
AAPL,1d,14,0.4,0.5,9,21,0.6502886842757709,4.283501323723459,0.6489074236784168,0.0834271776546368,7.778129884300973,0.5142857142857142,1.0450731000072058,-0.04505061268307431,0.11260581016540527
AAPL,1d,14,0.4,0.5,10,30,0.5682826237945622,1.6618566712124574,0.5954544180285178,0.09149119714191901,6.5083246982205605,0.37142857142857144,0.6934754548134063,-0.05617475384029735,0.10307765007019043
AAPL,1d,14,0.4,0.5,12,26,0.5515302854947298,1.0988324172941089,0.5798432065831591,0.08676254650864267,6.683104979236626,0.42857142857142855,0.8559864051380399,-0.05617475384029735,0.10191559791564941
AAPL,1d,14,0.4,0.5,20,50,0.4054165303556891,0.28561555505011715,0.490817263182927,0.11770980579105447,4.1697228186254245,0.08571428571428572,0.05967707912606993,-0.012774282909473578,0.10346508026123047
AAPL,1d,14,0.4,0.75,8,21,0.6444267082272346,-0.4942683944447718,0.747537662365725,0.04423444028797719,16.8994488796302,0.4857142857142857,0.9245850331322728,-0.044029933584029624,0.10283160209655762
AAPL,1d,14,0.4,0.75,9,21,0.7607027645418359,3.799701572167767,0.7281488261120576,0.05439552384590736,13.386190161064924,0.5142857142857142,1.0501310862568687,-0.05677792424791861,0.1022195816040039
AAPL,1d,14,0.4,0.75,10,30,0.6815757343712928,1.1517718877464138,0.6735933862590378,0.07086059042807187,9.50589576222596,0.37142857142857144,0.6979986919122546,-0.06975547082048472,0.10828709602355957
AAPL,1d,14,0.4,0.75,12,26,0.6732580614073216,0.6387387815072119,0.6685683771637887,0.06600764764590399,10.12865025504777,0.42857142857142855,0.8617338261615968,-0.06975547082048472,0.11269211769104004
AAPL,1d,14,0.4,0.75,20,50,0.48892295157832094,-0.09093348010642788,0.5446176291591941,0.08652899735154675,6.29404761211484,0.08571428571428572,0.059550534443837094,-0.012774282909473578,0.11181163787841797
AAPL,1d,14,0.4,1.0,8,21,0.7711450181415306,-0.6906798177944855,0.8350344712961375,0.03940013083134016,21.1936979313765,0.4857142857142857,0.9278533647803855,-0.044029933584029624,0.11310267448425293
AAPL,1d,14,0.4,1.0,9,21,0.8632048928155016,3.3317468262219254,0.808215360991088,0.04941117421806538,16.356934919704738,0.5142857142857142,1.0538882062907728,-0.0685052358127628,0.1056830883026123
AAPL,1d,14,0.4,1.0,10,30,0.7838769326176215,0.724620724793732,0.7515885911433662,0.06551427801716325,11.472134226167723,0.37142857142857144,0.7014436730054409,-0.08333618780067253,0.10909891128540039
AAPL,1d,14,0.4,1.0,12,26,0.7809915046474174,0.2696774380506748,0.7534729996261897,0.05751346592278551,13.100810176137918,0.42857142857142855,0.8661043841015096,-0.08333618780067253,0.1469895839691162
AAPL,1d,14,0.4,1.0,20,50,0.5669674194288417,-0.3669800269563749,0.6035290433676848,0.07142331004134762,8.450029031394598,0.08571428571428572,0.05945253574341196,-0.012774282909473578,0.09788846969604492
AAPL,1d,14,0.55,0.0,8,21,0.3337417821473846,0.6208876444409641,1.0824553886327963,0.34035686760948686,3.1803541859915296,0.14285714285714285,0.14820958595472775,-0.03775701441311419,0.1217658519744873
AAPL,1d,14,0.55,0.0,9,21,0.9952979794786944,4.778286367755522,1.0479952276391762,0.41154175889012135,2.54651005639256,0.14285714285714285,0.18276500412282826,-0.04935985917802277,0.14952397346496582
AAPL,1d,14,0.55,0.0,10,30,0.7577165594788743,2.7125709984934616,0.7807065163712881,0.36301593075494815,2.1506122740885982,0.08571428571428572,0.09346281334950009,-0.037921997060052726,0.11707115173339844
AAPL,1d,14,0.55,0.0,12,26,0.6702190653898378,2.1683390876898767,0.8150957958982724,0.36362153193545527,2.2416048674558584,0.14285714285714285,0.2738868542245715,-0.029013319879922395,0.12461161613464355
AAPL,1d,14,0.55,0.0,20,50,0.5817054893354073,1.6917210559331575,0.7077223567188194,0.2784353078160651,2.541783807053458,0.02857142857142857,-0.05558981441439097,-0.012774282909473578,0.10581398010253906
AAPL,1d,14,0.55,0.25,8,21,0.3274069235048463,0.03038801932037294,0.6495735371825992,0.14321244116861667,4.535733989882896,0.6857142857142857,1.3676265606086122,-0.03547785129604786,0.11271476745605469
AAPL,1d,14,0.55,0.25,9,21,0.5720919677493128,4.209191122714051,0.6684278613562502,0.18825425676509083,3.5506653227519527,0.6571428571428571,1.3983002894970844,-0.04259403686010976,0.12569427490234375
AAPL,1d,14,0.55,0.25,10,30,0.4748521703742355,1.9944824978877942,0.5418763671293496,0.15925689576130933,3.40253001001289,0.42857142857142855,0.8500674501399847,-0.04259403686010976,0.1061859130859375
AAPL,1d,14,0.55,0.25,12,26,0.441774753039532,1.4757302350521297,0.5480619262456068,0.15127263252372297,3.623007791311216,0.5142857142857142,1.068304966036417,-0.04259403686010976,0.10695743560791016
AAPL,1d,14,0.55,0.25,20,50,0.3785816544983764,0.9942218991078093,0.4887975583097905,0.1612536511135502,3.031234052279494,0.08571428571428572,0.05984615696136611,-0.012774282909473578,0.10193610191345215
AAPL,1d,14,0.55,0.5,8,21,0.520518564204951,-0.3594621965405218,0.6821685659495739,0.07064939488067737,9.655688730267485,0.6857142857142857,1.3850751509972365,-0.04924200287490865,0.11865496635437012
AAPL,1d,14,0.55,0.5,9,21,0.6600740418618743,3.6619173505954423,0.6780329507440586,0.09219591447246636,7.354262438023197,0.6571428571428571,1.4090663619511468,-0.05617475384029735,0.11710476875305176
AAPL,1d,14,0.55,0.5,10,30,0.5712370819598928,1.3945153450831782,0.5897608241105182,0.08917332344621412,6.613646338596307,0.42857142857142855,0.8593316804950566,-0.05617475384029735,0.11661887168884277
AAPL,1d,14,0.55,0.5,12,26,0.5499223628658855,0.9224415803046806,0.5990451627869061,0.07990014988803767,7.497422265494307,0.5142857142857142,1.075842987145859,-0.05617475384029735,0.10631608963012695
AAPL,1d,14,0.55,0.5,20,50,0.42956902120033297,0.4578571337518573,0.49721543476903296,0.10218948982967264,4.865622047803365,0.08571428571428572,0.05967707912606993,-0.012774282909473578,0.11907505989074707
AAPL,1d,14,0.55,0.75,8,21,0.6923706882012848,-0.6111479797005157,0.7767341445723819,0.049610038720849174,15.656793757872046,0.6857142857142857,1.3957359532078268,-0.07792223655637576,0.12989592552185059
AAPL,1d,14,0.55,0.75,9,21,0.7867252941858297,3.142707571310601,0.7567796245253862,0.05744260566205887,13.17453509991527,0.6571428571428571,1.4146237639521173,-0.06975547082048472,0.10344958305358887
AAPL,1d,14,0.55,0.75,10,30,0.6938557997434319,0.8983860978709473,0.6828230417655348,0.06868690811311058,9.94109446069536,0.42857142857142855,0.8646310378615133,-0.06975547082048472,0.10100054740905762
AAPL,1d,14,0.55,0.75,12,26,0.6771880641971671,0.483122691340897,0.6949273497207888,0.05633729167420445,12.33512171191183,0.5142857142857142,1.0807237641242828,-0.06975547082048472,0.1012108325958252
AAPL,1d,14,0.55,0.75,20,50,0.5146520428399167,0.05041888431484742,0.5593592000479192,0.07846708133478641,7.128584248742043,0.08571428571428572,0.059550534443837094,-0.012774282909473578,0.09799075126647949
AAPL,1d,14,0.55,1.0,8,21,0.8344743559585476,-0.7698878701964107,0.8689090988859356,0.0485274461847157,17.9055187775286,0.6857142857142857,1.4038062937904736,-0.10660247023784275,0.10833883285522461
AAPL,1d,14,0.55,1.0,9,21,0.900939277801445,2.6560582026995805,0.8374556607981193,0.04977042078655365,16.82637292518878,0.6571428571428571,1.4185851188996004,-0.08333618780067253,0.11144757270812988
AAPL,1d,14,0.55,1.0,10,30,0.8028104198589523,0.4921672426843027,0.7713834009633179,0.06457740775192443,11.94509702102947,0.42857142857142855,0.8684713482723145,-0.08333618780067253,0.10665583610534668
AAPL,1d,14,0.55,1.0,12,26,0.7888151141192205,0.13647742315319977,0.7855614689766754,0.05038939038569789,15.589818867894913,0.5142857142857142,1.0844082325060322,-0.08333618780067253,0.1061866283416748
AAPL,1d,14,0.55,1.0,20,50,0.5943356680861634,-0.2550361498390802,0.6244925795516267,0.06625647541606712,9.425381830681987,0.08571428571428572,0.05945253574341196,-0.012774282909473578,0.09969949722290039
AAPL,1d,14,0.7,0.0,8,21,0.4757792845770324,1.164430649135773,1.1186167247215026,0.3414002603540929,3.276554984349742,0.14285714285714285,0.024707219346408682,-0.08104243946055267,0.10889649391174316
AAPL,1d,14,0.7,0.0,9,21,0.835186449972132,2.914730858165438,1.0330252311076644,0.4150984552630552,2.48862701850581,0.11428571428571428,0.04146844353414278,-0.09432074763049725,0.11074256896972656
AAPL,1d,14,0.7,0.0,10,30,0.8234958011631793,2.987414285010213,0.8236180363249398,0.33955600689950166,2.42557345353842,0.08571428571428572,0.09346281334950009,-0.037921997060052726,0.10762977600097656
AAPL,1d,14,0.7,0.0,12,26,0.7474405634262778,2.52107250542653,0.9069807318858698,0.3538779930951642,2.5629757983903967,0.14285714285714285,0.2738868542245715,-0.029013319879922395,0.11626362800598145
AAPL,1d,14,0.7,0.0,20,50,0.5186747073971278,1.3623301431321013,0.695297674992816,0.3114957090402469,2.2321260126988776,0.02857142857142857,-0.05558981441439097,-0.012774282909473578,0.10959720611572266
AAPL,1d,14,0.7,0.25,8,21,0.3967020005747783,0.4890214664593231,0.6528064617039196,0.12993465047198444,5.024113732038499,0.6857142857142857,1.3217305631650351,-0.03547785129604786,0.10222363471984863
AAPL,1d,14,0.7,0.25,9,21,0.5016204320793402,2.180464427485845,0.6319031161722864,0.16824418073641778,3.7558690791348486,0.6571428571428571,1.3513730151240548,-0.04259403686010976,0.10972332954406738
AAPL,1d,14,0.7,0.25,10,30,0.4934268475409969,2.264907228081764,0.5499361001473224,0.15170471554870166,3.6250428878117296,0.42857142857142855,0.8500674501399847,-0.04259403686010976,0.11008691787719727
AAPL,1d,14,0.7,0.25,12,26,0.4672576411410757,1.8221430328960264,0.5737154101684008,0.15328593525237627,3.742779200347456,0.5142857142857142,1.068304966036417,-0.04259403686010976,0.1094200611114502
AAPL,1d,14,0.7,0.25,20,50,0.34808289022144856,0.6934917441491193,0.48192714358632766,0.16563946732596474,2.909494647419597,0.08571428571428572,0.05984615696136611,-0.012774282909473578,0.10505104064941406
AAPL,1d,14,0.7,0.5,8,21,0.5894522806798543,0.006150850004908781,0.6992018160197179,0.06336804965901835,11.033980369951461,0.6857142857142857,1.3578731181346304,-0.04924200287490865,0.11048054695129395
AAPL,1d,14,0.7,0.5,9,21,0.6468973989583742,1.5566722260461394,0.674706801849904,0.08333987928210891,8.09584568230527,0.6571428571428571,1.3815205629995837,-0.05617475384029735,0.10924863815307617
AAPL,1d,14,0.7,0.5,10,30,0.5972346992852487,1.647743578948996,0.606199059122303,0.08516687606018954,7.117779671686996,0.42857142857142855,0.8593316804950566,-0.05617475384029735,0.11160469055175781
AAPL,1d,14,0.7,0.5,12,26,0.575810017120344,1.2474591315014272,0.6236676008601102,0.08607937199125025,7.2452619766266935,0.5142857142857142,1.075842987145859,-0.05617475384029735,0.10959124565124512
AAPL,1d,14,0.7,0.5,20,50,0.4231688236152259,0.19783943096374723,0.5048291481328228,0.10229736531746103,4.9349183780655395,0.08571428571428572,0.05967707912606993,-0.012774282909473578,0.10546231269836426
AAPL,1d,14,0.7,0.75,8,21,0.7674536215258391,-0.33288644461267514,0.8051739342393407,0.04722708520955721,17.048986416726816,0.6857142857142857,1.3807035011278557,-0.07792223655637576,0.1107017993927002
AAPL,1d,14,0.7,0.75,9,21,0.8052890788057973,1.0334013877002692,0.7755565706492811,0.056338971141447425,13.765898718706278,0.6571428571428571,1.399395742506811,-0.06975547082048472,0.11179304122924805
AAPL,1d,14,0.7,0.75,10,30,0.7278657012254972,1.1269425837970215,0.7072000423843481,0.06446370072244018,10.970515723714382,0.42857142857142855,0.8646310378615133,-0.06975547082048472,0.16467881202697754
AAPL,1d,14,0.7,0.75,12,26,0.7069728806918489,0.7781080428734239,0.7231072825005805,0.06268316785152972,11.535908399098783,0.5142857142857142,1.0807237641242828,-0.06975547082048472,0.11953592300415039
AAPL,1d,14,0.7,0.75,20,50,0.5218716677350811,-0.16494565120386917,0.5765320567510733,0.07765500215818642,7.424274557054984,0.08571428571428572,0.059550534443837094,-0.012774282909473578,0.1029353141784668
AAPL,1d,14,0.7,1.0,8,21,0.9156887550846041,-0.5665580221447719,0.9061788249995153,0.048486927613429695,18.689136837544762,0.6857142857142857,1.3975902754204694,-0.10660247023784275,0.12054181098937988
AAPL,1d,14,0.7,1.0,9,21,0.9415464365470169,0.5998315150504128,0.8722563818032736,0.05186788932779907,16.816885998400938,0.6571428571428571,1.4122348103072828,-0.08333618780067253,0.14213085174560547
AAPL,1d,14,0.7,1.0,10,30,0.843403779260871,0.6925053895334414,0.8020271513515214,0.05921399019858883,13.544555073247455,0.42857142857142855,0.8684713482723145,-0.08333618780067253,0.11963272094726562
AAPL,1d,14,0.7,1.0,12,26,0.822244632249762,0.39737626168798457,0.8172216513159833,0.05421853073165128,15.072736945985,0.5142857142857142,1.0844082325060322,-0.08333618780067253,0.1088404655456543
AAPL,1d,14,0.7,1.0,20,50,0.6109057564582318,-0.4269746349775714,0.6484075153935183,0.06564558731342211,9.877396820257296,0.08571428571428572,0.05945253574341196,-0.012774282909473578,0.09578633308410645
AAPL,1d,14,0.85,0.0,8,21,0.8062181346464118,3.269766497761485,1.2546191268271518,0.36733234047500696,3.4154877983375256,0.2571428571428571,0.1877928632683653,-0.08271577686005749,0.10930204391479492
AAPL,1d,14,0.85,0.0,9,21,1.0122491376669145,4.458730167374255,1.1888899653845757,0.41673187105903503,2.8528894667049722,0.22857142857142856,0.03794149962147307,-0.09347567599478224,0.1145775318145752
AAPL,1d,14,0.85,0.0,10,30,0.7646300431229708,2.4942147936273065,0.8874542284671749,0.3598559787347045,2.4661372352005024,0.14285714285714285,0.15913041749338594,-0.07317199612451686,0.11701536178588867
AAPL,1d,14,0.85,0.0,12,26,0.912410140644757,3.6407930609500383,1.043970624208893,0.3317740567130899,3.1466312783814,0.2,0.18005649495070095,-0.07317199612451686,0.11903238296508789
AAPL,1d,14,0.85,0.0,20,50,0.7027188829930481,2.4131971427357053,0.7578454097008608,0.3533072329395731,2.145003948533589,0.08571428571428572,0.1766246979121254,-0.027265621972013876,0.1142122745513916
AAPL,1d,14,0.85,0.25,8,21,0.5302234705067473,2.521297856641363,0.6959506977694383,0.13511259350567906,5.1508943741812345,0.6857142857142857,1.226010624105598,-0.05157433016712332,0.11085319519042969
AAPL,1d,14,0.85,0.25,9,21,0.5694749695288054,3.8167028867880157,0.683538701274542,0.15950185460055785,4.285459269337871,0.6571428571428571,1.1895844786618919,-0.08407184368822196,0.11541056632995605
AAPL,1d,14,0.85,0.25,10,30,0.47328864784339025,1.764293064448336,0.5704081016803203,0.14649760331590486,3.8936343583062056,0.5142857142857142,1.1552002857659223,-0.08613508724373653,0.1223604679107666
AAPL,1d,14,0.85,0.25,12,26,0.5280037463939008,2.946724799351311,0.625650019876953,0.15008546616616,4.16862495655838,0.5714285714285714,1.1914920195754146,-0.08613508724373653,0.10267376899719238
AAPL,1d,14,0.85,0.25,20,50,0.4489098950982374,1.7148243870555273,0.5163244076006608,0.1759170075926985,2.9350454209413863,0.2,0.4089960919485689,-0.027265621972013876,0.10735273361206055
AAPL,1d,14,0.85,0.5,8,21,0.6983796261408647,1.87056505862228,0.7504540493619015,0.06615422653128844,11.344007612377801,0.7142857142857143,1.281747830321346,-0.05793097790894364,0.10790085792541504
AAPL,1d,14,0.85,0.5,9,21,0.7084320059471428,3.2074729734031004,0.7324214836063814,0.0743027432149099,9.857260336781357,0.6857142857142857,1.2471105863384238,-0.09706420173063568,0.10931396484375
AAPL,1d,14,0.85,0.5,10,30,0.609597173298719,1.1646634345145408,0.64221297477215,0.08283682778709,7.75274708035401,0.5428571428571428,1.177743193254577,-0.0990981783629562,0.11681985855102539
AAPL,1d,14,0.85,0.5,12,26,0.6299358498357831,2.32504529034878,0.6729291951399148,0.08456708714887806,7.957341535900855,0.6,1.2307611979404445,-0.0990981783629562,0.11469340324401855
AAPL,1d,14,0.85,0.5,20,50,0.5120038416107469,1.1435141653328058,0.5408391077326054,0.09712755425333856,5.568338582086917,0.2,0.4083912489898222,-0.027265621972013876,0.10271072387695312
AAPL,1d,14,0.85,0.75,8,21,0.8731157344226054,1.3135550571830956,0.8671554999333242,0.049248741380307014,17.607668249570168,0.7142857142857143,1.3227973534792077,-0.06428762565076351,0.12029814720153809
AAPL,1d,14,0.85,0.75,9,21,0.8695069798883992,2.639232260361317,0.8438840971002577,0.051626762182876304,16.34586523382943,0.6857142857142857,1.2857327390917155,-0.11005655977304896,0.11653971672058105
AAPL,1d,14,0.85,0.75,10,30,0.759846661454298,0.6780963566479954,0.7568245530921469,0.062076102011588516,12.19188268217713,0.5428571428571428,1.1872358779511278,-0.11206126948217565,0.10819125175476074
AAPL,1d,14,0.85,0.75,12,26,0.7631372688728235,1.7756973464766208,0.776814233311411,0.05974094363238655,13.003045919252724,0.6,1.2487263516258933,-0.11206126948217565,0.10947227478027344
AAPL,1d,14,0.85,0.75,20,50,0.6109834280039768,0.6796082802957775,0.6173335609996984,0.06714317390628158,9.194286255537643,0.2,0.4079517839227011,-0.027265621972013876,0.11067533493041992
AAPL,1d,14,0.85,1.0,8,21,1.02201078338601,0.8437084861619719,0.9772170221494665,0.05005367650816946,19.523381504053372,0.7142857142857143,1.354802956030741,-0.07480169217917387,0.11354923248291016
AAPL,1d,14,0.85,1.0,9,21,1.0093832703686119,2.117377859680946,0.9498690587594897,0.05332053133580116,17.814320955982602,0.6857142857142857,1.3150264317281635,-0.12304891781546268,0.12498760223388672
AAPL,1d,14,0.85,1.0,10,30,0.889449996501939,0.287904332874372,0.8622445432129501,0.0549424270387226,15.693601278393709,0.5428571428571428,1.1931740543615905,-0.12502436060139532,0.11306190490722656
AAPL,1d,14,0.85,1.0,12,26,0.8813969221156305,1.296314530294949,0.8755918135654538,0.04904613492809301,17.852412118695327,0.6,1.2604786063550162,-0.12502436060139532,0.10422015190124512
AAPL,1d,14,0.85,1.0,20,50,0.7021375024505604,0.30577306315662733,0.6935607657389143,0.05486641093892179,12.64089911969999,0.2,0.4076182559577354,-0.027265621972013876,0.10778450965881348
AAPL,1d,14,1.0,0.0,8,21,1.0535235218343686,5.0477601138914485,1.3226261439552829,0.39684095111515094,3.332887244218649,0.2857142857142857,0.1942893072441076,-0.08271577686005749,0.11360597610473633
AAPL,1d,14,1.0,0.0,9,21,1.0397057004809969,4.949567176861469,1.3130509691718522,0.4139312255376441,3.1721476616468487,0.2571428571428571,0.09713526880076001,-0.09347567599478224,0.1230008602142334
AAPL,1d,14,1.0,0.0,10,30,0.8035335040555169,2.8284466971558637,1.0286864358667995,0.3745194726746268,2.7466834461782357,0.14285714285714285,0.17107646534464363,-0.06374709350175822,0.10735940933227539
AAPL,1d,14,1.0,0.0,12,26,0.8362940281857771,3.0565735245384014,1.0997813681242368,0.3845919900952326,2.8596054947787892,0.2,0.19200254280195864,-0.06493155084535063,0.12595891952514648
AAPL,1d,14,1.0,0.0,20,50,0.7073750247855218,2.4401902835566625,0.7827119341270763,0.3006041636020532,2.603796051086134,0.08571428571428572,0.1766246979121254,-0.027265621972013876,0.14230132102966309
AAPL,1d,14,1.0,0.25,8,21,0.5913424232003129,4.463620499327352,0.7207752715801768,0.13493694204196888,5.34157111220141,0.6857142857142857,1.1858339442836114,-0.06058481835679119,0.10313653945922852
AAPL,1d,14,1.0,0.25,9,21,0.5867972551666878,4.371566167140043,0.7257618953637098,0.1489947218610308,4.8710577549225995,0.6571428571428571,1.1386984529211526,-0.059436377477557145,0.11654019355773926
AAPL,1d,14,1.0,0.25,10,30,0.4937079700998353,2.1001728504333697,0.6110867758616497,0.13960917347421503,4.377124802436523,0.5142857142857142,1.1615643488476142,-0.06155511552414694,0.10996079444885254
AAPL,1d,14,1.0,0.25,12,26,0.5049497049084012,2.3309556487503524,0.6420323051136022,0.14651702912745793,4.381963713959053,0.5714285714285714,1.1978560826571067,-0.06155511552414694,0.10601019859313965
AAPL,1d,14,1.0,0.25,20,50,0.4505724949603444,1.7220176573722368,0.5262298946341877,0.14062779698187844,3.7420048235698284,0.2,0.4089960919485689,-0.027265621972013876,0.10148048400878906
AAPL,1d,14,1.0,0.5,8,21,0.736826638639108,3.888480051413052,0.7930652329403045,0.06002344673941274,13.212590679494587,0.7142857142857143,1.2464076825335781,-0.06874284282539855,0.10721278190612793
AAPL,1d,14,1.0,0.5,9,21,0.724768770843127,3.804518473993318,0.7803798735180659,0.06413157587746834,12.16841879901848,0.6857142857142857,1.198410115962829,-0.06750361331223798,0.10814189910888672
AAPL,1d,14,1.0,0.5,10,30,0.6282383921258161,1.4857403500186401,0.6869853048802349,0.07067959347764242,9.719712169786943,0.5428571428571428,1.181630312880956,-0.06960417889384551,0.1125648021697998
AAPL,1d,14,1.0,0.5,12,26,0.6353328325050193,1.7078990540880001,0.7000815538451075,0.07035844042266977,9.950214212245934,0.6,1.2346483175668235,-0.06960417889384551,0.10779571533203125
AAPL,1d,14,1.0,0.5,20,50,0.5185417546452978,1.135741563299585,0.5619286198818357,0.07323131973353812,7.673337336080896,0.2,0.4083912489898222,-0.027265621972013876,0.10230159759521484
AAPL,1d,14,1.0,0.75,8,21,0.9037800049987543,3.3333324644324582,0.9241226201221485,0.042176421105568435,21.910882808407354,0.7142857142857143,1.2948088858040576,-0.07690086729400603,0.10991764068603516
AAPL,1d,14,1.0,0.75,9,21,0.8866108072737765,3.258722963621035,0.9006306628641305,0.04161029597032222,21.64441857146339,0.6857142857142857,1.2439470425458015,-0.07557084914691858,0.1142432689666748
AAPL,1d,14,1.0,0.75,10,30,0.7790539867856878,0.9738250480378212,0.8097131684421071,0.04661406173457591,17.370577424740986,0.5428571428571428,1.1902602846241273,-0.07765324226354442,0.1069481372833252
AAPL,1d,14,1.0,0.75,12,26,0.7844588587532014,1.1799337561706156,0.8140027942976099,0.04500961897995706,18.085085205011136,0.6,1.251750758298893,-0.07765324226354442,0.10973858833312988
AAPL,1d,14,1.0,0.75,20,50,0.6212886558499731,0.6612906734333222,0.6473410398390073,0.05073491645145014,12.759280691010273,0.2,0.4079517839227011,-0.027265621972013876,0.10558700561523438
AAPL,1d,14,1.0,1.0,8,21,1.0484149307065957,2.8066892127893004,1.0453798799559255,0.045959757088969655,22.745548413849576,0.7142857142857143,1.3335290811700669,-0.08505889176261339,0.11274266242980957
AAPL,1d,14,1.0,1.0,9,21,1.0273956323077658,2.7420692635932182,1.014154952672426,0.0454208326758374,22.3279691922497,0.6857142857142857,1.2800066346635979,-0.08363808498159964,0.11049199104309082
AAPL,1d,14,1.0,1.0,10,30,0.9094963434340951,0.552370932053732,0.9222411060143031,0.0385698288293441,23.91094630196175,0.5428571428571428,1.1957164648335181,-0.08570230563324321,0.10686063766479492
AAPL,1d,14,1.0,1.0,12,26,0.913914355092746,0.7380701025963907,0.9208432236959491,0.040179414755297856,22.918283636138113,0.6,1.263021016826944,-0.08570230563324321,0.1064765453338623
AAPL,1d,14,1.0,1.0,20,50,0.715347572140143,0.2807282126248607,0.7303319859943624,0.045070248515718433,16.20430350499745,0.2,0.4076182559577354,-0.027265621972013876,0.10576868057250977
AAPL,1d,19,0.0,0.0,8,21,0.5008987933014325,1.3575856693807968,0.7824346998602548,0.30392687235631716,2.5744176347228214,0.11428571428571428,0.05260834011529868,-0.08522228461432979,0.10900425910949707
AAPL,1d,19,0.0,0.0,9,21,0.8753958373686082,3.5582081751513455,0.754912666889135,0.3953508286808136,1.909475362447295,0.11428571428571428,0.016545435247482768,-0.08522228461432979,0.11464142799377441
AAPL,1d,19,0.0,0.0,10,30,0.6150335585016569,1.9273306748292791,0.6976366291500955,0.2756781595921795,2.5306198727608096,0.08571428571428572,0.19987553944502515,-0.02159598955338593,0.10599064826965332
AAPL,1d,19,0.0,0.0,12,26,0.6227784333012284,2.0124303284717757,0.6927666664354921,0.2567593036668897,2.698117094655556,0.14285714285714285,0.3542899966991481,-0.02159598955338593,0.10924863815307617
AAPL,1d,19,0.0,0.0,20,50,0.4909472074947982,1.3910229141407089,0.6308895674074952,0.2833970165549225,2.2261686981635127,0.02857142857142857,-0.005606096501276056,-0.008291901260356727,0.10341954231262207
AAPL,1d,19,0.0,0.25,8,21,0.342530457696076,0.6583148012986855,0.5605636478694864,0.17179359959648674,3.2630065915502837,0.42857142857142855,0.7511702808272829,-0.08522228461432979,0.11446976661682129
AAPL,1d,19,0.0,0.25,9,21,0.5199409557643665,2.9189535784972973,0.5280369195472924,0.19055788561958562,2.7710053448085725,0.42857142857142855,0.7664782616039568,-0.08522228461432979,0.1142878532409668
AAPL,1d,19,0.0,0.25,10,30,0.402613111276199,1.2194955052804892,0.5167517986911422,0.18065679917537014,2.8604060353660556,0.3142857142857143,0.6385591287423745,-0.028250035377286653,0.10905122756958008
AAPL,1d,19,0.0,0.25,12,26,0.41083834108731493,1.3082014197847678,0.5091030466613733,0.14168206221456417,3.5932780671302242,0.34285714285714286,0.73379266280251,-0.028250035377286653,0.10641312599182129
AAPL,1d,19,0.0,0.25,20,50,0.3330229368356418,0.6687365253378894,0.4887229866733417,0.17743448099053327,2.754385641083013,0.08571428571428572,0.10598876074130624,-0.008291901260356727,0.09745025634765625
AAPL,1d,19,0.0,0.5,8,21,0.4103206715381836,0.1429226058939448,0.552502219532317,0.09990071137012578,5.53051336626955,0.42857142857142855,0.7649936016465274,-0.08522228461432979,0.10822415351867676
AAPL,1d,19,0.0,0.5,9,21,0.5413001128638167,2.348425461231541,0.5350458362134299,0.10450650695655789,5.11973705556767,0.42857142857142855,0.7861203292428172,-0.08522228461432979,0.10645461082458496
AAPL,1d,19,0.0,0.5,10,30,0.45607088074135926,0.6631808960684529,0.5183430949271258,0.10985017976110992,4.71863674738049,0.3142857142857143,0.6461772260609941,-0.03490408120118782,0.11620092391967773
AAPL,1d,19,0.0,0.5,12,26,0.4624178250275119,0.750598041956678,0.513284078461911,0.08555424515153341,5.999516184764226,0.34285714285714286,0.7417322144767736,-0.03490408120118782,0.11157631874084473
AAPL,1d,19,0.0,0.5,20,50,0.36617718989506054,0.1471266655401029,0.46155118292462954,0.1104318872135537,4.179510054302338,0.08571428571428572,0.10643624423989659,-0.008291901260356727,0.10889029502868652
AAPL,1d,19,0.0,0.75,8,21,0.5036016456190654,-0.22978047784403044,0.6039325116625623,0.07422362024322007,8.136662017880061,0.42857142857142855,0.7720699517575577,-0.08522228461432979,0.10474944114685059
AAPL,1d,19,0.0,0.75,9,21,0.6174069832469609,1.8430828057590052,0.5964462814785639,0.07047367147433965,8.463391632657276,0.42857142857142855,0.7948090096548921,-0.08522228461432979,0.11057496070861816
AAPL,1d,19,0.0,0.75,10,30,0.5428588061510602,0.23087795759805818,0.5709190596498133,0.07994568744798479,7.141336548281874,0.3142857142857143,0.651395833724805,-0.041558127025088765,0.10185670852661133
AAPL,1d,19,0.0,0.75,12,26,0.5482711432534088,0.313382490093463,0.5685294812335384,0.07034785858822831,8.0816885210586,0.34285714285714286,0.7471850471338399,-0.041558127025088765,0.10724997520446777
AAPL,1d,19,0.0,0.75,20,50,0.43402876582650074,-0.2248033607351746,0.4876935967841667,0.08234805471124192,5.922345081426534,0.08571428571428572,0.10675614759481462,-0.008291901260356727,0.10525631904602051
AAPL,1d,19,0.0,1.0,8,21,0.5887779040222945,-0.49383794877781384,0.6618721618438709,0.06836135524589844,9.681963727358697,0.42857142857142855,0.7769471241296456,-0.08522228461432979,0.11659026145935059
AAPL,1d,19,0.0,1.0,9,21,0.692953612567534,1.3987787477892288,0.6613801195034597,0.057091964557305,11.584469454359231,0.42857142857142855,0.800378669500231,-0.08522228461432979,0.11720991134643555
AAPL,1d,19,0.0,1.0,10,30,0.6238495542643943,-0.10107425528855207,0.6284546273788659,0.0694989652398549,9.042647256832424,0.3142857142857143,0.6553772428503531,-0.04821217284898971,0.11067509651184082
AAPL,1d,19,0.0,1.0,12,26,0.6286737802620395,-0.0259288004391931,0.6281180261381867,0.06973279216560196,9.007498576086373,0.34285714285714286,0.7513446050569705,-0.04821217284898971,0.11085081100463867
AAPL,1d,19,0.0,1.0,20,50,0.500412458959599,-0.4862858854993649,0.5249246446699826,0.07172770367332032,7.318297084495017,0.08571428571428572,0.1069962157862213,-0.008291901260356727,0.10920095443725586
AAPL,1d,19,0.1,0.0,8,21,0.5175611762231149,1.4532343672726937,0.8741179902825171,0.31551937965944404,2.7704098278400417,0.11428571428571428,0.05260834011529868,-0.08522228461432979,0.11205315589904785
AAPL,1d,19,0.1,0.0,9,21,0.8117414062822245,2.979015624485757,0.828563473298131,0.3799935658705988,2.180467112383387,0.11428571428571428,0.03323705634691054,-0.08522228461432979,0.10854005813598633
AAPL,1d,19,0.1,0.0,10,30,0.6878954569639537,2.368708937366613,0.7445264369386484,0.23248185204706903,3.202514219423498,0.08571428571428572,0.19987553944502515,-0.02159598955338593,0.10535168647766113
AAPL,1d,19,0.1,0.0,12,26,0.6048024333132498,1.89448229701263,0.7279485186581189,0.2523883554690896,2.88423971583456,0.14285714285714285,0.3542899966991481,-0.02159598955338593,0.11262941360473633
AAPL,1d,19,0.1,0.0,20,50,0.49121033782022444,1.4000308496711171,0.638088642763764,0.2918367895434418,2.186457176156608,0.02857142857142857,-0.005606096501276056,-0.008291901260356727,0.13346624374389648
AAPL,1d,19,0.1,0.25,8,21,0.35575306949898,0.7412986184297863,0.5899902852206771,0.18095850716349027,3.260362248057449,0.42857142857142855,0.754136579465078,-0.08522228461432979,0.11941289901733398
AAPL,1d,19,0.1,0.25,9,21,0.48519778187770296,2.3003336183179823,0.5628413366380352,0.1958544335132072,2.8737737846515516,0.42857142857142855,0.7851205862374625,-0.08522228461432979,0.11384820938110352
AAPL,1d,19,0.1,0.25,10,30,0.4391981154805799,1.6274783556493477,0.5296385734370821,0.15254420863843499,3.4720333086682293,0.3142857142857143,0.6385591287423745,-0.028250035377286653,0.11520624160766602
AAPL,1d,19,0.1,0.25,12,26,0.40398970169040604,1.1951613338427856,0.5171459790484232,0.12481807109675329,4.143197972091358,0.34285714285714286,0.73379266280251,-0.028250035377286653,0.11589193344116211
AAPL,1d,19,0.1,0.25,20,50,0.3348686520611213,0.6790108110265975,0.49245550585212683,0.1874464463696785,2.627179737944538,0.08571428571428572,0.10598876074130624,-0.008291901260356727,0.11519479751586914
AAPL,1d,19,0.1,0.5,8,21,0.42688679745620745,0.2107158943907954,0.583671726317917,0.11159960909454611,5.230051709441347,0.42857142857142855,0.7675085329515943,-0.08522228461432979,0.1175835132598877
AAPL,1d,19,0.1,0.5,9,21,0.5303544168310502,1.717740921339764,0.5665216225793385,0.10969432361635893,5.164548209082096,0.42857142857142855,0.7959120909451415,-0.08522228461432979,0.12591910362243652
AAPL,1d,19,0.1,0.5,10,30,0.493088571854484,1.0208764590716428,0.5305681971675327,0.09602696814255604,5.5251999248782075,0.3142857142857143,0.6461772260609941,-0.03490408120118782,0.10985231399536133
AAPL,1d,19,0.1,0.5,12,26,0.4711138774633055,0.6476377311690935,0.5263446561639584,0.07958370877119053,6.613723641320123,0.34285714285714286,0.7417322144767736,-0.03490408120118782,0.11580538749694824
AAPL,1d,19,0.1,0.5,20,50,0.3684144787619897,0.15779597269169776,0.46868408893345254,0.11688993906502682,4.009618729228012,0.08571428571428572,0.10643624423989659,-0.008291901260356727,0.108612060546875
AAPL,1d,19,0.1,0.75,8,21,0.5231780777962085,-0.17706837422875354,0.6419394844554912,0.08542011010940284,7.515086127064452,0.42857142857142855,0.7742515579368014,-0.08522228461432979,0.1087346076965332
AAPL,1d,19,0.1,0.75,9,21,0.6200217889668848,1.221562709737765,0.6297891580453456,0.07263088694537868,8.671092761389133,0.42857142857142855,0.8017119472184319,-0.08522228461432979,0.10755085945129395
AAPL,1d,19,0.1,0.75,10,30,0.583719811663562,0.5318842198818066,0.5862875444010942,0.07500800487790053,7.8163330081297895,0.3142857142857143,0.651395833724805,-0.041558127025088765,0.1078336238861084
AAPL,1d,19,0.1,0.75,12,26,0.5670170868138094,0.2231766740240293,0.5879536515350823,0.07118902756380341,8.259048784001534,0.34285714285714286,0.7471850471338399,-0.041558127025088765,0.11477351188659668
AAPL,1d,19,0.1,0.75,20,50,0.4364619137593302,-0.21448086536269784,0.49833996032472694,0.08832555173827086,5.642081487375522,0.08571428571428572,0.10675614759481462,-0.008291901260356727,0.11420369148254395
AAPL,1d,19,0.1,1.0,8,21,0.6107495084556498,-0.454632571316971,0.7057545541831864,0.07563317207285694,9.331283282728611,0.42857142857142855,0.7788728711249093,-0.08522228461432979,0.11294341087341309
AAPL,1d,19,0.1,1.0,9,21,0.7049084317195328,0.8022940811522048,0.6968630131249814,0.05425692924422072,12.843760655680843,0.42857142857142855,0.8057968165834999,-0.08522228461432979,0.11234235763549805
AAPL,1d,19,0.1,1.0,10,30,0.6683941191978482,0.14367363495481378,0.6467030165346654,0.06975893185267855,9.270540694350293,0.3142857142857143,0.6553772428503531,-0.04821217284898971,0.13069868087768555
AAPL,1d,19,0.1,1.0,12,26,0.6546848421490805,-0.1024734315852821,0.6526166773899313,0.07287100041009718,8.955780402590756,0.34285714285714286,0.7513446050569705,-0.04821217284898971,0.13124561309814453
AAPL,1d,19,0.1,1.0,20,50,0.5029421364313137,-0.47686344312611295,0.5383123358288485,0.07851404598439549,6.856255197138064,0.08571428571428572,0.1069962157862213,-0.008291901260356727,0.11362004280090332
AAPL,1d,19,0.25,0.0,8,21,0.4412869612346232,1.055094532455794,0.8978462106245153,0.33948530288375267,2.6447277776026663,0.11428571428571428,0.05260834011529868,-0.08522228461432979,0.11903166770935059
AAPL,1d,19,0.25,0.0,9,21,0.8475403674358941,3.271895366744343,0.8611154893519363,0.36815455046467604,2.3390054211337508,0.11428571428571428,0.03323705634691054,-0.08522228461432979,0.1215507984161377
AAPL,1d,19,0.25,0.0,10,30,0.7914026127920357,3.132076786189237,0.8061504900914651,0.23202968580008101,3.474342032191743,0.08571428571428572,0.19987553944502515,-0.02159598955338593,0.11507678031921387
AAPL,1d,19,0.25,0.0,12,26,0.6534213690273274,2.148629028545286,0.758253057516267,0.22013077571096384,3.444557241336707,0.14285714285714285,0.3542899966991481,-0.02159598955338593,0.12059164047241211
AAPL,1d,19,0.25,0.0,20,50,0.5253305018010838,1.4468415931483656,0.6632233262826942,0.3369703278591403,1.9681950351424817,0.02857142857142857,-0.005606096501276056,-0.008291901260356727,0.11967635154724121
AAPL,1d,19,0.25,0.25,8,21,0.33183453868767554,0.3888166599189484,0.5925270336004214,0.1648410268633881,3.594536171456137,0.42857142857142855,0.754136579465078,-0.08522228461432979,0.10947132110595703
AAPL,1d,19,0.25,0.25,9,21,0.5047441828751291,2.6059011481904557,0.5755331233776305,0.18036727889529067,3.190895415746373,0.42857142857142855,0.7851205862374625,-0.08522228461432979,0.10547757148742676
AAPL,1d,19,0.25,0.25,10,30,0.49115800681319866,2.4021581070542974,0.5614716927882898,0.1499318022032006,3.744847220787319,0.3142857142857143,0.6385591287423745,-0.028250035377286653,0.11231255531311035
AAPL,1d,19,0.25,0.25,12,26,0.4274493361876491,1.4376057294934168,0.5290339967840442,0.12845974383190134,4.118286250643023,0.34285714285714286,0.73379266280251,-0.028250035377286653,0.11324644088745117
AAPL,1d,19,0.25,0.25,20,50,0.33934573358811165,0.716532806967469,0.4900724022823402,0.22165325610261552,2.2109867046368077,0.08571428571428572,0.10598876074130624,-0.008291901260356727,0.10805225372314453
AAPL,1d,19,0.25,0.5,8,21,0.4557972504899491,-0.0825072999363835,0.6079799408702212,0.09573689402276163,6.350529198551948,0.42857142857142855,0.7675085329515943,-0.08522228461432979,0.11878609657287598
AAPL,1d,19,0.25,0.5,9,21,0.5737648570932853,2.022052197786384,0.5950428844943134,0.09452920330617219,6.294804818856023,0.42857142857142855,0.7959120909451415,-0.08522228461432979,0.1240849494934082
AAPL,1d,19,0.25,0.5,10,30,0.5413539008213295,1.7689421678218697,0.5627768612430588,0.09644344527351431,5.8353044071270945,0.3142857142857143,0.6461772260609941,-0.03490408120118782,0.11331796646118164
AAPL,1d,19,0.25,0.5,12,26,0.49927647999761776,0.8691297163592997,0.5413907381656582,0.0927673243218156,5.836006828088952,0.34285714285714286,0.7417322144767736,-0.03490408120118782,0.11098957061767578
AAPL,1d,19,0.25,0.5,20,50,0.37650197451192297,0.1857718511149009,0.4696124893604311,0.1340832039449886,3.5023960909608247,0.08571428571428572,0.10643624423989659,-0.008291901260356727,0.1066277027130127
AAPL,1d,19,0.25,0.75,8,21,0.584987386080124,-0.40871856561329,0.6832197178936313,0.07532961875022434,9.069735506813469,0.42857142857142855,0.7742515579368014,-0.08522228461432979,0.11495065689086914
AAPL,1d,19,0.25,0.75,9,21,0.6813548350781498,1.5145278363311556,0.670519284612783,0.06297514461491001,10.647363951491915,0.42857142857142855,0.8017119472184319,-0.08522228461432979,0.11027121543884277
AAPL,1d,19,0.25,0.75,10,30,0.6340058680346495,1.2271701188277442,0.6227980112294266,0.07884817582955402,7.898699046325791,0.3142857142857143,0.651395833724805,-0.041558127025088765,0.11555099487304688
AAPL,1d,19,0.25,0.75,12,26,0.6007598986091699,0.41894297363639876,0.607011252676831,0.08520767485043881,7.123903495105229,0.34285714285714286,0.7471850471338399,-0.041558127025088765,0.10817670822143555
AAPL,1d,19,0.25,0.75,20,50,0.44957553560866215,-0.19501505527595964,0.5062889978634594,0.09310967796369131,5.4375550311847265,0.08571428571428572,0.10675614759481462,-0.008291901260356727,0.09945225715637207
AAPL,1d,19,0.25,1.0,8,21,0.6961543076738655,-0.6292849726871453,0.7596539665852815,0.0715118917162911,10.622764247365378,0.42857142857142855,0.7788728711249093,-0.08522228461432979,0.10963153839111328
AAPL,1d,19,0.25,1.0,9,21,0.7798735481253067,1.0770050686108101,0.7466646832498324,0.053874634940391984,13.85929916881957,0.42857142857142855,0.8057968165834999,-0.08522228461432979,0.1152048110961914
AAPL,1d,19,0.25,1.0,10,30,0.7211834420655925,0.7698551646384764,0.6870357471039751,0.07406952468186645,9.275552260593535,0.3142857142857143,0.6553772428503531,-0.04821217284898971,0.10829758644104004
AAPL,1d,19,0.25,1.0,12,26,0.6930690675698756,0.06592404413332731,0.6747918483842082,0.08484850142358237,7.952902373790893,0.34285714285714286,0.7513446050569705,-0.04821217284898971,0.10811400413513184
AAPL,1d,19,0.25,1.0,20,50,0.5201154801236405,-0.4643262467652941,0.5523669694562948,0.07246170171272295,7.6228815553652565,0.08571428571428572,0.1069962157862213,-0.008291901260356727,0.10222387313842773
AAPL,1d,19,0.4,0.0,8,21,0.4571602448831811,1.1337151111333919,0.9357223698532323,0.35216072822785016,2.6570889223281426,0.11428571428571428,0.05260834011529868,-0.08522228461432979,0.12208294868469238
AAPL,1d,19,0.4,0.0,9,21,0.8108326780342249,3.2858062357315623,0.9347751148949115,0.33127850580402757,2.821719787180792,0.11428571428571428,0.03323705634691054,-0.08522228461432979,0.11975526809692383
AAPL,1d,19,0.4,0.0,10,30,0.745374830994518,2.6592448529809776,0.8193432064249591,0.28322272457221587,2.8929289048486773,0.08571428571428572,0.19987553944502515,-0.02159598955338593,0.10745763778686523
AAPL,1d,19,0.4,0.0,12,26,0.5819145809176288,1.670840586991568,0.7719498729463437,0.2967301200879976,2.6015217892858873,0.14285714285714285,0.3542899966991481,-0.02159598955338593,0.11014389991760254
AAPL,1d,19,0.4,0.0,20,50,0.5132156667052992,1.3634641817725917,0.6691182140584059,0.31076106836641876,2.1531597171285553,0.02857142857142857,-0.005606096501276056,-0.008291901260356727,0.10333395004272461
AAPL,1d,19,0.4,0.25,8,21,0.35063895952227087,0.4539785453189946,0.6008744922689437,0.16035216588719847,3.747217812396969,0.42857142857142855,0.754136579465078,-0.08522228461432979,0.11504673957824707
AAPL,1d,19,0.4,0.25,9,21,0.507296246536724,2.59648638172494,0.6094657263848939,0.15639668566173576,3.896922264088661,0.42857142857142855,0.7851205862374625,-0.08522228461432979,0.11049079895019531
AAPL,1d,19,0.4,0.25,10,30,0.46355190234776983,1.9147963725608856,0.5729705413151239,0.145373417054961,3.9413708016404554,0.3142857142857143,0.6385591287423745,-0.028250035377286653,0.13155174255371094
AAPL,1d,19,0.4,0.25,12,26,0.3907907014222942,0.9751414613021128,0.542927617588116,0.13530317983716855,4.012674485858393,0.34285714285714286,0.73379266280251,-0.028250035377286653,0.11121940612792969
AAPL,1d,19,0.4,0.25,20,50,0.3321407587798893,0.6441054635397478,0.48426876706562033,0.18683795732068936,2.5919185480839935,0.08571428571428572,0.10598876074130624,-0.008291901260356727,0.09940385818481445
AAPL,1d,19,0.4,0.5,8,21,0.486403478365967,-0.03146047035031008,0.6248335658930287,0.09105543881831603,6.8621223949045635,0.42857142857142855,0.7675085329515943,-0.08522228461432979,0.1126551628112793
AAPL,1d,19,0.4,0.5,9,21,0.591665555487154,1.9976165462494628,0.6280160233095824,0.07767219172707468,8.085468033608622,0.42857142857142855,0.7959120909451415,-0.08522228461432979,0.11679291725158691
AAPL,1d,19,0.4,0.5,10,30,0.5345189625232946,1.2921120830488775,0.5833248830890022,0.08462277197437217,6.893237712251508,0.3142857142857143,0.6461772260609941,-0.03490408120118782,0.10452938079833984
AAPL,1d,19,0.4,0.5,12,26,0.4858340679571083,0.4434933653419286,0.5654937669183507,0.07794870380687971,7.254691089147278,0.34285714285714286,0.7417322144767736,-0.03490408120118782,0.1205899715423584
AAPL,1d,19,0.4,0.5,20,50,0.38069750748628256,0.12633638450748497,0.4665316048713599,0.11188504744386739,4.169740421350032,0.08571428571428572,0.10643624423989659,-0.008291901260356727,0.11523938179016113
AAPL,1d,19,0.4,0.75,8,21,0.6244179499996768,-0.37052958058081076,0.707861120746826,0.06905383498895062,10.250858925649698,0.42857142857142855,0.7742515579368014,-0.08522228461432979,0.11739921569824219
AAPL,1d,19,0.4,0.75,9,21,0.709923469638134,1.4814557735969087,0.7064935353061614,0.053902053934016675,13.106987280503338,0.42857142857142855,0.8017119472184319,-0.08522228461432979,0.11648964881896973
AAPL,1d,19,0.4,0.75,10,30,0.6391546914080426,0.7787892339464213,0.6503165296269534,0.06778857812145257,9.593305356867374,0.3142857142857143,0.651395833724805,-0.041558127025088765,0.11103224754333496
AAPL,1d,19,0.4,0.75,12,26,0.6002893830840819,0.0418774646439688,0.6392403363177899,0.06632927890335841,9.637378046113865,0.34285714285714286,0.7471850471338399,-0.041558127025088765,0.11414003372192383
AAPL,1d,19,0.4,0.75,20,50,0.4606491857339428,-0.24158072836647215,0.5067930407112247,0.08178493673082503,6.196655043938092,0.08571428571428572,0.10675614759481462,-0.008291901260356727,0.10816097259521484
AAPL,1d,19,0.4,1.0,8,21,0.7423717348323672,-0.6018758112494936,0.7902667830115995,0.06355795605971291,12.433797938202122,0.42857142857142855,0.7788728711249093,-0.08522228461432979,0.11948990821838379
AAPL,1d,19,0.4,1.0,9,21,0.8165316716100453,1.040048430123269,0.7855616644169292,0.05305964422824587,14.805256911216564,0.42857142857142855,0.8057968165834999,-0.08522228461432979,0.10038566589355469
AAPL,1d,19,0.4,1.0,10,30,0.7346378293781936,0.36167430404760315,0.7196023045059768,0.0655352845066152,10.980379652328198,0.3142857142857143,0.6553772428503531,-0.04821217284898971,0.10928082466125488
AAPL,1d,19,0.4,1.0,12,26,0.7015229923197274,-0.25787124997393684,0.7130417534950984,0.06806877565521757,10.475313337598465,0.34285714285714286,0.7513446050569705,-0.04821217284898971,0.10994887351989746
AAPL,1d,19,0.4,1.0,20,50,0.5359130182325054,-0.4993278307849234,0.5556283058564849,0.0688530323367146,8.069772484954253,0.08571428571428572,0.1069962157862213,-0.008291901260356727,0.10978221893310547
AAPL,1d,19,0.55,0.0,8,21,0.3011898966577613,0.5152618911151823,1.0288973023341963,0.3869967220695304,2.6586718792655244,0.11428571428571428,0.00043616874872822413,-0.09965647121767385,0.1208796501159668
AAPL,1d,19,0.55,0.0,9,21,0.8490241661877502,3.466391758082505,1.0144945385987398,0.3869797833773923,2.621569865341982,0.11428571428571428,0.039597352019387966,-0.0816629334484471,0.10643315315246582
AAPL,1d,19,0.55,0.0,10,30,0.7670960936303141,2.8507690131882106,0.7431104649483119,0.31758623024816757,2.339869913023723,0.08571428571428572,0.19070281832489497,-0.029013319879922395,0.10965800285339355
AAPL,1d,19,0.55,0.0,12,26,0.6069071785800502,1.8096924628894242,0.7686992796546922,0.3862609349572469,1.9901036063607502,0.14285714285714285,0.34511727557901795,-0.029013319879922395,0.12499165534973145
AAPL,1d,19,0.55,0.0,20,50,0.5564420558429334,1.5455618289612083,0.688678619422331,0.2696010012899318,2.554436430604049,0.02857142857142857,-0.005606096501276056,-0.008291901260356727,0.10620641708374023
AAPL,1d,19,0.55,0.25,8,21,0.2956024722615679,-0.0582428101475273,0.6383011620148727,0.17562644249241338,3.6344251637531504,0.6571428571428571,1.312151542698977,-0.04203859964661083,0.11418366432189941
AAPL,1d,19,0.55,0.25,9,21,0.5190641220756028,2.788914221756096,0.6526845788265163,0.169073949683748,3.860349746648491,0.6285714285714286,1.2883356846882523,-0.03752077111916663,0.11380314826965332
AAPL,1d,19,0.55,0.25,10,30,0.4806782105383691,2.1164154628943868,0.5275275414491547,0.1442231095109101,3.6577185392695237,0.4,0.8077400510130364,-0.03752077111916663,0.10800695419311523
AAPL,1d,19,0.55,0.25,12,26,0.4078713121975591,1.1150878034974072,0.5410167558247045,0.1704403935065825,3.174228507069307,0.4857142857142857,1.0191147951782653,-0.03752077111916663,0.11863327026367188
AAPL,1d,19,0.55,0.25,20,50,0.35418161198520837,0.8004237695868823,0.47968146119846666,0.14861981232632118,3.2275741281737114,0.08571428571428572,0.10598876074130624,-0.008291901260356727,0.10422444343566895
AAPL,1d,19,0.55,0.5,8,21,0.47772063946710686,-0.4293641029648344,0.6617584626690753,0.09331207573709605,7.091884490208533,0.6571428571428571,1.3398470127822177,-0.05506387941329949,0.10970377922058105
AAPL,1d,19,0.55,0.5,9,21,0.6150267113548317,2.193274638067197,0.6631379414959804,0.08029265671510852,8.259011080538812,0.6285714285714286,1.3136781654254366,-0.046028222358410864,0.10911250114440918
AAPL,1d,19,0.55,0.5,10,30,0.5699533557089388,1.4948456863740458,0.5669310061329709,0.08158935994474073,6.948589945024019,0.4,0.8161140965530107,-0.046028222358410864,0.10253596305847168
AAPL,1d,19,0.55,0.5,12,26,0.509569826203622,0.5773854844339494,0.5750253355867693,0.09145536570173635,6.287496979259818,0.4857142857142857,1.027558964841208,-0.046028222358410864,0.10704398155212402
AAPL,1d,19,0.55,0.5,20,50,0.40264648903362216,0.253091420073573,0.4783158946481273,0.0925198348451541,5.169874064827948,0.08571428571428572,0.10643624423989659,-0.008291901260356727,0.11043524742126465
AAPL,1d,19,0.55,0.75,8,21,0.6405858922959914,-0.6635748994804267,0.7486073731004729,0.0667914454011001,11.208132547587342,0.6571428571428571,1.354758474285939,-0.06808915917998792,0.12142491340637207
AAPL,1d,19,0.55,0.75,9,21,0.7425424819251445,1.6736958133030355,0.7410658527251404,0.05440753127698622,13.620648379585695,0.6285714285714286,1.327444698630231,-0.05453567359765521,0.11276650428771973
AAPL,1d,19,0.55,0.75,10,30,0.6881149363529842,0.9757672744436334,0.6511592599974406,0.06426508010742689,10.132396301520963,0.4,0.8216524093482629,-0.05453567359765521,0.11641192436218262
AAPL,1d,19,0.55,0.75,12,26,0.6300697368915307,0.1649919418156729,0.6573050558863349,0.06865715962075512,9.57372922965533,0.4857142857142857,1.0331372341703402,-0.05453567359765521,0.11619305610656738
AAPL,1d,19,0.55,0.75,20,50,0.4848526190694136,-0.14345989133884451,0.5318428237562594,0.0697134648686259,7.628982790605948,0.08571428571428572,0.10675614759481462,-0.008291901260356727,0.10537099838256836
AAPL,1d,19,0.55,1.0,8,21,0.7755707510576952,-0.807517122624192,0.834881983249867,0.061953960615518174,13.475845207557988,0.6571428571428571,1.3650909360653525,-0.08111443894667669,0.12798213958740234
AAPL,1d,19,0.55,1.0,9,21,0.8562895149633283,1.2239373738216583,0.820912501141493,0.05465572896236448,15.019697234424722,0.6285714285714286,1.3370166045062275,-0.06304312483689956,0.14646458625793457
AAPL,1d,19,0.55,1.0,10,30,0.7938634020672455,0.5478125568246737,0.732472750825502,0.06197567767381986,11.818713055152562,0.4,0.8258260789903454,-0.06304312483689956,0.1420607566833496
AAPL,1d,19,0.55,1.0,12,26,0.7361001557517397,-0.14828565370415325,0.7376143966798284,0.0661201972837266,11.155659344370543,0.4857142857142857,1.0373354525832468,-0.06304312483689956,0.13257670402526855
AAPL,1d,19,0.55,1.0,20,50,0.5622655714996204,-0.42646168135930784,0.5903437319043152,0.05841544385198653,10.105953031875138,0.08571428571428572,0.1069962157862213,-0.008291901260356727,0.11668682098388672
AAPL,1d,19,0.7,0.0,8,21,0.37493140586747536,0.7569141380031252,1.0896147818507376,0.36789694145915325,2.9617391694780233,0.11428571428571428,0.00043616874872822413,-0.09965647121767385,0.11502742767333984
AAPL,1d,19,0.7,0.0,9,21,0.7873453677897647,2.5667031311669257,1.0392461742409156,0.41009548711956884,2.534156572998106,0.11428571428571428,0.039597352019387966,-0.0816629334484471,0.12090659141540527
AAPL,1d,19,0.7,0.0,10,30,0.7956100266719207,2.8210097572901236,0.8064335343449522,0.2750387686474164,2.932072224984227,0.08571428571428572,0.19070281832489497,-0.029013319879922395,0.10845613479614258
AAPL,1d,19,0.7,0.0,12,26,0.6589533470772474,2.0047383316179137,0.8598385483089267,0.35083582099046456,2.450828840343234,0.14285714285714285,0.34511727557901795,-0.029013319879922395,0.11107397079467773
AAPL,1d,19,0.7,0.0,20,50,0.4900351893823145,1.2229017646834692,0.6533681632520434,0.3340184853712731,1.9560838452572529,0.02857142857142857,-0.005606096501276056,-0.008291901260356727,0.11102128028869629
AAPL,1d,19,0.7,0.25,8,21,0.3494464052273608,0.13767384901904745,0.6485776559698195,0.14837688201514235,4.371150324506954,0.6571428571428571,1.2955061462906854,-0.04203859964661083,0.11906194686889648
AAPL,1d,19,0.7,0.25,9,21,0.47987339498453313,1.822574813030632,0.6484592915202375,0.16651069359987272,3.894400278449943,0.6285714285714286,1.2716902882799608,-0.03752077111916663,0.1345672607421875
AAPL,1d,19,0.7,0.25,10,30,0.48249136573815454,2.0872107356553986,0.5412274100223096,0.13844256440245856,3.90940035211236,0.4,0.8077400510130364,-0.03752077111916663,0.12227272987365723
AAPL,1d,19,0.7,0.25,12,26,0.4290007457598155,1.3073874694578724,0.5539861199965463,0.16696781871471264,3.3179215268009665,0.4857142857142857,1.0191147951782653,-0.03752077111916663,0.10811829566955566
AAPL,1d,19,0.7,0.25,20,50,0.3261121525231519,0.5188669169311695,0.45742739281031025,0.16773541494245306,2.7270770037874543,0.08571428571428572,0.10598876074130624,-0.008291901260356727,0.11012697219848633
AAPL,1d,19,0.7,0.5,8,21,0.5483230874791413,-0.27953845113962383,0.6878003899297584,0.07726140187833729,8.902250971485483,0.6571428571428571,1.3304387690651303,-0.05506387941329949,0.10811519622802734
AAPL,1d,19,0.7,0.5,9,21,0.6236254319214097,1.2072296188549307,0.6788420841657448,0.07477205033156235,9.07882131298459,0.6285714285714286,1.304269921708349,-0.046028222358410864,0.11996698379516602
AAPL,1d,19,0.7,0.5,10,30,0.5860620632099645,1.4675081917554977,0.5884269278145011,0.07848931062362799,7.496905287347043,0.4,0.8161140965530107,-0.046028222358410864,0.12142610549926758
AAPL,1d,19,0.7,0.5,12,26,0.5409177630603195,0.7579579245151273,0.5977265480300545,0.09918580734619482,6.026331428081941,0.4857142857142857,1.027558964841208,-0.046028222358410864,0.10409426689147949
AAPL,1d,19,0.7,0.5,20,50,0.4064833556436572,0.021013205123063594,0.4835627357521017,0.10385823571594019,4.655988351994355,0.08571428571428572,0.10643624423989659,-0.008291901260356727,0.10692882537841797
AAPL,1d,19,0.7,0.75,8,21,0.7264776486063512,-0.5545637915308135,0.7883242744726039,0.057978762765557086,13.596776420708938,0.6571428571428571,1.350410536052636,-0.06808915917998792,0.1134190559387207
AAPL,1d,19,0.7,0.75,9,21,0.7789609486492359,0.7053478542872467,0.7718866697437637,0.04943785385507691,15.61327221053097,0.6285714285714286,1.323096760396928,-0.05453567359765521,0.11685633659362793
AAPL,1d,19,0.7,0.75,10,30,0.7148132909236068,0.9510513777224736,0.6816170844982447,0.05673402595837172,12.0142555192254,0.4,0.8216524093482629,-0.05453567359765521,0.10397624969482422
AAPL,1d,19,0.7,0.75,12,26,0.6702174822611177,0.32851727660388885,0.6908163243999997,0.0749324744708929,9.219184729690776,0.4857142857142857,1.0331372341703402,-0.05453567359765521,0.12383389472961426
AAPL,1d,19,0.7,0.75,20,50,0.5072851280539706,-0.32609078805953384,0.5551613621202988,0.07968477372533904,6.966969173230675,0.08571428571428572,0.10675614759481462,-0.008291901260356727,0.10415291786193848
AAPL,1d,19,0.7,1.0,8,21,0.8738855426759182,-0.7317480957066411,0.885210212450023,0.05644287035743606,15.683295460423038,0.6571428571428571,1.3645396841722202,-0.08111443894667669,0.10500550270080566
AAPL,1d,19,0.7,1.0,9,21,0.9124323400951307,0.3015208780446643,0.8630828318423553,0.052665521221178964,16.38800512801674,0.6285714285714286,1.3364653526130952,-0.06304312483689956,0.1090536117553711
AAPL,1d,19,0.7,1.0,10,30,0.8285646405703321,0.5260711731896928,0.7702879839682872,0.04973225343190993,15.488700608005104,0.4,0.8258260789903454,-0.06304312483689956,0.1067953109741211
AAPL,1d,19,0.7,1.0,12,26,0.7831463156883407,-0.004413592122284871,0.7797949152198849,0.06519397156250634,11.961150648296325,0.4857142857142857,1.0373354525832468,-0.06304312483689956,0.10725069046020508
AAPL,1d,19,0.7,1.0,20,50,0.5976025670090394,-0.5643573654963658,0.6263866810442645,0.0680649072242011,9.202784615293607,0.08571428571428572,0.1069962157862213,-0.008291901260356727,0.09720540046691895
AAPL,1d,19,0.85,0.0,8,21,0.7541211549079322,2.8556040310168616,1.2370070679565737,0.3704190940429752,3.339479761842566,0.2571428571428571,0.16936219601044936,-0.08271577686005749,0.10615277290344238
AAPL,1d,19,0.85,0.0,9,21,1.0366138345294602,4.646115608088917,1.2059736604909255,0.43536360723076434,2.7700378269139514,0.22857142857142856,0.056923684936009265,-0.09347567599478224,0.10385370254516602
AAPL,1d,19,0.85,0.0,10,30,0.742291519629556,2.3356186410654307,0.8811685949869478,0.34218786607679685,2.5751018149462612,0.14285714285714285,0.1782224233219166,-0.06374709350175822,0.1257333755493164
AAPL,1d,19,0.85,0.0,12,26,0.8962344091206856,3.489716981219413,1.0179464565826017,0.35153954959134903,2.895681176601394,0.2,0.19914850077923163,-0.06493155084535063,0.11015653610229492
AAPL,1d,19,0.85,0.0,20,50,0.690369779679104,2.322804687859447,0.7447231589435372,0.35159886251588063,2.1181045741008346,0.08571428571428572,0.1766246979121254,-0.027265621972013876,0.10801267623901367
AAPL,1d,19,0.85,0.25,8,21,0.5121871976077755,2.092720861392707,0.6900228673827593,0.13952314113504632,4.945580079184691,0.6857142857142857,1.2206298633835437,-0.08219943276425157,0.11218833923339844
AAPL,1d,19,0.85,0.25,9,21,0.574579776195102,4.019450463451349,0.6948455404965532,0.17490091569067315,3.972795326729138,0.6571428571428571,1.1966156086024047,-0.06061716984425136,0.12463212013244629
AAPL,1d,19,0.85,0.25,10,30,0.4635101937149664,1.600866175270526,0.5690294979037736,0.14443526741175436,3.93968528670765,0.5142857142857142,1.1622858903379925,-0.06273324800728586,0.13666081428527832
AAPL,1d,19,0.85,0.25,12,26,0.520979442484854,2.785132858144606,0.6161809080469509,0.16582106359493243,3.7159387033733977,0.5714285714285714,1.198577624147485,-0.06273324800728586,0.1030728816986084
AAPL,1d,19,0.85,0.25,20,50,0.4427146219076113,1.6435156742751658,0.506862332727633,0.169614263368978,2.9883237568588634,0.2,0.4089960919485689,-0.027265621972013876,0.10288858413696289
AAPL,1d,19,0.85,0.5,8,21,0.6862473850258508,1.4496423152881586,0.7421900094771343,0.06774170765895786,10.956175082176134,0.7142857142857143,1.278273839251662,-0.0946786507722639,0.10715126991271973
AAPL,1d,19,0.85,0.5,9,21,0.7074137079994042,3.41610759584983,0.7342444962622957,0.08195428397203045,8.95919603803604,0.6857142857142857,1.251358319623523,-0.06892046967943444,0.10650134086608887
AAPL,1d,19,0.85,0.5,10,30,0.6032867448115043,1.0048116970276006,0.6373898100370413,0.07954860051238559,8.012583576976954,0.5428571428571428,1.182010587004206,-0.07101784361358743,0.10414457321166992
AAPL,1d,19,0.85,0.5,12,26,0.6254641747907861,2.1606503880130274,0.6591106996617108,0.09357350356647064,7.043774942054046,0.6,1.2350285916900734,-0.07101784361358743,0.11211800575256348
AAPL,1d,19,0.85,0.5,20,50,0.5018923077692812,1.0866197236672543,0.5340885805635395,0.0930387499560624,5.740496092389065,0.2,0.4083912489898222,-0.027265621972013876,0.1011362075805664
AAPL,1d,19,0.85,0.75,8,21,0.8633885285161097,0.9161225115039622,0.8570648849568956,0.05045296464802988,16.987403831191173,0.7142857142857143,1.3200356554858879,-0.10715786878027667,0.12081480026245117
AAPL,1d,19,0.85,0.75,9,21,0.8650025108938789,2.8460933625666973,0.8401745818852742,0.0537224977500833,15.639157095668944,0.6857142857142857,1.2890197864547177,-0.07722376951461729,0.10187292098999023
AAPL,1d,19,0.85,0.75,10,30,0.754850085876758,0.5277574066881012,0.7490666402294794,0.05732026140901006,13.068095326441325,0.5428571428571428,1.1905344183214326,-0.07930243921988944,0.10855245590209961
AAPL,1d,19,0.85,0.75,12,26,0.759631961106827,1.6145628479084162,0.7590331391894642,0.06498724907088883,11.67972410036163,0.6,1.252024891996198,-0.07930243921988944,0.11894893646240234
AAPL,1d,19,0.85,0.75,20,50,0.5976328366730993,0.6336205297646977,0.6118554984899142,0.06456089010567076,9.477184987512608,0.2,0.4079517839227011,-0.027265621972013876,0.1135554313659668
AAPL,1d,19,0.85,1.0,8,21,1.01371815420293,0.4801763556592227,0.9657245631772143,0.05187192513684766,18.61748066279506,0.7142857142857143,1.3524436265166584,-0.11963708678828955,0.11409401893615723
AAPL,1d,19,0.85,1.0,9,21,1.0023933351054546,2.316563406195,0.9423083017565217,0.052580982228591124,17.921085948146054,0.6857142857142857,1.317774919583434,-0.08552706934980059,0.11249661445617676
AAPL,1d,19,0.85,1.0,10,30,0.8851969728338307,0.1508982233525793,0.8522130042567536,0.04956131302271756,17.195125638945893,0.5428571428571428,1.1959306033193435,-0.08758703482619112,0.10877108573913574
AAPL,1d,19,0.85,1.0,12,26,0.8784358780916744,1.1429698471329504,0.8546765277587667,0.05197495386905429,16.4440074331194,0.6,1.2632351553127694,-0.08758703482619112,0.1060798168182373
AAPL,1d,19,0.85,1.0,20,50,0.686231156850953,0.26809962565432177,0.6888582532927989,0.05348929150577783,12.878432933036503,0.2,0.4076182559577354,-0.027265621972013876,0.10283160209655762
AAPL,1d,19,1.0,0.0,8,21,1.0535235218343686,5.0477601138914485,1.3226261439552829,0.39684095111515094,3.332887244218649,0.2857142857142857,0.1942893072441076,-0.08271577686005749,0.10382461547851562
AAPL,1d,19,1.0,0.0,9,21,1.0397057004809969,4.949567176861469,1.3130509691718522,0.4139312255376441,3.1721476616468487,0.2571428571428571,0.09713526880076001,-0.09347567599478224,0.10324597358703613
AAPL,1d,19,1.0,0.0,10,30,0.8035335040555169,2.8284466971558637,1.0286864358667995,0.3745194726746268,2.7466834461782357,0.14285714285714285,0.17107646534464363,-0.06374709350175822,0.11310458183288574
AAPL,1d,19,1.0,0.0,12,26,0.8362940281857771,3.0565735245384014,1.0997813681242368,0.3845919900952326,2.8596054947787892,0.2,0.19200254280195864,-0.06493155084535063,0.11568403244018555
AAPL,1d,19,1.0,0.0,20,50,0.7073750247855218,2.4401902835566625,0.7827119341270763,0.3006041636020532,2.603796051086134,0.08571428571428572,0.1766246979121254,-0.027265621972013876,0.12884140014648438
AAPL,1d,19,1.0,0.25,8,21,0.5913424232003129,4.463620499327352,0.7207752715801768,0.13493694204196888,5.34157111220141,0.6857142857142857,1.1858339442836114,-0.06058481835679119,0.11298584938049316
AAPL,1d,19,1.0,0.25,9,21,0.5867972551666878,4.371566167140043,0.7257618953637098,0.1489947218610308,4.8710577549225995,0.6571428571428571,1.1386984529211526,-0.059436377477557145,0.11266160011291504
AAPL,1d,19,1.0,0.25,10,30,0.4937079700998353,2.1001728504333697,0.6110867758616497,0.13960917347421503,4.377124802436523,0.5142857142857142,1.1615643488476142,-0.06155511552414694,0.11263060569763184
AAPL,1d,19,1.0,0.25,12,26,0.5049497049084012,2.3309556487503524,0.6420323051136022,0.14651702912745793,4.381963713959053,0.5714285714285714,1.1978560826571067,-0.06155511552414694,0.1137380599975586
AAPL,1d,19,1.0,0.25,20,50,0.4505724949603444,1.7220176573722368,0.5262298946341877,0.14062779698187844,3.7420048235698284,0.2,0.4089960919485689,-0.027265621972013876,0.10082221031188965
AAPL,1d,19,1.0,0.5,8,21,0.736826638639108,3.888480051413052,0.7930652329403045,0.06002344673941274,13.212590679494587,0.7142857142857143,1.2464076825335781,-0.06874284282539855,0.10826897621154785
AAPL,1d,19,1.0,0.5,9,21,0.724768770843127,3.804518473993318,0.7803798735180659,0.06413157587746834,12.16841879901848,0.6857142857142857,1.198410115962829,-0.06750361331223798,0.1075124740600586
AAPL,1d,19,1.0,0.5,10,30,0.6282383921258161,1.4857403500186401,0.6869853048802349,0.07067959347764242,9.719712169786943,0.5428571428571428,1.181630312880956,-0.06960417889384551,0.1050419807434082
AAPL,1d,19,1.0,0.5,12,26,0.6353328325050193,1.7078990540880001,0.7000815538451075,0.07035844042266977,9.950214212245934,0.6,1.2346483175668235,-0.06960417889384551,0.12370586395263672
AAPL,1d,19,1.0,0.5,20,50,0.5185417546452978,1.135741563299585,0.5619286198818357,0.07323131973353812,7.673337336080896,0.2,0.4083912489898222,-0.027265621972013876,0.1014401912689209
AAPL,1d,19,1.0,0.75,8,21,0.9037800049987543,3.3333324644324582,0.9241226201221485,0.042176421105568435,21.910882808407354,0.7142857142857143,1.2948088858040576,-0.07690086729400603,0.10349607467651367
AAPL,1d,19,1.0,0.75,9,21,0.8866108072737765,3.258722963621035,0.9006306628641305,0.04161029597032222,21.64441857146339,0.6857142857142857,1.2439470425458015,-0.07557084914691858,0.10458135604858398
AAPL,1d,19,1.0,0.75,10,30,0.7790539867856878,0.9738250480378212,0.8097131684421071,0.04661406173457591,17.370577424740986,0.5428571428571428,1.1902602846241273,-0.07765324226354442,0.10048794746398926
AAPL,1d,19,1.0,0.75,12,26,0.7844588587532014,1.1799337561706156,0.8140027942976099,0.04500961897995706,18.085085205011136,0.6,1.251750758298893,-0.07765324226354442,0.10063886642456055
AAPL,1d,19,1.0,0.75,20,50,0.6212886558499731,0.6612906734333222,0.6473410398390073,0.05073491645145014,12.759280691010273,0.2,0.4079517839227011,-0.027265621972013876,0.10294532775878906
AAPL,1d,19,1.0,1.0,8,21,1.0484149307065957,2.8066892127893004,1.0453798799559255,0.045959757088969655,22.745548413849576,0.7142857142857143,1.3335290811700669,-0.08505889176261339,0.10985589027404785
AAPL,1d,19,1.0,1.0,9,21,1.0273956323077658,2.7420692635932182,1.014154952672426,0.0454208326758374,22.3279691922497,0.6857142857142857,1.2800066346635979,-0.08363808498159964,0.12315249443054199
AAPL,1d,19,1.0,1.0,10,30,0.9094963434340951,0.552370932053732,0.9222411060143031,0.0385698288293441,23.91094630196175,0.5428571428571428,1.1957164648335181,-0.08570230563324321,0.10424447059631348
AAPL,1d,19,1.0,1.0,12,26,0.913914355092746,0.7380701025963907,0.9208432236959491,0.040179414755297856,22.918283636138113,0.6,1.263021016826944,-0.08570230563324321,0.10900640487670898
AAPL,1d,19,1.0,1.0,20,50,0.715347572140143,0.2807282126248607,0.7303319859943624,0.045070248515718433,16.20430350499745,0.2,0.4076182559577354,-0.027265621972013876,0.10190105438232422
