ticker,timeframe,n_mu,x_zero,bear_alloc,fast_period,slow_period,in_sample_sharpe,in_sample_return,mc_sharpe_mean,mc_sharpe_std,mc_robust_sharpe,wf_pos_sharpe_frac,wf_mean_sharpe,wf_worst_return,runtime_s
AAPL,1h,1,0.0,0.0,8,21,0.17181458760116813,0.2192359559435353,0.11291807480777796,0.3516395454810976,0.32111881686483373,0.3684210526315789,0.12409416653549821,-0.08396168975231366,0.2034006118774414
AAPL,1h,1,0.0,0.0,9,21,0.15026823995795946,0.18092394965677316,0.1375368717863294,0.34265665663932726,0.4013839192130379,0.3684210526315789,0.08594701852910332,-0.08396168975231366,0.2073838710784912
AAPL,1h,1,0.0,0.0,10,30,0.26863184419767544,0.402995770762423,0.24679706795940026,0.33070934925592577,0.7462657723910056,0.25,0.040242171309377184,-0.058782472514657846,0.21596980094909668
AAPL,1h,1,0.0,0.0,12,26,0.3080754353945531,0.48722351782437245,0.29686720068891015,0.33168291685405066,0.895033134370136,0.27631578947368424,0.0960534759145764,-0.07970201326768933,0.2063131332397461
AAPL,1h,1,0.0,0.0,20,50,0.20581762664587422,0.28972473276145805,0.1361720308238381,0.39357676348132564,0.34598595104890933,0.039473684210526314,0.027097623699808993,-0.004153328149983038,0.1895427703857422
AAPL,1h,1,0.0,0.25,8,21,0.37165830355477614,0.3767468124641975,0.36493382885806713,0.057479848547932096,6.348900320322714,0.8289473684210527,1.1008925236030536,-0.027038539808219464,0.20623540878295898
AAPL,1h,1,0.0,0.25,9,21,0.36182336718680436,0.32135497514348965,0.3651228451942125,0.0591956099781113,6.168073026517061,0.8026315789473685,1.0300092020813127,-0.027038539808219464,0.20268797874450684
AAPL,1h,1,0.0,0.25,10,30,0.3178234890563328,0.31262488995289894,0.3343382784821235,0.054540109601231915,6.1301358014610905,0.5657894736842105,0.6742033815800184,-0.028533386988173315,0.2012488842010498
AAPL,1h,1,0.0,0.25,12,26,0.32592089002800073,0.4115708144004542,0.3425206358864905,0.05250056593197809,6.524132260407906,0.618421052631579,0.7877019654822218,-0.03185672164746545,0.18980193138122559
AAPL,1h,1,0.0,0.25,20,50,0.24162008587946598,0.18065679869552675,0.2677466428727602,0.06321184991599164,4.235703325066339,0.10526315789473684,0.1591788488272007,-0.004153328149983038,0.1822652816772461
AAPL,1h,1,0.0,0.5,8,21,0.6335136904741906,0.4885270262168466,0.627980832534427,0.05425708101224559,11.574172823501037,0.8289473684210527,1.1948616558100884,-0.03810106049114703,0.19413995742797852
AAPL,1h,1,0.0,0.5,9,21,0.6190499050660636,0.4151876289612566,0.6238544684752481,0.057138639600688455,10.91825904213042,0.8026315789473685,1.1118494180379108,-0.03810106049114703,0.1908731460571289
AAPL,1h,1,0.0,0.5,10,30,0.5315051248789414,0.22426062648248912,0.5418200484125112,0.049430677207173444,10.961210305528276,0.5657894736842105,0.7179723351268087,-0.03757877061813841,0.20461320877075195
AAPL,1h,1,0.0,0.5,12,26,0.5391540179513578,0.33551770070680975,0.5469567021637282,0.04837930510396699,11.305592359962999,0.618421052631579,0.8340921551528961,-0.0441635524018934,0.2005784511566162
AAPL,1h,1,0.0,0.5,20,50,0.39810231938617946,0.07798618900200127,0.41900140387929563,0.05340105956562359,7.846312550491483,0.10526315789473684,0.1590957843133172,-0.004153328149983038,0.20886826515197754
AAPL,1h,1,0.0,0.75,8,21,0.8417154889236373,0.5605127948166706,0.8352828043065557,0.05709358420787299,14.630064233931442,0.8289473684210527,1.2631252941411446,-0.04911416862221507,0.20833587646484375
AAPL,1h,1,0.0,0.75,9,21,0.8232610565895595,0.46910931924995825,0.8283143564490185,0.06095259380598279,13.5894849542517,0.8026315789473685,1.1710059189567343,-0.04911416862221507,0.20861291885375977
AAPL,1h,1,0.0,0.75,10,30,0.7049987252996711,0.13832710184030472,0.7091498731144441,0.052128417664913565,13.603901765691932,0.5657894736842105,0.7502991314365282,-0.04662415424810318,0.19499945640563965
AAPL,1h,1,0.0,0.75,12,26,0.71314348359122,0.259594449672798,0.7131451878291886,0.0520156435968486,13.710205978733578,0.618421052631579,0.8665242909466431,-0.056408495621492305,0.20863699913024902
AAPL,1h,1,0.0,0.75,20,50,0.5269935961020128,-0.01832610702562354,0.541174303580341,0.0565266590024612,9.573788954283996,0.10526315789473684,0.15903629393063023,-0.004153328149983038,0.1974644660949707
AAPL,1h,1,0.0,1.0,8,21,1.0077339244572698,0.5982875774228473,1.00017234325252,0.060462087168428574,16.54214053951447,0.8289473684210527,1.3160868359624533,-0.06007786420142436,0.20003104209899902
AAPL,1h,1,0.0,1.0,9,21,0.9860369233172162,0.48935673828438686,0.9910587562263456,0.06524131920012115,15.190660893694886,0.8026315789473685,1.2169609867798117,-0.06007786420142436,0.18717098236083984
AAPL,1h,1,0.0,1.0,10,30,0.8441417828688632,0.05518821661518514,0.8429659691194974,0.056185501674631703,15.003264970402581,0.5657894736842105,0.7755560325417346,-0.05566953787806839,0.18791747093200684
AAPL,1h,1,0.0,1.0,12,26,0.8528464443295964,0.18429032181599814,0.8463062037313437,0.05688175584517272,14.878341766293516,0.618421052631579,0.8915119967810492,-0.06859155130626182,0.1856851577758789
AAPL,1h,1,0.0,1.0,20,50,0.6307957581507142,-0.10836666914856019,0.6388576036424101,0.060708142813818804,10.523425261116518,0.10526315789473684,0.15899158935391403,-0.004153328149983038,0.19130373001098633
AAPL,1h,1,0.1,0.0,8,21,0.18085224840329608,0.23584621829328922,0.1236824034741257,0.33850308375397065,0.365380433473451,0.3684210526315789,0.11715110362250752,-0.08396168975231366,0.20996379852294922
AAPL,1h,1,0.1,0.0,9,21,0.15665092692059127,0.19185319305102522,0.13247231484619798,0.3429126467185429,0.38631504586918636,0.3684210526315789,0.08406067812908208,-0.08396168975231366,0.19386053085327148
AAPL,1h,1,0.1,0.0,10,30,0.2565704488296493,0.3784252641706558,0.24879039494842675,0.3278236330704999,0.7589153735445403,0.25,0.040242171309377184,-0.058782472514657846,0.18445515632629395
AAPL,1h,1,0.1,0.0,12,26,0.31350202305764124,0.49929730981867326,0.2968428009973239,0.33281715982781196,0.891909543218565,0.27631578947368424,0.0960534759145764,-0.07970201326768933,0.20763635635375977
AAPL,1h,1,0.1,0.0,20,50,0.20348021120211732,0.2851708973320972,0.14697969991117504,0.3904531106190779,0.3764336764487118,0.039473684210526314,0.027097623699808993,-0.004153328149983038,0.18883252143859863
AAPL,1h,1,0.1,0.25,8,21,0.37247164008171657,0.4001230323128997,0.36680685598414514,0.05550641029165439,6.608369268644563,0.8289473684210527,1.1018811408569196,-0.027038539808219464,0.21324968338012695
AAPL,1h,1,0.1,0.25,9,21,0.36425588401627607,0.3373107012251191,0.36437431971148637,0.05818591802691742,6.262242344323294,0.8026315789473685,1.029709492456369,-0.027038539808219464,0.18367338180541992
AAPL,1h,1,0.1,0.25,10,30,0.3157243894869658,0.2837353444848063,0.33926361635324,0.0559799094758251,6.060453107730566,0.5657894736842105,0.6742033815800184,-0.028533386988173315,0.17941522598266602
AAPL,1h,1,0.1,0.25,12,26,0.3265214227894418,0.4259699702696289,0.347667561674615,0.05251735140157887,6.62005132391659,0.618421052631579,0.7877019654822218,-0.03185672164746545,0.18686127662658691
AAPL,1h,1,0.1,0.25,20,50,0.24109162965470154,0.17544296836987172,0.269515070830525,0.06401028292439341,4.2104964783371805,0.10526315789473684,0.1591788488272007,-0.004153328149983038,0.16555500030517578
AAPL,1h,1,0.1,0.5,8,21,0.6339711542564169,0.518714284790353,0.6296916628846561,0.05340362898981252,11.791177393670727,0.8289473684210527,1.1974824328242746,-0.03810106049114703,0.1905198097229004
AAPL,1h,1,0.1,0.5,9,21,0.622622763672227,0.4365452597914128,0.6234487714266573,0.05619547651620062,11.094287477870626,0.8026315789473685,1.1116129586561623,-0.03810106049114703,0.21751832962036133
AAPL,1h,1,0.1,0.5,10,30,0.5300799058430831,0.19175121569720455,0.5467151718086697,0.05043532834532558,10.83992490472881,0.5657894736842105,0.7179723351268087,-0.03757877061813841,0.18770837783813477
AAPL,1h,1,0.1,0.5,12,26,0.5394638646748404,0.35195092344618106,0.5526654088661462,0.04769022801077715,11.588651007104717,0.618421052631579,0.8340921551528961,-0.0441635524018934,0.1919543743133545
AAPL,1h,1,0.1,0.5,20,50,0.39777332407481186,0.07227045127094844,0.42017364271014407,0.05459547148121174,7.6961262777031045,0.10526315789473684,0.1590957843133172,-0.004153328149983038,0.19503355026245117
AAPL,1h,1,0.1,0.75,8,21,0.8420900308104241,0.5972252494959378,0.8371101052539188,0.05697292280299445,14.693121996716675,0.8289473684210527,1.2668926031090797,-0.04911416862221507,0.21376895904541016
AAPL,1h,1,0.1,0.75,9,21,0.8278430683840879,0.4959961556003212,0.8280819413389757,0.060088563465287924,13.781024101488859,0.8026315789473685,1.1708079589735279,-0.04911416862221507,0.20715594291687012
AAPL,1h,1,0.1,0.75,10,30,0.7038427714897445,0.10286877665899108,0.7140403125234889,0.05292218197815089,13.492268947230537,0.5657894736842105,0.7502991314365282,-0.04662415424810318,0.18426060676574707
AAPL,1h,1,0.1,0.75,12,26,0.7133716876658641,0.27777055669305795,0.7192141860995971,0.05098001699101189,14.107766700556402,0.618421052631579,0.8665242909466431,-0.056408495621492305,0.1849522590637207
AAPL,1h,1,0.1,0.75,20,50,0.5267511689910745,-0.024402034971660602,0.5421344965117065,0.05757744880804724,9.415743624193642,0.10526315789473684,0.15903629393063023,-0.004153328149983038,0.17304491996765137
AAPL,1h,1,0.1,1.0,8,21,1.0080788229505928,0.6409899651694324,1.002134564743708,0.060909591169960246,16.452820409636026,0.8289473684210527,1.3207388344107824,-0.06007786420142436,0.19403076171875
AAPL,1h,1,0.1,1.0,9,21,0.9914440277931791,0.521678943565796,0.9909362330005317,0.06444944939806567,15.37540261795119,0.8026315789473685,1.2167898015855085,-0.06007786420142436,0.19931483268737793
AAPL,1h,1,0.1,1.0,10,30,0.8431489116274357,0.017417592094201906,0.8478269823466071,0.056872193963425376,14.90758353531862,0.5657894736842105,0.7755560325417346,-0.05566953787806839,0.1935405731201172
AAPL,1h,1,0.1,1.0,12,26,0.8530390955833411,0.2039220518040692,0.8526184069534999,0.05566712135246843,15.316373224240605,0.618421052631579,0.8915119967810492,-0.06859155130626182,0.20295286178588867
AAPL,1h,1,0.1,1.0,20,50,0.6306058526971113,-0.11467702951865988,0.6396976007451334,0.061591253524314604,10.38617602566893,0.10526315789473684,0.15899158935391403,-0.004153328149983038,0.19002652168273926
AAPL,1h,1,0.25,0.0,8,21,0.18757282264768585,0.24748581514486956,0.12862807505844354,0.31619154417684026,0.4068042850206777,0.3684210526315789,0.11715110362250752,-0.08396168975231366,0.19673562049865723
AAPL,1h,1,0.25,0.0,9,21,0.16981630119359317,0.21543880245213676,0.1289493881457091,0.33777036751930106,0.3817664323035697,0.3684210526315789,0.08406067812908208,-0.08396168975231366,0.198805570602417
AAPL,1h,1,0.25,0.0,10,30,0.25032024859546687,0.36551569394781014,0.24161016940448965,0.3279651224410337,0.736694705846137,0.25,0.040242171309377184,-0.058782472514657846,0.18724989891052246
AAPL,1h,1,0.25,0.0,12,26,0.3073361656778381,0.4870723737621456,0.2867803633007606,0.3348685573941585,0.8563968069513452,0.27631578947368424,0.0960534759145764,-0.07970201326768933,0.1795492172241211
AAPL,1h,1,0.25,0.0,20,50,0.2137184024208335,0.3053737424178038,0.15343269152731792,0.39376692831131566,0.38965357549279167,0.039473684210526314,0.027097623699808993,-0.004153328149983038,0.18598532676696777
AAPL,1h,1,0.25,0.25,8,21,0.3755902567708946,0.4167600761773207,0.36873013601076443,0.055908940016821396,6.595190964089538,0.8289473684210527,1.1018811408569196,-0.027038539808219464,0.19386506080627441
AAPL,1h,1,0.25,0.25,9,21,0.3656819371967916,0.37034652595510087,0.3641194802232755,0.059034937953834965,6.167864197774124,0.8026315789473685,1.029709492456369,-0.027038539808219464,0.20786714553833008
AAPL,1h,1,0.25,0.25,10,30,0.31830298325374656,0.26905576466500225,0.3390162929960077,0.05805287353141148,5.839784878393167,0.5657894736842105,0.6742033815800184,-0.028533386988173315,0.19952082633972168
AAPL,1h,1,0.25,0.25,12,26,0.32709664469747013,0.4119439570048824,0.3467033873451447,0.0536884365185325,6.4576920064615315,0.618421052631579,0.7877019654822218,-0.03185672164746545,0.19715380668640137
AAPL,1h,1,0.25,0.25,20,50,0.24288776227840375,0.19866251792655665,0.2717701022644124,0.06349493061005021,4.280185829849472,0.10526315789473684,0.1591788488272007,-0.004153328149983038,0.17564058303833008
AAPL,1h,1,0.25,0.5,8,21,0.6397891685111938,0.5406223614417633,0.6341676172521924,0.055659717317504555,11.393655013277467,0.8289473684210527,1.1974824328242746,-0.03810106049114703,0.2056140899658203
AAPL,1h,1,0.25,0.5,9,21,0.6236368491231707,0.479080263452631,0.625076361842295,0.05767237269169716,10.838402040155433,0.8026315789473685,1.1116129586561623,-0.03810106049114703,0.20991849899291992
AAPL,1h,1,0.25,0.5,10,30,0.5365594346161092,0.17577517705817236,0.5483155732499008,0.05254495328134241,10.43517101088747,0.5657894736842105,0.7179723351268087,-0.03757877061813841,0.1990509033203125
AAPL,1h,1,0.25,0.5,12,26,0.5420949727130862,0.3365570852432238,0.553008798881779,0.04852821369806429,11.39561415391306,0.618421052631579,0.8340921551528961,-0.0441635524018934,0.21118998527526855
AAPL,1h,1,0.25,0.5,20,50,0.39891688157432115,0.09782664353673742,0.4231713725444589,0.05508077717772692,7.682741497619558,0.10526315789473684,0.1590957843133172,-0.004153328149983038,0.1814417839050293
AAPL,1h,1,0.25,0.75,8,21,0.8501556032784847,0.6244258190230183,0.8436398373916149,0.06017220654493584,14.020423810810318,0.8289473684210527,1.2668926031090797,-0.04911416862221507,0.2210402488708496
AAPL,1h,1,0.25,0.75,9,21,0.8287999230912674,0.5476218920741469,0.8310573644118188,0.06260477496003118,13.27466419202675,0.8026315789473685,1.1708079589735279,-0.04911416862221507,0.1965165138244629
AAPL,1h,1,0.25,0.75,10,30,0.7131593115800995,0.0860163398011109,0.7169060484174994,0.05532160278152723,12.958880660935693,0.5657894736842105,0.7502991314365282,-0.04662415424810318,0.20834803581237793
AAPL,1h,1,0.25,0.75,12,26,0.7174773821198798,0.26140399115690505,0.7204352290819369,0.05242658674486434,13.741791594939377,0.618421052631579,0.8665242909466431,-0.056408495621492305,0.20683503150939941
AAPL,1h,1,0.25,0.75,20,50,0.5277233887393107,0.0028768691075848896,0.5458531105095722,0.0590864757575731,9.238207280277845,0.10526315789473684,0.15903629393063023,-0.004153328149983038,0.19362640380859375
AAPL,1h,1,0.25,1.0,8,21,1.0179508307393161,0.673298411319345,1.010306207359938,0.06478519665309836,15.594707735005695,0.8289473684210527,1.3207388344107824,-0.06007786420142436,0.2087252140045166
AAPL,1h,1,0.25,1.0,9,21,0.9923922294460079,0.5816412918055143,0.9949553704867874,0.06795760668006523,14.640824171029097,0.8026315789473685,1.2167898015855085,-0.06007786420142436,0.21235895156860352
AAPL,1h,1,0.25,1.0,10,30,0.8546607536976348,5.692167678961191e-05,0.8516530521392347,0.05957934532165186,14.29443454843962,0.5657894736842105,0.7755560325417346,-0.05566953787806839,0.18871307373046875
AAPL,1h,1,0.25,1.0,12,26,0.8582854066651312,0.1869386472037744,0.8545051637655485,0.057867751173703096,14.76651755829527,0.618421052631579,0.8915119967810492,-0.06859155130626182,0.20312285423278809
AAPL,1h,1,0.25,1.0,20,50,0.6315010824340146,-0.08622450488395594,0.6440140797359335,0.0639157540163405,10.075983451142372,0.10526315789473684,0.15899158935391403,-0.004153328149983038,0.18838047981262207
AAPL,1h,1,0.4,0.0,8,21,0.20633051135507618,0.2827644452848861,0.13731318561957165,0.3163641072021543,0.43403528558892285,0.3684210526315789,0.11715110362250752,-0.08396168975231366,0.20092558860778809
AAPL,1h,1,0.4,0.0,9,21,0.16076370064770143,0.20041922386698618,0.12378002822853096,0.33472711428943613,0.3697938498089499,0.3684210526315789,0.08406067812908208,-0.08396168975231366,0.20035457611083984
AAPL,1h,1,0.4,0.0,10,30,0.24859118201341493,0.3622455425276301,0.23950411612433906,0.3349276552713268,0.715092087365301,0.25,0.040242171309377184,-0.058782472514657846,0.19827008247375488
AAPL,1h,1,0.4,0.0,12,26,0.3094431600403306,0.49167030851978666,0.29278011704515194,0.3303985498428413,0.8861422581437386,0.27631578947368424,0.0960534759145764,-0.07970201326768933,0.20435452461242676
AAPL,1h,1,0.4,0.0,20,50,0.20622533830944623,0.2906120354335653,0.14213261221310375,0.39592794048825986,0.35898606205418404,0.039473684210526314,0.027097623699808993,-0.004153328149983038,0.1916522979736328
AAPL,1h,1,0.4,0.25,8,21,0.37937474848174535,0.46713777299830883,0.37285503598910086,0.05523137556883736,6.750783085682789,0.8289473684210527,1.1018811408569196,-0.027038539808219464,0.18994426727294922
AAPL,1h,1,0.4,0.25,9,21,0.36419688107897663,0.3498407950331268,0.36323084526454313,0.05860901774478606,6.197524873155833,0.8026315789473685,1.029709492456369,-0.027038539808219464,0.19870543479919434
AAPL,1h,1,0.4,0.25,10,30,0.31797952613877023,0.26514257634375626,0.3389922890192159,0.058501287297729125,5.794612472269046,0.5657894736842105,0.6742033815800184,-0.028533386988173315,0.19585204124450684
AAPL,1h,1,0.4,0.25,12,26,0.3271317161786271,0.4170895755031274,0.3477601654759507,0.05366461645405021,6.480250646600947,0.618421052631579,0.7877019654822218,-0.03185672164746545,0.18630766868591309
AAPL,1h,1,0.4,0.25,20,50,0.2413413452873147,0.18181168251770163,0.26946520550866426,0.06416705078931992,4.199432609009897,0.10526315789473684,0.1591788488272007,-0.004153328149983038,0.17945623397827148
AAPL,1h,1,0.4,0.5,8,21,0.6442208897276537,0.6067716013432038,0.6407495447555627,0.0557539895781687,11.492442955265352,0.8289473684210527,1.1974824328242746,-0.03810106049114703,0.20793461799621582
AAPL,1h,1,0.4,0.5,9,21,0.6227192745242056,0.4533616042896915,0.624876416377913,0.05824898609427833,10.7276788537834,0.8026315789473685,1.1116129586561623,-0.03810106049114703,0.20554447174072266
AAPL,1h,1,0.4,0.5,10,30,0.5364126023046968,0.1713016732391881,0.5489058236332642,0.052921109024750286,10.372152695752284,0.5657894736842105,0.7179723351268087,-0.03757877061813841,0.19967198371887207
AAPL,1h,1,0.4,0.5,12,26,0.5420568982493207,0.34205471929740017,0.5541898686692875,0.04885569161272537,11.343404429975125,0.618421052631579,0.8340921551528961,-0.0441635524018934,0.20636487007141113
AAPL,1h,1,0.4,0.5,20,50,0.3980361894704828,0.07940619337025745,0.42243393314737193,0.055338590825994745,7.633622881284824,0.10526315789473684,0.1590957843133172,-0.004153328149983038,0.1867058277130127
AAPL,1h,1,0.4,0.75,8,21,0.8554557541078034,0.7063338228150273,0.852323125043027,0.06103580163658783,13.964314421850782,0.8289473684210527,1.2668926031090797,-0.04911416862221507,0.20195960998535156
AAPL,1h,1,0.4,0.75,9,21,0.8281668608793331,0.517234318666427,0.8313354573250085,0.06376347989721336,13.03779935889823,0.8026315789473685,1.1708079589735279,-0.04911416862221507,0.2044970989227295
AAPL,1h,1,0.4,0.75,10,30,0.713111965962608,0.08106757675388288,0.7179508867432529,0.05565358673182943,12.900352500239523,0.5657894736842105,0.7502991314365282,-0.04662415424810318,0.20587944984436035
AAPL,1h,1,0.4,0.75,12,26,0.7174506985748298,0.267081160044754,0.7218719537249452,0.053252293123840645,13.555697067283072,0.618421052631579,0.8665242909466431,-0.056408495621492305,0.19085240364074707
AAPL,1h,1,0.4,0.75,20,50,0.5271242826768345,-0.01665138801658861,0.5460013843903039,0.058787427083011226,9.2877237784079,0.10526315789473684,0.15903629393063023,-0.004153328149983038,0.17325520515441895
AAPL,1h,1,0.4,1.0,8,21,1.0240039327908548,0.7703913637452751,1.0206885825633583,0.06634667665398823,15.38417045191973,0.8289473684210527,1.3207388344107824,-0.06007786420142436,0.21224260330200195
AAPL,1h,1,0.4,1.0,9,21,0.9919423102209878,0.547306447221608,0.9955971010632331,0.06948148987758851,14.328954413862768,0.8026315789473685,1.2167898015855085,-0.06007786420142436,0.20245742797851562
AAPL,1h,1,0.4,1.0,10,30,0.854677599149016,-0.005281725273419302,0.8530488560376457,0.059776709308335986,14.270589095788287,0.5657894736842105,0.7755560325417346,-0.05566953787806839,0.19305205345153809
AAPL,1h,1,0.4,1.0,12,26,0.8582791958863893,0.19264582723336843,0.8561710359921684,0.05915189383891795,14.474110301923513,0.618421052631579,0.8915119967810492,-0.06859155130626182,0.19083595275878906
AAPL,1h,1,0.4,1.0,20,50,0.6310677646795836,-0.10645417846366045,0.6447923574199279,0.06313409488712952,10.213060923304294,0.10526315789473684,0.15899158935391403,-0.004153328149983038,0.1784512996673584
AAPL,1h,1,0.55,0.0,8,21,0.1941855679241711,0.26010060603188156,0.14572060844127063,0.31002456161228664,0.47002923795278917,0.3815789473684211,0.17844470508140142,-0.07684621377803236,0.22331523895263672
AAPL,1h,1,0.55,0.0,9,21,0.16786026787103794,0.21286981329626076,0.11282538955408024,0.3239222542603034,0.3483100900607278,0.3684210526315789,0.14504516158093425,-0.07684621377803236,0.20694589614868164
AAPL,1h,1,0.55,0.0,10,30,0.27346585831893067,0.4130449565742398,0.22730280764173355,0.33780767659833777,0.672876383185343,0.25,0.05290733631380171,-0.05030018209402953,0.196974515914917
AAPL,1h,1,0.55,0.0,12,26,0.2769696534079411,0.4218499749059874,0.2791480249425384,0.32796124124461445,0.8511616308170146,0.27631578947368424,0.11145790487666901,-0.07255344956624032,0.19802546501159668
AAPL,1h,1,0.55,0.0,20,50,0.20521397369662703,0.28864976856557645,0.14891966791721634,0.40674712393889934,0.36612346874169105,0.039473684210526314,0.027097623699808993,-0.004153328149983038,0.20754337310791016
AAPL,1h,1,0.55,0.25,8,21,0.3808002811181655,0.43449421370957375,0.37455631353612123,0.056076715531285314,6.679355414943222,0.8289473684210527,1.1064930523577778,-0.03070308499065244,0.2014307975769043
AAPL,1h,1,0.55,0.25,9,21,0.3655206763309267,0.3670771972662883,0.36326182633146825,0.05830035125341215,6.230868571485795,0.8026315789473685,1.0388388567370097,-0.03070308499065244,0.19356131553649902
AAPL,1h,1,0.55,0.25,10,30,0.3246646771086449,0.32259300605466823,0.3388438353379127,0.05993697332943932,5.653335771152166,0.5789473684210527,0.6656246099326212,-0.032195764887857914,0.19860601425170898
AAPL,1h,1,0.55,0.25,12,26,0.32655675377384813,0.33408645839889095,0.34266474020496707,0.05563212431205925,6.1594761020241755,0.631578947368421,0.7922327352600892,-0.03550657075074448,0.1956923007965088
AAPL,1h,1,0.55,0.25,20,50,0.24103259803896931,0.17969440237458034,0.271240681571684,0.068940301301061,3.934428432321191,0.10526315789473684,0.1591788488272007,-0.004153328149983038,0.19368362426757812
AAPL,1h,1,0.55,0.5,8,21,0.6490629187212402,0.5635557712143169,0.6427924835669456,0.0566179437090036,11.353158406293838,0.8289473684210527,1.1955718261250317,-0.04248486024518805,0.20163965225219727
AAPL,1h,1,0.55,0.5,9,21,0.6253046957001541,0.47513959681537554,0.6269753313484332,0.05857927159156916,10.70302368591877,0.8026315789473685,1.114857231691851,-0.04248486024518805,0.2025308609008789
AAPL,1h,1,0.55,0.5,10,30,0.5451524241449036,0.23398911374575126,0.5514150283084146,0.053359849019851475,10.333894087730112,0.5789473684210527,0.7107550419065466,-0.04197333107822587,0.1958165168762207
AAPL,1h,1,0.55,0.5,12,26,0.5484233831409561,0.24763748797059737,0.5523035308962265,0.04911098493774679,11.246028390518493,0.631578947368421,0.8329088410048151,-0.04852804575541503,0.19597196578979492
AAPL,1h,1,0.55,0.5,20,50,0.3978950326641247,0.07722655224405361,0.4251490082372694,0.057902750131427434,7.342466588759047,0.10526315789473684,0.1590957843133172,-0.004153328149983038,0.1848435401916504
AAPL,1h,1,0.55,0.75,8,21,0.8627126219295236,0.6524043566511659,0.854880376729722,0.061972102848043165,13.794600109438043,0.8289473684210527,1.266518353901113,-0.05421277067538266,0.20439529418945312
AAPL,1h,1,0.55,0.75,9,21,0.8319168706201936,0.5431463006505233,0.8348762818170945,0.06439314036732816,12.96529843170523,0.8026315789473685,1.1747921519433815,-0.05421277067538266,0.20839929580688477
AAPL,1h,1,0.55,0.75,10,30,0.7240015915809536,0.14768583235369115,0.7221841308027146,0.055726189878153476,12.959510283796288,0.5789473684210527,0.7464137235735873,-0.05175089726859383,0.18467974662780762
AAPL,1h,1,0.55,0.75,12,26,0.7284590194835107,0.1630035181178482,0.7221773725594782,0.052686077907606925,13.707176568085528,0.631578947368421,0.8665433437851011,-0.06148262371150237,0.2011699676513672
AAPL,1h,1,0.55,0.75,20,50,0.5270865955853469,-0.018818274592036666,0.5495975108693779,0.05972157116837868,9.202663294303587,0.10526315789473684,0.15903629393063023,-0.004153328149983038,0.16929101943969727
AAPL,1h,1,0.55,1.0,8,21,1.0331239028579673,0.7059901736325322,1.0236944603938043,0.06728650897411874,15.213963036595654,0.8289473684210527,1.3229491170695902,-0.06588681628123672,0.1970348358154297
AAPL,1h,1,0.55,1.0,9,21,0.9966508305481034,0.5768303637403671,1.0002360917575104,0.07024109497342104,14.2400412769191,0.8026315789473685,1.2223441400496764,-0.06588681628123672,0.19692087173461914
AAPL,1h,1,0.55,1.0,10,30,0.8673808469974349,0.0640739156035719,0.8585643426328966,0.059708606569434934,14.379239308398112,0.5789473684210527,0.7748045321899663,-0.061528463458962235,0.181168794631958
AAPL,1h,1,0.55,1.0,12,26,0.8728085817224233,0.08062343657397952,0.8581613173593284,0.05813250989843271,14.762158366440412,0.631578947368421,0.8936418494924011,-0.07437030461900607,0.19728755950927734
AAPL,1h,1,0.55,1.0,20,50,0.6310985448072325,-0.10854889773922716,0.649114624916009,0.06298053335165608,10.306591423918775,0.10526315789473684,0.15899158935391403,-0.004153328149983038,0.18975090980529785
AAPL,1h,1,0.7,0.0,8,21,0.21972013781416297,0.30788500066746316,0.15678894314221237,0.30165635228646487,0.519760124240047,0.3815789473684211,0.16387122899414808,-0.07684621377803236,0.2015070915222168
AAPL,1h,1,0.7,0.0,9,21,0.16666165476004394,0.21085720589295387,0.11081129215898686,0.33064944424580067,0.3351322498416514,0.3684210526315789,0.12175757950690153,-0.07684621377803236,0.2150568962097168
AAPL,1h,1,0.7,0.0,10,30,0.2541947740177343,0.37403052542832715,0.22146289666315222,0.34940310496828286,0.6338320796641334,0.25,0.05290733631380171,-0.05030018209402953,0.20112061500549316
AAPL,1h,1,0.7,0.0,12,26,0.2773055219365992,0.4217423860749183,0.26907401254624547,0.3366120692250408,0.7993593728404225,0.27631578947368424,0.11518588554873246,-0.07255344956624032,0.21705293655395508
AAPL,1h,1,0.7,0.0,20,50,0.2354746311827409,0.3477637076858777,0.1524013179840143,0.4042861286212179,0.37696400443855327,0.039473684210526314,0.027097623699808993,-0.004153328149983038,0.18378758430480957
AAPL,1h,1,0.7,0.25,8,21,0.38510373622057287,0.5028708031363789,0.37764402790662943,0.05369491360036603,7.0331434131231205,0.8289473684210527,1.1061167456873764,-0.033272205380576736,0.2037034034729004
AAPL,1h,1,0.7,0.25,9,21,0.36682666280264975,0.36416562851483025,0.36342802801914614,0.05610084087641587,6.478120868450779,0.8026315789473685,1.0401711444755748,-0.033272205380576736,0.23706817626953125
AAPL,1h,1,0.7,0.25,10,30,0.3288122569052235,0.27707900686844256,0.34064919742125793,0.06130462506356384,5.556663906973658,0.5789473684210527,0.6656246099326212,-0.032195764887857914,0.19106793403625488
AAPL,1h,1,0.7,0.25,12,26,0.3259986595157706,0.3326052741891119,0.3428953923584437,0.05605006090708467,6.117663153424014,0.631578947368421,0.7925413265775227,-0.031083754514906414,0.1878185272216797
AAPL,1h,1,0.7,0.25,20,50,0.2469814899517342,0.24795521136720255,0.27193133197840746,0.0681616793881879,3.989504578220998,0.10526315789473684,0.1591788488272007,-0.004153328149983038,0.17053604125976562
AAPL,1h,1,0.7,0.5,8,21,0.653812671997069,0.653489996853132,0.6468517490353137,0.054924692217884354,11.777066432512271,0.8289473684210527,1.195333865613632,-0.045558231911456915,0.19145607948303223
AAPL,1h,1,0.7,0.5,9,21,0.6282184131761442,0.47123641549311435,0.627770937020847,0.05667163713476683,11.07733901401135,0.8026315789473685,1.119812067344831,-0.045558231911456915,0.1941814422607422
AAPL,1h,1,0.7,0.5,10,30,0.5571649491246501,0.18319083965528904,0.5561476563409156,0.05302598109622074,10.488210587404922,0.5789473684210527,0.7107550419065466,-0.04197333107822587,0.18913483619689941
AAPL,1h,1,0.7,0.5,12,26,0.5480780586924017,0.24503747950255095,0.5548483945599695,0.04792689740667407,11.576972943854779,0.631578947368421,0.8331083297621842,-0.0432392375008982,0.18474841117858887
AAPL,1h,1,0.7,0.5,20,50,0.4016221993658196,0.15271390467690793,0.42572054644334134,0.05778825181941231,7.36690474343667,0.10526315789473684,0.1590957843133172,-0.004153328149983038,0.16952133178710938
AAPL,1h,1,0.7,0.75,8,21,0.8682944368398589,0.7639097104834647,0.8599172268358053,0.06075891265099918,14.152939697508954,0.8289473684210527,1.2663329285614247,-0.05778727224182434,0.2036292552947998
AAPL,1h,1,0.7,0.75,9,21,0.8360530460011749,0.5381960899980454,0.8361204599388374,0.06284765842293906,13.303923820233498,0.8026315789473685,1.1821667442917678,-0.05778727224182434,0.20624303817749023
AAPL,1h,1,0.7,0.75,10,30,0.7415994372672462,0.09275237730852126,0.7291064680799486,0.05483733450715607,13.295804302537771,0.5789473684210527,0.7464137235735873,-0.05175089726859383,0.2028656005859375
AAPL,1h,1,0.7,0.75,12,26,0.7282987904789616,0.15952204303494621,0.7263660020023289,0.05101134481888503,14.239303131122693,0.631578947368421,0.8667016389242331,-0.055333893869751516,0.19731926918029785
AAPL,1h,1,0.7,0.75,20,50,0.5300172829983292,0.06214503400648996,0.5501490789037496,0.059863944689256356,9.189990431794643,0.10526315789473684,0.15903629393063023,-0.004153328149983038,0.1752476692199707
AAPL,1h,1,0.7,1.0,8,21,1.0394470023988671,0.8382921476206968,1.0295404642649797,0.06644571055377108,15.494460901758675,0.8289473684210527,1.322795010403352,-0.06995932637167901,0.20244622230529785
AAPL,1h,1,0.7,1.0,9,21,1.0017419700705184,0.5708141733963643,1.0018111166559314,0.06895897201553106,14.527639948436322,0.8026315789473685,1.231553273171378,-0.06995932637167901,0.20124602317810059
AAPL,1h,1,0.7,1.0,10,30,0.8892751888691032,0.006078233453130855,0.8671988458749255,0.05857099380101944,14.805943857142333,0.5789473684210527,0.7748045321899663,-0.061528463458962235,0.22191238403320312
AAPL,1h,1,0.7,1.0,12,26,0.8727849274314979,0.0764786461906124,0.8636135583082025,0.05623703903896965,15.35666836423871,0.631578947368421,0.8937760108696643,-0.06736772362146648,0.20730948448181152
AAPL,1h,1,0.7,1.0,20,50,0.6335876809477509,-0.02369126940414923,0.6496559286407153,0.0632369425875824,10.273360824504595,0.10526315789473684,0.15899158935391403,-0.004153328149983038,0.1914348602294922
AAPL,1h,1,0.85,0.0,8,21,0.22047854813558132,0.31005413437798235,0.17043292073323035,0.30363585624333755,0.5613069643416662,0.35526315789473684,0.15587468343866845,-0.07829547348693433,0.19518184661865234
AAPL,1h,1,0.85,0.0,9,21,0.1540136112499423,0.18869394511361515,0.12231719117455539,0.32553797439821613,0.3757386258874063,0.32894736842105265,0.10855459067235451,-0.07829547348693433,0.1955726146697998
AAPL,1h,1,0.85,0.0,10,30,0.21772722749538242,0.303268182118279,0.19012037286044658,0.3351785585569357,0.5672211661717957,0.2631578947368421,0.11270277153307269,-0.045837617149373955,0.196807861328125
AAPL,1h,1,0.85,0.0,12,26,0.25388071491340114,0.37449811868597105,0.2530955554168651,0.32980915072691763,0.7674000398685983,0.2631578947368421,0.14469432080825434,-0.07605111117155172,0.21321582794189453
AAPL,1h,1,0.85,0.0,20,50,0.23716379429275933,0.3513562471987459,0.15295557263757598,0.4226831196954903,0.3618681833042407,0.05263157894736842,0.01614401041649315,-0.006341019333744868,0.18521523475646973
AAPL,1h,1,0.85,0.25,8,21,0.3862943294298237,0.5053103060595796,0.3822280815822839,0.05372522235712077,7.114499760309009,0.8421052631578947,1.126877326039083,-0.03554027007265237,0.1965649127960205
AAPL,1h,1,0.85,0.25,9,21,0.3698604465031139,0.33306471660104053,0.36585172318172593,0.05470761245052429,6.68740065219607,0.8026315789473685,1.0342173043611886,-0.03554027007265237,0.21592497825622559
AAPL,1h,1,0.85,0.25,10,30,0.3267040807562987,0.19506426613648808,0.3314725871870105,0.055820421562135396,5.938195698110921,0.5921052631578947,0.7068376850636828,-0.0340069152927589,0.18307089805603027
AAPL,1h,1,0.85,0.25,12,26,0.3265984219053347,0.2773789127634654,0.3368337067301847,0.053383041398595885,6.309751147656497,0.631578947368421,0.8124572887345178,-0.03335784668573938,0.1857011318206787
AAPL,1h,1,0.85,0.25,20,50,0.24682902362169776,0.2513341229083823,0.2723015866235309,0.06735410744668924,4.042835647982679,0.11842105263157894,0.148160948143375,-0.006341019333744868,0.1784830093383789
AAPL,1h,1,0.85,0.5,8,21,0.6565453306669359,0.655819897217492,0.6538747112590305,0.053643722594671976,12.18921207612044,0.8421052631578947,1.2194299412178273,-0.048253330274955486,0.19815754890441895
AAPL,1h,1,0.85,0.5,9,21,0.6363000839823427,0.43113152695800827,0.6307577785092472,0.055232504238704724,11.420046713493708,0.8026315789473685,1.1168863063576289,-0.048253330274955486,0.19632363319396973
AAPL,1h,1,0.85,0.5,10,30,0.5604616493849969,0.09222092651302582,0.5545502363493318,0.05306842127368322,10.449721756172437,0.5921052631578947,0.7543684457028977,-0.04376618373000485,0.19049549102783203
AAPL,1h,1,0.85,0.5,12,26,0.5534073555233142,0.18325945871721627,0.5518073481181759,0.04771706582176435,11.56415086751813,0.631578947368421,0.8555674368503694,-0.045943014276453864,0.1862349510192871
AAPL,1h,1,0.85,0.5,20,50,0.4013083050477828,0.15588288699913622,0.426722503295892,0.05775240609680593,7.388826408039343,0.11842105263157894,0.14808860785763367,-0.006341019333744868,0.17324399948120117
AAPL,1h,1,0.85,0.75,8,21,0.8722503887264841,0.7657026710608998,0.8691129651188947,0.0584100764589963,14.879503979574645,0.8421052631578947,1.2929296661667973,-0.06090060794243357,0.21079492568969727
AAPL,1h,1,0.85,0.75,9,21,0.8477916928124559,0.4894586270449601,0.8398769627016428,0.06149545747667417,13.657544754752275,0.8026315789473685,1.181673451571107,-0.06090060794243357,0.210723876953125
AAPL,1h,1,0.85,0.75,10,30,0.7482724813699063,-0.005043772912311839,0.7329210311075316,0.05899318666352198,12.423825064543056,0.5921052631578947,0.7922661773468466,-0.053525452167250576,0.2143564224243164
AAPL,1h,1,0.85,0.75,12,26,0.7366955836052144,0.09254659965088852,0.7255311298408054,0.05241401109313686,13.842312670014431,0.631578947368421,0.8913766349411991,-0.05845904072829833,0.19303512573242188
AAPL,1h,1,0.85,0.75,20,50,0.5296856464839578,0.06511121877799808,0.5516564603085354,0.0608422622196968,9.066994555799813,0.11842105263157894,0.1480367758379429,-0.006341019333744868,0.1811668872833252
AAPL,1h,1,0.85,1.0,8,21,1.0443639332366674,0.8391115951017791,1.0404997322676701,0.06323721634660148,16.45391420401428,0.8421052631578947,1.3513393382478947,-0.07348210307508762,0.19198822975158691
AAPL,1h,1,0.85,1.0,9,21,1.016311047998346,0.5141494984068975,1.0062364152348213,0.06764876073611646,14.874424960420741,0.8026315789473685,1.2329899625527834,-0.07348210307508762,0.19395709037780762
AAPL,1h,1,0.85,1.0,10,30,0.898437180266948,-0.09659402404783013,0.875245027271293,0.06554575003039322,13.353192645830532,0.5921052631578947,0.8225020208439753,-0.06328472060449641,0.20099782943725586
AAPL,1h,1,0.85,1.0,12,26,0.8834695418122477,0.005572763065759823,0.864512881044243,0.05858484030927229,14.756597039104935,0.631578947368421,0.9202640472383236,-0.07090592604127366,0.1983635425567627
AAPL,1h,1,0.85,1.0,20,50,0.6332677594141509,-0.020918332836901588,0.6515613565546471,0.06489693178331928,10.03994085159694,0.11842105263157894,0.1479978138889393,-0.006341019333744868,0.18384122848510742
AAPL,1h,1,1.0,0.0,8,21,0.18627549920758263,0.24579202823415303,0.16634746034448294,0.29044918537425296,0.572724830094252,0.35526315789473684,0.1305566952530937,-0.07829547348693433,0.1960926055908203
AAPL,1h,1,1.0,0.0,9,21,0.16402798310827632,0.20633345192594654,0.12955337247032075,0.3189623537231586,0.4061713583376858,0.32894736842105265,0.0822860567407926,-0.07829547348693433,0.19740080833435059
AAPL,1h,1,1.0,0.0,10,30,0.21581974048755637,0.2997566663828206,0.1729151560063363,0.3327267599559894,0.5196911604861846,0.2631578947368421,0.13223651698529137,-0.045837617149373955,0.1991567611694336
AAPL,1h,1,1.0,0.0,12,26,0.2627026717652167,0.3925369542059436,0.23443077348792535,0.32670285016484957,0.7175657432117135,0.2631578947368421,0.15489703926682208,-0.07605111117155172,0.19074487686157227
AAPL,1h,1,1.0,0.0,20,50,0.2308663153587725,0.33876377867979524,0.16097765332177538,0.41667540661217173,0.3863382641913596,0.05263157894736842,0.01614401041649315,-0.006341019333744868,0.16805028915405273
AAPL,1h,1,1.0,0.25,8,21,0.3846948429603318,0.4132037931727961,0.3802180142121169,0.04935439880127225,7.70383235227081,0.8421052631578947,1.0940916677525088,-0.036077872304108305,0.18733525276184082
AAPL,1h,1,1.0,0.25,9,21,0.3707795044134143,0.3579203127571118,0.3671644909656705,0.05402125136711953,6.7966676386387475,0.8026315789473685,1.016911276245397,-0.036077872304108305,0.1866164207458496
AAPL,1h,1,1.0,0.25,10,30,0.326228864521045,0.19105131904531514,0.3332357220140079,0.05323089766262937,6.260193546349967,0.5921052631578947,0.7082323381977733,-0.0295772221821734,0.18139290809631348
AAPL,1h,1,1.0,0.25,12,26,0.32725663037350433,0.2982634180392023,0.3366944139033347,0.051986973428340424,6.47651501327422,0.631578947368421,0.8125086375304412,-0.03319968868554379,0.18613314628601074
AAPL,1h,1,1.0,0.25,20,50,0.2481162393510307,0.236890670107875,0.2745792743466682,0.0669150355106704,4.10340175793351,0.11842105263157894,0.148160948143375,-0.006341019333744868,0.1747119426727295
AAPL,1h,1,1.0,0.5,8,21,0.6593805478417998,0.5344963035460701,0.6536563234895141,0.04862572570994667,13.442602942084315,0.8421052631578947,1.190207673647209,-0.04931810553474647,0.2029561996459961
AAPL,1h,1,1.0,0.5,9,21,0.6368142820432792,0.4633225749139336,0.6321654721284093,0.0538520652933078,11.73892716435833,0.8026315789473685,1.1029989037470316,-0.04931810553474647,0.1871492862701416
AAPL,1h,1,1.0,0.5,10,30,0.5601565075801823,0.08783240095256706,0.5615865401695198,0.04962357726910656,11.31692979577147,0.5921052631578947,0.7551686282470201,-0.038450906408192265,0.18000435829162598
AAPL,1h,1,1.0,0.5,12,26,0.5537381673238371,0.20639962579920268,0.5558079737270353,0.047436199249579744,11.71695840981525,0.631578947368421,0.8555917896930622,-0.045629590714665214,0.20625638961791992
AAPL,1h,1,1.0,0.5,20,50,0.4054912931391299,0.14000784674970834,0.42903344564946433,0.0571921558985298,7.501613445218861,0.11842105263157894,0.14808860785763367,-0.006341019333744868,0.18233776092529297
AAPL,1h,1,1.0,0.75,8,21,0.8778774264780943,0.6150851405148219,0.8703887265561809,0.05303829321862654,16.410571942207763,0.8421052631578947,1.2674097042011532,-0.06248212702744027,0.21933865547180176
AAPL,1h,1,1.0,0.75,9,21,0.8482027180334164,0.5287576101276723,0.8415472676446841,0.05959840288154526,14.120298983804993,0.8026315789473685,1.1712256157017968,-0.06248212702744027,0.2068479061126709
AAPL,1h,1,1.0,0.75,10,30,0.7480658232835105,-0.009694943035431391,0.743668630598928,0.05522958486369573,13.465041108570173,0.5921052631578947,0.7928591247564036,-0.047324590634210906,0.2207648754119873
AAPL,1h,1,1.0,0.75,12,26,0.7370028667355103,0.1173972339530529,0.732336595715503,0.052444395899539115,13.964058183039132,0.631578947368421,0.8913931244080002,-0.0579932440435188,0.19532084465026855
AAPL,1h,1,1.0,0.75,20,50,0.5358354033100313,0.04817821683403589,0.5542576422977852,0.060028508731029585,9.23324023892137,0.11842105263157894,0.1480367758379429,-0.006341019333744868,0.17762327194213867
AAPL,1h,1,1.0,1.0,8,21,1.0520681047592537,0.6602048106015153,1.0429923817539126,0.05766831640152686,18.086055685965853,0.8421052631578947,1.3289637148474156,-0.07556993678218915,0.20146560668945312
AAPL,1h,1,1.0,1.0,9,21,1.0166806174324854,0.5600598548784563,1.0081447445518106,0.06536818192783202,15.422560561112526,0.8026315789473685,1.2254001924116826,-0.07556993678218915,0.1924598217010498
AAPL,1h,1,1.0,1.0,10,30,0.8982976357143351,-0.10140777334065254,0.8888440048290471,0.06164066217119221,14.419767301663555,0.5921052631578947,0.8229849905571506,-0.05619827486022955,0.18189024925231934
AAPL,1h,1,1.0,1.0,12,26,0.8837962051743867,0.03163588169282461,0.8734540220011631,0.058550880806753434,14.917863061428381,0.631578947368421,0.9202769251023181,-0.07029064867210522,0.19581151008605957
AAPL,1h,1,1.0,1.0,20,50,0.6409047918957002,-0.03857902385255818,0.6544401044924025,0.06392137467377035,10.238204479055847,0.11842105263157894,0.1479978138889393,-0.006341019333744868,0.19305086135864258
AAPL,1h,2,0.0,0.0,8,21,0.23860239624078539,0.3429811455490306,0.1398537377938473,0.35328159500761713,0.39587043245440484,0.34210526315789475,0.03997403806545605,-0.07990496217074095,0.18749451637268066
AAPL,1h,2,0.0,0.0,9,21,0.2395851881259634,0.35004995285783136,0.13452899758567577,0.31843902406226476,0.4224639174857261,0.3684210526315789,0.04605802918257435,-0.07990496217074095,0.18404316902160645
AAPL,1h,2,0.0,0.0,10,30,0.26450673189443025,0.39536306365437746,0.25548121958683634,0.28948990788054574,0.8825220245406875,0.2631578947368421,0.14671186772830258,-0.05789735447460198,0.18283915519714355
AAPL,1h,2,0.0,0.0,12,26,0.33294598142507864,0.5440452338608799,0.317644187315871,0.3077146898938862,1.0322685193398111,0.27631578947368424,0.13943888437485877,-0.08666733245211566,0.19490313529968262
AAPL,1h,2,0.0,0.0,20,50,0.15690655047542593,0.19726379054646337,0.09936953203627626,0.4155347744217856,0.23913650108958612,0.039473684210526314,0.027097623699808993,-0.004153328149983038,0.19034600257873535
AAPL,1h,2,0.0,0.25,8,21,0.36684835594964693,0.552043913505412,0.3636299490434737,0.056595594999922866,6.425057445618679,0.8157894736842105,1.0549417320818109,-0.031268721837269586,0.2003004550933838
AAPL,1h,2,0.0,0.25,9,21,0.3628715469705116,0.5648480209855924,0.3564379495225482,0.055978107363271516,6.367452675908352,0.7631578947368421,0.9385171647283094,-0.03276216359769213,0.19995522499084473
AAPL,1h,2,0.0,0.25,10,30,0.30414773649352406,0.30418109245734914,0.32645783559485964,0.04929585414915164,6.622419698969306,0.5526315789473685,0.6196054096954527,-0.03276216359769213,0.20482516288757324
AAPL,1h,2,0.0,0.25,12,26,0.3202265195842568,0.4767484782590956,0.3413080782141707,0.0589616771314894,5.7886426373697875,0.5921052631578947,0.6876725503738329,-0.03276216359769213,0.19130229949951172
AAPL,1h,2,0.0,0.25,20,50,0.22886819922628845,0.0748211299232262,0.2594231039511128,0.07620642631160397,3.4042155826904374,0.10526315789473684,0.1591788488272007,-0.004153328149983038,0.17981243133544922
AAPL,1h,2,0.0,0.5,8,21,0.6139844348172561,0.717374850804118,0.6154268210937306,0.052392219965623384,11.746530715773002,0.8157894736842105,1.1514022547205665,-0.042998502584174036,0.209580659866333
AAPL,1h,2,0.0,0.5,9,21,0.605256639940047,0.7365027389944732,0.601357730407569,0.050087665090962824,12.006104283668641,0.7631578947368421,1.0133744154585316,-0.042998502584174036,0.20708799362182617
AAPL,1h,2,0.0,0.5,10,30,0.5059062886728558,0.21533726087244243,0.5214769116787201,0.04557404939980065,11.442408970597228,0.5526315789473685,0.6537309906820244,-0.0354810286068008,0.1997356414794922
AAPL,1h,2,0.0,0.5,12,26,0.5233613896552799,0.40705722290450086,0.5309624686479723,0.04994266617338764,10.631440195936115,0.5921052631578947,0.7283983726299901,-0.03309910980578701,0.19693779945373535
AAPL,1h,2,0.0,0.5,20,50,0.38689667176118164,-0.03804862414669774,0.41210417564400165,0.05957624175935036,6.917257005043001,0.10526315789473684,0.1590957843133172,-0.004153328149983038,0.1808476448059082
AAPL,1h,2,0.0,0.75,8,21,0.8121254837091983,0.8424722619428837,0.8146143560456874,0.05502885621440102,14.803403379343788,0.8157894736842105,1.2201724470301747,-0.05467734559892157,0.2035074234008789
AAPL,1h,2,0.0,0.75,9,21,0.799800788255172,0.8682370724953481,0.7952657324544403,0.051267910568677834,15.511959111130784,0.7631578947368421,1.0662737320626072,-0.05467734559892157,0.19915056228637695
AAPL,1h,2,0.0,0.75,10,30,0.6702310267821238,0.1292058329874588,0.679721339596987,0.04872529174925685,13.950072235480334,0.5526315789473685,0.6804051933630773,-0.04454612801263402,0.19566559791564941
AAPL,1h,2,0.0,0.75,12,26,0.6903040980755943,0.33568820182735837,0.6865678088898853,0.050908467359644737,13.486318573285693,0.5921052631578947,0.7572206156269303,-0.044282612163533686,0.2080693244934082
AAPL,1h,2,0.0,0.75,20,50,0.5155179356836695,-0.14172641831477406,0.5343140855390389,0.059172772125498506,9.029728815236533,0.10526315789473684,0.15903629393063023,-0.004153328149983038,0.17626070976257324
AAPL,1h,2,0.0,1.0,8,21,0.9704462778164833,0.9309446496989151,0.973167399826889,0.05838766586108615,16.667345499685055,0.8157894736842105,1.2732487215916386,-0.06630525088151218,0.2071547508239746
AAPL,1h,2,0.0,1.0,9,21,0.9552891128949886,0.9634197004919092,0.9496430177521441,0.05360381334628214,17.71596008697037,0.7631578947368421,1.107059545046657,-0.06630525088151218,0.2125842571258545
AAPL,1h,2,0.0,1.0,10,30,0.8021148926236997,0.04610389942747983,0.8064440832784052,0.05298689760078345,15.219688636129574,0.5526315789473685,0.7016573931676531,-0.05361122741846691,0.21056652069091797
AAPL,1h,2,0.0,1.0,12,26,0.824583900284219,0.2633203005422584,0.8114894677740665,0.054279866444871025,14.95010067127284,0.5921052631578947,0.7795472247946412,-0.059660036279270745,0.19305038452148438
AAPL,1h,2,0.0,1.0,20,50,0.6187952612537215,-0.2366257672713591,0.6318163460102565,0.061468864468815214,10.278640275367275,0.10526315789473684,0.15899158935391403,-0.004153328149983038,0.17550301551818848
AAPL,1h,2,0.1,0.0,8,21,0.21721175720307295,0.3038111491358626,0.14625299976919684,0.3401615327644179,0.4299516132251372,0.34210526315789475,0.021416871827493952,-0.07990496217074095,0.2084331512451172
AAPL,1h,2,0.1,0.0,9,21,0.23572774389086457,0.34145510419479574,0.13469266005712172,0.32192305171840635,0.41840017152589787,0.35526315789473684,0.026109113912929124,-0.07990496217074095,0.20669984817504883
AAPL,1h,2,0.1,0.0,10,30,0.2767145661800255,0.4190766271490767,0.26033631611051816,0.3203346923418584,0.8127009728708668,0.2631578947368421,0.14671186772830258,-0.05789735447460198,0.19498252868652344
AAPL,1h,2,0.1,0.0,12,26,0.2940677464326526,0.4542555537986477,0.3049809178851413,0.31593931744648573,0.9653148596701625,0.27631578947368424,0.13943888437485877,-0.08666733245211566,0.19218778610229492
AAPL,1h,2,0.1,0.0,20,50,0.1565365838949264,0.1965844996923498,0.12599272103553133,0.3901043676137871,0.3229718288113791,0.039473684210526314,0.027097623699808993,-0.004153328149983038,0.1761012077331543
AAPL,1h,2,0.1,0.25,8,21,0.36564048664849996,0.49702991522423745,0.3657593085595948,0.05407510846963718,6.763912619148352,0.8157894736842105,1.0554914135275948,-0.031268721837269586,0.2014920711517334
AAPL,1h,2,0.1,0.25,9,21,0.3638417378932755,0.5525034850906057,0.35750506038994856,0.05540335550925538,6.4527690986194095,0.7631578947368421,0.9392263543286226,-0.03276216359769213,0.20723485946655273
AAPL,1h,2,0.1,0.25,10,30,0.3079288825094419,0.33170001975618213,0.33167630303972084,0.05354902986924755,6.193880708008828,0.5526315789473685,0.6196054096954527,-0.03276216359769213,0.21062707901000977
AAPL,1h,2,0.1,0.25,12,26,0.31554735288176666,0.3696428712558293,0.3454630350556751,0.05928474074134267,5.827183027803372,0.5921052631578947,0.6876725503738329,-0.03276216359769213,0.19354772567749023
AAPL,1h,2,0.1,0.25,20,50,0.22876553625512427,0.07410240244881416,0.2640538457266373,0.07349434897606162,3.5928455643935866,0.10526315789473684,0.1591788488272007,-0.004153328149983038,0.18307876586914062
AAPL,1h,2,0.1,0.5,8,21,0.6153491431849691,0.645887904617553,0.6183717877982333,0.051170312155024635,12.084581112673801,0.8157894736842105,1.1537309350267344,-0.042998502584174036,0.1960735321044922
AAPL,1h,2,0.1,0.5,9,21,0.6079703435203874,0.7202082949346063,0.6037177379744687,0.049384893551860785,12.22474515087258,0.7631578947368421,1.015794730758527,-0.042998502584174036,0.20083189010620117
AAPL,1h,2,0.1,0.5,10,30,0.5108005159419783,0.2459031025351439,0.5271740632324534,0.04824156352218846,10.927798038510556,0.5526315789473685,0.6537309906820244,-0.0354810286068008,0.1981050968170166
AAPL,1h,2,0.1,0.5,12,26,0.5228431388266666,0.2848578881732786,0.5375393776516181,0.04778533788983735,11.24904419198296,0.5921052631578947,0.7283983726299901,-0.03309910980578701,0.18097305297851562
AAPL,1h,2,0.1,0.5,20,50,0.3868412303023006,-0.03877263727368596,0.4150348650834655,0.05947937003392778,6.97779523970621,0.10526315789473684,0.1590957843133172,-0.004153328149983038,0.17686223983764648
AAPL,1h,2,0.1,0.75,8,21,0.8150834531494175,0.7545658445905332,0.8183525252553043,0.05467447045994008,14.967726589229798,0.8157894736842105,1.2237031971896442,-0.05467734559892157,0.19933700561523438
AAPL,1h,2,0.1,0.75,9,21,0.8037721792729975,0.8479654484463239,0.7986031045458738,0.05070554449299418,15.749818141805266,0.7631578947368421,1.0698839840289354,-0.05467734559892157,0.19983863830566406
AAPL,1h,2,0.1,0.75,10,30,0.6762250739234986,0.16211430559382634,0.6857675244299182,0.051482467518042335,13.320409014769677,0.5526315789473685,0.6804051933630773,-0.04454612801263402,0.19298553466796875
AAPL,1h,2,0.1,0.75,12,26,0.6920374278910957,0.20063226843268467,0.6945744070251937,0.047390364001196686,14.656448028288082,0.5921052631578947,0.7572206156269303,-0.044282612163533686,0.19791007041931152
AAPL,1h,2,0.1,0.75,20,50,0.5154878691195993,-0.14242899131583164,0.5366217802539583,0.05971812512434445,8.9859113817892,0.10526315789473684,0.15903629393063023,-0.004153328149983038,0.1791834831237793
AAPL,1h,2,0.1,1.0,8,21,0.9745762167459218,0.8272371980005857,0.9775591366246745,0.058677403646475584,16.659890790573364,0.8157894736842105,1.2776969569304268,-0.06630525088151218,0.2031409740447998
AAPL,1h,2,0.1,1.0,9,21,0.9602373813385048,0.9392892494735103,0.9537413987918398,0.05325607240067386,17.908594378052033,0.7631578947368421,1.1115838402500553,-0.06630525088151218,0.2009119987487793
AAPL,1h,2,0.1,1.0,10,30,0.8090301353411831,0.0807081198530002,0.8127319585955309,0.05616144728546832,14.471349971884075,0.5526315789473685,0.7016573931676531,-0.05361122741846691,0.1967940330505371
AAPL,1h,2,0.1,1.0,12,26,0.8278969764586535,0.11762349826041896,0.8205040807332589,0.050087668588804736,16.381359002136755,0.5921052631578947,0.7795472247946412,-0.059660036279270745,0.19590282440185547
AAPL,1h,2,0.1,1.0,20,50,0.6187815155637207,-0.23728672124897854,0.6337724612031592,0.06218249588761883,10.192136101268167,0.10526315789473684,0.15899158935391403,-0.004153328149983038,0.17859554290771484
AAPL,1h,2,0.25,0.0,8,21,0.24111328601267895,0.3499173666776252,0.13437114995879834,0.3384956273753804,0.3969656890420779,0.34210526315789475,0.021416871827493952,-0.07990496217074095,0.2184598445892334
AAPL,1h,2,0.25,0.0,9,21,0.23697815012851556,0.3448302934267271,0.11838368256082443,0.3161565849500242,0.3744463604309798,0.35526315789473684,0.026109113912929124,-0.07990496217074095,0.20177626609802246
AAPL,1h,2,0.25,0.0,10,30,0.26225334419864893,0.3899593800723866,0.2401190454646754,0.31759087015827064,0.7560640686711575,0.2631578947368421,0.14671186772830258,-0.05789735447460198,0.2021639347076416
AAPL,1h,2,0.25,0.0,12,26,0.26090864292836563,0.3903730516657964,0.29507540615478733,0.3108693867691263,0.9491941590695494,0.27631578947368424,0.13943888437485877,-0.08666733245211566,0.2105562686920166
AAPL,1h,2,0.25,0.0,20,50,0.14626932005598062,0.17809704225626333,0.12655271857208367,0.39138898602214395,0.3233425647928774,0.039473684210526314,0.027097623699808993,-0.004153328149983038,0.1892228126525879
AAPL,1h,2,0.25,0.25,8,21,0.3743505734180271,0.5636200739830364,0.3668041546977857,0.05746070513201006,6.383565148654039,0.8157894736842105,1.0554914135275948,-0.031268721837269586,0.2089710235595703
AAPL,1h,2,0.25,0.25,9,21,0.36528531107991014,0.5576118741301817,0.35701807749093717,0.05711817812391336,6.250515846573656,0.7631578947368421,0.9392263543286226,-0.03276216359769213,0.20498442649841309
AAPL,1h,2,0.25,0.25,10,30,0.30934186407527037,0.2977205740498896,0.33079065715282885,0.05669133947362598,5.834941637015293,0.5526315789473685,0.6196054096954527,-0.03276216359769213,0.20679450035095215
AAPL,1h,2,0.25,0.25,12,26,0.31453257695009046,0.29715881995311877,0.34420691494265326,0.06021073095570227,5.71670380809511,0.5921052631578947,0.6876725503738329,-0.03276216359769213,0.2080831527709961
AAPL,1h,2,0.25,0.25,20,50,0.22625147479440336,0.053162591935479675,0.26640075049266054,0.07269712989825663,3.664529134306981,0.10526315789473684,0.1591788488272007,-0.004153328149983038,0.19138097763061523
AAPL,1h,2,0.25,0.5,8,21,0.62886225584968,0.7341883209629023,0.6245192808206919,0.053764019752141026,11.615933549980177,0.8157894736842105,1.1537309350267344,-0.042998502584174036,0.2172858715057373
AAPL,1h,2,0.25,0.5,9,21,0.6110577138879423,0.7273077487222837,0.608009245914403,0.051523054444559936,11.800722074205359,0.7631578947368421,1.015794730758527,-0.042998502584174036,0.21997666358947754
AAPL,1h,2,0.25,0.5,10,30,0.516742144213743,0.20794121455534653,0.5302942578934757,0.05104828426380552,10.388091696736364,0.5526315789473685,0.6537309906820244,-0.0354810286068008,0.1979057788848877
AAPL,1h,2,0.25,0.5,12,26,0.5270978018172089,0.20617275584376782,0.537720184498164,0.04893619790651857,10.988188856137857,0.5921052631578947,0.7283983726299901,-0.03309910980578701,0.2053515911102295
AAPL,1h,2,0.25,0.5,20,50,0.38527226238566,-0.06145939987809235,0.4190063522945833,0.059147317889139586,7.084114161861593,0.10526315789473684,0.1590957843133172,-0.004153328149983038,0.16865038871765137
AAPL,1h,2,0.25,0.75,8,21,0.8328109820502216,0.8649522348695524,0.8281547417730479,0.056817774017226486,14.575628068814542,0.8157894736842105,1.2237031971896442,-0.05467734559892157,0.1902320384979248
AAPL,1h,2,0.25,0.75,9,21,0.8081768660501997,0.8572573094504201,0.8061384295548297,0.053141458234930626,15.169670843261573,0.7631578947368421,1.0698839840289354,-0.05467734559892157,0.203965425491333
AAPL,1h,2,0.25,0.75,10,30,0.685297149438814,0.1209959631113473,0.6915182082905392,0.0543321641236728,12.727602874725934,0.5526315789473685,0.6804051933630773,-0.04454612801263402,0.18913006782531738
AAPL,1h,2,0.25,0.75,12,26,0.6996348862827066,0.11787098340673574,0.6957120758870864,0.04913007135319981,14.160616028532903,0.5921052631578947,0.7572206156269303,-0.044282612163533686,0.20668244361877441
AAPL,1h,2,0.25,0.75,20,50,0.514341138067333,-0.1662392235399618,0.5418669831812868,0.060262339020827574,8.991801380195504,0.10526315789473684,0.15903629393063023,-0.004153328149983038,0.2111225128173828
AAPL,1h,2,0.25,1.0,8,21,0.9957426040982872,0.9593520458755747,0.990194087953394,0.06054183389803599,16.355535077134764,0.8157894736842105,1.2776969569304268,-0.06630525088151218,0.20617961883544922
AAPL,1h,2,0.25,1.0,9,21,0.9656775762230579,0.9509167140415922,0.9637499401693816,0.05593105379450771,17.231034904334656,0.7631578947368421,1.1115838402500553,-0.06630525088151218,0.1895742416381836
AAPL,1h,2,0.25,1.0,10,30,0.8204892264788327,0.037201208783331996,0.8204630293261628,0.05916992850869842,13.866216336657372,0.5526315789473685,0.7016573931676531,-0.05361122741846691,0.17851758003234863
AAPL,1h,2,0.25,1.0,12,26,0.8379823624985261,0.032641364018064056,0.8223653082327702,0.05247385975849267,15.671904297066195,0.5921052631578947,0.7795472247946412,-0.059660036279270745,0.19106674194335938
AAPL,1h,2,0.25,1.0,20,50,0.6178941668855114,-0.2616770964457309,0.6400218981307442,0.06360217390718553,10.062893432930865,0.10526315789473684,0.15899158935391403,-0.004153328149983038,0.1791222095489502
AAPL,1h,2,0.4,0.0,8,21,0.24929577316349028,0.3671524534309949,0.1452348995364356,0.3385872794844569,0.42894375641510984,0.34210526315789475,0.021416871827493952,-0.07990496217074095,0.20218467712402344
AAPL,1h,2,0.4,0.0,9,21,0.19832927476570025,0.27106415799560457,0.12365045883353869,0.31495737577372807,0.3925942630483807,0.35526315789473684,0.026109113912929124,-0.07990496217074095,0.19939875602722168
AAPL,1h,2,0.4,0.0,10,30,0.22712494921957704,0.31906488015739076,0.21871106105780255,0.31682311716478345,0.6903254504122827,0.2631578947368421,0.14671186772830258,-0.05789735447460198,0.18198633193969727
AAPL,1h,2,0.4,0.0,12,26,0.26569110887821923,0.40060850868826936,0.29313536264008244,0.308310122308348,0.9507808580702747,0.27631578947368424,0.13943888437485877,-0.08666733245211566,0.18136262893676758
AAPL,1h,2,0.4,0.0,20,50,0.13836094565932489,0.16410436676786344,0.11808191765431075,0.39015708978331026,0.3026522412290198,0.039473684210526314,0.027097623699808993,-0.004153328149983038,0.1712803840637207
AAPL,1h,2,0.4,0.25,8,21,0.3752006941475763,0.5886404897676885,0.368177741528555,0.055437237302488104,6.641343606638036,0.8157894736842105,1.0554914135275948,-0.031268721837269586,0.19804096221923828
AAPL,1h,2,0.4,0.25,9,21,0.36294778226873553,0.45209252857401916,0.35054653716122347,0.049152924031343644,7.131753483021444,0.7631578947368421,0.9392263543286226,-0.03276216359769213,0.18584418296813965
AAPL,1h,2,0.4,0.25,10,30,0.30943496556838285,0.2151008766444369,0.3293586574936062,0.05604736246763045,5.876434554504215,0.5526315789473685,0.6196054096954527,-0.03276216359769213,0.18277788162231445
AAPL,1h,2,0.4,0.25,12,26,0.3168061645092387,0.30886028568283286,0.34469078957263366,0.06014994523714978,5.73052540968476,0.5921052631578947,0.6876725503738329,-0.03276216359769213,0.1794109344482422
AAPL,1h,2,0.4,0.25,20,50,0.2245624816231827,0.03761864224850431,0.2655213027010913,0.06992326252644897,3.797324282468313,0.10526315789473684,0.1591788488272007,-0.004153328149983038,0.1642446517944336
AAPL,1h,2,0.4,0.5,8,21,0.6294627888093349,0.7676036362340666,0.6293391996933162,0.05270938561168949,11.939793879019264,0.8157894736842105,1.1537309350267344,-0.042998502584174036,0.18518972396850586
AAPL,1h,2,0.4,0.5,9,21,0.6137442787940527,0.5885377071185145,0.6027997795683906,0.04411212065180754,13.665173441252142,0.7631578947368421,1.015794730758527,-0.042998502584174036,0.18651890754699707
AAPL,1h,2,0.4,0.5,10,30,0.5241144099503385,0.11579795034958962,0.5324611530503688,0.05170289592738205,10.298478325048237,0.5526315789473685,0.6537309906820244,-0.0354810286068008,0.18448686599731445
AAPL,1h,2,0.4,0.5,12,26,0.5308290729748761,0.2189740007185279,0.5396371248735957,0.05031699670837772,10.72474829929082,0.5921052631578947,0.7283983726299901,-0.03309910980578701,0.18075847625732422
AAPL,1h,2,0.4,0.5,20,50,0.38427336642931154,-0.07798341080267845,0.41911809050525956,0.056976038518281494,7.356041265852138,0.10526315789473684,0.1590957843133172,-0.004153328149983038,0.17348933219909668
AAPL,1h,2,0.4,0.75,8,21,0.8333991981606437,0.9070560817049969,0.8359555156762838,0.05705232119902359,14.65243653733392,0.8157894736842105,1.2237031971896442,-0.05467734559892157,0.19738101959228516
AAPL,1h,2,0.4,0.75,9,21,0.8139926697369371,0.6851866283133705,0.8021750651982484,0.046346580870839336,17.308182181416676,0.7631578947368421,1.0698839840289354,-0.05467734559892157,0.19323039054870605
AAPL,1h,2,0.4,0.75,10,30,0.6974221333793291,0.02139761052738831,0.6959727870003152,0.055652995090532356,12.505576489965291,0.5526315789473685,0.6804051933630773,-0.04454612801263402,0.19611024856567383
AAPL,1h,2,0.4,0.75,12,26,0.704612330217383,0.13144273157293584,0.6987171320478761,0.05257422685587827,13.290107602785474,0.5921052631578947,0.7572206156269303,-0.044282612163533686,0.20442581176757812
AAPL,1h,2,0.4,0.75,20,50,0.5136282592404804,-0.18326227877026102,0.5426222087713669,0.05862992680131819,9.255038141360378,0.10526315789473684,0.15903629393063023,-0.004153328149983038,0.19986319541931152
AAPL,1h,2,0.4,1.0,8,21,0.9963450682556926,1.0101642569075482,1.0004381487951635,0.061974878508633514,16.142639935240787,0.8157894736842105,1.2776969569304268,-0.06630525088151218,0.2134552001953125
AAPL,1h,2,0.4,1.0,9,21,0.973806645456692,0.7466901141333258,0.9608656440501819,0.04971493288715245,19.327505605433352,0.7631578947368421,1.1115838402500553,-0.06630525088151218,0.20133566856384277
AAPL,1h,2,0.4,1.0,10,30,0.8361921296698601,-0.06793107291781209,0.8266242188010364,0.06074373590746705,13.60838622208322,0.5526315789473685,0.7016573931676531,-0.05361122741846691,0.17968177795410156
AAPL,1h,2,0.4,1.0,12,26,0.8439704310771065,0.04669118230098612,0.8262231980787286,0.05769639353413187,14.320187926303467,0.5921052631578947,0.7795472247946412,-0.059660036279270745,0.19377684593200684
AAPL,1h,2,0.4,1.0,20,50,0.6173495596153885,-0.2788004330367545,0.6412584608931058,0.06234407048807418,10.285797123493442,0.10526315789473684,0.15899158935391403,-0.004153328149983038,0.18146562576293945
AAPL,1h,2,0.55,0.0,8,21,0.22852589110665528,0.3263198479219567,0.15113005786162045,0.33395288360857267,0.4525490429325369,0.34210526315789475,0.032541231532620396,-0.07255344956624032,0.19651579856872559
AAPL,1h,2,0.55,0.0,9,21,0.21754307048972277,0.306930012560539,0.12625981878648712,0.32544426763871515,0.38796141564444975,0.34210526315789475,0.022224482452897352,-0.07255344956624032,0.20908737182617188
AAPL,1h,2,0.55,0.0,10,30,0.2587668268541894,0.38325272907557584,0.19775116464436954,0.312304286204984,0.6332002901637206,0.2631578947368421,0.1552393572522436,-0.043925420314634867,0.18526625633239746
AAPL,1h,2,0.55,0.0,12,26,0.2504355864234166,0.3675100594859062,0.2788165275357675,0.3272605376292315,0.8519711223222751,0.27631578947368424,0.1499333206262825,-0.07936985084258397,0.192702054977417
AAPL,1h,2,0.55,0.0,20,50,0.14160297051198278,0.16944124509700087,0.12952515750628518,0.39612576799869775,0.3269798835876564,0.039473684210526314,0.027097623699808993,-0.004153328149983038,0.1800689697265625
AAPL,1h,2,0.55,0.25,8,21,0.3772332555929491,0.52909310691811,0.3694624711426782,0.05584853062957191,6.61543763063745,0.8289473684210527,1.0947522239274832,-0.034920787668824005,0.20259499549865723
AAPL,1h,2,0.55,0.25,9,21,0.3674511607245756,0.50281747865412,0.3541405007212002,0.051417600226429966,6.887534602191778,0.7894736842105263,1.0131349390592823,-0.034920787668824005,0.20246267318725586
AAPL,1h,2,0.55,0.25,10,30,0.3190757155162939,0.28741300178726026,0.32933433376296783,0.05585330983210211,5.896415713821859,0.5789473684210527,0.6831966192412169,-0.030086289804843847,0.19393682479858398
AAPL,1h,2,0.55,0.25,12,26,0.3189738451014315,0.2703178979843224,0.34078449740357697,0.06088020287028019,5.59762420847545,0.631578947368421,0.793963727190109,-0.028473622018604705,0.1926124095916748
AAPL,1h,2,0.55,0.25,20,50,0.2280468618745015,0.04393489133068251,0.2686376955348398,0.07251323482795942,3.7046712392874706,0.10526315789473684,0.1591788488272007,-0.004153328149983038,0.17332959175109863
AAPL,1h,2,0.55,0.5,8,21,0.6368434874223566,0.6877852005836504,0.6315460398566783,0.05309240132417297,11.89522462923777,0.8289473684210527,1.183003920183602,-0.0473683157308451,0.1993870735168457
AAPL,1h,2,0.55,0.5,9,21,0.6204048554804418,0.6544652345271225,0.609772297876154,0.0455275586349069,13.393476745942383,0.7894736842105263,1.086108837629468,-0.0473683157308451,0.22043347358703613
AAPL,1h,2,0.55,0.5,10,30,0.537096280452307,0.1942462318988254,0.537451103876925,0.05286708594860728,10.166081489707746,0.5789473684210527,0.7205934396979765,-0.03988516767323791,0.20267796516418457
AAPL,1h,2,0.55,0.5,12,26,0.5391341880323951,0.17602575434482426,0.5408314387865734,0.05122957375579756,10.557016175161294,0.631578947368421,0.8317357762946583,-0.037507057436331204,0.19892048835754395
AAPL,1h,2,0.55,0.5,20,50,0.3898819152998479,-0.07084362277142742,0.422667808892045,0.05811333341838007,7.273164074913723,0.10526315789473684,0.1590957843133172,-0.004153328149983038,0.17830157279968262
AAPL,1h,2,0.55,0.75,8,21,0.844493856571417,0.8062036908804646,0.8390545151583723,0.0576601482144859,14.551723176937264,0.8289473684210527,1.2525727621927316,-0.059760782883553465,0.1994619369506836
AAPL,1h,2,0.55,0.75,9,21,0.8227565917232867,0.7659683639451864,0.8118224179753616,0.0478097429423972,16.980271551626473,0.7894736842105263,1.1431285284247208,-0.059760782883553465,0.20339560508728027
AAPL,1h,2,0.55,0.75,10,30,0.7137261291037514,0.10418487884166439,0.7042672248075199,0.057751205257399824,12.194848950226545,0.5789473684210527,0.7512352725107286,-0.04968404554163208,0.19149088859558105
AAPL,1h,2,0.55,0.75,12,26,0.7172810620726335,0.0850633157560392,0.7035672749976093,0.054220616002313406,12.976010360479684,0.631578947368421,0.862616016786441,-0.04654049285405826,0.1819136142730713
AAPL,1h,2,0.55,0.75,20,50,0.520919439016761,-0.1754541020967615,0.5468724542886002,0.05852374434599061,9.344454296285399,0.10526315789473684,0.15903629393063023,-0.004153328149983038,0.18663454055786133
AAPL,1h,2,0.55,1.0,8,21,1.0102929580174065,0.8882206265696493,1.00427409325451,0.06274103565602826,16.006654699809975,0.8289473684210527,1.3077363688262444,-0.07209818912694799,0.18598580360412598
AAPL,1h,2,0.55,1.0,9,21,0.9843230428087224,0.8414324620694176,0.972637751204406,0.05138374579469976,18.928899327240828,0.7894736842105263,1.1882320984193364,-0.07209818912694799,0.1924118995666504
AAPL,1h,2,0.55,1.0,10,30,0.8552771090472832,0.01758962034096556,0.8374045986105336,0.0635565385642788,13.17574269346989,0.5789473684210527,0.775948399655509,-0.059482923410026145,0.20261406898498535
AAPL,1h,2,0.55,1.0,12,26,0.8600066736272622,-0.002214867843130297,0.8339235056618304,0.059790225541314336,13.947488876515429,0.631578947368421,0.8874826147168263,-0.05903912267354017,0.1862180233001709
AAPL,1h,2,0.55,1.0,20,50,0.6259688829515616,-0.2704749445505229,0.6461353592177823,0.061382459152136526,10.526384379881796,0.10526315789473684,0.15899158935391403,-0.004153328149983038,0.16594290733337402
AAPL,1h,2,0.7,0.0,8,21,0.2518990430005083,0.37199953554168497,0.15776362661786456,0.303371544388957,0.5200343589759807,0.34210526315789475,0.010326071346512417,-0.07255344956624032,0.18625664710998535
AAPL,1h,2,0.7,0.0,9,21,0.17028736666851277,0.21730588734114975,0.11572341109576527,0.3324449608545249,0.3480979552173295,0.34210526315789475,-0.00015491757066448937,-0.07255344956624032,0.251967191696167
AAPL,1h,2,0.7,0.0,10,30,0.22385685759080554,0.3145343781615648,0.21124832904151547,0.3334148062261518,0.6335901258633004,0.2631578947368421,0.1552393572522436,-0.043925420314634867,0.22401046752929688
AAPL,1h,2,0.7,0.0,12,26,0.2561410952972431,0.3780323108193038,0.27408686082645367,0.31275149436830035,0.8763726657167793,0.27631578947368424,0.1501568190271898,-0.07936985084258397,0.1935110092163086
AAPL,1h,2,0.7,0.0,20,50,0.18882299176000397,0.2547103780633144,0.13418448828079832,0.4056227313909079,0.330811066284847,0.039473684210526314,0.027097623699808993,-0.004153328149983038,0.17312097549438477
AAPL,1h,2,0.7,0.25,8,21,0.3828386974645634,0.5953854457254997,0.3728952324976287,0.054370540913947586,6.8584057879396685,0.8289473684210527,1.0980070229084482,-0.033064956407646284,0.23793625831604004
AAPL,1h,2,0.7,0.25,9,21,0.36575085135955354,0.3725215058825502,0.35563465761821533,0.05164813839499843,6.885720737858283,0.8026315789473685,1.0315155455093783,-0.033064956407646284,0.2087264060974121
AAPL,1h,2,0.7,0.25,10,30,0.3209252886327471,0.20813224844530387,0.33389476725721634,0.05584126077748476,5.9793558133960145,0.5789473684210527,0.6831966192412169,-0.030086289804843847,0.20972442626953125
AAPL,1h,2,0.7,0.25,12,26,0.3192754051633249,0.28102164255031803,0.34193167022151594,0.0586781518801589,5.8272399396603145,0.631578947368421,0.7940079411651516,-0.027757766499938885,0.2039787769317627
AAPL,1h,2,0.7,0.25,20,50,0.2372586894288136,0.14067039912825163,0.2688594358433599,0.07408961199564588,3.628841191112734,0.10526315789473684,0.1591788488272007,-0.004153328149983038,0.18382549285888672
AAPL,1h,2,0.7,0.5,8,21,0.644416135484268,0.7762128014615399,0.6373357922913032,0.05443232826994803,11.708773307115266,0.8289473684210527,1.1890151123418378,-0.04514775448766295,0.21642112731933594
AAPL,1h,2,0.7,0.5,9,21,0.6255334319962546,0.48111084656696934,0.6149334968213646,0.0481091536846786,12.78204769204251,0.8026315789473685,1.11108309394906,-0.04514775448766295,0.20419955253601074
AAPL,1h,2,0.7,0.5,10,30,0.5477771071578997,0.10672333197211947,0.5441278174950916,0.04953829796192665,10.983982895683834,0.5789473684210527,0.7205934396979765,-0.03988516767323791,0.19269204139709473
AAPL,1h,2,0.7,0.5,12,26,0.5393236969359699,0.18677937189005323,0.5464006186053492,0.05143552118728009,10.62302093947622,0.631578947368421,0.8317634213420771,-0.03664808808810183,0.19304490089416504
AAPL,1h,2,0.7,0.5,20,50,0.3956019956799137,0.034225151079872784,0.4229733933565023,0.0594552220336225,7.11415042933162,0.10526315789473684,0.1590957843133172,-0.004153328149983038,0.18101263046264648
AAPL,1h,2,0.7,0.75,8,21,0.8540409342408943,0.9173910631692048,0.8467688203240579,0.060384521370765644,14.022944971689544,0.8289473684210527,1.2606980706723612,-0.0571775868892348,0.19949793815612793
AAPL,1h,2,0.7,0.75,9,21,0.8321895212216344,0.5490930483561329,0.8195561397312527,0.05263134995750935,15.571634404074787,0.8026315789473685,1.1729239029154377,-0.0571775868892348,0.1915280818939209
AAPL,1h,2,0.7,0.75,10,30,0.7303965648873615,0.010551047318577034,0.7128995174332459,0.05241767985344416,13.600363835760351,0.5789473684210527,0.7512352725107286,-0.04968404554163208,0.19231820106506348
AAPL,1h,2,0.7,0.75,12,26,0.717516332642652,0.09575190930701938,0.7123214877456676,0.05440739055031821,13.09236632267602,0.631578947368421,0.8626378802024406,-0.045538409676264324,0.18928050994873047
AAPL,1h,2,0.7,0.75,20,50,0.5253876962360001,-0.06480806997050315,0.5472418739196383,0.059764208910669456,9.156682300231058,0.10526315789473684,0.15903629393063023,-0.004153328149983038,0.18395447731018066
AAPL,1h,2,0.7,1.0,8,21,1.021480959747374,1.0220078798698702,1.013521005229676,0.06637899899484608,15.268699748068958,0.8289473684210527,1.3175343256441872,-0.06915445361236139,0.19648432731628418
AAPL,1h,2,0.7,1.0,9,21,0.996958388771526,0.582190421638535,0.982340777339437,0.057952956330490024,16.95065859517871,0.8026315789473685,1.2217831001547605,-0.06915445361236139,0.1875612735748291
AAPL,1h,2,0.7,1.0,10,30,0.8764920929390038,-0.08022112793343583,0.8476441298275719,0.0568581304571235,14.908054890527524,0.5789473684210527,0.775948399655509,-0.059482923410026145,0.2030472755432129
AAPL,1h,2,0.7,1.0,12,26,0.8602939141425788,0.008310070776509138,0.8451475420568519,0.05935309434082713,14.239317283168191,0.631578947368421,0.8875014092961573,-0.05903912267354017,0.1851813793182373
AAPL,1h,2,0.7,1.0,20,50,0.6297454441405428,-0.15664928275121026,0.646542317316767,0.06253491499296217,10.338901354379876,0.10526315789473684,0.15899158935391403,-0.004153328149983038,0.18553876876831055
AAPL,1h,2,0.85,0.0,8,21,0.22861512688414584,0.3256527853265041,0.1709148786825329,0.2981018763287873,0.5733438540790153,0.35526315789473684,0.1498506107674236,-0.07829547348693433,0.2015397548675537
AAPL,1h,2,0.85,0.0,9,21,0.16076764785657102,0.20070833499024876,0.12586720656521694,0.3172925705511037,0.3966913134669333,0.32894736842105265,0.09319342738059888,-0.07829547348693433,0.20792651176452637
AAPL,1h,2,0.85,0.0,10,30,0.20517451094705083,0.27986410028809083,0.18487275154078905,0.3203921196530056,0.5770202829614282,0.2631578947368421,0.11270277153307269,-0.045837617149373955,0.18845415115356445
AAPL,1h,2,0.85,0.0,12,26,0.2524053567170777,0.3719462186707829,0.25517394553878886,0.317678121912429,0.8032468336271832,0.2631578947368421,0.14469432080825434,-0.07605111117155172,0.18398690223693848
AAPL,1h,2,0.85,0.0,20,50,0.23573695803693392,0.34843250436255,0.13676668058413038,0.416421989169533,0.3284328977364598,0.05263157894736842,0.01614401041649315,-0.006341019333744868,0.16556477546691895
AAPL,1h,2,0.85,0.25,8,21,0.38571845434480323,0.5274154636865767,0.38050876548742163,0.05358840223386682,7.1005805291008945,0.8421052631578947,1.1262452308497115,-0.03533302109972192,0.18445348739624023
AAPL,1h,2,0.85,0.25,9,21,0.37077452871514155,0.3497308925766167,0.364859912608296,0.052595349716040136,6.937113539089631,0.8026315789473685,1.030068922856438,-0.03533302109972192,0.1817789077758789
AAPL,1h,2,0.85,0.25,10,30,0.3248930199457849,0.16809622382056388,0.3281706324216057,0.050143918544518606,6.544574934450932,0.5921052631578947,0.7068376850636828,-0.0340069152927589,0.17585182189941406
AAPL,1h,2,0.85,0.25,12,26,0.3246493284054642,0.27427615770001124,0.3333805089511655,0.05464483391460802,6.100860503522256,0.631578947368421,0.8102981791396299,-0.0295772221821734,0.18175005912780762
AAPL,1h,2,0.85,0.25,20,50,0.24654696514284435,0.24791376387401654,0.2698366028400769,0.0686205591387677,3.9322996814176445,0.11842105263157894,0.148160948143375,-0.006341019333744868,0.17098569869995117
AAPL,1h,2,0.85,0.5,8,21,0.6542259852959508,0.6846106553148994,0.6501965826625187,0.05369660890501453,12.108708462626943,0.8421052631578947,1.2190856305887177,-0.04784285285116141,0.18712925910949707
AAPL,1h,2,0.85,0.5,9,21,0.6368576507499143,0.45238127966349917,0.6276948307632034,0.052616611075131,11.929594436762965,0.8026315789473685,1.1125160134995284,-0.04784285285116141,0.21073198318481445
AAPL,1h,2,0.85,0.5,10,30,0.5593166008376452,0.06248617466631168,0.5485164300446282,0.04721654578855575,11.617038495382197,0.5921052631578947,0.7543684457028977,-0.04376618373000485,0.21257376670837402
AAPL,1h,2,0.85,0.5,12,26,0.5499334583111675,0.17965038726585547,0.5449413262379109,0.04921390906496438,11.07291285312382,0.631578947368421,0.8523082367439258,-0.038450906408192265,0.19240927696228027
AAPL,1h,2,0.85,0.5,20,50,0.4011481709733982,0.1520492078435205,0.42444757673292627,0.05699305514140986,7.447356097682371,0.11842105263157894,0.14808860785763367,-0.006341019333744868,0.17174553871154785
AAPL,1h,2,0.85,0.75,8,21,0.8687406721209655,0.8010469392448891,0.8639850141072174,0.059165253291085664,14.602912453640974,0.8421052631578947,1.2926902591691407,-0.06029092258984414,0.20517563819885254
AAPL,1h,2,0.85,0.75,9,21,0.848208282353031,0.5149983696736491,0.8352964386030273,0.05896691431890012,14.165510409543296,0.8026315789473685,1.1766576249126572,-0.06029092258984414,0.19558429718017578
AAPL,1h,2,0.85,0.75,10,30,0.7473750846590456,-0.03681522440292129,0.7246734557485698,0.05335309412894016,13.582594741313931,0.5921052631578947,0.7922661773468466,-0.053525452167250576,0.18980789184570312
AAPL,1h,2,0.85,0.75,12,26,0.7320260984366261,0.08847938215214568,0.7160432375645206,0.053343489354800676,13.423254575679158,0.631578947368421,0.8871566067677272,-0.047324590634210906,0.18807601928710938
AAPL,1h,2,0.85,0.75,20,50,0.5295730727452816,0.060941946061539465,0.5491682434562778,0.05943944104024498,9.23912193394365,0.11842105263157894,0.1480367758379429,-0.006341019333744868,0.19762444496154785
AAPL,1h,2,0.85,1.0,8,21,1.039942553403398,0.880629445192878,1.0342380622437974,0.06470134775157962,15.984799361749731,0.8421052631578947,1.3511550984722838,-0.07267723031576945,0.21590518951416016
AAPL,1h,2,0.85,1.0,9,21,1.016645441588518,0.5435240195577138,1.0004653458722257,0.06540520458136274,15.296417957498583,0.8026315789473685,1.2273549280209521,-0.07267723031576945,0.20754575729370117
AAPL,1h,2,0.85,1.0,10,30,0.8976812062607767,-0.12974188968417144,0.8652176852963072,0.06030908730473587,14.34638997145567,0.5921052631578947,0.8225020208439753,-0.06328472060449641,0.19562268257141113
AAPL,1h,2,0.85,1.0,12,26,0.8778469934815316,0.0010983940097917255,0.8529463143201405,0.058997580154777664,14.45731014869545,0.631578947368421,0.9152563628135655,-0.05619827486022955,0.1783154010772705
AAPL,1h,2,0.85,1.0,20,50,0.6331820288330774,-0.025351170593565953,0.6488302059651273,0.06348878887677757,10.219602821915718,0.11842105263157894,0.1479978138889393,-0.006341019333744868,0.16862058639526367
AAPL,1h,2,1.0,0.0,8,21,0.18627549920758263,0.24579202823415303,0.16634746034448294,0.29044918537425296,0.572724830094252,0.35526315789473684,0.1305566952530937,-0.07829547348693433,0.21547651290893555
AAPL,1h,2,1.0,0.0,9,21,0.16402798310827632,0.20633345192594654,0.12955337247032075,0.3189623537231586,0.4061713583376858,0.32894736842105265,0.0822860567407926,-0.07829547348693433,0.2060561180114746
AAPL,1h,2,1.0,0.0,10,30,0.21581974048755637,0.2997566663828206,0.1729151560063363,0.3327267599559894,0.5196911604861846,0.2631578947368421,0.13223651698529137,-0.045837617149373955,0.19335174560546875
AAPL,1h,2,1.0,0.0,12,26,0.2627026717652167,0.3925369542059436,0.23443077348792535,0.32670285016484957,0.7175657432117135,0.2631578947368421,0.15489703926682208,-0.07605111117155172,0.17768049240112305
AAPL,1h,2,1.0,0.0,20,50,0.2308663153587725,0.33876377867979524,0.16097765332177538,0.41667540661217173,0.3863382641913596,0.05263157894736842,0.01614401041649315,-0.006341019333744868,0.19005036354064941
AAPL,1h,2,1.0,0.25,8,21,0.3846948429603318,0.4132037931727961,0.3802180142121169,0.04935439880127225,7.70383235227081,0.8421052631578947,1.0940916677525088,-0.036077872304108305,0.21838855743408203
AAPL,1h,2,1.0,0.25,9,21,0.3707795044134143,0.3579203127571118,0.3671644909656705,0.05402125136711953,6.7966676386387475,0.8026315789473685,1.016911276245397,-0.036077872304108305,0.21045184135437012
AAPL,1h,2,1.0,0.25,10,30,0.326228864521045,0.19105131904531514,0.3332357220140079,0.05323089766262937,6.260193546349967,0.5921052631578947,0.7082323381977733,-0.0295772221821734,0.19147086143493652
AAPL,1h,2,1.0,0.25,12,26,0.32725663037350433,0.2982634180392023,0.3366944139033347,0.051986973428340424,6.47651501327422,0.631578947368421,0.8125086375304412,-0.03319968868554379,0.2015690803527832
AAPL,1h,2,1.0,0.25,20,50,0.2481162393510307,0.236890670107875,0.2745792743466682,0.0669150355106704,4.10340175793351,0.11842105263157894,0.148160948143375,-0.006341019333744868,0.1882309913635254
AAPL,1h,2,1.0,0.5,8,21,0.6593805478417998,0.5344963035460701,0.6536563234895141,0.04862572570994667,13.442602942084315,0.8421052631578947,1.190207673647209,-0.04931810553474647,0.1881420612335205
AAPL,1h,2,1.0,0.5,9,21,0.6368142820432792,0.4633225749139336,0.6321654721284093,0.0538520652933078,11.73892716435833,0.8026315789473685,1.1029989037470316,-0.04931810553474647,0.18529915809631348
AAPL,1h,2,1.0,0.5,10,30,0.5601565075801823,0.08783240095256706,0.5615865401695198,0.04962357726910656,11.31692979577147,0.5921052631578947,0.7551686282470201,-0.038450906408192265,0.2037951946258545
AAPL,1h,2,1.0,0.5,12,26,0.5537381673238371,0.20639962579920268,0.5558079737270353,0.047436199249579744,11.71695840981525,0.631578947368421,0.8555917896930622,-0.045629590714665214,0.20372605323791504
AAPL,1h,2,1.0,0.5,20,50,0.4054912931391299,0.14000784674970834,0.42903344564946433,0.0571921558985298,7.501613445218861,0.11842105263157894,0.14808860785763367,-0.006341019333744868,0.21403980255126953
AAPL,1h,2,1.0,0.75,8,21,0.8778774264780943,0.6150851405148219,0.8703887265561809,0.05303829321862654,16.410571942207763,0.8421052631578947,1.2674097042011532,-0.06248212702744027,0.21004033088684082
AAPL,1h,2,1.0,0.75,9,21,0.8482027180334164,0.5287576101276723,0.8415472676446841,0.05959840288154526,14.120298983804993,0.8026315789473685,1.1712256157017968,-0.06248212702744027,0.2426316738128662
AAPL,1h,2,1.0,0.75,10,30,0.7480658232835105,-0.009694943035431391,0.743668630598928,0.05522958486369573,13.465041108570173,0.5921052631578947,0.7928591247564036,-0.047324590634210906,0.1988213062286377
AAPL,1h,2,1.0,0.75,12,26,0.7370028667355103,0.1173972339530529,0.732336595715503,0.052444395899539115,13.964058183039132,0.631578947368421,0.8913931244080002,-0.0579932440435188,0.2018437385559082
AAPL,1h,2,1.0,0.75,20,50,0.5358354033100313,0.04817821683403589,0.5542576422977852,0.060028508731029585,9.23324023892137,0.11842105263157894,0.1480367758379429,-0.006341019333744868,0.19302868843078613
AAPL,1h,2,1.0,1.0,8,21,1.0520681047592537,0.6602048106015153,1.0429923817539126,0.05766831640152686,18.086055685965853,0.8421052631578947,1.3289637148474156,-0.07556993678218915,0.21043181419372559
AAPL,1h,2,1.0,1.0,9,21,1.0166806174324854,0.5600598548784563,1.0081447445518106,0.06536818192783202,15.422560561112526,0.8026315789473685,1.2254001924116826,-0.07556993678218915,0.22932124137878418
AAPL,1h,2,1.0,1.0,10,30,0.8982976357143351,-0.10140777334065254,0.8888440048290471,0.06164066217119221,14.419767301663555,0.5921052631578947,0.8229849905571506,-0.05619827486022955,0.2052762508392334
AAPL,1h,2,1.0,1.0,12,26,0.8837962051743867,0.03163588169282461,0.8734540220011631,0.058550880806753434,14.917863061428381,0.631578947368421,0.9202769251023181,-0.07029064867210522,0.20276451110839844
AAPL,1h,2,1.0,1.0,20,50,0.6409047918957002,-0.03857902385255818,0.6544401044924025,0.06392137467377035,10.238204479055847,0.11842105263157894,0.1479978138889393,-0.006341019333744868,0.1890735626220703
AAPL,1h,3,0.0,0.0,8,21,0.24056646315890648,0.34522586134216837,0.18421641616980705,0.35643387869209586,0.51683194887583,0.34210526315789475,0.05982788694237734,-0.08538738710302318,0.19751429557800293
AAPL,1h,3,0.0,0.0,9,21,0.20968800106464233,0.2864187061381205,0.18664537472338025,0.3313249963769235,0.5633301947162714,0.32894736842105265,0.00593570201282801,-0.08538738710302318,0.22582173347473145
AAPL,1h,3,0.0,0.0,10,30,0.13461218526650565,0.15816436579267235,0.30884499822764216,0.30849544719685634,1.0011330832722558,0.25,0.07913121440165577,-0.053191652906710796,0.19768261909484863
AAPL,1h,3,0.0,0.0,12,26,0.3336443796618627,0.5454072349927619,0.2442233327491019,0.29387691005312705,0.8310395420482379,0.27631578947368424,0.12483059058047213,-0.0948176360146662,0.19725251197814941
AAPL,1h,3,0.0,0.0,20,50,0.13488536665811257,0.15578233060090874,0.12722130371024268,0.43709968470268695,0.29105787115078335,0.039473684210526314,0.027097623699808993,-0.004153328149983038,0.17944812774658203
AAPL,1h,3,0.0,0.25,8,21,0.35505296757050253,0.5533740590845773,0.3596768878068217,0.05556627512240775,6.472935013449873,0.7763157894736842,0.9901411543519071,-0.0421199185858353,0.19400715827941895
AAPL,1h,3,0.0,0.25,9,21,0.34753835963336843,0.4700186113588325,0.35210849556733026,0.05602328258331127,6.28503863627976,0.7631578947368421,0.9443098601562187,-0.0421199185858353,0.19398903846740723
AAPL,1h,3,0.0,0.25,10,30,0.27438678145859785,0.03319498432954071,0.33296593175583594,0.06284221487594595,5.298443608538135,0.5526315789473685,0.5930684433655019,-0.0421199185858353,0.18627119064331055
AAPL,1h,3,0.0,0.25,12,26,0.30891198516326757,0.4779579913663763,0.3225376818201694,0.056658967396553774,5.692614896468929,0.5921052631578947,0.6601367223418235,-0.0421199185858353,0.18742084503173828
AAPL,1h,3,0.0,0.25,20,50,0.21318155839811306,0.030567235077784805,0.25871386897909726,0.07915128937872674,3.2685995516913335,0.10526315789473684,0.1591788488272007,-0.004153328149983038,0.1757524013519287
AAPL,1h,3,0.0,0.5,8,21,0.5915887387936014,0.7160240741471515,0.6002613856028156,0.04862644971458429,12.344339122557454,0.7763157894736842,1.0715260095305752,-0.0421199185858353,0.23429656028747559
AAPL,1h,3,0.0,0.5,9,21,0.5825164108087497,0.6071236225734649,0.5863928485661887,0.050693351353266816,11.56745081775699,0.7631578947368421,1.014713540535591,-0.0421199185858353,0.23863673210144043
AAPL,1h,3,0.0,0.5,10,30,0.4764408405134515,-0.0810873488204743,0.5127530937655713,0.04753608567916522,10.786607404452486,0.5526315789473685,0.6285118999327505,-0.0421199185858353,0.21033668518066406
AAPL,1h,3,0.0,0.5,12,26,0.5009826191889105,0.4081397962258768,0.5100977046185463,0.05216534802602554,9.778477934510398,0.5921052631578947,0.7008923551813394,-0.0421199185858353,0.1985468864440918
AAPL,1h,3,0.0,0.5,20,50,0.36378346960055485,-0.08373532012443718,0.40179689365282495,0.06001395938292576,6.695057246416872,0.10526315789473684,0.1590957843133172,-0.004153328149983038,0.2211921215057373
AAPL,1h,3,0.0,0.75,8,21,0.7816226491696237,0.8366820020846064,0.7916357503838796,0.049473487026837695,16.001211920931386,0.7763157894736842,1.1304715522208142,-0.05076829017570428,0.20625638961791992
AAPL,1h,3,0.0,0.75,9,21,0.770719386280548,0.7023398381783375,0.7733595869075163,0.05416782528409407,14.277102373068812,0.7631578947368421,1.0647314466831481,-0.05076829017570428,0.2203369140625
AAPL,1h,3,0.0,0.75,10,30,0.6381061855312017,-0.18521253982330566,0.6608407901040025,0.045068582010027065,14.663003818424455,0.5526315789473685,0.655698249529885,-0.04928423119446923,0.2047414779663086
AAPL,1h,3,0.0,0.75,12,26,0.6596288978091869,0.33664729376182545,0.662368306453987,0.05402856687506032,12.259594225138283,0.5921052631578947,0.7297606650534267,-0.0421199185858353,0.20168399810791016
AAPL,1h,3,0.0,0.75,20,50,0.486027639254713,-0.18774262984539591,0.5176862604494057,0.061171834267534544,8.462820620766557,0.10526315789473684,0.15903629393063023,-0.004153328149983038,0.18486881256103516
AAPL,1h,3,0.0,1.0,8,21,0.9335358446560942,0.9190840435928176,0.9441680258532724,0.05173755540060444,18.249181248371116,0.7763157894736842,1.1761490131092927,-0.062082536667843136,0.20405888557434082
AAPL,1h,3,0.0,1.0,9,21,0.9210533564060156,0.7603051106420875,0.9225245676080978,0.05886510323677597,15.671841496605932,0.7631578947368421,1.103338839385297,-0.062082536667843136,0.22903990745544434
AAPL,1h,3,0.0,1.0,10,30,0.7672989779239993,-0.27973921223191445,0.7798448737064797,0.0466584613313426,16.713900361361095,0.5526315789473685,0.6772403821226416,-0.06066765196012058,0.19230341911315918
AAPL,1h,3,0.0,1.0,12,26,0.7874014656116494,0.2641406291577839,0.7842848638170459,0.05701178328233157,13.756539765352372,0.5921052631578947,0.7521102274200703,-0.051856791292363535,0.20306921005249023
AAPL,1h,3,0.0,1.0,20,50,0.5841256855434555,-0.2820788750457033,0.6104433180759288,0.06538372066589632,9.33631968109046,0.10526315789473684,0.15899158935391403,-0.004153328149983038,0.18385839462280273
AAPL,1h,3,0.1,0.0,8,21,0.17754378831227377,0.2300471217810125,0.18175736609505191,0.3379856925442789,0.5377664501914979,0.32894736842105265,0.02961488254998602,-0.08538738710302318,0.22111892700195312
AAPL,1h,3,0.1,0.0,9,21,0.21364505936514425,0.2976716184698731,0.17591328792416616,0.3404486825779901,0.5167101443662302,0.32894736842105265,-0.003175464824813246,-0.08538738710302318,0.2174370288848877
AAPL,1h,3,0.1,0.0,10,30,0.1510466428914711,0.18706733215293503,0.29879790673951806,0.3545431450156542,0.8427688165465029,0.25,0.07913121440165577,-0.053191652906710796,0.20328259468078613
AAPL,1h,3,0.1,0.0,12,26,0.2897474108674725,0.4444954721512153,0.22335930718457994,0.3253817635836764,0.6864530597060952,0.27631578947368424,0.12483059058047213,-0.0948176360146662,0.19985151290893555
AAPL,1h,3,0.1,0.0,20,50,0.13221651042411056,0.1511854503356289,0.13920982499939938,0.40744914367222507,0.34166184212522865,0.039473684210526314,0.027097623699808993,-0.004153328149983038,0.18860435485839844
AAPL,1h,3,0.1,0.25,8,21,0.34832857872348233,0.39074782116511875,0.3609139305383554,0.053585827611670495,6.735249722255885,0.7763157894736842,0.9920657520776895,-0.0421199185858353,0.24323749542236328
AAPL,1h,3,0.1,0.25,9,21,0.35520525794834856,0.4876937002260491,0.35141996241626183,0.056428363509370055,6.2277184834167265,0.7631578947368421,0.9439017245055364,-0.0421199185858353,0.22016000747680664
AAPL,1h,3,0.1,0.25,10,30,0.2813340069410369,0.06545328547448181,0.33730093274941253,0.06514705390393453,5.177531638603251,0.5526315789473685,0.5930684433655019,-0.0421199185858353,0.18533015251159668
AAPL,1h,3,0.1,0.25,12,26,0.30317129361932305,0.35751363976199935,0.3271182531156843,0.05756935998291242,5.68215893337669,0.5921052631578947,0.6601367223418235,-0.0421199185858353,0.19908666610717773
AAPL,1h,3,0.1,0.25,20,50,0.21243354065164372,0.025400952844062852,0.26121697127129606,0.0740665128233412,3.526789115809116,0.10526315789473684,0.1591788488272007,-0.004153328149983038,0.1766507625579834
AAPL,1h,3,0.1,0.5,8,21,0.5896319139671905,0.5049409142954826,0.6032913761280827,0.04735770252386882,12.739033863055688,0.7763157894736842,1.0767197163509248,-0.0421199185858353,0.21355938911437988
AAPL,1h,3,0.1,0.5,9,21,0.5959463090832592,0.6324584961904169,0.5882149438112269,0.05189215265968232,11.335335183892676,0.7631578947368421,1.0144156707676908,-0.0421199185858353,0.19439220428466797
AAPL,1h,3,0.1,0.5,10,30,0.48600411299467383,-0.04662719191870013,0.5200160391085674,0.047392503773307074,10.97253780040751,0.5526315789473685,0.6285118999327505,-0.0421199185858353,0.18905162811279297
AAPL,1h,3,0.1,0.5,12,26,0.4999094223267489,0.2706512783950794,0.5196998389042455,0.048766360668301194,10.656933012474264,0.5921052631578947,0.7008923551813394,-0.0421199185858353,0.18851685523986816
AAPL,1h,3,0.1,0.5,20,50,0.36325214976436127,-0.08929334597140437,0.4053945651613871,0.0583963011686075,6.94212744726575,0.10526315789473684,0.1590957843133172,-0.004153328149983038,0.1843867301940918
AAPL,1h,3,0.1,0.75,8,21,0.7820847853826497,0.5784225315888372,0.7959982578545992,0.04833552622442321,16.46818230877961,0.7763157894736842,1.1379604301067836,-0.05076829017570428,0.2005751132965088
AAPL,1h,3,0.1,0.75,9,21,0.7887220948697418,0.7363633133728307,0.7768023012554706,0.05570198930134413,13.945683287054987,0.7631578947368421,1.0644851912212363,-0.05076829017570428,0.1833968162536621
AAPL,1h,3,0.1,0.75,10,30,0.6500844068948068,-0.14952992900032946,0.6699638824183001,0.0446099533534284,15.018260097929726,0.5526315789473685,0.655698249529885,-0.04928423119446923,0.19207453727722168
AAPL,1h,3,0.1,0.75,12,26,0.6610240287916804,0.18462982008804563,0.6751454001132611,0.04836270821984815,13.960041216967666,0.5921052631578947,0.7297606650534267,-0.0421199185858353,0.19099664688110352
AAPL,1h,3,0.1,0.75,20,50,0.485588158053146,-0.19353907343647292,0.5222288898248071,0.05960734978388369,8.761149283070534,0.10526315789473684,0.15903629393063023,-0.004153328149983038,0.16683483123779297
AAPL,1h,3,0.1,1.0,8,21,0.9356418783235452,0.6167326172636178,0.9495665239246078,0.050602589679014764,18.76517644547349,0.7763157894736842,1.1854094502702373,-0.062082536667843136,0.20501351356506348
AAPL,1h,3,0.1,1.0,9,21,0.942709544890678,0.8038026033069696,0.9271766381575303,0.06044670593142425,15.33874549275516,0.7631578947368421,1.1031242335911333,-0.062082536667843136,0.19484829902648926
AAPL,1h,3,0.1,1.0,10,30,0.781266809735878,-0.24365363284583053,0.7903260234614911,0.04643893466238702,17.018607967801028,0.5526315789473685,0.6772403821226416,-0.06066765196012058,0.1881089210510254
AAPL,1h,3,0.1,1.0,12,26,0.7905113924440041,0.10009483584229684,0.7994010330107331,0.049891862833782184,16.022673590560988,0.5921052631578947,0.7521102274200703,-0.051856791292363535,0.1856842041015625
AAPL,1h,3,0.1,1.0,20,50,0.5837442643340469,-0.28798305034428995,0.6157376869639852,0.06332014054824249,9.724199624839203,0.10526315789473684,0.15899158935391403,-0.004153328149983038,0.1968996524810791
AAPL,1h,3,0.25,0.0,8,21,0.19502661608816493,0.2622107452045437,0.17752657387031617,0.3422073141070216,0.5187690810570947,0.32894736842105265,0.02961488254998602,-0.08538738710302318,0.20574593544006348
AAPL,1h,3,0.25,0.0,9,21,0.22797904173247519,0.3257021444864323,0.16828971515744018,0.3374130687219208,0.49876466194655983,0.32894736842105265,-0.003175464824813246,-0.08538738710302318,0.20996689796447754
AAPL,1h,3,0.25,0.0,10,30,0.18317180977686792,0.24799001571887325,0.2701264509542266,0.3392424352955329,0.7962637419428512,0.25,0.07913121440165577,-0.053191652906710796,0.19092345237731934
AAPL,1h,3,0.25,0.0,12,26,0.24570488644131266,0.36105681477809126,0.2214031345493555,0.31439392282241546,0.7042220554448009,0.27631578947368424,0.12483059058047213,-0.0948176360146662,0.19225430488586426
AAPL,1h,3,0.25,0.0,20,50,0.08961223879651853,0.08132134327733365,0.13381401752371316,0.41171266260859024,0.3250179789853303,0.039473684210526314,0.027097623699808993,-0.004153328149983038,0.17657780647277832
AAPL,1h,3,0.25,0.25,8,21,0.354932461829621,0.4365719097286145,0.36267207626574754,0.057706408870365405,6.284779860075377,0.7763157894736842,0.9920657520776895,-0.0421199185858353,0.2017066478729248
AAPL,1h,3,0.25,0.25,9,21,0.35712796157242366,0.5283685311764355,0.3519703144565145,0.05692834972663792,6.182689576399587,0.7631578947368421,0.9439017245055364,-0.0421199185858353,0.2015995979309082
AAPL,1h,3,0.25,0.25,10,30,0.291030126500263,0.13485039740525395,0.3358800719752581,0.06678595652761272,5.029202087363803,0.5526315789473685,0.5930684433655019,-0.0421199185858353,0.1923813819885254
AAPL,1h,3,0.25,0.25,12,26,0.306466696191925,0.263318897667669,0.3271406911390643,0.05722790157019882,5.716454424556804,0.5921052631578947,0.6601367223418235,-0.0421199185858353,0.18965888023376465
AAPL,1h,3,0.25,0.25,20,50,0.20605780017814324,-0.05207859431437056,0.26275095762356854,0.07414205235991267,3.5438856797230156,0.10526315789473684,0.1591788488272007,-0.004153328149983038,0.17989468574523926
AAPL,1h,3,0.25,0.5,8,21,0.6000474102125535,0.5650557793428665,0.6090102900110865,0.04926570235828952,12.361749875846712,0.7763157894736842,1.0767197163509248,-0.0421199185858353,0.20037317276000977
AAPL,1h,3,0.25,0.5,9,21,0.5973432487623769,0.6866971722593485,0.5928640223934551,0.051288319105223704,11.559435612953672,0.7631578947368421,1.0144156707676908,-0.0421199185858353,0.2001652717590332
AAPL,1h,3,0.25,0.5,10,30,0.49740854262958356,0.029046204823602872,0.5241611393021299,0.04939498538178437,10.611626570000512,0.5526315789473685,0.6285118999327505,-0.0421199185858353,0.20371031761169434
AAPL,1h,3,0.25,0.5,12,26,0.5145709552216854,0.16895391820824024,0.5207075024119393,0.049365765048646544,10.547947588755449,0.5921052631578947,0.7008923551813394,-0.0421199185858353,0.20320725440979004
AAPL,1h,3,0.25,0.5,20,50,0.3626657140356739,-0.171528906530922,0.40975102396313606,0.058573260466265153,6.995530395633844,0.10526315789473684,0.1590957843133172,-0.004153328149983038,0.1727278232574463
AAPL,1h,3,0.25,0.75,8,21,0.7958499640555067,0.6527406455756388,0.8046886932181941,0.0492782611581584,16.329486355769507,0.7763157894736842,1.1379604301067836,-0.05076829017570428,0.18770480155944824
AAPL,1h,3,0.25,0.75,9,21,0.7900042955128186,0.804528136558911,0.7843350706425926,0.054157135912940774,14.482580317826164,0.7631578947368421,1.0644851912212363,-0.05076829017570428,0.20151615142822266
AAPL,1h,3,0.25,0.75,10,30,0.6635992660540937,-0.0695324978123939,0.6777085758133443,0.047528625284953906,14.258955981794111,0.5526315789473685,0.655698249529885,-0.04928423119446923,0.21057510375976562
AAPL,1h,3,0.25,0.75,12,26,0.6834029427302988,0.07829183503048198,0.6769463781180514,0.04980877068318105,13.590907160184866,0.5921052631578947,0.7297606650534267,-0.0421199185858353,0.20490217208862305
AAPL,1h,3,0.25,0.75,20,50,0.48813667363917435,-0.27813463777835923,0.5286148057763801,0.06027620946267552,8.769874723189272,0.10526315789473684,0.15903629393063023,-0.004153328149983038,0.19510364532470703
AAPL,1h,3,0.25,1.0,8,21,0.9521367327433563,0.7045847125528648,0.9605889083100141,0.05107890094938062,18.80598232256331,0.7763157894736842,1.1854094502702373,-0.062082536667843136,0.18987250328063965
AAPL,1h,3,0.25,1.0,9,21,0.9439423809771355,0.885769252740384,0.9369296429816993,0.058225657772675916,16.091353517029408,0.7631578947368421,1.1031242335911333,-0.062082536667843136,0.19087529182434082
AAPL,1h,3,0.25,1.0,10,30,0.796596930480929,-0.16104630602722303,0.8007699002118386,0.05042626200231386,15.880017046972359,0.5526315789473685,0.6772403821226416,-0.06066765196012058,0.20842361450195312
AAPL,1h,3,0.25,1.0,12,26,0.8187729303111576,-0.008402722481142821,0.8018353456652539,0.05216846927428699,15.370114492902436,0.5921052631578947,0.7521102274200703,-0.051856791292363535,0.2077021598815918
AAPL,1h,3,0.25,1.0,20,50,0.5884830223156585,-0.3729623546599611,0.6236913850446205,0.0644073204442401,9.68354809271369,0.10526315789473684,0.15899158935391403,-0.004153328149983038,0.18352699279785156
AAPL,1h,3,0.4,0.0,8,21,0.15671092231465428,0.1935297543151231,0.1802638753470678,0.3538687020379136,0.5094089257087062,0.32894736842105265,0.02961488254998602,-0.08538738710302318,0.20321989059448242
AAPL,1h,3,0.4,0.0,9,21,0.19922852392615545,0.2712982007149538,0.14936414817584692,0.3398526327945757,0.4394968105665088,0.32894736842105265,-0.003175464824813246,-0.08538738710302318,0.2094414234161377
AAPL,1h,3,0.4,0.0,10,30,0.13938011343219645,0.1662499154998751,0.2352017569474921,0.3389368529111089,0.6939397558198759,0.25,0.07913121440165577,-0.053191652906710796,0.2067556381225586
AAPL,1h,3,0.4,0.0,12,26,0.25028161878125166,0.37001543957928273,0.23565409660841832,0.3272708878427352,0.7200582311545478,0.27631578947368424,0.12483059058047213,-0.0948176360146662,0.19361567497253418
AAPL,1h,3,0.4,0.0,20,50,0.07387844854605663,0.056130752372904213,0.13316621716888635,0.40863293571491044,0.3258822418117368,0.039473684210526314,0.027097623699808993,-0.004153328149983038,0.17529082298278809
AAPL,1h,3,0.4,0.25,8,21,0.35455636192645384,0.3397754100989845,0.36363477986891807,0.054663381492569364,6.652255494262618,0.7763157894736842,0.9920657520776895,-0.0421199185858353,0.19871258735656738
AAPL,1h,3,0.4,0.25,9,21,0.3579703043734856,0.45076806797173785,0.3470761768341718,0.053246136118975995,6.518335453649564,0.7631578947368421,0.9439017245055364,-0.0421199185858353,0.1928544044494629
AAPL,1h,3,0.4,0.25,10,30,0.2916608771036589,0.0423096407514707,0.33284402452944045,0.06668170232062573,4.991534603136345,0.5526315789473685,0.5930684433655019,-0.0421199185858353,0.18284153938293457
AAPL,1h,3,0.4,0.25,12,26,0.3068201013128028,0.27325681899966203,0.33076991728821903,0.058074331553381243,5.695630211157561,0.5921052631578947,0.6601367223418235,-0.0421199185858353,0.18598031997680664
AAPL,1h,3,0.4,0.25,20,50,0.20576013808275592,-0.08004331442455848,0.2638777858668159,0.07251162620744589,3.6391100250861492,0.10526315789473684,0.1591788488272007,-0.004153328149983038,0.16928887367248535
AAPL,1h,3,0.4,0.5,8,21,0.6061758339888563,0.43966151214756133,0.6143214524145679,0.044775057818960885,13.72017105814705,0.7763157894736842,1.0767197163509248,-0.0421199185858353,0.1970667839050293
AAPL,1h,3,0.4,0.5,9,21,0.6042966122081626,0.5849579177565574,0.5914781692871851,0.04562645480703709,12.963491724015338,0.7631578947368421,1.0144156707676908,-0.0421199185858353,0.1975574493408203
AAPL,1h,3,0.4,0.5,10,30,0.507690839133267,-0.07123565188381664,0.5267462066307915,0.0501552373785833,10.502317089136467,0.5526315789473685,0.6285118999327505,-0.0421199185858353,0.19745945930480957
AAPL,1h,3,0.4,0.5,12,26,0.514721323825308,0.17948653302642703,0.5248019969894188,0.04894720393840929,10.721797258323107,0.5921052631578947,0.7008923551813394,-0.0421199185858353,0.1918799877166748
AAPL,1h,3,0.4,0.5,20,50,0.3659698625762902,-0.20123231563084654,0.4128234561794734,0.05731916763762851,7.20218860799482,0.10526315789473684,0.1590957843133172,-0.004153328149983038,0.17923903465270996
AAPL,1h,3,0.4,0.75,8,21,0.8062327312033901,0.4996180766684035,0.8135264957565609,0.04519092033813816,18.001989994215677,0.7763157894736842,1.1379604301067836,-0.05076829017570428,0.20795106887817383
AAPL,1h,3,0.4,0.75,9,21,0.8010945471996704,0.6787862795364163,0.7853193182704888,0.04736136894789707,16.58143199227265,0.7631578947368421,1.0644851912212363,-0.05076829017570428,0.19255399703979492
AAPL,1h,3,0.4,0.75,10,30,0.6802178862382172,-0.1748731387806236,0.6837549143949114,0.04851076381929335,14.094911326112195,0.5526315789473685,0.655698249529885,-0.04928423119446923,0.18682074546813965
AAPL,1h,3,0.4,0.75,12,26,0.683521183483642,0.08909069149815063,0.6818077505432274,0.04943085401653397,13.793161459746814,0.5921052631578947,0.7297606650534267,-0.0421199185858353,0.20468759536743164
AAPL,1h,3,0.4,0.75,20,50,0.49370681793097176,-0.3087057165314896,0.5331486142526674,0.05940418688780744,8.974933286429593,0.10526315789473684,0.15903629393063023,-0.004153328149983038,0.1773080825805664
AAPL,1h,3,0.4,1.0,8,21,0.9657218968081088,0.5256549285185383,0.9722689975845776,0.04793731047100745,20.28209317609938,0.7763157894736842,1.1854094502702373,-0.062082536667843136,0.2015976905822754
AAPL,1h,3,0.4,1.0,9,21,0.9581785606434889,0.7370408727476567,0.9397338525011867,0.050854685374233266,18.47880574986951,0.7631578947368421,1.1031242335911333,-0.062082536667843136,0.19196414947509766
AAPL,1h,3,0.4,1.0,10,30,0.8180005787386619,-0.2691234671639766,0.8093679986185783,0.051266491059153665,15.787466274699625,0.5526315789473685,0.6772403821226416,-0.06066765196012058,0.18716669082641602
AAPL,1h,3,0.4,1.0,12,26,0.8188890623147691,0.002387010003753298,0.8073859428936302,0.052130147223113904,15.487889175491233,0.5921052631578947,0.7521102274200703,-0.051856791292363535,0.1911764144897461
AAPL,1h,3,0.4,1.0,20,50,0.5957289526943818,-0.4036804967048401,0.6293663522372159,0.0639449123252029,9.842320981479569,0.10526315789473684,0.15899158935391403,-0.004153328149983038,0.17613911628723145
AAPL,1h,3,0.55,0.0,8,21,0.1241494234836584,0.13766739420989738,0.17483025726403867,0.35584538690900597,0.4913096071939382,0.32894736842105265,0.06826644306416081,-0.07439988962091881,0.19341039657592773
AAPL,1h,3,0.55,0.0,9,21,0.21034555499449975,0.29191607084664417,0.14567647975576728,0.3462059387042578,0.4207798407531352,0.34210526315789475,0.025692930602150246,-0.07432975085526239,0.19377589225769043
AAPL,1h,3,0.55,0.0,10,30,0.17437959240698941,0.23073327312775205,0.20862116522604413,0.32121268440141243,0.6494798473317288,0.25,0.08316555991815544,-0.04495962190453773,0.18978452682495117
AAPL,1h,3,0.55,0.0,12,26,0.25396247037617653,0.37654347649048603,0.2354957393311341,0.31646916512022205,0.7441348645820602,0.27631578947368424,0.132792539939864,-0.08306812588271484,0.19275975227355957
AAPL,1h,3,0.55,0.0,20,50,0.11829962186028066,0.12925631243134839,0.16729462678518014,0.40034655684825043,0.41787452376814727,0.039473684210526314,0.027097623699808993,-0.004153328149983038,0.1766045093536377
AAPL,1h,3,0.55,0.25,8,21,0.3618624173736615,0.261387291392305,0.3658936797472716,0.053005160103875605,6.902982257391924,0.8157894736842105,1.1006119725331,-0.03163911958111265,0.20747065544128418
AAPL,1h,3,0.55,0.25,9,21,0.3627218210485713,0.4801694663100673,0.35137366778461016,0.05354887419093233,6.561737722659907,0.7894736842105263,1.0322002261975736,-0.03163911958111265,0.20104146003723145
AAPL,1h,3,0.55,0.25,10,30,0.3023583528413609,0.11325215564137903,0.3331507928806217,0.06351440174416932,5.2452795544312165,0.5789473684210527,0.6782455567877015,-0.03489609943680638,0.2065877914428711
AAPL,1h,3,0.55,0.25,12,26,0.3155740966802549,0.2799892780300677,0.33078101194091997,0.05723878741333863,5.7789660978009545,0.631578947368421,0.7923428061856544,-0.02382077959571227,0.1911463737487793
AAPL,1h,3,0.55,0.25,20,50,0.2177544584965559,0.0006123821325370038,0.27217950540907043,0.07258712183112821,3.7496941405431117,0.10526315789473684,0.1591788488272007,-0.004153328149983038,0.18996381759643555
AAPL,1h,3,0.55,0.5,8,21,0.6251230831454426,0.338582916151426,0.6198009304118361,0.044247058239228546,14.007731927867088,0.8157894736842105,1.1824427488939278,-0.04377918577513629,0.20803356170654297
AAPL,1h,3,0.55,0.5,9,21,0.6131532192814046,0.6235835262348572,0.6005954246834593,0.045685793047727734,13.146218651737534,0.7894736842105263,1.1013204381482429,-0.04377918577513629,0.20499062538146973
AAPL,1h,3,0.55,0.5,10,30,0.5214941231742246,0.003891187927879125,0.5354714261253051,0.053375998783698815,10.032063817583111,0.5789473684210527,0.7176494469135681,-0.04464638459364456,0.19296669960021973
AAPL,1h,3,0.55,0.5,12,26,0.5320185742028234,0.18603521667599843,0.5308337472920897,0.04974004309331322,10.67216098498821,0.631578947368421,0.8309361900433969,-0.031924018793480835,0.19457125663757324
AAPL,1h,3,0.55,0.5,20,50,0.376759009583207,-0.11608117570001775,0.42050323985647314,0.058607113812566315,7.17495219439232,0.10526315789473684,0.1590957843133172,-0.004153328149983038,0.1775670051574707
AAPL,1h,3,0.55,0.75,8,21,0.8335580113800498,0.3767902976784374,0.8214990689449481,0.04586893076592269,17.9097060957711,0.8157894736842105,1.2470211143986725,-0.05586038518294778,0.2071084976196289
AAPL,1h,3,0.55,0.75,9,21,0.8134257198437169,0.7266291167173724,0.7981151435792663,0.04825239986968755,16.54042380761764,0.7894736842105263,1.155011916014558,-0.05586038518294778,0.1930088996887207
AAPL,1h,3,0.55,0.75,10,30,0.6972905738448009,-0.09749520994620453,0.6981819320836188,0.05646258872802428,12.365390036342554,0.5789473684210527,0.7490082386526913,-0.05439666975048274,0.2086048126220703
AAPL,1h,3,0.55,0.75,12,26,0.7074661865956348,0.09514912003640164,0.6925673436417596,0.05218851587118346,13.270493174230488,0.631578947368421,0.8620154921690526,-0.04002725799124951,0.19372963905334473
AAPL,1h,3,0.55,0.75,20,50,0.5049616231858206,-0.2215665906253157,0.5413270191622475,0.06103275637206932,8.869450625205209,0.10526315789473684,0.15903629393063023,-0.004153328149983038,0.18643832206726074
AAPL,1h,3,0.55,1.0,8,21,0.9995601567883081,0.38286329709603595,0.9822107751017632,0.04941519992152467,19.876693338519186,0.8157894736842105,1.29823274246748,-0.06788271780454747,0.2078418731689453
AAPL,1h,3,0.55,1.0,9,21,0.9733206159168631,0.7937305624237494,0.9554261253274119,0.052697480652630836,18.130394726559167,0.7894736842105263,1.197413246892778,-0.06788271780454747,0.2069864273071289
AAPL,1h,3,0.55,1.0,10,30,0.837836430185257,-0.1911139813769127,0.8281343662117555,0.062281243687679504,13.29668961597145,0.5789473684210527,0.7741127062185974,-0.06414695490732047,0.19643735885620117
AAPL,1h,3,0.55,1.0,12,26,0.8481024299938014,0.007723411510309752,0.8219245482884225,0.05654716829983161,14.535202610505786,0.631578947368421,0.8869648155156884,-0.05022826200578323,0.19617462158203125
AAPL,1h,3,0.55,1.0,20,50,0.6076441460071625,-0.31659058643829174,0.6381388961518615,0.06573681415819654,9.707481330266043,0.10526315789473684,0.15899158935391403,-0.004153328149983038,0.17947983741760254
AAPL,1h,3,0.7,0.0,8,21,0.16980150248625317,0.214325127954631,0.16900804763012828,0.32631974659947327,0.5179216072313568,0.32894736842105265,0.03493999379473992,-0.07351546980811463,0.20224618911743164
AAPL,1h,3,0.7,0.0,9,21,0.172470852311394,0.2209785533370574,0.12356260027126212,0.3370504056039091,0.3665997673252141,0.34210526315789475,-0.007798038746300245,-0.07351546980811463,0.19994521141052246
AAPL,1h,3,0.7,0.0,10,30,0.23042321182525718,0.32806471881284005,0.20845341561008776,0.34160920177826676,0.6102101890844019,0.25,0.08316555991815544,-0.04495962190453773,0.19388103485107422
AAPL,1h,3,0.7,0.0,12,26,0.2801329573372188,0.42734531011526555,0.22884482597235772,0.3241592683906009,0.705964161100609,0.27631578947368424,0.1285322869767521,-0.08306812588271484,0.19387078285217285
AAPL,1h,3,0.7,0.0,20,50,0.181596809321175,0.2413935031855532,0.17097500847895558,0.4132217014644239,0.41376096142345414,0.039473684210526314,0.027097623699808993,-0.004153328149983038,0.17860102653503418
AAPL,1h,3,0.7,0.25,8,21,0.37209717154099764,0.36850776538138286,0.3708252406019696,0.05162476884250705,7.183087671215637,0.8289473684210527,1.1165653160481075,-0.033494127138089524,0.2202293872833252
AAPL,1h,3,0.7,0.25,9,21,0.3658178412473484,0.3780510531947314,0.3540669465649889,0.05220895869366768,6.781727799676131,0.8026315789473685,1.0509089605826787,-0.033494127138089524,0.20498919486999512
AAPL,1h,3,0.7,0.25,10,30,0.3180475664385084,0.2238528699341844,0.3314352227725421,0.057878576415522895,5.726388644964183,0.5789473684210527,0.6782455567877015,-0.03489609943680638,0.21111607551574707
AAPL,1h,3,0.7,0.25,12,26,0.3209651896236716,0.3389973493964906,0.3319848111005427,0.05662233823962706,5.8631420287797935,0.631578947368421,0.7919985960716794,-0.027757766499938885,0.20348715782165527
AAPL,1h,3,0.7,0.25,20,50,0.2306025376515836,0.1272404519215511,0.2726721738226071,0.07465373808185724,3.652491902329448,0.10526315789473684,0.1591788488272007,-0.004153328149983038,0.1809864044189453
AAPL,1h,3,0.7,0.5,8,21,0.6377065710553028,0.4761199676159711,0.6301862652876357,0.046068209235480405,13.67941744959959,0.8289473684210527,1.2037356861790425,-0.04599777026004037,0.20065927505493164
AAPL,1h,3,0.7,0.5,9,21,0.6254561727271936,0.4887335307181755,0.6097010886662277,0.04838901972067549,12.599988430964572,0.8026315789473685,1.1282906205574783,-0.04599777026004037,0.19015002250671387
AAPL,1h,3,0.7,0.5,10,30,0.5412636243200685,0.12420281611321737,0.5380930817400916,0.05000818223519321,10.760100801292657,0.5789473684210527,0.7176494469135681,-0.04464638459364456,0.18158340454101562
AAPL,1h,3,0.7,0.5,12,26,0.5378925378686213,0.25200275746272593,0.5376937403733227,0.05077677831162009,10.589363056345647,0.631578947368421,0.8307170812538806,-0.03664808808810183,0.19132065773010254
AAPL,1h,3,0.7,0.5,20,50,0.38483180071888506,0.020815192565368124,0.42178782915770696,0.05977230306751623,7.0565764996753355,0.10526315789473684,0.1590957843133172,-0.004153328149983038,0.18029212951660156
AAPL,1h,3,0.7,0.75,8,21,0.8488236779254993,0.5431883807749784,0.835982639738182,0.04994494400170741,16.73808343262139,0.8289473684210527,1.2721546050997685,-0.058440122015037455,0.19529008865356445
AAPL,1h,3,0.7,0.75,9,21,0.8320550663912866,0.5589643252116556,0.811733946865228,0.05389328704513856,15.06187488963805,0.8026315789473685,1.1879945215176433,-0.058440122015037455,0.1975715160369873
AAPL,1h,3,0.7,0.75,10,30,0.7212687444902728,0.02938687660640027,0.7042441569443908,0.05385948871296389,13.075581922018513,0.5789473684210527,0.7490082386526913,-0.05439666975048274,0.1936342716217041
AAPL,1h,3,0.7,0.75,12,26,0.7142520069767079,0.16686258202043236,0.7034180856628474,0.053641751676730055,13.113257186341887,0.631578947368421,0.8618424038795995,-0.045538409676264324,0.1970844268798828
AAPL,1h,3,0.7,0.75,20,50,0.5113280569176035,-0.0780783138585871,0.5431795956736934,0.06186020773258827,8.780759321432795,0.10526315789473684,0.15903629393063023,-0.004153328149983038,0.18181204795837402
AAPL,1h,3,0.7,1.0,8,21,1.0171098042410753,0.5754376744721352,0.9999060813506169,0.055162056987330337,18.126700416198695,0.8289473684210527,1.3263456154914273,-0.07082118240308,0.2140514850616455
AAPL,1h,3,0.7,1.0,9,21,0.9967954553331493,0.5943854014595464,0.9725149974757098,0.06033996051909274,16.117262741131345,0.8026315789473685,1.2350802736494073,-0.07082118240308,0.20157217979431152
AAPL,1h,3,0.7,1.0,10,30,0.865335166731839,-0.06040014998145804,0.8369525231296453,0.05953386830801026,14.058426689149538,0.5789473684210527,0.7741127062185974,-0.06414695490732047,0.2116227149963379
AAPL,1h,3,0.7,1.0,12,26,0.8557061170495022,0.08401585677646928,0.8358511185358847,0.05799967912865873,14.411305908809329,0.631578947368421,0.8868180212350056,-0.054428731264427044,0.20300793647766113
AAPL,1h,3,0.7,1.0,20,50,0.6130658792523366,-0.1696738220245394,0.6404162191793294,0.06642435318795249,9.641286492729943,0.10526315789473684,0.15899158935391403,-0.004153328149983038,0.24054980278015137
AAPL,1h,3,0.85,0.0,8,21,0.16609932200054425,0.2088799137160604,0.19052170284631922,0.3188904512791737,0.5974518900834894,0.35526315789473684,0.14563030679513664,-0.07829547348693433,0.21490025520324707
AAPL,1h,3,0.85,0.0,9,21,0.15713275482151887,0.1943859307097906,0.1292782147138948,0.3211959953317788,0.40249012002891604,0.32894736842105265,0.08951748922596633,-0.07829547348693433,0.2146461009979248
AAPL,1h,3,0.85,0.0,10,30,0.22338600237159403,0.3149430731352916,0.18508536208651885,0.32103004801643803,0.5765359449375957,0.2631578947368421,0.11270277153307269,-0.045837617149373955,0.20997095108032227
AAPL,1h,3,0.85,0.0,12,26,0.2672286234089665,0.4023944454379571,0.23744784627996376,0.3333607081395378,0.7122850428448607,0.2631578947368421,0.14469432080825434,-0.07605111117155172,0.18397784233093262
AAPL,1h,3,0.85,0.0,20,50,0.23586052011533268,0.3486707773049975,0.15065334345014952,0.4333058746254403,0.34768359321317255,0.05263157894736842,0.01614401041649315,-0.006341019333744868,0.17422127723693848
AAPL,1h,3,0.85,0.25,8,21,0.37768486774822857,0.360977729582169,0.38068010508270955,0.05148639490660858,7.393799969355537,0.8421052631578947,1.1235628965198943,-0.03576219183016516,0.19330906867980957
AAPL,1h,3,0.85,0.25,9,21,0.37018894712328476,0.341062167068269,0.3651998360887684,0.05374179716892739,6.795452614672158,0.8026315789473685,1.0295205552852869,-0.03576219183016516,0.1866312026977539
AAPL,1h,3,0.85,0.25,10,30,0.32395455724377975,0.20837600051162553,0.32743950880335426,0.04903994721134949,6.676995539823374,0.5921052631578947,0.7068376850636828,-0.0340069152927589,0.18030762672424316
AAPL,1h,3,0.85,0.25,12,26,0.32489474536896323,0.3098968926896757,0.3304294921861749,0.05541676217232348,5.9626271769302255,0.631578947368421,0.8102981791396299,-0.0295772221821734,0.18389010429382324
AAPL,1h,3,0.85,0.25,20,50,0.24655989745539694,0.24812116450895272,0.27165849597152636,0.07001619284633262,3.879938124709898,0.11842105263157894,0.148160948143375,-0.006341019333744868,0.17839741706848145
AAPL,1h,3,0.85,0.5,8,21,0.6491523572052785,0.46656977652843135,0.646474350749074,0.04759046919016971,13.584113830981305,0.8421052631578947,1.2155463320068514,-0.048692868623539054,0.21123528480529785
AAPL,1h,3,0.85,0.5,9,21,0.6364587795691303,0.4414670120147055,0.6273224586732316,0.054233624349393474,11.567039197524096,0.8026315789473685,1.1121269962252107,-0.048692868623539054,0.19217658042907715
AAPL,1h,3,0.85,0.5,10,30,0.5542266823793838,0.1067412795470537,0.5462137197104124,0.04542775298594104,12.02378906743317,0.5921052631578947,0.7543684457028977,-0.04376618373000485,0.1911306381225586
AAPL,1h,3,0.85,0.5,12,26,0.5476906499062035,0.2195282104638805,0.5430350967427933,0.048738035213115226,11.141916049103772,0.631578947368421,0.8523082367439258,-0.038450906408192265,0.1986081600189209
AAPL,1h,3,0.85,0.5,20,50,0.40114735635943766,0.15220449722264306,0.4238375423476691,0.057242273366432006,7.4042751522900865,0.11842105263157894,0.14808860785763367,-0.006341019333744868,0.180558443069458
AAPL,1h,3,0.85,0.75,8,21,0.8647547432595557,0.5317982210971954,0.8577027408230091,0.0512375962321634,16.739714660630447,0.8421052631578947,1.2882679886188455,-0.06155345771564669,0.22185397148132324
AAPL,1h,3,0.85,0.75,9,21,0.847889710858503,0.5020580970611697,0.8344984809621533,0.061129947104625666,13.651222035803254,0.8026315789473685,1.1763195402378712,-0.06155345771564669,0.2210555076599121
AAPL,1h,3,0.85,0.75,10,30,0.7394979295593632,0.010301571274422772,0.7212682499584369,0.05206386527412819,13.853528664473798,0.5921052631578947,0.7922661773468466,-0.053525452167250576,0.20906543731689453
AAPL,1h,3,0.85,0.75,12,26,0.7282245835336808,0.13174574672720385,0.714524846400456,0.052580543558107644,13.589149104379695,0.631578947368421,0.8871566067677272,-0.047324590634210906,0.20006012916564941
AAPL,1h,3,0.85,0.75,20,50,0.529566253318537,0.06102985979420006,0.5471328545239298,0.06084884270081905,8.991672318470656,0.11842105263157894,0.1480367758379429,-0.006341019333744868,0.17834210395812988
AAPL,1h,3,0.85,1.0,8,21,1.0365736253149025,0.5624718904731945,1.0260173843160767,0.05573189825327203,18.409876865370165,0.8421052631578947,1.3459845063321714,-0.07434395910648817,0.21284031867980957
AAPL,1h,3,0.85,1.0,9,21,1.0163774545970237,0.5288574504562136,0.999356366394841,0.06802421824242806,14.691184878204488,0.8026315789473685,1.2270460313088911,-0.07434395910648817,0.20233607292175293
AAPL,1h,3,0.85,1.0,10,30,0.8876817113919431,-0.08076272620389502,0.860966090292143,0.05952156043625087,14.464776863742676,0.5921052631578947,0.8225020208439753,-0.06328472060449641,0.18522238731384277
AAPL,1h,3,0.85,1.0,12,26,0.8728894319677586,0.04693892579850134,0.8516510920002893,0.058189191981994806,14.635898231132192,0.631578947368421,0.9152563628135655,-0.05619827486022955,0.1827995777130127
AAPL,1h,3,0.85,1.0,20,50,0.633171950561212,-0.025340720564722696,0.6457669113953346,0.06608026415491652,9.772462620328191,0.11842105263157894,0.1479978138889393,-0.006341019333744868,0.16892528533935547
AAPL,1h,3,1.0,0.0,8,21,0.18627549920758263,0.24579202823415303,0.16634746034448294,0.29044918537425296,0.572724830094252,0.35526315789473684,0.1305566952530937,-0.07829547348693433,0.19374704360961914
AAPL,1h,3,1.0,0.0,9,21,0.16402798310827632,0.20633345192594654,0.12955337247032075,0.3189623537231586,0.4061713583376858,0.32894736842105265,0.0822860567407926,-0.07829547348693433,0.2063291072845459
AAPL,1h,3,1.0,0.0,10,30,0.21581974048755637,0.2997566663828206,0.1729151560063363,0.3327267599559894,0.5196911604861846,0.2631578947368421,0.13223651698529137,-0.045837617149373955,0.1901242733001709
AAPL,1h,3,1.0,0.0,12,26,0.2627026717652167,0.3925369542059436,0.23443077348792535,0.32670285016484957,0.7175657432117135,0.2631578947368421,0.15489703926682208,-0.07605111117155172,0.18482375144958496
AAPL,1h,3,1.0,0.0,20,50,0.2308663153587725,0.33876377867979524,0.16097765332177538,0.41667540661217173,0.3863382641913596,0.05263157894736842,0.01614401041649315,-0.006341019333744868,0.17801547050476074
AAPL,1h,3,1.0,0.25,8,21,0.3846948429603318,0.4132037931727961,0.3802180142121169,0.04935439880127225,7.70383235227081,0.8421052631578947,1.0940916677525088,-0.036077872304108305,0.19356966018676758
AAPL,1h,3,1.0,0.25,9,21,0.3707795044134143,0.3579203127571118,0.3671644909656705,0.05402125136711953,6.7966676386387475,0.8026315789473685,1.016911276245397,-0.036077872304108305,0.19941258430480957
AAPL,1h,3,1.0,0.25,10,30,0.326228864521045,0.19105131904531514,0.3332357220140079,0.05323089766262937,6.260193546349967,0.5921052631578947,0.7082323381977733,-0.0295772221821734,0.20076942443847656
AAPL,1h,3,1.0,0.25,12,26,0.32725663037350433,0.2982634180392023,0.3366944139033347,0.051986973428340424,6.47651501327422,0.631578947368421,0.8125086375304412,-0.03319968868554379,0.19198012351989746
AAPL,1h,3,1.0,0.25,20,50,0.2481162393510307,0.236890670107875,0.2745792743466682,0.0669150355106704,4.10340175793351,0.11842105263157894,0.148160948143375,-0.006341019333744868,0.16933178901672363
AAPL,1h,3,1.0,0.5,8,21,0.6593805478417998,0.5344963035460701,0.6536563234895141,0.04862572570994667,13.442602942084315,0.8421052631578947,1.190207673647209,-0.04931810553474647,0.19371414184570312
AAPL,1h,3,1.0,0.5,9,21,0.6368142820432792,0.4633225749139336,0.6321654721284093,0.0538520652933078,11.73892716435833,0.8026315789473685,1.1029989037470316,-0.04931810553474647,0.18575763702392578
AAPL,1h,3,1.0,0.5,10,30,0.5601565075801823,0.08783240095256706,0.5615865401695198,0.04962357726910656,11.31692979577147,0.5921052631578947,0.7551686282470201,-0.038450906408192265,0.20568370819091797
AAPL,1h,3,1.0,0.5,12,26,0.5537381673238371,0.20639962579920268,0.5558079737270353,0.047436199249579744,11.71695840981525,0.631578947368421,0.8555917896930622,-0.045629590714665214,0.20169544219970703
AAPL,1h,3,1.0,0.5,20,50,0.4054912931391299,0.14000784674970834,0.42903344564946433,0.0571921558985298,7.501613445218861,0.11842105263157894,0.14808860785763367,-0.006341019333744868,0.18741393089294434
AAPL,1h,3,1.0,0.75,8,21,0.8778774264780943,0.6150851405148219,0.8703887265561809,0.05303829321862654,16.410571942207763,0.8421052631578947,1.2674097042011532,-0.06248212702744027,0.19712448120117188
AAPL,1h,3,1.0,0.75,9,21,0.8482027180334164,0.5287576101276723,0.8415472676446841,0.05959840288154526,14.120298983804993,0.8026315789473685,1.1712256157017968,-0.06248212702744027,0.2132723331451416
AAPL,1h,3,1.0,0.75,10,30,0.7480658232835105,-0.009694943035431391,0.743668630598928,0.05522958486369573,13.465041108570173,0.5921052631578947,0.7928591247564036,-0.047324590634210906,0.180922269821167
AAPL,1h,3,1.0,0.75,12,26,0.7370028667355103,0.1173972339530529,0.732336595715503,0.052444395899539115,13.964058183039132,0.631578947368421,0.8913931244080002,-0.0579932440435188,0.19563627243041992
AAPL,1h,3,1.0,0.75,20,50,0.5358354033100313,0.04817821683403589,0.5542576422977852,0.060028508731029585,9.23324023892137,0.11842105263157894,0.1480367758379429,-0.006341019333744868,0.17234086990356445
AAPL,1h,3,1.0,1.0,8,21,1.0520681047592537,0.6602048106015153,1.0429923817539126,0.05766831640152686,18.086055685965853,0.8421052631578947,1.3289637148474156,-0.07556993678218915,0.18541312217712402
AAPL,1h,3,1.0,1.0,9,21,1.0166806174324854,0.5600598548784563,1.0081447445518106,0.06536818192783202,15.422560561112526,0.8026315789473685,1.2254001924116826,-0.07556993678218915,0.18872904777526855
AAPL,1h,3,1.0,1.0,10,30,0.8982976357143351,-0.10140777334065254,0.8888440048290471,0.06164066217119221,14.419767301663555,0.5921052631578947,0.8229849905571506,-0.05619827486022955,0.19636845588684082
AAPL,1h,3,1.0,1.0,12,26,0.8837962051743867,0.03163588169282461,0.8734540220011631,0.058550880806753434,14.917863061428381,0.631578947368421,0.9202769251023181,-0.07029064867210522,0.2009720802307129
AAPL,1h,3,1.0,1.0,20,50,0.6409047918957002,-0.03857902385255818,0.6544401044924025,0.06392137467377035,10.238204479055847,0.11842105263157894,0.1479978138889393,-0.006341019333744868,0.1803417205810547
AAPL,1h,5,0.0,0.0,8,21,0.21655416760617396,0.29928180982750896,0.14582440763653257,0.4138598937651164,0.3523521119910554,0.3157894736842105,0.05081308139361802,-0.13094809642949212,0.2021801471710205
AAPL,1h,5,0.0,0.0,9,21,-0.0013803626509779308,-0.059116880678210304,0.1501589434107994,0.30260888689561577,0.4962145856033514,0.3026315789473684,0.03796534399722973,-0.13094809642949212,0.20388269424438477
AAPL,1h,5,0.0,0.0,10,30,0.15715956336249687,0.20010224131520493,0.1936554690304962,0.3638875604000515,0.5321849112335548,0.2236842105263158,0.17266700578401012,-0.03447220703256548,0.18230676651000977
AAPL,1h,5,0.0,0.0,12,26,0.19955010157009015,0.2711636430817759,0.11664609212088695,0.3033245435310408,0.3845586999422944,0.25,0.07927661160041337,-0.13187626138841269,0.1866464614868164
AAPL,1h,5,0.0,0.0,20,50,0.055002727588054676,0.02691836091020461,0.07160818794008687,0.47630363450943336,0.15034146865966996,0.039473684210526314,0.014919904458939657,-0.004387458458490201,0.16727304458618164
AAPL,1h,5,0.0,0.25,8,21,0.3267487595777409,0.4899164342691904,0.3272391179260913,0.059545277152498285,5.4956351464788105,0.7631578947368421,0.9263725965449136,-0.03447220703256548,0.18674612045288086
AAPL,1h,5,0.0,0.25,9,21,0.2903953202115656,-0.004870360461615486,0.3217282080976256,0.057761538080552115,5.569938384413436,0.7236842105263158,0.8983235345608909,-0.03447220703256548,0.18603014945983887
AAPL,1h,5,0.0,0.25,10,30,0.2663309263952443,0.07964422952340522,0.2988549382110975,0.0666309554192517,4.485226668755665,0.4605263157894737,0.5273696579617307,-0.03447220703256548,0.18540120124816895
AAPL,1h,5,0.0,0.25,12,26,0.27238235104421366,0.1575755419162781,0.28831152651541747,0.05433737419849673,5.30595250079997,0.5131578947368421,0.5647846291189701,-0.03447220703256548,0.18961143493652344
AAPL,1h,5,0.0,0.25,20,50,0.18599959408982691,-0.10966364196339806,0.2431475447974699,0.08483578192264277,2.8660965843302204,0.09210526315789473,0.12056563549779528,-0.004387458458490201,0.17442011833190918
AAPL,1h,5,0.0,0.5,8,21,0.5421207821717369,0.6346675538206326,0.5412484545632597,0.049854774387820884,10.856501934055132,0.7631578947368421,1.0023741423854433,-0.03447220703256548,0.1848745346069336
AAPL,1h,5,0.0,0.5,9,21,0.5144223405568927,0.006747563156189518,0.5319931309241449,0.05641939740250768,9.429259357890613,0.7236842105263158,0.9636040084806472,-0.03447220703256548,0.1911168098449707
AAPL,1h,5,0.0,0.5,10,30,0.45548793048476216,-0.0317271114153127,0.4722158131956567,0.05208745545641132,9.065826100697587,0.4605263157894737,0.543648303180869,-0.03447220703256548,0.20079851150512695
AAPL,1h,5,0.0,0.5,12,26,0.45930238903955445,0.05005421106796093,0.47012993997502905,0.05209682067168834,9.024157979577398,0.5131578947368421,0.5870759312410085,-0.03447220703256548,0.20883464813232422
AAPL,1h,5,0.0,0.5,20,50,0.3355112917981579,-0.23046343149519977,0.3865871568429824,0.0622801863213563,6.207225438412329,0.09210526315789473,0.12050238829646016,-0.004387458458490201,0.17267441749572754
AAPL,1h,5,0.0,0.75,8,21,0.7154453525518024,0.7378021746047938,0.7117635389463336,0.051610506357534364,13.791059014526153,0.7631578947368421,1.0563124867824643,-0.04049213358461701,0.19724369049072266
AAPL,1h,5,0.0,0.75,9,21,0.6894265506869302,-0.013402654039468942,0.6995284370334718,0.06078428923644805,11.508375697416463,0.7236842105263158,1.0084842926258772,-0.04049213358461701,0.18993186950683594
AAPL,1h,5,0.0,0.75,10,30,0.6078316702203929,-0.1343080327595625,0.6124666203208301,0.04895596925513906,12.510560604548496,0.4605263157894737,0.5573129845631685,-0.04262715093809022,0.18488001823425293
AAPL,1h,5,0.0,0.75,12,26,0.6108895523087404,-0.0511620303215341,0.6149264107302187,0.05532827063210213,11.114144789001067,0.5131578947368421,0.6010811297502311,-0.040325421911439285,0.18083429336547852
AAPL,1h,5,0.0,0.75,20,50,0.4544493029116418,-0.33696068653352607,0.5011678698265785,0.06218092625672005,8.059832813642206,0.09210526315789473,0.12045708557961134,-0.004387458458490201,0.18890047073364258
AAPL,1h,5,0.0,1.0,8,21,0.8540330879779142,0.8036455924515813,0.8477009867979955,0.05532482333016974,15.322253841445656,0.7631578947368421,1.0979452578098725,-0.05533522900117471,0.2075343132019043
AAPL,1h,5,0.0,1.0,9,21,0.8283308025731669,-0.056370741805758406,0.8330936780966398,0.06546078699315898,12.726606513051895,0.7236842105263158,1.0428128809182247,-0.05533522900117471,0.1909804344177246
AAPL,1h,5,0.0,1.0,10,30,0.7297904729116401,-0.22843932983973736,0.7246583474631544,0.048443511854183656,14.958831837881542,0.4605263157894737,0.5684209226596006,-0.05792618910297542,0.1798095703125
AAPL,1h,5,0.0,1.0,12,26,0.7324417347937309,-0.14593319144459393,0.7303033757737565,0.058834495727307076,12.412843294495987,0.5131578947368421,0.6115916896430308,-0.055295735612205466,0.18556809425354004
AAPL,1h,5,0.0,1.0,20,50,0.5494536318321409,-0.430543732207745,0.5925611857804214,0.06568407683374576,9.02138256856779,0.09210526315789473,0.12042303956312202,-0.004387458458490201,0.1744682788848877
AAPL,1h,5,0.1,0.0,8,21,0.121625406757625,0.13335920681764457,0.15245861895618457,0.4004652257610565,0.3807037643941431,0.3026315789473684,0.02490179023064712,-0.13094809642949212,0.19466376304626465
AAPL,1h,5,0.1,0.0,9,21,0.010677428198258544,-0.04269202538949368,0.12950888023814633,0.3247447735912427,0.3988020463145608,0.2894736842105263,-0.005230743777694683,-0.13094809642949212,0.2000715732574463
AAPL,1h,5,0.1,0.0,10,30,0.16340582437799384,0.2108963232951151,0.21767198206962757,0.405813131497012,0.5363847672120741,0.2236842105263158,0.17266700578401012,-0.03447220703256548,0.18090415000915527
AAPL,1h,5,0.1,0.0,12,26,0.1350241238084512,0.15468878175803558,0.11090489038485078,0.33056121153307205,0.3355048520983381,0.25,0.07927661160041337,-0.13187626138841269,0.19026517868041992
AAPL,1h,5,0.1,0.0,20,50,0.059836264463671573,0.03434021933938203,0.09520740774825123,0.4414786274721421,0.2156557573203449,0.039473684210526314,0.014919904458939657,-0.004387458458490201,0.17607593536376953
AAPL,1h,5,0.1,0.25,8,21,0.3237711204394645,0.2546022443180489,0.33118663434792295,0.05962185941633464,5.554785402368506,0.7631578947368421,0.9237000239782261,-0.03447220703256548,0.1895148754119873
AAPL,1h,5,0.1,0.25,9,21,0.30232378350952094,0.01779111367172148,0.3220871835668269,0.05565173494251454,5.787549730471599,0.7236842105263158,0.8619645853658577,-0.03447220703256548,0.19733953475952148
AAPL,1h,5,0.1,0.25,10,30,0.2716755729338284,0.09158796941722458,0.31075280944305744,0.06779592926861047,4.583649974201859,0.4605263157894737,0.5273696579617307,-0.03447220703256548,0.1901237964630127
AAPL,1h,5,0.1,0.25,12,26,0.2632220003739456,0.025770168099212176,0.29634548342184286,0.05483279270510142,5.404530187175239,0.5131578947368421,0.5647846291189701,-0.03447220703256548,0.19411277770996094
AAPL,1h,5,0.1,0.25,20,50,0.18688776781444483,-0.1015422999158323,0.24729043553036822,0.08193650279676676,3.0180740828509753,0.09210526315789473,0.12056563549779528,-0.004387458458490201,0.17081332206726074
AAPL,1h,5,0.1,0.5,8,21,0.5541120439599735,0.3286880755435295,0.5486657292420059,0.04955058546739439,11.072840493540538,0.7631578947368421,1.003211633541633,-0.03447220703256548,0.19643306732177734
AAPL,1h,5,0.1,0.5,9,21,0.533740818458576,0.03544768492527206,0.538827075170869,0.05523372062115196,9.755400670302176,0.7236842105263158,0.9326107605082175,-0.03447220703256548,0.19377827644348145
AAPL,1h,5,0.1,0.5,10,30,0.46430031480135414,-0.01908667157965227,0.4861728535008945,0.04825511741544763,10.075052751716212,0.4605263157894737,0.543648303180869,-0.03447220703256548,0.18558740615844727
AAPL,1h,5,0.1,0.5,12,26,0.4562411650885817,-0.0925759729812069,0.4842224403169969,0.05069434213227804,9.551804401633282,0.5131578947368421,0.5870759312410085,-0.03447220703256548,0.18903088569641113
AAPL,1h,5,0.1,0.5,20,50,0.33600305240780465,-0.22195687868106662,0.3904182221451061,0.06318311049176034,6.179154826447175,0.09210526315789473,0.12050238829646016,-0.004387458458490201,0.17772316932678223
AAPL,1h,5,0.1,0.75,8,21,0.7369202681888892,0.36335850251437574,0.7218934059857303,0.05099613619082809,14.15584512686211,0.7631578947368421,1.0597565899612118,-0.04049213358461701,0.19089436531066895
AAPL,1h,5,0.1,0.75,9,21,0.7148380229732937,0.02081765367184696,0.7107062186286693,0.060841804312148764,11.68121535289112,0.7236842105263158,0.9821484929872953,-0.04049213358461701,0.18872880935668945
AAPL,1h,5,0.1,0.75,10,30,0.6194479726864742,-0.12135076294674563,0.628405415707539,0.04297265192244048,14.623379931071543,0.4605263157894737,0.5573129845631685,-0.04262715093809022,0.19273805618286133
AAPL,1h,5,0.1,0.75,12,26,0.6108423167699637,-0.20063385009214196,0.6332737490360667,0.053216725208635005,11.899900765282547,0.5131578947368421,0.6010811297502311,-0.040325421911439285,0.18737101554870605
AAPL,1h,5,0.1,0.75,20,50,0.45480191241351886,-0.32832377609907626,0.505188522194489,0.06265663129212352,8.062810141182862,0.09210526315789473,0.12045708557961134,-0.004387458458490201,0.1652364730834961
AAPL,1h,5,0.1,1.0,8,21,0.8825922416945446,0.36565472022167733,0.8599733449652035,0.05456580931094144,15.760296710063882,0.7631578947368421,1.103431203908593,-0.05533522900117471,0.19507336616516113
AAPL,1h,5,0.1,1.0,9,21,0.858645973997068,-0.01737177182110683,0.8475717801037312,0.06646593727661528,12.751972135386294,0.7236842105263158,1.0202884344299796,-0.05533522900117471,0.19968819618225098
AAPL,1h,5,0.1,1.0,10,30,0.7436485817569154,-0.2154782483089024,0.7422108947114985,0.041569135448180805,17.85485521190891,0.4605263157894737,0.5684209226596006,-0.05792618910297542,0.17745709419250488
AAPL,1h,5,0.1,1.0,12,26,0.7344279409147901,-0.2987796247000084,0.7519014295392161,0.056217469633852296,13.374871448971193,0.5131578947368421,0.6115916896430308,-0.055295735612205466,0.21225190162658691
AAPL,1h,5,0.1,1.0,20,50,0.5497332774855648,-0.42197932272713834,0.5968101298282597,0.06503329675572772,9.17699331882166,0.09210526315789473,0.12042303956312202,-0.004387458458490201,0.17616987228393555
AAPL,1h,5,0.25,0.0,8,21,0.06892667738801009,0.0486430061120986,0.15028084483200935,0.42870006675884964,0.3505500849771144,0.3026315789473684,0.02490179023064712,-0.13094809642949212,0.19153475761413574
AAPL,1h,5,0.25,0.0,9,21,0.08156617899041198,0.06872197242869893,0.08497608416155059,0.3202335809467683,0.2653565685095217,0.2894736842105263,-0.005230743777694683,-0.13094809642949212,0.20031356811523438
AAPL,1h,5,0.25,0.0,10,30,0.21202622564323664,0.305474685651832,0.20396925225282062,0.3997471581284595,0.510245659300659,0.2236842105263158,0.17266700578401012,-0.03447220703256548,0.19132351875305176
AAPL,1h,5,0.25,0.0,12,26,0.14169714142600168,0.16851426469348074,0.1208371606323833,0.30841127741604485,0.3918052596675145,0.25,0.07927661160041337,-0.13187626138841269,0.20101165771484375
AAPL,1h,5,0.25,0.0,20,50,0.022879416971078807,-0.02208217885841024,0.10381988407567884,0.4486985869064093,0.231380011226409,0.039473684210526314,0.014919904458939657,-0.004387458458490201,0.18770933151245117
AAPL,1h,5,0.25,0.25,8,21,0.3244526812377653,0.1378788884646338,0.3376610035189903,0.06421895024055556,5.2579651684457245,0.7631578947368421,0.9237000239782261,-0.03447220703256548,0.19245076179504395
AAPL,1h,5,0.25,0.25,9,21,0.31689899783945236,0.16853351363711866,0.3225346700651551,0.06064980854640176,5.3179833175959885,0.7236842105263158,0.8619645853658577,-0.03447220703256548,0.1964092254638672
AAPL,1h,5,0.25,0.25,10,30,0.2820830040362996,0.1996408641839229,0.3131557749316412,0.0691297407982605,4.529971779375182,0.4605263157894737,0.5273696579617307,-0.03447220703256548,0.19092202186584473
AAPL,1h,5,0.25,0.25,12,26,0.27573276983764183,0.04306853414413436,0.3019032819627982,0.05116326403679339,5.900782282883446,0.5131578947368421,0.5647846291189701,-0.03447220703256548,0.18741846084594727
AAPL,1h,5,0.25,0.25,20,50,0.1814759025715022,-0.16274397730136525,0.25184690071675936,0.0819267243830746,3.0740506545723543,0.09210526315789473,0.12056563549779528,-0.004387458458490201,0.1782834529876709
AAPL,1h,5,0.25,0.5,8,21,0.5655699131560211,0.18114691210665534,0.5630932386877177,0.049706836776682674,11.328285507635902,0.7631578947368421,1.003211633541633,-0.03447220703256548,0.201918363571167
AAPL,1h,5,0.25,0.5,9,21,0.5476892485697826,0.22286220710923055,0.5505533213243249,0.06156821209675404,8.942168410853542,0.7236842105263158,0.9326107605082175,-0.03447220703256548,0.2062535285949707
AAPL,1h,5,0.25,0.5,10,30,0.47362895483455436,0.0990870293382089,0.49374890480252975,0.04883665867264179,10.110210612732338,0.4605263157894737,0.543648303180869,-0.03447220703256548,0.19624590873718262
AAPL,1h,5,0.25,0.5,12,26,0.47758895475830465,-0.07215270444601496,0.49212648288477856,0.047902390580544844,10.273526580208955,0.5131578947368421,0.5870759312410085,-0.03447220703256548,0.2049405574798584
AAPL,1h,5,0.25,0.5,20,50,0.3361692578912595,-0.28548796567176604,0.3961152984593418,0.061194103068373945,6.473095912799812,0.09210526315789473,0.12050238829646016,-0.004387458458490201,0.18436813354492188
AAPL,1h,5,0.25,0.75,8,21,0.7556209958915717,0.18769294692756766,0.742425550544342,0.049082305873902166,15.126134302893487,0.7631578947368421,1.0597565899612118,-0.04049213358461701,0.20635271072387695
AAPL,1h,5,0.25,0.75,9,21,0.729973561956966,0.24041308029579933,0.7300705122763294,0.0684375106299938,10.667695326082837,0.7236842105263158,0.9821484929872953,-0.04049213358461701,0.19819283485412598
AAPL,1h,5,0.25,0.75,10,30,0.6292229492713776,0.003942835008052592,0.6396731933145509,0.0448256372141764,14.270253209300726,0.4605263157894737,0.5573129845631685,-0.04262715093809022,0.19655179977416992
AAPL,1h,5,0.25,0.75,12,26,0.6391948585719205,-0.17752792706603426,0.6434218888947603,0.051918558917463345,12.392907320822008,0.5131578947368421,0.6010811297502311,-0.040325421911439285,0.22474336624145508
AAPL,1h,5,0.25,0.75,20,50,0.4580424965292237,-0.39223678424958697,0.5120937522215099,0.05974677830377994,8.571068880363576,0.09210526315789473,0.12045708557961134,-0.004387458458490201,0.25566816329956055
AAPL,1h,5,0.25,1.0,8,21,0.9068056713728527,0.1656016244141627,0.8853313784647842,0.05162727791471939,17.148519430507655,0.7631578947368421,1.103431203908593,-0.05533522900117471,0.21224427223205566
AAPL,1h,5,0.25,1.0,9,21,0.8750474753291388,0.2288048575949886,0.8727627768222934,0.07513384940138396,11.616106239409813,0.7236842105263158,1.0202884344299796,-0.05533522900117471,0.19988155364990234
AAPL,1h,5,0.25,1.0,10,30,0.754024603524056,-0.08572100497076429,0.756333509414958,0.04555509515047846,16.602610683099723,0.4605263157894737,0.5684209226596006,-0.05792618910297542,0.19010615348815918
AAPL,1h,5,0.25,1.0,12,26,0.7683461466779492,-0.27349006785964625,0.7639171081476979,0.05659195161363796,13.498688176776064,0.5131578947368421,0.6115916896430308,-0.055295735612205466,0.18961071968078613
AAPL,1h,5,0.25,1.0,20,50,0.555140664018848,-0.4847602421165319,0.6047325528708677,0.06153895570201562,9.826825073196042,0.09210526315789473,0.12042303956312202,-0.004387458458490201,0.192579984664917
AAPL,1h,5,0.4,0.0,8,21,0.056263765164942914,0.029305694356910106,0.1572016010406246,0.4444855872320292,0.3536708625797638,0.3026315789473684,0.02490179023064712,-0.13094809642949212,0.19353175163269043
AAPL,1h,5,0.4,0.0,9,21,0.06603342043777205,0.04340665225252738,0.09826812242194027,0.358483276967721,0.27412191512294354,0.2894736842105263,-0.005230743777694683,-0.13094809642949212,0.19495391845703125
AAPL,1h,5,0.4,0.0,10,30,0.13432937094805344,0.15801269761549364,0.16618307256336504,0.40335170545483773,0.4120053797119054,0.2236842105263158,0.17266700578401012,-0.03447220703256548,0.19229626655578613
AAPL,1h,5,0.4,0.0,12,26,0.15609996283465613,0.19369644544576836,0.14141605191144516,0.33976794252602477,0.4162136394036447,0.25,0.07927661160041337,-0.13187626138841269,0.19429373741149902
AAPL,1h,5,0.4,0.0,20,50,0.01809400427333063,-0.029249398940464633,0.11657076615406185,0.44540390472087704,0.2617192281399367,0.039473684210526314,0.014919904458939657,-0.004387458458490201,0.18452024459838867
AAPL,1h,5,0.4,0.25,8,21,0.33164973822555754,0.11198711897874958,0.3408618588637295,0.059032960819168694,5.7740938982861865,0.7631578947368421,0.9237000239782261,-0.03447220703256548,0.19687438011169434
AAPL,1h,5,0.4,0.25,9,21,0.32531493757927843,0.133981379479301,0.32282787791057865,0.048951556966038846,6.5948439216049275,0.7236842105263158,0.8619645853658577,-0.03447220703256548,0.19370460510253906
AAPL,1h,5,0.4,0.25,10,30,0.281232797103724,0.03254816661514215,0.3128899399554392,0.0670612428181664,4.665734287147442,0.4605263157894737,0.5273696579617307,-0.03447220703256548,0.20489168167114258
AAPL,1h,5,0.4,0.25,12,26,0.2820250031513874,0.07098727466405341,0.30764614755167796,0.05694864806979907,5.402167706854282,0.5131578947368421,0.5647846291189701,-0.03447220703256548,0.20017480850219727
AAPL,1h,5,0.4,0.25,20,50,0.18690474565333545,-0.17081946504548828,0.2553865111087962,0.07790005997903682,3.2783865786178032,0.09210526315789473,0.12056563549779528,-0.004387458458490201,0.18333005905151367
AAPL,1h,5,0.4,0.5,8,21,0.5810575906111745,0.14929300695805892,0.5723499517211666,0.04531240494210403,12.631197846427753,0.7631578947368421,1.003211633541633,-0.03447220703256548,0.20195364952087402
AAPL,1h,5,0.4,0.5,9,21,0.5664649092491546,0.17951364491242106,0.5572907244807559,0.05039004508185017,11.059540105104702,0.7236842105263158,0.9326107605082175,-0.03447220703256548,0.2009882926940918
AAPL,1h,5,0.4,0.5,10,30,0.48878678117376706,-0.0821507049867265,0.5019447508896486,0.050001370665805144,10.038619825934447,0.4605263157894737,0.543648303180869,-0.03447220703256548,0.19679474830627441
AAPL,1h,5,0.4,0.5,12,26,0.4866498124727984,-0.04253688322394067,0.49891085364229293,0.049586859819291285,10.061352048919147,0.5131578947368421,0.5870759312410085,-0.03447220703256548,0.19847321510314941
AAPL,1h,5,0.4,0.5,20,50,0.3467157138685105,-0.2941655016501613,0.3990886560151682,0.058409233403966046,6.832629581953555,0.09210526315789473,0.12050238829646016,-0.004387458458490201,0.18046975135803223
AAPL,1h,5,0.4,0.75,8,21,0.7772994828684201,0.15076741101482805,0.7566607395595449,0.04715810328372544,16.045190261514893,0.7631578947368421,1.0597565899612118,-0.04049213358461701,0.2002408504486084
AAPL,1h,5,0.4,0.75,9,21,0.7564651240557151,0.18914419415353145,0.7422139454355509,0.05748280297981789,12.911930298460582,0.7236842105263158,0.9821484929872953,-0.04049213358461701,0.21313214302062988
AAPL,1h,5,0.4,0.75,10,30,0.6546561295918065,-0.18662030657244144,0.6535203439264146,0.05048848571008188,12.943948203935046,0.4605263157894737,0.5573129845631685,-0.04262715093809022,0.19578003883361816
AAPL,1h,5,0.4,0.75,12,26,0.6507461297502317,-0.14708701328527196,0.6515770525432755,0.05304307172049811,12.283923826596155,0.5131578947368421,0.6010811297502311,-0.040325421911439285,0.20390105247497559
AAPL,1h,5,0.4,0.75,20,50,0.4723981452484205,-0.40124562727451185,0.515116441275175,0.057969281643952424,8.886024229850257,0.09210526315789473,0.12045708557961134,-0.004387458458490201,0.18567228317260742
AAPL,1h,5,0.4,1.0,8,21,0.9333367092575168,0.12465933720542677,0.9035883355931007,0.05187803356321418,17.417551775397662,0.7631578947368421,1.103431203908593,-0.05533522900117471,0.19532084465026855
AAPL,1h,5,0.4,1.0,9,21,0.9075847743026582,0.17077448623537173,0.8893132822849188,0.06406730610782774,13.880922053881434,0.7236842105263158,1.0202884344299796,-0.05533522900117471,0.22510862350463867
AAPL,1h,5,0.4,1.0,10,30,0.7871499094042641,-0.28142556031505805,0.774469338513444,0.05505379088638305,14.067502456129693,0.4605263157894737,0.5684209226596006,-0.05792618910297542,0.23148560523986816
AAPL,1h,5,0.4,1.0,12,26,0.7819395767596908,-0.24294331387773838,0.7732733896095383,0.05805241098026197,13.320263130371176,0.5131578947368421,0.6115916896430308,-0.055295735612205466,0.19494414329528809
AAPL,1h,5,0.4,1.0,20,50,0.5724676728419974,-0.4938673877381604,0.6078934409068223,0.060542711361699,10.040736981122265,0.09210526315789473,0.12042303956312202,-0.004387458458490201,0.17190289497375488
AAPL,1h,5,0.55,0.0,8,21,0.00394115640568213,-0.04666598915241227,0.1406004345751012,0.4434083499126078,0.31709018245329035,0.3157894736842105,0.09202295965181746,-0.08486540078869109,0.2099895477294922
AAPL,1h,5,0.55,0.0,9,21,0.11818521755326382,0.12990601893114606,0.10620047262348783,0.36257126677422297,0.29290923566102667,0.2894736842105263,0.039821642472482426,-0.08486540078869109,0.21196198463439941
AAPL,1h,5,0.55,0.0,10,30,0.18021765076367627,0.24168509164243357,0.1767836625418925,0.3515960532957827,0.5028033189928102,0.2236842105263158,0.16771697147975698,-0.034812576244320104,0.1972973346710205
AAPL,1h,5,0.55,0.0,12,26,0.1528985076528828,0.18688466121477632,0.15999145156500447,0.3177515196725837,0.5035112081599554,0.23684210526315788,0.07813130468425487,-0.08584278299589188,0.1847531795501709
AAPL,1h,5,0.55,0.0,20,50,0.10263996903098184,0.10333292560536278,0.1699014849210158,0.41172452554174155,0.4126581594755905,0.039473684210526314,0.014919904458939657,-0.004387458458490201,0.19136357307434082
AAPL,1h,5,0.55,0.25,8,21,0.33724196622026287,0.010078721599121598,0.3484064279128535,0.0564268249922316,6.174482224736538,0.8289473684210527,1.0760428800787232,-0.02382077959571227,0.20627307891845703
AAPL,1h,5,0.55,0.25,9,21,0.3386534530536627,0.2523716305245869,0.3347794540292491,0.04774925336449926,7.011197672006988,0.7763157894736842,0.9966131266256719,-0.02382077959571227,0.1996161937713623
AAPL,1h,5,0.55,0.25,10,30,0.2980918727863518,0.1256489072143705,0.320206404431878,0.06460177249245519,4.956619487016006,0.5,0.6033523422536347,-0.01940297580645478,0.18612265586853027
AAPL,1h,5,0.55,0.25,12,26,0.29428914469195117,0.06163960725110251,0.3115240775449159,0.05595180740043708,5.567721437761497,0.5657894736842105,0.6983904237477592,-0.01940297580645478,0.19400262832641602
AAPL,1h,5,0.55,0.25,20,50,0.2084089023000424,-0.025504695693114865,0.2671716518724235,0.07386642138403282,3.6169567560799156,0.09210526315789473,0.12056563549779528,-0.004387458458490201,0.18685603141784668
AAPL,1h,5,0.55,0.5,8,21,0.5993754864128286,0.023742915917517537,0.5891711123220582,0.0460909312229285,12.782799060240464,0.8289473684210527,1.1560079366176772,-0.031924018793480835,0.20890498161315918
AAPL,1h,5,0.55,0.5,9,21,0.5833114624457677,0.3285556708616253,0.5772272621281939,0.048215119931087874,11.971913850949742,0.7763157894736842,1.0678089332186589,-0.031924018793480835,0.20723533630371094
AAPL,1h,5,0.55,0.5,10,30,0.5117743921392769,0.017303711312069314,0.515977728223773,0.0516265792950111,9.994420224421766,0.5,0.6359187285457132,-0.026464631261442828,0.22125792503356934
AAPL,1h,5,0.55,0.5,12,26,0.5115151186177995,-0.054365066861944755,0.5090814588547119,0.04992090820610177,10.197760360307058,0.5657894736842105,0.7294629455273495,-0.025868638751328943,0.19810724258422852
AAPL,1h,5,0.55,0.5,20,50,0.3637526166690746,-0.14169473056075188,0.41002781289159806,0.058168476815863575,7.048969396079772,0.09210526315789473,0.12050238829646016,-0.004387458458490201,0.18994855880737305
AAPL,1h,5,0.55,0.75,8,21,0.8044796536381837,0.005083624153148225,0.780437587209597,0.05133969587223344,15.20144546924924,0.8289473684210527,1.2175458362732179,-0.04002725799124951,0.21216702461242676
AAPL,1h,5,0.55,0.75,9,21,0.77723940625081,0.3659843569235186,0.7686603054945017,0.05600484396917804,13.72488968842641,0.7763157894736842,1.121563153453088,-0.04002725799124951,0.20148015022277832
AAPL,1h,5,0.55,0.75,10,30,0.6834928077899791,-0.0834484017373952,0.6729309447195823,0.0547538981566095,12.290101113802631,0.5,0.6621263866294758,-0.041331928670447216,0.19657135009765625
AAPL,1h,5,0.55,0.75,12,26,0.685251758733721,-0.1612163745702221,0.6670490099309603,0.054346587632248214,12.273981476900424,0.5657894736842105,0.753761723798096,-0.039030199643796504,0.212968111038208
AAPL,1h,5,0.55,0.75,20,50,0.48873824591840337,-0.2461519373312473,0.5267751297058867,0.0581395507821358,9.060529753314603,0.09210526315789473,0.12045708557961134,-0.004387458458490201,0.18554162979125977
AAPL,1h,5,0.55,1.0,8,21,0.9673398233541551,-0.03696996053780388,0.9328271060983504,0.0584657802297928,15.955095483751082,0.8289473684210527,1.266081115612023,-0.0541577913652721,0.22611379623413086
AAPL,1h,5,0.55,1.0,9,21,0.9317148437452806,0.37148814780244477,0.9209753875109727,0.0634986677486325,14.503853705352846,0.7763157894736842,1.1637138304378776,-0.0541577913652721,0.2004084587097168
AAPL,1h,5,0.55,1.0,10,30,0.8208348612176196,-0.17676644973093036,0.7981772706362251,0.06107770071438171,13.068227213868933,0.5,0.683179194038501,-0.056199226079451936,0.21497535705566406
AAPL,1h,5,0.55,1.0,12,26,0.8240524221146163,-0.2591048391710401,0.7930491248224364,0.06018711493564965,13.176393745909602,0.5657894736842105,0.7731351284925878,-0.05356877258868209,0.20310330390930176
AAPL,1h,5,0.55,1.0,20,50,0.5888214939884439,-0.3397692398311214,0.620401214536656,0.06040480713438029,10.270725857239688,0.09210526315789473,0.12042303956312202,-0.004387458458490201,0.18391013145446777
AAPL,1h,5,0.7,0.0,8,21,0.06320933769409263,0.04008576035348965,0.15927549143177386,0.372755861834554,0.4272917148717236,0.3157894736842105,0.08062049526306991,-0.08486540078869109,0.1985015869140625
AAPL,1h,5,0.7,0.0,9,21,0.0619372207328665,0.03706670602190387,0.09316447955130311,0.3718565518904818,0.2505387603839818,0.2894736842105263,0.01690446502406846,-0.08486540078869109,0.20898056030273438
AAPL,1h,5,0.7,0.0,10,30,0.2546005172163847,0.37442011862886804,0.18885054900220247,0.39167791016267317,0.4821577732677555,0.2236842105263158,0.16771697147975698,-0.034812576244320104,0.20273995399475098
AAPL,1h,5,0.7,0.0,12,26,0.23023110826230206,0.3265437524965906,0.17892375990466802,0.31553828720933014,0.5670429458405751,0.23684210526315788,0.06915553458321239,-0.08584278299589188,0.20453357696533203
AAPL,1h,5,0.7,0.0,20,50,0.19158689738286291,0.2604712623474166,0.1800647680847071,0.42328014199628466,0.4254032972949806,0.039473684210526314,0.014919904458939657,-0.004387458458490201,0.1959977149963379
AAPL,1h,5,0.7,0.25,8,21,0.35291715455969963,0.12684096505014786,0.3590440284056161,0.0529783023466766,6.777190142034429,0.8289473684210527,1.0787478086911684,-0.030334693453231254,0.20610904693603516
AAPL,1h,5,0.7,0.25,9,21,0.3409937572729383,0.12280403960636832,0.34016162814753115,0.04999359300237599,6.804104440570308,0.7763157894736842,0.9999092319967093,-0.030334693453231254,0.2120075225830078
AAPL,1h,5,0.7,0.25,10,30,0.3139415772445958,0.27747809181494953,0.3243996270884006,0.06308137527448289,5.142557936900653,0.5,0.6033523422536347,-0.01940297580645478,0.20072150230407715
AAPL,1h,5,0.7,0.25,12,26,0.31345717570905424,0.2211611587279234,0.31886081753453477,0.05432286811210222,5.869734581696322,0.5657894736842105,0.6976346398844742,-0.027757766499938885,0.21009397506713867
AAPL,1h,5,0.7,0.25,20,50,0.22768586446665484,0.15156324220997974,0.2690606216316187,0.07745825941978832,3.4736208074781705,0.09210526315789473,0.12056563549779528,-0.004387458458490201,0.19332337379455566
AAPL,1h,5,0.7,0.5,8,21,0.6195357755499237,0.1680878921875022,0.6085270713748432,0.04706853590982971,12.928531971774364,0.8289473684210527,1.1615441184408757,-0.03974019425727893,0.2090294361114502
AAPL,1h,5,0.7,0.5,9,21,0.5976095942840592,0.1631446343286047,0.590106815016689,0.04930770621552699,11.967841546659992,0.7763157894736842,1.0758141160871462,-0.03974019425727893,0.20925378799438477
AAPL,1h,5,0.7,0.5,10,30,0.5291146089262595,0.1835476033348582,0.5268168373614426,0.04802272848348009,10.970156298858958,0.5,0.6359187285457132,-0.026464631261442828,0.2132711410522461
AAPL,1h,5,0.7,0.5,12,26,0.5332783407119459,0.12020341527819567,0.5226730762219326,0.048462177423421564,10.785175244093075,0.5657894736842105,0.7289826523452191,-0.03664808808810183,0.20134353637695312
AAPL,1h,5,0.7,0.5,20,50,0.37613608461321096,0.04938109824040682,0.413041357544488,0.060293298018796536,6.850535152608863,0.09210526315789473,0.12050238829646016,-0.004387458458490201,0.1793973445892334
AAPL,1h,5,0.7,0.75,8,21,0.8293527302259796,0.17316414122346635,0.8066287590939808,0.052498216164976894,15.364879381027553,0.8289473684210527,1.2252255043361548,-0.049145695061325934,0.21426701545715332
AAPL,1h,5,0.7,0.75,9,21,0.7996103741738702,0.16749885656155317,0.7870120234192862,0.05652229400911703,13.923922183560729,0.7763157894736842,1.132942459531996,-0.049145695061325934,0.19969415664672852
AAPL,1h,5,0.7,0.75,10,30,0.7035118303479749,0.09301338214249588,0.6893469318080327,0.05118050622034444,13.468935395836604,0.5,0.6621263866294758,-0.041331928670447216,0.2064371109008789
AAPL,1h,5,0.7,0.75,12,26,0.7107226997712136,0.024014673310352563,0.6856592669915125,0.05156352942385931,13.297368792490888,0.5657894736842105,0.7533823910643779,-0.045538409676264324,0.20006227493286133
AAPL,1h,5,0.7,0.75,20,50,0.4986055030759708,-0.046183161086174374,0.5307091025012566,0.059621456246957694,8.901310633926979,0.09210526315789473,0.12045708557961134,-0.004387458458490201,0.18837785720825195
AAPL,1h,5,0.7,1.0,8,21,0.9961817209037523,0.15017580238141215,0.9644402083673285,0.05907886932025539,16.324621975063202,0.8289473684210527,1.2754578436811659,-0.058551195865373495,0.20339560508728027
AAPL,1h,5,0.7,1.0,9,21,0.9602340223318105,0.14400961491634834,0.9435835427494371,0.06372496956073395,14.807124259983238,0.7763157894736842,1.1777162859150831,-0.058551195865373495,0.20753908157348633
AAPL,1h,5,0.7,1.0,10,30,0.8432689128749395,0.006191495298414562,0.8191174830168821,0.057752768682128204,14.183172542347064,0.5,0.683179194038501,-0.056199226079451936,0.21214604377746582
AAPL,1h,5,0.7,1.0,12,26,0.8527925204834683,-0.0671489352092075,0.8156657252257713,0.056173359377806105,14.520508195705986,0.5657894736842105,0.77281314802613,-0.054428731264427044,0.20417332649230957
AAPL,1h,5,0.7,1.0,20,50,0.5972682273921014,-0.13527595891330535,0.6250564790409809,0.06171194240621873,10.128614570686302,0.09210526315789473,0.12042303956312202,-0.004387458458490201,0.18619227409362793
AAPL,1h,5,0.85,0.0,8,21,0.12275368489929514,0.1349927034363474,0.20796426944150395,0.3413894685183195,0.609170137392051,0.35526315789473684,0.16508987880782175,-0.07829547348693433,0.18653249740600586
AAPL,1h,5,0.85,0.0,9,21,0.08966722894684037,0.08196328469125569,0.13795882997114933,0.3339843208778521,0.413069780067924,0.32894736842105265,0.10326788578906575,-0.07829547348693433,0.1973567008972168
AAPL,1h,5,0.85,0.0,10,30,0.27248181401615934,0.4145476063410758,0.19150927458818626,0.3675823993564837,0.5209968565509563,0.2631578947368421,0.16034207757898486,-0.045837617149373955,0.1988523006439209
AAPL,1h,5,0.85,0.0,12,26,0.2493096580554498,0.36723538322205806,0.24100359845534375,0.3518602031905796,0.6849413382644126,0.2631578947368421,0.1899274279614771,-0.07605111117155172,0.2088780403137207
AAPL,1h,5,0.85,0.0,20,50,0.22703778332519356,0.330443750693417,0.15351568089503626,0.422147859026083,0.36365381847299877,0.05263157894736842,0.01614401041649315,-0.006341019333744868,0.1782081127166748
AAPL,1h,5,0.85,0.25,8,21,0.3721496040465209,0.25747049899439167,0.37745020284949377,0.053284596309202785,7.083664492064554,0.8421052631578947,1.110510752596502,-0.03214932667021375,0.20674729347229004
AAPL,1h,5,0.85,0.25,9,21,0.35499538122296526,0.18531652629630213,0.362478472033228,0.05390395756277038,6.724524291395991,0.8026315789473685,1.0280441708218058,-0.03214932667021375,0.20889782905578613
AAPL,1h,5,0.85,0.25,10,30,0.3256579514178793,0.32419455505700046,0.3253901209952112,0.0531053255055991,6.127259703189354,0.5921052631578947,0.7083732104194214,-0.030291738047667938,0.19005107879638672
AAPL,1h,5,0.85,0.25,12,26,0.32241830733784727,0.2685871465725709,0.3284198836720934,0.05760728743498243,5.701012810970476,0.631578947368421,0.8324560737683232,-0.0295772221821734,0.19028043746948242
AAPL,1h,5,0.85,0.25,20,50,0.2447175497922327,0.22704185643209418,0.2699388450132247,0.06986035615290287,3.8639775099687643,0.11842105263157894,0.148160948143375,-0.006341019333744868,0.19380617141723633
AAPL,1h,5,0.85,0.5,8,21,0.6456333447761178,0.3333123202313666,0.6366938228425483,0.05071306588300056,12.554828065640049,0.8421052631578947,1.1982251235280645,-0.04153722600490228,0.21683239936828613
AAPL,1h,5,0.85,0.5,9,21,0.6189039642024367,0.24311383604364223,0.6209346824987205,0.053704185315102335,11.562128330510312,0.8026315789473685,1.109329503711374,-0.04153722600490228,0.20516014099121094
AAPL,1h,5,0.85,0.5,10,30,0.5483308682404407,0.23561671277297558,0.5407447150386183,0.045562639294186316,11.868160480062796,0.5921052631578947,0.7553449159787377,-0.03930826827979994,0.18930459022521973
AAPL,1h,5,0.85,0.5,12,26,0.5461743635814365,0.1730911068254828,0.5386309919072081,0.050700665472265045,10.623745998005829,0.631578947368421,0.8687436682596724,-0.038450906408192265,0.2098846435546875
AAPL,1h,5,0.85,0.5,20,50,0.4000109564897625,0.12885912267946575,0.4195098600969599,0.05852564492745417,7.167966463538607,0.11842105263157894,0.14808860785763367,-0.006341019333744868,0.19833683967590332
AAPL,1h,5,0.85,0.75,8,21,0.8619784703866069,0.37010862662258215,0.843305016460256,0.05674500505425448,14.861308332847331,0.8421052631578947,1.2676945243333158,-0.050925125339590704,0.19870805740356445
AAPL,1h,5,0.85,0.75,9,21,0.8271828330243524,0.26389037383265834,0.8254372711142706,0.06052263363526578,13.63848896742819,0.8026315789473685,1.172480861903658,-0.050925125339590704,0.20017218589782715
AAPL,1h,5,0.85,0.75,10,30,0.7288977060850823,0.1492828221512923,0.7133080994846469,0.05212949383344261,13.683388174911428,0.5921052631578947,0.7930304682406216,-0.04832479851193128,0.19595909118652344
AAPL,1h,5,0.85,0.75,12,26,0.7270582158878713,0.08116552151910139,0.708340130976271,0.05499683129658571,12.879653505060134,0.631578947368421,0.8988314559089619,-0.047324590634210906,0.19911885261535645
AAPL,1h,5,0.85,0.75,20,50,0.5286927572194158,0.03595473909244573,0.5409215603001505,0.062060304846197845,8.716063539176933,0.11842105263157894,0.1480367758379429,-0.006341019333744868,0.18132400512695312
AAPL,1h,5,0.85,1.0,8,21,1.0342207776419905,0.3747639884203049,1.0080487395132414,0.06323296162723131,15.941823909116485,0.8421052631578947,1.3228881552591365,-0.0603130246742799,0.20163822174072266
AAPL,1h,5,0.85,1.0,9,21,0.9928983197976117,0.255146396902723,0.9882107339720447,0.06739261201646109,14.663487649516654,0.8026315789473685,1.2223708541589589,-0.0603130246742799,0.2082839012145996
AAPL,1h,5,0.85,1.0,10,30,0.8735976462518258,0.06559806535483115,0.8510638122521685,0.06005356668589552,14.171744647633954,0.5921052631578947,0.8231427098613053,-0.05734132874406295,0.20563340187072754
AAPL,1h,5,0.85,1.0,12,26,0.8719184558464956,-0.006849898563347723,0.844075250786015,0.0610045095497432,13.83627631819176,0.631578947368421,0.9230885297843183,-0.05619827486022955,0.21138262748718262
AAPL,1h,5,0.85,1.0,20,50,0.6324464227779493,-0.05165937634135287,0.6380927102552414,0.06691352217153958,9.536080145645693,0.11842105263157894,0.1479978138889393,-0.006341019333744868,0.1903834342956543
AAPL,1h,5,1.0,0.0,8,21,0.18627549920758263,0.24579202823415303,0.16634746034448294,0.29044918537425296,0.572724830094252,0.35526315789473684,0.1305566952530937,-0.07829547348693433,0.2069108486175537
AAPL,1h,5,1.0,0.0,9,21,0.16402798310827632,0.20633345192594654,0.12955337247032075,0.3189623537231586,0.4061713583376858,0.32894736842105265,0.0822860567407926,-0.07829547348693433,0.20351648330688477
AAPL,1h,5,1.0,0.0,10,30,0.21581974048755637,0.2997566663828206,0.1729151560063363,0.3327267599559894,0.5196911604861846,0.2631578947368421,0.13223651698529137,-0.045837617149373955,0.19114327430725098
AAPL,1h,5,1.0,0.0,12,26,0.2627026717652167,0.3925369542059436,0.23443077348792535,0.32670285016484957,0.7175657432117135,0.2631578947368421,0.15489703926682208,-0.07605111117155172,0.19329118728637695
AAPL,1h,5,1.0,0.0,20,50,0.2308663153587725,0.33876377867979524,0.16097765332177538,0.41667540661217173,0.3863382641913596,0.05263157894736842,0.01614401041649315,-0.006341019333744868,0.1790142059326172
AAPL,1h,5,1.0,0.25,8,21,0.3846948429603318,0.4132037931727961,0.3802180142121169,0.04935439880127225,7.70383235227081,0.8421052631578947,1.0940916677525088,-0.036077872304108305,0.21427178382873535
AAPL,1h,5,1.0,0.25,9,21,0.3707795044134143,0.3579203127571118,0.3671644909656705,0.05402125136711953,6.7966676386387475,0.8026315789473685,1.016911276245397,-0.036077872304108305,0.2117166519165039
AAPL,1h,5,1.0,0.25,10,30,0.326228864521045,0.19105131904531514,0.3332357220140079,0.05323089766262937,6.260193546349967,0.5921052631578947,0.7082323381977733,-0.0295772221821734,0.20540785789489746
AAPL,1h,5,1.0,0.25,12,26,0.32725663037350433,0.2982634180392023,0.3366944139033347,0.051986973428340424,6.47651501327422,0.631578947368421,0.8125086375304412,-0.03319968868554379,0.21497225761413574
AAPL,1h,5,1.0,0.25,20,50,0.2481162393510307,0.236890670107875,0.2745792743466682,0.0669150355106704,4.10340175793351,0.11842105263157894,0.148160948143375,-0.006341019333744868,0.17413878440856934
AAPL,1h,5,1.0,0.5,8,21,0.6593805478417998,0.5344963035460701,0.6536563234895141,0.04862572570994667,13.442602942084315,0.8421052631578947,1.190207673647209,-0.04931810553474647,0.19507598876953125
AAPL,1h,5,1.0,0.5,9,21,0.6368142820432792,0.4633225749139336,0.6321654721284093,0.0538520652933078,11.73892716435833,0.8026315789473685,1.1029989037470316,-0.04931810553474647,0.19060301780700684
AAPL,1h,5,1.0,0.5,10,30,0.5601565075801823,0.08783240095256706,0.5615865401695198,0.04962357726910656,11.31692979577147,0.5921052631578947,0.7551686282470201,-0.038450906408192265,0.19309759140014648
AAPL,1h,5,1.0,0.5,12,26,0.5537381673238371,0.20639962579920268,0.5558079737270353,0.047436199249579744,11.71695840981525,0.631578947368421,0.8555917896930622,-0.045629590714665214,0.1876356601715088
AAPL,1h,5,1.0,0.5,20,50,0.4054912931391299,0.14000784674970834,0.42903344564946433,0.0571921558985298,7.501613445218861,0.11842105263157894,0.14808860785763367,-0.006341019333744868,0.1739366054534912
AAPL,1h,5,1.0,0.75,8,21,0.8778774264780943,0.6150851405148219,0.8703887265561809,0.05303829321862654,16.410571942207763,0.8421052631578947,1.2674097042011532,-0.06248212702744027,0.1939845085144043
AAPL,1h,5,1.0,0.75,9,21,0.8482027180334164,0.5287576101276723,0.8415472676446841,0.05959840288154526,14.120298983804993,0.8026315789473685,1.1712256157017968,-0.06248212702744027,0.2053084373474121
AAPL,1h,5,1.0,0.75,10,30,0.7480658232835105,-0.009694943035431391,0.743668630598928,0.05522958486369573,13.465041108570173,0.5921052631578947,0.7928591247564036,-0.047324590634210906,0.20513534545898438
AAPL,1h,5,1.0,0.75,12,26,0.7370028667355103,0.1173972339530529,0.732336595715503,0.052444395899539115,13.964058183039132,0.631578947368421,0.8913931244080002,-0.0579932440435188,0.22030091285705566
AAPL,1h,5,1.0,0.75,20,50,0.5358354033100313,0.04817821683403589,0.5542576422977852,0.060028508731029585,9.23324023892137,0.11842105263157894,0.1480367758379429,-0.006341019333744868,0.17658758163452148
AAPL,1h,5,1.0,1.0,8,21,1.0520681047592537,0.6602048106015153,1.0429923817539126,0.05766831640152686,18.086055685965853,0.8421052631578947,1.3289637148474156,-0.07556993678218915,0.19775032997131348
AAPL,1h,5,1.0,1.0,9,21,1.0166806174324854,0.5600598548784563,1.0081447445518106,0.06536818192783202,15.422560561112526,0.8026315789473685,1.2254001924116826,-0.07556993678218915,0.2045753002166748
AAPL,1h,5,1.0,1.0,10,30,0.8982976357143351,-0.10140777334065254,0.8888440048290471,0.06164066217119221,14.419767301663555,0.5921052631578947,0.8229849905571506,-0.05619827486022955,0.17979693412780762
AAPL,1h,5,1.0,1.0,12,26,0.8837962051743867,0.03163588169282461,0.8734540220011631,0.058550880806753434,14.917863061428381,0.631578947368421,0.9202769251023181,-0.07029064867210522,0.18680739402770996
AAPL,1h,5,1.0,1.0,20,50,0.6409047918957002,-0.03857902385255818,0.6544401044924025,0.06392137467377035,10.238204479055847,0.11842105263157894,0.1479978138889393,-0.006341019333744868,0.1718282699584961
AAPL,1h,7,0.0,0.0,8,21,0.29812815256289826,0.4672731049961847,0.25263122280554284,0.40291404339395404,0.6270102195433521,0.34210526315789475,0.11396023686486129,-0.14413013276028153,0.18529081344604492
AAPL,1h,7,0.0,0.0,9,21,-0.01627031802216574,-0.08286539133018522,0.17286103194842437,0.25476020391634663,0.6785244684651973,0.3157894736842105,0.04265627388362239,-0.14413013276028153,0.19524478912353516
AAPL,1h,7,0.0,0.0,10,30,-0.048940291506424614,-0.12229503521218898,0.11896808063137007,0.38359409782938797,0.3101405399732813,0.17105263157894737,0.06702749470253325,-0.04111629117362481,0.20119071006774902
AAPL,1h,7,0.0,0.0,12,26,0.05748112684153502,0.029700077955437942,0.04481638598370412,0.33415683076236474,0.1341178209089948,0.19736842105263158,-0.02788345549276092,-0.14741914759691266,0.19611406326293945
AAPL,1h,7,0.0,0.0,20,50,0.08999524689176654,0.08182537226395903,0.0921875001763806,0.4462792576045333,0.20656909010562124,0.013157894736842105,-0.0654719146810773,-0.002944534162317103,0.1789228916168213
AAPL,1h,7,0.0,0.25,8,21,0.31664813192945607,0.7324348640393294,0.32142629600456396,0.06992351335283402,4.596827027020897,0.7236842105263158,0.8615202733995669,-0.04111629117362481,0.20630574226379395
AAPL,1h,7,0.0,0.25,9,21,0.27847703425622344,-0.03640448333628299,0.30939281344342623,0.05598084636958118,5.526761982140088,0.6710526315789473,0.8010415815319272,-0.04111629117362481,0.20070862770080566
AAPL,1h,7,0.0,0.25,10,30,0.20957888468688857,-0.27239593703224496,0.2834363806603804,0.06699113640681728,4.230953464338258,0.39473684210526316,0.3898103343715369,-0.04111629117362481,0.17713189125061035
AAPL,1h,7,0.0,0.25,12,26,0.2341348608528827,-0.1106863744736667,0.2666665867457974,0.05642255924749818,4.726240537513753,0.4605263157894737,0.47966614532261037,-0.04111629117362481,0.19093585014343262
AAPL,1h,7,0.0,0.25,20,50,0.1946108753594461,-0.05330403269885997,0.24183879431579913,0.10162213821335216,2.3797845485997056,0.06578947368421052,0.040180403218751944,-0.002944534162317103,0.19228267669677734
AAPL,1h,7,0.0,0.5,8,21,0.5035163809829735,0.9566956483778619,0.5064047079046567,0.05666792088392231,8.936355878345498,0.7236842105263158,0.9190567689167367,-0.04111629117362481,0.20183610916137695
AAPL,1h,7,0.0,0.5,9,21,0.4968569038842889,-0.03130906937464362,0.5027542764361146,0.05565495038040407,9.033415230806364,0.6710526315789473,0.8513368761503721,-0.04111629117362481,0.1994800567626953
AAPL,1h,7,0.0,0.5,10,30,0.3994743137897581,-0.3995774051439873,0.45563092977419134,0.05436916418625379,8.380318818463444,0.39473684210526316,0.40634148832590955,-0.04111629117362481,0.19585633277893066
AAPL,1h,7,0.0,0.5,12,26,0.420451182110341,-0.23527979825203205,0.4470834786051756,0.049869745695930695,8.965024231949453,0.4605263157894737,0.5003073530544182,-0.04111629117362481,0.23525309562683105
AAPL,1h,7,0.0,0.5,20,50,0.3409833225771829,-0.17412069415960674,0.37954053371636415,0.0728227332536398,5.211841368195199,0.06578947368421052,0.04011597949047002,-0.002944534162317103,0.19710946083068848
AAPL,1h,7,0.0,0.75,8,21,0.6570206807445085,1.1409388905892164,0.6572377262411602,0.056853359070891556,11.560226818289447,0.7236842105263158,0.9586996730450654,-0.04502899122398041,0.20751953125
AAPL,1h,7,0.0,0.75,9,21,0.6670352244654038,-0.05643714619526552,0.657846872164208,0.05915223250212308,11.121251799593477,0.6710526315789473,0.8844594367419273,-0.04502899122398041,0.1985321044921875
AAPL,1h,7,0.0,0.75,10,30,0.5466763235751437,-0.5068367830977732,0.5928481076606004,0.05284584217944521,11.218443745252547,0.39473684210526316,0.4201284913387333,-0.04111629117362481,0.19918584823608398
AAPL,1h,7,0.0,0.75,12,26,0.5679534296937995,-0.3453027396186241,0.5886363472857515,0.05180665946669552,11.362175313854445,0.4605263157894737,0.5127056850982243,-0.049426249380713716,0.1830441951751709
AAPL,1h,7,0.0,0.75,20,50,0.4586502984380462,-0.2817864537908469,0.49001863633044646,0.06887714087664579,7.1143870098794615,0.06578947368421052,0.04006985553686636,-0.002944534162317103,0.19615936279296875
AAPL,1h,7,0.0,1.0,8,21,0.7803862819190062,1.2865547956301504,0.7781695132774444,0.059355366288963284,13.11034809370117,0.7236842105263158,0.9888881932366288,-0.06069566866356324,0.2084941864013672
AAPL,1h,7,0.0,1.0,9,21,0.8020323772403349,-0.10276799082928334,0.7816913558978366,0.06267823129798698,12.471496717600292,0.6710526315789473,0.9093258053896068,-0.06069566866356324,0.24233484268188477
AAPL,1h,7,0.0,1.0,10,30,0.6633906354234819,-0.5968671232474086,0.7021848882269908,0.05322156321731391,13.193616379884116,0.39473684210526316,0.4313106117947649,-0.05512769176042576,0.2087721824645996
AAPL,1h,7,0.0,1.0,12,26,0.6855511432204688,-0.44197570105720263,0.7010160173437494,0.05454857763797275,12.851224499312206,0.4605263157894737,0.5217561782665296,-0.06573499917428516,0.19911479949951172
AAPL,1h,7,0.0,1.0,20,50,0.5529020607390066,-0.37741593478396795,0.5782468477063205,0.07067467812068574,8.181810842051414,0.06578947368421052,0.04003520409947727,-0.002944534162317103,0.17197370529174805
AAPL,1h,7,0.1,0.0,8,21,0.20914980504844105,0.29028226591969464,0.26271970800990535,0.42886936348744537,0.6125867930353952,0.32894736842105265,0.08809280432818964,-0.14413013276028153,0.19189190864562988
AAPL,1h,7,0.1,0.0,9,21,0.012569310194461456,-0.040434371564411875,0.13033014495704687,0.28002531096380084,0.465422730925544,0.3026315789473684,-0.007472897109051874,-0.14413013276028153,0.20284819602966309
AAPL,1h,7,0.1,0.0,10,30,-0.013217912938103015,-0.07381798417919683,0.1557094507107024,0.43661782184341386,0.3566264199965369,0.17105263157894737,0.06702749470253325,-0.04111629117362481,0.1810777187347412
AAPL,1h,7,0.1,0.0,12,26,0.006671193447797353,-0.046537957804326124,0.06032740305003488,0.3769523302740125,0.16003987296266867,0.19736842105263158,-0.02788345549276092,-0.14741914759691266,0.20285701751708984
AAPL,1h,7,0.1,0.0,20,50,0.10477524315041531,0.10590082200978035,0.09364185931800299,0.4041970180518603,0.23167380048802913,0.013157894736842105,-0.0654719146810773,-0.002944534162317103,0.18150663375854492
AAPL,1h,7,0.1,0.25,8,21,0.31157237221746653,0.4736628985109581,0.32762540670896256,0.07296236864689416,4.490334028141627,0.7236842105263158,0.8626953278333945,-0.04111629117362481,0.20518898963928223
AAPL,1h,7,0.1,0.25,9,21,0.2942058666671718,0.020661559896461013,0.30778193965806067,0.05443818580077818,5.653787596530467,0.6710526315789473,0.7673757264228062,-0.04111629117362481,0.20408225059509277
AAPL,1h,7,0.1,0.25,10,30,0.22180960273573186,-0.22082385766752777,0.29842014273097384,0.06855382364577753,4.353078017543294,0.39473684210526316,0.3898103343715369,-0.04111629117362481,0.18379712104797363
AAPL,1h,7,0.1,0.25,12,26,0.2272359799952782,-0.19282380003727517,0.2771094337493766,0.056693623359194825,4.887841300840648,0.4605263157894737,0.47966614532261037,-0.04111629117362481,0.18626761436462402
AAPL,1h,7,0.1,0.25,20,50,0.19784184517119588,-0.026656177511810708,0.2421089241566945,0.09661098429778733,2.506018605611489,0.06578947368421052,0.040180403218751944,-0.002944534162317103,0.18999409675598145
AAPL,1h,7,0.1,0.5,8,21,0.5131019186560978,0.6096852300486044,0.5162215329644791,0.056951574971123575,9.064218737167872,0.7236842105263158,0.9237761403675276,-0.04111629117362481,0.19997191429138184
AAPL,1h,7,0.1,0.5,9,21,0.5190787737645616,0.03922610377478408,0.511240226272321,0.056445955514903716,9.057163114854804,0.6710526315789473,0.8235169137320039,-0.04111629117362481,0.1918501853942871
AAPL,1h,7,0.1,0.5,10,30,0.41312515089019836,-0.34709931407178995,0.4715821267332476,0.05191413348398964,9.083887085945177,0.39473684210526316,0.40634148832590955,-0.04111629117362481,0.1897563934326172
AAPL,1h,7,0.1,0.5,12,26,0.4190332754843268,-0.3198599289809809,0.46007862835367924,0.04743146503715681,9.699861220674153,0.4605263157894737,0.5003073530544182,-0.04111629117362481,0.20190048217773438
AAPL,1h,7,0.1,0.5,20,50,0.3430155677809309,-0.14588725311290573,0.3819967922903357,0.07248435775396189,5.270058315022544,0.06578947368421052,0.04011597949047002,-0.002944534162317103,0.19082975387573242
AAPL,1h,7,0.1,0.75,8,21,0.6756962370916763,0.702965752358645,0.6701172231734848,0.05729729873708776,11.695441808668146,0.7236842105263158,0.9660351314421218,-0.04502899122398041,0.20172429084777832
AAPL,1h,7,0.1,0.75,9,21,0.6950914301383646,0.02573612038158979,0.6728769005457647,0.06196686620863166,10.858656274149885,0.6710526315789473,0.8614702886931241,-0.04502899122398041,0.20889043807983398
AAPL,1h,7,0.1,0.75,10,30,0.5624759512222749,-0.45511264156459796,0.6103865743172368,0.05032948128646061,12.12781373293112,0.39473684210526316,0.4201284913387333,-0.04111629117362481,0.19550013542175293
AAPL,1h,7,0.1,0.75,12,26,0.5693464049600366,-0.42960309289884824,0.6038149614211251,0.04945538607965113,12.209286172564536,0.4605263157894737,0.5127056850982243,-0.049426249380713716,0.20349335670471191
AAPL,1h,7,0.1,0.75,20,50,0.4602450248231327,-0.25278981094164,0.4939075695012101,0.06808137984750426,7.254664500154309,0.06578947368421052,0.04006985553686636,-0.002944534162317103,0.20464682579040527
AAPL,1h,7,0.1,1.0,8,21,0.8057898661411371,0.7582203070746101,0.7935179465351756,0.06066115343542668,13.081154933525443,0.7236842105263158,0.998268865938043,-0.06069566866356324,0.21531176567077637
AAPL,1h,7,0.1,1.0,9,21,0.834871756380392,-0.011168936072409874,0.8016378356976155,0.06705251792638428,11.955372601782365,0.6710526315789473,0.8902432704285048,-0.06069566866356324,0.2012343406677246
AAPL,1h,7,0.1,1.0,10,30,0.6811014378892689,-0.5471147736276241,0.7211187084550927,0.0516012518808672,13.974829721572519,0.39473684210526316,0.4313106117947649,-0.05512769176042576,0.1924593448638916
AAPL,1h,7,0.1,1.0,12,26,0.6888715389736948,-0.5239137929946512,0.7179357142903524,0.05258857708701556,13.651932683069592,0.4605263157894737,0.5217561782665296,-0.06573499917428516,0.1957690715789795
AAPL,1h,7,0.1,1.0,20,50,0.5542525579826241,-0.34833091713878694,0.5831973047273279,0.06836039292016817,8.531216393217495,0.06578947368421052,0.04003520409947727,-0.002944534162317103,0.19275903701782227
AAPL,1h,7,0.25,0.0,8,21,0.10376966056887584,0.10381438563103229,0.22455265131710495,0.4260034347432108,0.5271146497972776,0.32894736842105265,0.08809280432818964,-0.14413013276028153,0.2035973072052002
AAPL,1h,7,0.25,0.0,9,21,0.09479201503329208,0.09074888194435493,0.11189707650066383,0.32789282354348054,0.34126113310871414,0.3026315789473684,-0.007472897109051874,-0.14413013276028153,0.20215892791748047
AAPL,1h,7,0.25,0.0,10,30,-0.009641213360577487,-0.07015194654053647,0.16084920240720266,0.43925943463410283,0.3661826923334905,0.17105263157894737,0.06702749470253325,-0.04111629117362481,0.1937882900238037
AAPL,1h,7,0.25,0.0,12,26,0.01338406417731489,-0.038672118947576384,0.08587883432693957,0.38008454762952276,0.2259466607167826,0.19736842105263158,-0.02788345549276092,-0.14741914759691266,0.1974785327911377
AAPL,1h,7,0.25,0.0,20,50,0.04828301541473799,0.01606843905852684,0.10641296426094408,0.4216356941347257,0.2523812991671,0.013157894736842105,-0.0654719146810773,-0.002944534162317103,0.18909096717834473
AAPL,1h,7,0.25,0.25,8,21,0.30783047228963056,0.2122985168734115,0.329942375740152,0.06581208451314906,5.013401082505304,0.7236842105263158,0.8626953278333945,-0.04111629117362481,0.20436739921569824
AAPL,1h,7,0.25,0.25,9,21,0.30927105091509693,0.1986682481380848,0.3140913469428233,0.06260084337030465,5.01736606142619,0.6710526315789473,0.7673757264228062,-0.04111629117362481,0.19990015029907227
AAPL,1h,7,0.25,0.25,10,30,0.2299698335122596,-0.21615074480746943,0.30447008652249463,0.0684276481669417,4.449518501347357,0.39473684210526316,0.3898103343715369,-0.04111629117362481,0.19389891624450684
AAPL,1h,7,0.25,0.25,12,26,0.2403927510193109,-0.18308415408916012,0.28549368480309223,0.05653466227845488,5.049887507896066,0.4605263157894737,0.47966614532261037,-0.04111629117362481,0.18961572647094727
AAPL,1h,7,0.25,0.25,20,50,0.18794743711150072,-0.12491497100268245,0.23992641528340694,0.09524904296093452,2.518937805829823,0.06578947368421052,0.040180403218751944,-0.002944534162317103,0.18276715278625488
AAPL,1h,7,0.25,0.5,8,21,0.5277918725863142,0.27341344843042137,0.534404944415246,0.05659347355795013,9.442872310497611,0.7236842105263158,0.9237761403675276,-0.04111629117362481,0.20925498008728027
AAPL,1h,7,0.25,0.5,9,21,0.5311901851452617,0.2612566298548469,0.5286332547203629,0.06177189475376167,8.557828067726078,0.6710526315789473,0.8235169137320039,-0.04111629117362481,0.20576119422912598
AAPL,1h,7,0.25,0.5,10,30,0.42702504198339086,-0.34158689571176337,0.4810882222931004,0.04902417440416734,9.813285550244883,0.39473684210526316,0.40634148832590955,-0.04111629117362481,0.21920299530029297
AAPL,1h,7,0.25,0.5,12,26,0.4413296223640394,-0.30858405373733844,0.4701752269437497,0.04683055894919598,10.039923449425794,0.4605263157894737,0.5003073530544182,-0.04111629117362481,0.20168685913085938
AAPL,1h,7,0.25,0.5,20,50,0.3402952017071492,-0.24875532146449086,0.3805354705408733,0.07004950377525412,5.4323792465650875,0.06578947368421052,0.04011597949047002,-0.002944534162317103,0.19887304306030273
AAPL,1h,7,0.25,0.75,8,21,0.7021289410598817,0.29552086967403923,0.6992480592484399,0.06026504358403222,11.602879839843212,0.7236842105263158,0.9660351314421218,-0.04502899122398041,0.20534634590148926
AAPL,1h,7,0.25,0.75,9,21,0.7068909692022027,0.2868168244052769,0.6983248314365261,0.06826471639052087,10.229659894016558,0.6710526315789473,0.8614702886931241,-0.04502899122398041,0.19733738899230957
AAPL,1h,7,0.25,0.75,10,30,0.5809361244574534,-0.4489604724484044,0.6228061029234577,0.047497535072629146,13.11238787383632,0.39473684210526316,0.4201284913387333,-0.04111629117362481,0.19434380531311035
AAPL,1h,7,0.25,0.75,12,26,0.5989525292443315,-0.4171745124443701,0.6159827489315232,0.0496279297114825,12.412017839805278,0.4605263157894737,0.5127056850982243,-0.049426249380713716,0.22188782691955566
AAPL,1h,7,0.25,0.75,20,50,0.4612150253573106,-0.35717247577927247,0.49360868967359817,0.06620644599838124,7.455598654029352,0.06578947368421052,0.04006985553686636,-0.002944534162317103,0.18378233909606934
AAPL,1h,7,0.25,1.0,8,21,0.8409978065699519,0.2861844083960865,0.8310399103677492,0.06543300458391955,12.700622807285558,0.7236842105263158,0.998268865938043,-0.06069566866356324,0.20561647415161133
AAPL,1h,7,0.25,1.0,9,21,0.8468086664850804,0.28264054492144064,0.8333518227043621,0.07493771796237902,11.12059247817941,0.6710526315789473,0.8902432704285048,-0.06069566866356324,0.19852733612060547
AAPL,1h,7,0.25,1.0,10,30,0.7031756855395337,-0.5405305349169032,0.7358836371158941,0.05004359060075327,14.704852874901773,0.39473684210526316,0.4313106117947649,-0.05512769176042576,0.19464349746704102
AAPL,1h,7,0.25,1.0,12,26,0.7243006938824158,-0.5107246597759706,0.7318925999700394,0.05383661633748162,13.594699105569308,0.4605263157894737,0.5217561782665296,-0.06573499917428516,0.19426965713500977
AAPL,1h,7,0.25,1.0,20,50,0.5577458196996292,-0.4517663770778009,0.5839738339703386,0.06720281344389697,8.689723004794411,0.06578947368421052,0.04003520409947727,-0.002944534162317103,0.23482561111450195
AAPL,1h,7,0.4,0.0,8,21,-0.0011015376246707859,-0.05283285346745714,0.21082479720099995,0.44761624429275293,0.47099451793602676,0.32894736842105265,0.08809280432818964,-0.14413013276028153,0.18694639205932617
AAPL,1h,7,0.4,0.0,9,21,0.10134438614695855,0.10133042525743141,0.11537665974065656,0.3598472301101766,0.3206267829415582,0.3026315789473684,-0.007472897109051874,-0.14413013276028153,0.21561765670776367
AAPL,1h,7,0.4,0.0,10,30,-0.051299513157370184,-0.13034229149413934,0.12559779348688632,0.4226076711288819,0.2971971454076682,0.17105263157894737,0.06702749470253325,-0.04111629117362481,0.2033238410949707
AAPL,1h,7,0.4,0.0,12,26,0.022452731194497103,-0.024543593783653228,0.12517467600642018,0.38885387798261617,0.32190671893470524,0.19736842105263158,-0.02788345549276092,-0.14741914759691266,0.1876213550567627
AAPL,1h,7,0.4,0.0,20,50,0.03485678247725507,-0.004387141618037438,0.12910858403349285,0.40495492614803225,0.3188221100594709,0.013157894736842105,-0.0654719146810773,-0.002944534162317103,0.1748030185699463
AAPL,1h,7,0.4,0.25,8,21,0.30765470825675345,0.0015270482953981812,0.33340125636915774,0.061549258512354814,5.416820030451446,0.7236842105263158,0.8626953278333945,-0.04111629117362481,0.19735932350158691
AAPL,1h,7,0.4,0.25,9,21,0.321484500856785,0.21249208525591423,0.31211206969462135,0.052654746221367066,5.9275201590083375,0.6710526315789473,0.7673757264228062,-0.04111629117362481,0.19866394996643066
AAPL,1h,7,0.4,0.25,10,30,0.24479663868278506,-0.279910886986768,0.30368706759277353,0.06649634987093246,4.566973498278049,0.39473684210526316,0.3898103343715369,-0.04111629117362481,0.19446110725402832
AAPL,1h,7,0.4,0.25,12,26,0.24668195228147813,-0.16809779967046645,0.29537359943675,0.05997861691513621,4.924648393521217,0.4605263157894737,0.47966614532261037,-0.04111629117362481,0.18920516967773438
AAPL,1h,7,0.4,0.25,20,50,0.19132099991970575,-0.14733505450037354,0.2468134671665773,0.08639550563466784,2.8567859560918953,0.06578947368421052,0.040180403218751944,-0.002944534162317103,0.17550444602966309
AAPL,1h,7,0.4,0.5,8,21,0.5463467745577801,0.01287333824926673,0.5470715790446332,0.044684474042771746,12.242990227902855,0.7236842105263158,0.9237761403675276,-0.04111629117362481,0.19646954536437988
AAPL,1h,7,0.4,0.5,9,21,0.5529046242700726,0.27782085314846094,0.5336425091186399,0.05179677721698158,10.30261992716576,0.6710526315789473,0.8235169137320039,-0.04111629117362481,0.19777393341064453
AAPL,1h,7,0.4,0.5,10,30,0.4606247403997078,-0.40615425960301,0.48865904302690993,0.052130388561926824,9.373784782870382,0.39473684210526316,0.40634148832590955,-0.04111629117362481,0.18181133270263672
AAPL,1h,7,0.4,0.5,12,26,0.45074472241110997,-0.29337878039248866,0.4803324719368069,0.049524139610854424,9.698956422284423,0.4605263157894737,0.5003073530544182,-0.04111629117362481,0.19885563850402832
AAPL,1h,7,0.4,0.5,20,50,0.3495687734631579,-0.2722585399784767,0.3856640867708971,0.06520588154476537,5.914559816297087,0.06578947368421052,0.04011597949047002,-0.002944534162317103,0.16449236869812012
AAPL,1h,7,0.4,0.75,8,21,0.7329115198870717,-0.007905727584955446,0.7188886825455281,0.046842268344800694,15.34700833131882,0.7236842105263158,0.9660351314421218,-0.04502899122398041,0.1892101764678955
AAPL,1h,7,0.4,0.75,9,21,0.7361179708389362,0.30548270246522957,0.7089196884935549,0.05810296336918182,12.201093496542217,0.6710526315789473,0.8614702886931241,-0.04502899122398041,0.20077729225158691
AAPL,1h,7,0.4,0.75,10,30,0.6281458087308375,-0.5122593273178844,0.6359249072173586,0.05376181719406807,11.828560499021316,0.39473684210526316,0.4201284913387333,-0.04111629117362481,0.1919257640838623
AAPL,1h,7,0.4,0.75,12,26,0.6110553188628379,-0.4022306026545991,0.6274846555959883,0.052515488333010465,11.948563662152232,0.4605263157894737,0.5127056850982243,-0.049426249380713716,0.19129562377929688
AAPL,1h,7,0.4,0.75,20,50,0.4746008141332681,-0.3810376019227868,0.4983408292938229,0.0635747743232616,7.83865667788117,0.06578947368421052,0.04006985553686636,-0.002944534162317103,0.18552446365356445
AAPL,1h,7,0.4,1.0,8,21,0.8809941170602621,-0.05178787411783914,0.8561890896361621,0.05263080799190594,16.267830996777306,0.7236842105263158,0.998268865938043,-0.06069566866356324,0.19983625411987305
AAPL,1h,7,0.4,1.0,9,21,0.8820104501934249,0.3027172584634581,0.8484486333867259,0.06440448798453519,13.173750152170381,0.6710526315789473,0.8902432704285048,-0.06069566866356324,0.20387530326843262
AAPL,1h,7,0.4,1.0,10,30,0.7609702768897078,-0.6010591710207154,0.7532026223072449,0.05821163905300011,12.93903821573336,0.39473684210526316,0.4313106117947649,-0.05512769176042576,0.19800519943237305
AAPL,1h,7,0.4,1.0,12,26,0.7385797761749315,-0.4963907355267656,0.7446921917684192,0.05724233037376406,13.009466716430795,0.4605263157894737,0.5217561782665296,-0.06573499917428516,0.19785046577453613
AAPL,1h,7,0.4,1.0,20,50,0.5742768198127638,-0.4754154220078016,0.5885884950906624,0.06603425124434067,8.913381828359961,0.06578947368421052,0.04003520409947727,-0.002944534162317103,0.1758275032043457
AAPL,1h,7,0.55,0.0,8,21,-0.03054520602064374,-0.09286591506461161,0.12185871341901511,0.4873284424526022,0.2500545890687822,0.3157894736842105,0.11252549639394144,-0.08494731043913373,0.1962263584136963
AAPL,1h,7,0.55,0.0,9,21,0.19568717084475346,0.2695376655608728,0.1143607616053017,0.3665653241848199,0.3119792136902773,0.3026315789473684,0.048807078256158265,-0.08487797092044003,0.20139169692993164
AAPL,1h,7,0.55,0.0,10,30,0.04844143256511109,0.01515752438564344,0.12220589267316459,0.3809288463138814,0.3208102874216782,0.17105263157894737,0.05401768505606864,-0.041454318203519525,0.1961040496826172
AAPL,1h,7,0.55,0.0,12,26,0.024844568482398174,-0.01971837213916694,0.12229435852367991,0.3641188274496076,0.3358638699906417,0.19736842105263158,-0.017156483019950052,-0.08204380408367784,0.20657944679260254
AAPL,1h,7,0.55,0.0,20,50,0.11248152044866253,0.12001844424936059,0.19257619287286848,0.3570346897053731,0.5393767004314997,0.013157894736842105,-0.0654719146810773,-0.002944534162317103,0.19124341011047363
AAPL,1h,7,0.55,0.25,8,21,0.3206017629629022,-0.05114183061995481,0.3344274812499041,0.06653779714862089,5.026127939025642,0.8026315789473685,1.0784817284971335,-0.017746796352665295,0.20561838150024414
AAPL,1h,7,0.55,0.25,9,21,0.3433178180900124,0.4475153589337133,0.324777801693666,0.0502212614915976,6.466938345385924,0.7368421052631579,0.9539628328269363,-0.019417206987469737,0.20609140396118164
AAPL,1h,7,0.55,0.25,10,30,0.2721710064851755,-0.12562013955698625,0.3097075756336395,0.06843846748322548,4.525343524232917,0.47368421052631576,0.578350865748979,-0.021256136007563597,0.20038080215454102
AAPL,1h,7,0.55,0.25,12,26,0.26691614585949874,-0.16427090772617903,0.2982992494117273,0.057959818925697744,5.1466559927341295,0.5394736842105263,0.6982946739578785,-0.021256136007563597,0.1940314769744873
AAPL,1h,7,0.55,0.25,20,50,0.21102579162394405,-0.010530665969878727,0.2687925750327069,0.06926600589389827,3.880584300536163,0.06578947368421052,0.040180403218751944,-0.002944534162317103,0.17429041862487793
AAPL,1h,7,0.55,0.5,8,21,0.5743080835187241,-0.050749725881774066,0.5659646151190751,0.04726899988593674,11.973272472123075,0.8026315789473685,1.1402604223706951,-0.02815897017764679,0.2033672332763672
AAPL,1h,7,0.55,0.5,9,21,0.5776738870329869,0.5797447490179166,0.5573809447186872,0.049554143744480667,11.247917986288849,0.7368421052631579,1.0098027706974857,-0.02815897017764679,0.21349740028381348
AAPL,1h,7,0.55,0.5,10,30,0.49040633416497914,-0.24949124056093075,0.5035374461718998,0.05484005672145571,9.18192788766564,0.47368421052631576,0.6063181656967174,-0.0245861025797548,0.19466900825500488
AAPL,1h,7,0.55,0.5,12,26,0.4866144433529268,-0.2907968418100958,0.49292130549880175,0.0484547603663766,10.17281484361331,0.5394736842105263,0.7208063894437522,-0.03211863410540294,0.18514800071716309
AAPL,1h,7,0.55,0.5,20,50,0.36554577083695244,-0.12824179464474028,0.4067300180726864,0.059008636945349975,6.892720102133078,0.06578947368421052,0.04011597949047002,-0.002944534162317103,0.2148435115814209
AAPL,1h,7,0.55,0.75,8,21,0.7720465202112902,-0.08027210736263135,0.7496357269436349,0.04731185524580848,15.84456418056123,0.8026315789473685,1.1873077692273495,-0.04322397581385462,0.2327253818511963
AAPL,1h,7,0.55,0.75,9,21,0.7652931034572247,0.6710952949386964,0.7413149107240737,0.057215382184706835,12.956566615790615,0.7368421052631579,1.051400270300401,-0.04322397581385462,0.2033686637878418
AAPL,1h,7,0.55,0.75,10,30,0.6624319519913985,-0.35806412640610663,0.6574627218407889,0.05673615089165029,11.588074120437838,0.47368421052631576,0.6282335742711306,-0.03864622560973008,0.18851757049560547
AAPL,1h,7,0.55,0.75,12,26,0.6592058639145998,-0.40096044414998044,0.6475228153668213,0.05183596768583016,12.491766707074085,0.5394736842105263,0.7380973993773164,-0.047927951158104,0.19010066986083984
AAPL,1h,7,0.55,0.75,20,50,0.4901899357750155,-0.23405866603047976,0.5203060987299531,0.061297868893458216,8.488159672146137,0.06578947368421052,0.04006985553686636,-0.002944534162317103,0.18082666397094727
AAPL,1h,7,0.55,1.0,8,21,0.9288945055651232,-0.13046465440172117,0.8959188640374254,0.051782509160873035,17.30157303220029,0.8026315789473685,1.2242311558530985,-0.058288981450062005,0.19081878662109375
AAPL,1h,7,0.55,1.0,9,21,0.9151066053988498,0.7263450048281346,0.8877110356078639,0.06477059056778196,13.705464591663413,0.7368421052631579,1.083823298523192,-0.058288981450062005,0.20189547538757324
AAPL,1h,7,0.55,1.0,10,30,0.7993621558279762,-0.4528611922193333,0.7799757134209837,0.061614010801761425,12.659064119855767,0.47368421052631576,0.645726021163072,-0.053129960796946096,0.1959688663482666
AAPL,1h,7,0.55,1.0,12,26,0.796485114989691,-0.496375625027335,0.7706395755751622,0.056962433235087886,13.528908998579459,0.5394736842105263,0.75181569242734,-0.06373726821080561,0.19281315803527832
AAPL,1h,7,0.55,1.0,20,50,0.590063569696444,-0.328897847425785,0.611554283651947,0.06513962033640763,9.388361192368494,0.06578947368421052,0.04003520409947727,-0.002944534162317103,0.18509626388549805
AAPL,1h,7,0.7,0.0,8,21,0.04349892391357401,0.011142877532432482,0.13308996223875302,0.37680022384810463,0.3532109426039092,0.3026315789473684,0.06091895335103563,-0.07850258973522461,0.19226789474487305
AAPL,1h,7,0.7,0.0,9,21,0.15375470522873058,0.1917036296316903,0.10970573275060627,0.3745539541406167,0.2928970086627895,0.2894736842105263,-0.0029653579121906755,-0.07850258973522461,0.19145774841308594
AAPL,1h,7,0.7,0.0,10,30,0.21751698468161262,0.30307575030684,0.1297220523113595,0.4075016451445725,0.3183350395195018,0.17105263157894737,0.05401768505606864,-0.041454318203519525,0.19365596771240234
AAPL,1h,7,0.7,0.0,12,26,0.11974843834055943,0.13166123236862792,0.16250124107824016,0.35539025172408034,0.4572473225979301,0.18421052631578946,-0.05080100084758779,-0.08204380408367784,0.20009350776672363
AAPL,1h,7,0.7,0.0,20,50,0.18726315849464303,0.2520445144235559,0.21400420261479042,0.3696619209593373,0.5789187105326188,0.013157894736842105,-0.0654719146810773,-0.002944534162317103,0.182020902633667
AAPL,1h,7,0.7,0.25,8,21,0.3441448540335026,0.08734614833241339,0.3429389355917882,0.05582833220221692,6.142740111770171,0.8157894736842105,1.0812169408347208,-0.030334693453231254,0.19269418716430664
AAPL,1h,7,0.7,0.25,9,21,0.34930772388834785,0.3362253084012936,0.3339563190055264,0.04995190264438853,6.685557532872919,0.75,0.9581068564666935,-0.030334693453231254,0.20723867416381836
AAPL,1h,7,0.7,0.25,10,30,0.3062324377696575,0.1943977375346575,0.3141538673704776,0.06698978611151737,4.689578600049687,0.47368421052631576,0.578350865748979,-0.021256136007563597,0.20004677772521973
AAPL,1h,7,0.7,0.25,12,26,0.29233085382391477,0.000545066553290452,0.31000395414967763,0.058352290363885694,5.312627014577982,0.5394736842105263,0.6879662282418023,-0.027757766499938885,0.2047579288482666
AAPL,1h,7,0.7,0.25,20,50,0.22616313221622905,0.1377198200553864,0.27381166974075666,0.0710742233006174,3.8524750187228305,0.06578947368421052,0.040180403218751944,-0.002944534162317103,0.2252976894378662
AAPL,1h,7,0.7,0.5,8,21,0.6060046671486822,0.1185958225131265,0.5864378196840245,0.04758078487627372,12.325097646223428,0.8157894736842105,1.1544638342370335,-0.03974019425727893,0.28908872604370117
AAPL,1h,7,0.7,0.5,9,21,0.5966522580526886,0.43377117165342916,0.5756522537009167,0.050016445631823336,11.509259533121515,0.75,1.0269950775913579,-0.03974019425727893,0.18641924858093262
AAPL,1h,7,0.7,0.5,10,30,0.5217883287213518,0.090963764669586,0.5153218446637924,0.05209310813283395,9.892322864470978,0.47368421052631576,0.6063181656967174,-0.0245861025797548,0.19073057174682617
AAPL,1h,7,0.7,0.5,12,26,0.5149438009504905,-0.11875427809933292,0.5107627856081233,0.050410893320041554,10.131992352634274,0.5394736842105263,0.7143707345366893,-0.03664808808810183,0.19351673126220703
AAPL,1h,7,0.7,0.5,20,50,0.3749727468009493,0.031177114086663238,0.4126981530126689,0.05903972876755778,6.99017698129138,0.06578947368421052,0.04011597949047002,-0.002944534162317103,0.17707347869873047
AAPL,1h,7,0.7,0.75,8,21,0.8116856872108188,0.11475551765446146,0.7794765294396662,0.051242590832301954,15.211497248267648,0.8157894736842105,1.210253172076138,-0.049145695061325934,0.1966993808746338
AAPL,1h,7,0.7,0.75,9,21,0.7933876390717187,0.4908401549627308,0.7665666780720237,0.05784543674250716,13.251981854408225,0.75,1.0784531509403177,-0.049145695061325934,0.18535304069519043
AAPL,1h,7,0.7,0.75,10,30,0.6956735724693598,-0.006978994898449886,0.6753357118668781,0.054119501897056485,12.47860176450754,0.47368421052631576,0.6282335742711306,-0.03864622560973008,0.2011396884918213
AAPL,1h,7,0.7,0.75,12,26,0.6921242023824009,-0.2267828906490854,0.6708095717783046,0.05238660451099216,12.804982839411746,0.5394736842105263,0.7344239813658092,-0.047927951158104,0.21849560737609863
AAPL,1h,7,0.7,0.75,20,50,0.497602803574037,-0.06780518789947132,0.5273601208804168,0.06079988430747086,8.673702703339139,0.06578947368421052,0.04006985553686636,-0.002944534162317103,0.21142339706420898
AAPL,1h,7,0.7,1.0,8,21,0.9751436620527527,0.08427334953386678,0.9332149438708994,0.05654918966470864,16.502711168879976,0.8157894736842105,1.2540805616936037,-0.058551195865373495,0.1937422752380371
AAPL,1h,7,0.7,1.0,9,21,0.9502294676451627,0.5135360154795192,0.9184724777148411,0.06537857794386308,14.048523332879494,0.75,1.1186413638229922,-0.058551195865373495,0.2004685401916504
AAPL,1h,7,0.7,1.0,10,30,0.8348608235871534,-0.0992659574331336,0.8027707144836709,0.05936446534608798,13.522748159249986,0.47368421052631576,0.645726021163072,-0.053129960796946096,0.19506287574768066
AAPL,1h,7,0.7,1.0,12,26,0.8334958361612519,-0.3241471206260145,0.798373104254119,0.05588313651071194,14.286476280748543,0.5394736842105263,0.7502790948410686,-0.06373726821080561,0.2006216049194336
AAPL,1h,7,0.7,1.0,20,50,0.59637430860696,-0.1594812455676745,0.6195210936412974,0.06468060901072699,9.578158015465695,0.06578947368421052,0.04003520409947727,-0.002944534162317103,0.18718910217285156
AAPL,1h,7,0.85,0.0,8,21,0.15023413947920886,0.18154019168617075,0.19722448706842705,0.3357380380345809,0.5874356335164888,0.35526315789473684,0.1338889233070865,-0.07990663621621807,0.20295333862304688
AAPL,1h,7,0.85,0.0,9,21,0.16398174683627445,0.21074354768034076,0.12595529225986954,0.347662520750587,0.36229183401172493,0.32894736842105265,0.09352839065234116,-0.07983691473271681,0.18428993225097656
AAPL,1h,7,0.85,0.0,10,30,0.2632284893369643,0.3960962712543854,0.16533739381863052,0.3763242072422064,0.4393482817123629,0.2631578947368421,0.16034207757898486,-0.045837617149373955,0.19840550422668457
AAPL,1h,7,0.85,0.0,12,26,0.1565555998450712,0.19868637618043317,0.22315450134479034,0.3566836831149934,0.625636977267744,0.2631578947368421,0.1899274279614771,-0.07605111117155172,0.21020197868347168
AAPL,1h,7,0.85,0.0,20,50,0.22356595162740076,0.3233441909931243,0.17709454417921863,0.38067483158337473,0.4652121167102472,0.05263157894736842,0.01614401041649315,-0.006341019333744868,0.18830180168151855
AAPL,1h,7,0.85,0.25,8,21,0.37265031046121655,0.3218752077528033,0.3739710979691221,0.052847801859007115,7.076379429495312,0.8421052631578947,1.1075290743430788,-0.03214932667021375,0.2088634967803955
AAPL,1h,7,0.85,0.25,9,21,0.36227550754446625,0.36480679397039806,0.3568414738142912,0.05344874517665139,6.676330241896386,0.8026315789473685,1.0254870210765046,-0.03214932667021375,0.1973719596862793
AAPL,1h,7,0.85,0.25,10,30,0.32421212978514624,0.30240637590686537,0.31806595206606353,0.05520624199797677,5.76141285033892,0.5921052631578947,0.7083732104194214,-0.030291738047667938,0.19946527481079102
AAPL,1h,7,0.85,0.25,12,26,0.3085042012929952,0.07677535622313192,0.32217878113224285,0.05406758527833773,5.95881579459633,0.631578947368421,0.8324560737683232,-0.0295772221821734,0.20575165748596191
AAPL,1h,7,0.85,0.25,20,50,0.24400815305353377,0.21898009287659947,0.2740151472599486,0.0648493391803314,4.225411557363356,0.11842105263157894,0.148160948143375,-0.006341019333744868,0.19102120399475098
AAPL,1h,7,0.85,0.5,8,21,0.6420928437455278,0.41519046567777473,0.632459414601221,0.050752427043329294,12.461658514601995,0.8421052631578947,1.1945206873318983,-0.04153722600490228,0.20346999168395996
AAPL,1h,7,0.85,0.5,9,21,0.619567278358564,0.47308148047494547,0.612778496946089,0.05165408170975403,11.863118589336489,0.8026315789473685,1.1058760622219326,-0.04153722600490228,0.2116241455078125
AAPL,1h,7,0.85,0.5,10,30,0.5473817306600013,0.21099320682072542,0.5324615483307922,0.046043528751499516,11.564308009590844,0.5921052631578947,0.7553449159787377,-0.03930826827979994,0.21163630485534668
AAPL,1h,7,0.85,0.5,12,26,0.5371595788963662,-0.035825298239787084,0.5311141036371837,0.04776756027480437,11.118719494604937,0.631578947368421,0.8687436682596724,-0.038450906408192265,0.20110726356506348
AAPL,1h,7,0.85,0.5,20,50,0.3995845296462692,0.12008718947373365,0.4203693166604071,0.057549000698063936,7.304545892393735,0.11842105263157894,0.14808860785763367,-0.006341019333744868,0.1784677505493164
AAPL,1h,7,0.85,0.75,8,21,0.8558198917472785,0.4681912266351298,0.8382167399146587,0.05635609130978389,14.873578355657488,0.8421052631578947,1.2631660414524322,-0.050925125339590704,0.20010685920715332
AAPL,1h,7,0.85,0.75,9,21,0.824221568826421,0.5416598086274098,0.8150513995166996,0.05738880848211127,14.20227080983499,0.8026315789473685,1.1681395647413675,-0.050925125339590704,0.19277620315551758
AAPL,1h,7,0.85,0.75,10,30,0.7281406805413932,0.12231058614472912,0.7036467434079797,0.051276092389063645,13.722706053124597,0.5921052631578947,0.7930304682406216,-0.04832479851193128,0.19488263130187988
AAPL,1h,7,0.85,0.75,12,26,0.7198889798959247,-0.1393895768168094,0.699352302551745,0.0516135876823222,13.549771173749953,0.631578947368421,0.8988314559089619,-0.047324590634210906,0.20594024658203125
AAPL,1h,7,0.85,0.75,20,50,0.5283730214530207,0.026692346656800314,0.5400372513868131,0.06295587276202735,8.578028191716907,0.11842105263157894,0.1480367758379429,-0.006341019333744868,0.2025156021118164
AAPL,1h,7,0.85,1.0,8,21,1.026089151511179,0.4871529681222926,1.0022310456133883,0.06234255732593316,16.0761939933523,0.8421052631578947,1.3176466662420379,-0.0603130246742799,0.21155619621276855
AAPL,1h,7,0.85,1.0,9,21,0.9873664891922196,0.5762443819183314,0.9759981824428389,0.06342720203028601,15.387690946493384,0.8026315789473685,1.2172808404878424,-0.0603130246742799,0.2018299102783203
AAPL,1h,7,0.85,1.0,10,30,0.8729540451857644,0.036743693162278435,0.8401847566150213,0.058319983065234275,14.406464344737996,0.5921052631578947,0.8231427098613053,-0.05734132874406295,0.2002086639404297
AAPL,1h,7,0.85,1.0,12,26,0.865818111809467,-0.2342524577309656,0.8338249081098201,0.0568609224602006,14.664287388117032,0.631578947368421,0.9230885297843183,-0.05619827486022955,0.22059226036071777
AAPL,1h,7,0.85,1.0,20,50,0.6321867250063392,-0.06122244599252791,0.635983398186679,0.06904217472436489,9.211520360210226,0.11842105263157894,0.1479978138889393,-0.006341019333744868,0.20066571235656738
AAPL,1h,7,1.0,0.0,8,21,0.18627549920758263,0.24579202823415303,0.16634746034448294,0.29044918537425296,0.572724830094252,0.35526315789473684,0.1305566952530937,-0.07829547348693433,0.19813084602355957
AAPL,1h,7,1.0,0.0,9,21,0.16402798310827632,0.20633345192594654,0.12955337247032075,0.3189623537231586,0.4061713583376858,0.32894736842105265,0.0822860567407926,-0.07829547348693433,0.20004487037658691
AAPL,1h,7,1.0,0.0,10,30,0.21581974048755637,0.2997566663828206,0.1729151560063363,0.3327267599559894,0.5196911604861846,0.2631578947368421,0.13223651698529137,-0.045837617149373955,0.1953120231628418
AAPL,1h,7,1.0,0.0,12,26,0.2627026717652167,0.3925369542059436,0.23443077348792535,0.32670285016484957,0.7175657432117135,0.2631578947368421,0.15489703926682208,-0.07605111117155172,0.19394707679748535
AAPL,1h,7,1.0,0.0,20,50,0.2308663153587725,0.33876377867979524,0.16097765332177538,0.41667540661217173,0.3863382641913596,0.05263157894736842,0.01614401041649315,-0.006341019333744868,0.17740225791931152
AAPL,1h,7,1.0,0.25,8,21,0.3846948429603318,0.4132037931727961,0.3802180142121169,0.04935439880127225,7.70383235227081,0.8421052631578947,1.0940916677525088,-0.036077872304108305,0.19661784172058105
AAPL,1h,7,1.0,0.25,9,21,0.3707795044134143,0.3579203127571118,0.3671644909656705,0.05402125136711953,6.7966676386387475,0.8026315789473685,1.016911276245397,-0.036077872304108305,0.1988053321838379
AAPL,1h,7,1.0,0.25,10,30,0.326228864521045,0.19105131904531514,0.3332357220140079,0.05323089766262937,6.260193546349967,0.5921052631578947,0.7082323381977733,-0.0295772221821734,0.2139883041381836
AAPL,1h,7,1.0,0.25,12,26,0.32725663037350433,0.2982634180392023,0.3366944139033347,0.051986973428340424,6.47651501327422,0.631578947368421,0.8125086375304412,-0.03319968868554379,0.19941401481628418
AAPL,1h,7,1.0,0.25,20,50,0.2481162393510307,0.236890670107875,0.2745792743466682,0.0669150355106704,4.10340175793351,0.11842105263157894,0.148160948143375,-0.006341019333744868,0.1886310577392578
AAPL,1h,7,1.0,0.5,8,21,0.6593805478417998,0.5344963035460701,0.6536563234895141,0.04862572570994667,13.442602942084315,0.8421052631578947,1.190207673647209,-0.04931810553474647,0.2100381851196289
AAPL,1h,7,1.0,0.5,9,21,0.6368142820432792,0.4633225749139336,0.6321654721284093,0.0538520652933078,11.73892716435833,0.8026315789473685,1.1029989037470316,-0.04931810553474647,0.20010995864868164
AAPL,1h,7,1.0,0.5,10,30,0.5601565075801823,0.08783240095256706,0.5615865401695198,0.04962357726910656,11.31692979577147,0.5921052631578947,0.7551686282470201,-0.038450906408192265,0.20070528984069824
AAPL,1h,7,1.0,0.5,12,26,0.5537381673238371,0.20639962579920268,0.5558079737270353,0.047436199249579744,11.71695840981525,0.631578947368421,0.8555917896930622,-0.045629590714665214,0.1995713710784912
AAPL,1h,7,1.0,0.5,20,50,0.4054912931391299,0.14000784674970834,0.42903344564946433,0.0571921558985298,7.501613445218861,0.11842105263157894,0.14808860785763367,-0.006341019333744868,0.1864488124847412
AAPL,1h,7,1.0,0.75,8,21,0.8778774264780943,0.6150851405148219,0.8703887265561809,0.05303829321862654,16.410571942207763,0.8421052631578947,1.2674097042011532,-0.06248212702744027,0.20664763450622559
AAPL,1h,7,1.0,0.75,9,21,0.8482027180334164,0.5287576101276723,0.8415472676446841,0.05959840288154526,14.120298983804993,0.8026315789473685,1.1712256157017968,-0.06248212702744027,0.2130882740020752
AAPL,1h,7,1.0,0.75,10,30,0.7480658232835105,-0.009694943035431391,0.743668630598928,0.05522958486369573,13.465041108570173,0.5921052631578947,0.7928591247564036,-0.047324590634210906,0.19058465957641602
AAPL,1h,7,1.0,0.75,12,26,0.7370028667355103,0.1173972339530529,0.732336595715503,0.052444395899539115,13.964058183039132,0.631578947368421,0.8913931244080002,-0.0579932440435188,0.20799565315246582
AAPL,1h,7,1.0,0.75,20,50,0.5358354033100313,0.04817821683403589,0.5542576422977852,0.060028508731029585,9.23324023892137,0.11842105263157894,0.1480367758379429,-0.006341019333744868,0.19146013259887695
AAPL,1h,7,1.0,1.0,8,21,1.0520681047592537,0.6602048106015153,1.0429923817539126,0.05766831640152686,18.086055685965853,0.8421052631578947,1.3289637148474156,-0.07556993678218915,0.2042696475982666
AAPL,1h,7,1.0,1.0,9,21,1.0166806174324854,0.5600598548784563,1.0081447445518106,0.06536818192783202,15.422560561112526,0.8026315789473685,1.2254001924116826,-0.07556993678218915,0.19532227516174316
AAPL,1h,7,1.0,1.0,10,30,0.8982976357143351,-0.10140777334065254,0.8888440048290471,0.06164066217119221,14.419767301663555,0.5921052631578947,0.8229849905571506,-0.05619827486022955,0.19632911682128906
AAPL,1h,7,1.0,1.0,12,26,0.8837962051743867,0.03163588169282461,0.8734540220011631,0.058550880806753434,14.917863061428381,0.631578947368421,0.9202769251023181,-0.07029064867210522,0.19803118705749512
AAPL,1h,7,1.0,1.0,20,50,0.6409047918957002,-0.03857902385255818,0.6544401044924025,0.06392137467377035,10.238204479055847,0.11842105263157894,0.1479978138889393,-0.006341019333744868,0.17336773872375488
AAPL,1h,10,0.0,0.0,8,21,0.01934046015112089,-0.0279758021984583,0.17209321558736723,0.46029265386283863,0.37387782347412574,0.27631578947368424,-0.03541758297528103,-0.08620615320230618,0.20668768882751465
AAPL,1h,10,0.0,0.0,9,21,-0.03303207082371665,-0.10211718125355418,0.10901096229624356,0.4397443458596195,0.24789622270900863,0.27631578947368424,-0.011228340986604917,-0.08821135913848277,0.19139957427978516
AAPL,1h,10,0.0,0.0,10,30,0.012281485748261923,-0.03885794049594149,0.11882500192858073,0.4551538540289687,0.2610655734907124,0.14473684210526316,0.03660220108026751,-0.029880241547359354,0.18351364135742188
AAPL,1h,10,0.0,0.0,12,26,0.0640196018403553,0.04033430644879177,0.027429703547336187,0.42843065521884544,0.06402367153985491,0.15789473684210525,-0.05700588174110767,-0.029880241547359354,0.1904582977294922
AAPL,1h,10,0.0,0.0,20,50,0.06429195016512643,0.041221275807548974,0.13626061516119728,0.4171587470807382,0.3266397171694088,0.02631578947368421,0.013381820226801941,-0.002070084824280949,0.17518949508666992
AAPL,1h,10,0.0,0.25,8,21,0.22407045845161416,-0.1731193838653955,0.2961252880634351,0.08562287235783622,3.4584834625246446,0.5657894736842105,0.6498423184004507,-0.09110383768738628,0.2001643180847168
AAPL,1h,10,0.0,0.25,9,21,0.2292454711969403,-0.24883695928952632,0.277159159322217,0.08662157846723463,3.199654915397956,0.5657894736842105,0.6587834686230593,-0.09361009445686463,0.19956207275390625
AAPL,1h,10,0.0,0.25,10,30,0.20544023430363845,-0.18445981701895642,0.2695338026905785,0.0875490119132145,3.078661846666661,0.35526315789473684,0.4131555975490228,-0.029880241547359354,0.17960166931152344
AAPL,1h,10,0.0,0.25,12,26,0.21704576436049405,-0.09978497382327434,0.2577398217885786,0.07732335119083007,3.3332727800750637,0.40789473684210525,0.4255131255889208,-0.029880241547359354,0.18526673316955566
AAPL,1h,10,0.0,0.25,20,50,0.1823027975261371,-0.09385545584592869,0.2454607196675122,0.1027681740316942,2.3884896465301693,0.06578947368421052,0.09285899834982944,-0.002070084824280949,0.1790616512298584
AAPL,1h,10,0.0,0.5,8,21,0.4111495156531724,-0.2996649073047972,0.4669868648252439,0.0651841159273648,7.164120555774834,0.5789473684210527,0.6734844368375892,-0.09600152217246605,0.20883798599243164
AAPL,1h,10,0.0,0.5,9,21,0.4292076377448342,-0.3734100610564065,0.45623447537944584,0.060553810985763686,7.534364360431541,0.5789473684210527,0.6806582308641037,-0.09900882977524672,0.20017623901367188
AAPL,1h,10,0.0,0.5,10,30,0.3784681336215942,-0.3110337403638598,0.43027029352684715,0.06249735614438479,6.884615927317202,0.35526315789473684,0.41876655137766466,-0.029880241547359354,0.22830653190612793
AAPL,1h,10,0.0,0.5,12,26,0.38859361800637054,-0.2246291973090936,0.4287312295018316,0.05319087788403391,8.060239773378926,0.40789473684210525,0.43531762844473343,-0.029880241547359354,0.20627069473266602
AAPL,1h,10,0.0,0.5,20,50,0.3259424517363601,-0.21421408135501363,0.37805792686113193,0.07723262902252008,4.895054482101016,0.06578947368421052,0.09277083103256556,-0.002070084824280949,0.1873469352722168
AAPL,1h,10,0.0,0.75,8,21,0.5581442538388954,-0.4094563991688819,0.6049660448083523,0.0632358401288456,9.56682228900113,0.5789473684210527,0.6897040555366549,-0.10089920665754593,0.21161103248596191
AAPL,1h,10,0.0,0.75,9,21,0.584804569942634,-0.47886630879076086,0.5988168047788999,0.05413660886363854,11.061217489392874,0.5789473684210527,0.6964339845930823,-0.10440756509362847,0.2175610065460205
AAPL,1h,10,0.0,0.75,10,30,0.5142824619673312,-0.42056438642583305,0.5583673969840295,0.0553305512276523,10.091484443859594,0.35526315789473684,0.4233613013639044,-0.029880241547359354,0.19809556007385254
AAPL,1h,10,0.0,0.75,12,26,0.524848608453219,-0.33528722601993055,0.562008149880413,0.047745099032298864,11.771012339930905,0.40789473684210525,0.44294354236765404,-0.029880241547359354,0.19900298118591309
AAPL,1h,10,0.0,0.75,20,50,0.4406615730648894,-0.32104378814712664,0.4853131969177936,0.0731347157814254,6.635879988489029,0.06578947368421052,0.09270782126401331,-0.002070084824280949,0.18470025062561035
AAPL,1h,10,0.0,1.0,8,21,0.6751157967407877,-0.5042492326546311,0.715302819292339,0.06494679059451278,11.013674621094726,0.5789473684210527,0.7019954479416954,-0.10579689114262569,0.2090144157409668
AAPL,1h,10,0.0,1.0,9,21,0.7082858281024434,-0.5678722250995758,0.7124859350472457,0.05298983374741383,13.445709953411932,0.5789473684210527,0.7086275779593139,-0.10980630041201056,0.20381927490234375
AAPL,1h,10,0.0,1.0,10,30,0.6223471199867169,-0.5149103326412162,0.6604340554260125,0.05237158396461059,12.610541928086272,0.35526315789473684,0.4270682363351765,-0.033044876432856696,0.19236326217651367
AAPL,1h,10,0.0,1.0,12,26,0.6335919745273172,-0.4328626919306965,0.667584583313205,0.047367368381263764,14.093765521017822,0.40789473684210525,0.4489935286941646,-0.03256224286957499,0.203810453414917
AAPL,1h,10,0.0,1.0,20,50,0.5324031254846604,-0.41549787748414846,0.5711126515502061,0.07398574531407452,7.719225495746431,0.06578947368421052,0.0926605458931489,-0.002070084824280949,0.1847071647644043
AAPL,1h,10,0.1,0.0,8,21,-0.039938134858256126,-0.11319358820840719,0.16769498288072068,0.47834879088358906,0.3505705169045382,0.27631578947368424,-0.0697249622199995,-0.08620615320230618,0.20208334922790527
AAPL,1h,10,0.1,0.0,9,21,-0.06404450457350376,-0.14534417798261556,0.08136710552273398,0.4339587124359624,0.18749964729591875,0.27631578947368424,-0.05054321741701164,-0.08821135913848277,0.19803380966186523
AAPL,1h,10,0.1,0.0,10,30,0.060146780432253674,0.034129218854086485,0.14380027710914753,0.5144641276016759,0.2795146821596956,0.14473684210526316,0.03660220108026751,-0.029880241547359354,0.19623088836669922
AAPL,1h,10,0.1,0.0,12,26,0.0541776859262344,0.025587649840344007,0.06686338451587155,0.4711719233220441,0.14190867750447578,0.15789473684210525,-0.05700588174110767,-0.029880241547359354,0.1997995376586914
AAPL,1h,10,0.1,0.0,20,50,0.07561555731336812,0.05887062915928887,0.11488379138846391,0.39680913515222505,0.2895190186193467,0.02631578947368421,0.013381820226801941,-0.002070084824280949,0.1838526725769043
AAPL,1h,10,0.1,0.25,8,21,0.22585298263007828,-0.26333543357146905,0.3024868916400312,0.0828764245313754,3.6498545074843993,0.5789473684210527,0.6415960048778145,-0.09110383768738628,0.2133164405822754
AAPL,1h,10,0.1,0.25,9,21,0.23627205541515683,-0.2935612667381481,0.27682577752246634,0.07814650768685072,3.5423947367138235,0.5789473684210527,0.661547386760397,-0.09361009445686463,0.1954338550567627
AAPL,1h,10,0.1,0.25,10,30,0.2206298815400568,-0.1048692160179977,0.28880045629238243,0.08993717043057169,3.21113567293432,0.35526315789473684,0.4131555975490228,-0.029880241547359354,0.2083885669708252
AAPL,1h,10,0.1,0.25,12,26,0.21814089331427475,-0.11541206111499691,0.27338321042116737,0.08148017741707032,3.355211280675155,0.40789473684210525,0.4255131255889208,-0.029880241547359354,0.2042684555053711
AAPL,1h,10,0.1,0.25,20,50,0.18492727601738274,-0.07441156370826796,0.24255718716090469,0.10404971086074627,2.3311663737877013,0.06578947368421052,0.09285899834982944,-0.002070084824280949,0.1764359474182129
AAPL,1h,10,0.1,0.5,8,21,0.42659566914875857,-0.39082143092547905,0.48088693631842405,0.06142617532257744,7.828697355696702,0.5921052631578947,0.6715404419037013,-0.09600152217246605,0.19970154762268066
AAPL,1h,10,0.1,0.5,9,21,0.4472587313685949,-0.417706375030656,0.46629325892626905,0.05820336523103627,8.011448428717719,0.5921052631578947,0.6873396847151091,-0.09900882977524672,0.19480514526367188
AAPL,1h,10,0.1,0.5,10,30,0.39442366132091455,-0.22799581465182084,0.4508819978255952,0.06316167891786191,7.1385372515499625,0.35526315789473684,0.41876655137766466,-0.029880241547359354,0.18752050399780273
AAPL,1h,10,0.1,0.5,12,26,0.39257316458250047,-0.24042425150350666,0.44523134903409217,0.05493928907858509,8.104060982609983,0.40789473684210525,0.43531762844473343,-0.029880241547359354,0.20014286041259766
AAPL,1h,10,0.1,0.5,20,50,0.3276402292227789,-0.19371793783972335,0.37957669151520446,0.07903633399901415,4.802559434499316,0.06578947368421052,0.09277083103256556,-0.002070084824280949,0.1842339038848877
AAPL,1h,10,0.1,0.75,8,21,0.5825845485704404,-0.4985373828069892,0.624585104397051,0.060189047708498804,10.377055763067977,0.5921052631578947,0.692719833849126,-0.10089920665754593,0.20061802864074707
AAPL,1h,10,0.1,0.75,9,21,0.6106800360311824,-0.521396143702293,0.6158445216548311,0.05614050178902749,10.969701054136218,0.5921052631578947,0.7058896582173184,-0.10440756509362847,0.19974923133850098
AAPL,1h,10,0.1,0.75,10,30,0.5322654992744662,-0.33662494707794566,0.5804606641188774,0.05743976185426533,10.105554852257345,0.35526315789473684,0.4233613013639044,-0.029880241547359354,0.2054917812347412
AAPL,1h,10,0.1,0.75,12,26,0.5307353518895329,-0.3507039605162221,0.5801599510039612,0.04955859657205067,11.7065452037266,0.40789473684210525,0.44294354236765404,-0.029880241547359354,0.20803165435791016
AAPL,1h,10,0.1,0.75,20,50,0.44201929679626134,-0.3001091624304346,0.48937521714458265,0.0723083454487169,6.767893997680548,0.06578947368421052,0.09270782126401331,-0.002070084824280949,0.1809234619140625
AAPL,1h,10,0.1,1.0,8,21,0.7063421998040603,-0.5891024188083257,0.7394162002046885,0.06302163223081166,11.732736427654494,0.5921052631578947,0.7089585344557925,-0.10579689114262569,0.19965529441833496
AAPL,1h,10,0.1,1.0,9,21,0.7402062562162355,-0.6077541499515546,0.7348026628774313,0.05779150970598329,12.714716514861275,0.5921052631578947,0.7202237261484467,-0.10980630041201056,0.21026897430419922
AAPL,1h,10,0.1,1.0,10,30,0.6422230230413437,-0.43207944642390694,0.6837234152930962,0.05639990384710601,12.122776257679371,0.35526315789473684,0.4270682363351765,-0.033044876432856696,0.2262125015258789
AAPL,1h,10,0.1,1.0,12,26,0.6409138564456094,-0.4474989560406444,0.6872193002080422,0.04950177913152798,13.88271921261812,0.40789473684210525,0.4489935286941646,-0.03256224286957499,0.21658992767333984
AAPL,1h,10,0.1,1.0,20,50,0.5335685551890025,-0.3946232839868461,0.5769898690641703,0.07024483635091029,8.21398267883776,0.06578947368421052,0.0926605458931489,-0.002070084824280949,0.18717360496520996
AAPL,1h,10,0.25,0.0,8,21,-0.061136204964383926,-0.1389843850906589,0.17620194805097877,0.46820277534213905,0.376336829533356,0.27631578947368424,-0.0697249622199995,-0.08620615320230618,0.18892693519592285
AAPL,1h,10,0.25,0.0,9,21,0.029293074342350237,-0.012653088974114102,0.07400084370399122,0.46142188518069494,0.1603756693833717,0.27631578947368424,-0.05054321741701164,-0.08821135913848277,0.19831156730651855
AAPL,1h,10,0.25,0.0,10,30,0.06140535937902561,0.035940655531279564,0.15645101465492225,0.5078385689751257,0.30807233678737256,0.14473684210526316,0.03660220108026751,-0.029880241547359354,0.20356130599975586
AAPL,1h,10,0.25,0.0,12,26,0.037038444600402044,-0.0011941865946725194,0.0681238246451323,0.4420059934198922,0.1541242102127261,0.15789473684210525,-0.05700588174110767,-0.029880241547359354,0.1924271583557129
AAPL,1h,10,0.25,0.0,20,50,-0.024129498341445715,-0.08970182025599427,0.12089835344697922,0.42413627384706754,0.28504601209980923,0.02631578947368421,0.013381820226801941,-0.002070084824280949,0.16861248016357422
AAPL,1h,10,0.25,0.25,8,21,0.26017031459082135,-0.11283373917547823,0.31445857735251936,0.06461187457722997,4.866885219011096,0.5789473684210527,0.6415960048778145,-0.09110383768738628,0.19780707359313965
AAPL,1h,10,0.25,0.25,9,21,0.25963364721494847,-0.1539707575059185,0.2948207211185703,0.08095301706294997,3.6418744083289,0.5789473684210527,0.661547386760397,-0.09361009445686463,0.19090723991394043
AAPL,1h,10,0.25,0.25,10,30,0.23383538836297518,-0.10197103688883935,0.2991186288448002,0.08893418278358674,3.3633707476986467,0.35526315789473684,0.4131555975490228,-0.029880241547359354,0.19704341888427734
AAPL,1h,10,0.25,0.25,12,26,0.22780518242246625,-0.14320491212141384,0.2783166297993399,0.07344535322788365,3.7894382362869017,0.40789473684210525,0.4255131255889208,-0.029880241547359354,0.21421313285827637
AAPL,1h,10,0.25,0.25,20,50,0.16732783083527006,-0.2355430913331833,0.2384563156198717,0.1029339828246365,2.3165946665652473,0.06578947368421052,0.09285899834982944,-0.002070084824280949,0.2440199851989746
AAPL,1h,10,0.25,0.5,8,21,0.4749712407800253,-0.12641638949151845,0.5073933741452338,0.05275829811213219,9.617318835168314,0.5921052631578947,0.6715404419037013,-0.09600152217246605,0.18681883811950684
AAPL,1h,10,0.25,0.5,9,21,0.470139223504753,-0.2770977147971555,0.497211744397256,0.06343721618413328,7.837855667468855,0.5921052631578947,0.6873396847151091,-0.09900882977524672,0.19695401191711426
AAPL,1h,10,0.25,0.5,10,30,0.41797698454347726,-0.2240530331819769,0.4655830131620028,0.05976658328499704,7.790022242728341,0.35526315789473684,0.41876655137766466,-0.029880241547359354,0.19921612739562988
AAPL,1h,10,0.25,0.5,12,26,0.4137456092616095,-0.26795683953312965,0.45545642388989194,0.05171988432447515,8.806215053237436,0.40789473684210525,0.43531762844473343,-0.029880241547359354,0.22350549697875977
AAPL,1h,10,0.25,0.5,20,50,0.32359805247001144,-0.36087895433179673,0.3765634795245244,0.0774202487161766,4.863888785800855,0.06578947368421052,0.09277083103256556,-0.002070084824280949,0.20318937301635742
AAPL,1h,10,0.25,0.75,8,21,0.6411686119467244,-0.16754833572992478,0.6623220480303171,0.05706499371813021,11.60645090581846,0.5921052631578947,0.692719833849126,-0.10089920665754593,0.2709660530090332
AAPL,1h,10,0.25,0.75,9,21,0.6356354731583399,-0.3840609202365378,0.65669685573643,0.06485375687332427,10.125810552796878,0.5921052631578947,0.7058896582173184,-0.10440756509362847,0.27203941345214844
AAPL,1h,10,0.25,0.75,10,30,0.5638538541967882,-0.33175180228208034,0.599122447561707,0.0540175965354734,11.09124592702422,0.35526315789473684,0.4233613013639044,-0.029880241547359354,0.19452714920043945
AAPL,1h,10,0.25,0.75,12,26,0.5603433504940585,-0.37706640930904856,0.5945126402168718,0.04962361847796394,11.980437107400247,0.40789473684210525,0.44294354236765404,-0.029880241547359354,0.1854236125946045
AAPL,1h,10,0.25,0.75,20,50,0.4450774870096541,-0.4680953510904021,0.4877124865475767,0.07198347727887085,6.775339355420857,0.06578947368421052,0.09270782126401331,-0.002070084824280949,0.17610454559326172
AAPL,1h,10,0.25,1.0,8,21,0.7727570155399631,-0.22657614933428438,0.7860425129261568,0.06310395535500199,12.456311312090367,0.5921052631578947,0.7089585344557925,-0.10579689114262569,0.20126104354858398
AAPL,1h,10,0.25,1.0,9,21,0.767287156012693,-0.47670790709253386,0.7834758586742435,0.06968323296543875,11.243391348716974,0.5921052631578947,0.7202237261484467,-0.10980630041201056,0.21108293533325195
AAPL,1h,10,0.25,1.0,10,30,0.6801532850317993,-0.426433329001054,0.7056310482192684,0.05448043106857813,12.952009269732901,0.35526315789473684,0.4270682363351765,-0.033044876432856696,0.20495891571044922
AAPL,1h,10,0.25,1.0,12,26,0.6770886461823238,-0.47207603017323885,0.7048431696348183,0.05203460661373455,13.545661541501396,0.40789473684210525,0.4489935286941646,-0.03256224286957499,0.19557929039001465
AAPL,1h,10,0.25,1.0,20,50,0.5415334554354376,-0.5593841301720707,0.5765387707178661,0.07116647443667286,8.101269246250162,0.06578947368421052,0.0926605458931489,-0.002070084824280949,0.18668127059936523
AAPL,1h,10,0.4,0.0,8,21,-0.1692392744665453,-0.2659993931231849,0.15891949398573488,0.47308914240121186,0.3359187090600365,0.27631578947368424,-0.0697249622199995,-0.08620615320230618,0.19285798072814941
AAPL,1h,10,0.4,0.0,9,21,0.05365518795428057,0.024463534939357823,0.09131946325979148,0.429433717356547,0.21265089248679428,0.27631578947368424,-0.05054321741701164,-0.08821135913848277,0.18230938911437988
AAPL,1h,10,0.4,0.0,10,30,0.058291673529159455,0.03104416885817418,0.11329297533080263,0.47923909212710875,0.2364017818912692,0.14473684210526316,0.03660220108026751,-0.029880241547359354,0.17793798446655273
AAPL,1h,10,0.4,0.0,12,26,0.043481756332320015,0.007542747169888564,0.10870116388673194,0.4480379254928643,0.2426159878478037,0.15789473684210525,-0.05700588174110767,-0.029880241547359354,0.19511103630065918
AAPL,1h,10,0.4,0.0,20,50,-0.06033120738684801,-0.13859135835865122,0.15099866497462539,0.3929727659368676,0.38424714907313406,0.02631578947368421,0.013381820226801941,-0.002070084824280949,0.1816542148590088
AAPL,1h,10,0.4,0.25,8,21,0.2631087915976187,-0.2730337678132623,0.32002212375963734,0.06789959907247253,4.713166618525423,0.5789473684210527,0.6415960048778145,-0.09110383768738628,0.19178462028503418
AAPL,1h,10,0.4,0.25,9,21,0.2765842019292313,-0.11431983992147476,0.30126463966353156,0.0709898682442111,4.2437695281692305,0.5789473684210527,0.661547386760397,-0.09361009445686463,0.18666529655456543
AAPL,1h,10,0.4,0.25,10,30,0.250212919119548,-0.1082116656394102,0.29921933400475326,0.08361505848798964,3.5785340513483312,0.35526315789473684,0.4131555975490228,-0.029880241547359354,0.17809128761291504
AAPL,1h,10,0.4,0.25,12,26,0.23839986922028744,-0.13336235994639445,0.2897148229779657,0.07691186782486406,3.7668415963798334,0.40789473684210525,0.4255131255889208,-0.029880241547359354,0.18399262428283691
AAPL,1h,10,0.4,0.25,20,50,0.16633755124314042,-0.2865832260214737,0.24749979650518586,0.09075868521676192,2.727009496821974,0.06578947368421052,0.09285899834982944,-0.002070084824280949,0.1700146198272705
AAPL,1h,10,0.4,0.5,8,21,0.4991988310430911,-0.3118970267439347,0.5260418679225025,0.04783618391298531,10.996735627561346,0.5921052631578947,0.6715404419037013,-0.09600152217246605,0.18526577949523926
AAPL,1h,10,0.4,0.5,9,21,0.49603656787120226,-0.2367854005246196,0.5129508374018839,0.06020365138680226,8.520261239741549,0.5921052631578947,0.6873396847151091,-0.09900882977524672,0.2002394199371338
AAPL,1h,10,0.4,0.5,10,30,0.44806465437717136,-0.23145704711683823,0.47778503837608144,0.058577901391515044,8.15640415628287,0.35526315789473684,0.41876655137766466,-0.029880241547359354,0.18883728981018066
AAPL,1h,10,0.4,0.5,12,26,0.4317743952251475,-0.2573677387489002,0.4676004740113432,0.053330140210151526,8.768033839189762,0.40789473684210525,0.43531762844473343,-0.029880241547359354,0.18830418586730957
AAPL,1h,10,0.4,0.5,20,50,0.3302730123541525,-0.4118234515745456,0.3840341014366536,0.07075556190669928,5.427617152458689,0.06578947368421052,0.09277083103256556,-0.002070084824280949,0.18390607833862305
AAPL,1h,10,0.4,0.75,8,21,0.6795679219657327,-0.3697045108421757,0.690725002921874,0.04722352220967112,14.626715047960088,0.5921052631578947,0.692719833849126,-0.10089920665754593,0.20450592041015625
AAPL,1h,10,0.4,0.75,9,21,0.6691058948773413,-0.34447035811933757,0.6799294226913852,0.06276171699976614,10.833505761066396,0.5921052631578947,0.7058896582173184,-0.10440756509362847,0.1974344253540039
AAPL,1h,10,0.4,0.75,10,30,0.6044869138342526,-0.3400929917340838,0.6194508425226476,0.055072318256346585,11.24795291237375,0.35526315789473684,0.4233613013639044,-0.029880241547359354,0.20763468742370605
AAPL,1h,10,0.4,0.75,12,26,0.5843451986159739,-0.3660472611770713,0.6084428108011336,0.050038229658654905,12.159559100146817,0.40789473684210525,0.44294354236765404,-0.029880241547359354,0.1941530704498291
AAPL,1h,10,0.4,0.75,20,50,0.45652355619149665,-0.5173236312001688,0.49512195953242105,0.06769261566996923,7.314268397403266,0.06578947368421052,0.09270782126401331,-0.002070084824280949,0.17441964149475098
AAPL,1h,10,0.4,1.0,8,21,0.8219019234281296,-0.43711914068299995,0.8220976053933129,0.05115111991742739,16.071937559146598,0.5921052631578947,0.7089585344557925,-0.10579689114262569,0.19884538650512695
AAPL,1h,10,0.4,1.0,9,21,0.8068767825198705,-0.4388237596804919,0.8127187517515868,0.06717735101843057,12.09810657060014,0.5921052631578947,0.7202237261484467,-0.10980630041201056,0.1958620548248291
AAPL,1h,10,0.4,1.0,10,30,0.7291123819070837,-0.43546592595426037,0.7321329274584164,0.05702151270078694,12.839591459107545,0.35526315789473684,0.4270682363351765,-0.033044876432856696,0.19205451011657715
AAPL,1h,10,0.4,1.0,12,26,0.7058579710807397,-0.460899988989792,0.7204380019244991,0.05200532475292997,13.8531584092052,0.40789473684210525,0.4489935286941646,-0.03256224286957499,0.20448970794677734
AAPL,1h,10,0.4,1.0,20,50,0.5564999995457022,-0.6057811864004906,0.5841380680844664,0.06830705952832664,8.551650036146366,0.06578947368421052,0.0926605458931489,-0.002070084824280949,0.18672633171081543
AAPL,1h,10,0.55,0.0,8,21,-0.1463588386730592,-0.24238038371066783,0.08834249559113876,0.5177414747047085,0.17063051717370042,0.2631578947368421,-0.04764195153191282,-0.09199017392004771,0.19342923164367676
AAPL,1h,10,0.55,0.0,9,21,0.1828014050794108,0.24436670754174972,0.06972557415603761,0.4081866544200099,0.17081786824978462,0.27631578947368424,-0.022748223099136704,-0.0919213680851183,0.18406939506530762
AAPL,1h,10,0.55,0.0,10,30,0.13610740543282387,0.16234133193411915,0.11114634031704566,0.43110771810755694,0.25781570509789803,0.15789473684210525,0.04460668580879277,-0.03022222952522713,0.17998862266540527
AAPL,1h,10,0.55,0.0,12,26,0.07748505194304457,0.06195267151812711,0.08333073652727169,0.40949191839048793,0.20349787818720325,0.17105263157894737,-0.054026553461848224,-0.03022222952522713,0.185516357421875
AAPL,1h,10,0.55,0.0,20,50,0.013161671103535263,-0.037615124642461306,0.23394286874307188,0.3331087801500674,0.702301718488715,0.02631578947368421,0.013381820226801941,-0.002070084824280949,0.17508435249328613
AAPL,1h,10,0.55,0.25,8,21,0.2924723063759539,-0.24315522324841843,0.32490353797304794,0.07231368581374888,4.492974383989629,0.7105263157894737,0.9849696052040984,-0.09833314058197329,0.20267009735107422
AAPL,1h,10,0.55,0.25,9,21,0.328485744501709,0.4099864295085014,0.3191604407642249,0.05841946480650338,5.46325512945636,0.6973684210526315,0.9595392083240311,-0.09824714188904093,0.18946099281311035
AAPL,1h,10,0.55,0.25,10,30,0.2745851145735333,0.03610916241751938,0.30543736281939193,0.08351168392469127,3.6574207160620498,0.4473684210526316,0.6044379403159535,-0.02110429346708087,0.19170546531677246
AAPL,1h,10,0.55,0.25,12,26,0.2645005095898339,-0.07595420503873407,0.287949242123024,0.07106109253020317,4.052136434584602,0.5,0.6360722102662223,-0.027757766499938885,0.1878032684326172
AAPL,1h,10,0.55,0.25,20,50,0.1860719972549019,-0.17711946078889185,0.2723546547768903,0.06837944300844435,3.9829902496172207,0.06578947368421052,0.09285899834982944,-0.002070084824280949,0.17913603782653809
AAPL,1h,10,0.55,0.5,8,21,0.5453362829122581,-0.2772100818835618,0.5478556919043508,0.04990576750212894,10.97780315433441,0.7236842105263158,1.0298634585636255,-0.10467610724389875,0.19118928909301758
AAPL,1h,10,0.55,0.5,9,21,0.5524016933046805,0.5283112779021044,0.5452637025579475,0.04810263181064962,11.335423490014316,0.7105263157894737,1.0014901315718419,-0.10457291569296356,0.18730998039245605
AAPL,1h,10,0.55,0.5,10,30,0.47668784040628964,-0.07942082456992317,0.49455664711409364,0.060842246807206096,8.128507296602972,0.4473684210526316,0.6203203149326569,-0.031000339777886743,0.19803929328918457
AAPL,1h,10,0.55,0.5,12,26,0.4723804762735992,-0.19946914928288428,0.47731640889337834,0.053314872835225444,8.952781531873272,0.5,0.6564701450878613,-0.03664808808810183,0.19388198852539062
AAPL,1h,10,0.55,0.5,20,50,0.34644243269100344,-0.29874650334990616,0.40400372639898563,0.06173639326190595,6.54401245445405,0.06578947368421052,0.09277083103256556,-0.002070084824280949,0.1764085292816162
AAPL,1h,10,0.55,0.75,8,21,0.7396999290497489,-0.3318074620347792,0.7243020732991482,0.04786318261876435,15.132760373840911,0.7236842105263158,1.0613764294336103,-0.11101907390582433,0.20736908912658691
AAPL,1h,10,0.55,0.75,9,21,0.7317168418514469,0.604765078758327,0.7230142821228253,0.05014768574882894,14.417699866433203,0.7105263157894737,1.030601687368654,-0.11089868949688597,0.20056462287902832
AAPL,1h,10,0.55,0.75,10,30,0.6384592753158955,-0.18473804127182125,0.644051203616338,0.057443496940728686,11.211908012509799,0.4473684210526316,0.6327090410238105,-0.04227221540889747,0.1915726661682129
AAPL,1h,10,0.55,0.75,12,26,0.6371354037946183,-0.30952420032347394,0.6264526525671522,0.05331445838601469,11.750145674020045,0.5,0.6717774716217427,-0.045538409676264324,0.19307899475097656
AAPL,1h,10,0.55,0.75,20,50,0.47236249658168794,-0.4044093355774203,0.5136893848782302,0.06452469616916122,7.961128302433475,0.06578947368421052,0.09270782126401331,-0.002070084824280949,0.17913079261779785
AAPL,1h,10,0.55,1.0,8,21,0.8933275406378397,-0.3975652677022079,0.8647183456546952,0.05095025253489116,16.971816676718703,0.7236842105263158,1.0855962073974434,-0.11736204056774968,0.19265484809875488
AAPL,1h,10,0.55,1.0,9,21,0.8749057854224446,0.6446836175919424,0.8642193783566864,0.054107215891587075,15.97234978950489,0.7105263157894737,1.0529014645146466,-0.11722446330080838,0.18837404251098633
AAPL,1h,10,0.55,1.0,10,30,0.7677350725635876,-0.28037077340320427,0.7628674140517713,0.059185480083889144,12.889435263015313,0.4473684210526316,0.6425914330208767,-0.05354409103990809,0.18113303184509277
AAPL,1h,10,0.55,1.0,12,26,0.7684759577376011,-0.40708584837730954,0.7449141957596617,0.057303408023402176,12.999474576720562,0.5,0.6838510605321453,-0.054428731264427044,0.1822967529296875
AAPL,1h,10,0.55,1.0,20,50,0.572564064228431,-0.49587547600108717,0.6020563870375021,0.06827857419209563,8.8176473243813,0.06578947368421052,0.0926605458931489,-0.002070084824280949,0.18055033683776855
AAPL,1h,10,0.7,0.0,8,21,-0.005043843595755457,-0.057059466471926834,0.11710462368171326,0.39545172754160623,0.29612874473886946,0.25,-0.11378787349586131,-0.08422254295197074,0.20442652702331543
AAPL,1h,10,0.7,0.0,9,21,0.11513227094716026,0.12367969318246019,0.08523008449629346,0.4146603803700069,0.20554190496869157,0.2631578947368421,-0.08906015092619232,-0.08415314851291067,0.19545245170593262
AAPL,1h,10,0.7,0.0,10,30,0.29362769565367464,0.4517413996604771,0.10727403327505,0.46207349360444777,0.2321579462138129,0.15789473684210525,0.04460668580879277,-0.03022222952522713,0.19079184532165527
AAPL,1h,10,0.7,0.0,12,26,0.08034346420672882,0.06643351689339116,0.10542329106863543,0.420259800645499,0.2508526652006932,0.17105263157894737,-0.054026553461848224,-0.03022222952522713,0.18732810020446777
AAPL,1h,10,0.7,0.0,20,50,0.15254489277790947,0.18737375860396766,0.2472909487918133,0.35487404212440365,0.6968414689094776,0.02631578947368421,0.013381820226801941,-0.002070084824280949,0.17186760902404785
AAPL,1h,10,0.7,0.25,8,21,0.33226515425733033,-0.004423014758818011,0.3359274446924176,0.06057027108859751,5.546077946407881,0.7368421052631579,0.9840825061966444,-0.030334693453231254,0.19460368156433105
AAPL,1h,10,0.7,0.25,9,21,0.3364660774736379,0.23940591101074804,0.3305696691743972,0.05606888015655903,5.895777983283416,0.7236842105263158,0.9585381702484647,-0.030334693453231254,0.20085358619689941
AAPL,1h,10,0.7,0.25,10,30,0.31036613596397683,0.3676638239615906,0.3109822134872739,0.08223207159803692,3.781763093691754,0.4473684210526316,0.6044379403159535,-0.02110429346708087,0.18595361709594727
AAPL,1h,10,0.7,0.25,12,26,0.2847877667727348,-0.07147785660999961,0.2999675695398491,0.07095818066684358,4.227385295407018,0.5,0.6360722102662223,-0.027757766499938885,0.19632220268249512
AAPL,1h,10,0.7,0.25,20,50,0.21664415598397505,0.071486841633708,0.27492668739292614,0.07330772813357528,3.7503097475886507,0.06578947368421052,0.09285899834982944,-0.002070084824280949,0.18218016624450684
AAPL,1h,10,0.7,0.5,8,21,0.5922508013241139,0.005179196741345704,0.5709859009054752,0.05105181255159316,11.18443934440985,0.7368421052631579,1.0436078728303233,-0.03974019425727893,0.22751379013061523
AAPL,1h,10,0.7,0.5,9,21,0.580014340361605,0.30718047103781054,0.5648992903436517,0.05136110188139789,10.998581993978766,0.7236842105263158,1.0153181758628698,-0.03974019425727893,0.21085548400878906
AAPL,1h,10,0.7,0.5,10,30,0.5146594689002381,0.2841880329939146,0.5103168605261839,0.05845642586550373,8.729867640220059,0.4473684210526316,0.6203203149326569,-0.031000339777886743,0.1958928108215332
AAPL,1h,10,0.7,0.5,12,26,0.5079710164758021,-0.1948182409897532,0.4988765487165459,0.055022019094886514,9.066852814983468,0.5,0.6564701450878613,-0.03664808808810183,0.19888710975646973
AAPL,1h,10,0.7,0.5,20,50,0.3658855242902648,-0.03572088777782845,0.40921854464362833,0.06322163340531588,6.47276134136104,0.06578947368421052,0.09277083103256556,-0.002070084824280949,0.1812119483947754
AAPL,1h,10,0.7,0.75,8,21,0.7954692628646179,-0.017275370396180545,0.757201268641483,0.053839002514645504,14.064177144357494,0.7368421052631579,1.0867149210429943,-0.049145695061325934,0.19707202911376953
AAPL,1h,10,0.7,0.75,9,21,0.772962727897559,0.3349070051676133,0.7494481003536048,0.05715048096597231,13.113592181312175,0.7236842105263158,1.056082141668639,-0.049145695061325934,0.22733211517333984
AAPL,1h,10,0.7,0.75,10,30,0.6816326618055483,0.20182973635456558,0.6680197454766181,0.05556188383628529,12.022985891640351,0.4473684210526316,0.6327090410238105,-0.04227221540889747,0.20158147811889648
AAPL,1h,10,0.7,0.75,12,26,0.6846238632930244,-0.3045952894738396,0.6558860761396512,0.05413256665918769,12.116293695605332,0.5,0.6717774716217427,-0.045538409676264324,0.20925402641296387
AAPL,1h,10,0.7,0.75,20,50,0.4877077390918132,-0.13457220236615441,0.5209952110846209,0.06455803345534349,8.070184037514203,0.06578947368421052,0.09270782126401331,-0.002070084824280949,0.1990795135498047
AAPL,1h,10,0.7,1.0,8,21,0.956770409708818,-0.06269327295922655,0.9054454642646712,0.058573252134919804,15.458343719400018,0.7368421052631579,1.1201459438429597,-0.058551195865373495,0.1979961395263672
AAPL,1h,10,0.7,1.0,9,21,0.926621194504357,0.3298332285412824,0.8961194183098332,0.06343193865862636,14.12725887399575,0.7236842105263158,1.0876141103659722,-0.058551195865373495,0.20019054412841797
AAPL,1h,10,0.7,1.0,10,30,0.8157178007893805,0.12105471033290849,0.7934178922387713,0.058171147723211795,13.63937146322071,0.4473684210526316,0.6425914330208767,-0.05354409103990809,0.19873547554016113
AAPL,1h,10,0.7,1.0,12,26,0.8253805320886065,-0.40183603042872973,0.780678108469171,0.05634580307631746,13.855124354369092,0.5,0.6838510605321453,-0.054428731264427044,0.1977860927581787
AAPL,1h,10,0.7,1.0,20,50,0.5855942241207085,-0.22542163289760997,0.6110068588487207,0.06745290839789617,9.058272999059858,0.06578947368421052,0.0926605458931489,-0.002070084824280949,0.17591118812561035
AAPL,1h,10,0.85,0.0,8,21,0.17171860970492273,0.21918534800074196,0.19719903770411173,0.3387610879774153,0.5821183267579384,0.35526315789473684,0.199014955331835,-0.08744480198211257,0.20847177505493164
AAPL,1h,10,0.85,0.0,9,21,0.1603169659089564,0.20454503632582033,0.08035820254245515,0.35329293363855374,0.22745488202905262,0.32894736842105265,0.12184949061231966,-0.08737565171466466,0.20605826377868652
AAPL,1h,10,0.85,0.0,10,30,0.31206001138992556,0.49899416488505266,0.13362849667065216,0.3827457424994157,0.349131242579024,0.2631578947368421,0.1745380620506022,-0.045837617149373955,0.19901323318481445
AAPL,1h,10,0.85,0.0,12,26,0.11679050531317273,0.12790157201672647,0.1826275155615639,0.41537781157861736,0.439666035283636,0.2631578947368421,0.1944967651912267,-0.07605111117155172,0.2033224105834961
AAPL,1h,10,0.85,0.0,20,50,0.21792092497577104,0.3117848380580792,0.1811821805711264,0.38863551346583003,0.4662007827214598,0.05263157894736842,0.01614401041649315,-0.006341019333744868,0.17263269424438477
AAPL,1h,10,0.85,0.25,8,21,0.37046069898532225,0.3753183430075566,0.3703825847092123,0.054050185871617376,6.852568196323376,0.8289473684210527,1.1498432703731378,-0.03214932667021375,0.19942593574523926
AAPL,1h,10,0.85,0.25,9,21,0.35839845850370816,0.35565953774924064,0.3460663579323082,0.051374837644479816,6.736106113407694,0.8026315789473685,1.0453140945720782,-0.03214932667021375,0.18703079223632812
AAPL,1h,10,0.85,0.25,10,30,0.3261298449229845,0.4238183136348117,0.3113676102338239,0.05502064806403399,5.659104739577928,0.5921052631578947,0.7304960897174846,-0.02564760296158264,0.2036890983581543
AAPL,1h,10,0.85,0.25,12,26,0.3032792106930064,-0.002279592417864018,0.318680608429198,0.05931241853427651,5.372915424870648,0.631578947368421,0.8327949490730296,-0.0295772221821734,0.20107197761535645
AAPL,1h,10,0.85,0.25,20,50,0.24275297391751022,0.2056706763404068,0.27182670895950584,0.06930849063993408,3.9219828111923283,0.11842105263157894,0.148160948143375,-0.006341019333744868,0.17495393753051758
AAPL,1h,10,0.85,0.5,8,21,0.6348059022349737,0.4848964429822309,0.6255722143593474,0.0520543519726735,12.017673655561946,0.8289473684210527,1.2288035416934417,-0.04153722600490228,0.21046710014343262
AAPL,1h,10,0.85,0.5,9,21,0.6130025923886,0.4607199636968615,0.6005885757718334,0.05281376092842718,11.371819866904511,0.8026315789473685,1.123079355696045,-0.04153722600490228,0.2009143829345703
AAPL,1h,10,0.85,0.5,10,30,0.541595992914902,0.3480909333730149,0.5265161663234414,0.043679326653092765,12.054127356520521,0.5921052631578947,0.7717533349013677,-0.03373567774446051,0.19460439682006836
AAPL,1h,10,0.85,0.5,12,26,0.5341329246873153,-0.12032306303489637,0.527486020856416,0.04363804970264162,12.087754252328212,0.631578947368421,0.8689464628643069,-0.038450906408192265,0.18715238571166992
AAPL,1h,10,0.85,0.5,20,50,0.39873344054836285,0.10540660982388839,0.4157944808665414,0.06040106344005948,6.88389338176414,0.11842105263157894,0.14808860785763367,-0.006341019333744868,0.17243671417236328
AAPL,1h,10,0.85,0.75,8,21,0.8449984502689826,0.5538554673423575,0.8287828101654359,0.05793259750360558,14.305983951675124,0.8289473684210527,1.2906897815875231,-0.050925125339590704,0.194749116897583
AAPL,1h,10,0.85,0.75,9,21,0.8155117003179584,0.525964286055095,0.8008134627307415,0.06069271947780614,13.194555617557715,0.8026315789473685,1.1832355141368567,-0.050925125339590704,0.19628405570983887
AAPL,1h,10,0.85,0.75,10,30,0.7175598867033499,0.2723530547422659,0.6974743338497055,0.0475811026394073,14.658641669897914,0.5921052631578947,0.8046892708749996,-0.04182375252733883,0.19489049911499023
AAPL,1h,10,0.85,0.75,12,26,0.7176001374058381,-0.22692538353072067,0.6945307364341944,0.04361236041946376,15.925089349766822,0.631578947368421,0.8989864987850473,-0.047324590634210906,0.1921672821044922
AAPL,1h,10,0.85,0.75,20,50,0.5276604910765108,0.010982333943716283,0.5336220233600997,0.06490281689318424,8.22186229972613,0.11842105263157894,0.1480367758379429,-0.006341019333744868,0.1816694736480713
AAPL,1h,10,0.85,1.0,8,21,1.0125426895518521,0.5878522946898195,0.9907753264401384,0.06416092551203285,15.442036076214746,0.8289473684210527,1.3397403389091398,-0.0603130246742799,0.1954817771911621
AAPL,1h,10,0.85,1.0,9,21,0.9769412399857855,0.5572290834072136,0.9599411195638254,0.06805311756563714,14.105762585203587,0.8026315789473685,1.230741776349501,-0.0603130246742799,0.1851942539215088
AAPL,1h,10,0.85,1.0,10,30,0.858812676384496,0.19710574597379216,0.8336682343697079,0.053697935838140066,15.525144893513353,0.5921052631578947,0.8309677697423553,-0.04991182731021704,0.18515610694885254
AAPL,1h,10,0.85,1.0,12,26,0.8639147001057907,-0.3228119242184404,0.8277995993192284,0.047259780095010896,17.515942682234726,0.631578947368421,0.9232178108734262,-0.05619827486022955,0.19847488403320312
AAPL,1h,10,0.85,1.0,20,50,0.631551715571625,-0.07765620434858411,0.6281067190509206,0.07038555618680453,8.923801317757782,0.11842105263157894,0.1479978138889393,-0.006341019333744868,0.21564126014709473
AAPL,1h,10,1.0,0.0,8,21,0.18627549920758263,0.24579202823415303,0.16634746034448294,0.29044918537425296,0.572724830094252,0.35526315789473684,0.1305566952530937,-0.07829547348693433,0.18565130233764648
AAPL,1h,10,1.0,0.0,9,21,0.16402798310827632,0.20633345192594654,0.12955337247032075,0.3189623537231586,0.4061713583376858,0.32894736842105265,0.0822860567407926,-0.07829547348693433,0.19282913208007812
AAPL,1h,10,1.0,0.0,10,30,0.21581974048755637,0.2997566663828206,0.1729151560063363,0.3327267599559894,0.5196911604861846,0.2631578947368421,0.13223651698529137,-0.045837617149373955,0.17699885368347168
AAPL,1h,10,1.0,0.0,12,26,0.2627026717652167,0.3925369542059436,0.23443077348792535,0.32670285016484957,0.7175657432117135,0.2631578947368421,0.15489703926682208,-0.07605111117155172,0.18439650535583496
AAPL,1h,10,1.0,0.0,20,50,0.2308663153587725,0.33876377867979524,0.16097765332177538,0.41667540661217173,0.3863382641913596,0.05263157894736842,0.01614401041649315,-0.006341019333744868,0.20027542114257812
AAPL,1h,10,1.0,0.25,8,21,0.3846948429603318,0.4132037931727961,0.3802180142121169,0.04935439880127225,7.70383235227081,0.8421052631578947,1.0940916677525088,-0.036077872304108305,0.20455288887023926
AAPL,1h,10,1.0,0.25,9,21,0.3707795044134143,0.3579203127571118,0.3671644909656705,0.05402125136711953,6.7966676386387475,0.8026315789473685,1.016911276245397,-0.036077872304108305,0.1976172924041748
AAPL,1h,10,1.0,0.25,10,30,0.326228864521045,0.19105131904531514,0.3332357220140079,0.05323089766262937,6.260193546349967,0.5921052631578947,0.7082323381977733,-0.0295772221821734,0.18571805953979492
AAPL,1h,10,1.0,0.25,12,26,0.32725663037350433,0.2982634180392023,0.3366944139033347,0.051986973428340424,6.47651501327422,0.631578947368421,0.8125086375304412,-0.03319968868554379,0.18994498252868652
AAPL,1h,10,1.0,0.25,20,50,0.2481162393510307,0.236890670107875,0.2745792743466682,0.0669150355106704,4.10340175793351,0.11842105263157894,0.148160948143375,-0.006341019333744868,0.19255614280700684
AAPL,1h,10,1.0,0.5,8,21,0.6593805478417998,0.5344963035460701,0.6536563234895141,0.04862572570994667,13.442602942084315,0.8421052631578947,1.190207673647209,-0.04931810553474647,0.1955106258392334
AAPL,1h,10,1.0,0.5,9,21,0.6368142820432792,0.4633225749139336,0.6321654721284093,0.0538520652933078,11.73892716435833,0.8026315789473685,1.1029989037470316,-0.04931810553474647,0.1907191276550293
AAPL,1h,10,1.0,0.5,10,30,0.5601565075801823,0.08783240095256706,0.5615865401695198,0.04962357726910656,11.31692979577147,0.5921052631578947,0.7551686282470201,-0.038450906408192265,0.18365049362182617
AAPL,1h,10,1.0,0.5,12,26,0.5537381673238371,0.20639962579920268,0.5558079737270353,0.047436199249579744,11.71695840981525,0.631578947368421,0.8555917896930622,-0.045629590714665214,0.1847999095916748
AAPL,1h,10,1.0,0.5,20,50,0.4054912931391299,0.14000784674970834,0.42903344564946433,0.0571921558985298,7.501613445218861,0.11842105263157894,0.14808860785763367,-0.006341019333744868,0.16918063163757324
AAPL,1h,10,1.0,0.75,8,21,0.8778774264780943,0.6150851405148219,0.8703887265561809,0.05303829321862654,16.410571942207763,0.8421052631578947,1.2674097042011532,-0.06248212702744027,0.19141507148742676
AAPL,1h,10,1.0,0.75,9,21,0.8482027180334164,0.5287576101276723,0.8415472676446841,0.05959840288154526,14.120298983804993,0.8026315789473685,1.1712256157017968,-0.06248212702744027,0.18507742881774902
AAPL,1h,10,1.0,0.75,10,30,0.7480658232835105,-0.009694943035431391,0.743668630598928,0.05522958486369573,13.465041108570173,0.5921052631578947,0.7928591247564036,-0.047324590634210906,0.1850574016571045
AAPL,1h,10,1.0,0.75,12,26,0.7370028667355103,0.1173972339530529,0.732336595715503,0.052444395899539115,13.964058183039132,0.631578947368421,0.8913931244080002,-0.0579932440435188,0.1928567886352539
AAPL,1h,10,1.0,0.75,20,50,0.5358354033100313,0.04817821683403589,0.5542576422977852,0.060028508731029585,9.23324023892137,0.11842105263157894,0.1480367758379429,-0.006341019333744868,0.19340276718139648
AAPL,1h,10,1.0,1.0,8,21,1.0520681047592537,0.6602048106015153,1.0429923817539126,0.05766831640152686,18.086055685965853,0.8421052631578947,1.3289637148474156,-0.07556993678218915,0.19636249542236328
AAPL,1h,10,1.0,1.0,9,21,1.0166806174324854,0.5600598548784563,1.0081447445518106,0.06536818192783202,15.422560561112526,0.8026315789473685,1.2254001924116826,-0.07556993678218915,0.19341492652893066
AAPL,1h,10,1.0,1.0,10,30,0.8982976357143351,-0.10140777334065254,0.8888440048290471,0.06164066217119221,14.419767301663555,0.5921052631578947,0.8229849905571506,-0.05619827486022955,0.20496058464050293
AAPL,1h,10,1.0,1.0,12,26,0.8837962051743867,0.03163588169282461,0.8734540220011631,0.058550880806753434,14.917863061428381,0.631578947368421,0.9202769251023181,-0.07029064867210522,0.19019293785095215
AAPL,1h,10,1.0,1.0,20,50,0.6409047918957002,-0.03857902385255818,0.6544401044924025,0.06392137467377035,10.238204479055847,0.11842105263157894,0.1479978138889393,-0.006341019333744868,0.17702007293701172
AAPL,1h,14,0.0,0.0,8,21,0.07676303418808843,0.0607830647681431,0.1259550519168479,0.40401722536970464,0.31175663810271953,0.25,0.052279371794304,-0.06794944556803162,0.19637155532836914
AAPL,1h,14,0.0,0.0,9,21,-0.12537410939174462,-0.23102398075321628,0.17262801872811082,0.4593629615233187,0.37579873256574625,0.25,0.11153984072455085,-0.06794944556803162,0.19803380966186523
AAPL,1h,14,0.0,0.0,10,30,0.11762826265842796,0.12982900292988497,0.11443331807653426,0.39014679218112963,0.2933083659019486,0.11842105263157894,-0.00570505683393676,-0.018452109543683815,0.19051527976989746
AAPL,1h,14,0.0,0.0,12,26,0.053315686926137335,0.02451671350311524,0.004262113374651454,0.533126917014696,0.007994556715533398,0.15789473684210525,0.019500708909238856,-0.018452109543683815,0.1856393814086914
AAPL,1h,14,0.0,0.0,20,50,0.11077887356190709,0.11710186819371549,0.08705306027655209,0.5054367749465423,0.17223333281548278,0.013157894736842105,-0.02310017631948028,-0.002687298053769438,0.17551732063293457
AAPL,1h,14,0.0,0.25,8,21,0.22571792639739977,-0.07866870010887783,0.2696449084242202,0.08694845311002057,3.1012042052435818,0.5263157894736842,0.6378505398495466,-0.024362687002776773,0.1963655948638916
AAPL,1h,14,0.0,0.25,9,21,0.1979687484628769,-0.3818596439497436,0.2732503266852907,0.08804334536126804,3.1035886422087136,0.5131578947368421,0.6787960431460747,-0.024362687002776773,0.19839787483215332
AAPL,1h,14,0.0,0.25,10,30,0.21281324344616467,-0.0015932075469622387,0.25932889876045456,0.08782290234327957,2.952861859959916,0.2631578947368421,0.2568726784057433,-0.018452109543683815,0.18317055702209473
AAPL,1h,14,0.0,0.25,12,26,0.2077242201223895,-0.11724691902847839,0.24135195552358796,0.10184347067272032,2.3698323901311844,0.32894736842105265,0.3171804052598281,-0.018452109543683815,0.1930861473083496
AAPL,1h,14,0.0,0.25,20,50,0.19037993283241847,-0.015144472904649597,0.229722629669617,0.1347952654818228,1.704233667617912,0.05263157894736842,0.056486010697468315,-0.002687298053769438,0.17423224449157715
AAPL,1h,14,0.0,0.5,8,21,0.4002781732625924,-0.20371943640610946,0.43091695099923066,0.06565841696857976,6.56301158167493,0.5263157894736842,0.6580359638259625,-0.024362687002776773,0.19411563873291016
AAPL,1h,14,0.0,0.5,9,21,0.3950857356703177,-0.5047614660238053,0.4284231885626423,0.06431465983283867,6.661361339330167,0.5131578947368421,0.6954809356376742,-0.024362687002776773,0.19381213188171387
AAPL,1h,14,0.0,0.5,10,30,0.3664142647575553,-0.12169396130002741,0.4124714832623546,0.06847722477184359,6.023484226129945,0.2631578947368421,0.25918904084360306,-0.018452109543683815,0.18905019760131836
AAPL,1h,14,0.0,0.5,12,26,0.3734344198641255,-0.24273078780612412,0.40428163852712184,0.06375952357904566,6.340725523551239,0.32894736842105265,0.3258528647909708,-0.018452109543683815,0.1876087188720703
AAPL,1h,14,0.0,0.5,20,50,0.3270417793638687,-0.13475431681370198,0.35509505359690535,0.08779653850111391,4.044522251778755,0.05263157894736842,0.0563794465711502,-0.002687298053769438,0.1692218780517578
AAPL,1h,14,0.0,0.75,8,21,0.5392310070986418,-0.3152801861479654,0.5603071321023301,0.06291982070606676,8.905097405153683,0.5263157894736842,0.6716924216060645,-0.02942619631908161,0.1975255012512207
AAPL,1h,14,0.0,0.75,9,21,0.5456152846379532,-0.60457731751409,0.5544378003869805,0.06008663806246161,9.227306074449167,0.5131578947368421,0.7065283453951914,-0.02942619631908161,0.18709945678710938
AAPL,1h,14,0.0,0.75,10,30,0.4905518970639807,-0.23091043495977848,0.5342101259650641,0.06510117146102093,8.205845055874613,0.2631578947368421,0.261237363295927,-0.018452109543683815,0.1809842586517334
AAPL,1h,14,0.0,0.75,12,26,0.5048082848130925,-0.3532893976323038,0.5302984750986011,0.05267336896241155,10.06767718763213,0.32894736842105265,0.3329775935398025,-0.018452109543683815,0.18585777282714844
AAPL,1h,14,0.0,0.75,20,50,0.4380498313969998,-0.24253798963791273,0.45537272272242413,0.07011409159583726,6.494738965561383,0.05263157894736842,0.056303352163766085,-0.002687298053769438,0.17589592933654785
AAPL,1h,14,0.0,1.0,8,21,0.650194500326887,-0.4142876680306855,0.6636279768587828,0.06439643618513521,10.305352534585907,0.5263157894736842,0.6820339251304883,-0.03601543092424775,0.19224309921264648
AAPL,1h,14,0.0,1.0,9,21,0.6645058399994884,-0.6853749824390633,0.6553668492437594,0.05968102743526981,10.981158961356218,0.5131578947368421,0.7148203296381249,-0.03601543092424775,0.20568251609802246
AAPL,1h,14,0.0,1.0,10,30,0.5900989635118077,-0.32973977416404765,0.6311433561859527,0.06557670473053785,9.624505512733412,0.2631578947368421,0.26292046804835517,-0.018452109543683815,0.19045710563659668
AAPL,1h,14,0.0,1.0,12,26,0.6096150814419322,-0.4502413368322895,0.6299172442307684,0.04959289882800719,12.701762936169155,0.32894736842105265,0.3387136384231217,-0.018452109543683815,0.18617010116577148
AAPL,1h,14,0.0,1.0,20,50,0.5272358174930744,-0.3393062805623368,0.5353752385826034,0.06161518746406959,8.689014196293783,0.05263157894736842,0.056246293922804884,-0.002687298053769438,0.18110227584838867
AAPL,1h,14,0.1,0.0,8,21,0.03402690239494422,-0.006907341568588188,0.13748908637137308,0.36909711607517115,0.37250111253476104,0.25,0.05586523479181796,-0.06794944556803162,0.19871830940246582
AAPL,1h,14,0.1,0.0,9,21,-0.15843153333138332,-0.2689193587318184,0.16089793858604665,0.4062072849963056,0.3960981117990289,0.25,0.09019811763393788,-0.06794944556803162,0.19731545448303223
AAPL,1h,14,0.1,0.0,10,30,0.19044103924568626,0.26396745746099937,0.14241911696158718,0.4473613398330404,0.3183536534800691,0.11842105263157894,-0.00570505683393676,-0.018452109543683815,0.19022822380065918
AAPL,1h,14,0.1,0.0,12,26,0.03817724294470786,0.0030472475814384836,0.06034717113928687,0.574768322694358,0.10499390581651352,0.15789473684210525,0.019500708909238856,-0.018452109543683815,0.18741559982299805
AAPL,1h,14,0.1,0.0,20,50,0.08874667524893799,0.08015049233130189,0.07102726837486811,0.4788988239457478,0.14831372478566468,0.013157894736842105,-0.02310017631948028,-0.002687298053769438,0.17794251441955566
AAPL,1h,14,0.1,0.25,8,21,0.22765658433756372,-0.1510803527347131,0.2794026654742367,0.07194794872138892,3.8834000195918716,0.5263157894736842,0.6469625354432155,-0.024362687002776773,0.19463896751403809
AAPL,1h,14,0.1,0.25,9,21,0.20010683912475766,-0.4198368973497899,0.27179292437896146,0.058998108825781166,4.6068074009211735,0.5131578947368421,0.6562371570150529,-0.024362687002776773,0.19722270965576172
AAPL,1h,14,0.1,0.25,10,30,0.23396056318026268,0.1506222592198614,0.2804738088658659,0.09407715495899145,2.9813168668644945,0.2631578947368421,0.2568726784057433,-0.018452109543683815,0.2154560089111328
AAPL,1h,14,0.1,0.25,12,26,0.21313662556700783,-0.1403622458350301,0.26198127751265254,0.10689197652460349,2.450897495120711,0.32894736842105265,0.3171804052598281,-0.018452109543683815,0.19355177879333496
AAPL,1h,14,0.1,0.25,20,50,0.18815362666186336,-0.055777343174886806,0.2360515382448735,0.1346704790993478,1.752808335008119,0.05263157894736842,0.056486010697468315,-0.002687298053769438,0.17987370491027832
AAPL,1h,14,0.1,0.5,8,21,0.41357588237421605,-0.2775979424387295,0.44701894210929344,0.057327898119429274,7.797581226125437,0.5263157894736842,0.6703141524091348,-0.024362687002776773,0.18977856636047363
AAPL,1h,14,0.1,0.5,9,21,0.40508503800114654,-0.5411832084038144,0.4377671635302784,0.04897897498382718,8.937858819520596,0.5131578947368421,0.6749767900689047,-0.024362687002776773,0.1943068504333496
AAPL,1h,14,0.1,0.5,10,30,0.3866110151103101,0.043528258506244644,0.4363345764469351,0.07298091829470989,5.978748783139981,0.2631578947368421,0.25918904084360306,-0.018452109543683815,0.182572603225708
AAPL,1h,14,0.1,0.5,12,26,0.3864866702660941,-0.2664749680365158,0.4260209551706929,0.06552239081503994,6.501914076567922,0.32894736842105265,0.3258528647909708,-0.018452109543683815,0.18501639366149902
AAPL,1h,14,0.1,0.5,20,50,0.3293987373479109,-0.17749981416645766,0.36510668927397333,0.09128943120486964,3.9994409479297697,0.05263157894736842,0.0563794465711502,-0.002687298053769438,0.18026375770568848
AAPL,1h,14,0.1,0.75,8,21,0.5600873947817291,-0.38809913248188876,0.5817037298277182,0.05772031097943446,10.077972899955046,0.5263157894736842,0.6864752684712516,-0.02942619631908161,0.1961832046508789
AAPL,1h,14,0.1,0.75,9,21,0.5609170550827828,-0.6384266943839554,0.5716682409954614,0.0538170445064913,10.62243841589086,0.5131578947368421,0.6881620765019832,-0.02942619631908161,0.19883942604064941
AAPL,1h,14,0.1,0.75,10,30,0.512248449848121,-0.0571926080902303,0.5607051100155969,0.06972470121462106,8.04169971685757,0.2631578947368421,0.261237363295927,-0.018452109543683815,0.1946089267730713
AAPL,1h,14,0.1,0.75,12,26,0.5233208088762026,-0.37685117671365753,0.5543809547373447,0.05232912213094164,10.594119147463116,0.32894736842105265,0.3329775935398025,-0.018452109543683815,0.178969144821167
AAPL,1h,14,0.1,0.75,20,50,0.4431477720496065,-0.28610165295489975,0.46748637746987215,0.07503124111489153,6.230556372565316,0.05263157894736842,0.056303352163766085,-0.002687298053769438,0.17707443237304688
AAPL,1h,14,0.1,1.0,8,21,0.676761571668754,-0.4841515593869592,0.6892845598603257,0.06098542585358121,11.302447268552594,0.5263157894736842,0.698815070405605,-0.03601543092424775,0.19664978981018066
AAPL,1h,14,0.1,1.0,9,21,0.6838405854011284,-0.716088737163069,0.6787650534450556,0.059373132186217266,11.432192112017672,0.5131578947368421,0.6982771710058723,-0.03601543092424775,0.20346474647521973
AAPL,1h,14,0.1,1.0,10,30,0.6134335531738133,-0.15148827916248297,0.6597544651677674,0.07023104049038469,9.394057962989942,0.2631578947368421,0.26292046804835517,-0.018452109543683815,0.19704318046569824
AAPL,1h,14,0.1,1.0,12,26,0.6323468820251873,-0.4729945651918275,0.6561313977241956,0.04738563258585212,13.84663160369196,0.32894736842105265,0.3387136384231217,-0.018452109543683815,0.18723821640014648
AAPL,1h,14,0.1,1.0,20,50,0.5343269778911489,-0.3826393279384508,0.5489471204460565,0.06730248857857811,8.156416382807906,0.05263157894736842,0.056246293922804884,-0.002687298053769438,0.17248010635375977
AAPL,1h,14,0.25,0.0,8,21,-0.08766657443078678,-0.17555156856333842,0.18473031029678083,0.4128974302558665,0.4474000000007415,0.25,0.05586523479181796,-0.06794944556803162,0.201704740524292
AAPL,1h,14,0.25,0.0,9,21,-0.045925071334070824,-0.12636834478684889,0.08417677436357038,0.401721671170084,0.20954003830162046,0.25,0.09019811763393788,-0.06794944556803162,0.212785005569458
AAPL,1h,14,0.25,0.0,10,30,0.18356040256307193,0.2524749415979606,0.13097081504466115,0.4665866002558423,0.280699906454335,0.11842105263157894,-0.00570505683393676,-0.018452109543683815,0.19368648529052734
AAPL,1h,14,0.25,0.0,12,26,0.06298858377702987,0.03949541143465107,0.0707587422396754,0.5095369186716714,0.13886872500649944,0.15789473684210525,0.019500708909238856,-0.018452109543683815,0.19416332244873047
AAPL,1h,14,0.25,0.0,20,50,0.0005670619876542036,-0.05686301293880225,0.08642891531792982,0.4993605612936544,0.17307917768681044,0.013157894736842105,-0.02310017631948028,-0.002687298053769438,0.1755695343017578
AAPL,1h,14,0.25,0.25,8,21,0.24923859352806813,-0.16112045090268134,0.3004236086063689,0.05816571752671856,5.164960072371988,0.5263157894736842,0.6469625354432155,-0.024362687002776773,0.20196938514709473
AAPL,1h,14,0.25,0.25,9,21,0.23127526605933552,-0.27478157989665675,0.27939965047609333,0.06952983398753713,4.018413887284331,0.5131578947368421,0.6562371570150529,-0.024362687002776773,0.21814894676208496
AAPL,1h,14,0.25,0.25,10,30,0.24516028851583188,0.1380872020518642,0.2862921458271753,0.09938758187016715,2.8805625455418262,0.2631578947368421,0.2568726784057433,-0.018452109543683815,0.19556021690368652
AAPL,1h,14,0.25,0.25,12,26,0.23332234113390327,-0.09907533847056305,0.27278382062099127,0.095622559374332,2.8527140708828873,0.32894736842105265,0.3171804052598281,-0.018452109543683815,0.19269776344299316
AAPL,1h,14,0.25,0.25,20,50,0.17378957043715684,-0.20545843765531824,0.2247853577268581,0.12758892022201826,1.7617937148124438,0.05263157894736842,0.056486010697468315,-0.002687298053769438,0.16959691047668457
AAPL,1h,14,0.25,0.5,8,21,0.4604101294578825,-0.18496255899540326,0.4814436669048291,0.044547955632001465,10.807312256524277,0.5263157894736842,0.6703141524091348,-0.024362687002776773,0.19994163513183594
AAPL,1h,14,0.25,0.5,9,21,0.4361367228459746,-0.3999132421428193,0.4684192025705026,0.06071326809239387,7.715269121366668,0.5131578947368421,0.6749767900689047,-0.024362687002776773,0.20399999618530273
AAPL,1h,14,0.25,0.5,10,30,0.4098763085179366,0.030439871844305744,0.4494538520679824,0.0728996955672351,6.165373511792691,0.2631578947368421,0.25918904084360306,-0.018452109543683815,0.19426965713500977
AAPL,1h,14,0.25,0.5,12,26,0.41740690481714876,-0.22183676681839715,0.4413605111680902,0.06338667186328703,6.962986037822284,0.32894736842105265,0.3258528647909708,-0.018452109543683815,0.1862633228302002
AAPL,1h,14,0.25,0.5,20,50,0.32746239977069624,-0.3338847886061229,0.3543919231178775,0.08485109761863245,4.1766333384479,0.05263157894736842,0.0563794465711502,-0.002687298053769438,0.18218994140625
AAPL,1h,14,0.25,0.75,8,21,0.6229721189871297,-0.23438433984177665,0.6275095130056823,0.04710201033859165,13.322350967503201,0.5263157894736842,0.6864752684712516,-0.02942619631908161,0.21886444091796875
AAPL,1h,14,0.25,0.75,9,21,0.595130829036985,-0.505081980936299,0.6177743733019322,0.06431448212654847,9.605525114644749,0.5131578947368421,0.6881620765019832,-0.02942619631908161,0.2131175994873047
AAPL,1h,14,0.25,0.75,10,30,0.5444421787987238,-0.07044115162113118,0.5792358053883547,0.06720798365115482,8.618556515471385,0.2631578947368421,0.261237363295927,-0.018452109543683815,0.21532869338989258
AAPL,1h,14,0.25,0.75,12,26,0.5632726943770877,-0.3301939143210315,0.573228118829885,0.05408650171635978,10.59835819731891,0.32894736842105265,0.3329775935398025,-0.018452109543683815,0.1954658031463623
AAPL,1h,14,0.25,0.75,20,50,0.4478270362970542,-0.4443387150968078,0.4581396323974206,0.07070032998195784,6.480021133060259,0.05263157894736842,0.056303352163766085,-0.002687298053769438,0.1797480583190918
AAPL,1h,14,0.25,1.0,8,21,0.7515170053022767,-0.29949842179372077,0.7442961842576088,0.05243648122896452,14.194243526899347,0.5263157894736842,0.698815070405605,-0.03601543092424775,0.1962594985961914
AAPL,1h,14,0.25,1.0,9,21,0.7212042549884307,-0.5931878356390161,0.7365743444915878,0.06885832933771154,10.69695346337991,0.5131578947368421,0.6982771710058723,-0.03601543092424775,0.20533156394958496
AAPL,1h,14,0.25,1.0,10,30,0.6525753042948595,-0.16458713300151662,0.6825114980462119,0.06699014897154631,10.188236756065505,0.2631578947368421,0.26292046804835517,-0.018452109543683815,0.20312905311584473
AAPL,1h,14,0.25,1.0,12,26,0.6795803486508099,-0.4254846353693952,0.6777164806863578,0.05087513002633337,13.321174419319743,0.32894736842105265,0.3387136384231217,-0.018452109543683815,0.20536112785339355
AAPL,1h,14,0.25,1.0,20,50,0.5436112084603212,-0.5388645765608377,0.5409589115588753,0.06507764559299366,8.312515098381427,0.05263157894736842,0.056246293922804884,-0.002687298053769438,0.20220589637756348
AAPL,1h,14,0.4,0.0,8,21,-0.1802547935983451,-0.28480754858174495,0.157088442951951,0.4284575927240691,0.3666370852555238,0.25,0.05586523479181796,-0.06794944556803162,0.2018568515777588
AAPL,1h,14,0.4,0.0,9,21,-0.04800996082666503,-0.12787167905683494,0.11092922600198422,0.4087154042922468,0.271409457135767,0.25,0.09019811763393788,-0.06794944556803162,0.2172541618347168
AAPL,1h,14,0.4,0.0,10,30,0.13164561579249565,0.15658893818306208,0.07773379530806598,0.47588856888430375,0.16334453145262318,0.11842105263157894,-0.00570505683393676,-0.018452109543683815,0.2109508514404297
AAPL,1h,14,0.4,0.0,12,26,0.11049048395243476,0.11577521297082227,0.08900900921022745,0.5400841056646787,0.16480582982660547,0.15789473684210525,0.019500708909238856,-0.018452109543683815,0.23189020156860352
AAPL,1h,14,0.4,0.0,20,50,-0.02485101278756646,-0.09359530283677642,0.13282369474230166,0.4367847768634155,0.30409414837238297,0.013157894736842105,-0.02310017631948028,-0.002687298053769438,0.1751110553741455
AAPL,1h,14,0.4,0.25,8,21,0.25283232137480255,-0.2975489170326886,0.3086541972942542,0.06059213426574183,5.093964770090037,0.5263157894736842,0.6469625354432155,-0.024362687002776773,0.21225595474243164
AAPL,1h,14,0.4,0.25,9,21,0.24987108006685516,-0.27686831062811135,0.28808364249309815,0.06730173067405944,4.280478965515462,0.5131578947368421,0.6562371570150529,-0.024362687002776773,0.22292709350585938
AAPL,1h,14,0.4,0.25,10,30,0.2517113991384528,0.028458480121872798,0.28621946188506686,0.09435197403539156,3.033529131862207,0.2631578947368421,0.2568726784057433,-0.018452109543683815,0.19342446327209473
AAPL,1h,14,0.4,0.25,12,26,0.24648951168853966,-0.016475449603636783,0.2839867748774117,0.10035487675770319,2.829825356301013,0.32894736842105265,0.3171804052598281,-0.018452109543683815,0.18430805206298828
AAPL,1h,14,0.4,0.25,20,50,0.1746733489304526,-0.24387324261753185,0.23834663660641237,0.10699898102205975,2.2275598732783535,0.05263157894736842,0.056486010697468315,-0.002687298053769438,0.17484188079833984
AAPL,1h,14,0.4,0.5,8,21,0.4832419882854493,-0.34118573197071844,0.5041841712378631,0.04611869192723108,10.932317248576695,0.5263157894736842,0.6703141524091348,-0.024362687002776773,0.21168828010559082
AAPL,1h,14,0.4,0.5,9,21,0.46898024328221305,-0.40279717614659627,0.48396634014761747,0.06000833733597656,8.064984994301234,0.5131578947368421,0.6749767900689047,-0.024362687002776773,0.2005937099456787
AAPL,1h,14,0.4,0.5,10,30,0.434801082027991,-0.08935434636054296,0.46212493645844577,0.0674162264900612,6.854802775509459,0.2631578947368421,0.25918904084360306,-0.018452109543683815,0.19070148468017578
AAPL,1h,14,0.4,0.5,12,26,0.4313438429879724,-0.13625646679975845,0.45591412235530154,0.061864111806336705,7.369605883658747,0.32894736842105265,0.3258528647909708,-0.018452109543683815,0.20270037651062012
AAPL,1h,14,0.4,0.5,20,50,0.3352531477668248,-0.37227915762784103,0.36666631580067377,0.07446685146785907,4.923886381297215,0.05263157894736842,0.0563794465711502,-0.002687298053769438,0.1861577033996582
AAPL,1h,14,0.4,0.75,8,21,0.6586673297281348,-0.4025977373407662,0.6607455127630779,0.04840446424874763,13.650507716964833,0.5263157894736842,0.6864752684712516,-0.02942619631908161,0.20641779899597168
AAPL,1h,14,0.4,0.75,9,21,0.6391509272027217,-0.5088083202780733,0.6392904895933045,0.06353308910585506,10.06232340644033,0.5131578947368421,0.6881620765019832,-0.02942619631908161,0.21601653099060059
AAPL,1h,14,0.4,0.75,10,30,0.5819218457024736,-0.19713870088607877,0.6004906350233906,0.06097696830866437,9.847827002216924,0.2631578947368421,0.261237363295927,-0.018452109543683815,0.18992996215820312
AAPL,1h,14,0.4,0.75,12,26,0.5791367728773281,-0.24428083948709245,0.5912297921382434,0.04826529434278318,12.249584306671622,0.32894736842105265,0.3329775935398025,-0.018452109543683815,0.20420503616333008
AAPL,1h,14,0.4,0.75,20,50,0.46013259171784626,-0.4814727500474437,0.4711035548859714,0.06508966810076362,7.237762438067255,0.05263157894736842,0.056303352163766085,-0.002687298053769438,0.19095206260681152
AAPL,1h,14,0.4,1.0,8,21,0.7969702234947421,-0.47237244520993027,0.7856793181881954,0.053651234290580115,14.644198378230826,0.5263157894736842,0.698815070405605,-0.03601543092424775,0.21666407585144043
AAPL,1h,14,0.4,1.0,9,21,0.774092492036625,-0.5976918171880601,0.7629551119957314,0.06782360455921527,11.249108875208961,0.5131578947368421,0.6982771710058723,-0.03601543092424775,0.21051287651062012
AAPL,1h,14,0.4,1.0,10,30,0.6996354418758801,-0.2952592143300301,0.710294412907199,0.059947121518738475,11.84868255409349,0.2631578947368421,0.26292046804835517,-0.018452109543683815,0.1987617015838623
AAPL,1h,14,0.4,1.0,12,26,0.6972445187897411,-0.34128908807209246,0.6986267861659815,0.0427127105856877,16.356414205191637,0.32894736842105265,0.3387136384231217,-0.018452109543683815,0.19623112678527832
AAPL,1h,14,0.4,1.0,20,50,0.5593026055538126,-0.5738761139441935,0.5548104869999771,0.06241012099928689,8.889751824168336,0.05263157894736842,0.056246293922804884,-0.002687298053769438,0.17853260040283203
AAPL,1h,14,0.55,0.0,8,21,-0.146102189431265,-0.24597716580731477,0.12466067702137877,0.4743396106928973,0.26280891203515383,0.23684210526315788,0.03153588903542354,-0.08564884895657698,0.18298006057739258
AAPL,1h,14,0.55,0.0,9,21,0.10258620739785619,0.10320566661431863,0.10970010748998141,0.3793129110743998,0.28920741764169594,0.25,0.07741390920177504,-0.08557956259803856,0.18248605728149414
AAPL,1h,14,0.55,0.0,10,30,0.20922474442200806,0.3083356256262231,0.13741635412258973,0.42025100856117137,0.32698637557841226,0.11842105263157894,-0.0016887704078840696,-0.018452109543683815,0.17616987228393555
AAPL,1h,14,0.55,0.0,12,26,0.18476377339768232,0.2437246401871398,0.09710530157844428,0.49857952935390154,0.19476391600810597,0.14473684210526316,0.014347733671511095,-0.018452109543683815,0.1852715015411377
AAPL,1h,14,0.55,0.0,20,50,0.003219821968475908,-0.0538128280452409,0.20859965648680506,0.38928265382590593,0.5358565413502717,0.013157894736842105,-0.02310017631948028,-0.002687298053769438,0.18406414985656738
AAPL,1h,14,0.55,0.25,8,21,0.28305091652535136,-0.24807658247937625,0.32535865283925647,0.0648801792309275,5.014761930314805,0.7105263157894737,1.0512179834136088,-0.09040727704325535,0.19953465461730957
AAPL,1h,14,0.55,0.25,9,21,0.3083085171934918,0.21198806423753958,0.31590865455912065,0.062086274209281256,5.08822052188623,0.6842105263157895,0.9872337258670227,-0.09032067775587693,0.20995831489562988
AAPL,1h,14,0.55,0.25,10,30,0.2796481792807717,0.2011118622664001,0.30243078129002726,0.08866204497401782,3.411051272037023,0.3815789473684211,0.49561194198130687,-0.018452109543683815,0.1981062889099121
AAPL,1h,14,0.55,0.25,12,26,0.276048692293804,0.12553921710964766,0.2883271167812326,0.0884316222195871,3.2604526474169977,0.4473684210526316,0.5705880740027562,-0.018774293094505512,0.20209860801696777
AAPL,1h,14,0.55,0.25,20,50,0.18696176994952846,-0.20061474120124945,0.26226842499956315,0.08078321874146,3.246570625502452,0.05263157894736842,0.056486010697468315,-0.002687298053769438,0.18866491317749023
AAPL,1h,14,0.55,0.5,8,21,0.5285054461959805,-0.2833340312954502,0.5388538646052977,0.05047460023883907,10.67574308772161,0.7236842105263158,1.0931480046659023,-0.09516570512993339,0.18921804428100586
AAPL,1h,14,0.55,0.5,9,21,0.5302630980429575,0.2732078363957291,0.5271543328374824,0.05367563951637544,9.821109493751955,0.6973684210526315,1.0255528186421563,-0.09506179291371553,0.19408369064331055
AAPL,1h,14,0.55,0.5,10,30,0.46922866027391597,0.09904601817572445,0.4827129615418606,0.06450806385257475,7.482986354156307,0.3815789473684211,0.5072500734651265,-0.03614141072572019,0.19473528861999512
AAPL,1h,14,0.55,0.5,12,26,0.4717462494502136,0.014548941017354267,0.46835509450949137,0.05669711160210822,8.260651755883735,0.4473684210526316,0.5888978668305044,-0.03614141072572019,0.19386863708496094
AAPL,1h,14,0.55,0.5,20,50,0.35011762331272156,-0.32730340759703014,0.38889813534593315,0.06375450573869136,6.09993177485993,0.05263157894736842,0.0563794465711502,-0.002687298053769438,0.1877613067626953
AAPL,1h,14,0.55,0.75,8,21,0.7168949479690843,-0.33892575971200434,0.7091386508360213,0.0542537932322987,13.070766274345083,0.7236842105263158,1.1239912106169543,-0.09992413321661175,0.20643281936645508
AAPL,1h,14,0.55,0.75,9,21,0.7062130984169951,0.2951403113489297,0.6941841584357779,0.05515495968764803,12.586069546003866,0.6973684210526315,1.0537637422490707,-0.09980290807155401,0.2013397216796875
AAPL,1h,14,0.55,0.75,10,30,0.62343517624723,0.002338008776344047,0.6258920565666238,0.05938355221528669,10.539821772492498,0.3815789473684211,0.5168433628435676,-0.055178607316591965,0.19727754592895508
AAPL,1h,14,0.55,0.75,12,26,0.6297877528671184,-0.08912423392945623,0.6104211536968268,0.049235085283289605,12.398092745946839,0.4473684210526316,0.6035769239253775,-0.055178607316591965,0.18598675727844238
AAPL,1h,14,0.55,0.75,20,50,0.4779185142508897,-0.4361964063968927,0.49408599131014797,0.06238097533904052,7.92045954114682,0.05263157894736842,0.056303352163766085,-0.002687298053769438,0.16961383819580078
AAPL,1h,14,0.55,1.0,8,21,0.8657288296520824,-0.40542058110629875,0.8449072914367614,0.061158432701305575,13.815057942430313,0.7236842105263158,1.148075868727409,-0.10468256130329001,0.21082234382629395
AAPL,1h,14,0.55,1.0,9,21,0.8463581972972454,0.28529780243025793,0.8270143934544073,0.05807082374514603,14.24147859661686,0.6973684210526315,1.0758054085090671,-0.10454402322939238,0.20460057258605957
AAPL,1h,14,0.55,1.0,10,30,0.7471641708719999,-0.08888226760367879,0.7398023254559083,0.05955669377635943,12.42181656748661,0.3815789473684211,0.5246177356602925,-0.07421580390746385,0.18660593032836914
AAPL,1h,14,0.55,1.0,12,26,0.7563771995014319,-0.18545568724983152,0.7232807098629677,0.04918897111047118,14.704123577591933,0.4473684210526316,0.6153671210063624,-0.07421580390746385,0.19361019134521484
AAPL,1h,14,0.55,1.0,20,50,0.5795712094095005,-0.5294137117999536,0.5787695447350855,0.06407703024048622,9.03240275903732,0.05263157894736842,0.056246293922804884,-0.002687298053769438,0.19639897346496582
AAPL,1h,14,0.7,0.0,8,21,0.051445823345993964,0.022535861822638337,0.14797153804994262,0.33088580488400965,0.4471982051385169,0.23684210526315788,0.0018695843389168539,-0.07782697069871303,0.22207236289978027
AAPL,1h,14,0.7,0.0,9,21,0.017461909004577836,-0.031422933383862706,0.14464227143429026,0.35016016631471636,0.41307460227868675,0.25,0.047582096147152225,-0.0777570916253727,0.20743417739868164
AAPL,1h,14,0.7,0.0,10,30,0.33064069372045063,0.5363223968954425,0.13609050510643977,0.4773344202381405,0.2851051575927516,0.11842105263157894,-0.0016887704078840696,-0.018452109543683815,0.1964707374572754
AAPL,1h,14,0.7,0.0,12,26,0.20506455817533226,0.27546275559081557,0.10064699088728653,0.5265819322942568,0.1911326323878588,0.14473684210526316,0.005371963570468584,-0.018867444911776277,0.21135616302490234
AAPL,1h,14,0.7,0.0,20,50,0.15736405406417792,0.1961402204667968,0.22424322209829234,0.40402411525477167,0.5550243503581163,0.013157894736842105,-0.02310017631948028,-0.002687298053769438,0.18661737442016602
AAPL,1h,14,0.7,0.25,8,21,0.32930939245024565,0.10169025425164269,0.33516840611882914,0.04723153570009303,7.096284318321858,0.7368421052631579,1.0605474311365872,-0.030334693453231254,0.21365094184875488
AAPL,1h,14,0.7,0.25,9,21,0.3140257735862394,0.029126935769644646,0.3343998412355852,0.060847692986071844,5.495686439782195,0.7105263157894737,0.996484556572138,-0.030334693453231254,0.20633196830749512
AAPL,1h,14,0.7,0.25,10,30,0.31063300553084894,0.4673902112830963,0.30682100353160263,0.08681401535358806,3.5342335253350496,0.3815789473684211,0.49561194198130687,-0.018452109543683815,0.201462984085083
AAPL,1h,14,0.7,0.25,12,26,0.29530763140886085,0.16203763201235932,0.2929892380744312,0.09069232958384273,3.2305845424730237,0.4473684210526316,0.5698322901394712,-0.027757766499938885,0.20427942276000977
AAPL,1h,14,0.7,0.25,20,50,0.2197869128105418,0.07476494751346241,0.2666828673456191,0.08280877629006327,3.2204662270515882,0.05263157894736842,0.056486010697468315,-0.002687298053769438,0.18354582786560059
AAPL,1h,14,0.7,0.5,8,21,0.5777320068508831,0.13507033905469856,0.5624206558912607,0.047383028418785146,11.869664617474879,0.7368421052631579,1.1133852460638038,-0.03974019425727893,0.19762063026428223
AAPL,1h,14,0.7,0.5,9,21,0.5567766580635509,0.04540184425084326,0.5554496209266464,0.05951184478408621,9.333429722131159,0.7105263157894737,1.0458989124456413,-0.03974019425727893,0.22666263580322266
AAPL,1h,14,0.7,0.5,10,30,0.507170840738492,0.39669120069762553,0.4981567527461469,0.05904029913016014,8.437571626253305,0.3815789473684211,0.5072500734651265,-0.03614141072572019,0.199293851852417
AAPL,1h,14,0.7,0.5,12,26,0.5046940060446002,0.054718454701285335,0.48385504776552457,0.05969190732067536,8.10587346733906,0.4473684210526316,0.5884175736483739,-0.03664808808810183,0.2016615867614746
AAPL,1h,14,0.7,0.5,20,50,0.3709657555300411,-0.03680828097360722,0.39543098186678494,0.06488532615455683,6.094305219717451,0.05263157894736842,0.0563794465711502,-0.002687298053769438,0.20438170433044434
AAPL,1h,14,0.7,0.75,8,21,0.7730614428509532,0.13243325201912448,0.7434906643061645,0.05353215866481318,13.888673329268576,0.7368421052631579,1.153107070507847,-0.049145695061325934,0.20099616050720215
AAPL,1h,14,0.7,0.75,9,21,0.746929657995121,0.028032088018865364,0.7310963481464249,0.06399798393064995,11.42374029998604,0.7105263157894737,1.0830427790525774,-0.049145695061325934,0.210113525390625
AAPL,1h,14,0.7,0.75,10,30,0.6692120680737247,0.32480736973283575,0.6500255305653015,0.05357948312780492,12.131985838959553,0.3815789473684211,0.5168433628435676,-0.055178607316591965,0.1937093734741211
AAPL,1h,14,0.7,0.75,12,26,0.6735678331209799,-0.04627671704395786,0.634729148531623,0.05268107651073117,12.048522744259568,0.4473684210526316,0.6031975911916594,-0.055178607316591965,0.188035249710083
AAPL,1h,14,0.7,0.75,20,50,0.49442966381139875,-0.13905608593648444,0.5025136229388735,0.06325440863281126,7.94432568101206,0.05263157894736842,0.056303352163766085,-0.002687298053769438,0.18428516387939453
AAPL,1h,14,0.7,1.0,8,21,0.9283226935047617,0.10223308958952959,0.8878402041990727,0.05962026058130289,14.89158543660412,0.7368421052631579,1.1842824171006157,-0.058551195865373495,0.19841265678405762
AAPL,1h,14,0.7,1.0,9,21,0.8979403208537797,-0.014031750591983028,0.870955412742892,0.06852244134152305,12.710513456488783,0.7105263157894737,1.112193668217827,-0.058551195865373495,0.2160806655883789
AAPL,1h,14,0.7,1.0,10,30,0.7996140849227271,0.25229595423966233,0.770866261476274,0.05448639917563267,14.147865763554067,0.3815789473684211,0.5246177356602925,-0.07421580390746385,0.2104663848876953
AAPL,1h,14,0.7,1.0,12,26,0.8087578002380825,-0.14082522552994492,0.754684844730388,0.05220709831399811,14.455598359275925,0.4473684210526316,0.6150451405399044,-0.07421580390746385,0.19858431816101074
AAPL,1h,14,0.7,1.0,20,50,0.593658077003673,-0.23247308878710293,0.5887285885881266,0.0648530007439633,9.077892801173538,0.05263157894736842,0.056246293922804884,-0.002687298053769438,0.18187165260314941
AAPL,1h,14,0.85,0.0,8,21,0.19863248504157946,0.2679347187866763,0.20801150381088016,0.34939874312915886,0.5953413053177085,0.34210526315789475,0.20182446863138678,-0.08107173322060068,0.2074291706085205
AAPL,1h,14,0.85,0.0,9,21,0.0724348467654969,0.05370173144337742,0.12647666975215083,0.3443905419710472,0.36724780253339157,0.3157894736842105,0.12327362231711414,-0.0810021000241089,0.20481157302856445
AAPL,1h,14,0.85,0.0,10,30,0.3387882043024673,0.5599394916976794,0.124863816284065,0.41484312080976904,0.30099044679909903,0.27631578947368424,0.1995952129908258,-0.045837617149373955,0.18686962127685547
AAPL,1h,14,0.85,0.0,12,26,0.21193757216154363,0.2945550844685403,0.17554866641979755,0.4379178320345781,0.4008712447360129,0.27631578947368424,0.2056736201768096,-0.07605111117155172,0.17972922325134277
AAPL,1h,14,0.85,0.0,20,50,0.2205377104595034,0.3157812961998574,0.18082016060248096,0.40168860432126735,0.45015008804646706,0.05263157894736842,0.01614401041649315,-0.006341019333744868,0.16782593727111816
AAPL,1h,14,0.85,0.25,8,21,0.3724569881451246,0.4442509735444631,0.37038463953851697,0.05526205074062317,6.702332515254397,0.8289473684210527,1.1343107387493112,-0.03214932667021375,0.1978607177734375
AAPL,1h,14,0.85,0.25,9,21,0.34758933427136035,0.14715500914287394,0.350788363681653,0.05936591219716576,5.908918951950346,0.8026315789473685,1.0297895255477798,-0.03214932667021375,0.21481561660766602
AAPL,1h,14,0.85,0.25,10,30,0.3264434208076274,0.49684983106441494,0.3057360261046246,0.060264920865164925,5.073200490691259,0.5921052631578947,0.7392323536764439,-0.019899241825233727,0.20695829391479492
AAPL,1h,14,0.85,0.25,12,26,0.3130861763337674,0.18568059480211785,0.31575110087354663,0.0645397977243542,4.89234723390522,0.631578947368421,0.8333621116983615,-0.0295772221821734,0.19382405281066895
AAPL,1h,14,0.85,0.25,20,50,0.24311227551584416,0.2106491570829374,0.2703291382099626,0.06921420889364048,3.9056884782916437,0.11842105263157894,0.148160948143375,-0.006341019333744868,0.1906726360321045
AAPL,1h,14,0.85,0.5,8,21,0.6341211107561897,0.5744808408249147,0.623882581911352,0.05334519206942029,11.695197968346763,0.8289473684210527,1.2134431053455874,-0.04153722600490228,0.2100200653076172
AAPL,1h,14,0.85,0.5,9,21,0.6081515384352894,0.19574868077923946,0.5987026100601553,0.060542633095378384,9.888942377464224,0.8026315789473685,1.1077278161808615,-0.04153722600490228,0.20943951606750488
AAPL,1h,14,0.85,0.5,10,30,0.5369305360649281,0.43184615795201253,0.5193225624578053,0.04767021618858348,10.89406770053998,0.5921052631578947,0.7766806306949834,-0.021825323254201168,0.1971423625946045
AAPL,1h,14,0.85,0.5,12,26,0.5356032677965638,0.08257303876029853,0.5223300909079309,0.04661952409458334,11.204106027513477,0.631578947368421,0.8693284633056884,-0.038450906408192265,0.19825482368469238
AAPL,1h,14,0.85,0.5,20,50,0.398900887797104,0.11131481863889903,0.41151442269700045,0.05845859955767088,7.039416370059141,0.11842105263157894,0.14808860785763367,-0.006341019333744868,0.17890691757202148
AAPL,1h,14,0.85,0.75,8,21,0.8427557067311906,0.6635889742604975,0.8260224117269187,0.059658230157540466,13.845908763059645,0.8289473684210527,1.2756088501558,-0.050925125339590704,0.19918370246887207
AAPL,1h,14,0.85,0.75,9,21,0.8134575144633099,0.20847189351175177,0.7946185652839028,0.06744699618027833,11.781378123348528,0.8026315789473685,1.1681623534609302,-0.050925125339590704,0.20592451095581055
AAPL,1h,14,0.85,0.75,10,30,0.7097582937058092,0.36545266204673177,0.6886684040440303,0.05054324571164833,13.625330038615187,0.5921052631578947,0.8068901844529716,-0.02585678284215609,0.22370195388793945
AAPL,1h,14,0.85,0.75,12,26,0.7147265552286834,-0.014632953402070825,0.6876115442466066,0.04642868535125576,14.810058459430595,0.631578947368421,0.8993015955517393,-0.047324590634210906,0.2644219398498535
AAPL,1h,14,0.85,0.75,20,50,0.5277458696005216,0.017752182319290544,0.5272720005668485,0.06299320020105681,8.370300268663009,0.11842105263157894,0.1480367758379429,-0.006341019333744868,0.23663902282714844
AAPL,1h,14,0.85,1.0,8,21,1.009167849609051,0.7164648030811287,0.987217848351753,0.06624347437452477,14.902869417299268,0.8289473684210527,1.3249588360530264,-0.0603130246742799,0.20102357864379883
AAPL,1h,14,0.85,1.0,9,21,0.976735547067405,0.1930942088094958,0.9504736543618352,0.0739811520367992,12.847510861807844,0.8026315789473685,1.2159668041800167,-0.0603130246742799,0.2055683135986328
AAPL,1h,14,0.85,1.0,10,30,0.8486754133619969,0.2981724481832564,0.8235018257765271,0.055726848800160406,14.777469810461572,0.5921052631578947,0.8310536576656167,-0.03023642609570132,0.19712567329406738
AAPL,1h,14,0.85,1.0,12,26,0.8580299825901627,-0.1058757839726987,0.8194843066335789,0.05033831347827799,16.279534414421793,0.631578947368421,0.9234938790056756,-0.05619827486022955,0.19360136985778809
AAPL,1h,14,0.85,1.0,20,50,0.6315895933890078,-0.07010500119415675,0.6201382693764435,0.06889286194408337,9.001487989855558,0.11842105263157894,0.1479978138889393,-0.006341019333744868,0.17728137969970703
AAPL,1h,14,1.0,0.0,8,21,0.18627549920758263,0.24579202823415303,0.16634746034448294,0.29044918537425296,0.572724830094252,0.35526315789473684,0.1305566952530937,-0.07829547348693433,0.21902036666870117
AAPL,1h,14,1.0,0.0,9,21,0.16402798310827632,0.20633345192594654,0.12955337247032075,0.3189623537231586,0.4061713583376858,0.32894736842105265,0.0822860567407926,-0.07829547348693433,0.19991374015808105
AAPL,1h,14,1.0,0.0,10,30,0.21581974048755637,0.2997566663828206,0.1729151560063363,0.3327267599559894,0.5196911604861846,0.2631578947368421,0.13223651698529137,-0.045837617149373955,0.18994688987731934
AAPL,1h,14,1.0,0.0,12,26,0.2627026717652167,0.3925369542059436,0.23443077348792535,0.32670285016484957,0.7175657432117135,0.2631578947368421,0.15489703926682208,-0.07605111117155172,0.22051763534545898
AAPL,1h,14,1.0,0.0,20,50,0.2308663153587725,0.33876377867979524,0.16097765332177538,0.41667540661217173,0.3863382641913596,0.05263157894736842,0.01614401041649315,-0.006341019333744868,0.18809223175048828
AAPL,1h,14,1.0,0.25,8,21,0.3846948429603318,0.4132037931727961,0.3802180142121169,0.04935439880127225,7.70383235227081,0.8421052631578947,1.0940916677525088,-0.036077872304108305,0.20844745635986328
AAPL,1h,14,1.0,0.25,9,21,0.3707795044134143,0.3579203127571118,0.3671644909656705,0.05402125136711953,6.7966676386387475,0.8026315789473685,1.016911276245397,-0.036077872304108305,0.23749566078186035
AAPL,1h,14,1.0,0.25,10,30,0.326228864521045,0.19105131904531514,0.3332357220140079,0.05323089766262937,6.260193546349967,0.5921052631578947,0.7082323381977733,-0.0295772221821734,0.21819210052490234
AAPL,1h,14,1.0,0.25,12,26,0.32725663037350433,0.2982634180392023,0.3366944139033347,0.051986973428340424,6.47651501327422,0.631578947368421,0.8125086375304412,-0.03319968868554379,0.23876142501831055
AAPL,1h,14,1.0,0.25,20,50,0.2481162393510307,0.236890670107875,0.2745792743466682,0.0669150355106704,4.10340175793351,0.11842105263157894,0.148160948143375,-0.006341019333744868,0.1663038730621338
AAPL,1h,14,1.0,0.5,8,21,0.6593805478417998,0.5344963035460701,0.6536563234895141,0.04862572570994667,13.442602942084315,0.8421052631578947,1.190207673647209,-0.04931810553474647,0.19989752769470215
AAPL,1h,14,1.0,0.5,9,21,0.6368142820432792,0.4633225749139336,0.6321654721284093,0.0538520652933078,11.73892716435833,0.8026315789473685,1.1029989037470316,-0.04931810553474647,0.220414400100708
AAPL,1h,14,1.0,0.5,10,30,0.5601565075801823,0.08783240095256706,0.5615865401695198,0.04962357726910656,11.31692979577147,0.5921052631578947,0.7551686282470201,-0.038450906408192265,0.2043471336364746
AAPL,1h,14,1.0,0.5,12,26,0.5537381673238371,0.20639962579920268,0.5558079737270353,0.047436199249579744,11.71695840981525,0.631578947368421,0.8555917896930622,-0.045629590714665214,0.20321202278137207
AAPL,1h,14,1.0,0.5,20,50,0.4054912931391299,0.14000784674970834,0.42903344564946433,0.0571921558985298,7.501613445218861,0.11842105263157894,0.14808860785763367,-0.006341019333744868,0.20032215118408203
AAPL,1h,14,1.0,0.75,8,21,0.8778774264780943,0.6150851405148219,0.8703887265561809,0.05303829321862654,16.410571942207763,0.8421052631578947,1.2674097042011532,-0.06248212702744027,0.2048323154449463
AAPL,1h,14,1.0,0.75,9,21,0.8482027180334164,0.5287576101276723,0.8415472676446841,0.05959840288154526,14.120298983804993,0.8026315789473685,1.1712256157017968,-0.06248212702744027,0.20996928215026855
AAPL,1h,14,1.0,0.75,10,30,0.7480658232835105,-0.009694943035431391,0.743668630598928,0.05522958486369573,13.465041108570173,0.5921052631578947,0.7928591247564036,-0.047324590634210906,0.1951909065246582
AAPL,1h,14,1.0,0.75,12,26,0.7370028667355103,0.1173972339530529,0.732336595715503,0.052444395899539115,13.964058183039132,0.631578947368421,0.8913931244080002,-0.0579932440435188,0.21272611618041992
AAPL,1h,14,1.0,0.75,20,50,0.5358354033100313,0.04817821683403589,0.5542576422977852,0.060028508731029585,9.23324023892137,0.11842105263157894,0.1480367758379429,-0.006341019333744868,0.22454047203063965
AAPL,1h,14,1.0,1.0,8,21,1.0520681047592537,0.6602048106015153,1.0429923817539126,0.05766831640152686,18.086055685965853,0.8421052631578947,1.3289637148474156,-0.07556993678218915,0.215667724609375
AAPL,1h,14,1.0,1.0,9,21,1.0166806174324854,0.5600598548784563,1.0081447445518106,0.06536818192783202,15.422560561112526,0.8026315789473685,1.2254001924116826,-0.07556993678218915,0.2023639678955078
AAPL,1h,14,1.0,1.0,10,30,0.8982976357143351,-0.10140777334065254,0.8888440048290471,0.06164066217119221,14.419767301663555,0.5921052631578947,0.8229849905571506,-0.05619827486022955,0.22693777084350586
AAPL,1h,14,1.0,1.0,12,26,0.8837962051743867,0.03163588169282461,0.8734540220011631,0.058550880806753434,14.917863061428381,0.631578947368421,0.9202769251023181,-0.07029064867210522,0.24131321907043457
AAPL,1h,14,1.0,1.0,20,50,0.6409047918957002,-0.03857902385255818,0.6544401044924025,0.06392137467377035,10.238204479055847,0.11842105263157894,0.1479978138889393,-0.006341019333744868,0.19585967063903809
AAPL,1h,19,0.0,0.0,8,21,0.08479879640035129,0.07327671817573167,0.1630388104790073,0.40270967024231386,0.40485447091674126,0.23684210526315788,0.025993839128596322,-0.05546915683810483,0.21469497680664062
AAPL,1h,19,0.0,0.0,9,21,-0.008606417180779565,-0.07321193895077205,0.22455670186692114,0.4691151060842122,0.478681455690771,0.23684210526315788,0.07227923685776172,-0.05546915683810483,0.20865631103515625
AAPL,1h,19,0.0,0.0,10,30,0.0034230261892871016,-0.054489084894762785,0.19173714825868676,0.5161470814762761,0.37147773404100837,0.13157894736842105,0.09879437355497889,-0.02129873273670191,0.19908356666564941
AAPL,1h,19,0.0,0.0,12,26,0.2045921135330872,0.29545390472054267,0.09870792400620651,0.5003476963595489,0.19727866186731713,0.15789473684210525,0.10082936584276625,-0.02129873273670191,0.21787071228027344
AAPL,1h,19,0.0,0.0,20,50,0.08422859683443368,0.07322006160789485,0.1251506557331483,0.5522633363027947,0.22661409423081955,0.0,-0.05040741472744485,-0.0014167149841988191,0.17786931991577148
AAPL,1h,19,0.0,0.25,8,21,0.2220204123287324,-0.06370538466355447,0.26477578287886744,0.07508200646159793,3.526487841188579,0.42105263157894735,0.4033018670337437,-0.025558689767970932,0.19770193099975586
AAPL,1h,19,0.0,0.25,9,21,0.20629542700587578,-0.22030456968808065,0.25584259022773703,0.10809134987415149,2.366910863132057,0.40789473684210525,0.4235119472581698,-0.025558689767970932,0.192765474319458
AAPL,1h,19,0.0,0.25,10,30,0.17701565191552285,-0.20246855798692298,0.2707727384377207,0.13218019780579804,2.04851212914317,0.25,0.33752323431953607,-0.02129873273670191,0.19577240943908691
AAPL,1h,19,0.0,0.25,12,26,0.20995682086387893,0.17887784404093243,0.25148254725558516,0.11728089389125564,2.1442754988614174,0.2894736842105263,0.36404931660539075,-0.02129873273670191,0.19998955726623535
AAPL,1h,19,0.0,0.25,20,50,0.17681200747413778,-0.06059747869296872,0.23725252627645058,0.14855373711348632,1.5970821797313897,0.02631578947368421,0.0026287319937151523,-0.0014167149841988191,0.19915485382080078
AAPL,1h,19,0.0,0.5,8,21,0.3920485811674515,-0.18677990640661946,0.4046964455852657,0.05794602429886337,6.984024365468054,0.42105263157894735,0.41261170669619657,-0.025558689767970932,0.2200915813446045
AAPL,1h,19,0.0,0.5,9,21,0.38524448485607926,-0.3464209131607703,0.38465826276765164,0.06917392748615729,5.560740538328221,0.40789473684210525,0.4327877138425588,-0.025558689767970932,0.20086908340454102
AAPL,1h,19,0.0,0.5,10,30,0.3332114952891228,-0.33082926313925576,0.39440192124805973,0.08847409880349609,4.457823550416032,0.25,0.3372266408666881,-0.02129873273670191,0.18784761428833008
AAPL,1h,19,0.0,0.5,12,26,0.3353732478080195,0.06698161755032972,0.39119474291915546,0.08101364179029479,4.8287514827659495,0.2894736842105263,0.36404521019391967,-0.02129873273670191,0.19813990592956543
AAPL,1h,19,0.0,0.5,20,50,0.31067280051621937,-0.18157549736033474,0.3496885082893176,0.09304306513156499,3.758351122621016,0.02631578947368421,0.002561409962848707,-0.0014167149841988191,0.17664289474487305
AAPL,1h,19,0.0,0.75,8,21,0.5276799457049178,-0.2968337998746875,0.5196701503549371,0.06084622406535113,8.540713221526973,0.42105263157894735,0.4185232512784323,-0.025558689767970932,0.1956801414489746
AAPL,1h,19,0.0,0.75,9,21,0.5250100891083985,-0.4541520658924676,0.4927534069345173,0.060993445339999126,8.078792797943038,0.40789473684210525,0.43867388969068055,-0.025558689767970932,0.20238137245178223
AAPL,1h,19,0.0,0.75,10,30,0.45558723087666997,-0.4416146673191855,0.4965197658856494,0.0722611872514998,6.871181954948353,0.25,0.3370102240722944,-0.02129873273670191,0.20024585723876953
AAPL,1h,19,0.0,0.75,12,26,0.44126476129371733,-0.03966040715675001,0.5031316009455702,0.07467818991580978,6.737329888589794,0.2894736842105263,0.3640407524468326,-0.02129873273670191,0.19486618041992188
AAPL,1h,19,0.0,0.75,20,50,0.41870544651831926,-0.290432814282241,0.44194460575560923,0.07171218404638802,6.16275479031194,0.02631578947368421,0.002513296621963356,-0.0014167149841988191,0.19289731979370117
AAPL,1h,19,0.0,1.0,8,21,0.6360371245151037,-0.3947750976751345,0.6120641929479687,0.06711019977734914,9.120285664155496,0.42105263157894735,0.4229177286489404,-0.025558689767970932,0.2097177505493164
AAPL,1h,19,0.0,1.0,9,21,0.636065146542671,-0.5458343071832716,0.5801300850902982,0.062411916357319595,9.295181416461364,0.40789473684210525,0.44304857517839713,-0.025558689767970932,0.21532487869262695
AAPL,1h,19,0.0,1.0,10,30,0.552955008683565,-0.536736897863801,0.5785919960785615,0.06429806751639869,8.998590757505992,0.25,0.33684547091367917,-0.02129873273670191,0.1899714469909668
AAPL,1h,19,0.0,1.0,12,26,0.5271589769278476,-0.14058947573186753,0.5924524452789479,0.07671700955338694,7.722569593470189,0.2894736842105263,0.36403657463054284,-0.02129873273670191,0.1930983066558838
AAPL,1h,19,0.0,1.0,20,50,0.505357631289795,-0.3879181006481123,0.5160579364404023,0.06176446028567411,8.355256956079948,0.02631578947368421,0.0024771973683414493,-0.0014167149841988191,0.18582701683044434
AAPL,1h,19,0.1,0.0,8,21,-0.01707569089800516,-0.08120295009548795,0.19345469700164836,0.3722842863972474,0.5196423917694494,0.23684210526315788,0.025993839128596322,-0.05546915683810483,0.20824146270751953
AAPL,1h,19,0.1,0.0,9,21,-0.0261984491093862,-0.09973523163902076,0.18251666747712664,0.45031803447557495,0.4053061469982639,0.23684210526315788,0.04403919345999873,-0.05546915683810483,0.20151305198669434
AAPL,1h,19,0.1,0.0,10,30,0.06732642232362372,0.04519848554717987,0.2198719797311913,0.51482384247514,0.4270819678321494,0.13157894736842105,0.09879437355497889,-0.02129873273670191,0.19436407089233398
AAPL,1h,19,0.1,0.0,12,26,0.14541486491731037,0.17654576124272814,0.12539510564968367,0.5342124425208007,0.23472891244909772,0.15789473684210525,0.10082936584276625,-0.02129873273670191,0.1970806121826172
AAPL,1h,19,0.1,0.0,20,50,0.0721428290015004,0.05316484698598689,0.1347026792182438,0.48215055168737825,0.2793788760519426,0.0,-0.05040741472744485,-0.0014167149841988191,0.1799919605255127
AAPL,1h,19,0.1,0.25,8,21,0.21278954024060107,-0.22971516521573287,0.27691816963626226,0.06136140837492967,4.51290439659143,0.42105263157894735,0.4032799790027204,-0.025558689767970932,0.24290060997009277
AAPL,1h,19,0.1,0.25,9,21,0.21101296256153707,-0.24809680955118574,0.2468715119589099,0.08977019595283826,2.7500386886601706,0.40789473684210525,0.38112529711992876,-0.025558689767970932,0.22504305839538574
AAPL,1h,19,0.1,0.25,10,30,0.19794906603063137,-0.0949283357249916,0.2854027877730899,0.1260620903470615,2.2639858421143706,0.25,0.33752323431953607,-0.02129873273670191,0.20829129219055176
AAPL,1h,19,0.1,0.25,12,26,0.20613317044889531,0.044400381693377344,0.2701667020214434,0.11967784910554442,2.2574495116734776,0.2894736842105263,0.36404931660539075,-0.02129873273670191,0.2126007080078125
AAPL,1h,19,0.1,0.25,20,50,0.17695463934358704,-0.08262551290684772,0.2505207773784794,0.14523627451647436,1.724918779502723,0.02631578947368421,0.0026287319937151523,-0.0014167149841988191,0.2403268814086914
AAPL,1h,19,0.1,0.5,8,21,0.3984737004000788,-0.35714083513261596,0.4232607560100208,0.049743772341022605,8.508819015741732,0.42105263157894735,0.4187955927531937,-0.025558689767970932,0.2158198356628418
AAPL,1h,19,0.1,0.5,9,21,0.39737053142910783,-0.3742926925305774,0.3924693595849695,0.06277989941658402,6.251513035735994,0.40789473684210525,0.3955676204163806,-0.025558689767970932,0.19491982460021973
AAPL,1h,19,0.1,0.5,10,30,0.35351147446820125,-0.21997783941892557,0.41435399302701137,0.0873109484713136,4.745727772767801,0.25,0.3372266408666881,-0.02129873273670191,0.193497896194458
AAPL,1h,19,0.1,0.5,12,26,0.3480148565245432,-0.07822035059083343,0.4135785376262578,0.07900889569174387,5.234581929101373,0.2894736842105263,0.36404521019391967,-0.02129873273670191,0.20586752891540527
AAPL,1h,19,0.1,0.5,20,50,0.314641085052017,-0.2046951809242442,0.3648946110019859,0.09440816614286476,3.865074663666307,0.02631578947368421,0.002561409962848707,-0.0014167149841988191,0.17962050437927246
AAPL,1h,19,0.1,0.75,8,21,0.5432856802731346,-0.4659685805378271,0.5438431586676457,0.05499188339365136,9.889516872419588,0.42105263157894735,0.4296403067502714,-0.025558689767970932,0.19838619232177734
AAPL,1h,19,0.1,0.75,9,21,0.5423905801951118,-0.4812420421212328,0.5118494639215652,0.06221667263766509,8.226885852646816,0.40789473684210525,0.40604944816332034,-0.025558689767970932,0.19109439849853516
AAPL,1h,19,0.1,0.75,10,30,0.4775675781560926,-0.3310662959655648,0.5209863758937283,0.07467837422889168,6.976402221838519,0.25,0.3370102240722944,-0.02129873273670191,0.19843029975891113
AAPL,1h,19,0.1,0.75,12,26,0.46412405020125924,-0.19122745564184662,0.5291709515259458,0.06965574553449005,7.596946202577456,0.2894736842105263,0.3640407524468326,-0.02129873273670191,0.20250844955444336
AAPL,1h,19,0.1,0.75,20,50,0.4251503251475833,-0.3139106339572634,0.4586276741245559,0.07312427957105223,6.271893231835862,0.02631578947368421,0.002513296621963356,-0.0014167149841988191,0.18625712394714355
AAPL,1h,19,0.1,1.0,8,21,0.65829165595391,-0.5584773043616009,0.6407880743459266,0.06248779992698669,10.254610901562378,0.42105263157894735,0.43797439858331455,-0.025558689767970932,0.20289182662963867
AAPL,1h,19,0.1,1.0,9,21,0.6574996810097608,-0.5715441314317998,0.6078039084395261,0.06740938740177473,9.016606319486062,0.40789473684210525,0.414211074107021,-0.02679160745117315,0.20360231399536133
AAPL,1h,19,0.1,1.0,10,30,0.576708067549386,-0.4292928412003256,0.6066504984584247,0.06906265214519652,8.784060264338091,0.25,0.33684547091367917,-0.02129873273670191,0.1854569911956787
AAPL,1h,19,0.1,1.0,12,26,0.5575427141743208,-0.2946702459611169,0.6215046441123827,0.07000741788190083,8.87769700577775,0.2894736842105263,0.36403657463054284,-0.02129873273670191,0.19505786895751953
AAPL,1h,19,0.1,1.0,20,50,0.5136572012768852,-0.41115579090957477,0.5338530280882858,0.06204498979434053,8.604289078906119,0.02631578947368421,0.0024771973683414493,-0.0014167149841988191,0.19234943389892578
AAPL,1h,19,0.25,0.0,8,21,-0.07955565659127115,-0.15840088336937586,0.2129366276891934,0.42288620227285284,0.5035317457621928,0.23684210526315788,0.025993839128596322,-0.05546915683810483,0.20309925079345703
AAPL,1h,19,0.25,0.0,9,21,-0.021748192431487918,-0.09118402264843695,0.13225579835992649,0.41294124615717775,0.3202775203269135,0.23684210526315788,0.04403919345999873,-0.05546915683810483,0.1883695125579834
AAPL,1h,19,0.25,0.0,10,30,0.07643069457802243,0.060133531502474025,0.18171254259181732,0.5075327548474718,0.3580311632230065,0.13157894736842105,0.09879437355497889,-0.02129873273670191,0.1928393840789795
AAPL,1h,19,0.25,0.0,12,26,0.07734271882289843,0.061703852174926244,0.10410170457653208,0.446509585143577,0.23314550916764248,0.15789473684210525,0.10082936584276625,-0.02129873273670191,0.19533967971801758
AAPL,1h,19,0.25,0.0,20,50,-0.038382116344404194,-0.11570713953492906,0.1370006316770555,0.499743622507575,0.2741418309444837,0.0,-0.05040741472744485,-0.0014167149841988191,0.16436529159545898
AAPL,1h,19,0.25,0.25,8,21,0.24256090295101995,-0.13971090380147477,0.292126985920354,0.05558433570238984,5.255563140746397,0.42105263157894735,0.4032799790027204,-0.025558689767970932,0.18198227882385254
AAPL,1h,19,0.25,0.25,9,21,0.22548816832351248,-0.2398135506691923,0.2731154249467565,0.08087575167823689,3.3769754132653085,0.40789473684210525,0.38112529711992876,-0.025558689767970932,0.18095111846923828
AAPL,1h,19,0.25,0.25,10,30,0.21417967278414052,-0.07821067800228276,0.28908206985578466,0.11914126163318767,2.4263808011854957,0.25,0.33752323431953607,-0.02129873273670191,0.17975211143493652
AAPL,1h,19,0.25,0.25,12,26,0.21150269225756224,-0.07852000192481723,0.27752754840912197,0.10334580991343124,2.6854262271648555,0.2894736842105263,0.36404931660539075,-0.02129873273670191,0.19525599479675293
AAPL,1h,19,0.25,0.25,20,50,0.15494856064170834,-0.26534846530799094,0.23689466864625594,0.13786894010465262,1.7182598812062786,0.02631578947368421,0.0026287319937151523,-0.0014167149841988191,0.17697930335998535
AAPL,1h,19,0.25,0.5,8,21,0.44590629535008813,-0.16044976163489033,0.45827351016003215,0.042629708054944516,10.750097316391969,0.42105263157894735,0.4187955927531937,-0.025558689767970932,0.19742107391357422
AAPL,1h,19,0.25,0.5,9,21,0.4213423383194327,-0.3666806760358273,0.4440986891078776,0.06460371432803404,6.874197462593355,0.40789473684210525,0.3955676204163806,-0.025558689767970932,0.19681477546691895
AAPL,1h,19,0.25,0.5,10,30,0.3805722562733439,-0.20207760371900196,0.43216766357419134,0.07758943941744874,5.5699289338724505,0.25,0.3372266408666881,-0.02129873273670191,0.1946704387664795
AAPL,1h,19,0.25,0.5,12,26,0.3755892408647533,-0.2038487223072487,0.43177026608192914,0.07141970653849779,6.045534027071218,0.2894736842105263,0.36404521019391967,-0.02129873273670191,0.19402813911437988
AAPL,1h,19,0.25,0.5,20,50,0.3079754680795555,-0.3935550316125581,0.35204340477561696,0.08690363171576833,4.050963093545146,0.02631578947368421,0.002561409962848707,-0.0014167149841988191,0.1790926456451416
AAPL,1h,19,0.25,0.75,8,21,0.6025550943497638,-0.20798878705740864,0.5938691113196464,0.04691443520613939,12.6585582605912,0.42105263157894735,0.4296403067502714,-0.025558689767970932,0.1986556053161621
AAPL,1h,19,0.25,0.75,9,21,0.5739519196245189,-0.47453327431900505,0.580770067642208,0.06731582783888813,8.627541044763012,0.40789473684210525,0.40604944816332034,-0.025558689767970932,0.1977078914642334
AAPL,1h,19,0.25,0.75,10,30,0.5132638022121866,-0.3125028875903254,0.5484272292408502,0.06302026683490118,8.702394591213098,0.25,0.3370102240722944,-0.02129873273670191,0.19945979118347168
AAPL,1h,19,0.25,0.75,12,26,0.506518655314746,-0.31536089748411944,0.5545572573164976,0.06490901893075823,8.543608676447139,0.2894736842105263,0.3640407524468326,-0.02129873273670191,0.20123672485351562
AAPL,1h,19,0.25,0.75,20,50,0.42629769404872686,-0.5027148399763768,0.44693029856348704,0.0662101028537689,6.750182816519311,0.02631578947368421,0.002513296621963356,-0.0014167149841988191,0.17129921913146973
AAPL,1h,19,0.25,1.0,8,21,0.7264293486371685,-0.27236515738391176,0.7026153978571534,0.05343010395681373,13.150178379309548,0.42105263157894735,0.43797439858331455,-0.025558689767970932,0.19452691078186035
AAPL,1h,19,0.25,1.0,9,21,0.6950938422079292,-0.5658441046251983,0.689811584159975,0.0727586522399391,9.480818609519536,0.40789473684210525,0.414211074107021,-0.02679160745117315,0.18365216255187988
AAPL,1h,19,0.25,1.0,10,30,0.6192613957942333,-0.4105103854954649,0.6414161026857208,0.05770656195047863,11.115132855014954,0.25,0.33684547091367917,-0.02129873273670191,0.18495726585388184
AAPL,1h,19,0.25,1.0,12,26,0.6111365909299287,-0.4141247055814564,0.652291605776909,0.06611832326084952,9.865519474888876,0.2894736842105263,0.36403657463054284,-0.02129873273670191,0.18413472175598145
AAPL,1h,19,0.25,1.0,20,50,0.5201395657046701,-0.5950638557339815,0.5232529303274716,0.056032133631445165,9.338443789579747,0.02631578947368421,0.0024771973683414493,-0.0014167149841988191,0.18645262718200684
AAPL,1h,19,0.4,0.0,8,21,-0.10899222975992796,-0.19687535712554916,0.17632858057376397,0.47397454483451257,0.3720212034494992,0.23684210526315788,0.025993839128596322,-0.05546915683810483,0.19611859321594238
AAPL,1h,19,0.4,0.0,9,21,-0.04211457003807704,-0.11849526980049685,0.14674982415445598,0.42142523375398555,0.3482226796132568,0.23684210526315788,0.04403919345999873,-0.05546915683810483,0.21911001205444336
AAPL,1h,19,0.4,0.0,10,30,0.035867628639551924,-0.007423789199641595,0.14912683927108022,0.522026446075432,0.2856691272869567,0.13157894736842105,0.09879437355497889,-0.02129873273670191,0.18402886390686035
AAPL,1h,19,0.4,0.0,12,26,0.05414700426682005,0.023617068555004117,0.13675668478047773,0.5053790915671749,0.27060218173331385,0.15789473684210525,0.10082936584276625,-0.02129873273670191,0.19867968559265137
AAPL,1h,19,0.4,0.0,20,50,-0.0033089238777426785,-0.06617838841376422,0.1970105597183546,0.42825215065971695,0.4600340229812328,0.0,-0.05040741472744485,-0.0014167149841988191,0.19554352760314941
AAPL,1h,19,0.4,0.25,8,21,0.25138664083029827,-0.1871201970772851,0.30053369012971853,0.06606852894163392,4.548817643498846,0.42105263157894735,0.4032799790027204,-0.025558689767970932,0.1995408535003662
AAPL,1h,19,0.4,0.25,9,21,0.24374958289417847,-0.26927008081300485,0.2825324112777912,0.07023255203347639,4.022812828204248,0.40789473684210525,0.38112529711992876,-0.025558689767970932,0.2172238826751709
AAPL,1h,19,0.4,0.25,10,30,0.2246653211059921,-0.15276178219527592,0.29027285341114384,0.1188674578054344,2.44198756135822,0.25,0.33752323431953607,-0.02129873273670191,0.19543981552124023
AAPL,1h,19,0.4,0.25,12,26,0.22585381070436816,-0.12106552145165406,0.2918174297253232,0.11325344963558304,2.576675859890428,0.2894736842105263,0.36404931660539075,-0.02129873273670191,0.21790575981140137
AAPL,1h,19,0.4,0.25,20,50,0.1672760863476975,-0.21374224989506518,0.2518753548662803,0.11117862675458744,2.2655015826221967,0.02631578947368421,0.0026287319937151523,-0.0014167149841988191,0.20393943786621094
AAPL,1h,19,0.4,0.5,8,21,0.46732475121449213,-0.2139953917746269,0.4850999633721683,0.0483255753581638,10.038162190038339,0.42105263157894735,0.4187955927531937,-0.025558689767970932,0.2502474784851074
AAPL,1h,19,0.4,0.5,9,21,0.45724873233577196,-0.3974075208717548,0.46471776441691526,0.057189752509207235,8.125892210183952,0.40789473684210525,0.3955676204163806,-0.025558689767970932,0.20546364784240723
AAPL,1h,19,0.4,0.5,10,30,0.4088180350053955,-0.2806003712487465,0.44630277744589897,0.07719580286332794,5.781438379960372,0.25,0.3372266408666881,-0.02129873273670191,0.19399261474609375
AAPL,1h,19,0.4,0.5,12,26,0.4065333388823685,-0.24919914711918556,0.4485310485279498,0.07341356285093721,6.109648287179183,0.2894736842105263,0.36404521019391967,-0.02129873273670191,0.22040462493896484
AAPL,1h,19,0.4,0.5,20,50,0.31953093516039754,-0.34225252543098295,0.36257230627175396,0.07377352653203567,4.914666863787639,0.02631578947368421,0.002561409962848707,-0.0014167149841988191,0.1802659034729004
AAPL,1h,19,0.4,0.75,8,21,0.6331549432187406,-0.264824944074573,0.6337689273366869,0.04908879518238036,12.910663726458052,0.42105263157894735,0.4296403067502714,-0.025558689767970932,0.2016770839691162
AAPL,1h,19,0.4,0.75,9,21,0.6231806470077789,-0.5057304822058217,0.6103327817608085,0.05933004601920665,10.287077504764252,0.40789473684210525,0.40604944816332034,-0.025558689767970932,0.20449042320251465
AAPL,1h,19,0.4,0.75,10,30,0.5539879535411583,-0.39243999327497225,0.5715202601246707,0.06302687615940003,9.067881750624132,0.25,0.3370102240722944,-0.02129873273670191,0.19387102127075195
AAPL,1h,19,0.4,0.75,12,26,0.5495698046874337,-0.36207264340436784,0.5744953556501573,0.06338081241702787,9.064184155137362,0.2894736842105263,0.3640407524468326,-0.02129873273670191,0.20660805702209473
AAPL,1h,19,0.4,0.75,20,50,0.43855973185636943,-0.4534504190594333,0.456259539481627,0.059733797742400806,7.638214155564406,0.02631578947368421,0.002513296621963356,-0.0014167149841988191,0.175872802734375
AAPL,1h,19,0.4,1.0,8,21,0.7641802725790918,-0.32991170107590795,0.7526023768878444,0.05331868190351393,14.115172206427793,0.42105263157894735,0.43797439858331455,-0.025558689767970932,0.19896984100341797
AAPL,1h,19,0.4,1.0,9,21,0.754796253052083,-0.5968104397516746,0.7265011792941899,0.06352973035823348,11.43560936269636,0.40789473684210525,0.414211074107021,-0.02679160745117315,0.20439362525939941
AAPL,1h,19,0.4,1.0,10,30,0.6695877955730288,-0.4897494073010533,0.671370807229397,0.058236179358094865,11.528414374527062,0.25,0.33684547091367917,-0.02129873273670191,0.20114827156066895
AAPL,1h,19,0.4,1.0,12,26,0.663605669219737,-0.460966332155584,0.6750099660759978,0.0636697167716339,10.601742874042875,0.2894736842105263,0.36403657463054284,-0.02129873273670191,0.18640756607055664
AAPL,1h,19,0.4,1.0,20,50,0.5332278543929552,-0.5490355719554012,0.5320897231717259,0.05363157909326005,9.921201877096964,0.02631578947368421,0.0024771973683414493,-0.0014167149841988191,0.18070077896118164
AAPL,1h,19,0.55,0.0,8,21,-0.04614043008278147,-0.11590257090232192,0.16093653640352973,0.48524509014051675,0.3316603087254853,0.25,0.05486969818279658,-0.0734055577409869,0.2127058506011963
AAPL,1h,19,0.55,0.0,9,21,0.13470298129773142,0.1564018620972285,0.14003583367050448,0.3805985268963856,0.36793582679479975,0.23684210526315788,0.041249879200224784,-0.07333534362830951,0.19153761863708496
AAPL,1h,19,0.55,0.0,10,30,0.10560487311637619,0.1110175741664785,0.1896658091732261,0.44159392131823266,0.4295027626445616,0.13157894736842105,0.10008273515057833,-0.02129873273670191,0.1896069049835205
AAPL,1h,19,0.55,0.0,12,26,0.1587299697394005,0.20342776887831504,0.13819019810789973,0.4599189644033574,0.3004664056138037,0.17105263157894737,0.11337221345988234,-0.02129873273670191,0.18956756591796875
AAPL,1h,19,0.55,0.0,20,50,0.025000222886822025,-0.0233695627877899,0.2680136483139457,0.3757240003602818,0.7133258670112832,0.0,-0.05040741472744485,-0.0014167149841988191,0.16934442520141602
AAPL,1h,19,0.55,0.25,8,21,0.28860657303032433,-0.08216471458694907,0.3182984963436627,0.061375430356460606,5.1860898489025,0.6973684210526315,1.090669038632942,-0.07510469343516979,0.20317840576171875
AAPL,1h,19,0.55,0.25,9,21,0.30771605720342826,0.283480166396034,0.3085928321645806,0.06121772433395263,5.040906625034877,0.6578947368421053,0.9561789899370627,-0.07501693457108694,0.20084357261657715
AAPL,1h,19,0.55,0.25,10,30,0.2577847444534705,-0.0227056594790217,0.30449627181537303,0.10612319554636149,2.86927160690661,0.40789473684210525,0.6484228016701984,-0.02129873273670191,0.19672799110412598
AAPL,1h,19,0.55,0.25,12,26,0.2635492280263874,0.07743931614534416,0.2941847260609373,0.1038321534420536,2.8332719327170195,0.47368421052631576,0.7371753977016635,-0.02129873273670191,0.202866792678833
AAPL,1h,19,0.55,0.25,20,50,0.18101549008682902,-0.16577525799612136,0.2730565594089267,0.0869179600226754,3.141543581300009,0.02631578947368421,0.0026287319937151523,-0.0014167149841988191,0.19138765335083008
AAPL,1h,19,0.55,0.5,8,21,0.5204425404780978,-0.08911226055318766,0.5197105789363216,0.048881005262525014,10.632158159291407,0.7105263157894737,1.1163236930822114,-0.07680382912935224,0.19173288345336914
AAPL,1h,19,0.55,0.5,9,21,0.5227640241848018,0.36136883623819616,0.5077949686796833,0.05339690137014011,9.509820900649594,0.6710526315789473,0.9795559119634195,-0.07669852551386447,0.18981337547302246
AAPL,1h,19,0.55,0.5,10,30,0.452614026800937,-0.14388901856864988,0.46985305174442554,0.0722739883367286,6.500997973923254,0.40789473684210525,0.6547839661228652,-0.03335198913923609,0.18566632270812988
AAPL,1h,19,0.55,0.5,12,26,0.4530223332614648,-0.039653241057678534,0.4615020794067064,0.07107566957351628,6.493109135318903,0.47368421052631576,0.744033511713439,-0.03335198913923609,0.20180988311767578
AAPL,1h,19,0.55,0.5,20,50,0.3356860603161439,-0.29127818906486924,0.3851350535836019,0.06490310658750986,5.934000294181887,0.02631578947368421,0.002561409962848707,-0.0014167149841988191,0.18316221237182617
AAPL,1h,19,0.55,0.75,8,21,0.700533907993399,-0.12494385569351285,0.6814791469183722,0.053833506422805724,12.659014658381498,0.7105263157894737,1.1349285902932005,-0.07850296482353503,0.23713016510009766
AAPL,1h,19,0.55,0.75,9,21,0.6940891344471131,0.39743976879618126,0.66612160377786,0.05651937546550627,11.785721237921207,0.6710526315789473,0.9960017170693809,-0.07838011645664167,0.22709918022155762
AAPL,1h,19,0.55,0.75,10,30,0.608079563952146,-0.2531902898307159,0.6031182054737495,0.06219001291724551,9.69799132018676,0.40789473684210525,0.6598719679680326,-0.0519244371260591,0.24975037574768066
AAPL,1h,19,0.55,0.75,12,26,0.60578914721882,-0.1478834416319782,0.5957991934928113,0.06644341350755313,8.967016624229913,0.47368421052631576,0.749240297894691,-0.0519244371260591,0.22625255584716797
AAPL,1h,19,0.55,0.75,20,50,0.4576019531956788,-0.401272245378826,0.48153239531290015,0.059147461393164895,8.14121830372497,0.02631578947368421,0.002513296621963356,-0.0014167149841988191,0.2135908603668213
AAPL,1h,19,0.55,1.0,8,21,0.8432506923880245,-0.18019078661224897,0.8106923215696866,0.060908183687301526,13.310072185565833,0.7105263157894737,1.1493906644991414,-0.08020210051771781,0.2252814769744873
AAPL,1h,19,0.55,1.0,9,21,0.8307197920138162,0.3986863642853764,0.7921897870374789,0.06073677658754369,13.043000164746092,0.6710526315789473,1.008675445580232,-0.09201815058220575,0.22822213172912598
AAPL,1h,19,0.55,1.0,10,30,0.7322240777874499,-0.35131098668103033,0.7095111287640454,0.06023372728911352,11.779299749432584,0.40789473684210525,0.663962114773856,-0.07049688511288188,0.1935594081878662
AAPL,1h,19,0.55,1.0,12,26,0.7281121726855547,-0.24738263382784276,0.7029561563415964,0.0704157961990692,9.982932726547634,0.47368421052631576,0.7533720930752797,-0.07049688511288188,0.19640135765075684
AAPL,1h,19,0.55,1.0,20,50,0.5547471723625613,-0.4971331731101073,0.55979314040483,0.05765051791532297,9.710114681485665,0.02631578947368421,0.0024771973683414493,-0.0014167149841988191,0.1724545955657959
AAPL,1h,19,0.7,0.0,8,21,0.133186483175573,0.14810671323795743,0.1976232594801098,0.35299863163231343,0.5598414321502413,0.23684210526315788,-0.012519182528650332,-0.0654789434271178,0.1872708797454834
AAPL,1h,19,0.7,0.0,9,21,0.0932621375496856,0.08754189883838048,0.15694870522201848,0.36422869245366857,0.43090703306407696,0.2236842105263158,-0.026304223038922037,-0.06540812866310342,0.2001965045928955
AAPL,1h,19,0.7,0.0,10,30,0.2809745012950806,0.42665628089964525,0.16431882858330638,0.4974321126116293,0.33033417911158963,0.13157894736842105,0.10008273515057833,-0.02129873273670191,0.22235369682312012
AAPL,1h,19,0.7,0.0,12,26,0.15195792415324472,0.18744999681481045,0.15390550424768848,0.4644131618703902,0.33139780885590164,0.15789473684210525,0.07972769563224459,-0.02129873273670191,0.21051359176635742
AAPL,1h,19,0.7,0.0,20,50,0.22805738996493155,0.3302436079135107,0.2480548888053007,0.4112898789118009,0.6031144978855529,0.0,-0.05040741472744485,-0.0014167149841988191,0.16490650177001953
AAPL,1h,19,0.7,0.25,8,21,0.33112339789330913,0.2735552363623919,0.3316287166336948,0.04822466372337852,6.87674503104781,0.7236842105263158,1.0876280134914997,-0.030334693453231254,0.22472047805786133
AAPL,1h,19,0.7,0.25,9,21,0.31643415264859986,0.1894266291297999,0.329232925654644,0.06429120662472812,5.120963549127295,0.6842105263157895,0.9535442708793163,-0.03170166053653667,0.24107766151428223
AAPL,1h,19,0.7,0.25,10,30,0.3004330694254486,0.33684298496626397,0.3057745932142668,0.10352805005577198,2.9535434411209507,0.40789473684210525,0.6484228016701984,-0.02129873273670191,0.22098898887634277
AAPL,1h,19,0.7,0.25,12,26,0.2836709673086857,0.06250050602434198,0.300234390758926,0.09647981515767808,3.1118881215542284,0.47368421052631576,0.7268469519855872,-0.027757766499938885,0.2021946907043457
AAPL,1h,19,0.7,0.25,20,50,0.22785178315339508,0.23397576108959073,0.26914633015417777,0.08862717270603439,3.03683759660148,0.02631578947368421,0.0026287319937151523,-0.0014167149841988191,0.18114972114562988
AAPL,1h,19,0.7,0.5,8,21,0.5679642763133311,0.3510685841658543,0.5482512370047903,0.046514327252616415,11.786717542473998,0.7236842105263158,1.1268077541740678,-0.03974019425727893,0.20036554336547852
AAPL,1h,19,0.7,0.5,9,21,0.5471308208719633,0.24366984215214815,0.5427020014672388,0.06016331270422083,9.020480706162394,0.6842105263157895,0.9904439367200514,-0.05340330980864805,0.19228243827819824
AAPL,1h,19,0.7,0.5,10,30,0.4981758029261839,0.24799706229568308,0.48656055039682167,0.06684852031169297,7.278553782913184,0.40789473684210525,0.6547839661228652,-0.03335198913923609,0.21839404106140137
AAPL,1h,19,0.7,0.5,12,26,0.49234564130193137,-0.05296685136268742,0.4797445470271893,0.06735118075894792,7.123030979133251,0.47368421052631576,0.7375978568063761,-0.03664808808810183,0.19651150703430176
AAPL,1h,19,0.7,0.5,20,50,0.3658050095654634,0.1412207469455915,0.38800107279785606,0.0654785435178089,5.925621615152868,0.02631578947368421,0.002561409962848707,-0.0014167149841988191,0.16580820083618164
AAPL,1h,19,0.7,0.75,8,21,0.7559736583653228,0.3880634033017929,0.7221275596505667,0.051009576174417696,14.156705736612803,0.7236842105263158,1.1560380628026015,-0.049145695061325934,0.19557404518127441
AAPL,1h,19,0.7,0.75,9,21,0.7296278331972491,0.2588608029785613,0.7127732514664178,0.06398120197334899,11.140354189709026,0.6842105263157895,1.0175008601167308,-0.07505263051810007,0.2006986141204834
AAPL,1h,19,0.7,0.75,10,30,0.6599488571704596,0.16069369259326338,0.6311652625059119,0.05754594011549324,10.968024177538489,0.40789473684210525,0.6598719679680326,-0.0519244371260591,0.18060636520385742
AAPL,1h,19,0.7,0.75,12,26,0.6595505992348529,-0.15914051037153054,0.6238347278144394,0.06252303950559757,9.977677552905735,0.47368421052631576,0.7455668798831837,-0.0519244371260591,0.1802070140838623
AAPL,1h,19,0.7,0.75,20,50,0.4815482329350467,0.052253690003710496,0.48868977446266043,0.06120297842634752,7.984738439661989,0.02631578947368421,0.002513296621963356,-0.0014167149841988191,0.1655440330505371
AAPL,1h,19,0.7,1.0,8,21,0.9057605374942571,0.3914319144683034,0.8610004817170782,0.05552628289256275,15.506178999646338,0.7236842105263158,1.178918337827926,-0.058551195865373495,0.1851663589477539
AAPL,1h,19,0.7,1.0,9,21,0.8749092904747577,0.24273398972121396,0.8482727955494813,0.06826445296918165,12.426273977943374,0.6842105263157895,1.0385731624624968,-0.09664962266489441,0.18741154670715332
AAPL,1h,19,0.7,1.0,10,30,0.7898932433538981,0.07544761620494622,0.7464306391221432,0.057749806174078835,12.92524925316859,0.40789473684210525,0.663962114773856,-0.07049688511288188,0.1861124038696289
AAPL,1h,19,0.7,1.0,12,26,0.7931930349377834,-0.25629313556232325,0.7388351599546743,0.06469476763046765,11.420323265937876,0.47368421052631576,0.7518354954890083,-0.07049688511288188,0.18205595016479492
AAPL,1h,19,0.7,1.0,20,50,0.5751890961417526,-0.03270947966885762,0.5701209927372147,0.06133825265050657,9.294705474993773,0.02631578947368421,0.0024771973683414493,-0.0014167149841988191,0.17655491828918457
AAPL,1h,19,0.85,0.0,8,21,0.19710010505390083,0.2657808502950101,0.23009091721226976,0.35870428498815776,0.6414501494451508,0.34210526315789475,0.18478708094960772,-0.07829547348693433,0.19220376014709473
AAPL,1h,19,0.85,0.0,9,21,0.14206145347630902,0.17274750811306894,0.1251167705604834,0.3601273206636507,0.3474237120635985,0.3157894736842105,0.10732481196833239,-0.07829547348693433,0.20055651664733887
AAPL,1h,19,0.85,0.0,10,30,0.3211762780531693,0.5194475418503766,0.12095106887588888,0.43681607594351224,0.27689243948871956,0.27631578947368424,0.24165678698564358,-0.045837617149373955,0.19994258880615234
AAPL,1h,19,0.85,0.0,12,26,0.2274504737111473,0.3258183204653786,0.17912116202797157,0.436457994452161,0.4103972531258207,0.27631578947368424,0.21477997949003366,-0.07605111117155172,0.19312310218811035
AAPL,1h,19,0.85,0.0,20,50,0.2515635523369432,0.3769848137329117,0.18478176287951634,0.39142181934132186,0.47207834042175784,0.05263157894736842,0.01614401041649315,-0.006341019333744868,0.16947150230407715
AAPL,1h,19,0.85,0.25,8,21,0.362310437545858,0.4408724523810761,0.3668305691260953,0.05614232336011522,6.533939943545336,0.8289473684210527,1.1182346928392086,-0.03214932667021375,0.19464349746704102
AAPL,1h,19,0.85,0.25,9,21,0.35270320486846285,0.3113341723328291,0.3469698085761874,0.059435147047338203,5.837788342642393,0.8026315789473685,1.012670233626141,-0.03541838254817298,0.18801569938659668
AAPL,1h,19,0.85,0.25,10,30,0.31996435173468385,0.4478431151053892,0.29989701028036536,0.06232320938754472,4.811963524142576,0.5921052631578947,0.7713657912037263,-0.019899241825233727,0.1932840347290039
AAPL,1h,19,0.85,0.25,12,26,0.3136757058000887,0.22143167144419706,0.3135164358360647,0.06688720081965746,4.687241086398183,0.631578947368421,0.874593533540716,-0.0295772221821734,0.19248747825622559
AAPL,1h,19,0.85,0.25,20,50,0.2492935219218108,0.2805283233227369,0.2694728303113195,0.06678959573944626,4.034652812730944,0.11842105263157894,0.148160948143375,-0.006341019333744868,0.23181724548339844
AAPL,1h,19,0.85,0.5,8,21,0.6154672098876962,0.5696115340333461,0.6138051133878226,0.05370656657683762,11.428865267520981,0.8289473684210527,1.1978098093125702,-0.04153722600490228,0.2337484359741211
AAPL,1h,19,0.85,0.5,9,21,0.6052874952948344,0.40393008297627686,0.5921127101843214,0.05873218707091594,10.08157093604189,0.8026315789473685,1.0914610458093275,-0.05703673208274296,0.20911884307861328
AAPL,1h,19,0.85,0.5,10,30,0.5280024674670906,0.3750774162534962,0.5091000748630088,0.04912284029233734,10.363815932329613,0.5921052631578947,0.8053678187759097,-0.021825323254201168,0.20389723777770996
AAPL,1h,19,0.85,0.5,12,26,0.5336508971005596,0.1216976831075447,0.515590714290108,0.049580250854173134,10.39911467585306,0.631578947368421,0.9050559276013,-0.038450906408192265,0.2000579833984375
AAPL,1h,19,0.85,0.5,20,50,0.4028489559799585,0.18775367165550838,0.40758602067286664,0.05664674575194721,7.195223931444571,0.11842105263157894,0.14808860785763367,-0.006341019333744868,0.1699204444885254
AAPL,1h,19,0.85,0.75,8,21,0.817527247801964,0.6569792595354689,0.811332003219416,0.05940320785329063,13.658050340028437,0.8289473684210527,1.260337420744195,-0.050925125339590704,0.1980750560760498
AAPL,1h,19,0.85,0.75,9,21,0.8058632537079679,0.4573826135552512,0.7857901278562842,0.06435449117411246,12.210338602947106,0.8026315789473685,1.1524093902023824,-0.07860295391291539,0.21038460731506348
AAPL,1h,19,0.85,0.75,10,30,0.6985900823287091,0.30170957630266915,0.6750029654968468,0.05375636385924546,12.556708025569966,0.5921052631578947,0.8329704723296089,-0.02585678284215609,0.19545459747314453
AAPL,1h,19,0.85,0.75,12,26,0.7111939245700027,0.026863312506606674,0.6777315009708209,0.05148254694513172,13.164296274873953,0.631578947368421,0.9303576385467708,-0.047324590634210906,0.19417953491210938
AAPL,1h,19,0.85,0.75,20,50,0.5308893549426748,0.09887932115814135,0.5212068813042307,0.06159167930631638,8.462293724970404,0.11842105263157894,0.1480367758379429,-0.006341019333744868,0.18752479553222656
AAPL,1h,19,0.85,1.0,8,21,0.9787268128109212,0.7078893825275729,0.9689566594426487,0.06533269727320305,14.831113667184798,0.8289473684210527,1.3100245836267193,-0.0603130246742799,0.2054901123046875
AAPL,1h,19,0.85,1.0,9,21,0.9656838457750572,0.4779774908597203,0.9398503931214186,0.0698679344757145,13.451813055216375,0.8026315789473685,1.2006366278018012,-0.10011704803869037,0.21553969383239746
AAPL,1h,19,0.85,1.0,10,30,0.8356627184034789,0.22826595621689671,0.807101613579496,0.060577697553824035,13.323411852396275,0.5921052631578947,0.8550846334573852,-0.03023642609570132,0.20560383796691895
AAPL,1h,19,0.85,1.0,12,26,0.8533220588543511,-0.06289810081590952,0.8071855490502762,0.05720010372102018,14.111609884260535,0.631578947368421,0.9507617257065452,-0.05619827486022955,0.22500085830688477
AAPL,1h,19,0.85,1.0,20,50,0.634282589228611,0.014069705596473359,0.6124345617908974,0.06774014512140787,9.040939618497365,0.11842105263157894,0.1479978138889393,-0.006341019333744868,0.1784677505493164
AAPL,1h,19,1.0,0.0,8,21,0.18627549920758263,0.24579202823415303,0.16634746034448294,0.29044918537425296,0.572724830094252,0.35526315789473684,0.1305566952530937,-0.07829547348693433,0.19895577430725098
AAPL,1h,19,1.0,0.0,9,21,0.16402798310827632,0.20633345192594654,0.12955337247032075,0.3189623537231586,0.4061713583376858,0.32894736842105265,0.0822860567407926,-0.07829547348693433,0.20302104949951172
AAPL,1h,19,1.0,0.0,10,30,0.21581974048755637,0.2997566663828206,0.1729151560063363,0.3327267599559894,0.5196911604861846,0.2631578947368421,0.13223651698529137,-0.045837617149373955,0.19536113739013672
AAPL,1h,19,1.0,0.0,12,26,0.2627026717652167,0.3925369542059436,0.23443077348792535,0.32670285016484957,0.7175657432117135,0.2631578947368421,0.15489703926682208,-0.07605111117155172,0.19330406188964844
AAPL,1h,19,1.0,0.0,20,50,0.2308663153587725,0.33876377867979524,0.16097765332177538,0.41667540661217173,0.3863382641913596,0.05263157894736842,0.01614401041649315,-0.006341019333744868,0.1733405590057373
AAPL,1h,19,1.0,0.25,8,21,0.3846948429603318,0.4132037931727961,0.3802180142121169,0.04935439880127225,7.70383235227081,0.8421052631578947,1.0940916677525088,-0.036077872304108305,0.22066569328308105
AAPL,1h,19,1.0,0.25,9,21,0.3707795044134143,0.3579203127571118,0.3671644909656705,0.05402125136711953,6.7966676386387475,0.8026315789473685,1.016911276245397,-0.036077872304108305,0.18469476699829102
AAPL,1h,19,1.0,0.25,10,30,0.326228864521045,0.19105131904531514,0.3332357220140079,0.05323089766262937,6.260193546349967,0.5921052631578947,0.7082323381977733,-0.0295772221821734,0.19576358795166016
AAPL,1h,19,1.0,0.25,12,26,0.32725663037350433,0.2982634180392023,0.3366944139033347,0.051986973428340424,6.47651501327422,0.631578947368421,0.8125086375304412,-0.03319968868554379,0.1979377269744873
AAPL,1h,19,1.0,0.25,20,50,0.2481162393510307,0.236890670107875,0.2745792743466682,0.0669150355106704,4.10340175793351,0.11842105263157894,0.148160948143375,-0.006341019333744868,0.19929909706115723
AAPL,1h,19,1.0,0.5,8,21,0.6593805478417998,0.5344963035460701,0.6536563234895141,0.04862572570994667,13.442602942084315,0.8421052631578947,1.190207673647209,-0.04931810553474647,0.21787500381469727
AAPL,1h,19,1.0,0.5,9,21,0.6368142820432792,0.4633225749139336,0.6321654721284093,0.0538520652933078,11.73892716435833,0.8026315789473685,1.1029989037470316,-0.04931810553474647,0.20071864128112793
AAPL,1h,19,1.0,0.5,10,30,0.5601565075801823,0.08783240095256706,0.5615865401695198,0.04962357726910656,11.31692979577147,0.5921052631578947,0.7551686282470201,-0.038450906408192265,0.18456268310546875
AAPL,1h,19,1.0,0.5,12,26,0.5537381673238371,0.20639962579920268,0.5558079737270353,0.047436199249579744,11.71695840981525,0.631578947368421,0.8555917896930622,-0.045629590714665214,0.18033599853515625
AAPL,1h,19,1.0,0.5,20,50,0.4054912931391299,0.14000784674970834,0.42903344564946433,0.0571921558985298,7.501613445218861,0.11842105263157894,0.14808860785763367,-0.006341019333744868,0.1659531593322754
AAPL,1h,19,1.0,0.75,8,21,0.8778774264780943,0.6150851405148219,0.8703887265561809,0.05303829321862654,16.410571942207763,0.8421052631578947,1.2674097042011532,-0.06248212702744027,0.1914808750152588
AAPL,1h,19,1.0,0.75,9,21,0.8482027180334164,0.5287576101276723,0.8415472676446841,0.05959840288154526,14.120298983804993,0.8026315789473685,1.1712256157017968,-0.06248212702744027,0.19262051582336426
AAPL,1h,19,1.0,0.75,10,30,0.7480658232835105,-0.009694943035431391,0.743668630598928,0.05522958486369573,13.465041108570173,0.5921052631578947,0.7928591247564036,-0.047324590634210906,0.2169179916381836
AAPL,1h,19,1.0,0.75,12,26,0.7370028667355103,0.1173972339530529,0.732336595715503,0.052444395899539115,13.964058183039132,0.631578947368421,0.8913931244080002,-0.0579932440435188,0.1879100799560547
AAPL,1h,19,1.0,0.75,20,50,0.5358354033100313,0.04817821683403589,0.5542576422977852,0.060028508731029585,9.23324023892137,0.11842105263157894,0.1480367758379429,-0.006341019333744868,0.19611740112304688
AAPL,1h,19,1.0,1.0,8,21,1.0520681047592537,0.6602048106015153,1.0429923817539126,0.05766831640152686,18.086055685965853,0.8421052631578947,1.3289637148474156,-0.07556993678218915,0.20281267166137695
AAPL,1h,19,1.0,1.0,9,21,1.0166806174324854,0.5600598548784563,1.0081447445518106,0.06536818192783202,15.422560561112526,0.8026315789473685,1.2254001924116826,-0.07556993678218915,0.19930648803710938
AAPL,1h,19,1.0,1.0,10,30,0.8982976357143351,-0.10140777334065254,0.8888440048290471,0.06164066217119221,14.419767301663555,0.5921052631578947,0.8229849905571506,-0.05619827486022955,0.18585443496704102
AAPL,1h,19,1.0,1.0,12,26,0.8837962051743867,0.03163588169282461,0.8734540220011631,0.058550880806753434,14.917863061428381,0.631578947368421,0.9202769251023181,-0.07029064867210522,0.18636369705200195
AAPL,1h,19,1.0,1.0,20,50,0.6409047918957002,-0.03857902385255818,0.6544401044924025,0.06392137467377035,10.238204479055847,0.11842105263157894,0.1479978138889393,-0.006341019333744868,0.1667490005493164
