ticker,timeframe,n_mu,x_zero,bear_alloc,fast_period,slow_period,in_sample_sharpe,in_sample_return,mc_sharpe_mean,mc_sharpe_std,mc_robust_sharpe,wf_pos_sharpe_frac,wf_mean_sharpe,wf_worst_return,runtime_s
ETH-USD,1d,1,0.0,0.0,8,21,0.9440554644084237,97.28725288893557,0.7761558582709056,0.5556963754283177,1.3967265085590361,0.2708333333333333,0.15740315704854943,-0.1889143606711926,0.14574694633483887
ETH-USD,1d,1,0.0,0.0,9,21,0.924681995498376,85.69889111924692,0.755910209788836,0.5555358855225673,1.3606865541688378,0.3125,0.22882500471957978,-0.1889143606711926,0.15035653114318848
ETH-USD,1d,1,0.0,0.0,10,30,0.8818674596570386,66.00463081093152,0.7913135325125861,0.5148419418518341,1.537002851139734,0.22916666666666666,0.22603613540108647,-0.14594595665598786,0.16004538536071777
ETH-USD,1d,1,0.0,0.0,12,26,0.9050772076602548,79.34489029947095,0.7719590176971439,0.5215306637328154,1.4801795395344675,0.20833333333333334,0.22544629781635117,-0.14594595665598786,0.13554024696350098
ETH-USD,1d,1,0.0,0.0,20,50,0.813261323346543,42.66185030628691,0.6966345970783241,0.44498906940974836,1.565509458473595,0.041666666666666664,0.03467748706270531,-0.016447243147101887,0.12737345695495605
ETH-USD,1d,1,0.0,0.25,8,21,0.8510258141704631,121.98700425721333,0.7704113144968379,0.38523955059857323,1.9998240401324234,0.6666666666666666,1.0152937655181866,-0.25759575539611634,0.1368093490600586
ETH-USD,1d,1,0.0,0.25,9,21,0.834727998508357,104.78519480294976,0.7620905688546328,0.39494313850729995,1.9296209873020662,0.6666666666666666,1.0890323558870696,-0.25759575539611634,0.14196062088012695
ETH-USD,1d,1,0.0,0.25,10,30,0.8072860204190423,77.11792383846176,0.7771625743447871,0.3782984846594913,2.0543634348530784,0.4583333333333333,0.9010893762593186,-0.1629273549414374,0.13492465019226074
ETH-USD,1d,1,0.0,0.25,12,26,0.8279607779035912,97.17479356865145,0.7616701420212946,0.37720381189602686,2.019253565314559,0.4791666666666667,0.9919317890514544,-0.14808649753049685,0.1350090503692627
ETH-USD,1d,1,0.0,0.25,20,50,0.7729836410092,47.87884384393992,0.6971938624596143,0.35254914519257635,1.9775792168742299,0.16666666666666666,0.28880623410341344,-0.04287618459315157,0.12916779518127441
ETH-USD,1d,1,0.0,0.5,8,21,0.9123915679799991,137.2683575128185,0.8659086268335019,0.24146422689172808,3.5860741691636706,0.6875,1.1257955998629807,-0.35505477809601627,0.13408517837524414
ETH-USD,1d,1,0.0,0.5,9,21,0.8920805874082076,114.92902909929559,0.8500054313547464,0.24446608121834204,3.47698718414672,0.7083333333333334,1.1948516853478581,-0.35505477809601627,0.13804101943969727
ETH-USD,1d,1,0.0,0.5,10,30,0.847516697348259,81.9645790343053,0.8407658486760916,0.24757876989127814,3.3959529286186614,0.5416666666666666,0.9839683107092011,-0.23873122363266264,0.1360325813293457
ETH-USD,1d,1,0.0,0.5,12,26,0.8631584879585654,107.78789950083001,0.8306577522215676,0.24171714783119938,3.4364866525797693,0.6041666666666666,1.073016383156211,-0.23873122363266264,0.13233327865600586
ETH-USD,1d,1,0.0,0.5,20,50,0.7765331599527197,49.11962428647554,0.7266934151565301,0.24888014477040118,2.9198529108335456,0.16666666666666666,0.29336693208842923,-0.08525236918630297,0.12287020683288574
ETH-USD,1d,1,0.0,0.75,8,21,1.0239501111002998,139.898654983161,0.9876821860690607,0.1623843360910002,6.082373521024611,0.7291666666666666,1.1979191608225033,-0.44588997147536513,0.13775134086608887
ETH-USD,1d,1,0.0,0.75,9,21,0.9974380576300796,114.01008422885396,0.9614183433738297,0.15692211718989374,6.126722992211501,0.75,1.2621172111176084,-0.44588997147536513,0.13023090362548828
ETH-USD,1d,1,0.0,0.75,10,30,0.9345081201387095,79.93206162929883,0.9319185201917481,0.1690263245002674,5.513451960497869,0.5625,1.0302418763798622,-0.3261911282013258,0.12872815132141113
ETH-USD,1d,1,0.0,0.75,12,26,0.9468338752647534,109.20596364866583,0.9264958244069634,0.16084234871770586,5.760272911912364,0.6041666666666666,1.1175095488349125,-0.3261911282013258,0.12926912307739258
ETH-USD,1d,1,0.0,0.75,20,50,0.8184274325556053,45.971568535078795,0.7753719454106969,0.1783805201456826,4.3467299275585365,0.16666666666666666,0.29708624733229544,-0.12762855377945448,0.12373900413513184
ETH-USD,1d,1,0.0,1.0,8,21,1.1319911499708033,129.8200187607666,1.1006914569282447,0.11288432135834892,9.750614112602252,0.7291666666666666,1.2534961652928223,-0.5301013355341638,0.13024163246154785
ETH-USD,1d,1,0.0,1.0,9,21,1.0999122285964757,102.73494143968709,1.0656220066312778,0.10108050391631802,10.542309993957678,0.75,1.3129744431281298,-0.5301013355341638,0.13074421882629395
ETH-USD,1d,1,0.0,1.0,10,30,1.0220731954051259,71.86380143702091,1.0198320660060536,0.1178102532645605,8.656564583694328,0.5625,1.0631549503695097,-0.4104662112364872,0.13403606414794922
ETH-USD,1d,1,0.0,1.0,12,26,1.0321348919149538,101.5042479154968,1.0183640627566042,0.10869967946111377,9.368602260882598,0.6041666666666666,1.1490210070505007,-0.4104662112364872,0.1424708366394043
ETH-USD,1d,1,0.0,1.0,20,50,0.868048782500384,38.743771515061276,0.8265562252641081,0.13232810010005008,6.246263829369339,0.16666666666666666,0.3001474402796697,-0.1700047383726061,0.13564085960388184
ETH-USD,1d,1,0.1,0.0,8,21,0.9957438685142863,135.93779573039984,0.7646008414347997,0.560997781551277,1.3629302406874362,0.2708333333333333,0.14714861561605155,-0.1889143606711926,0.13784360885620117
ETH-USD,1d,1,0.1,0.0,9,21,0.9310626998602218,89.44317855790848,0.7508354376240637,0.5590305463925764,1.3431027024716342,0.2916666666666667,0.21274854797251894,-0.1889143606711926,0.1422579288482666
ETH-USD,1d,1,0.1,0.0,10,30,0.8782000086841236,64.47275834078565,0.7832615896941764,0.5231491259089496,1.497205196191989,0.22916666666666666,0.22603613540108647,-0.14594595665598786,0.13533544540405273
ETH-USD,1d,1,0.1,0.0,12,26,0.8970134855035354,75.01839103754476,0.7616736552333633,0.5177946142000469,1.470995708230938,0.20833333333333334,0.22544629781635117,-0.14594595665598786,0.138261079788208
ETH-USD,1d,1,0.1,0.0,20,50,0.8123743977282458,42.418109227938224,0.7035084509023459,0.4393609998038542,1.601208234723647,0.041666666666666664,0.03467748706270531,-0.016447243147101887,0.12291669845581055
ETH-USD,1d,1,0.1,0.25,8,21,0.8863755878996936,183.17556306334006,0.7641314240391108,0.3888520794899052,1.9650953777629163,0.6666666666666666,1.0126152070470378,-0.25759575539611634,0.13637828826904297
ETH-USD,1d,1,0.1,0.25,9,21,0.8397462713494708,110.02925943203218,0.7571474528543861,0.3955675459274397,1.9140787980449545,0.6666666666666666,1.0873960776923832,-0.25759575539611634,0.16744303703308105
ETH-USD,1d,1,0.1,0.25,10,30,0.8054641103753221,74.53213900760133,0.7728292967082292,0.383473401975682,2.0153400280868454,0.4583333333333333,0.9013833139004722,-0.1629273549414374,0.14118552207946777
ETH-USD,1d,1,0.1,0.25,12,26,0.8231191711616679,91.0450655182301,0.7553028323671948,0.3732776609662169,2.0234343261049115,0.4791666666666667,0.9919317890514544,-0.14808649753049685,0.12518668174743652
ETH-USD,1d,1,0.1,0.25,20,50,0.7724878520234217,47.59533438636343,0.7033629729819795,0.3493311936192262,2.013455957639588,0.16666666666666666,0.28880623410341344,-0.04287618459315157,0.12935137748718262
ETH-USD,1d,1,0.1,0.5,8,21,0.9382368045513754,221.54297041681983,0.8627118388526711,0.24340028510698491,3.5444158928304956,0.6875,1.1240619840643833,-0.35505477809601627,0.1430361270904541
ETH-USD,1d,1,0.1,0.5,9,21,0.8954264188486566,121.38364406557668,0.8478383518265963,0.24479539267271164,3.463457145045804,0.7083333333333334,1.1967206741291327,-0.35505477809601627,0.1358506679534912
ETH-USD,1d,1,0.1,0.5,10,30,0.8449516838910223,78.24255055601581,0.8391320286533844,0.2501274948253639,3.3548172272674646,0.5416666666666666,0.9842965206513421,-0.23873122363266264,0.1318526268005371
ETH-USD,1d,1,0.1,0.5,12,26,0.858767565113622,100.09361910406791,0.825715010734154,0.23748218078205782,3.476955652061867,0.6041666666666666,1.073016383156211,-0.23873122363266264,0.14131784439086914
ETH-USD,1d,1,0.1,0.5,20,50,0.7761639737299489,48.851180634684724,0.7319174708245251,0.24708353053882262,2.9622268599951207,0.16666666666666666,0.29336693208842923,-0.08525236918630297,0.12434244155883789
ETH-USD,1d,1,0.1,0.75,8,21,1.045012291319761,243.05427811120077,0.9866007331917148,0.16413099224959746,6.011056898330148,0.7291666666666666,1.1965406478643306,-0.44588997147536513,0.1353452205657959
ETH-USD,1d,1,0.1,0.75,9,21,1.000159748064208,121.13729160565764,0.9614291295844712,0.15740872494025449,6.107851581603167,0.75,1.2659161592460124,-0.44588997147536513,0.14030051231384277
ETH-USD,1d,1,0.1,0.75,10,30,0.9319242263726016,75.23556810557268,0.9321195661998629,0.17051429460170442,5.466518618730196,0.5625,1.0305815002535843,-0.3261911282013258,0.13428378105163574
ETH-USD,1d,1,0.1,0.75,12,26,0.9429100568273379,100.50485433753512,0.922512147556211,0.1565101446884505,5.894264230555573,0.6041666666666666,1.1175095488349125,-0.3261911282013258,0.13206839561462402
ETH-USD,1d,1,0.1,0.75,20,50,0.8181074599837745,45.77857068915139,0.7800014793770489,0.1770513939435748,4.405508829970752,0.16666666666666666,0.29708624733229544,-0.12762855377945448,0.12195181846618652
ETH-USD,1d,1,0.1,1.0,8,21,1.1500222675557037,243.5184371441366,1.1011979291907068,0.11479753159654105,9.5925227126041,0.7291666666666666,1.2523254600751463,-0.5301013355341638,0.13753914833068848
ETH-USD,1d,1,0.1,1.0,9,21,1.1023370296406572,109.88895536456471,1.067215759998663,0.10157126434588222,10.507063851882913,0.75,1.3181236491272597,-0.5301013355341638,0.14387893676757812
ETH-USD,1d,1,0.1,1.0,10,30,1.0196928434818422,66.5815708102913,1.021437673705236,0.1188941081142808,8.591154682984222,0.5625,1.063493709064745,-0.4104662112364872,0.1387934684753418
ETH-USD,1d,1,0.1,1.0,12,26,1.0286561852301397,92.55810257339496,1.0151029572517627,0.10416697876792497,9.744959192042273,0.6041666666666666,1.1490210070505007,-0.4104662112364872,0.13204121589660645
ETH-USD,1d,1,0.1,1.0,20,50,0.8677617484375167,38.66911748480146,0.8307570689346339,0.1311920646719668,6.332372853585789,0.16666666666666666,0.3001474402796697,-0.1700047383726061,0.12234616279602051
ETH-USD,1d,1,0.25,0.0,8,21,0.9608983452597682,106.87077127929922,0.7609636494760987,0.5786892125848779,1.3149781142057941,0.2708333333333333,0.14714861561605155,-0.1889143606711926,0.13636088371276855
ETH-USD,1d,1,0.25,0.0,9,21,0.899318255210595,71.02368005453255,0.7525764873188159,0.5561718931183229,1.353136497242425,0.2916666666666667,0.21274854797251894,-0.1889143606711926,0.1399390697479248
ETH-USD,1d,1,0.25,0.0,10,30,0.8931767627772642,71.46555340822381,0.7791888053737128,0.5261635134777579,1.4808871869954374,0.22916666666666666,0.22603613540108647,-0.14594595665598786,0.14158272743225098
ETH-USD,1d,1,0.25,0.0,12,26,0.9068890671041808,79.63408179130033,0.7527322529491282,0.5228356162424214,1.4397111244236878,0.20833333333333334,0.22544629781635117,-0.14594595665598786,0.12730789184570312
ETH-USD,1d,1,0.25,0.0,20,50,0.8051875826075577,40.20244381208599,0.7069527091251399,0.4453984420825217,1.5872366006034624,0.041666666666666664,0.03467748706270531,-0.016447243147101887,0.12001347541809082
ETH-USD,1d,1,0.25,0.25,8,21,0.8609436344035224,134.86651123633132,0.7617034228555929,0.4030820546883096,1.8896981743446597,0.6666666666666666,1.0126152070470378,-0.25759575539611634,0.13237881660461426
ETH-USD,1d,1,0.25,0.25,9,21,0.8171634481434649,82.90370527225632,0.7590936851911478,0.3969804088758154,1.9121691353504795,0.6666666666666666,1.0873960776923832,-0.25759575539611634,0.146315336227417
ETH-USD,1d,1,0.25,0.25,10,30,0.8179363855820766,84.79972325262374,0.7695490021421956,0.3899058315667617,1.9736791292654197,0.4583333333333333,0.9013833139004722,-0.1629273549414374,0.14816546440124512
ETH-USD,1d,1,0.25,0.25,12,26,0.8308932435262975,97.36393318236249,0.7487363936989222,0.3764771845201197,1.9887961993056933,0.4791666666666667,0.9919317890514544,-0.14808649753049685,0.12720346450805664
ETH-USD,1d,1,0.25,0.25,20,50,0.7689517184200935,44.64127359046316,0.7057809562795448,0.3525612064989984,2.0018678835600987,0.16666666666666666,0.28880623410341344,-0.04287618459315157,0.15348410606384277
ETH-USD,1d,1,0.25,0.5,8,21,0.9198046902865533,152.35898705578362,0.8618120222398723,0.25146301857533426,3.4271919072731856,0.6875,1.1240619840643833,-0.35505477809601627,0.13901519775390625
ETH-USD,1d,1,0.25,0.5,9,21,0.8799750143935084,86.70616446175747,0.8499859497080153,0.2440250979895004,3.483190691084519,0.7083333333333334,1.1967206741291327,-0.35505477809601627,0.13489627838134766
ETH-USD,1d,1,0.25,0.5,10,30,0.8553086878134065,91.52629901849656,0.8359386781439826,0.2550530309494675,3.277509289076448,0.5416666666666666,0.9842965206513421,-0.23873122363266264,0.13476085662841797
ETH-USD,1d,1,0.25,0.5,12,26,0.864382139298994,107.68238137383388,0.8217552166244925,0.23859463386684385,3.4441479395680874,0.6041666666666666,1.073016383156211,-0.23873122363266264,0.12962841987609863
ETH-USD,1d,1,0.25,0.5,20,50,0.7724000593546565,45.338201336854,0.7344014659936088,0.2503801987612617,2.933145151361841,0.16666666666666666,0.29336693208842923,-0.08525236918630297,0.12335491180419922
ETH-USD,1d,1,0.25,0.75,8,21,1.0307022802658021,155.69520640898705,0.9868856228791675,0.16894159556710764,5.841578680291041,0.7291666666666666,1.1965406478643306,-0.44588997147536513,0.13478827476501465
ETH-USD,1d,1,0.25,0.75,9,21,0.9902121871292524,81.93131251445507,0.9645431782619969,0.15564707770210529,6.196988677860352,0.75,1.2659161592460124,-0.44588997147536513,0.13550853729248047
ETH-USD,1d,1,0.25,0.75,10,30,0.9411797528448219,90.70293034363145,0.9292370832541416,0.17445917057920582,5.326387143588194,0.5625,1.0305815002535843,-0.3261911282013258,0.132857084274292
ETH-USD,1d,1,0.25,0.75,12,26,0.9479015271312051,108.69711545189286,0.9203180077981468,0.15658239698104806,5.877531737552449,0.6041666666666666,1.1175095488349125,-0.3261911282013258,0.1310567855834961
ETH-USD,1d,1,0.25,0.75,20,50,0.8142467016033689,42.01560772502755,0.7828655478856963,0.1806403937782924,4.333834373980275,0.16666666666666666,0.29708624733229544,-0.12762855377945448,0.12289237976074219
ETH-USD,1d,1,0.25,1.0,8,21,1.1384415497538867,144.86150681179694,1.1024736001842639,0.11753851222498964,9.379679726368606,0.7291666666666666,1.2523254600751463,-0.5301013355341638,0.13079524040222168
ETH-USD,1d,1,0.25,1.0,9,21,1.0965499689883678,70.25134415309338,1.0714141421594052,0.09999660108361867,10.714505598680024,0.75,1.3181236491272597,-0.5301013355341638,0.13750720024108887
ETH-USD,1d,1,0.25,1.0,10,30,1.0281946847683197,83.00328802384922,1.018936337013825,0.12218499672459156,8.339291765179127,0.5625,1.063493709064745,-0.4104662112364872,0.13466310501098633
ETH-USD,1d,1,0.25,1.0,12,26,1.0334061735974194,100.64193898665324,1.0141766971489867,0.103550893056435,9.793992762537188,0.6041666666666666,1.1490210070505007,-0.4104662112364872,0.13090825080871582
ETH-USD,1d,1,0.25,1.0,20,50,0.8640743776171775,35.05730871433764,0.8338487958341141,0.13480001999800192,6.185821009866867,0.16666666666666666,0.3001474402796697,-0.1700047383726061,0.12438201904296875
ETH-USD,1d,1,0.4,0.0,8,21,0.9624693718527949,108.37775276867391,0.7557975375650658,0.5787930499214644,1.3058165395517776,0.2708333333333333,0.14714861561605155,-0.1889143606711926,0.13637185096740723
ETH-USD,1d,1,0.4,0.0,9,21,0.9018693440476974,72.18927144571082,0.7691659610244244,0.5499589506233089,1.3985879494327205,0.2916666666666667,0.21274854797251894,-0.1889143606711926,0.1299571990966797
ETH-USD,1d,1,0.4,0.0,10,30,0.8531866282378919,53.30044015232496,0.7530937310061588,0.5525748143286343,1.3628810280127415,0.22916666666666666,0.22603613540108647,-0.14594595665598786,0.13125300407409668
ETH-USD,1d,1,0.4,0.0,12,26,0.9010243154472465,76.67278016412145,0.7428741872239899,0.5223857681100635,1.4220796824378086,0.20833333333333334,0.22544629781635117,-0.14594595665598786,0.12848544120788574
ETH-USD,1d,1,0.4,0.0,20,50,0.8117869367782616,42.08791298161557,0.7001154731905609,0.44877611144462226,1.560055126234038,0.041666666666666664,0.03467748706270531,-0.016447243147101887,0.1226341724395752
ETH-USD,1d,1,0.4,0.25,8,21,0.864430447154797,137.70076442347823,0.7569510980799686,0.405599679147993,1.8662517181227267,0.6666666666666666,1.0126152070470378,-0.25759575539611634,0.13535451889038086
ETH-USD,1d,1,0.4,0.25,9,21,0.8214919182474517,85.17823882564453,0.7697677906709857,0.3961885962638729,1.9429327293365564,0.6666666666666666,1.0873960776923832,-0.25759575539611634,0.13683795928955078
ETH-USD,1d,1,0.4,0.25,10,30,0.7860467270457612,58.02322838418078,0.7522151059986442,0.40751000243424274,1.8458813317595175,0.4583333333333333,0.9013833139004722,-0.1629273549414374,0.14325523376464844
ETH-USD,1d,1,0.4,0.25,12,26,0.8270257800990364,93.16631420738116,0.7415174987709915,0.37724142758577117,1.9656311437385732,0.4791666666666667,0.9919317890514544,-0.14808649753049685,0.13517379760742188
ETH-USD,1d,1,0.4,0.25,20,50,0.7720360828393419,47.95587926781851,0.6994579217488754,0.35520581800878837,1.9691623455660001,0.16666666666666666,0.28880623410341344,-0.04287618459315157,0.12392878532409668
ETH-USD,1d,1,0.4,0.5,8,21,0.9244558492081102,156.89729773027378,0.857348214021728,0.2529177074826455,3.3898307182803986,0.6875,1.1240619840643833,-0.35505477809601627,0.14522838592529297
ETH-USD,1d,1,0.4,0.5,9,21,0.8854266946589978,90.40729380170374,0.8589731106987404,0.24414602034414706,3.5182761098785718,0.7083333333333334,1.1967206741291327,-0.35505477809601627,0.1508769989013672
ETH-USD,1d,1,0.4,0.5,10,30,0.830663607563844,57.05992953431338,0.8250667614652343,0.2661847348345209,3.099602093929818,0.5416666666666666,0.9842965206513421,-0.23873122363266264,0.1372685432434082
ETH-USD,1d,1,0.4,0.5,12,26,0.8622786705419002,102.49951656163626,0.8161325791432296,0.2387800371815591,3.41792634248848,0.6041666666666666,1.073016383156211,-0.23873122363266264,0.13610386848449707
ETH-USD,1d,1,0.4,0.5,20,50,0.7767302041618181,50.55193395081393,0.7293303154371463,0.2517718574598195,2.8967904625859178,0.16666666666666666,0.29336693208842923,-0.08525236918630297,0.1258089542388916
ETH-USD,1d,1,0.4,0.75,8,21,1.037304712226607,162.04486931496893,0.9833308795919933,0.17022850877678178,5.7765346513222475,0.7291666666666666,1.1965406478643306,-0.44588997147536513,0.1370832920074463
ETH-USD,1d,1,0.4,0.75,9,21,0.9977253973411047,87.12360639233685,0.9736118059731071,0.15640111329851372,6.22509511242948,0.75,1.2659161592460124,-0.44588997147536513,0.13439631462097168
ETH-USD,1d,1,0.4,0.75,10,30,0.9226043428452875,51.10769135511123,0.9222870026340759,0.18266370683052935,5.0490982507529525,0.5625,1.0305815002535843,-0.3261911282013258,0.13240480422973633
ETH-USD,1d,1,0.4,0.75,12,26,0.9468172148326655,103.00671961167248,0.9157354024143587,0.15645856481724732,5.852894045679064,0.6041666666666666,1.1175095488349125,-0.3261911282013258,0.13219547271728516
ETH-USD,1d,1,0.4,0.75,20,50,0.819528369818765,49.5075833239868,0.778702766864855,0.18121454714599455,4.2971316548748,0.16666666666666666,0.29708624733229544,-0.12762855377945448,0.12410569190979004
ETH-USD,1d,1,0.4,1.0,8,21,1.14678267569578,152.7535441729505,1.0998300994692105,0.11902720763982354,9.240157114306987,0.7291666666666666,1.2523254600751463,-0.5301013355341638,0.14898276329040527
ETH-USD,1d,1,0.4,1.0,9,21,1.1059088614723578,76.66054442121282,1.0808976519637725,0.10163285640263602,10.63531706401728,0.75,1.3181236491272597,-0.5301013355341638,0.13373470306396484
ETH-USD,1d,1,0.4,1.0,10,30,1.0144300194071127,41.86083421346872,1.014791153611772,0.1285878515626125,7.891812027963201,0.5625,1.063493709064745,-0.4104662112364872,0.13325095176696777
ETH-USD,1d,1,0.4,1.0,12,26,1.0329508839364034,95.01999261329041,1.0103600665431272,0.10316430650871293,9.793698040880015,0.6041666666666666,1.1490210070505007,-0.4104662112364872,0.13471126556396484
ETH-USD,1d,1,0.4,1.0,20,50,0.8697678675080086,45.017402785026235,0.8303446518303398,0.1347138604963633,6.163765545511596,0.16666666666666666,0.3001474402796697,-0.1700047383726061,0.12599802017211914
ETH-USD,1d,1,0.55,0.0,8,21,0.9603657908045624,106.84425818475813,0.752386127646346,0.5653771379422424,1.330768574026083,0.2916666666666667,0.17585410920840913,-0.16693885534451414,0.13822054862976074
ETH-USD,1d,1,0.55,0.0,9,21,0.9082282755695464,75.396477458591,0.7917169028456332,0.5653779263586008,1.400332177707753,0.3125,0.27781294365601433,-0.16693885534451414,0.13567352294921875
ETH-USD,1d,1,0.55,0.0,10,30,0.8389177891075532,48.36625920526945,0.7353959070898444,0.5460565565617786,1.3467394508001749,0.22916666666666666,0.2575629581190549,-0.15444704161703315,0.13107848167419434
ETH-USD,1d,1,0.55,0.0,12,26,0.8642589622475804,59.61181715890251,0.7188587926641513,0.5189430634278075,1.385236345420686,0.22916666666666666,0.22530450380627834,-0.14594595665598786,0.13618159294128418
ETH-USD,1d,1,0.55,0.0,20,50,0.8124344768264372,42.325808219091456,0.7059443263300469,0.4619770141894751,1.5280940493730086,0.041666666666666664,0.03467748706270531,-0.016447243147101887,0.1263277530670166
ETH-USD,1d,1,0.55,0.25,8,21,0.8643889654319483,136.09781696801633,0.7521078126669,0.3948751470791141,1.9046724470512537,0.6458333333333334,1.041304598671468,-0.21559034012960498,0.13951683044433594
ETH-USD,1d,1,0.55,0.25,9,21,0.8270780066759015,89.22021011623833,0.7842824712826206,0.4094627579265614,1.9153939060393974,0.6875,1.1082707074835059,-0.21559034012960498,0.1442110538482666
ETH-USD,1d,1,0.55,0.25,10,30,0.7763209748150721,51.38653674724944,0.7414449525811587,0.40105558312095846,1.8487336513590904,0.4791666666666667,0.9146268491716739,-0.13388460721770856,0.13266420364379883
ETH-USD,1d,1,0.55,0.25,12,26,0.7987048878023982,68.22173345597376,0.7258171552938466,0.37419895166388406,1.9396557688536653,0.5208333333333334,1.006499018821995,-0.14060685528200223,0.1320507526397705
ETH-USD,1d,1,0.55,0.25,20,50,0.7737682026341893,48.44847430680489,0.704215867283037,0.3646251194580368,1.931342164055382,0.14583333333333334,0.28708274930780503,-0.056637982106919615,0.1296854019165039
ETH-USD,1d,1,0.55,0.5,8,21,0.9269044444877245,155.62323306504575,0.8556534420285835,0.24492672477388974,3.493507875951477,0.7291666666666666,1.1434550843023679,-0.30867932252800456,0.14330148696899414
ETH-USD,1d,1,0.55,0.5,9,21,0.8908786166470938,94.72273760612816,0.8714521438420004,0.25456843995941614,3.4232528744762285,0.75,1.2008003730702388,-0.30867932252800456,0.14673280715942383
ETH-USD,1d,1,0.55,0.5,10,30,0.8236599021963201,49.3102086603731,0.8195615666191038,0.2592044721209285,3.1618342072306067,0.5625,0.9939380274509307,-0.22316780606361863,0.1352529525756836
ETH-USD,1d,1,0.55,0.5,12,26,0.8458752951767812,70.58713914436683,0.8068073760834278,0.23596003392143539,3.4192543655594667,0.6041666666666666,1.0839508642291282,-0.22316780606361863,0.14998698234558105
ETH-USD,1d,1,0.55,0.5,20,50,0.7780644036627928,51.36617204045686,0.734759414934836,0.2597381239760361,2.828847008237521,0.16666666666666666,0.29157885833417496,-0.11277596421383906,0.13834357261657715
ETH-USD,1d,1,0.55,0.75,8,21,1.0422492147949982,161.42370376207867,0.9848923261274878,0.16463911126914266,5.982128538810209,0.7291666666666666,1.210152855850741,-0.3964865886718685,0.14349651336669922
ETH-USD,1d,1,0.55,0.75,9,21,1.004397783534432,91.08741543651438,0.9858208536939419,0.1652462401110528,5.965768740223236,0.75,1.2630176564823106,-0.3964865886718685,0.1464824676513672
ETH-USD,1d,1,0.55,0.75,10,30,0.9176197071329499,43.08402536926998,0.9199807608957823,0.17562384284601437,5.238359131581094,0.5625,1.04129213511438,-0.309758590671969,0.13110923767089844
ETH-USD,1d,1,0.55,0.75,12,26,0.9393573512028817,66.57881895171633,0.910304711025517,0.1537862970686401,5.919283631747871,0.6041666666666666,1.129986199588826,-0.309758590671969,0.1280817985534668
ETH-USD,1d,1,0.55,0.75,20,50,0.82050450731454,50.65526064218184,0.784800985683007,0.18873906389459416,4.158126937205209,0.16666666666666666,0.29529204184865554,-0.1689139463207585,0.12095046043395996
ETH-USD,1d,1,0.55,1.0,8,21,1.153734161570763,152.91164932110277,1.1039968694053512,0.11510940154977704,9.590848831995249,0.7291666666666666,1.2627723034284997,-0.4790121385611973,0.1313478946685791
ETH-USD,1d,1,0.55,1.0,9,21,1.113883319297005,79.79985036037168,1.0931963897011567,0.10945933904950814,9.987237262657938,0.75,1.3124666728601564,-0.4790121385611973,0.1413888931274414
ETH-USD,1d,1,0.55,1.0,10,30,1.0109153855603759,34.405120968546804,1.0147016777201998,0.12172478196096428,8.33603200082628,0.5625,1.0762141892363262,-0.39365696104275993,0.1399390697479248
ETH-USD,1d,1,0.55,1.0,12,26,1.032152807271046,57.49506332162423,1.0076011114582026,0.10048376391639036,10.027501679740007,0.6041666666666666,1.1638472844470964,-0.39365696104275993,0.13046932220458984
ETH-USD,1d,1,0.55,1.0,20,50,0.8705203838433664,46.43808736182063,0.8367715347604365,0.14170844807303257,5.904881086053443,0.16666666666666666,0.2983834402006574,-0.22505192842767818,0.12492012977600098
ETH-USD,1d,1,0.7,0.0,8,21,0.9592258223866937,104.3038366555751,0.7685606674511677,0.5634073287585045,1.3641296948421464,0.2708333333333333,0.19340240019009428,-0.16693885534451414,0.13195466995239258
ETH-USD,1d,1,0.7,0.0,9,21,0.9318104658009617,87.37448127451658,0.7950285002345737,0.5755906831157005,1.381239348647976,0.3125,0.2998584676816453,-0.16693885534451414,0.13778042793273926
ETH-USD,1d,1,0.7,0.0,10,30,0.8554680168108789,53.42432547856112,0.7128123846441803,0.5419912113859987,1.3151733269278514,0.22916666666666666,0.2369087846292022,-0.15486981809622458,0.1267557144165039
ETH-USD,1d,1,0.7,0.0,12,26,0.822586051676601,43.40464478606567,0.7129907217231933,0.5155303604962648,1.3830237292656196,0.22916666666666666,0.19692770513970717,-0.14594595665598786,0.13410258293151855
ETH-USD,1d,1,0.7,0.0,20,50,0.8014237737906797,38.99584336559513,0.6999619026624,0.46474830165645864,1.5061096515416874,0.041666666666666664,0.03467748706270531,-0.016447243147101887,0.12610840797424316
ETH-USD,1d,1,0.7,0.25,8,21,0.8645842024628181,132.08770183014863,0.7632804529465569,0.3943140586199443,1.9357170667917707,0.6666666666666666,1.0487673398018937,-0.21810317857095574,0.15307188034057617
ETH-USD,1d,1,0.7,0.25,9,21,0.8469557508902235,107.45766629655277,0.7894121305834048,0.41392879741036415,1.907120585767776,0.7083333333333334,1.1296620403897828,-0.21810317857095574,0.13434696197509766
ETH-USD,1d,1,0.7,0.25,10,30,0.7906721267852845,57.26323429220731,0.7241964914941461,0.40076183948929445,1.8070495245181435,0.4583333333333333,0.8898816735561063,-0.20984277875405155,0.13568353652954102
ETH-USD,1d,1,0.7,0.25,12,26,0.7678159604210613,45.67163502064427,0.7221019161894531,0.3738406571224601,1.9315767357880285,0.5208333333333334,0.9927782642793547,-0.20724606948594881,0.1340789794921875
ETH-USD,1d,1,0.7,0.25,20,50,0.76749591776089,44.77360493947279,0.7011887470034868,0.3672315527275864,1.9093913412272363,0.14583333333333334,0.28708274930780503,-0.056637982106919615,0.13446760177612305
ETH-USD,1d,1,0.7,0.5,8,21,0.9265163933058277,149.80160610502557,0.864606424690127,0.24452795204662098,3.5358183694487564,0.7083333333333334,1.1477941056254197,-0.31145358453082217,0.13831114768981934
ETH-USD,1d,1,0.7,0.5,9,21,0.908262343195638,118.83291794083985,0.8772229899077348,0.25538227608015857,3.4349407616384267,0.7291666666666666,1.2138531641796522,-0.31145358453082217,0.1429586410522461
ETH-USD,1d,1,0.7,0.5,10,30,0.8329980643408516,55.16053660932326,0.8076747556606915,0.2593950993467924,3.1136854847858517,0.5625,0.9731599760915888,-0.30356239055975165,0.14461159706115723
ETH-USD,1d,1,0.7,0.5,12,26,0.8179405613289956,43.261332213072365,0.805177350240337,0.2344142052572459,3.4348487940683294,0.6041666666666666,1.0743543840199148,-0.30356239055975165,0.14800500869750977
ETH-USD,1d,1,0.7,0.5,20,50,0.7735413215588682,47.74794548715992,0.7329805961961268,0.2617131835139266,2.8007018460234447,0.16666666666666666,0.29157885833417496,-0.11277596421383906,0.12131547927856445
ETH-USD,1d,1,0.7,0.75,8,21,1.0435002293799156,153.7559414313115,0.9934601491711345,0.16447759214514635,6.040094192857814,0.7291666666666666,1.2134729523667562,-0.39944198665219455,0.14018464088439941
ETH-USD,1d,1,0.7,0.75,9,21,1.0232506506113477,119.36815099889812,0.9927386823708076,0.16432196907557922,6.041423967565782,0.75,1.2726458940127139,-0.39944198665219455,0.16530251502990723
ETH-USD,1d,1,0.7,0.75,10,30,0.9265364772025945,48.14996356399166,0.9120233287312762,0.17624252651307729,5.174819873361289,0.5625,1.0229806232947523,-0.39464271210795987,0.14860224723815918
ETH-USD,1d,1,0.7,0.75,12,26,0.9148739986295074,37.13991644073292,0.9103898901142303,0.15132056263816518,6.016299928061576,0.6041666666666666,1.122025982641742,-0.39464271210795987,0.1409165859222412
ETH-USD,1d,1,0.7,0.75,20,50,0.8169241254302934,47.47485815972617,0.7835334453857448,0.1900893519648032,4.121921808281104,0.16666666666666666,0.29529204184865554,-0.1689139463207585,0.13727045059204102
ETH-USD,1d,1,0.7,1.0,8,21,1.1567906359976179,143.79551465467048,1.1125558288554929,0.11523501454335607,9.654668186264727,0.7291666666666666,1.265570583991959,-0.4820683849350731,0.1351618766784668
ETH-USD,1d,1,0.7,1.0,9,21,1.134730833401743,109.63351385828335,1.1012116605596063,0.10744459636581065,10.249111614793286,0.75,1.3202511951115194,-0.4820683849350731,0.13193988800048828
ETH-USD,1d,1,0.7,1.0,10,30,1.0205749818797392,38.23231679103157,1.00974238971128,0.12262124268112615,8.23464489213417,0.5625,1.059793811282129,-0.4804870341305735,0.13420391082763672
ETH-USD,1d,1,0.7,1.0,12,26,1.0107899813487677,28.957035761784798,1.0090846332693215,0.09730857327981386,10.369945825509813,0.6041666666666666,1.1568843677382656,-0.4804870341305735,0.133636474609375
ETH-USD,1d,1,0.7,1.0,20,50,0.8676107443017224,43.97906525629018,0.8358052072455425,0.1425147065443601,5.864694441098849,0.16666666666666666,0.2983834402006574,-0.22505192842767818,0.12244939804077148
ETH-USD,1d,1,0.85,0.0,8,21,0.9412992580063922,92.77664007856069,0.7908271675360339,0.5405795507706859,1.4629246822388648,0.25,0.1342003431162217,-0.17070005513296727,0.14281821250915527
ETH-USD,1d,1,0.85,0.0,9,21,0.9429017984075658,94.24111771547288,0.8012124582538833,0.5710935295629391,1.402944380874102,0.2916666666666667,0.24087866099722557,-0.17070005513296727,0.13270974159240723
ETH-USD,1d,1,0.85,0.0,10,30,0.8205742854837798,42.44131449892616,0.6756111311954125,0.541663824592233,1.2472886327677795,0.22916666666666666,0.28110522564139967,-0.17262642640272785,0.12909674644470215
ETH-USD,1d,1,0.85,0.0,12,26,0.8163001306547493,41.57048753651088,0.6892451386656322,0.5169259867262805,1.333353625788206,0.22916666666666666,0.21825155875675475,-0.19218299514078285,0.1269972324371338
ETH-USD,1d,1,0.85,0.0,20,50,0.8070089926222218,40.60722066967233,0.713930617013907,0.4634417231116414,1.5404970709594996,0.0625,0.11081662529346255,-0.0035194774220901337,0.12161517143249512
ETH-USD,1d,1,0.85,0.25,8,21,0.8525337088924408,114.27300735917387,0.7801150267639375,0.37086801314053924,2.1034842561855434,0.6458333333333334,1.0441551484733425,-0.1966121990628642,0.13151931762695312
ETH-USD,1d,1,0.85,0.25,9,21,0.8562917152525137,116.6659007655458,0.7988995688095832,0.4041072386476443,1.9769494144255422,0.7083333333333334,1.1186496499079863,-0.1966121990628642,0.13727974891662598
ETH-USD,1d,1,0.85,0.25,10,30,0.7671421580362273,44.55658173714159,0.6969552236138286,0.3950365617009,1.764280300063782,0.4791666666666667,0.847059100310112,-0.20288601702620346,0.13638854026794434
ETH-USD,1d,1,0.85,0.25,12,26,0.7652637820717185,43.846271385587855,0.7079711942075435,0.376730135781341,1.8792528841347034,0.5208333333333334,0.9461510464143824,-0.1853193653290326,0.13906455039978027
ETH-USD,1d,1,0.85,0.25,20,50,0.7734531797870695,47.11128218408896,0.7130746895382061,0.36464162023314184,1.9555493667516224,0.1875,0.3181535913696825,-0.03545033827692923,0.12512874603271484
ETH-USD,1d,1,0.85,0.5,8,21,0.9236024268794943,126.21066335923253,0.8813899747811071,0.22742842718097284,3.8754608898550487,0.7291666666666666,1.1576725785241815,-0.28677264680818004,0.13221406936645508
ETH-USD,1d,1,0.85,0.5,9,21,0.9145596122071455,129.4868747770462,0.8892834069197646,0.2451449554446354,3.627581914980927,0.75,1.2134851517486236,-0.28677264680818004,0.13353228569030762
ETH-USD,1d,1,0.85,0.5,10,30,0.8228219401487373,42.414031813276644,0.7917555780760275,0.2519070050029034,3.1430470862328814,0.5208333333333334,0.9360760112957166,-0.27825409300751225,0.1293935775756836
ETH-USD,1d,1,0.85,0.5,12,26,0.8192910286210621,41.90393859256915,0.7965838957908971,0.23493178119484923,3.3907030021205227,0.5833333333333334,1.0410945448655886,-0.27825409300751225,0.12971210479736328
ETH-USD,1d,1,0.85,0.5,20,50,0.7787382880800949,50.847073774978185,0.7428786982050395,0.25946747204554627,2.8630898985081124,0.1875,0.32324916806321097,-0.0873524867988753,0.12119030952453613
ETH-USD,1d,1,0.85,0.75,8,21,1.0473320334896907,126.41142978124847,1.012488429395852,0.1522870627955044,6.648551825807105,0.7291666666666666,1.2282842578545166,-0.3719398071602903,0.13024640083312988
ETH-USD,1d,1,0.85,0.75,9,21,1.0284206429657667,130.24966482810885,1.0084276814276745,0.15539163347573462,6.489588009802,0.75,1.2756838285090781,-0.3719398071602903,0.1344470977783203
ETH-USD,1d,1,0.85,0.75,10,30,0.9256679475383507,36.91606328252689,0.9048375852024686,0.1695707219633746,5.336048432924072,0.5416666666666666,0.9894672978290183,-0.366286707517368,0.12581872940063477
ETH-USD,1d,1,0.85,0.75,12,26,0.9199508288112973,36.58204990290937,0.9051924400303122,0.15095856999640025,5.996297130079447,0.5833333333333334,1.095979275551618,-0.366286707517368,0.1274731159210205
ETH-USD,1d,1,0.85,0.75,20,50,0.8215981924193143,51.26228440265093,0.7925384352324705,0.1883911024534539,4.2068782703168495,0.1875,0.32769321222580633,-0.13925463532082116,0.12105202674865723
ETH-USD,1d,1,0.85,1.0,8,21,1.1655679388623394,115.70685365776413,1.1336872138025647,0.10677413675017539,10.617620037098566,0.7291666666666666,1.2828593186745838,-0.4521136801191956,0.13334441184997559
ETH-USD,1d,1,0.85,1.0,9,21,1.1393524675189233,119.5947959923316,1.1201019962253174,0.09996892781750702,11.204501445389713,0.75,1.3249310856145682,-0.4521136801191956,0.13391351699829102
ETH-USD,1d,1,0.85,1.0,10,30,1.0263412201176874,29.51053212588084,1.0092355020195973,0.1170987032717379,8.618673596048088,0.5416666666666666,1.0289128326733537,-0.4494172088585997,0.13710951805114746
ETH-USD,1d,1,0.85,1.0,12,26,1.0187954826430456,29.289468813216757,1.006367546205476,0.09691810907794403,10.383689444416722,0.5833333333333334,1.1358756108423094,-0.4494172088585997,0.13835859298706055
ETH-USD,1d,1,0.85,1.0,20,50,0.8719192735632515,48.267834976726455,0.84420638099177,0.14117185442206856,5.9799907314938565,0.1875,0.3313657415839697,-0.19115678384276713,0.12471413612365723
ETH-USD,1d,1,1.0,0.0,8,21,0.9548574543210283,101.6494893069171,0.7924731811678389,0.5337534512120774,1.4847176713672694,0.25,0.21036393129110634,-0.17070005513296727,0.1366875171661377
ETH-USD,1d,1,1.0,0.0,9,21,0.9490180387908255,98.28182805842016,0.7860596994258839,0.5534134233996889,1.4203842302866805,0.3125,0.238255554187538,-0.17070005513296727,0.13723158836364746
ETH-USD,1d,1,1.0,0.0,10,30,0.790676058083683,34.711041152819405,0.6561753403151548,0.5359917741746038,1.2242265122923328,0.22916666666666666,0.2772244296314312,-0.2064204363537584,0.1355593204498291
ETH-USD,1d,1,1.0,0.0,12,26,0.8050018902243831,38.50445957049665,0.6751286518143982,0.5224363961507508,1.2922695600625564,0.22916666666666666,0.24644848135195688,-0.2078234000784036,0.13519763946533203
ETH-USD,1d,1,1.0,0.0,20,50,0.8135771418474971,42.59826259445049,0.7133272355306807,0.462139773070157,1.5435313666941,0.0625,0.11081662529346255,-0.0035194774220901337,0.12755846977233887
ETH-USD,1d,1,1.0,0.25,8,21,0.8632980895405895,127.88671286468792,0.7807560370173956,0.367795664210937,2.1227983714610046,0.6666666666666666,1.0789480939932625,-0.18975400057152025,0.13218927383422852
ETH-USD,1d,1,1.0,0.25,9,21,0.861264837391666,122.15176668659636,0.7879688260362252,0.3908213856051601,2.016186562606111,0.6875,1.1162448237443177,-0.18975400057152025,0.13796353340148926
ETH-USD,1d,1,1.0,0.25,10,30,0.7429085722167752,34.73562226363273,0.6815731137267684,0.3907100455708564,1.7444473758818753,0.4791666666666667,0.8583831325826191,-0.2698598480446093,0.14879345893859863
ETH-USD,1d,1,1.0,0.25,12,26,0.7540350991209444,39.94897953764093,0.6987099492846368,0.378530454618061,1.8458487045372305,0.5208333333333334,0.9369533567027716,-0.27219858177570133,0.1377873420715332
ETH-USD,1d,1,1.0,0.25,20,50,0.778766427246639,50.00967664187028,0.7136310535712629,0.365705955598439,1.9513793599655258,0.1875,0.3181535913696825,-0.03545033827692923,0.12538361549377441
ETH-USD,1d,1,1.0,0.5,8,21,0.9313645626300864,144.26944636890389,0.8842084647035234,0.22575391331343064,3.916691638810762,0.7291666666666666,1.1804705050823738,-0.2736448089849495,0.13705658912658691
ETH-USD,1d,1,1.0,0.5,9,21,0.9202769804278663,135.89622424001644,0.8831116835288377,0.2340863149328457,3.77258996871382,0.75,1.2107003810845738,-0.2736448089849495,0.14324355125427246
ETH-USD,1d,1,1.0,0.5,10,30,0.8081824617600207,31.501971261760787,0.7829898846314859,0.24555336961449814,3.1886749746530705,0.5416666666666666,0.9468768548207588,-0.32968253584427787,0.128035306930542
ETH-USD,1d,1,1.0,0.5,12,26,0.8125244496762305,37.56052138460685,0.7924305219225958,0.2343219960309362,3.3818016888946936,0.5625,1.0324561888328825,-0.3331007156866984,0.12839865684509277
ETH-USD,1d,1,1.0,0.5,20,50,0.7837662474423017,54.63532639140526,0.7437004257092364,0.26085686834303223,2.850990393441567,0.1875,0.32324916806321097,-0.0873524867988753,0.13233280181884766
ETH-USD,1d,1,1.0,0.75,8,21,1.0536946637928324,147.60754963992684,1.0178064515362557,0.15151169198799927,6.717675964023111,0.7291666666666666,1.2480593057969116,-0.35313088916463076,0.136671781539917
ETH-USD,1d,1,1.0,0.75,9,21,1.0356678586236214,136.82719991068575,1.0074385344820618,0.14709164446101777,6.84905344673778,0.75,1.2755680697935852,-0.35313088916463076,0.14426159858703613
ETH-USD,1d,1,1.0,0.75,10,30,0.9171926557129088,26.090196961106816,0.9017327987699455,0.16303534816309187,5.53090362875111,0.5416666666666666,1.0001573336606315,-0.38602240657077447,0.133620023727417
ETH-USD,1d,1,1.0,0.75,12,26,0.9153674249431322,32.253938567280116,0.9044383152177689,0.14927999692038088,6.058670510960386,0.5833333333333334,1.0876824545322832,-0.39062286352913145,0.13635516166687012
ETH-USD,1d,1,1.0,0.75,20,50,0.8264192325327406,55.78151989782039,0.7933293174758991,0.18953365577845588,4.185691001513812,0.1875,0.32769321222580633,-0.13925463532082116,0.1363067626953125
ETH-USD,1d,1,1.0,1.0,8,21,1.1710928150151807,138.05030037587545,1.1410301232074953,0.10670290442569809,10.693524504780886,0.7291666666666666,1.3015485215002058,-0.42821224111056466,0.14258217811584473
ETH-USD,1d,1,1.0,1.0,9,21,1.147991834646133,125.59335868226226,1.1234792430308047,0.09353839521457166,12.010888581673957,0.75,1.3272497858760672,-0.42821224111056466,0.1402757167816162
ETH-USD,1d,1,1.0,1.0,10,30,1.0221210710258168,19.798808559745215,1.010654346487688,0.11094905642244487,9.10917477873416,0.5416666666666666,1.0397199086543758,-0.4390109207144197,0.14156532287597656
ETH-USD,1d,1,1.0,1.0,12,26,1.0153811428401776,25.38825823037682,1.0080293415597121,0.09466951107801734,10.647877337498796,0.5833333333333334,1.1281321949067713,-0.4448580870207365,0.13317298889160156
ETH-USD,1d,1,1.0,1.0,20,50,0.8764810613859931,53.225980897676116,0.8449295351012145,0.1419719299620172,5.951384441468568,0.1875,0.3313657415839697,-0.19115678384276713,0.14087319374084473
ETH-USD,1d,2,0.0,0.0,8,21,0.9628429335311683,110.92645627461464,0.79125559367152,0.4893454503391627,1.616967304228751,0.25,0.1939647633819641,-0.18285631592206308,0.12810778617858887
ETH-USD,1d,2,0.0,0.0,9,21,0.9924190525814535,138.4839786246998,0.8268862373424696,0.4813690875730808,1.7177800957501927,0.25,0.20726646492612769,-0.21283377128073855,0.13183927536010742
ETH-USD,1d,2,0.0,0.0,10,30,0.8213638867487625,43.829206348869754,0.8105641202154636,0.4732498857392834,1.7127613648532585,0.22916666666666666,0.3744612223754989,-0.11205263749909,0.14509201049804688
ETH-USD,1d,2,0.0,0.0,12,26,0.9467646824950486,108.01567124944945,0.8387932082033813,0.4620862096049133,1.8152309910320736,0.20833333333333334,0.4147779759163373,-0.10508461617820775,0.13680005073547363
ETH-USD,1d,2,0.0,0.0,20,50,0.8721313732789387,64.8728047940966,0.7225721106339204,0.467803120274352,1.5446072916532798,0.041666666666666664,0.07634415372937198,-0.016447243147101887,0.1239316463470459
ETH-USD,1d,2,0.0,0.25,8,21,0.8702074835997333,143.99152583023331,0.7735836319100008,0.344606995072785,2.244828581458745,0.625,0.9996932238533227,-0.22890622127033144,0.13175153732299805
ETH-USD,1d,2,0.0,0.25,9,21,0.8959190910951037,192.8504880382998,0.7967083054411568,0.3516658962040147,2.265526211216558,0.625,1.0240177919190243,-0.2663742932867559,0.13833236694335938
ETH-USD,1d,2,0.0,0.25,10,30,0.7590734684812722,45.9094023308771,0.7860590027243963,0.3586530564454499,2.191697487580044,0.5,0.9850277327553466,-0.12169913989489844,0.14941859245300293
ETH-USD,1d,2,0.0,0.25,12,26,0.8641534463083007,140.11081450576276,0.8039443755460243,0.34467784879634117,2.3324515293149823,0.5416666666666666,1.1177463387076585,-0.12091420937994712,0.12980008125305176
ETH-USD,1d,2,0.0,0.25,20,50,0.8232749448003472,76.60952205222918,0.7188221380761052,0.37076609807949396,1.9387482884748173,0.16666666666666666,0.3196452112104862,-0.016447243147101887,0.12561273574829102
ETH-USD,1d,2,0.0,0.5,8,21,0.9137472408154346,167.72260337175,0.8461849104709778,0.21565225504113114,3.9238398425724124,0.6875,1.098068486635407,-0.27495612661860014,0.13801145553588867
ETH-USD,1d,2,0.0,0.5,9,21,0.9209910067852846,242.4360201904206,0.858615820108373,0.22486034710398176,3.818440339377956,0.7083333333333334,1.122002554414081,-0.31991481529277344,0.14965462684631348
ETH-USD,1d,2,0.0,0.5,10,30,0.8021406584909767,43.349856080646234,0.8376019767305205,0.24053473702431438,3.4822495373957225,0.5625,1.0437502628107251,-0.1710006563464168,0.13162708282470703
ETH-USD,1d,2,0.0,0.5,12,26,0.8881819473089769,163.74851222785804,0.852863755762462,0.22741777248290482,3.750207147185792,0.6041666666666666,1.166026495190884,-0.1710006563464168,0.1305832862854004
ETH-USD,1d,2,0.0,0.5,20,50,0.8140176279278963,82.16623988077696,0.738493565342502,0.26460422509891496,2.790936407256674,0.16666666666666666,0.32073506585732176,-0.016447243147101887,0.126936674118042
ETH-USD,1d,2,0.0,0.75,8,21,1.012925757690585,176.86126980215724,0.9494240913585935,0.1425276744736899,6.661331526417725,0.6875,1.1564663596562925,-0.35632820389083864,0.13586854934692383
ETH-USD,1d,2,0.0,0.75,9,21,1.0035266237663496,277.6367950463027,0.9532469804703535,0.15064445385510605,6.32779339747358,0.7083333333333334,1.1803767080114071,-0.3734553372987911,0.14583158493041992
ETH-USD,1d,2,0.0,0.75,10,30,0.8877820351770881,37.08259139943079,0.9198322380312633,0.16852647770439452,5.458087361469121,0.5625,1.0809995635285288,-0.23060523620265216,0.14258718490600586
ETH-USD,1d,2,0.0,0.75,12,26,0.964474473132564,174.02506333977811,0.935779237169687,0.15686683247383798,5.9654371954361665,0.6041666666666666,1.1954187160595984,-0.23060523620265216,0.1378617286682129
ETH-USD,1d,2,0.0,0.75,20,50,0.8478843024174646,79.95707417980526,0.7789031373219584,0.19242818054300811,4.047760235138075,0.16666666666666666,0.3215172954884895,-0.016447243147101887,0.14013361930847168
ETH-USD,1d,2,0.0,1.0,8,21,1.1121637611570088,169.69546039154892,1.0481148955512833,0.09663429673794018,10.846199857941084,0.7083333333333334,1.2000288681123918,-0.43563253474856667,0.14487409591674805
ETH-USD,1d,2,0.0,1.0,9,21,1.0895677284182443,291.24047672941873,1.045149400150665,0.10350721678233127,10.09735777504813,0.7083333333333334,1.2240315771339552,-0.43563253474856667,0.16030216217041016
ETH-USD,1d,2,0.0,1.0,10,30,0.9734466202271563,28.713038720462865,1.001063514799632,0.12217870455479561,8.193436969620738,0.5625,1.1087654468085388,-0.2884726726662913,0.14078378677368164
ETH-USD,1d,2,0.0,1.0,12,26,1.044640107184281,169.02248716406388,1.0182378114079724,0.11212167127449972,9.081543289834588,0.6041666666666666,1.216991194650298,-0.2884726726662913,0.13169527053833008
ETH-USD,1d,2,0.0,1.0,20,50,0.8922982491443812,69.73128079398634,0.8237226118884617,0.14484217522382117,5.687035634583523,0.16666666666666666,0.3221067976277685,-0.016447243147101887,0.12967181205749512
ETH-USD,1d,2,0.1,0.0,8,21,0.9742261247589716,118.7623887417821,0.775944741837647,0.4876492780152701,1.5911942800279288,0.22916666666666666,0.17861390923796705,-0.18285631592206308,0.15446209907531738
ETH-USD,1d,2,0.1,0.0,9,21,1.013480021608896,157.74001344781064,0.8344513916579871,0.489675141454041,1.7040917968189435,0.25,0.18616969235544403,-0.21283377128073855,0.12920451164245605
ETH-USD,1d,2,0.1,0.0,10,30,0.8188950881031288,43.23577328735832,0.8077699922886274,0.4891906948483707,1.651237443383921,0.22916666666666666,0.3744612223754989,-0.11205263749909,0.12896060943603516
ETH-USD,1d,2,0.1,0.0,12,26,0.9346862987674168,99.31523699307343,0.8298132895909187,0.45760101354494315,1.8133991512879786,0.20833333333333334,0.4147779759163373,-0.10508461617820775,0.13342905044555664
ETH-USD,1d,2,0.1,0.0,20,50,0.8753180533917424,66.39814392057194,0.7310681197732325,0.4556937618053121,1.6042969666228823,0.041666666666666664,0.07634415372937198,-0.016447243147101887,0.1220083236694336
ETH-USD,1d,2,0.1,0.25,8,21,0.8760981248845332,155.87710816764096,0.7656600904819283,0.3409296069978657,2.245801111919041,0.625,0.9994977095381122,-0.22890622127033144,0.14417529106140137
ETH-USD,1d,2,0.1,0.25,9,21,0.9105343702982381,223.46657470900684,0.802336958744022,0.35806530250963636,2.2407559546276596,0.625,1.022961224992301,-0.2663742932867559,0.13622045516967773
ETH-USD,1d,2,0.1,0.25,10,30,0.7575823425735346,44.87004621877034,0.7869895728117728,0.36740573821365213,2.1420176414178003,0.5,0.9841441183955911,-0.12169913989489844,0.13123202323913574
ETH-USD,1d,2,0.1,0.25,12,26,0.8561437313115121,126.93401997122774,0.7983119899356921,0.34075568715298765,2.3427693800376024,0.5416666666666666,1.1177463387076585,-0.12091420937994712,0.13325762748718262
ETH-USD,1d,2,0.1,0.25,20,50,0.8272131927973255,78.9797181564562,0.7259360171386429,0.363270390130814,1.9983352259379923,0.16666666666666666,0.3196452112104862,-0.016447243147101887,0.12315058708190918
ETH-USD,1d,2,0.1,0.5,8,21,0.9182929449829215,183.27304594141086,0.845270212766857,0.2121080461589933,3.985092635916574,0.6875,1.1005908896150716,-0.27495612661860014,0.14743685722351074
ETH-USD,1d,2,0.1,0.5,9,21,0.9317375044443125,284.43081791900556,0.8665805697854554,0.22870519581126086,3.7890725075638496,0.7083333333333334,1.124203112851812,-0.31991481529277344,0.138031005859375
ETH-USD,1d,2,0.1,0.5,10,30,0.802806736042295,41.92012612350892,0.8409820346166679,0.2449429294042643,3.4333795086963916,0.5625,1.0428263936866642,-0.1710006563464168,0.13327479362487793
ETH-USD,1d,2,0.1,0.5,12,26,0.8815181874218111,146.25552348807224,0.8497695119458024,0.22256890529935527,3.8180064317738456,0.6041666666666666,1.166026495190884,-0.1710006563464168,0.1285996437072754
ETH-USD,1d,2,0.1,0.5,20,50,0.8169438582635173,85.39216304819952,0.7449602581078991,0.25992501981467564,2.8660582911142973,0.16666666666666666,0.32073506585732176,-0.016447243147101887,0.12678837776184082
ETH-USD,1d,2,0.1,0.75,8,21,1.0167152158795196,194.79152737438173,0.953717257085386,0.13990948379687937,6.816673403426983,0.6875,1.160632305464149,-0.35632820389083864,0.135345458984375
ETH-USD,1d,2,0.1,0.75,9,21,1.0125370488065886,328.2538318225011,0.9635985158220167,0.15306982108812658,6.29515673940225,0.7083333333333334,1.1844025510765614,-0.377854261556432,0.1335620880126953
ETH-USD,1d,2,0.1,0.75,10,30,0.8909295568715758,35.44346957646892,0.924856314095118,0.1712402412021155,5.400928587828293,0.5625,1.0800937277426803,-0.23060523620265216,0.12830877304077148
ETH-USD,1d,2,0.1,0.75,12,26,0.9587243445997354,153.2895815363096,0.9343950785611981,0.15144163150809903,6.1700014009108655,0.6041666666666666,1.1954187160595984,-0.23060523620265216,0.13683795928955078
ETH-USD,1d,2,0.1,0.75,20,50,0.8500190960867836,83.8482944413814,0.7853581970976997,0.1889252241383729,4.1569790412024945,0.16666666666666666,0.3215172954884895,-0.016447243147101887,0.12888240814208984
ETH-USD,1d,2,0.1,1.0,8,21,1.1153925367753967,188.15714449486862,1.05630349174946,0.09507583720625633,11.110115070119535,0.7083333333333334,1.205403534532264,-0.43563253474856667,0.14102458953857422
ETH-USD,1d,2,0.1,1.0,9,21,1.097541948225222,345.33796651945323,1.0573795959128027,0.10494998200561681,10.075081250192238,0.7083333333333334,1.2293501373212132,-0.4571858354412275,0.13875746726989746
ETH-USD,1d,2,0.1,1.0,10,30,0.9787423707946612,27.10409763662803,1.0073403621313026,0.1243646098408815,8.099895648932167,0.5625,1.1078980289749623,-0.2884726726662913,0.13399648666381836
ETH-USD,1d,2,0.1,1.0,12,26,1.0396026775598912,146.84635392891866,1.0180947427194653,0.10636342148311398,9.57185025193173,0.6041666666666666,1.216991194650298,-0.2884726726662913,0.13405799865722656
ETH-USD,1d,2,0.1,1.0,20,50,0.8939166511771663,73.8744161646759,0.8302621527525142,0.14200233202185267,5.846820548163572,0.16666666666666666,0.3221067976277685,-0.016447243147101887,0.12625861167907715
ETH-USD,1d,2,0.25,0.0,8,21,0.9360164863747337,91.41087359140914,0.7680354929996837,0.5275536207887668,1.455843468293067,0.22916666666666666,0.17861390923796705,-0.18285631592206308,0.1367497444152832
ETH-USD,1d,2,0.25,0.0,9,21,0.9905633765660943,132.29376724817232,0.8115237028077624,0.49960938536264066,1.6243163691144817,0.25,0.18616969235544403,-0.21283377128073855,0.13228869438171387
ETH-USD,1d,2,0.25,0.0,10,30,0.8545612355515132,55.086681247708725,0.7982793957969858,0.5008938213681959,1.5937098078320842,0.22916666666666666,0.3744612223754989,-0.11205263749909,0.12918639183044434
ETH-USD,1d,2,0.25,0.0,12,26,0.9287358377386778,94.31611344096761,0.8119417770357771,0.4712224225215565,1.72305420589071,0.20833333333333334,0.4147779759163373,-0.10508461617820775,0.13164901733398438
ETH-USD,1d,2,0.25,0.0,20,50,0.8321009678764965,48.5072294800804,0.7368927001354957,0.45629449358573493,1.6149497977604634,0.041666666666666664,0.07634415372937198,-0.016447243147101887,0.12134122848510742
ETH-USD,1d,2,0.25,0.25,8,21,0.8455763941990158,111.62594986880215,0.7636773129370253,0.36958825784441074,2.066292141939526,0.625,0.9994977095381122,-0.22890622127033144,0.14145398139953613
ETH-USD,1d,2,0.25,0.25,9,21,0.8943154002376652,181.41830810157012,0.7886911828648078,0.36234999847787,2.176600486209126,0.625,1.022961224992301,-0.2663742932867559,0.13720417022705078
ETH-USD,1d,2,0.25,0.25,10,30,0.7873671651931629,60.422108976468735,0.7806805343419417,0.37918861618509564,2.058818490375944,0.5,0.9841441183955911,-0.12169913989489844,0.1374034881591797
ETH-USD,1d,2,0.25,0.25,12,26,0.85177459895052,118.18409437114116,0.7866078881344319,0.3472080268874824,2.2655233382301474,0.5416666666666666,1.1177463387076585,-0.12091420937994712,0.13431382179260254
ETH-USD,1d,2,0.25,0.25,20,50,0.791732371251665,53.909547848545174,0.7306457347611743,0.3634941804336084,2.010061712376233,0.16666666666666666,0.3196452112104862,-0.016447243147101887,0.1424546241760254
ETH-USD,1d,2,0.25,0.5,8,21,0.898501005415065,121.7324368345999,0.8473344620068678,0.22957633493517918,3.6908615264988547,0.6875,1.1005908896150716,-0.27495612661860014,0.1422865390777588
ETH-USD,1d,2,0.25,0.5,9,21,0.9229111599606056,223.7792264614071,0.8592448254266909,0.22714834613380722,3.782747442592129,0.7083333333333334,1.124203112851812,-0.31991481529277344,0.14635133743286133
ETH-USD,1d,2,0.25,0.5,10,30,0.8253243832876354,59.77414148183356,0.8373396738628378,0.2532007752405216,3.3070186024013095,0.5625,1.0428263936866642,-0.1710006563464168,0.1381053924560547
ETH-USD,1d,2,0.25,0.5,12,26,0.8793407993486718,133.2747402168427,0.8435935655768837,0.2250796965171756,3.747977177108509,0.6041666666666666,1.166026495190884,-0.1710006563464168,0.13331389427185059
ETH-USD,1d,2,0.25,0.5,20,50,0.7872464276315195,54.52102933138464,0.7495015516770056,0.2608419889546717,2.8733930249521737,0.16666666666666666,0.32073506585732176,-0.016447243147101887,0.12298727035522461
ETH-USD,1d,2,0.25,0.75,8,21,1.0037079537523719,119.61676286217914,0.9588746294823475,0.15130572942136405,6.3373319249003695,0.6875,1.160632305464149,-0.35632820389083864,0.1421208381652832
ETH-USD,1d,2,0.25,0.75,9,21,1.010535250314936,250.58738323668032,0.9610225767050056,0.1486682638237285,6.464207975445662,0.7083333333333334,1.1844025510765614,-0.377854261556432,0.1410691738128662
ETH-USD,1d,2,0.25,0.75,10,30,0.9096880182648216,53.7128772882152,0.9232060148428414,0.17748614147088607,5.201566765674938,0.5625,1.0800937277426803,-0.23060523620265216,0.13833880424499512
ETH-USD,1d,2,0.25,0.75,12,26,0.9596081005498008,136.53436737629872,0.9318701404473775,0.15225970993899743,6.120267409025865,0.6041666666666666,1.1954187160595984,-0.23060523620265216,0.12829947471618652
ETH-USD,1d,2,0.25,0.75,20,50,0.8243865264897065,50.08872268923783,0.790210684405813,0.19021390190841792,4.15432666318088,0.16666666666666666,0.3215172954884895,-0.016447243147101887,0.14388036727905273
ETH-USD,1d,2,0.25,1.0,8,21,1.1070587236201581,106.44477120550118,1.063959975206575,0.10220507541371728,10.410050292510007,0.7083333333333334,1.205403534532264,-0.43563253474856667,0.13416576385498047
ETH-USD,1d,2,0.25,1.0,9,21,1.1009911013874472,256.13152845345166,1.0585945695315135,0.09911504039408174,10.680463482863326,0.7083333333333334,1.2293501373212132,-0.4571858354412275,0.14335346221923828
ETH-USD,1d,2,0.25,1.0,10,30,0.9951674487168874,43.94063151747107,1.0072732688261126,0.1292113549650648,7.795547605691865,0.5625,1.1078980289749623,-0.2884726726662913,0.1292409896850586
ETH-USD,1d,2,0.25,1.0,12,26,1.0431749932541694,127.73712294555395,1.018176654335782,0.10638197711777857,9.5709506621458,0.6041666666666666,1.216991194650298,-0.2884726726662913,0.1313643455505371
ETH-USD,1d,2,0.25,1.0,20,50,0.8714484153356189,41.253773447929795,0.8353745914959527,0.14348685578084983,5.821959000703424,0.16666666666666666,0.3221067976277685,-0.016447243147101887,0.12399983406066895
ETH-USD,1d,2,0.4,0.0,8,21,0.9621607001239394,109.0571235372389,0.7707437806407863,0.5197462072827328,1.482923338046631,0.22916666666666666,0.17861390923796705,-0.18285631592206308,0.1394360065460205
ETH-USD,1d,2,0.4,0.0,9,21,0.9873472950756566,129.62740257259063,0.8021785853191249,0.5151676253062983,1.5571214997102762,0.25,0.18616969235544403,-0.21283377128073855,0.13431906700134277
ETH-USD,1d,2,0.4,0.0,10,30,0.8144853886552741,40.969464988928145,0.7694880530636838,0.5137800726886405,1.49769929580357,0.22916666666666666,0.3744612223754989,-0.11205263749909,0.13004732131958008
ETH-USD,1d,2,0.4,0.0,12,26,0.9214903506445039,90.08436280273192,0.7935068450840943,0.4665345690853298,1.7008532650427473,0.20833333333333334,0.4147779759163373,-0.10508461617820775,0.1312251091003418
ETH-USD,1d,2,0.4,0.0,20,50,0.8369539094273982,50.13404436911664,0.7212419878624268,0.46549088950230755,1.549422349884361,0.041666666666666664,0.07634415372937198,-0.016447243147101887,0.13014507293701172
ETH-USD,1d,2,0.4,0.25,8,21,0.8667479365582212,140.2555421861687,0.7630900087154334,0.3677330300424798,2.0751195741847903,0.625,0.9994977095381122,-0.22890622127033144,0.15352392196655273
ETH-USD,1d,2,0.4,0.25,9,21,0.8933971752045707,177.3497403147292,0.7843583804392691,0.3748307734505567,2.0925666620665884,0.625,1.022961224992301,-0.2663742932867559,0.13091826438903809
ETH-USD,1d,2,0.4,0.25,10,30,0.753910926615711,41.301862511402696,0.7614887936021314,0.38401619071453547,1.9829601251583586,0.5,0.9841441183955911,-0.12169913989489844,0.13585686683654785
ETH-USD,1d,2,0.4,0.25,12,26,0.8471720104889339,112.0869501810388,0.7724520198300905,0.3439303437723297,2.2459548388711745,0.5416666666666666,1.1177463387076585,-0.12091420937994712,0.13390231132507324
ETH-USD,1d,2,0.4,0.25,20,50,0.7925607652490937,56.94858717295732,0.7167806250684493,0.366177988208217,1.9574650802354394,0.16666666666666666,0.3196452112104862,-0.016447243147101887,0.13582181930541992
ETH-USD,1d,2,0.4,0.5,8,21,0.9201840852964658,161.75923529887265,0.8471560723509937,0.22822834044473217,3.7118793866712676,0.6875,1.1005908896150716,-0.27495612661860014,0.1315932273864746
ETH-USD,1d,2,0.4,0.5,9,21,0.924717614706702,218.60658989088637,0.8594094595123837,0.23514141053426008,3.654862227626077,0.7083333333333334,1.124203112851812,-0.31991481529277344,0.14193105697631836
ETH-USD,1d,2,0.4,0.5,10,30,0.7992061302199847,37.325878763796794,0.8245114269186129,0.2529820910768661,3.259169150705191,0.5625,1.0428263936866642,-0.1710006563464168,0.14212942123413086
ETH-USD,1d,2,0.4,0.5,12,26,0.8766220040685639,125.68744587869595,0.8332872933807666,0.2215246218675805,3.7616012448443583,0.6041666666666666,1.166026495190884,-0.1710006563464168,0.14953327178955078
ETH-USD,1d,2,0.4,0.5,20,50,0.7897371420631222,59.51908520572573,0.7395853163662187,0.2594760776907599,2.850302513234559,0.16666666666666666,0.32073506585732176,-0.016447243147101887,0.14646649360656738
ETH-USD,1d,2,0.4,0.75,8,21,1.0277041066332966,168.90340261853189,0.9604888949671639,0.1507729996337435,6.370430364192366,0.6875,1.160632305464149,-0.35632820389083864,0.1420145034790039
ETH-USD,1d,2,0.4,0.75,9,21,1.0151866170853008,245.13351824484337,0.9647234467912448,0.15453785052861857,6.242635338147074,0.7083333333333334,1.1844025510765614,-0.377854261556432,0.1375432014465332
ETH-USD,1d,2,0.4,0.75,10,30,0.8897589016150167,30.406421750629224,0.9146066237564108,0.1753089147952017,5.217114171431994,0.5625,1.0800937277426803,-0.23060523620265216,0.12903523445129395
ETH-USD,1d,2,0.4,0.75,12,26,0.957969184825632,128.20981913732925,0.9241756558832052,0.14844490601275692,6.225714850759407,0.6041666666666666,1.1954187160595984,-0.23060523620265216,0.1464540958404541
ETH-USD,1d,2,0.4,0.75,20,50,0.8281918217238069,57.50398103912927,0.783586645487747,0.18708806831004418,4.188330408057769,0.16666666666666666,0.3215172954884895,-0.016447243147101887,0.1282944679260254
ETH-USD,1d,2,0.4,1.0,8,21,1.1332015691244224,160.61341501540116,1.0673462208794788,0.10268907779628865,10.393960524183951,0.7083333333333334,1.205403534532264,-0.43563253474856667,0.14003205299377441
ETH-USD,1d,2,0.4,1.0,9,21,1.1079511322093913,251.59545543046488,1.0650987462770671,0.10383676832836793,10.257433502830663,0.7083333333333334,1.2293501373212132,-0.4571858354412275,0.1515665054321289
ETH-USD,1d,2,0.4,1.0,10,30,0.9801499297373916,22.317025689398566,1.0017859880709552,0.1257767553967859,7.964794328734567,0.5625,1.1078980289749623,-0.2884726726662913,0.14100861549377441
ETH-USD,1d,2,0.4,1.0,12,26,1.042219584323647,119.59145047584587,1.0123939496713148,0.10229350917897663,9.896951994285304,0.6041666666666666,1.216991194650298,-0.2884726726662913,0.13454794883728027
ETH-USD,1d,2,0.4,1.0,20,50,0.8759114221786763,51.32584170171883,0.8312679326374782,0.1393003465872164,5.967450569959771,0.16666666666666666,0.3221067976277685,-0.016447243147101887,0.13192057609558105
ETH-USD,1d,2,0.55,0.0,8,21,0.967515196650545,112.78563890021194,0.7582485255813968,0.5209336477760185,1.4555568234429246,0.25,0.2452923220418121,-0.1903685110204849,0.1398465633392334
ETH-USD,1d,2,0.55,0.0,9,21,0.9791756866946065,121.69709150785162,0.8136239398332561,0.5368559662338878,1.515534875286812,0.25,0.2875760672868664,-0.18285631592206308,0.1426677703857422
ETH-USD,1d,2,0.55,0.0,10,30,0.8174514705088489,41.76172991412581,0.7531717307981383,0.5168777231067649,1.4571564939403763,0.22916666666666666,0.4399521163875315,-0.11406188232934233,0.13718128204345703
ETH-USD,1d,2,0.55,0.0,12,26,0.9001133111477503,77.17890956080323,0.777375014122053,0.47423242261024906,1.6392278913433627,0.22916666666666666,0.3908844163799385,-0.11343973832682164,0.1374828815460205
ETH-USD,1d,2,0.55,0.0,20,50,0.848124858936524,54.21409877339074,0.7217741430491413,0.4814075645561029,1.499299546143767,0.041666666666666664,0.07634415372937198,-0.016447243147101887,0.12880301475524902
ETH-USD,1d,2,0.55,0.25,8,21,0.8709249035597969,146.7671661516346,0.7535009571027149,0.3628661463301848,2.0765259165760743,0.625,1.1086820331937017,-0.23829552611897142,0.14201569557189941
ETH-USD,1d,2,0.55,0.25,9,21,0.8857542140753888,163.82544952511972,0.7930493768103999,0.3898274219346436,2.034360160900529,0.6458333333333334,1.1392052787192846,-0.22890622127033144,0.13724493980407715
ETH-USD,1d,2,0.55,0.25,10,30,0.7566587632265998,42.24945637623043,0.7541510726602262,0.38504226539434583,1.9586189372947227,0.5416666666666666,1.0068183555437304,-0.1321346699105963,0.13904333114624023
ETH-USD,1d,2,0.55,0.25,12,26,0.8301096642980829,92.62937720187026,0.7649424610360024,0.3489993763882551,2.1918161257257336,0.5833333333333334,1.109043896846291,-0.13135706767544575,0.13212108612060547
ETH-USD,1d,2,0.55,0.25,20,50,0.8025690607704227,63.03730397985599,0.7177708915859589,0.37675909136860336,1.9051189686720142,0.16666666666666666,0.3214038582094974,-0.016447243147101887,0.13129520416259766
ETH-USD,1d,2,0.55,0.5,8,21,0.9266672307060669,171.64032496697016,0.8447261008065329,0.2220047496970537,3.804991118249681,0.7083333333333334,1.170133127955175,-0.29632322435033,0.1409313678741455
ETH-USD,1d,2,0.55,0.5,9,21,0.9235662875205084,198.521571703545,0.8690679139146852,0.24573014177889924,3.5366760773558132,0.7291666666666666,1.204251769687486,-0.27495612661860014,0.13939619064331055
ETH-USD,1d,2,0.55,0.5,10,30,0.8024961086004253,38.31495010703487,0.8230318521819683,0.2516793388437002,3.2701605779928316,0.5416666666666666,1.0584989447386894,-0.15412941771937472,0.13733172416687012
ETH-USD,1d,2,0.55,0.5,12,26,0.8684602531724909,100.15331922608894,0.8314451942074049,0.22507930478984717,3.6940099623273297,0.6041666666666666,1.1617501578813605,-0.15412941771937472,0.13940787315368652
ETH-USD,1d,2,0.55,0.5,20,50,0.7984455005575432,67.56070594926634,0.7428334451412693,0.2675815780242053,2.7761008460532843,0.16666666666666666,0.32227287562060214,-0.016447243147101887,0.13795089721679688
ETH-USD,1d,2,0.55,0.75,8,21,1.0365546542163666,182.20453646199462,0.9638710308450559,0.14520529483770753,6.63798818026816,0.7083333333333334,1.221540336865751,-0.38063328472987734,0.148146390914917
ETH-USD,1d,2,0.55,0.75,9,21,1.0197489991763071,218.640974169131,0.9761071048168442,0.16337211977304475,5.974747136615748,0.7291666666666666,1.257611401716008,-0.3370955563218253,0.1495053768157959
ETH-USD,1d,2,0.55,0.75,10,30,0.8935854628114093,31.325913274437866,0.9167351357153933,0.17242287694450897,5.316783665606201,0.5625,1.0928003554991583,-0.2119718051237598,0.14487552642822266
ETH-USD,1d,2,0.55,0.75,12,26,0.9571994239192285,98.4485581901268,0.9258162249284627,0.15117021527773014,6.124329605719962,0.6041666666666666,1.194539743498113,-0.2119718051237598,0.13828635215759277
ETH-USD,1d,2,0.55,0.75,20,50,0.8359464448603325,67.06850884948005,0.7886101484908429,0.1944269177640514,4.056074938388254,0.16666666666666666,0.3228812655590158,-0.016447243147101887,0.13628602027893066
ETH-USD,1d,2,0.55,1.0,8,21,1.1438945307690327,176.70249913008539,1.0751762285892665,0.0979845212230508,10.972919142419935,0.7291666666666666,1.2644732446733808,-0.4600020934678051,0.1293802261352539
ETH-USD,1d,2,0.55,1.0,9,21,1.116948078949133,220.1813353500221,1.0780763691800554,0.11238709586474326,9.59252804679204,0.75,1.301830955147284,-0.4158810230644615,0.14223384857177734
ETH-USD,1d,2,0.55,1.0,10,30,0.9843107429016232,23.086944036686248,1.0064626610127212,0.12153929584715481,8.280965049183985,0.5625,1.1188962383384118,-0.26837660442133204,0.14108967781066895
ETH-USD,1d,2,0.55,1.0,12,26,1.0471139573730133,88.42060654768304,1.0164883464650236,0.10466012729508352,9.712278904449354,0.6041666666666666,1.2187971846980756,-0.26837660442133204,0.14443397521972656
ETH-USD,1d,2,0.55,1.0,20,50,0.8828983924858987,61.64589760638695,0.8374721252829975,0.1460784100076598,5.733031494791623,0.16666666666666666,0.3233311494240894,-0.016447243147101887,0.13649582862854004
ETH-USD,1d,2,0.7,0.0,8,21,0.9595568972060764,103.63915788963291,0.7877565035854059,0.5051291785774393,1.5595149458677295,0.22916666666666666,0.23327457845373123,-0.11939076877259602,0.14755916595458984
ETH-USD,1d,2,0.7,0.0,9,21,1.0228750703368854,156.80966724953169,0.8208733501377417,0.5647741976254239,1.4534540593197758,0.25,0.3058267638262334,-0.11939076877259602,0.14248251914978027
ETH-USD,1d,2,0.7,0.0,10,30,0.8221589478921718,41.96894618106182,0.7200810649926256,0.5333534489965697,1.3501010752763631,0.22916666666666666,0.41723529976135393,-0.11406188232934233,0.1419389247894287
ETH-USD,1d,2,0.7,0.0,12,26,0.8393612202246827,48.87156756324609,0.751407035878071,0.49827812090136586,1.5080072842026553,0.22916666666666666,0.34612978244575204,-0.12606199114664818,0.1447157859802246
ETH-USD,1d,2,0.7,0.0,20,50,0.8012093556792811,38.9229474170973,0.7087759291086317,0.4814982129602696,1.4720219307794518,0.041666666666666664,0.07634415372937198,-0.016447243147101887,0.14542007446289062
ETH-USD,1d,2,0.7,0.25,8,21,0.8647665397242267,132.06480764219384,0.7725511763663864,0.3572114117459361,2.1627281519098203,0.6458333333333334,1.123820246473967,-0.2155637751519559,0.14933323860168457
ETH-USD,1d,2,0.7,0.25,9,21,0.9143324111990623,219.87290710332096,0.8040263555009497,0.4075558121137097,1.9728006118499988,0.6666666666666666,1.1686845032361175,-0.2155637751519559,0.14410948753356934
ETH-USD,1d,2,0.7,0.25,10,30,0.7623705095551848,42.58750114969682,0.7315203615902751,0.3924391793575397,1.8640349895437138,0.5208333333333334,0.9833027044249413,-0.17998591970934985,0.15240192413330078
ETH-USD,1d,2,0.7,0.25,12,26,0.7806343186146161,52.94463058136774,0.7493361755092194,0.35933362769213417,2.085349429503512,0.5625,1.0916514133038169,-0.17998591970934985,0.13653302192687988
ETH-USD,1d,2,0.7,0.25,20,50,0.7654663036539895,44.176834382205314,0.7076201484647358,0.37734708684012447,1.8752500632515612,0.16666666666666666,0.3214038582094974,-0.016447243147101887,0.13373494148254395
ETH-USD,1d,2,0.7,0.5,8,21,0.9224431222287074,151.05699653276187,0.8603168823319667,0.21940281753291457,3.9211751790876743,0.7083333333333334,1.1831547863281082,-0.30724108557928353,0.17040014266967773
ETH-USD,1d,2,0.7,0.5,9,21,0.9474302453747502,276.8566637255348,0.8813996236822138,0.2552710169141704,3.4527994377777955,0.7291666666666666,1.2223614514099705,-0.3065927050601468,0.14330029487609863
ETH-USD,1d,2,0.7,0.5,10,30,0.8088364953548727,38.70638093107289,0.8112286756452696,0.2531212690509667,3.204901266048592,0.5416666666666666,1.0387715322827995,-0.2511184255464679,0.15507888793945312
ETH-USD,1d,2,0.7,0.5,12,26,0.828162741969549,51.81266003088019,0.8234678524297478,0.22635033881220898,3.6380235026417873,0.6041666666666666,1.1500178157505618,-0.2511184255464679,0.13601040840148926
ETH-USD,1d,2,0.7,0.5,20,50,0.7711816748646325,46.44817685247993,0.736370207289276,0.2680507337320613,2.7471299818389547,0.16666666666666666,0.32227287562060214,-0.016447243147101887,0.1353464126586914
ETH-USD,1d,2,0.7,0.75,8,21,1.0353985432280357,156.70337493818244,0.9794114413980919,0.1446646786195329,6.770218209062194,0.7291666666666666,1.2346600473441371,-0.3953648480840607,0.12867999076843262
ETH-USD,1d,2,0.7,0.75,9,21,1.0441302407306143,316.58759920103034,0.9901778006085238,0.16842871804329884,5.878913121893937,0.75,1.2712560005285187,-0.39247755849716925,0.1381056308746338
ETH-USD,1d,2,0.7,0.75,10,30,0.9040016238100591,31.672352911820354,0.9129517571395418,0.1714521502238099,5.32481952514328,0.5625,1.0754029113460708,-0.3190912663979055,0.13939476013183594
ETH-USD,1d,2,0.7,0.75,12,26,0.9234539643671628,46.20091204258241,0.9231815402821782,0.147446436214445,6.261131594523654,0.6041666666666666,1.1849543103101032,-0.3190912663979055,0.13494133949279785
ETH-USD,1d,2,0.7,0.75,20,50,0.8145020345800208,45.39573698911562,0.7847632364685762,0.19436683553455797,4.037536724360813,0.16666666666666666,0.3228812655590158,-0.016447243147101887,0.13921570777893066
ETH-USD,1d,2,0.7,1.0,8,21,1.145408876164054,148.4190190746702,1.0912507226500225,0.09928964582262402,10.990579265430027,0.7291666666666666,1.2780894566797631,-0.47751213403800463,0.16107583045959473
ETH-USD,1d,2,0.7,1.0,9,21,1.1426716032747641,331.2499580331357,1.0937605741640226,0.11474715661839192,9.531918754217848,0.75,1.3131119474925914,-0.4732183354630223,0.1492011547088623
ETH-USD,1d,2,0.7,1.0,10,30,0.9987938582026988,23.31682348701289,1.008806369151159,0.11903633644881804,8.474776687914238,0.5625,1.103285793334155,-0.38390444226366205,0.13963866233825684
ETH-USD,1d,2,0.7,1.0,12,26,1.018198412249351,37.70283912958176,1.0179382519843936,0.09705380112549794,10.48839138889699,0.6041666666666666,1.2104792887823257,-0.38390444226366205,0.13225913047790527
ETH-USD,1d,2,0.7,1.0,20,50,0.8651946480825194,41.190647021267644,0.8355468902070953,0.14537731628110623,5.747436474831156,0.16666666666666666,0.3233311494240894,-0.016447243147101887,0.12941718101501465
ETH-USD,1d,2,0.85,0.0,8,21,0.9273639010268692,84.36169394427391,0.7959977544472703,0.5198661442936758,1.5311590554310186,0.25,0.12261873166613174,-0.17070005513296727,0.14950776100158691
ETH-USD,1d,2,0.85,0.0,9,21,0.9874172985451661,125.79578411382121,0.8245975674245974,0.5609228049847093,1.4700731724520917,0.2916666666666667,0.22043352848546172,-0.17070005513296727,0.1417231559753418
ETH-USD,1d,2,0.85,0.0,10,30,0.823315800523705,43.2073099803615,0.6726693038979024,0.5565508878347041,1.2086393510483187,0.22916666666666666,0.3020760272794598,-0.17262642640272785,0.13405895233154297
ETH-USD,1d,2,0.85,0.0,12,26,0.8418416630872688,49.26808302768545,0.7086616212682385,0.5086265718009814,1.3932847015030274,0.22916666666666666,0.22956578964714136,-0.17262642640272785,0.1375584602355957
ETH-USD,1d,2,0.85,0.0,20,50,0.8025483539555602,39.31162694400023,0.7203377337076357,0.465576785504394,1.547194267702244,0.0625,0.11081662529346255,-0.0035194774220901337,0.1237637996673584
ETH-USD,1d,2,0.85,0.25,8,21,0.8417530243155227,102.00969838549061,0.7820122683508289,0.3596065485363926,2.1746330024679414,0.6458333333333334,1.059979807535971,-0.22015954571184526,0.1358199119567871
ETH-USD,1d,2,0.85,0.25,9,21,0.889125360245569,165.7900970343983,0.8146157607329698,0.40176826279809524,2.0275761829956864,0.6875,1.1106843095598264,-0.19407279564386426,0.137009859085083
ETH-USD,1d,2,0.85,0.25,10,30,0.7696453324443266,45.57119364964584,0.6984316794295464,0.40439766428576024,1.727091279478836,0.5,0.8573487771505569,-0.15805921555243374,0.13981962203979492
ETH-USD,1d,2,0.85,0.25,12,26,0.7853259157219804,53.55375653796328,0.7211799624178192,0.3684071487018825,1.9575623463305887,0.5416666666666666,0.9715381218530649,-0.15805921555243374,0.13667702674865723
ETH-USD,1d,2,0.85,0.25,20,50,0.7680204730655856,45.01307351894266,0.71825192006779,0.3664562797349548,1.9599934829532104,0.1875,0.3181535913696825,-0.03545033827692923,0.13333964347839355
ETH-USD,1d,2,0.85,0.5,8,21,0.9163142715914735,110.72048528929753,0.8766670710114928,0.21899464751127187,4.003143825541991,0.7291666666666666,1.1713155824897556,-0.3150641381707886,0.14515066146850586
ETH-USD,1d,2,0.85,0.5,9,21,0.9355088670510846,195.69100216738556,0.8989409922699807,0.2460726273748339,3.653153143688164,0.75,1.205827208951952,-0.2819117673375049,0.152724027633667
ETH-USD,1d,2,0.85,0.5,10,30,0.8244488713676961,43.58016097648551,0.7930624594492743,0.25797596105278,3.074171935295241,0.5208333333333334,0.9437052806641218,-0.22581012799422873,0.1319565773010254
ETH-USD,1d,2,0.85,0.5,12,26,0.833233725078662,52.64680100378826,0.8047400488220446,0.22947662694966062,3.506849736808173,0.5833333333333334,1.0645671424856076,-0.22581012799422873,0.12948822975158691
ETH-USD,1d,2,0.85,0.5,20,50,0.7741454354131637,47.82827134475371,0.7469979085771274,0.26128264515591193,2.8589648888902692,0.1875,0.32324916806321097,-0.0873524867988753,0.12346196174621582
ETH-USD,1d,2,0.85,0.75,8,21,1.0416668597463363,109.0628018431799,1.0028645946434525,0.1446362179570039,6.933703112601953,0.7291666666666666,1.2388527180693683,-0.4035744550100048,0.13958382606506348
ETH-USD,1d,2,0.85,0.75,9,21,1.042426209428188,209.2373542672345,1.0147287208916602,0.15775175152771867,6.432440280787383,0.75,1.2672226560995874,-0.3649753790052652,0.14263653755187988
ETH-USD,1d,2,0.85,0.75,10,30,0.9268925761227933,38.10516269209194,0.9055214936913396,0.1739619145906034,5.205285857093295,0.5416666666666666,0.996078954043277,-0.29073526180731335,0.15153121948242188
ETH-USD,1d,2,0.85,0.75,12,26,0.9307761676685313,47.22941914061421,0.9106107670369463,0.1475645041658925,6.170933668528,0.5833333333333334,1.1173927509524464,-0.29073526180731335,0.17222332954406738
ETH-USD,1d,2,0.85,0.75,20,50,0.8176911401343394,47.33206055956394,0.7959612419094904,0.18987892895627667,4.191940866133577,0.1875,0.32769321222580633,-0.13925463532082116,0.11931633949279785
ETH-USD,1d,2,0.85,1.0,8,21,1.1608381495311257,98.22644565853349,1.1204436951689238,0.09982549638526399,11.22402327802821,0.7291666666666666,1.2906075009150757,-0.48587583264898404,0.13170170783996582
ETH-USD,1d,2,0.85,1.0,9,21,1.1486826124002016,204.21662760231203,1.124126472710677,0.10300194205722916,10.913643473693906,0.75,1.3155925394837396,-0.44386880204876,0.1344301700592041
ETH-USD,1d,2,0.85,1.0,10,30,1.027346011115973,30.600931741032113,1.009403508385816,0.12041831297315454,8.382475085918596,0.5416666666666666,1.034898403648758,-0.3528346169916883,0.1551363468170166
ETH-USD,1d,2,0.85,1.0,12,26,1.0277359126074725,38.855457424014595,1.0099191006194308,0.09522329523075425,10.60579869843926,0.5833333333333334,1.155433490805425,-0.3528346169916883,0.1897718906402588
ETH-USD,1d,2,0.85,1.0,20,50,0.8684898858052016,43.59570322293817,0.8471335195674767,0.1421674244618677,5.958703428538905,0.1875,0.3313657415839697,-0.19115678384276713,0.13091135025024414
ETH-USD,1d,2,1.0,0.0,8,21,0.9548574543210283,101.6494893069171,0.7924731811678389,0.5337534512120774,1.4847176713672694,0.25,0.21036393129110634,-0.17070005513296727,0.1358473300933838
ETH-USD,1d,2,1.0,0.0,9,21,0.9490180387908255,98.28182805842016,0.7860596994258839,0.5534134233996889,1.4203842302866805,0.3125,0.238255554187538,-0.17070005513296727,0.1293342113494873
ETH-USD,1d,2,1.0,0.0,10,30,0.790676058083683,34.711041152819405,0.6561753403151548,0.5359917741746038,1.2242265122923328,0.22916666666666666,0.2772244296314312,-0.2064204363537584,0.13124752044677734
ETH-USD,1d,2,1.0,0.0,12,26,0.8050018902243831,38.50445957049665,0.6751286518143982,0.5224363961507508,1.2922695600625564,0.22916666666666666,0.24644848135195688,-0.2078234000784036,0.13037991523742676
ETH-USD,1d,2,1.0,0.0,20,50,0.8135771418474971,42.59826259445049,0.7133272355306807,0.462139773070157,1.5435313666941,0.0625,0.11081662529346255,-0.0035194774220901337,0.12157225608825684
ETH-USD,1d,2,1.0,0.25,8,21,0.8632980895405895,127.88671286468792,0.7807560370173956,0.367795664210937,2.1227983714610046,0.6666666666666666,1.0789480939932625,-0.18975400057152025,0.1446683406829834
ETH-USD,1d,2,1.0,0.25,9,21,0.861264837391666,122.15176668659636,0.7879688260362252,0.3908213856051601,2.016186562606111,0.6875,1.1162448237443177,-0.18975400057152025,0.13236713409423828
ETH-USD,1d,2,1.0,0.25,10,30,0.7429085722167752,34.73562226363273,0.6815731137267684,0.3907100455708564,1.7444473758818753,0.4791666666666667,0.8583831325826191,-0.2698598480446093,0.12661218643188477
ETH-USD,1d,2,1.0,0.25,12,26,0.7540350991209444,39.94897953764093,0.6987099492846368,0.378530454618061,1.8458487045372305,0.5208333333333334,0.9369533567027716,-0.27219858177570133,0.12879371643066406
ETH-USD,1d,2,1.0,0.25,20,50,0.778766427246639,50.00967664187028,0.7136310535712629,0.365705955598439,1.9513793599655258,0.1875,0.3181535913696825,-0.03545033827692923,0.12200021743774414
ETH-USD,1d,2,1.0,0.5,8,21,0.9313645626300864,144.26944636890389,0.8842084647035234,0.22575391331343064,3.916691638810762,0.7291666666666666,1.1804705050823738,-0.2736448089849495,0.13415217399597168
ETH-USD,1d,2,1.0,0.5,9,21,0.9202769804278663,135.89622424001644,0.8831116835288377,0.2340863149328457,3.77258996871382,0.75,1.2107003810845738,-0.2736448089849495,0.1387794017791748
ETH-USD,1d,2,1.0,0.5,10,30,0.8081824617600207,31.501971261760787,0.7829898846314859,0.24555336961449814,3.1886749746530705,0.5416666666666666,0.9468768548207588,-0.32968253584427787,0.1519155502319336
ETH-USD,1d,2,1.0,0.5,12,26,0.8125244496762305,37.56052138460685,0.7924305219225958,0.2343219960309362,3.3818016888946936,0.5625,1.0324561888328825,-0.3331007156866984,0.13422465324401855
ETH-USD,1d,2,1.0,0.5,20,50,0.7837662474423017,54.63532639140526,0.7437004257092364,0.26085686834303223,2.850990393441567,0.1875,0.32324916806321097,-0.0873524867988753,0.12377667427062988
ETH-USD,1d,2,1.0,0.75,8,21,1.0536946637928324,147.60754963992684,1.0178064515362557,0.15151169198799927,6.717675964023111,0.7291666666666666,1.2480593057969116,-0.35313088916463076,0.14878487586975098
ETH-USD,1d,2,1.0,0.75,9,21,1.0356678586236214,136.82719991068575,1.0074385344820618,0.14709164446101777,6.84905344673778,0.75,1.2755680697935852,-0.35313088916463076,0.1436784267425537
ETH-USD,1d,2,1.0,0.75,10,30,0.9171926557129088,26.090196961106816,0.9017327987699455,0.16303534816309187,5.53090362875111,0.5416666666666666,1.0001573336606315,-0.38602240657077447,0.1446528434753418
ETH-USD,1d,2,1.0,0.75,12,26,0.9153674249431322,32.253938567280116,0.9044383152177689,0.14927999692038088,6.058670510960386,0.5833333333333334,1.0876824545322832,-0.39062286352913145,0.14172101020812988
ETH-USD,1d,2,1.0,0.75,20,50,0.8264192325327406,55.78151989782039,0.7933293174758991,0.18953365577845588,4.185691001513812,0.1875,0.32769321222580633,-0.13925463532082116,0.12465572357177734
ETH-USD,1d,2,1.0,1.0,8,21,1.1710928150151807,138.05030037587545,1.1410301232074953,0.10670290442569809,10.693524504780886,0.7291666666666666,1.3015485215002058,-0.42821224111056466,0.13850688934326172
ETH-USD,1d,2,1.0,1.0,9,21,1.147991834646133,125.59335868226226,1.1234792430308047,0.09353839521457166,12.010888581673957,0.75,1.3272497858760672,-0.42821224111056466,0.1444838047027588
ETH-USD,1d,2,1.0,1.0,10,30,1.0221210710258168,19.798808559745215,1.010654346487688,0.11094905642244487,9.10917477873416,0.5416666666666666,1.0397199086543758,-0.4390109207144197,0.13787460327148438
ETH-USD,1d,2,1.0,1.0,12,26,1.0153811428401776,25.38825823037682,1.0080293415597121,0.09466951107801734,10.647877337498796,0.5833333333333334,1.1281321949067713,-0.4448580870207365,0.14545273780822754
ETH-USD,1d,2,1.0,1.0,20,50,0.8764810613859931,53.225980897676116,0.8449295351012145,0.1419719299620172,5.951384441468568,0.1875,0.3313657415839697,-0.19115678384276713,0.13412046432495117
ETH-USD,1d,3,0.0,0.0,8,21,0.8265743349051007,44.61187702323695,0.8067960154623691,0.4760813076229215,1.694660140072941,0.2708333333333333,0.31507195240964725,-0.1610029577847767,0.14455318450927734
ETH-USD,1d,3,0.0,0.0,9,21,0.9524637134704066,107.54873312757402,0.8627876643752339,0.4823741483250757,1.788627494593252,0.2916666666666667,0.28966044207250224,-0.1610029577847767,0.14586806297302246
ETH-USD,1d,3,0.0,0.0,10,30,0.754968850851074,28.159247726882725,0.7618331626743148,0.3928697652494179,1.9391493824694201,0.25,0.4808557345910762,-0.09880244007427985,0.13403820991516113
ETH-USD,1d,3,0.0,0.0,12,26,0.8864222065245819,71.00932436282224,0.7988298943043478,0.45430179458018005,1.7583683442028792,0.22916666666666666,0.4817332014516178,-0.09816958023247979,0.13590168952941895
ETH-USD,1d,3,0.0,0.0,20,50,0.8761315602441005,66.50294434486432,0.6721815850286655,0.4876298779401988,1.378466774570978,0.041666666666666664,0.07634415372937198,-0.016447243147101887,0.12235879898071289
ETH-USD,1d,3,0.0,0.25,8,21,0.7676909987045414,47.596219423681994,0.7760854764626989,0.34590767861683475,2.2436202618166687,0.6458333333333334,1.0245052815818774,-0.18433956824101339,0.13709473609924316
ETH-USD,1d,3,0.0,0.25,9,21,0.8685288971741372,142.50286276802987,0.8152351156563992,0.37190730415936607,2.192038463721763,0.6458333333333334,1.0496770492858283,-0.18511903909361116,0.1442110538482666
ETH-USD,1d,3,0.0,0.25,10,30,0.7056829905241119,26.361529667635068,0.7299278890928582,0.29320826246078946,2.489451978490787,0.4791666666666667,1.0119915252739664,-0.14190758218957444,0.12808585166931152
ETH-USD,1d,3,0.0,0.25,12,26,0.823937501564919,85.50371998696978,0.7622588341542412,0.3579353779625216,2.129599031236457,0.5208333333333334,1.1094409000675098,-0.14190758218957444,0.12900733947753906
ETH-USD,1d,3,0.0,0.25,20,50,0.8279273373055398,77.06541292799544,0.677159246965785,0.38073054048417354,1.778578745231849,0.16666666666666666,0.3203696164463434,-0.016447243147101887,0.12358355522155762
ETH-USD,1d,3,0.0,0.5,8,21,0.8314188158273689,45.72898251672009,0.8383195871175451,0.22361042238336,3.7490183962906762,0.7083333333333334,1.1005077526493243,-0.2784598558922554,0.14461827278137207
ETH-USD,1d,3,0.0,0.5,9,21,0.8960574901047713,170.12569654541633,0.8630594417173615,0.2488837566391227,3.467721049263907,0.7083333333333334,1.1264192651988727,-0.2784598558922554,0.13550305366516113
ETH-USD,1d,3,0.0,0.5,10,30,0.7568500479673692,21.997511690393026,0.777784754043975,0.19594442286402194,3.9694151161614246,0.5625,1.0581996325633847,-0.22017260640159342,0.1297154426574707
ETH-USD,1d,3,0.0,0.5,12,26,0.8487715684146958,93.85026388294995,0.805448685484393,0.2491436247336989,3.232868937928111,0.6041666666666666,1.1510541376044257,-0.22017260640159342,0.13836002349853516
ETH-USD,1d,3,0.0,0.5,20,50,0.8112341682866554,80.51014483273413,0.701669067652414,0.26857550176427447,2.6125579698935484,0.16666666666666666,0.3213610746576012,-0.016447243147101887,0.12888264656066895
ETH-USD,1d,3,0.0,0.75,8,21,0.9382031804704385,39.78471317068545,0.932991969017148,0.15266794959773483,6.111249751342642,0.7083333333333334,1.1523443464011465,-0.3681383571887622,0.14081239700317383
ETH-USD,1d,3,0.0,0.75,9,21,0.9773917346515121,184.14964861159606,0.9488448501078615,0.17567471113303434,5.401146493927197,0.7291666666666666,1.1781505299881045,-0.3681383571887622,0.14155864715576172
ETH-USD,1d,3,0.0,0.75,10,30,0.8448155454461187,16.321331943860827,0.8574436482886083,0.13914158090423975,6.162382536667595,0.5625,1.0897227544910306,-0.2956377753285271,0.13175368309020996
ETH-USD,1d,3,0.0,0.75,12,26,0.9226650447781727,94.75576736005857,0.8815210689089719,0.18182283897422125,4.848241694399863,0.6041666666666666,1.1778561147220208,-0.2956377753285271,0.1387619972229004
ETH-USD,1d,3,0.0,0.75,20,50,0.8373231195737958,75.32435701992907,0.7426309095743682,0.19492710298533478,3.8097878550538944,0.16666666666666666,0.32206807379273994,-0.016447243147101887,0.12777209281921387
ETH-USD,1d,3,0.0,1.0,8,21,1.0411537455620772,31.381525356401696,1.0248723635836965,0.10821573832500048,9.470640587469207,0.7083333333333334,1.1919913401014701,-0.4533750721305343,0.14134931564331055
ETH-USD,1d,3,0.0,1.0,9,21,1.061822772647026,181.08656408968093,1.034774346659979,0.12899068596667124,8.022085772358365,0.7291666666666666,1.2177321820648814,-0.4533750721305343,0.1354227066040039
ETH-USD,1d,3,0.0,1.0,10,30,0.931446522541292,10.616073549739816,0.9369095737392351,0.10533257484550133,8.894775192892284,0.5625,1.1139156301512916,-0.36830308897037545,0.13263463973999023
ETH-USD,1d,3,0.0,1.0,12,26,1.00048003142812,88.49524235305475,0.9582832430260627,0.1395512254095056,6.866892355936193,0.6041666666666666,1.1982284514154455,-0.36830308897037545,0.13780856132507324
ETH-USD,1d,3,0.0,1.0,20,50,0.8754988280177756,61.61302184750475,0.7870440541412683,0.14804596390038283,5.316214190552703,0.16666666666666666,0.3225983093516751,-0.016447243147101887,0.12719941139221191
ETH-USD,1d,3,0.1,0.0,8,21,0.8678275163961822,58.56108473673232,0.7877513222685218,0.47846276806415955,1.64642136201262,0.2708333333333333,0.31075541750670616,-0.1610029577847767,0.1372666358947754
ETH-USD,1d,3,0.1,0.0,9,21,0.9942054762452889,140.16494042533637,0.8651340869585148,0.5042973194714949,1.7155238656933134,0.2916666666666667,0.28880839033858124,-0.1610029577847767,0.1361386775970459
ETH-USD,1d,3,0.1,0.0,10,30,0.7606526696524573,29.411774742722294,0.7625864477744223,0.4202821700387688,1.8144630016164565,0.25,0.4808557345910762,-0.09880244007427985,0.1323089599609375
ETH-USD,1d,3,0.1,0.0,12,26,0.9022889619270631,78.94324895053185,0.7919410528182522,0.46371545304737843,1.7078168251971937,0.22916666666666666,0.4804452082376239,-0.09816958023247979,0.1308882236480713
ETH-USD,1d,3,0.1,0.0,20,50,0.8748735894869547,65.96684646956288,0.6879534360580606,0.4749540263382455,1.448463215191536,0.041666666666666664,0.07634415372937198,-0.016447243147101887,0.12758278846740723
ETH-USD,1d,3,0.1,0.25,8,21,0.7966667406020844,65.74314834894345,0.7645490556788948,0.34584526820707545,2.210667966175902,0.6458333333333334,1.0252607930266349,-0.18433956824101339,0.14983034133911133
ETH-USD,1d,3,0.1,0.25,9,21,0.8996411536814861,196.35487788386678,0.8195346341561851,0.3867339922449987,2.1191171466432777,0.6458333333333334,1.0517262615218808,-0.18511903909361116,0.14403891563415527
ETH-USD,1d,3,0.1,0.25,10,30,0.7097448551607985,27.313318222097045,0.7349501106236946,0.3103567946221851,2.368081264398903,0.4791666666666667,1.0097445786831762,-0.14190758218957444,0.12967658042907715
ETH-USD,1d,3,0.1,0.25,12,26,0.837682861276094,98.15883368085058,0.7586639476345873,0.36034686701350815,2.1053712882874813,0.5208333333333334,1.1125611045881982,-0.14190758218957444,0.13263440132141113
ETH-USD,1d,3,0.1,0.25,20,50,0.8270599957641792,76.32234574592476,0.6912609361155673,0.37508604583857075,1.8429396235472637,0.16666666666666666,0.3203696164463434,-0.016447243147101887,0.12769770622253418
ETH-USD,1d,3,0.1,0.5,8,21,0.8526210210118815,66.25771901759413,0.8336513737806499,0.22203059348260581,3.7546689431605706,0.7083333333333334,1.103715269157454,-0.2784598558922554,0.14799785614013672
ETH-USD,1d,3,0.1,0.5,9,21,0.9192411766029032,247.25088607428245,0.8704039492798042,0.2579470515359538,3.374351224784143,0.7083333333333334,1.1305084321921501,-0.2784598558922554,0.13342666625976562
ETH-USD,1d,3,0.1,0.5,10,30,0.7607539545014197,22.454504650970808,0.7854259180401153,0.20418439857914616,3.8466500061005773,0.5625,1.0560351991167725,-0.22017260640159342,0.13374114036560059
ETH-USD,1d,3,0.1,0.5,12,26,0.8593555091181972,111.52462880970704,0.8052100209848989,0.24690968778781386,3.2611519952869172,0.6041666666666666,1.1534459490152014,-0.22017260640159342,0.13120365142822266
ETH-USD,1d,3,0.1,0.5,20,50,0.810700014768125,79.63289774855954,0.7144580076592063,0.266870042416346,2.67717575637274,0.16666666666666666,0.3213610746576012,-0.016447243147101887,0.13794732093811035
ETH-USD,1d,3,0.1,0.75,8,21,0.9552645015869807,60.342164871250986,0.933155802267826,0.15069417909601138,6.192381204540667,0.7083333333333334,1.1571463510027178,-0.3681383571887622,0.13057923316955566
ETH-USD,1d,3,0.1,0.75,9,21,0.9966336995630691,281.69789348891607,0.9588523091567078,0.18192310549744126,5.270646114658558,0.7291666666666666,1.1836429097939636,-0.3681383571887622,0.14035677909851074
ETH-USD,1d,3,0.1,0.75,10,30,0.8499574262938143,16.2979642112137,0.8670114188222495,0.1423279471163407,6.091645642254246,0.5625,1.0876902463485816,-0.2956377753285271,0.13234853744506836
ETH-USD,1d,3,0.1,0.75,12,26,0.9314565472694182,116.8578191517522,0.8839145358854402,0.17789350134240223,4.9687848584424525,0.6041666666666666,1.1795791907927617,-0.2956377753285271,0.1316988468170166
ETH-USD,1d,3,0.1,0.75,20,50,0.8370217347415732,74.44475235724417,0.7549484624338414,0.1944374713066738,3.8827313344510093,0.16666666666666666,0.32206807379273994,-0.016447243147101887,0.1253805160522461
ETH-USD,1d,3,0.1,1.0,8,21,1.0555265553266764,49.78017415021014,1.0286193716314769,0.10623553290274486,9.682441867855495,0.7083333333333334,1.197975164361983,-0.4533750721305343,0.14344549179077148
ETH-USD,1d,3,0.1,1.0,9,21,1.0785871912821974,291.0306585526715,1.0468353755256528,0.13370611195308812,7.829375637614408,0.7291666666666666,1.2242805530245915,-0.4533750721305343,0.15005135536193848
ETH-USD,1d,3,0.1,1.0,10,30,0.9380136696365738,10.285887741778426,0.9479603071115175,0.10526321475992714,9.005618052550664,0.5625,1.112026748606532,-0.36830308897037545,0.1354503631591797
ETH-USD,1d,3,0.1,1.0,12,26,1.0080995414384186,113.58661503408945,0.9626589178672861,0.13510532219568566,7.125247934148569,0.6041666666666666,1.1995528859989701,-0.36830308897037545,0.144989013671875
ETH-USD,1d,3,0.1,1.0,20,50,0.8753633063971114,60.887379171864055,0.7990854085258425,0.14788662615491194,5.403364924214288,0.16666666666666666,0.3225983093516751,-0.016447243147101887,0.1512293815612793
ETH-USD,1d,3,0.25,0.0,8,21,0.8783143387929981,62.21414091285906,0.7774433970899214,0.5216717005724395,1.4902924506673816,0.2708333333333333,0.31075541750670616,-0.1610029577847767,0.14776921272277832
ETH-USD,1d,3,0.25,0.0,9,21,0.9428889488573322,97.23282538057994,0.839380857088253,0.513830607114736,1.6335750448996182,0.2916666666666667,0.28880839033858124,-0.1610029577847767,0.13821721076965332
ETH-USD,1d,3,0.25,0.0,10,30,0.8024820932842532,39.76381275943218,0.7709089528501263,0.45879315608748533,1.6802974120719554,0.25,0.4808557345910762,-0.09880244007427985,0.13997602462768555
ETH-USD,1d,3,0.25,0.0,12,26,0.8993553172864043,76.51904339276273,0.7690554442992483,0.49034436255974595,1.5683986663669307,0.22916666666666666,0.4804452082376239,-0.09816958023247979,0.12879371643066406
ETH-USD,1d,3,0.25,0.0,20,50,0.8356010445688051,49.51731729784728,0.7106709010595581,0.46898188023284315,1.5153483130451002,0.041666666666666664,0.07634415372937198,-0.016447243147101887,0.12621641159057617
ETH-USD,1d,3,0.25,0.25,8,21,0.8018085224842464,69.21577400797428,0.7619002538373824,0.3758797879871694,2.0269785133096585,0.6458333333333334,1.0252607930266349,-0.18433956824101339,0.1400008201599121
ETH-USD,1d,3,0.25,0.25,9,21,0.8600585201657767,124.90894900905536,0.8030461842619646,0.3878742400287905,2.0703777188254557,0.6458333333333334,1.0517262615218808,-0.18511903909361116,0.1417522430419922
ETH-USD,1d,3,0.25,0.25,10,30,0.7458673458892441,39.758865124528675,0.7457021038279728,0.33816385447825736,2.2051502369420697,0.4791666666666667,1.0097445786831762,-0.14190758218957444,0.13226866722106934
ETH-USD,1d,3,0.25,0.25,12,26,0.8334273369097497,93.65113338127853,0.7445481172006799,0.3725005230884147,1.9987840849929708,0.5208333333333334,1.1125611045881982,-0.14190758218957444,0.12688922882080078
ETH-USD,1d,3,0.25,0.25,20,50,0.7908510481335681,53.397613765634254,0.7106537253936069,0.3715623912558153,1.9126094085887508,0.16666666666666666,0.3203696164463434,-0.016447243147101887,0.13319087028503418
ETH-USD,1d,3,0.25,0.5,8,21,0.8590165265246772,68.51710540553312,0.8355323873345771,0.23901131660240257,3.4957858866762055,0.7083333333333334,1.103715269157454,-0.2784598558922554,0.14587807655334473
ETH-USD,1d,3,0.25,0.5,9,21,0.8933688657367391,144.064954876328,0.8613020406922762,0.25288660370871024,3.4058824313381777,0.7083333333333334,1.1305084321921501,-0.2784598558922554,0.1462242603302002
ETH-USD,1d,3,0.25,0.5,10,30,0.7926980264898029,35.39111055619651,0.797085159863116,0.2213765742149171,3.600584943054041,0.5625,1.0560351991167725,-0.22017260640159342,0.13432765007019043
ETH-USD,1d,3,0.25,0.5,12,26,0.8606760552346154,104.46437852974377,0.7988537534974673,0.2512912094051978,3.178996015771269,0.6041666666666666,1.1534459490152014,-0.22017260640159342,0.1378002166748047
ETH-USD,1d,3,0.25,0.5,20,50,0.7821474499007413,51.90697841550653,0.7313734262948113,0.2667617972969874,2.741672284808342,0.16666666666666666,0.3213610746576012,-0.016447243147101887,0.1404578685760498
ETH-USD,1d,3,0.25,0.75,8,21,0.9635758747842634,60.71684355514334,0.9382475221457911,0.1600330767793527,5.862834990290225,0.7083333333333334,1.1571463510027178,-0.3681383571887622,0.15602612495422363
ETH-USD,1d,3,0.25,0.75,9,21,0.9812562519015615,150.11950600792431,0.9551573987707869,0.17374433586872337,5.497487984255662,0.7291666666666666,1.1836429097939636,-0.3681383571887622,0.1318802833557129
ETH-USD,1d,3,0.25,0.75,10,30,0.8806186956037968,28.07130345436519,0.8795981735613901,0.15262726719788666,5.7630473879936535,0.5625,1.0876902463485816,-0.2956377753285271,0.13937854766845703
ETH-USD,1d,3,0.25,0.75,12,26,0.9388532888955445,107.21390723092209,0.8826919235660954,0.1788982465308845,4.934044579434767,0.6041666666666666,1.1795791907927617,-0.2956377753285271,0.13377976417541504
ETH-USD,1d,3,0.25,0.75,20,50,0.8156189905791348,45.16339396936863,0.7711656047838396,0.19576115309239697,3.9393188720126635,0.16666666666666666,0.32206807379273994,-0.016447243147101887,0.11758852005004883
ETH-USD,1d,3,0.25,1.0,8,21,1.0654421435557198,48.22631941834002,1.0362761853439821,0.10971663541407353,9.44502336799746,0.7083333333333334,1.197975164361983,-0.4533750721305343,0.12824726104736328
ETH-USD,1d,3,0.25,1.0,9,21,1.07106814923181,141.59197233196176,1.047320195638639,0.12365473405948935,8.469713704084967,0.7291666666666666,1.2242805530245915,-0.4533750721305343,0.12992382049560547
ETH-USD,1d,3,0.25,1.0,10,30,0.9681520387165051,19.68579657410649,0.9613456191148716,0.11014969544876202,8.727628480480526,0.5625,1.112026748606532,-0.36830308897037545,0.1285552978515625
ETH-USD,1d,3,0.25,1.0,12,26,1.020440915798491,101.85491275856877,0.9651476232813483,0.13457284107830128,7.171934660425105,0.6041666666666666,1.1995528859989701,-0.36830308897037545,0.12926459312438965
ETH-USD,1d,3,0.25,1.0,20,50,0.8598087633993321,34.30071306022677,0.8149396550331713,0.14963902284732325,5.446036999751426,0.16666666666666666,0.3225983093516751,-0.016447243147101887,0.12227058410644531
ETH-USD,1d,3,0.4,0.0,8,21,0.9348274334590675,90.91850738431482,0.7729017646645663,0.5150200863488426,1.500721593489561,0.2708333333333333,0.31075541750670616,-0.1610029577847767,0.14168071746826172
ETH-USD,1d,3,0.4,0.0,9,21,0.9552398514982452,105.86383015136865,0.8273670529096581,0.5360235615418542,1.543527397433359,0.2916666666666667,0.28880839033858124,-0.1610029577847767,0.14795279502868652
ETH-USD,1d,3,0.4,0.0,10,30,0.7825890898613889,33.83816249509716,0.7451029961424639,0.4725501653023179,1.5767701523620843,0.25,0.4808557345910762,-0.09880244007427985,0.13193368911743164
ETH-USD,1d,3,0.4,0.0,12,26,0.9005321850467476,77.78699262016366,0.7522691644104831,0.4770944800637167,1.5767718886833828,0.22916666666666666,0.4804452082376239,-0.09816958023247979,0.13238859176635742
ETH-USD,1d,3,0.4,0.0,20,50,0.8303667311476025,47.63463526130271,0.6922254429731456,0.4803178682719218,1.4411819519927933,0.041666666666666664,0.07634415372937198,-0.016447243147101887,0.13373470306396484
ETH-USD,1d,3,0.4,0.25,8,21,0.8484913420777993,113.3421922931534,0.7602630245395934,0.36820688028260184,2.064771369714996,0.6458333333333334,1.0252607930266349,-0.18433956824101339,0.13574600219726562
ETH-USD,1d,3,0.4,0.25,9,21,0.8715188056459167,140.31461634162457,0.7968239924908369,0.4063858986530504,1.9607569926315793,0.6458333333333334,1.0517262615218808,-0.18511903909361116,0.1491832733154297
ETH-USD,1d,3,0.4,0.25,10,30,0.7280079098646803,32.246236184619434,0.726659801518736,0.3434921101912563,2.1155065282696945,0.4791666666666667,1.0097445786831762,-0.14190758218957444,0.15451312065124512
ETH-USD,1d,3,0.4,0.25,12,26,0.8364554986524234,96.22252918709593,0.7288552110194266,0.3604489808319604,2.0220759380069255,0.5208333333333334,1.1125611045881982,-0.14190758218957444,0.13570380210876465
ETH-USD,1d,3,0.4,0.25,20,50,0.7808057050788173,51.244725825481495,0.6940445121333747,0.37733785658797775,1.8393185311677192,0.16666666666666666,0.3203696164463434,-0.016447243147101887,0.130385160446167
ETH-USD,1d,3,0.4,0.5,8,21,0.9000366274669188,127.1461643008287,0.8368422556257109,0.23183025852274086,3.60971971889348,0.7083333333333334,1.103715269157454,-0.2784598558922554,0.14032316207885742
ETH-USD,1d,3,0.4,0.5,9,21,0.9076160649483991,167.91170784172363,0.8613408835844961,0.26499651966801,3.2503856453042914,0.7083333333333334,1.1305084321921501,-0.2784598558922554,0.12911415100097656
ETH-USD,1d,3,0.4,0.5,10,30,0.7759840102374236,27.218943493326567,0.7845278872551578,0.2213146327228093,3.5448532146437786,0.5625,1.0560351991167725,-0.22017260640159342,0.1274399757385254
ETH-USD,1d,3,0.4,0.5,12,26,0.8643872014065713,108.75623095293406,0.7876160621807444,0.24162534492463392,3.2596583045806393,0.6041666666666666,1.1534459490152014,-0.22017260640159342,0.1522071361541748
ETH-USD,1d,3,0.4,0.5,20,50,0.7776148939705086,50.100980188886915,0.7198684299958394,0.2683414317671156,2.6826585266959024,0.16666666666666666,0.3213610746576012,-0.016447243147101887,0.13298344612121582
ETH-USD,1d,3,0.4,0.75,8,21,1.0037413737646033,129.46156493210853,0.9428203902056712,0.15407792484653,6.119114020679937,0.7083333333333334,1.1571463510027178,-0.3681383571887622,0.15490460395812988
ETH-USD,1d,3,0.4,0.75,9,21,0.9992872113613886,182.78178398289435,0.9596406085884173,0.18209895912944027,5.269885194161279,0.7291666666666666,1.1836429097939636,-0.3681383571887622,0.13756942749023438
ETH-USD,1d,3,0.4,0.75,10,30,0.8655911560068774,20.326663338249904,0.8713001087068524,0.14968113333159722,5.821041632392047,0.5625,1.0876902463485816,-0.2956377753285271,0.12846851348876953
ETH-USD,1d,3,0.4,0.75,12,26,0.9428958585017994,113.38947381479983,0.8753335741334581,0.17204804498049717,5.0877275253705045,0.6041666666666666,1.1795791907927617,-0.2956377753285271,0.1335742473602295
ETH-USD,1d,3,0.4,0.75,20,50,0.816536572667186,44.531768974445264,0.7639407265972233,0.1953383414467858,3.910859081422766,0.16666666666666666,0.32206807379273994,-0.016447243147101887,0.12493324279785156
ETH-USD,1d,3,0.4,1.0,8,21,1.105769748641389,120.2495059370928,1.0436157573201679,0.10572628652508097,9.870920389061387,0.7083333333333334,1.197975164361983,-0.4533750721305343,0.12836742401123047
ETH-USD,1d,3,0.4,1.0,9,21,1.0923107416571916,181.63548406498938,1.0551337983520415,0.12950983987094655,8.147132290515199,0.7291666666666666,1.2242805530245915,-0.4533750721305343,0.13428092002868652
ETH-USD,1d,3,0.4,1.0,10,30,0.9547133572706307,13.269317035881283,0.9561102483480044,0.10497480763161846,9.107997146355556,0.5625,1.112026748606532,-0.36830308897037545,0.12822389602661133
ETH-USD,1d,3,0.4,1.0,12,26,1.0246362084637077,109.72177783781834,0.9608224761252258,0.1304756861995841,7.363996343774649,0.6041666666666666,1.1995528859989701,-0.36830308897037545,0.12864398956298828
ETH-USD,1d,3,0.4,1.0,20,50,0.8648286909960208,35.70343553455321,0.8110245715247869,0.14813604546997772,5.474863116209989,0.16666666666666666,0.3225983093516751,-0.016447243147101887,0.1205446720123291
ETH-USD,1d,3,0.55,0.0,8,21,0.9607106942883862,108.27902555044008,0.7606889368943582,0.5270402773396157,1.4433222081890023,0.2708333333333333,0.3417810337507942,-0.10528322630989073,0.1285696029663086
ETH-USD,1d,3,0.55,0.0,9,21,0.9337514537788345,90.78188354735198,0.8067072532278028,0.540467676625884,1.4926096196243237,0.2916666666666667,0.35831142545318495,-0.10528322630989073,0.12970566749572754
ETH-USD,1d,3,0.55,0.0,10,30,0.7709114998685783,31.11314856263175,0.7337199577747332,0.47010291039245117,1.5607645508133725,0.2708333333333333,0.5015848122102345,-0.10721621396769143,0.12581467628479004
ETH-USD,1d,3,0.55,0.0,12,26,0.9018712999756884,77.69867245478122,0.7685581820320858,0.4945181450651179,1.554155675988153,0.22916666666666666,0.4276288730493892,-0.10658926264124002,0.12703847885131836
ETH-USD,1d,3,0.55,0.0,20,50,0.8376254351767711,50.073991980765605,0.7027648992044252,0.4843002562502512,1.4510933870769775,0.041666666666666664,0.07634415372937198,-0.016447243147101887,0.11986327171325684
ETH-USD,1d,3,0.55,0.25,8,21,0.8694456994364916,140.99490384803715,0.7538571892079966,0.3701969285375389,2.0363680276497855,0.6666666666666666,1.1182730208484577,-0.13925699905690936,0.1310725212097168
ETH-USD,1d,3,0.55,0.25,9,21,0.8535920880564851,115.18468636433914,0.7841135673538964,0.4036806499775594,1.9424105846972977,0.6666666666666666,1.1435776910252675,-0.13925699905690936,0.1293017864227295
ETH-USD,1d,3,0.55,0.25,10,30,0.7184991180408922,28.967686840355025,0.7232522460752038,0.3410294903633745,2.1207909184175318,0.5208333333333334,1.022836606705988,-0.1275748637570704,0.1285851001739502
ETH-USD,1d,3,0.55,0.25,12,26,0.837569089386223,95.40202806250056,0.750571741781504,0.37802788992104774,1.9854930331681695,0.5416666666666666,1.100580929736349,-0.1275748637570704,0.13196158409118652
ETH-USD,1d,3,0.55,0.25,20,50,0.7884906180007295,54.695996593724416,0.7016476832050907,0.3807364531275738,1.8428697263983516,0.16666666666666666,0.3214038582094974,-0.016447243147101887,0.12278079986572266
ETH-USD,1d,3,0.55,0.5,8,21,0.9198882128635009,165.54374315926927,0.8400257255781064,0.2304428933476256,3.64526635373788,0.7291666666666666,1.17679019834029,-0.2290552460942401,0.13271498680114746
ETH-USD,1d,3,0.55,0.5,9,21,0.9009559902612899,131.58240792199598,0.8567289798405687,0.25906392884877427,3.3070176293847333,0.75,1.2041384107781827,-0.2290552460942401,0.12979888916015625
ETH-USD,1d,3,0.55,0.5,10,30,0.7697318174704945,23.865754537024753,0.7869335460759637,0.2165008752030064,3.634782285928773,0.5416666666666666,1.0671928260403465,-0.20416626489955747,0.12697267532348633
ETH-USD,1d,3,0.55,0.5,12,26,0.8689298954935305,106.84448056786708,0.8096655666168505,0.25406446318369963,3.1868509136259138,0.6041666666666666,1.1464331284427434,-0.20416626489955747,0.1290884017944336
ETH-USD,1d,3,0.55,0.5,20,50,0.7835783439501727,54.3672600670669,0.7281167520417342,0.2707512206849839,2.6892464240775857,0.16666666666666666,0.32227287562060214,-0.016447243147101887,0.12026405334472656
ETH-USD,1d,3,0.55,0.75,8,21,1.02525967904047,176.92927584358293,0.9536616945562588,0.1523479006829912,6.259762624105065,0.7291666666666666,1.2258444232986008,-0.315974807568151,0.13541412353515625
ETH-USD,1d,3,0.55,0.75,9,21,1.0021174853558288,136.3384359014962,0.9611042183358437,0.17558310122860557,5.473785413349693,0.75,1.2539092419364894,-0.315974807568151,0.1437385082244873
ETH-USD,1d,3,0.55,0.75,10,30,0.8614875271240683,17.37122706058279,0.8775920020408995,0.14351853803762532,6.1148337632231655,0.5625,1.0988435695458432,-0.2783549362771719,0.13364601135253906
ETH-USD,1d,3,0.55,0.75,12,26,0.9521504203417869,110.21951042433624,0.8973229773703677,0.1800281867442524,4.984347138068455,0.6041666666666666,1.1747666454455215,-0.2783549362771719,0.13901567459106445
ETH-USD,1d,3,0.55,0.75,20,50,0.8212935672268036,49.201849863856154,0.7734078367108422,0.19689055825259377,3.928110334872564,0.16666666666666666,0.3228812655590158,-0.016447243147101887,0.12003207206726074
ETH-USD,1d,3,0.55,1.0,8,21,1.1291870701939672,173.16277944534812,1.0603067808825903,0.1042868658577053,10.167213024977958,0.7291666666666666,1.266671462163397,-0.4475446950204621,0.13219380378723145
ETH-USD,1d,3,0.55,1.0,9,21,1.1024476102408614,128.57110924894312,1.0611936858662554,0.12363170775485212,8.583507460484846,0.75,1.295004779021159,-0.40001568347864236,0.13248920440673828
ETH-USD,1d,3,0.55,1.0,10,30,0.9520370646031215,11.021395727913506,0.9652737345799958,0.09806177045594541,9.843527504060804,0.5625,1.1235627261721575,-0.35014087788991444,0.12860512733459473
ETH-USD,1d,3,0.55,1.0,12,26,1.0379936357863293,105.40268474652413,0.9827616127697922,0.13497648501144127,7.28098388905659,0.6041666666666666,1.1960497987984284,-0.35014087788991444,0.13019227981567383
ETH-USD,1d,3,0.55,1.0,20,50,0.8687914342482093,40.23471157509677,0.821441096174045,0.14843871858812444,5.533873533719409,0.16666666666666666,0.3233311494240894,-0.016447243147101887,0.12358546257019043
ETH-USD,1d,3,0.7,0.0,8,21,0.9925676869196197,127.75473872317093,0.7979699923080217,0.513811296703546,1.5530409654819772,0.25,0.2939176575605526,-0.11939076877259602,0.13088130950927734
ETH-USD,1d,3,0.7,0.0,9,21,1.0180595462340143,151.87596307359547,0.8116080256263501,0.5658553650145157,1.4343029611560372,0.2916666666666667,0.342682350236132,-0.11939076877259602,0.1324765682220459
ETH-USD,1d,3,0.7,0.0,10,30,0.8431635304237604,48.23056798995424,0.7216968703548081,0.5153139639559668,1.4004993476491092,0.2708333333333333,0.4825627367892887,-0.10721621396769143,0.1271533966064453
ETH-USD,1d,3,0.7,0.0,12,26,0.8784818472565454,63.07117223440646,0.7476061810395032,0.5099592279696176,1.4660116731607495,0.22916666666666666,0.3807175624778294,-0.12606199114664818,0.13202643394470215
ETH-USD,1d,3,0.7,0.0,20,50,0.7927025180556297,36.44063583243229,0.6958256471492655,0.48729962171800356,1.4279215828161147,0.041666666666666664,0.07634415372937198,-0.016447243147101887,0.12365531921386719
ETH-USD,1d,3,0.7,0.25,8,21,0.8899133324465739,171.35531064809794,0.7806626440765029,0.36590814823911444,2.1334934677823947,0.6875,1.1065550193835894,-0.2229995737748558,0.13387703895568848
ETH-USD,1d,3,0.7,0.25,9,21,0.9118387321010065,211.30755674131964,0.7945172572887473,0.41747578521520085,1.9031457282706559,0.6875,1.150119294183449,-0.2229995737748558,0.13597679138183594
ETH-USD,1d,3,0.7,0.25,10,30,0.7806804859663128,51.3012848275303,0.7222672092644079,0.37678021630104297,1.9169456834944987,0.5208333333333334,1.0004916992623196,-0.19433287965371648,0.1299421787261963
ETH-USD,1d,3,0.7,0.25,12,26,0.8124478707767945,73.29823441199125,0.7403144536925867,0.37708853751439975,1.9632377546461928,0.5416666666666666,1.0756042532895727,-0.19433287965371648,0.12910127639770508
ETH-USD,1d,3,0.7,0.25,20,50,0.7537501525093478,39.399032580254946,0.6968257379182472,0.38274720387523303,1.8205900157154296,0.16666666666666666,0.3214038582094974,-0.016447243147101887,0.12099790573120117
ETH-USD,1d,3,0.7,0.5,8,21,0.9349313691884903,206.36530513547297,0.8614534415857035,0.2277959848681257,3.781688435309389,0.7083333333333334,1.1728101184516957,-0.32082617446626505,0.13253521919250488
ETH-USD,1d,3,0.7,0.5,9,21,0.9453840323732512,263.98876099994345,0.8698657342473819,0.26405847762299517,3.2942162739017125,0.7291666666666666,1.210549081123841,-0.32082617446626505,0.1322023868560791
ETH-USD,1d,3,0.7,0.5,10,30,0.8207769271036395,49.125997074233986,0.7949054254047438,0.24087608972259397,3.300059488346063,0.5416666666666666,1.048258870191096,-0.27871957489947874,0.13337445259094238
ETH-USD,1d,3,0.7,0.5,12,26,0.8527115319152453,77.59499623150454,0.8073040098736861,0.24321581785048632,3.319290731205507,0.6041666666666666,1.1293774985448084,-0.27871957489947874,0.1371619701385498
ETH-USD,1d,3,0.7,0.5,20,50,0.7590335750846855,39.043293434852565,0.7260893236360795,0.2718138249890642,2.6712744418547953,0.16666666666666666,0.32227287562060214,-0.016447243147101887,0.12768888473510742
ETH-USD,1d,3,0.7,0.75,8,21,1.0396566224951542,225.49002118924741,0.9742743342015032,0.15160493280196272,6.426402599143463,0.7291666666666666,1.2254972254937362,-0.412870570846824,0.13588571548461914
ETH-USD,1d,3,0.7,0.75,9,21,1.0424982030450702,299.4426683373054,0.9769467679325313,0.17589801233279176,5.554052345311262,0.75,1.2608933066923784,-0.412870570846824,0.13690638542175293
ETH-USD,1d,3,0.7,0.75,10,30,0.9112193922722585,42.624548545557325,0.8920472548542658,0.1613814648458296,5.52756944985258,0.5625,1.0820967387532023,-0.3588538346238376,0.13034319877624512
ETH-USD,1d,3,0.7,0.75,12,26,0.944037160749191,75.55805887006744,0.9010142944893562,0.16406970493381337,5.491655481752895,0.6041666666666666,1.1629921868267932,-0.3588538346238376,0.15116667747497559
ETH-USD,1d,3,0.7,0.75,20,50,0.802677021802438,35.44227066808638,0.7733707708854634,0.19697642439924584,3.9262098154342593,0.16666666666666666,0.3228812655590158,-0.016447243147101887,0.12008213996887207
ETH-USD,1d,3,0.7,1.0,8,21,1.1438818222983762,225.0621799979109,1.0811311252791762,0.10535486678523173,10.261805251798062,0.7291666666666666,1.2687586985898558,-0.4991327629165324,0.14113330841064453
ETH-USD,1d,3,0.7,1.0,9,21,1.1413763470557023,310.6757162158451,1.0793797739591948,0.12112983630136334,8.910932326150977,0.75,1.3028205114528106,-0.4991327629165324,0.1424705982208252
ETH-USD,1d,3,0.7,1.0,10,30,1.0024840239866337,33.57001023841846,0.9846438270343677,0.11082816085579617,8.884419081135299,0.5625,1.108521237440737,-0.434735658826793,0.13499760627746582
ETH-USD,1d,3,0.7,1.0,12,26,1.0361540071898143,68.09705058777038,0.9911961223427885,0.11486932923665447,8.62890145637327,0.6041666666666666,1.1880951753332214,-0.434735658826793,0.14957976341247559
ETH-USD,1d,3,0.7,1.0,20,50,0.8538866049553644,29.246482551702933,0.8228668785824679,0.1475840881145673,5.575579922570574,0.16666666666666666,0.3233311494240894,-0.016447243147101887,0.12294530868530273
ETH-USD,1d,3,0.85,0.0,8,21,0.933467573981511,87.36980133920285,0.8010334202965455,0.5179829932570567,1.5464473365422267,0.25,0.16175366524422785,-0.17070005513296727,0.1386725902557373
ETH-USD,1d,3,0.85,0.0,9,21,0.9886257320738959,126.7743206264141,0.8120697494290404,0.5687762171358316,1.4277491304371943,0.3125,0.25067467758258627,-0.17070005513296727,0.1387341022491455
ETH-USD,1d,3,0.85,0.0,10,30,0.8427605870601532,49.237202011362044,0.6659288964530267,0.5428150988651083,1.2268061405169437,0.22916666666666666,0.30942668237785104,-0.17262642640272785,0.13268351554870605
ETH-USD,1d,3,0.85,0.0,12,26,0.8306508462942196,44.93709941932635,0.7024544101195647,0.5095312591531074,1.3786286856808652,0.22916666666666666,0.24035190906279724,-0.17262642640272785,0.12968707084655762
ETH-USD,1d,3,0.85,0.0,20,50,0.7778966289614588,32.869952557757195,0.7207524322919447,0.46082990341877345,1.564031385430667,0.0625,0.11081662529346255,-0.0035194774220901337,0.12290716171264648
ETH-USD,1d,3,0.85,0.25,8,21,0.8464164269844514,107.6067295171953,0.7844483281730744,0.35932795534428796,2.1830985218543875,0.6666666666666666,1.070492362382829,-0.20150859426676426,0.13596773147583008
ETH-USD,1d,3,0.85,0.25,9,21,0.8904209390035127,166.94875255548556,0.8058405368019514,0.4108387800783322,1.9614519755128925,0.7083333333333334,1.1197233573336975,-0.20150859426676426,0.13594412803649902
ETH-USD,1d,3,0.85,0.25,10,30,0.7862007477299433,53.66445027574514,0.6907821013370501,0.39502940996828273,1.7486852469858223,0.5,0.8584432574801261,-0.17240617549680037,0.1316823959350586
ETH-USD,1d,3,0.85,0.25,12,26,0.7756011987483065,48.43541012254528,0.7111558592397482,0.36628246063520487,1.9415504034958866,0.5208333333333334,0.9504525441378799,-0.19915555127938667,0.14191603660583496
ETH-USD,1d,3,0.85,0.25,20,50,0.7440263428692174,35.90964906210855,0.7195978517948107,0.36352315418381026,1.9795103654689252,0.1875,0.3181535913696825,-0.03545033827692923,0.1320817470550537
ETH-USD,1d,3,0.85,0.5,8,21,0.9177349616780387,119.22316521183973,0.8768940668649629,0.22015331929920243,3.9831062718305317,0.7291666666666666,1.1780782767774556,-0.2961452367436228,0.13996481895446777
ETH-USD,1d,3,0.85,0.5,9,21,0.9362605063133781,196.7725891648315,0.8901683572131578,0.2532916661356438,3.5144004964476454,0.75,1.2116823639356376,-0.2961452367436228,0.14566397666931152
ETH-USD,1d,3,0.85,0.5,10,30,0.8343249258712016,53.0660426346674,0.7851955681322413,0.2508743281957152,3.129836256181959,0.5208333333333334,0.9438876023401775,-0.2534112773472392,0.14076590538024902
ETH-USD,1d,3,0.85,0.5,12,26,0.8263403192028567,47.37678625596137,0.7936987783932282,0.22615999658816027,3.509456978983609,0.5833333333333334,1.0431640157079485,-0.2534112773472392,0.14715290069580078
ETH-USD,1d,3,0.85,0.5,20,50,0.7542784395255882,36.27760816991393,0.7467738347867152,0.25911667536760025,2.8819983651275702,0.1875,0.32324916806321097,-0.0873524867988753,0.13907527923583984
ETH-USD,1d,3,0.85,0.75,8,21,1.0405067092915796,120.10085846109386,1.001011197116458,0.14560441549172384,6.874868414779327,0.7291666666666666,1.2442009958859075,-0.38536839135491985,0.1449747085571289
ETH-USD,1d,3,0.85,0.75,9,21,1.0430267041134489,209.95723321322453,1.0053856721942425,0.16380000663846705,6.137885417876022,0.75,1.2718247109494245,-0.38536839135491985,0.1409316062927246
ETH-USD,1d,3,0.85,0.75,10,30,0.9322132975131464,48.02065904625966,0.8975501800751593,0.16806480338787852,5.340500580622427,0.5416666666666666,0.9959738030606413,-0.33049783003324507,0.14061880111694336
ETH-USD,1d,3,0.85,0.75,12,26,0.9255933423658883,42.41043115205891,0.8989844632959851,0.14441625138886235,6.224953595252483,0.5833333333333334,1.0961899966237207,-0.33049783003324507,0.1441028118133545
ETH-USD,1d,3,0.85,0.75,20,50,0.8007980489892914,33.95686240506156,0.7937856830550527,0.18750321892189448,4.233450964837615,0.1875,0.32769321222580633,-0.13925463532082116,0.13874101638793945
ETH-USD,1d,3,0.85,1.0,8,21,1.1576729301585225,110.80096248688947,1.1168711577306027,0.10038003660874488,11.126427081152345,0.7291666666666666,1.2951458160215668,-0.46917805810065505,0.14102506637573242
ETH-USD,1d,3,0.85,1.0,9,21,1.1492399408161431,204.3695162868672,1.1143244435337127,0.10817152827481029,10.301457891052127,0.75,1.319464428347977,-0.46917805810065505,0.1428372859954834
ETH-USD,1d,3,0.85,1.0,10,30,1.0294086364160788,39.963752313958786,1.0014030258055908,0.11552042474093889,8.668623129211081,0.5416666666666666,1.0346681200390935,-0.40366583355481944,0.14703059196472168
ETH-USD,1d,3,0.85,1.0,12,26,1.0236224213623266,34.90119281785328,0.9979254489517464,0.09289603660016717,10.742389939055276,0.5833333333333334,1.1345697885387849,-0.40366583355481944,0.1413116455078125
ETH-USD,1d,3,0.85,1.0,20,50,0.8537111596204654,29.355142086455793,0.8432640134732152,0.13964251350817003,6.038734138252808,0.1875,0.3313657415839697,-0.19115678384276713,0.1294422149658203
ETH-USD,1d,3,1.0,0.0,8,21,0.9548574543210283,101.6494893069171,0.7924731811678389,0.5337534512120774,1.4847176713672694,0.25,0.21036393129110634,-0.17070005513296727,0.14000248908996582
ETH-USD,1d,3,1.0,0.0,9,21,0.9490180387908255,98.28182805842016,0.7860596994258839,0.5534134233996889,1.4203842302866805,0.3125,0.238255554187538,-0.17070005513296727,0.14262104034423828
ETH-USD,1d,3,1.0,0.0,10,30,0.790676058083683,34.711041152819405,0.6561753403151548,0.5359917741746038,1.2242265122923328,0.22916666666666666,0.2772244296314312,-0.2064204363537584,0.13638997077941895
ETH-USD,1d,3,1.0,0.0,12,26,0.8050018902243831,38.50445957049665,0.6751286518143982,0.5224363961507508,1.2922695600625564,0.22916666666666666,0.24644848135195688,-0.2078234000784036,0.13283061981201172
ETH-USD,1d,3,1.0,0.0,20,50,0.8135771418474971,42.59826259445049,0.7133272355306807,0.462139773070157,1.5435313666941,0.0625,0.11081662529346255,-0.0035194774220901337,0.11957383155822754
ETH-USD,1d,3,1.0,0.25,8,21,0.8632980895405895,127.88671286468792,0.7807560370173956,0.367795664210937,2.1227983714610046,0.6666666666666666,1.0789480939932625,-0.18975400057152025,0.1362934112548828
ETH-USD,1d,3,1.0,0.25,9,21,0.861264837391666,122.15176668659636,0.7879688260362252,0.3908213856051601,2.016186562606111,0.6875,1.1162448237443177,-0.18975400057152025,0.13019180297851562
ETH-USD,1d,3,1.0,0.25,10,30,0.7429085722167752,34.73562226363273,0.6815731137267684,0.3907100455708564,1.7444473758818753,0.4791666666666667,0.8583831325826191,-0.2698598480446093,0.12970948219299316
ETH-USD,1d,3,1.0,0.25,12,26,0.7540350991209444,39.94897953764093,0.6987099492846368,0.378530454618061,1.8458487045372305,0.5208333333333334,0.9369533567027716,-0.27219858177570133,0.15326714515686035
ETH-USD,1d,3,1.0,0.25,20,50,0.778766427246639,50.00967664187028,0.7136310535712629,0.365705955598439,1.9513793599655258,0.1875,0.3181535913696825,-0.03545033827692923,0.13814377784729004
ETH-USD,1d,3,1.0,0.5,8,21,0.9313645626300864,144.26944636890389,0.8842084647035234,0.22575391331343064,3.916691638810762,0.7291666666666666,1.1804705050823738,-0.2736448089849495,0.15419268608093262
ETH-USD,1d,3,1.0,0.5,9,21,0.9202769804278663,135.89622424001644,0.8831116835288377,0.2340863149328457,3.77258996871382,0.75,1.2107003810845738,-0.2736448089849495,0.12803030014038086
ETH-USD,1d,3,1.0,0.5,10,30,0.8081824617600207,31.501971261760787,0.7829898846314859,0.24555336961449814,3.1886749746530705,0.5416666666666666,0.9468768548207588,-0.32968253584427787,0.12644290924072266
ETH-USD,1d,3,1.0,0.5,12,26,0.8125244496762305,37.56052138460685,0.7924305219225958,0.2343219960309362,3.3818016888946936,0.5625,1.0324561888328825,-0.3331007156866984,0.1265261173248291
ETH-USD,1d,3,1.0,0.5,20,50,0.7837662474423017,54.63532639140526,0.7437004257092364,0.26085686834303223,2.850990393441567,0.1875,0.32324916806321097,-0.0873524867988753,0.12720179557800293
ETH-USD,1d,3,1.0,0.75,8,21,1.0536946637928324,147.60754963992684,1.0178064515362557,0.15151169198799927,6.717675964023111,0.7291666666666666,1.2480593057969116,-0.35313088916463076,0.1381978988647461
ETH-USD,1d,3,1.0,0.75,9,21,1.0356678586236214,136.82719991068575,1.0074385344820618,0.14709164446101777,6.84905344673778,0.75,1.2755680697935852,-0.35313088916463076,0.1382918357849121
ETH-USD,1d,3,1.0,0.75,10,30,0.9171926557129088,26.090196961106816,0.9017327987699455,0.16303534816309187,5.53090362875111,0.5416666666666666,1.0001573336606315,-0.38602240657077447,0.13222122192382812
ETH-USD,1d,3,1.0,0.75,12,26,0.9153674249431322,32.253938567280116,0.9044383152177689,0.14927999692038088,6.058670510960386,0.5833333333333334,1.0876824545322832,-0.39062286352913145,0.13205456733703613
ETH-USD,1d,3,1.0,0.75,20,50,0.8264192325327406,55.78151989782039,0.7933293174758991,0.18953365577845588,4.185691001513812,0.1875,0.32769321222580633,-0.13925463532082116,0.12440061569213867
ETH-USD,1d,3,1.0,1.0,8,21,1.1710928150151807,138.05030037587545,1.1410301232074953,0.10670290442569809,10.693524504780886,0.7291666666666666,1.3015485215002058,-0.42821224111056466,0.13557028770446777
ETH-USD,1d,3,1.0,1.0,9,21,1.147991834646133,125.59335868226226,1.1234792430308047,0.09353839521457166,12.010888581673957,0.75,1.3272497858760672,-0.42821224111056466,0.13226580619812012
ETH-USD,1d,3,1.0,1.0,10,30,1.0221210710258168,19.798808559745215,1.010654346487688,0.11094905642244487,9.10917477873416,0.5416666666666666,1.0397199086543758,-0.4390109207144197,0.13168025016784668
ETH-USD,1d,3,1.0,1.0,12,26,1.0153811428401776,25.38825823037682,1.0080293415597121,0.09466951107801734,10.647877337498796,0.5833333333333334,1.1281321949067713,-0.4448580870207365,0.13091135025024414
ETH-USD,1d,3,1.0,1.0,20,50,0.8764810613859931,53.225980897676116,0.8449295351012145,0.1419719299620172,5.951384441468568,0.1875,0.3313657415839697,-0.19115678384276713,0.1254868507385254
ETH-USD,1d,5,0.0,0.0,8,21,0.8371947303110141,48.85485838850362,0.8390900910234953,0.4585993421173659,1.8296801019150901,0.25,0.23738100434965193,-0.10562022437605356,0.14065241813659668
ETH-USD,1d,5,0.0,0.0,9,21,0.8831018562926598,66.95281434501486,0.8445156577491503,0.45961547917977136,1.8374395467625912,0.22916666666666666,0.19208452893864295,-0.1177715082537073,0.16656017303466797
ETH-USD,1d,5,0.0,0.0,10,30,0.7974376768781677,38.54737050315662,0.7330926652475923,0.4361586479683638,1.6807936026543402,0.2708333333333333,0.46939299313966143,-0.1340750462325313,0.1430659294128418
ETH-USD,1d,5,0.0,0.0,12,26,0.8357001501406555,51.60304642837948,0.7980628591105994,0.42773617638014105,1.865782936258678,0.22916666666666666,0.390293201719855,-0.13364186716611437,0.12979674339294434
ETH-USD,1d,5,0.0,0.0,20,50,0.7903659508758691,36.355085693331,0.6570997557121829,0.4956252548361281,1.3257995820439865,0.041666666666666664,0.004896250313703522,-0.000500000000000167,0.12835431098937988
ETH-USD,1d,5,0.0,0.25,8,21,0.7684520228808119,49.2370243862968,0.7990723002205365,0.3438537183443281,2.323872791220951,0.6041666666666666,0.9769516486511369,-0.16410725653992575,0.14255499839782715
ETH-USD,1d,5,0.0,0.25,9,21,0.8206549108345457,82.3766758650624,0.7981739143375525,0.36030929444373727,2.2152465302617617,0.5833333333333334,0.9339467039232349,-0.1806431647267316,0.14530014991760254
ETH-USD,1d,5,0.0,0.25,10,30,0.7463390100823465,37.61006121677367,0.7039567547312309,0.33466496699928927,2.1034671212918616,0.5,0.9648282397003936,-0.11063370444252363,0.1295924186706543
ETH-USD,1d,5,0.0,0.25,12,26,0.7861911949649031,58.24454078437327,0.770766506797399,0.3241705971158751,2.37765705358493,0.4583333333333333,0.9215937298450992,-0.13364186716611437,0.1428968906402588
ETH-USD,1d,5,0.0,0.25,20,50,0.7475575353572336,35.299786094320325,0.6667536788147067,0.3919543561411323,1.7011003152995359,0.16666666666666666,0.2551866882544728,-0.000500000000000167,0.13809967041015625
ETH-USD,1d,5,0.0,0.5,8,21,0.8127913623999597,44.46378643116244,0.845306233232239,0.22835841712964605,3.7016644442421964,0.6666666666666666,1.0382696318688691,-0.2492308782985837,0.1322782039642334
ETH-USD,1d,5,0.0,0.5,9,21,0.8481313062583115,93.03963917772901,0.8372984920334309,0.24776742628238177,3.3793727633880235,0.6666666666666666,0.9951306369886345,-0.26863482308093833,0.13717222213745117
ETH-USD,1d,5,0.0,0.5,10,30,0.7751015091137761,32.98642380896838,0.7486086700156704,0.23013850945141515,3.252861382478495,0.5208333333333334,1.0026510270218585,-0.12664841747307165,0.13492965698242188
ETH-USD,1d,5,0.0,0.5,12,26,0.8088541055728129,59.8954928173738,0.8047085913840073,0.2211368483937246,3.6389620148301036,0.5208333333333334,0.95035877555135,-0.13454250580127936,0.13914990425109863
ETH-USD,1d,5,0.0,0.5,20,50,0.7334953307573889,30.49396593363884,0.6894680346319264,0.2795040044432028,2.4667554799631906,0.16666666666666666,0.2552187001691419,-0.000500000000000167,0.1344623565673828
ETH-USD,1d,5,0.0,0.75,8,21,0.9029381686465772,36.05670583924954,0.9271692317597215,0.15905377914312868,5.829281371085085,0.6666666666666666,1.0811700214915758,-0.33134546538106924,0.14973831176757812
ETH-USD,1d,5,0.0,0.75,9,21,0.9239839322476453,97.08703820401678,0.91290061160382,0.17832376157622906,5.119343622715009,0.6666666666666666,1.0379009535498736,-0.3534715547350217,0.13262343406677246
ETH-USD,1d,5,0.0,0.75,10,30,0.8452055869359947,26.12798845514769,0.8204834787156692,0.16555225165164017,4.9560393804981535,0.5208333333333334,1.0254532352575687,-0.14854612745096352,0.13390874862670898
ETH-USD,1d,5,0.0,0.75,12,26,0.8729650525253014,56.514987007263414,0.8704127953475608,0.1580691160243628,5.506532947355803,0.5208333333333334,0.9698327351281956,-0.18764019497351003,0.13331103324890137
ETH-USD,1d,5,0.0,0.75,20,50,0.7570794175798018,23.195905758745358,0.7255299333240959,0.20338042638618534,3.5673537823469608,0.16666666666666666,0.2552215287346024,-0.000500000000000167,0.13010430335998535
ETH-USD,1d,5,0.0,1.0,8,21,0.9931336518360251,26.163358724067482,1.009193333148658,0.11529841118696779,8.752881525072805,0.6666666666666666,1.114828154988798,-0.410451017787381,0.13389897346496582
ETH-USD,1d,5,0.0,1.0,9,21,1.0029712626612397,93.94050649709705,0.9899674252897064,0.13359330261143762,7.410307297882088,0.6666666666666666,1.071500246133306,-0.4351533596889817,0.1341843605041504
ETH-USD,1d,5,0.0,1.0,10,30,0.9184968317065612,18.636022440765995,0.8926937155245502,0.1247894290320469,7.153600448763168,0.5208333333333334,1.0423798935198538,-0.1975490202136736,0.14256763458251953
ETH-USD,1d,5,0.0,1.0,12,26,0.9412109950902574,49.08281360472743,0.9384173665438558,0.11940714525952906,7.858971626063283,0.5208333333333334,0.9848664601708207,-0.2422263585069263,0.13904047012329102
ETH-USD,1d,5,0.0,1.0,20,50,0.7923622866571206,15.025901936404804,0.7650297180457537,0.15370565427029434,4.977238616742324,0.16666666666666666,0.2552127849475085,-0.000500000000000167,0.1267538070678711
ETH-USD,1d,5,0.1,0.0,8,21,0.8641552770075074,57.834576689874595,0.8132530058685404,0.47864201775296505,1.6990840246045293,0.25,0.1877007833900548,-0.14009046440823503,0.13408660888671875
ETH-USD,1d,5,0.1,0.0,9,21,0.8712020689823542,61.43859815718872,0.837590918305372,0.4688054935523856,1.786649111038579,0.25,0.2721975079293249,-0.1177715082537073,0.13965368270874023
ETH-USD,1d,5,0.1,0.0,10,30,0.7828732015178304,34.73560588753726,0.7515368010559181,0.4595126777269154,1.6355083058286157,0.2708333333333333,0.46939299313966143,-0.1340750462325313,0.14306116104125977
ETH-USD,1d,5,0.1,0.0,12,26,0.8631989447080018,62.748143997023526,0.7926002874548637,0.4333453201386961,1.8290269921483975,0.22916666666666666,0.3908903524112373,-0.13364186716611437,0.13955473899841309
ETH-USD,1d,5,0.1,0.0,20,50,0.8034657165266866,39.932505453140905,0.6619314712470301,0.5108119339838066,1.295841829858294,0.041666666666666664,0.004896250313703522,-0.000500000000000167,0.1342012882232666
ETH-USD,1d,5,0.1,0.25,8,21,0.7859561195828527,60.161503764151995,0.7845575490570595,0.35233453488231503,2.2267404168005087,0.6041666666666666,0.9699711738204014,-0.16941686870292183,0.14208030700683594
ETH-USD,1d,5,0.1,0.25,9,21,0.8066101072561934,72.06239856692669,0.7949542873614636,0.3635691884460517,2.186528211478028,0.6041666666666666,0.9668429761819124,-0.1475583472858455,0.1380467414855957
ETH-USD,1d,5,0.1,0.25,10,30,0.7325628723290686,32.28466259006949,0.7194988420675531,0.34808132940358355,2.067042329734752,0.5,0.9645372915669702,-0.11063370444252363,0.13686347007751465
ETH-USD,1d,5,0.1,0.25,12,26,0.8122477519430835,75.05297191908204,0.7663892740110035,0.3242918829371212,2.3632699871171403,0.4583333333333333,0.9357649917483565,-0.13364186716611437,0.13868355751037598
ETH-USD,1d,5,0.1,0.25,20,50,0.7601690847371908,39.59371255435531,0.6729706854944484,0.4082377393686339,1.6484773958802563,0.16666666666666666,0.2551866882544728,-0.000500000000000167,0.1284623146057129
ETH-USD,1d,5,0.1,0.5,8,21,0.8316503281265685,56.11938264364662,0.8399855043948927,0.2307794967829055,3.639775266453016,0.6666666666666666,1.0340521155132256,-0.25546140522595906,0.14197254180908203
ETH-USD,1d,5,0.1,0.5,9,21,0.8417278947416355,76.92608227571559,0.8392911126343507,0.24577593639588408,3.414862841911671,0.6666666666666666,1.017647827552907,-0.17734518631798357,0.13307738304138184
ETH-USD,1d,5,0.1,0.5,10,30,0.7649209605755138,26.729946861621258,0.7628306606928055,0.23757673669700471,3.2108811296018738,0.5208333333333334,1.0024829966838666,-0.12664841747307165,0.1350259780883789
ETH-USD,1d,5,0.1,0.5,12,26,0.8290564880883924,82.19355048755467,0.8019514821958561,0.2166056822727435,3.7023566223256434,0.5416666666666666,0.9723091272054235,-0.13454250580127936,0.1316375732421875
ETH-USD,1d,5,0.1,0.5,20,50,0.7442331718691366,34.98180602735503,0.6978139076757071,0.2932941533922257,2.3792288376867585,0.16666666666666666,0.2552187001691419,-0.000500000000000167,0.12393832206726074
ETH-USD,1d,5,0.1,0.75,8,21,0.924529965983721,47.126031792103,0.9279158392736806,0.1588540060613453,5.841312172607995,0.6666666666666666,1.0779349754857108,-0.3384500617434888,0.13654303550720215
ETH-USD,1d,5,0.1,0.75,9,21,0.9243951115354377,75.21613162053637,0.919357316226154,0.17388613256043406,5.287122685914196,0.6666666666666666,1.0564804614755015,-0.20713202535012154,0.14125990867614746
ETH-USD,1d,5,0.1,0.75,10,30,0.8387365430276549,19.778549741297656,0.8355105782985403,0.17171534900744947,4.86567207374277,0.5208333333333334,1.0253574276847957,-0.14854612745096352,0.13374972343444824
ETH-USD,1d,5,0.1,0.75,12,26,0.8895869289556557,83.07086816193112,0.8697381473722885,0.1513546325643814,5.746359610118507,0.5416666666666666,0.9968381243660303,-0.18764019497351003,0.13643693923950195
ETH-USD,1d,5,0.1,0.75,20,50,0.7664206293114854,27.28133654182227,0.735506908142553,0.2147858212215119,3.424373657253723,0.16666666666666666,0.2552215287346024,-0.000500000000000167,0.12653851509094238
ETH-USD,1d,5,0.1,1.0,8,21,1.0170848633393395,35.58108011511811,1.0143577027571076,0.11383486549479534,8.91078228404008,0.6666666666666666,1.1121346096211486,-0.41838283825551126,0.14632511138916016
ETH-USD,1d,5,0.1,1.0,9,21,1.0086896396186098,67.57949490630621,0.9999281932239107,0.12761774575942678,7.835338159858138,0.6666666666666666,1.0878329245043294,-0.23691886438225962,0.1375749111175537
ETH-USD,1d,5,0.1,1.0,10,30,0.9151925319524058,12.997447506847438,0.9088707857807867,0.13103076430415103,6.936315991190428,0.5208333333333334,1.0423289972457255,-0.1975490202136736,0.13622236251831055
ETH-USD,1d,5,0.1,1.0,12,26,0.9555049597714823,77.81387090767348,0.93963051312964,0.1117170736753057,8.410804921909971,0.5416666666666666,1.0157137829569067,-0.2422263585069263,0.1334669589996338
ETH-USD,1d,5,0.1,1.0,20,50,0.8006678633270742,18.195993814443383,0.7762069739706142,0.16287641757561933,4.765619145633782,0.16666666666666666,0.2552127849475085,-0.000500000000000167,0.12976360321044922
ETH-USD,1d,5,0.25,0.0,8,21,0.8464446590927194,50.729412667957234,0.8074314690322385,0.49953194749538643,1.6163760357683545,0.25,0.1877007833900548,-0.14009046440823503,0.14207077026367188
ETH-USD,1d,5,0.25,0.0,9,21,0.8396193527964234,48.41710938701866,0.8226538876155354,0.47646604793724967,1.7265739944682867,0.25,0.2721975079293249,-0.1177715082537073,0.13986682891845703
ETH-USD,1d,5,0.25,0.0,10,30,0.8485828912909269,55.9347829012845,0.739016916017657,0.5153735408842837,1.433944231497883,0.2708333333333333,0.46939299313966143,-0.1340750462325313,0.14704465866088867
ETH-USD,1d,5,0.25,0.0,12,26,0.8436700921216086,53.59008829764129,0.787860455627752,0.47870057363388097,1.6458314424964993,0.22916666666666666,0.3908903524112373,-0.13364186716611437,0.15169072151184082
ETH-USD,1d,5,0.25,0.0,20,50,0.7712512173549309,31.411682318759006,0.6856492063374249,0.4995256576793143,1.3726005777617099,0.041666666666666664,0.004896250313703522,-0.000500000000000167,0.1271684169769287
ETH-USD,1d,5,0.25,0.25,8,21,0.7711033562423213,50.62052933589987,0.7790185020350766,0.35745007673998247,2.179377073128321,0.6041666666666666,0.9699711738204014,-0.16941686870292183,0.1339256763458252
ETH-USD,1d,5,0.25,0.25,9,21,0.7818783663779122,54.547308694025205,0.786615389454992,0.3631998780848048,2.1657919975163713,0.6041666666666666,0.9668429761819124,-0.1475583472858455,0.13421344757080078
ETH-USD,1d,5,0.25,0.25,10,30,0.79011644148569,58.477639967085885,0.7179445977684653,0.38766956665434954,1.8519498550387696,0.5,0.9645372915669702,-0.11063370444252363,0.12868785858154297
ETH-USD,1d,5,0.25,0.25,12,26,0.7953018994071046,61.91822184905868,0.7636995158116668,0.35421904931517995,2.156009162376064,0.4583333333333333,0.9357649917483565,-0.13364186716611437,0.12995386123657227
ETH-USD,1d,5,0.25,0.25,20,50,0.7298339595374759,29.523429669487715,0.6938298767775957,0.3994968477303968,1.7367593279380056,0.16666666666666666,0.2551866882544728,-0.000500000000000167,0.12277555465698242
ETH-USD,1d,5,0.25,0.5,8,21,0.8227532801989316,44.99620296276075,0.8394318049071077,0.22837676887172015,3.675644458296977,0.6666666666666666,1.0340521155132256,-0.25546140522595906,0.1521313190460205
ETH-USD,1d,5,0.25,0.5,9,21,0.8299957911780371,55.833990125597495,0.8387951697856776,0.24091666076810575,3.481681869204802,0.6666666666666666,1.017647827552907,-0.17734518631798357,0.1553339958190918
ETH-USD,1d,5,0.25,0.5,10,30,0.8201533350296439,54.85792220972358,0.766616259900931,0.2612909844954062,2.9339560313624555,0.5208333333333334,1.0024829966838666,-0.12664841747307165,0.14617133140563965
ETH-USD,1d,5,0.25,0.5,12,26,0.8175954034403571,65.52376309073372,0.8047792186752908,0.2352087715929719,3.421552747479838,0.5416666666666666,0.9723091272054235,-0.13454250580127936,0.16193842887878418
ETH-USD,1d,5,0.25,0.5,20,50,0.7209941460723189,24.731311030689525,0.7157752097819371,0.2895000242074048,2.472453022211627,0.16666666666666666,0.2552187001691419,-0.000500000000000167,0.13608098030090332
ETH-USD,1d,5,0.25,0.75,8,21,0.920380894093273,35.68951359639825,0.9327480903838815,0.153675693976787,6.069587624733778,0.6666666666666666,1.0779349754857108,-0.3384500617434888,0.14630818367004395
ETH-USD,1d,5,0.25,0.75,9,21,0.923636412152534,52.25948692191705,0.925031379197066,0.1673224636183956,5.528435089903656,0.6666666666666666,1.0564804614755015,-0.20713202535012154,0.13039135932922363
ETH-USD,1d,5,0.25,0.75,10,30,0.8955332999170155,46.48521543670591,0.8426190199585928,0.18624954920317627,4.524139916383878,0.5208333333333334,1.0253574276847957,-0.14854612745096352,0.13609027862548828
ETH-USD,1d,5,0.25,0.75,12,26,0.8834153121479497,63.98553505136414,0.8769022717147321,0.16422073009261806,5.339778182816336,0.5416666666666666,0.9968381243660303,-0.18764019497351003,0.1290428638458252
ETH-USD,1d,5,0.25,0.75,20,50,0.7502530434456343,18.255355481841956,0.7523382446334497,0.21344542226021646,3.524733567329713,0.16666666666666666,0.2552215287346024,-0.000500000000000167,0.12148070335388184
ETH-USD,1d,5,0.25,1.0,8,21,1.016488149680481,25.14070159207762,1.023779044616753,0.10709543616382068,9.559502078601266,0.6666666666666666,1.1121346096211486,-0.41838283825551126,0.14671850204467773
ETH-USD,1d,5,0.25,1.0,9,21,1.016390907487925,44.86590935599853,1.0103557480009893,0.12038757382443709,8.392525207580023,0.6666666666666666,1.0878329245043294,-0.23691886438225962,0.13661599159240723
ETH-USD,1d,5,0.25,1.0,10,30,0.9739274849538652,35.5864975991971,0.9185523932767877,0.13938143081320098,6.590206370515968,0.5208333333333334,1.0423289972457255,-0.1975490202136736,0.1446373462677002
ETH-USD,1d,5,0.25,1.0,12,26,0.9535675180283402,57.88316912684006,0.9501962275383613,0.12136193074543049,7.829442245208661,0.5416666666666666,1.0157137829569067,-0.2422263585069263,0.13680243492126465
ETH-USD,1d,5,0.25,1.0,20,50,0.7903412324165332,11.451226332081195,0.7923240225212576,0.16255443717069698,4.874207289028014,0.16666666666666666,0.2552127849475085,-0.000500000000000167,0.12633085250854492
ETH-USD,1d,5,0.4,0.0,8,21,0.9181190550725248,82.05979784908054,0.7934172600446462,0.5019262151532816,1.580744810872943,0.25,0.1877007833900548,-0.14009046440823503,0.1434018611907959
ETH-USD,1d,5,0.4,0.0,9,21,0.8250256926753019,43.68031549768914,0.8137639598015409,0.5021196670785739,1.6206574112823977,0.25,0.2721975079293249,-0.1177715082537073,0.13441801071166992
ETH-USD,1d,5,0.4,0.0,10,30,0.8284245119289717,47.743425857247395,0.707023903119406,0.5367857535191504,1.3171435688897846,0.2708333333333333,0.46939299313966143,-0.1340750462325313,0.13198018074035645
ETH-USD,1d,5,0.4,0.0,12,26,0.8539732744975466,59.042685698353786,0.7502249105068054,0.4890001402025473,1.5342018310997967,0.22916666666666666,0.3908903524112373,-0.13364186716611437,0.12886571884155273
ETH-USD,1d,5,0.4,0.0,20,50,0.8107654890361671,41.466710161308775,0.6601284254658214,0.5118745110189397,1.2896294135681163,0.041666666666666664,0.004896250313703522,-0.000500000000000167,0.12458229064941406
ETH-USD,1d,5,0.4,0.25,8,21,0.8312691306111071,94.4637706052702,0.7691138579812521,0.3613048494307986,2.128711693720463,0.6041666666666666,0.9699711738204014,-0.16941686870292183,0.13909602165222168
ETH-USD,1d,5,0.4,0.25,9,21,0.7705961307042568,48.168049472139515,0.7802943865286791,0.3876377376077659,2.012947427007805,0.6041666666666666,0.9668429761819124,-0.1475583472858455,0.1340351104736328
ETH-USD,1d,5,0.4,0.25,10,30,0.7702234747772679,47.19187952166272,0.6937950160034491,0.3988329679896849,1.7395628538446022,0.5,0.9645372915669702,-0.11063370444252363,0.14008164405822754
ETH-USD,1d,5,0.4,0.25,12,26,0.8079514932662698,70.72928427105249,0.7326519022060927,0.3557632089936672,2.0593807445084473,0.4583333333333333,0.9357649917483565,-0.13364186716611437,0.1527104377746582
ETH-USD,1d,5,0.4,0.25,20,50,0.7642195490495136,42.513931325869336,0.6709242134976697,0.40222530309260046,1.6680308482313688,0.16666666666666666,0.2551866882544728,-0.000500000000000167,0.13329052925109863
ETH-USD,1d,5,0.4,0.5,8,21,0.8749917670072691,98.20409409823,0.8353943127657375,0.23131216653845824,3.6115450616681843,0.6666666666666666,1.0340521155132256,-0.25546140522595906,0.1388862133026123
ETH-USD,1d,5,0.4,0.5,9,21,0.8275371597504758,48.357158477523264,0.8392703544227036,0.2566088875590033,3.2706207583310074,0.6666666666666666,1.017647827552907,-0.17734518631798357,0.14089679718017578
ETH-USD,1d,5,0.4,0.5,10,30,0.8047512089318489,41.53445771065048,0.7528179305290885,0.2631815964377559,2.8604505053495815,0.5208333333333334,1.0024829966838666,-0.12664841747307165,0.1469118595123291
ETH-USD,1d,5,0.4,0.5,12,26,0.8343238037024775,78.03979155192214,0.7855158180140231,0.23189238802746615,3.387415277818364,0.5416666666666666,0.9723091272054235,-0.13454250580127936,0.13329648971557617
ETH-USD,1d,5,0.4,0.5,20,50,0.7542727687297454,39.50008340786087,0.6986104085919382,0.2862747051786358,2.4403497617996126,0.16666666666666666,0.2552187001691419,-0.000500000000000167,0.13230490684509277
ETH-USD,1d,5,0.4,0.75,8,21,0.9707356312626259,92.68461094402238,0.9336081545996902,0.156549050440625,5.963678169697896,0.6666666666666666,1.0779349754857108,-0.3384500617434888,0.14546608924865723
ETH-USD,1d,5,0.4,0.75,9,21,0.9282791807508495,44.497703216722265,0.9309080671453712,0.1779375856291761,5.231655042714775,0.6666666666666666,1.0564804614755015,-0.20713202535012154,0.1298515796661377
ETH-USD,1d,5,0.4,0.75,10,30,0.8845670202398533,32.72767701878024,0.8362359970354516,0.18372712110440176,4.551510914712836,0.5208333333333334,1.0253574276847957,-0.14854612745096352,0.1445484161376953
ETH-USD,1d,5,0.4,0.75,12,26,0.9042542049716109,79.96306502663049,0.8669660181051395,0.16018061775716486,5.412427734668043,0.5416666666666666,0.9968381243660303,-0.18764019497351003,0.13028812408447266
ETH-USD,1d,5,0.4,0.75,20,50,0.7843084398716925,33.27561896436686,0.7399757578045105,0.20755487695845176,3.5652053502584695,0.16666666666666666,0.2552215287346024,-0.000500000000000167,0.12191104888916016
ETH-USD,1d,5,0.4,1.0,8,21,1.0663866506597137,79.49310252820977,1.0285477602205597,0.11082140692525833,9.281128878956093,0.6666666666666666,1.1121346096211486,-0.41838283825551126,0.13303923606872559
ETH-USD,1d,5,0.4,1.0,9,21,1.026364208796985,37.66344174900596,1.0205030880437267,0.1277703704579693,7.987008915963238,0.6666666666666666,1.0878329245043294,-0.23691886438225962,0.13630056381225586
ETH-USD,1d,5,0.4,1.0,10,30,0.9666187660466221,23.041697923894553,0.917709587011568,0.13419833123007333,6.838457517316079,0.5208333333333334,1.0423289972457255,-0.1975490202136736,0.12981510162353516
ETH-USD,1d,5,0.4,1.0,12,26,0.9777728610776193,76.463149437977,0.9474098751237555,0.11768426792011705,8.05043776766193,0.5416666666666666,1.0157137829569067,-0.2422263585069263,0.12880563735961914
ETH-USD,1d,5,0.4,1.0,20,50,0.8251144817292818,25.195817657535503,0.7837394831544968,0.15542844351156587,5.0424456775582165,0.16666666666666666,0.2552127849475085,-0.000500000000000167,0.12503504753112793
ETH-USD,1d,5,0.55,0.0,8,21,0.9484229008809373,99.00778068556794,0.7608153618248016,0.5234051905508894,1.4535877281309257,0.25,0.33521806348997324,-0.09576872199446052,0.1398172378540039
ETH-USD,1d,5,0.55,0.0,9,21,0.8200581219661255,41.96899381248556,0.8013419012910863,0.5429254210478067,1.4759704928617166,0.25,0.34716953659379457,-0.09576872199446052,0.14499354362487793
ETH-USD,1d,5,0.55,0.0,10,30,0.839684649903462,51.54517580730093,0.6883000389102852,0.5496521783327133,1.2522465407089611,0.2916666666666667,0.53424188163721,-0.10307182288022365,0.13398027420043945
ETH-USD,1d,5,0.55,0.0,12,26,0.879116605496784,70.37903408686749,0.7423322997227142,0.5148721279003697,1.4417799284453772,0.2708333333333333,0.3907768829616171,-0.12658752797846962,0.12853789329528809
ETH-USD,1d,5,0.55,0.0,20,50,0.8357472803694547,49.47342007019908,0.6727038337285122,0.5153919087129757,1.3052277739640346,0.041666666666666664,0.004896250313703522,-0.000500000000000167,0.12243986129760742
ETH-USD,1d,5,0.55,0.25,8,21,0.8503385519475398,115.9898962450864,0.7508140104981252,0.3703563736648444,2.0272744412860506,0.6458333333333334,1.1576241374878884,-0.14190758218957444,0.14481091499328613
ETH-USD,1d,5,0.55,0.25,9,21,0.7656126955252653,45.32293752869882,0.7739129326577081,0.40456211572627915,1.9129644189949964,0.6458333333333334,1.0763537352487658,-0.14190758218957444,0.142317533493042
ETH-USD,1d,5,0.55,0.25,10,30,0.7814095236617923,52.068659541625074,0.6929790414387107,0.4047964913856769,1.7119195847437887,0.5208333333333334,0.9739573319693609,-0.12119868717390037,0.13605308532714844
ETH-USD,1d,5,0.55,0.25,12,26,0.8258538867842583,85.47461803543395,0.7379176304715842,0.3864245967655456,1.9096031584120383,0.5416666666666666,1.0446783227447882,-0.127716111232983,0.12656188011169434
ETH-USD,1d,5,0.55,0.25,20,50,0.7886955883063647,53.53188026704744,0.6767328937753592,0.4063095490525089,1.6655599046428085,0.16666666666666666,0.24918820449447643,-0.000500000000000167,0.12049388885498047
ETH-USD,1d,5,0.55,0.5,8,21,0.8980706400826285,121.63029873339282,0.8327629313605138,0.23305404982589487,3.5732609323143576,0.7291666666666666,1.210609398097457,-0.22017260640159342,0.14405226707458496
ETH-USD,1d,5,0.55,0.5,9,21,0.8310502086476493,44.347276579378544,0.8416867705058394,0.26192751562322497,3.2134339475680784,0.7083333333333334,1.12319182617226,-0.22017260640159342,0.14378070831298828
ETH-USD,1d,5,0.55,0.5,10,30,0.8140165953328502,46.90778572351471,0.7612911352264843,0.26402769694803563,2.8833760398111457,0.5416666666666666,1.003035195944248,-0.13932555146757675,0.13127779960632324
ETH-USD,1d,5,0.55,0.5,12,26,0.856601611532795,94.70672248331256,0.7975791617817777,0.2557883746346697,3.1181212317444915,0.5833333333333334,1.0882643784282078,-0.1471459388924069,0.1281578540802002
ETH-USD,1d,5,0.55,0.5,20,50,0.7758149152412492,52.777022190263885,0.7054866453165131,0.29070893854756275,2.426780025551532,0.16666666666666666,0.2501865898174283,-0.000500000000000167,0.1194465160369873
ETH-USD,1d,5,0.55,0.75,8,21,1.0002731561675204,114.87023661981746,0.9419702533600578,0.15562358334759951,6.052876004378341,0.7291666666666666,1.2554493732919882,-0.2956377753285271,0.130537748336792
ETH-USD,1d,5,0.55,0.75,9,21,0.9395771835319061,39.56595636034788,0.940396079152416,0.17872047874150798,5.261826097235091,0.7083333333333334,1.16601350935669,-0.2956377753285271,0.13054132461547852
ETH-USD,1d,5,0.55,0.75,10,30,0.8931252516570478,37.91197646363457,0.8500368593600827,0.18143627184512243,4.6850436834686,0.5416666666666666,1.0270462082771452,-0.15745241576125335,0.12981963157653809
ETH-USD,1d,5,0.55,0.75,12,26,0.9339125133522611,96.56205877340572,0.8826657036356748,0.17815048056680557,4.954607480301909,0.5833333333333334,1.1142644596131428,-0.1665757665518307,0.12759613990783691
ETH-USD,1d,5,0.55,0.75,20,50,0.8036045623566092,47.49012968368375,0.7499818587243401,0.21344010221365514,3.513781388530271,0.16666666666666666,0.2508879977322512,-0.000500000000000167,0.12193775177001953
ETH-USD,1d,5,0.55,1.0,8,21,1.1015900942148646,97.87621219952459,1.0449949094788225,0.1080719994096002,9.669432555959485,0.7291666666666666,1.2928164906995487,-0.439317968499904,0.13858699798583984
ETH-USD,1d,5,0.55,1.0,9,21,1.0438091532663603,32.27490195285268,1.0355424420600647,0.12610847799438132,8.211521211969607,0.7083333333333334,1.2022889797827958,-0.36830308897037545,0.13486289978027344
ETH-USD,1d,5,0.55,1.0,10,30,0.974814607023351,27.458887962219464,0.9351819716904245,0.13043688615915353,7.169612823701996,0.5416666666666666,1.0467599573731208,-0.19626381666445303,0.1460421085357666
ETH-USD,1d,5,0.55,1.0,12,26,1.0140710619884552,91.05628352791226,0.9655891303192371,0.13111803405638905,7.364274009050293,0.5833333333333334,1.1336349184854242,-0.1975490202136736,0.1359100341796875
ETH-USD,1d,5,0.55,1.0,20,50,0.8426542400316991,38.73881059735442,0.7966073681795429,0.16217745241977796,4.911948956490049,0.16666666666666666,0.2514076860464411,-0.000500000000000167,0.12272953987121582
ETH-USD,1d,5,0.7,0.0,8,21,0.9771890086397867,113.98085275071185,0.8019343547951561,0.48886991733065727,1.6403839270248064,0.22916666666666666,0.3000970377660725,-0.11939076877259602,0.1488037109375
ETH-USD,1d,5,0.7,0.0,9,21,0.9326935648192433,84.21946971785063,0.8264977264985418,0.5464586353325807,1.5124616449615191,0.25,0.3097246490494762,-0.11939076877259602,0.13772296905517578
ETH-USD,1d,5,0.7,0.0,10,30,0.849859189340738,49.675649121175994,0.6917612550566905,0.5614759492327459,1.2320407597190561,0.2708333333333333,0.49705195249924544,-0.10569374888655092,0.15027689933776855
ETH-USD,1d,5,0.7,0.0,12,26,0.8825475266325767,64.75593881898993,0.7324423785431489,0.5183212729035293,1.4131049926624797,0.25,0.30795368833093834,-0.19093776602113222,0.12962102890014648
ETH-USD,1d,5,0.7,0.0,20,50,0.7974598721629774,37.65553303520682,0.6864041765085026,0.5139490266806633,1.33554913206401,0.041666666666666664,0.004896250313703522,-0.000500000000000167,0.1197211742401123
ETH-USD,1d,5,0.7,0.25,8,21,0.8798780662591129,150.81251786123227,0.7773379278136079,0.345888691278913,2.2473643903749045,0.6875,1.1483153761713274,-0.2103429931924491,0.1292400360107422
ETH-USD,1d,5,0.7,0.25,9,21,0.8415836983084553,100.17237092057101,0.7944741738277767,0.398943660269379,1.9914445395405542,0.6666666666666666,1.0807993250186658,-0.2103429931924491,0.1476120948791504
ETH-USD,1d,5,0.7,0.25,10,30,0.7815063315266183,51.3507074792664,0.6989366310666846,0.41546750952043754,1.6822895053176299,0.5,0.9625368810362844,-0.18509512773643977,0.14712905883789062
ETH-USD,1d,5,0.7,0.25,12,26,0.8196584464810774,76.30527656237645,0.7273703694339119,0.38079813139295005,1.9101206373392885,0.5208333333333334,1.0213196525464725,-0.18509512773643977,0.1372394561767578
ETH-USD,1d,5,0.7,0.25,20,50,0.7561973551617797,40.27110793801563,0.690992884575537,0.4035212151237202,1.7124078206487299,0.16666666666666666,0.24918820449447643,-0.000500000000000167,0.1307201385498047
ETH-USD,1d,5,0.7,0.5,8,21,0.9243262211288762,179.51276146927356,0.8549890016636214,0.21425436895219147,3.9905324024193076,0.7291666666666666,1.2068823895767018,-0.29659917994398755,0.15914392471313477
ETH-USD,1d,5,0.7,0.5,9,21,0.8894256015059558,106.00724649687238,0.8631714479698953,0.25146355045593216,3.43259071306703,0.7083333333333334,1.1289086372304749,-0.29659917994398755,0.14190006256103516
ETH-USD,1d,5,0.7,0.5,10,30,0.8168502813078306,47.97126609724056,0.771300354257429,0.26993830928882817,2.8573208311538854,0.5416666666666666,0.9996125416761409,-0.2609476865451853,0.13840222358703613
ETH-USD,1d,5,0.7,0.5,12,26,0.8501277741016854,81.78878923545703,0.7916241190672633,0.24378152258441077,3.247268745698964,0.5833333333333334,1.0764312308926172,-0.2609476865451853,0.14710736274719238
ETH-USD,1d,5,0.7,0.5,20,50,0.7547320104346814,39.51322958150608,0.7188922787789369,0.28726396693724904,2.5025494371731427,0.16666666666666666,0.2501865898174283,-0.000500000000000167,0.14449238777160645
ETH-USD,1d,5,0.7,0.75,8,21,1.0280560141033765,194.00298967101034,0.965433139997866,0.14104506608023643,6.844855809764088,0.7291666666666666,1.2546931696775492,-0.3781593290272107,0.14815807342529297
ETH-USD,1d,5,0.7,0.75,9,21,0.9933592783163491,100.6712091924671,0.9655129115348909,0.16629291793992224,5.806097598718596,0.7083333333333334,1.172459631735134,-0.3781593290272107,0.14192914962768555
ETH-USD,1d,5,0.7,0.75,10,30,0.9043555741077409,40.845383608744584,0.8649234098919889,0.1852300999120835,4.669453886287979,0.5416666666666666,1.027501855486215,-0.33325142531278584,0.17182064056396484
ETH-USD,1d,5,0.7,0.75,12,26,0.9330221454108782,80.4447835821686,0.881833549883629,0.16300609616057452,5.409819452488144,0.5833333333333334,1.1098636245763223,-0.33325142531278584,0.1499648094177246
ETH-USD,1d,5,0.7,0.75,20,50,0.7913116856925507,35.60119758801959,0.763011254501488,0.20946308219584225,3.642700405735906,0.16666666666666666,0.2508879977322512,-0.000500000000000167,0.1478559970855713
ETH-USD,1d,5,0.7,1.0,8,21,1.131412430977068,191.43665126948693,1.0704233107647914,0.09667011932987694,11.072949099318691,0.7291666666666666,1.2942076214777316,-0.4550234404421195,0.1709294319152832
ETH-USD,1d,5,0.7,1.0,9,21,1.0963248110753765,86.16787801251746,1.0642115869373296,0.11274099183743092,9.439437861890468,0.7083333333333334,1.209589371326669,-0.4550234404421195,0.15808725357055664
ETH-USD,1d,5,0.7,1.0,10,30,0.9936038766706811,31.81038440062116,0.9543206164212952,0.13225553101804668,7.21573312719205,0.5416666666666666,1.04973523681938,-0.40200634403924274,0.13058114051818848
ETH-USD,1d,5,0.7,1.0,12,26,1.018708215627027,72.97347941721482,0.9691753275063911,0.11331843827108354,8.552671059478447,0.5833333333333334,1.1346062221850033,-0.40200634403924274,0.1358356475830078
ETH-USD,1d,5,0.7,1.0,20,50,0.8367038929689748,29.257232146279588,0.8094396769999138,0.15774672341500762,5.131261426396803,0.16666666666666666,0.2514076860464411,-0.000500000000000167,0.1413567066192627
ETH-USD,1d,5,0.85,0.0,8,21,0.9105526393514407,74.60756668719247,0.8015655863804829,0.5024957235468098,1.5951689712356594,0.2708333333333333,0.2195126692047186,-0.17070005513296727,0.14954757690429688
ETH-USD,1d,5,0.85,0.0,9,21,0.9742619202741255,114.6948501562231,0.8140316076641003,0.5547302803500658,1.4674367643143635,0.3125,0.315007579451676,-0.17070005513296727,0.15915560722351074
ETH-USD,1d,5,0.85,0.0,10,30,0.8483838535114154,50.62686818118165,0.6545669083518579,0.5552760078632375,1.178813597350807,0.25,0.3028749274318642,-0.18123427729908537,0.14206314086914062
ETH-USD,1d,5,0.85,0.0,12,26,0.8387357518161077,47.20459255549871,0.67538162925384,0.48874108461476745,1.3818802030653619,0.22916666666666666,0.22599088694521371,-0.18123427729908537,0.13544607162475586
ETH-USD,1d,5,0.85,0.0,20,50,0.7783231604657336,32.78826453250993,0.7251860955946573,0.4559772945761919,1.5903995751996414,0.0625,0.11081662529346255,-0.0035194774220901337,0.13954448699951172
ETH-USD,1d,5,0.85,0.25,8,21,0.8307298620597716,90.16838267098828,0.7833561900553907,0.3504629295277249,2.23520413731353,0.6666666666666666,1.0894399676575937,-0.18885201368435733,0.14866423606872559
ETH-USD,1d,5,0.85,0.25,9,21,0.8782914457699805,147.00247064505345,0.8031680493102004,0.3988778337488211,2.0135690212757384,0.7083333333333334,1.143274209855251,-0.18885201368435733,0.14757871627807617
ETH-USD,1d,5,0.85,0.25,10,30,0.7825801022455362,51.71090936334337,0.6793329118778515,0.40110013359469393,1.6936741102268191,0.4791666666666667,0.858207573662012,-0.163168423579524,0.14026188850402832
ETH-USD,1d,5,0.85,0.25,12,26,0.7819085810880874,51.57822007659505,0.6846032793961103,0.3414525101574092,2.004973631854424,0.5208333333333334,0.9474097943623079,-0.19915555127938667,0.13904118537902832
ETH-USD,1d,5,0.85,0.25,20,50,0.7450407031982333,36.02820618953903,0.7225305284182977,0.35843456319210987,2.0157947994291043,0.1875,0.3181535913696825,-0.03545033827692923,0.12919378280639648
ETH-USD,1d,5,0.85,0.5,8,21,0.9065864451532756,98.47243156508394,0.8744828452007134,0.21512390115557595,4.065019463217591,0.7291666666666666,1.1870258208735625,-0.2719182422213453,0.15832185745239258
ETH-USD,1d,5,0.85,0.5,9,21,0.9248126171066076,168.13785505314476,0.8849062102673637,0.2456172319193973,3.6027855348429214,0.75,1.2238005719006406,-0.2719182422213453,0.14757251739501953
ETH-USD,1d,5,0.85,0.5,10,30,0.8259540261343963,47.85571553465863,0.7717285057666017,0.2546254046551209,3.030838603131037,0.5416666666666666,0.9424194627892661,-0.2356393889929458,0.14899396896362305
ETH-USD,1d,5,0.85,0.5,12,26,0.828668745085308,51.17055265368779,0.7690770340589035,0.20685176782948225,3.7180104483945735,0.5833333333333334,1.0424115333883304,-0.251144747515495,0.14457368850708008
ETH-USD,1d,5,0.85,0.5,20,50,0.7546864238225979,36.75198358852083,0.7459407357955155,0.2540715810268624,2.9359471562333015,0.1875,0.32324916806321097,-0.0873524867988753,0.1348419189453125
ETH-USD,1d,5,0.85,0.75,8,21,1.0317197706454655,98.13521248053603,0.9974054644050666,0.1420110809983881,7.023434068616009,0.7291666666666666,1.249026829992515,-0.3506571495353067,0.14792323112487793
ETH-USD,1d,5,0.85,0.75,9,21,1.0309503039497916,173.43497872512896,0.9982235671079336,0.15820976870921497,6.309493877983224,0.75,1.2791905614977215,-0.3506571495353067,0.15657377243041992
ETH-USD,1d,5,0.85,0.75,10,30,0.9210397961795102,40.53802433491724,0.8817542788850974,0.1718150916986331,5.131995508472044,0.5416666666666666,0.9932277054364569,-0.3048954207221941,0.14825177192687988
ETH-USD,1d,5,0.85,0.75,12,26,0.9247892919202639,46.48702828572916,0.8753693256353671,0.1298767526648116,6.740000097588957,0.5833333333333334,1.09611048748155,-0.3048954207221941,0.13327336311340332
ETH-USD,1d,5,0.85,0.75,20,50,0.8008279060654644,34.91371937845493,0.789608118961516,0.1822805945558483,4.331827646741577,0.1875,0.32769321222580633,-0.13925463532082116,0.139998197555542
ETH-USD,1d,5,0.85,1.0,8,21,1.1503715984152458,89.83733507443297,1.1122756579284896,0.09736698243550826,11.423540404625497,0.7291666666666666,1.2974465855143562,-0.42506873562624214,0.13776898384094238
ETH-USD,1d,5,0.85,1.0,9,21,1.1363978522320988,162.4166021599236,1.1056483423502104,0.10354228142615182,10.67823044964272,0.75,1.3239231463341952,-0.42506873562624214,0.14312505722045898
ETH-USD,1d,5,0.85,1.0,10,30,1.0163903789925979,31.600364041745358,0.9837475245653378,0.1207092179520092,8.149729915046338,0.5416666666666666,1.0308224480973585,-0.3709365187672692,0.1389005184173584
ETH-USD,1d,5,0.85,1.0,12,26,1.0204255655781842,38.85223518146738,0.9748618017946539,0.08290708700471015,11.758485758150803,0.5833333333333334,1.134789157062367,-0.3709365187672692,0.14651942253112793
ETH-USD,1d,5,0.85,1.0,20,50,0.8535427861838996,30.843847413229277,0.8363964479915399,0.134553094201893,6.216107128213279,0.1875,0.3313657415839697,-0.19115678384276713,0.13557863235473633
ETH-USD,1d,5,1.0,0.0,8,21,0.9548574543210283,101.6494893069171,0.7924731811678389,0.5337534512120774,1.4847176713672694,0.25,0.21036393129110634,-0.17070005513296727,0.1408824920654297
ETH-USD,1d,5,1.0,0.0,9,21,0.9490180387908255,98.28182805842016,0.7860596994258839,0.5534134233996889,1.4203842302866805,0.3125,0.238255554187538,-0.17070005513296727,0.1513385772705078
ETH-USD,1d,5,1.0,0.0,10,30,0.790676058083683,34.711041152819405,0.6561753403151548,0.5359917741746038,1.2242265122923328,0.22916666666666666,0.2772244296314312,-0.2064204363537584,0.1403660774230957
ETH-USD,1d,5,1.0,0.0,12,26,0.8050018902243831,38.50445957049665,0.6751286518143982,0.5224363961507508,1.2922695600625564,0.22916666666666666,0.24644848135195688,-0.2078234000784036,0.13184905052185059
ETH-USD,1d,5,1.0,0.0,20,50,0.8135771418474971,42.59826259445049,0.7133272355306807,0.462139773070157,1.5435313666941,0.0625,0.11081662529346255,-0.0035194774220901337,0.1419389247894287
ETH-USD,1d,5,1.0,0.25,8,21,0.8632980895405895,127.88671286468792,0.7807560370173956,0.367795664210937,2.1227983714610046,0.6666666666666666,1.0789480939932625,-0.18975400057152025,0.13883733749389648
ETH-USD,1d,5,1.0,0.25,9,21,0.861264837391666,122.15176668659636,0.7879688260362252,0.3908213856051601,2.016186562606111,0.6875,1.1162448237443177,-0.18975400057152025,0.16684174537658691
ETH-USD,1d,5,1.0,0.25,10,30,0.7429085722167752,34.73562226363273,0.6815731137267684,0.3907100455708564,1.7444473758818753,0.4791666666666667,0.8583831325826191,-0.2698598480446093,0.14015841484069824
ETH-USD,1d,5,1.0,0.25,12,26,0.7540350991209444,39.94897953764093,0.6987099492846368,0.378530454618061,1.8458487045372305,0.5208333333333334,0.9369533567027716,-0.27219858177570133,0.12935161590576172
ETH-USD,1d,5,1.0,0.25,20,50,0.778766427246639,50.00967664187028,0.7136310535712629,0.365705955598439,1.9513793599655258,0.1875,0.3181535913696825,-0.03545033827692923,0.12436985969543457
ETH-USD,1d,5,1.0,0.5,8,21,0.9313645626300864,144.26944636890389,0.8842084647035234,0.22575391331343064,3.916691638810762,0.7291666666666666,1.1804705050823738,-0.2736448089849495,0.13157081604003906
ETH-USD,1d,5,1.0,0.5,9,21,0.9202769804278663,135.89622424001644,0.8831116835288377,0.2340863149328457,3.77258996871382,0.75,1.2107003810845738,-0.2736448089849495,0.13239097595214844
ETH-USD,1d,5,1.0,0.5,10,30,0.8081824617600207,31.501971261760787,0.7829898846314859,0.24555336961449814,3.1886749746530705,0.5416666666666666,0.9468768548207588,-0.32968253584427787,0.12862801551818848
ETH-USD,1d,5,1.0,0.5,12,26,0.8125244496762305,37.56052138460685,0.7924305219225958,0.2343219960309362,3.3818016888946936,0.5625,1.0324561888328825,-0.3331007156866984,0.1349496841430664
ETH-USD,1d,5,1.0,0.5,20,50,0.7837662474423017,54.63532639140526,0.7437004257092364,0.26085686834303223,2.850990393441567,0.1875,0.32324916806321097,-0.0873524867988753,0.13301634788513184
ETH-USD,1d,5,1.0,0.75,8,21,1.0536946637928324,147.60754963992684,1.0178064515362557,0.15151169198799927,6.717675964023111,0.7291666666666666,1.2480593057969116,-0.35313088916463076,0.134263277053833
ETH-USD,1d,5,1.0,0.75,9,21,1.0356678586236214,136.82719991068575,1.0074385344820618,0.14709164446101777,6.84905344673778,0.75,1.2755680697935852,-0.35313088916463076,0.1400151252746582
ETH-USD,1d,5,1.0,0.75,10,30,0.9171926557129088,26.090196961106816,0.9017327987699455,0.16303534816309187,5.53090362875111,0.5416666666666666,1.0001573336606315,-0.38602240657077447,0.14151740074157715
ETH-USD,1d,5,1.0,0.75,12,26,0.9153674249431322,32.253938567280116,0.9044383152177689,0.14927999692038088,6.058670510960386,0.5833333333333334,1.0876824545322832,-0.39062286352913145,0.1260216236114502
ETH-USD,1d,5,1.0,0.75,20,50,0.8264192325327406,55.78151989782039,0.7933293174758991,0.18953365577845588,4.185691001513812,0.1875,0.32769321222580633,-0.13925463532082116,0.1180582046508789
ETH-USD,1d,5,1.0,1.0,8,21,1.1710928150151807,138.05030037587545,1.1410301232074953,0.10670290442569809,10.693524504780886,0.7291666666666666,1.3015485215002058,-0.42821224111056466,0.13161063194274902
ETH-USD,1d,5,1.0,1.0,9,21,1.147991834646133,125.59335868226226,1.1234792430308047,0.09353839521457166,12.010888581673957,0.75,1.3272497858760672,-0.42821224111056466,0.15991473197937012
ETH-USD,1d,5,1.0,1.0,10,30,1.0221210710258168,19.798808559745215,1.010654346487688,0.11094905642244487,9.10917477873416,0.5416666666666666,1.0397199086543758,-0.4390109207144197,0.1425037384033203
ETH-USD,1d,5,1.0,1.0,12,26,1.0153811428401776,25.38825823037682,1.0080293415597121,0.09466951107801734,10.647877337498796,0.5833333333333334,1.1281321949067713,-0.4448580870207365,0.13164329528808594
ETH-USD,1d,5,1.0,1.0,20,50,0.8764810613859931,53.225980897676116,0.8449295351012145,0.1419719299620172,5.951384441468568,0.1875,0.3313657415839697,-0.19115678384276713,0.12210249900817871
ETH-USD,1d,7,0.0,0.0,8,21,0.7687253585871864,31.40609310125169,0.8148762694009809,0.4797928608684651,1.6983918183484157,0.25,0.2267303191723203,-0.18635815828878288,0.15299272537231445
ETH-USD,1d,7,0.0,0.0,9,21,0.9287084564674204,96.56813644321505,0.8291956222436433,0.5101282311334737,1.625465072578362,0.2708333333333333,0.3538480170026763,-0.18635815828878288,0.1459333896636963
ETH-USD,1d,7,0.0,0.0,10,30,0.8571521639420866,60.42995524599721,0.6783489245221973,0.43078743474597425,1.5746720303534492,0.25,0.38842624647877955,-0.19341554791172355,0.1666240692138672
ETH-USD,1d,7,0.0,0.0,12,26,0.6776910195101878,16.2900188924271,0.7131571510001351,0.41260342300148317,1.7284324638227044,0.25,0.3795047600285027,-0.19341554791172355,0.13448834419250488
ETH-USD,1d,7,0.0,0.0,20,50,0.8025668448037618,39.27357709529932,0.6626925487067266,0.5093198143029457,1.3011324713798669,0.041666666666666664,0.09882548979884849,0.0,0.12847185134887695
ETH-USD,1d,7,0.0,0.25,8,21,0.717935288158806,30.191904054628328,0.7823103640468171,0.37796834890894937,2.069777446458279,0.5416666666666666,0.7778109165434725,-0.19118422933517842,0.174241304397583
ETH-USD,1d,7,0.0,0.25,9,21,0.8397636529720354,104.28687814833312,0.7917581223384339,0.3983184480749611,1.987751574562848,0.5625,0.9078814973120589,-0.2088464590686181,0.13863873481750488
ETH-USD,1d,7,0.0,0.25,10,30,0.7994227750830891,67.38351218671129,0.6598201429774396,0.3441289531557354,1.9173630609303551,0.4791666666666667,0.831854957450318,-0.19341554791172355,0.13866162300109863
ETH-USD,1d,7,0.0,0.25,12,26,0.6523100875431712,14.23941920153461,0.6920016906385434,0.30238547730155085,2.288475282655363,0.5,0.9237297663382081,-0.19341554791172355,0.13348054885864258
ETH-USD,1d,7,0.0,0.25,20,50,0.7561274966417982,37.565882453342866,0.6761817636863664,0.4024669308285498,1.6800927278530087,0.125,0.26429374369768094,0.0,0.1278679370880127
ETH-USD,1d,7,0.0,0.5,8,21,0.7568682450193006,25.90840625537171,0.8261118525225843,0.2655230579453751,3.111262196643339,0.5625,0.8227925200288985,-0.22969275435757708,0.14022088050842285
ETH-USD,1d,7,0.0,0.5,9,21,0.8390552130006788,99.74527113937268,0.8244919345508764,0.2771348077950965,2.9750573055423484,0.5833333333333334,0.9494273729115541,-0.25088601691801427,0.13905644416809082
ETH-USD,1d,7,0.0,0.5,10,30,0.8136661861767133,67.75476166387791,0.7023995654047358,0.24591495723602233,2.8562702053563673,0.4791666666666667,0.8581123969349852,-0.19341554791172355,0.14092397689819336
ETH-USD,1d,7,0.0,0.5,12,26,0.7004032201885602,11.185792064858594,0.7280975027443711,0.20115170649608846,3.619643678034268,0.5208333333333334,0.9546242823496662,-0.19341554791172355,0.13182640075683594
ETH-USD,1d,7,0.0,0.5,20,50,0.7355972892098802,31.256703396965534,0.6945618028039588,0.2922444653447636,2.376646558505659,0.125,0.2645570179364604,0.0,0.14324522018432617
ETH-USD,1d,7,0.0,0.75,8,21,0.8356571461686222,19.758183433320276,0.9035819913984703,0.19791814078905576,4.565432899662907,0.5625,0.8581321487575443,-0.26820127937997584,0.14084076881408691
ETH-USD,1d,7,0.0,0.75,9,21,0.8912360699599632,85.22191830664737,0.8919084154539039,0.2032778309794093,4.387632488779597,0.5833333333333334,0.9830873104686848,-0.29292557476741043,0.13968610763549805
ETH-USD,1d,7,0.0,0.75,10,30,0.8712458261229995,61.47725178152942,0.7683844633542904,0.18356635104864003,4.185867720117669,0.4791666666666667,0.8790979073459352,-0.19341554791172355,0.12913084030151367
ETH-USD,1d,7,0.0,0.75,12,26,0.7785541192628106,7.841883869902267,0.7907665998021873,0.1408200581890049,5.615440086957227,0.5208333333333334,0.9744749390284676,-0.19341554791172355,0.14781975746154785
ETH-USD,1d,7,0.0,0.75,20,50,0.7547468295301607,21.699310364954073,0.7251108421465504,0.21713989411747978,3.339371814164383,0.125,0.26472916211317954,0.0,0.15073657035827637
ETH-USD,1d,7,0.0,1.0,8,21,0.9155024924676944,13.192315879861622,0.9816575359903403,0.1551366944786159,6.32769403324919,0.5833333333333334,0.8868291818178798,-0.3067098044023746,0.15588760375976562
ETH-USD,1d,7,0.0,1.0,9,21,0.9524672702466916,65.20207427548971,0.9622589717052492,0.15638628987882972,6.153090353705692,0.6041666666666666,1.010693675914376,-0.33496513261680605,0.16714930534362793
ETH-USD,1d,7,0.0,1.0,10,30,0.9346520703609603,49.803642074329666,0.8347995698241446,0.1441846967466157,5.789793151843204,0.4791666666666667,0.8960443988110046,-0.19341554791172355,0.13583111763000488
ETH-USD,1d,7,0.0,1.0,12,26,0.8558105444241558,4.78184779750607,0.8554398764902468,0.10672637126306714,8.015262454503345,0.5208333333333334,0.9894388729584506,-0.2031157693489365,0.13180065155029297
ETH-USD,1d,7,0.0,1.0,20,50,0.7870490546059172,10.844048134055157,0.7594291782268829,0.16668220690922533,4.556150247281439,0.125,0.26484966584119835,0.0,0.1252281665802002
ETH-USD,1d,7,0.1,0.0,8,21,0.7892323198559135,34.81841611288789,0.7837732957854305,0.49743301150211194,1.5756358698805475,0.22916666666666666,0.16403657968221777,-0.18635815828878288,0.15609240531921387
ETH-USD,1d,7,0.1,0.0,9,21,0.851691965280546,56.25446397737282,0.8313032354187475,0.5099960842273837,1.6300188592195302,0.25,0.302771558420363,-0.18635815828878288,0.12921452522277832
ETH-USD,1d,7,0.1,0.0,10,30,0.8560726358343299,59.403488284277685,0.6978703627388609,0.44735049597940074,1.5600080228166238,0.25,0.38842624647877955,-0.19341554791172355,0.1400916576385498
ETH-USD,1d,7,0.1,0.0,12,26,0.7106148905967639,20.77544310693975,0.7082184610489907,0.4124214160781808,1.717220380511804,0.25,0.3793983494816697,-0.19341554791172355,0.14291977882385254
ETH-USD,1d,7,0.1,0.0,20,50,0.7869864352969722,35.31287852310058,0.6654031098976934,0.5315488646182573,1.2518192666549408,0.041666666666666664,0.09882548979884849,0.0,0.1364579200744629
ETH-USD,1d,7,0.1,0.25,8,21,0.7302803486539435,33.277919023921704,0.7627954470753394,0.3856789028547525,1.9777992558815432,0.5416666666666666,0.7697170642074437,-0.19118422933517842,0.13930416107177734
ETH-USD,1d,7,0.1,0.25,9,21,0.7805271537617513,56.79409949992977,0.7914758871662663,0.3943064086910153,2.0072610277721337,0.5625,0.9013598968661573,-0.2088464590686181,0.13682937622070312
ETH-USD,1d,7,0.1,0.25,10,30,0.7971117806982474,63.96072033382514,0.6798217088958245,0.35194609357036677,1.931607485678495,0.4791666666666667,0.8296454156735491,-0.19341554791172355,0.13817930221557617
ETH-USD,1d,7,0.1,0.25,12,26,0.6814948524928626,19.236814063374812,0.6822522922344076,0.30129707447268644,2.264384058253629,0.5,0.8998213544217856,-0.19341554791172355,0.13429689407348633
ETH-USD,1d,7,0.1,0.25,20,50,0.7427729680048363,33.43102929257572,0.6821811940714053,0.428137075121892,1.5933709872642685,0.125,0.26429374369768094,0.0,0.12298893928527832
ETH-USD,1d,7,0.1,0.5,8,21,0.7687224505549984,28.245911493543144,0.8167852282987098,0.26712210506181555,3.0577223405367184,0.5625,0.8182869399814923,-0.22969275435757708,0.14100170135498047
ETH-USD,1d,7,0.1,0.5,9,21,0.8048469781155123,50.67161654210686,0.8270107180906772,0.27065201123835875,3.055623766868455,0.5833333333333334,0.9457868760728833,-0.25088601691801427,0.13579201698303223
ETH-USD,1d,7,0.1,0.5,10,30,0.8110280477620715,61.36685745205232,0.7245173124105774,0.2463792657993492,2.9406586226319176,0.4791666666666667,0.8558288803726146,-0.19341554791172355,0.15899348258972168
ETH-USD,1d,7,0.1,0.5,12,26,0.7225908082869851,16.047607374268036,0.7208748045907838,0.20109666332375264,3.5847178798298702,0.5208333333333334,0.9315785972795453,-0.19341554791172355,0.14333748817443848
ETH-USD,1d,7,0.1,0.5,20,50,0.7257811120424636,27.536984068801353,0.7041911415672806,0.3148356928381005,2.23669411564908,0.125,0.2645570179364604,0.0,0.12981796264648438
ETH-USD,1d,7,0.1,0.75,8,21,0.8504941817611891,21.227128611280843,0.9014639907498114,0.19765938202174654,4.560694167558574,0.5625,0.8549927902410671,-0.26820127937997584,0.15574240684509277
ETH-USD,1d,7,0.1,0.75,9,21,0.874771664427506,40.163852967903324,0.8978231373500035,0.19595822440112307,4.5817068413121325,0.5833333333333334,0.9805907360943841,-0.29292557476741043,0.14763975143432617
ETH-USD,1d,7,0.1,0.75,10,30,0.8703722572690497,52.44497182537807,0.793613802134092,0.18043372316551687,4.398367379506369,0.4791666666666667,0.876879537145785,-0.19341554791172355,0.14263463020324707
ETH-USD,1d,7,0.1,0.75,12,26,0.7966436227538487,12.025350532587082,0.7882021269690991,0.14410820666147284,5.469515895237519,0.5208333333333334,0.9514643934859827,-0.19341554791172355,0.13268208503723145
ETH-USD,1d,7,0.1,0.75,20,50,0.7471225233563671,18.90634621526847,0.7368947292199234,0.23599525205928618,3.122498112948486,0.125,0.26472916211317954,0.0,0.13661623001098633
ETH-USD,1d,7,0.1,1.0,8,21,0.9334977419731071,13.928136512932708,0.984925396793807,0.15449044512833798,6.375315936047771,0.5833333333333334,0.8844274027770753,-0.3067098044023746,0.14412593841552734
ETH-USD,1d,7,0.1,1.0,9,21,0.9486696691860701,28.25770560938049,0.9709813022293075,0.1487862375961934,6.526015563781884,0.6041666666666666,1.00883544166922,-0.33496513261680605,0.15435409545898438
ETH-USD,1d,7,0.1,1.0,10,30,0.9358788229124962,39.41349657457269,0.8628387934947581,0.13855396324894578,6.227456604358975,0.4791666666666667,0.8939368859408706,-0.19341554791172355,0.14500689506530762
ETH-USD,1d,7,0.1,1.0,12,26,0.8712834130683806,7.9683348595092465,0.8570811536375713,0.11297247525929438,7.586636936744096,0.5208333333333334,0.9665840207535424,-0.2031157693489365,0.1447458267211914
ETH-USD,1d,7,0.1,1.0,20,50,0.7808118682133414,9.296933401828309,0.7725608514182333,0.1819032887870131,4.247096666420415,0.125,0.26484966584119835,0.0,0.12482738494873047
ETH-USD,1d,7,0.25,0.0,8,21,0.8018476837182617,37.401958350749716,0.7682197919418761,0.500671340055542,1.5343794031762503,0.22916666666666666,0.16403657968221777,-0.18635815828878288,0.14630484580993652
ETH-USD,1d,7,0.25,0.0,9,21,0.9053660189664319,76.14636996959963,0.7952498572682736,0.5273073914110916,1.5081333397208017,0.25,0.302771558420363,-0.18635815828878288,0.14429903030395508
ETH-USD,1d,7,0.25,0.0,10,30,0.8621724769340414,61.58262767302048,0.6849108964880367,0.5254995434966033,1.3033520294437015,0.25,0.38842624647877955,-0.19341554791172355,0.13550233840942383
ETH-USD,1d,7,0.25,0.0,12,26,0.7278383004987935,23.21646525263312,0.7227067357900948,0.45581057776938333,1.5855418260077043,0.25,0.3793983494816697,-0.19341554791172355,0.1380159854888916
ETH-USD,1d,7,0.25,0.0,20,50,0.7838791592513503,34.17684848168869,0.6802835934944131,0.5240921336670311,1.2980229043594353,0.041666666666666664,0.09882548979884849,0.0,0.12200498580932617
ETH-USD,1d,7,0.25,0.25,8,21,0.7377994716725929,35.835205823980246,0.7450409554241693,0.37492925818655826,1.9871507468575575,0.5416666666666666,0.7697170642074437,-0.19118422933517842,0.14767765998840332
ETH-USD,1d,7,0.25,0.25,9,21,0.8252719784141126,86.76884059956171,0.7664118302083718,0.3989677645610793,1.920986852287509,0.5625,0.9013598968661573,-0.2088464590686181,0.15119171142578125
ETH-USD,1d,7,0.25,0.25,10,30,0.8025171501409167,64.93593795676783,0.6802857244874624,0.4087700725581288,1.66422585741211,0.4791666666666667,0.8296454156735491,-0.19341554791172355,0.14014029502868652
ETH-USD,1d,7,0.25,0.25,12,26,0.6954937849641645,22.01147216178978,0.6995772275756533,0.3290419210809567,2.1261036444153603,0.5,0.8998213544217856,-0.19341554791172355,0.14299392700195312
ETH-USD,1d,7,0.25,0.25,20,50,0.7393042988273083,32.30658260193672,0.6900999178417171,0.42700498164558137,1.6161402032880903,0.125,0.26429374369768094,0.0,0.13284611701965332
ETH-USD,1d,7,0.25,0.5,8,21,0.7832677883116832,30.37078152045533,0.8070277794992663,0.25206877099344793,3.2016174646253326,0.5625,0.8182869399814923,-0.22969275435757708,0.1369948387145996
ETH-USD,1d,7,0.25,0.5,9,21,0.8445057081239596,87.61444106907122,0.8148517329909435,0.2677519375880777,3.043308445612633,0.5833333333333334,0.9457868760728833,-0.25088601691801427,0.15848994255065918
ETH-USD,1d,7,0.25,0.5,10,30,0.8219597218300393,60.78555555140148,0.7318696158902533,0.2852980238414452,2.565281056054531,0.4791666666666667,0.8558288803726146,-0.19341554791172355,0.14313888549804688
ETH-USD,1d,7,0.25,0.5,12,26,0.7349781922822656,18.77539584730896,0.74221788806728,0.21539909772644997,3.4457799308420185,0.5208333333333334,0.9315785972795453,-0.19341554791172355,0.1444263458251953
ETH-USD,1d,7,0.25,0.5,20,50,0.7255503621568373,26.65329130094827,0.7094645098927722,0.31613054332700885,2.2442137429248477,0.125,0.2645570179364604,0.0,0.12538838386535645
ETH-USD,1d,7,0.25,0.75,8,21,0.872525110645068,22.71493549433387,0.8997156516343949,0.18203790644551177,4.942463189136385,0.5625,0.8549927902410671,-0.26820127937997584,0.1369917392730713
ETH-USD,1d,7,0.25,0.75,9,21,0.9169215416834754,79.00261813437523,0.8953283814819019,0.1897507980712336,4.718443298171479,0.5833333333333334,0.9805907360943841,-0.29292557476741043,0.14081692695617676
ETH-USD,1d,7,0.25,0.75,10,30,0.8889300396615119,50.50466845202812,0.8050943023718267,0.20936905387746463,3.8453357239843875,0.4791666666666667,0.876879537145785,-0.19341554791172355,0.14443016052246094
ETH-USD,1d,7,0.25,0.75,12,26,0.8099845502257993,14.374047294497407,0.8127131663500643,0.14799463347771125,5.491504301556064,0.5208333333333334,0.9514643934859827,-0.19341554791172355,0.14032506942749023
ETH-USD,1d,7,0.25,0.75,20,50,0.7511265757171004,18.396154839948547,0.7415558071202228,0.23839792540148635,3.1105799510267023,0.125,0.26472916211317954,0.0,0.15261292457580566
ETH-USD,1d,7,0.25,1.0,8,21,0.9615093359893425,14.794933674893683,0.9897407334326269,0.13914823098550735,7.112851715202265,0.5833333333333334,0.8844274027770753,-0.3067098044023746,0.15466761589050293
ETH-USD,1d,7,0.25,1.0,9,21,0.9942765733386021,63.78077994185554,0.9758240667083857,0.14072846726548693,6.934091486035125,0.6041666666666666,1.00883544166922,-0.33496513261680605,0.14685606956481934
ETH-USD,1d,7,0.25,1.0,10,30,0.9611391324097706,36.76104002229854,0.877436985245659,0.1611605797828563,5.444488884489591,0.4791666666666667,0.8939368859408706,-0.19341554791172355,0.1401216983795166
ETH-USD,1d,7,0.25,1.0,12,26,0.8859700421431848,9.73948212887077,0.8840890773485626,0.10825700124655015,8.166576453887652,0.5208333333333334,0.9665840207535424,-0.2031157693489365,0.13445019721984863
ETH-USD,1d,7,0.25,1.0,20,50,0.7884631926774425,9.134677477851726,0.7771634372822567,0.18505973780153367,4.199527387830417,0.125,0.26484966584119835,0.0,0.11863255500793457
ETH-USD,1d,7,0.4,0.0,8,21,0.8461541030627261,50.84554657982825,0.7559250323474553,0.5026688654906036,1.5038230617479647,0.22916666666666666,0.16403657968221777,-0.18635815828878288,0.12965083122253418
ETH-USD,1d,7,0.4,0.0,9,21,0.891211655193434,68.86210279560592,0.7817355029870171,0.5602472360697489,1.3953402224186853,0.25,0.302771558420363,-0.18635815828878288,0.13482332229614258
ETH-USD,1d,7,0.4,0.0,10,30,0.8575377401665043,58.35301850044196,0.6527190804018661,0.54290524633859,1.202270718148097,0.25,0.38842624647877955,-0.19341554791172355,0.13946843147277832
ETH-USD,1d,7,0.4,0.0,12,26,0.7622553073234047,30.44828974816841,0.6821187093528884,0.46893556010766246,1.454610755465594,0.25,0.3793983494816697,-0.19341554791172355,0.13351058959960938
ETH-USD,1d,7,0.4,0.0,20,50,0.8559056370604189,56.25452554419769,0.6617171254397611,0.5391697428891062,1.2272890572345412,0.041666666666666664,0.09882548979884849,0.0,0.12930536270141602
ETH-USD,1d,7,0.4,0.25,8,21,0.7776835487624103,53.534003109752106,0.7356950687828941,0.37146148245422295,1.9805420037690113,0.5416666666666666,0.7697170642074437,-0.19118422933517842,0.1418170928955078
ETH-USD,1d,7,0.4,0.25,9,21,0.8148036870470974,76.87129277107859,0.7564370785315826,0.42759430596994497,1.7690532076092509,0.5625,0.9013598968661573,-0.2088464590686181,0.1370832920074463
ETH-USD,1d,7,0.4,0.25,10,30,0.793406397686521,58.930081499379995,0.6566542800421483,0.4180563792377525,1.5707313957017817,0.4791666666666667,0.8296454156735491,-0.19341554791172355,0.1388559341430664
ETH-USD,1d,7,0.4,0.25,12,26,0.7323913084811706,31.74279764557292,0.6643098614029965,0.3342306454900871,1.9875791474145337,0.5,0.8998213544217856,-0.19341554791172355,0.12737083435058594
ETH-USD,1d,7,0.4,0.25,20,50,0.8054796930676087,62.94438989437905,0.6749197830831402,0.43028388870049245,1.5685453274150623,0.125,0.26429374369768094,0.0,0.11957097053527832
ETH-USD,1d,7,0.4,0.5,8,21,0.8243701335553255,50.39130212270985,0.8025982022077283,0.24614761901734628,3.2606376832398625,0.5625,0.8182869399814923,-0.22969275435757708,0.13811922073364258
ETH-USD,1d,7,0.4,0.5,9,21,0.8441970646898452,76.31891590839453,0.8126819175395958,0.2854735969577185,2.8467848732783585,0.5833333333333334,0.9457868760728833,-0.25088601691801427,0.12754034996032715
ETH-USD,1d,7,0.4,0.5,10,30,0.8193745292672923,52.15635472185735,0.7195773745745849,0.2847219469490537,2.527298588272654,0.4791666666666667,0.8558288803726146,-0.19341554791172355,0.12660002708435059
ETH-USD,1d,7,0.4,0.5,12,26,0.7734370943408361,30.316475041417245,0.7201938559519742,0.21397936520882319,3.3657163869475664,0.5208333333333334,0.9315785972795453,-0.19341554791172355,0.12716031074523926
ETH-USD,1d,7,0.4,0.5,20,50,0.7888953929589143,64.37161826163987,0.7001882211110244,0.3125412098780778,2.240306874681158,0.125,0.2645570179364604,0.0,0.13271331787109375
ETH-USD,1d,7,0.4,0.75,8,21,0.917570289436123,42.44273982966067,0.9002610518279933,0.17574198185028111,5.12262945000215,0.5625,0.8549927902410671,-0.26820127937997584,0.13269686698913574
ETH-USD,1d,7,0.4,0.75,9,21,0.926162649698994,68.00601680867877,0.8992565197467902,0.20091427357672204,4.475821969927866,0.5833333333333334,0.9805907360943841,-0.29292557476741043,0.13069558143615723
ETH-USD,1d,7,0.4,0.75,10,30,0.8943951388511381,40.389308243269454,0.801349146197829,0.20436802560735548,3.9211082253024783,0.4791666666666667,0.876879537145785,-0.19341554791172355,0.1331651210784912
ETH-USD,1d,7,0.4,0.75,12,26,0.850902793979969,26.659638987195656,0.8013540116033951,0.14463766383735605,5.540424190648652,0.5208333333333334,0.9514643934859827,-0.19341554791172355,0.13037776947021484
ETH-USD,1d,7,0.4,0.75,20,50,0.8144205933361208,60.318969325901335,0.7373237285053351,0.23201217209223723,3.1779527852194303,0.125,0.26472916211317954,0.0,0.12377548217773438
ETH-USD,1d,7,0.4,1.0,8,21,1.0101594620907461,31.760074371168024,0.9945021461407821,0.13344807628900932,7.452352808645834,0.5833333333333334,0.8844274027770753,-0.3067098044023746,0.13779568672180176
ETH-USD,1d,7,0.4,1.0,9,21,1.011097295285394,54.631345255857234,0.9845554070547898,0.14731988631854132,6.683112726043939,0.6041666666666666,1.00883544166922,-0.33496513261680605,0.13719892501831055
ETH-USD,1d,7,0.4,1.0,10,30,0.9734753617564028,26.933510084971072,0.8803077883708659,0.1538045550659318,5.723548226471589,0.4791666666666667,0.8939368859408706,-0.19341554791172355,0.13782048225402832
ETH-USD,1d,7,0.4,1.0,12,26,0.9290474678187599,21.586748767400426,0.8809653623437225,0.10443561455915099,8.435487894263838,0.5208333333333334,0.9665840207535424,-0.2031157693489365,0.12986111640930176
ETH-USD,1d,7,0.4,1.0,20,50,0.8519203358979818,51.52732800777107,0.7768907047096336,0.1776571971470459,4.372976255313796,0.125,0.26484966584119835,0.0,0.12829279899597168
ETH-USD,1d,7,0.55,0.0,8,21,0.9132470801065423,79.24337603745181,0.744358211033829,0.5166427988181114,1.440759868784868,0.25,0.23896552828653891,-0.12849356827472758,0.13296794891357422
ETH-USD,1d,7,0.55,0.0,9,21,0.7967228363660079,35.839252421725696,0.7502474078399433,0.5774520911111141,1.299237494137985,0.2708333333333333,0.42304999063252663,-0.12040726427869419,0.13244342803955078
ETH-USD,1d,7,0.55,0.0,10,30,0.8473540300465021,54.077832799689105,0.6555321357039642,0.5518033258926396,1.1879814871422256,0.2708333333333333,0.5264057535289028,-0.11966475233314067,0.1333611011505127
ETH-USD,1d,7,0.55,0.0,12,26,0.7873386065526985,36.36763168405974,0.6945675753015215,0.528989276548969,1.3130088001646376,0.25,0.3784700771174297,-0.12658752797846962,0.13847899436950684
ETH-USD,1d,7,0.55,0.0,20,50,0.8127373172156775,41.894368977663554,0.6812170785654323,0.5400942795856056,1.2612928970255064,0.041666666666666664,0.09882548979884849,0.0,0.13021039962768555
ETH-USD,1d,7,0.55,0.25,8,21,0.8283758588697432,90.13441452780076,0.7351629660418723,0.3739574301559471,1.9659001446643158,0.6458333333333334,1.0387068464814235,-0.16095958205461824,0.13614225387573242
ETH-USD,1d,7,0.55,0.25,9,21,0.7349685601911243,33.573856675283366,0.733091311587427,0.4263377954271444,1.719508144599164,0.6458333333333334,1.0841845418757419,-0.15085271284757584,0.131181001663208
ETH-USD,1d,7,0.55,0.25,10,30,0.7861192839713731,53.5269711069268,0.6674547927512153,0.41511950352851273,1.607861801427913,0.5,0.9451750773221868,-0.057373189649255196,0.1275951862335205
ETH-USD,1d,7,0.55,0.25,12,26,0.7536679265258184,38.835714346739465,0.6904454167843674,0.3958053625869484,1.744406423075418,0.5208333333333334,0.9935685048171998,-0.1067333698517845,0.13202857971191406
ETH-USD,1d,7,0.55,0.25,20,50,0.7664888641613486,43.858286960587456,0.690251567590678,0.4302515681290256,1.6042976219523795,0.14583333333333334,0.298063076124013,0.0,0.1500377655029297
ETH-USD,1d,7,0.55,0.5,8,21,0.873654038071085,91.02806707137819,0.8139381804499637,0.24076218047182188,3.3806729065789662,0.6666666666666666,1.098423759235563,-0.19342559583450858,0.1462078094482422
ETH-USD,1d,7,0.55,0.5,9,21,0.7953154522846592,27.277003262102706,0.8046502255886967,0.2780559725293504,2.8938426255302296,0.6666666666666666,1.1253288549606806,-0.18129816141645727,0.14322543144226074
ETH-USD,1d,7,0.55,0.5,10,30,0.8142427617324207,46.39660248883905,0.7367193054821171,0.2790557422677929,2.640043524978361,0.5208333333333334,0.9729183051244771,-0.07364113082653323,0.12767291069030762
ETH-USD,1d,7,0.55,0.5,12,26,0.7996447119361685,37.74467268128573,0.7525968907028233,0.26372310186938347,2.853738960933232,0.5625,1.0346988945978346,-0.1266305809561039,0.13569235801696777
ETH-USD,1d,7,0.55,0.5,20,50,0.7579774806415379,42.031448038358306,0.7140216094232803,0.3107517307733385,2.2977236768605023,0.14583333333333334,0.2996099385198664,0.0,0.15935158729553223
ETH-USD,1d,7,0.55,0.75,8,21,0.9717811261663732,81.88953056317908,0.9199454621831267,0.16628905530735974,5.532206918144727,0.6875,1.140631263546286,-0.3169205172849141,0.1610419750213623
ETH-USD,1d,7,0.55,0.75,9,21,0.89844576881211,19.01680618840944,0.9031345142738937,0.19292472433614793,4.681279278130735,0.6875,1.1634932626584056,-0.2261359781090191,0.1346142292022705
ETH-USD,1d,7,0.55,0.75,10,30,0.8910305917943379,35.14801359669968,0.8233782722780401,0.19844727584740499,4.149103426903036,0.5208333333333334,0.9961333986034712,-0.09315138994644101,0.13254737854003906
ETH-USD,1d,7,0.55,0.75,12,26,0.8847652561144583,33.576093522817146,0.8370481187248986,0.18449135230969554,4.537058828208878,0.5625,1.059798225976375,-0.14771296822855817,0.15546011924743652
ETH-USD,1d,7,0.55,0.75,20,50,0.7889608146547132,36.946349410940726,0.7517830434456352,0.2303623857103093,3.263480021391318,0.14583333333333334,0.30070708420776576,0.0,0.13291406631469727
ETH-USD,1d,7,0.55,1.0,8,21,1.0696046562372197,65.33981587788864,1.0203578369450486,0.12146096567854944,8.40070578432136,0.6875,1.174334503174933,-0.4717215407282197,0.13507628440856934
ETH-USD,1d,7,0.55,1.0,9,21,0.9983919549492348,10.956875208041081,0.9974436971690436,0.13960419715701042,7.144797344790687,0.6875,1.1960633245233814,-0.350675488493693,0.13918375968933105
ETH-USD,1d,7,0.55,1.0,10,30,0.9714171217290624,22.883025404356296,0.9060711369377046,0.1493006019119671,6.0687708243263225,0.5208333333333334,1.0151201726198573,-0.11266164906634835,0.13792634010314941
ETH-USD,1d,7,0.55,1.0,12,26,0.9697222526469619,27.356735746734234,0.9188559923221182,0.1363084006786771,6.741007801039045,0.5625,1.0786134491281607,-0.182871612542986,0.1321854591369629
ETH-USD,1d,7,0.55,1.0,20,50,0.830243771374244,29.611468542750938,0.79238311881662,0.176487888956647,4.4897308449944875,0.14583333333333334,0.30152574313232644,0.0,0.11843299865722656
ETH-USD,1d,7,0.7,0.0,8,21,0.9574641836376787,98.73223186654172,0.7900896600509532,0.5043106062205444,1.5666727019130593,0.20833333333333334,0.2194326183627556,-0.11939076877259602,0.14350652694702148
ETH-USD,1d,7,0.7,0.0,9,21,0.8249770771661021,41.598698801262024,0.7994526930123851,0.5961457871493201,1.3410355490982302,0.25,0.3918597234610948,-0.11939076877259602,0.1403496265411377
ETH-USD,1d,7,0.7,0.0,10,30,0.8412704806671023,46.29487912378427,0.6326455911351835,0.5727165597889706,1.1046399485432985,0.25,0.48907744898346306,-0.11966475233314067,0.1326601505279541
ETH-USD,1d,7,0.7,0.0,12,26,0.8253107807139788,43.76019347100108,0.6894390521962122,0.5552738595600004,1.2416198607701872,0.22916666666666666,0.2956468824867509,-0.19093776602113222,0.13073086738586426
ETH-USD,1d,7,0.7,0.0,20,50,0.7769199496186964,32.49891775754916,0.7006298652485349,0.5263536384386679,1.3311010204599814,0.041666666666666664,0.09882548979884849,0.0,0.12703299522399902
ETH-USD,1d,7,0.7,0.25,8,21,0.8577154225207845,119.92047983429023,0.7655994884075878,0.3603702219438229,2.124480442024244,0.6458333333333334,1.0413577011749309,-0.20128881269481136,0.16160273551940918
ETH-USD,1d,7,0.7,0.25,9,21,0.7456875408627736,36.735025547287975,0.7780821962203781,0.4322236815437691,1.8001840932021806,0.6666666666666666,1.1498477920690566,-0.20128881269481136,0.13314294815063477
ETH-USD,1d,7,0.7,0.25,10,30,0.7715700279445872,46.333913513390776,0.653473902623907,0.4196101047905035,1.5573359534565152,0.4791666666666667,0.9147392755428353,-0.16746385400646902,0.13503456115722656
ETH-USD,1d,7,0.7,0.25,12,26,0.7757033428844119,49.42579492075605,0.6939650464580013,0.4059984845954208,1.7092798933708837,0.5,0.9696231959936461,-0.16746385400646902,0.13149046897888184
ETH-USD,1d,7,0.7,0.25,20,50,0.7363851857812274,33.31030128118082,0.7093168792232056,0.4172880293187391,1.6998256105770164,0.14583333333333334,0.298063076124013,0.0,0.12817907333374023
ETH-USD,1d,7,0.7,0.5,8,21,0.9007137053704608,128.40447576992813,0.8415436021181384,0.22785453121746832,3.693337137609761,0.6875,1.1047849423931206,-0.2792678336224622,0.14275717735290527
ETH-USD,1d,7,0.7,0.5,9,21,0.8137489748570302,27.617915489595504,0.8473537704719154,0.27611230575719886,3.068873617016698,0.7083333333333334,1.1961156741604315,-0.2792678336224622,0.1346898078918457
ETH-USD,1d,7,0.7,0.5,10,30,0.8078261997266193,41.64700302015898,0.7376586585391555,0.27379453649132174,2.694205180250324,0.5208333333333334,0.950944043063477,-0.2270280672396452,0.14130282402038574
ETH-USD,1d,7,0.7,0.5,12,26,0.8171498180030963,51.22788564770446,0.7649284237215628,0.26175015883393704,2.9223608769875042,0.5625,1.0221182426523694,-0.2270280672396452,0.13240265846252441
ETH-USD,1d,7,0.7,0.5,20,50,0.7380111876368657,31.35861196780246,0.7321789961636999,0.29938658803056933,2.445597182492823,0.14583333333333334,0.2996099385198664,0.0,0.13159632682800293
ETH-USD,1d,7,0.7,0.75,8,21,1.002113334521272,121.7741160729587,0.9496051065902561,0.15413247406602232,6.160967131322987,0.6875,1.1524827876612618,-0.35332783155554837,0.14124608039855957
ETH-USD,1d,7,0.7,0.75,9,21,0.92842914697732,17.48287912300572,0.9473914202266279,0.18622474938419958,5.087355055433949,0.7083333333333334,1.237643360426447,-0.35332783155554837,0.13921332359313965
ETH-USD,1d,7,0.7,0.75,10,30,0.8962884621933038,33.84599701594159,0.8373701402906182,0.19043967598265538,4.397036153153732,0.5208333333333334,0.9794581228410447,-0.2843863885860797,0.1394200325012207
ETH-USD,1d,7,0.7,0.75,12,26,0.904679379392523,49.150687724928645,0.8573405793064112,0.17598130814665147,4.8717706916461765,0.5625,1.0546272047288079,-0.2843863885860797,0.13776803016662598
ETH-USD,1d,7,0.7,0.75,20,50,0.7769051223580126,27.139989188517102,0.7701962256922268,0.21976017362704747,3.5047124917152557,0.14583333333333334,0.30070708420776576,0.0,0.12827730178833008
ETH-USD,1d,7,0.7,1.0,8,21,1.1034406202199232,101.98444800389454,1.052526196112846,0.10957320469521076,9.605689630421569,0.6875,1.190934436881616,-0.4717215407282197,0.13724136352539062
ETH-USD,1d,7,0.7,1.0,9,21,1.0384618473860694,8.911751087328366,1.0437997431665136,0.1292902090635753,8.07330849510229,0.7083333333333334,1.2728386857086111,-0.4234688064940698,0.14386987686157227
ETH-USD,1d,7,0.7,1.0,10,30,0.9863321191971526,24.87729150944612,0.9303971249027789,0.1391032851956991,6.688534520186485,0.5208333333333334,1.0024118422267778,-0.33953881804577246,0.14462709426879883
ETH-USD,1d,7,0.7,1.0,12,26,0.9926927604533444,43.88815796719131,0.9455355083953767,0.12149220924601646,7.782684291144202,0.5625,1.0788267086462617,-0.33953881804577246,0.12622880935668945
ETH-USD,1d,7,0.7,1.0,20,50,0.824019328848132,21.45155061010189,0.8113275744108466,0.16678078030371155,4.864634719500657,0.14583333333333334,0.30152574313232644,0.0,0.12117409706115723
ETH-USD,1d,7,0.85,0.0,8,21,0.9154817267314197,76.36783474683119,0.7865984421992804,0.5108716812262653,1.5397182327882757,0.2708333333333333,0.22272105175658038,-0.17070005513296727,0.13279414176940918
ETH-USD,1d,7,0.85,0.0,9,21,0.9573009344321065,100.84948663075568,0.8014571287417702,0.5681581504975949,1.4106233062745843,0.3125,0.3056233935344487,-0.17070005513296727,0.12711739540100098
ETH-USD,1d,7,0.85,0.0,10,30,0.8358536828428422,46.313270865478785,0.6353883198091561,0.558458814933044,1.137753228741381,0.25,0.3028749274318642,-0.18123427729908537,0.12517428398132324
ETH-USD,1d,7,0.85,0.0,12,26,0.8205379624487984,41.55710771274696,0.6641008377873477,0.5024059694187814,1.321841057254209,0.22916666666666666,0.22599088694521371,-0.18123427729908537,0.125931978225708
ETH-USD,1d,7,0.85,0.0,20,50,0.7639185843067696,29.529257531152307,0.7350684711482207,0.4517289083605513,1.6272336296031769,0.0625,0.11081662529346255,-0.0035194774220901337,0.12164187431335449
ETH-USD,1d,7,0.85,0.25,8,21,0.8319876727611178,92.43841477276948,0.7753376657753089,0.35684962499226625,2.1727293836783836,0.6666666666666666,1.0911445194050278,-0.17979783318672005,0.13103938102722168
ETH-USD,1d,7,0.85,0.25,9,21,0.8538647013789453,111.8878028410947,0.7942640032348878,0.40485941625280947,1.9618266769888326,0.6875,1.1423160128211347,-0.17979783318672005,0.12957215309143066
ETH-USD,1d,7,0.85,0.25,10,30,0.7714091969092282,46.333200397363484,0.6570155781490051,0.39438069437811885,1.6659425461609458,0.4791666666666667,0.8598209715262,-0.14553714984955246,0.1267871856689453
ETH-USD,1d,7,0.85,0.25,12,26,0.7673236471595769,44.70995069344691,0.6722684761981809,0.3487538595248129,1.927630212076121,0.5208333333333334,0.9490231922264959,-0.19915555127938667,0.1298365592956543
ETH-USD,1d,7,0.85,0.25,20,50,0.7311178734254649,31.736897615611873,0.7312963491640511,0.3569164640702193,2.048928594731838,0.1875,0.3181535913696825,-0.03545033827692923,0.12320995330810547
ETH-USD,1d,7,0.85,0.5,8,21,0.905193358238989,101.08222756351799,0.8676250987717242,0.21831988543318664,3.9741001927066657,0.7291666666666666,1.188470394456859,-0.2545868958998202,0.14178752899169922
ETH-USD,1d,7,0.85,0.5,9,21,0.8957321432122319,107.04856510743788,0.87739871773988,0.24898194450130626,3.523945157940064,0.75,1.2236850098354652,-0.2545868958998202,0.1355290412902832
ETH-USD,1d,7,0.85,0.5,10,30,0.8171968735688248,42.00751997830395,0.7508499794613224,0.2503729876699514,2.998925668655253,0.5416666666666666,0.944150727541897,-0.2017197696874058,0.13170170783996582
ETH-USD,1d,7,0.85,0.5,12,26,0.8165159012495018,43.871581254925886,0.7576026409751228,0.21209699916943528,3.5719630355067222,0.5833333333333334,1.0441427981409614,-0.251144747515495,0.13509202003479004
ETH-USD,1d,7,0.85,0.5,20,50,0.743799541784096,31.711117483898725,0.7501510515007668,0.2532097174028425,2.962568179432539,0.1875,0.32324916806321097,-0.0873524867988753,0.12669968605041504
ETH-USD,1d,7,0.85,0.75,8,21,1.0280570756258345,100.8700347757657,0.9901489370589006,0.1434771649901261,6.901090756337716,0.7291666666666666,1.2503596569519149,-0.32582565206364433,0.13201451301574707
ETH-USD,1d,7,0.85,0.75,9,21,0.9984536243706768,88.11254888703606,0.9906977997363635,0.16049824646878233,6.1726393997024696,0.75,1.2793616319620746,-0.32582565206364433,0.1316392421722412
ETH-USD,1d,7,0.85,0.75,10,30,0.9136384495147118,34.8612721761737,0.8617783451472179,0.17178042343948288,5.016743630573345,0.5416666666666666,0.994969279357667,-0.2560303839954876,0.1504378318786621
ETH-USD,1d,7,0.85,0.75,12,26,0.912847991498087,39.57691063411335,0.8640428709176126,0.13473102769997222,6.413094931938908,0.5833333333333334,1.0978520614027598,-0.3014327093333038,0.14117693901062012
ETH-USD,1d,7,0.85,0.75,20,50,0.79207726045575,29.55152288093172,0.7901535380075112,0.18217922426962854,4.337231872488762,0.1875,0.32769321222580633,-0.13925463532082116,0.1346292495727539
ETH-USD,1d,7,0.85,1.0,8,21,1.1448983564791062,92.48604900136259,1.1045032273835322,0.09808628845125061,11.260526265426751,0.7291666666666666,1.2986966661311266,-0.39351410167819234,0.13851237297058105
ETH-USD,1d,7,0.85,1.0,9,21,1.1015596764378364,60.979764173828755,1.0978895187069748,0.10534311965643489,10.422033468228603,0.75,1.3242333183146622,-0.39351410167819234,0.14124488830566406
ETH-USD,1d,7,0.85,1.0,10,30,1.0098786989424289,26.613654551549093,0.964231385606635,0.12511277606263602,7.706897856090298,0.5416666666666666,1.0325289247151033,-0.3084689927737987,0.13940644264221191
ETH-USD,1d,7,0.85,1.0,12,26,1.0081137094231702,32.96082304911593,0.9634711702334204,0.08765955295493186,10.991057309278853,0.5833333333333334,1.1364956336801117,-0.3500194367328132,0.1424577236175537
ETH-USD,1d,7,0.85,1.0,20,50,0.8462473138379819,25.649171972167803,0.834163427108192,0.13538643959512822,6.161351384989142,0.1875,0.3313657415839697,-0.19115678384276713,0.12422895431518555
ETH-USD,1d,7,1.0,0.0,8,21,0.9548574543210283,101.6494893069171,0.7924731811678389,0.5337534512120774,1.4847176713672694,0.25,0.21036393129110634,-0.17070005513296727,0.1271531581878662
ETH-USD,1d,7,1.0,0.0,9,21,0.9490180387908255,98.28182805842016,0.7860596994258839,0.5534134233996889,1.4203842302866805,0.3125,0.238255554187538,-0.17070005513296727,0.13404107093811035
ETH-USD,1d,7,1.0,0.0,10,30,0.790676058083683,34.711041152819405,0.6561753403151548,0.5359917741746038,1.2242265122923328,0.22916666666666666,0.2772244296314312,-0.2064204363537584,0.1370222568511963
ETH-USD,1d,7,1.0,0.0,12,26,0.8050018902243831,38.50445957049665,0.6751286518143982,0.5224363961507508,1.2922695600625564,0.22916666666666666,0.24644848135195688,-0.2078234000784036,0.13652777671813965
ETH-USD,1d,7,1.0,0.0,20,50,0.8135771418474971,42.59826259445049,0.7133272355306807,0.462139773070157,1.5435313666941,0.0625,0.11081662529346255,-0.0035194774220901337,0.12460660934448242
ETH-USD,1d,7,1.0,0.25,8,21,0.8632980895405895,127.88671286468792,0.7807560370173956,0.367795664210937,2.1227983714610046,0.6666666666666666,1.0789480939932625,-0.18975400057152025,0.13788795471191406
ETH-USD,1d,7,1.0,0.25,9,21,0.861264837391666,122.15176668659636,0.7879688260362252,0.3908213856051601,2.016186562606111,0.6875,1.1162448237443177,-0.18975400057152025,0.13233399391174316
ETH-USD,1d,7,1.0,0.25,10,30,0.7429085722167752,34.73562226363273,0.6815731137267684,0.3907100455708564,1.7444473758818753,0.4791666666666667,0.8583831325826191,-0.2698598480446093,0.13565468788146973
ETH-USD,1d,7,1.0,0.25,12,26,0.7540350991209444,39.94897953764093,0.6987099492846368,0.378530454618061,1.8458487045372305,0.5208333333333334,0.9369533567027716,-0.27219858177570133,0.13297057151794434
ETH-USD,1d,7,1.0,0.25,20,50,0.778766427246639,50.00967664187028,0.7136310535712629,0.365705955598439,1.9513793599655258,0.1875,0.3181535913696825,-0.03545033827692923,0.13117027282714844
ETH-USD,1d,7,1.0,0.5,8,21,0.9313645626300864,144.26944636890389,0.8842084647035234,0.22575391331343064,3.916691638810762,0.7291666666666666,1.1804705050823738,-0.2736448089849495,0.1450023651123047
ETH-USD,1d,7,1.0,0.5,9,21,0.9202769804278663,135.89622424001644,0.8831116835288377,0.2340863149328457,3.77258996871382,0.75,1.2107003810845738,-0.2736448089849495,0.14283537864685059
ETH-USD,1d,7,1.0,0.5,10,30,0.8081824617600207,31.501971261760787,0.7829898846314859,0.24555336961449814,3.1886749746530705,0.5416666666666666,0.9468768548207588,-0.32968253584427787,0.150404691696167
ETH-USD,1d,7,1.0,0.5,12,26,0.8125244496762305,37.56052138460685,0.7924305219225958,0.2343219960309362,3.3818016888946936,0.5625,1.0324561888328825,-0.3331007156866984,0.12627625465393066
ETH-USD,1d,7,1.0,0.5,20,50,0.7837662474423017,54.63532639140526,0.7437004257092364,0.26085686834303223,2.850990393441567,0.1875,0.32324916806321097,-0.0873524867988753,0.12534475326538086
ETH-USD,1d,7,1.0,0.75,8,21,1.0536946637928324,147.60754963992684,1.0178064515362557,0.15151169198799927,6.717675964023111,0.7291666666666666,1.2480593057969116,-0.35313088916463076,0.1384267807006836
ETH-USD,1d,7,1.0,0.75,9,21,1.0356678586236214,136.82719991068575,1.0074385344820618,0.14709164446101777,6.84905344673778,0.75,1.2755680697935852,-0.35313088916463076,0.1342923641204834
ETH-USD,1d,7,1.0,0.75,10,30,0.9171926557129088,26.090196961106816,0.9017327987699455,0.16303534816309187,5.53090362875111,0.5416666666666666,1.0001573336606315,-0.38602240657077447,0.13100218772888184
ETH-USD,1d,7,1.0,0.75,12,26,0.9153674249431322,32.253938567280116,0.9044383152177689,0.14927999692038088,6.058670510960386,0.5833333333333334,1.0876824545322832,-0.39062286352913145,0.13405942916870117
ETH-USD,1d,7,1.0,0.75,20,50,0.8264192325327406,55.78151989782039,0.7933293174758991,0.18953365577845588,4.185691001513812,0.1875,0.32769321222580633,-0.13925463532082116,0.12450242042541504
ETH-USD,1d,7,1.0,1.0,8,21,1.1710928150151807,138.05030037587545,1.1410301232074953,0.10670290442569809,10.693524504780886,0.7291666666666666,1.3015485215002058,-0.42821224111056466,0.14832305908203125
ETH-USD,1d,7,1.0,1.0,9,21,1.147991834646133,125.59335868226226,1.1234792430308047,0.09353839521457166,12.010888581673957,0.75,1.3272497858760672,-0.42821224111056466,0.13408803939819336
ETH-USD,1d,7,1.0,1.0,10,30,1.0221210710258168,19.798808559745215,1.010654346487688,0.11094905642244487,9.10917477873416,0.5416666666666666,1.0397199086543758,-0.4390109207144197,0.1479811668395996
ETH-USD,1d,7,1.0,1.0,12,26,1.0153811428401776,25.38825823037682,1.0080293415597121,0.09466951107801734,10.647877337498796,0.5833333333333334,1.1281321949067713,-0.4448580870207365,0.13223791122436523
ETH-USD,1d,7,1.0,1.0,20,50,0.8764810613859931,53.225980897676116,0.8449295351012145,0.1419719299620172,5.951384441468568,0.1875,0.3313657415839697,-0.19115678384276713,0.12135505676269531
ETH-USD,1d,10,0.0,0.0,8,21,0.7410710379666231,24.73997242723049,0.6609749966092844,0.500351681999991,1.3210208347202004,0.2708333333333333,0.4060222108454763,-0.18260768268812522,0.13887858390808105
ETH-USD,1d,10,0.0,0.0,9,21,0.8043399294128902,40.32329561678359,0.7729121346413348,0.49090334877244834,1.574469061117788,0.25,0.35248206298711393,-0.18260768268812522,0.13107776641845703
ETH-USD,1d,10,0.0,0.0,10,30,0.7599179492296292,29.190811261336254,0.7185300910386938,0.3889212142699302,1.8474952372744549,0.22916666666666666,0.32492597392749,-0.17600438790145034,0.1532282829284668
ETH-USD,1d,10,0.0,0.0,12,26,0.6966281391428242,18.924782615885317,0.7454194902724123,0.37638429552481717,1.9804744755171713,0.22916666666666666,0.31306547225912357,-0.17600438790145034,0.1566469669342041
ETH-USD,1d,10,0.0,0.0,20,50,0.8317538541537662,46.78866002769914,0.6322938645453071,0.4773358834318747,1.3246309076940534,0.020833333333333332,0.05224344792867175,-0.00499605736663844,0.12831568717956543
ETH-USD,1d,10,0.0,0.25,8,21,0.6762820694368767,19.358228611013015,0.6508982943849049,0.3821904637961197,1.7030730906256413,0.5208333333333334,0.8646560445424508,-0.22589813952410365,0.1466054916381836
ETH-USD,1d,10,0.0,0.25,9,21,0.7499939371210113,41.28404359757366,0.7619446250196004,0.3957329227401092,1.9254011512203508,0.5833333333333334,0.973042191553222,-0.18260768268812522,0.13179636001586914
ETH-USD,1d,10,0.0,0.25,10,30,0.7257626260251546,30.54714477306422,0.7009060892667953,0.3032736748311375,2.311133960628331,0.4166666666666667,0.6760457829172237,-0.17600438790145034,0.12979340553283691
ETH-USD,1d,10,0.0,0.25,12,26,0.65955393981936,15.658431539371996,0.7172315590887488,0.30743569902763324,2.3329481948818245,0.4583333333333333,0.7416702084673122,-0.17600438790145034,0.13482308387756348
ETH-USD,1d,10,0.0,0.25,20,50,0.7908681829588579,49.67164183307914,0.6332257023810354,0.3835583624682298,1.6509239905660658,0.08333333333333333,0.17370838378630196,-0.00499605736663844,0.1294248104095459
ETH-USD,1d,10,0.0,0.5,8,21,0.6968600017717979,11.92558635469808,0.7013639669470947,0.2660536601128891,2.636174847771308,0.5625,0.8779819305227624,-0.27134666919373307,0.13149642944335938
ETH-USD,1d,10,0.0,0.5,9,21,0.7658745617221963,38.7152556386531,0.7914243396538929,0.28381215783066555,2.788549813028413,0.625,0.9999063672436309,-0.18260768268812522,0.13004732131958008
ETH-USD,1d,10,0.0,0.5,10,30,0.7394804546500818,29.719782658067945,0.7230969298353817,0.2184379651744854,3.3103079368908293,0.4166666666666667,0.6858682328568114,-0.17600438790145034,0.12549138069152832
ETH-USD,1d,10,0.0,0.5,12,26,0.6908475093643235,11.254362354013706,0.7367417542168413,0.22410135731704645,3.287538116846562,0.4583333333333333,0.7512909138126993,-0.17600438790145034,0.1276094913482666
ETH-USD,1d,10,0.0,0.5,20,50,0.7602140659689228,46.0737212938643,0.6475587418536612,0.2777478787052728,2.33146242150352,0.08333333333333333,0.17430612148250857,-0.00499605736663844,0.12267327308654785
ETH-USD,1d,10,0.0,0.75,8,21,0.7592713451249371,5.018137702508078,0.7769140713709313,0.19902723296075048,3.9035566128990196,0.5625,0.897698216447766,-0.31679519886336305,0.13213562965393066
ETH-USD,1d,10,0.0,0.75,9,21,0.8220898865011335,33.438268769584276,0.8479518237664692,0.21132020819860778,4.012639543538248,0.625,1.0212258473901434,-0.26994057528193405,0.1406538486480713
ETH-USD,1d,10,0.0,0.75,10,30,0.7882437365431695,26.975066296518158,0.770893621712051,0.16139856248823475,4.77633511617085,0.4166666666666667,0.6940979769180844,-0.17600438790145034,0.14133572578430176
ETH-USD,1d,10,0.0,0.75,12,26,0.7560700981711165,6.846691172576029,0.7843881924119466,0.16709053531450585,4.694390325194263,0.4583333333333333,0.7608920064823846,-0.17600438790145034,0.12684965133666992
ETH-USD,1d,10,0.0,0.75,20,50,0.7646272724182435,34.78196527794406,0.6758113579808848,0.2063803485149303,3.2745916112841242,0.08333333333333333,0.17473108603569534,-0.00499605736663844,0.1198892593383789
ETH-USD,1d,10,0.0,1.0,8,21,0.8263540088132372,0.5301159035776526,0.8518542614157745,0.15844141682683446,5.376462029159916,0.5833333333333334,0.9160392240099519,-0.37426373020580683,0.12765288352966309
ETH-USD,1d,10,0.0,1.0,9,21,0.8836270079160962,26.61291677130765,0.9077285109931843,0.16347823227885788,5.5525955862111305,0.625,1.0387450250471824,-0.37426373020580683,0.12703776359558105
ETH-USD,1d,10,0.0,1.0,10,30,0.8426744797233369,22.817252689771806,0.8227843346376378,0.12431887264874451,6.618338126041131,0.4166666666666667,0.700872184178353,-0.17600438790145034,0.1351912021636963
ETH-USD,1d,10,0.0,1.0,12,26,0.8239598367544844,3.2384087623429876,0.8367955194613852,0.13138019777324544,6.369266705669339,0.4583333333333333,0.7691866932773017,-0.17600438790145034,0.13139843940734863
ETH-USD,1d,10,0.0,1.0,20,50,0.7833648354533528,15.350035428824896,0.7090784044000675,0.16051153339757232,4.417616537521609,0.08333333333333333,0.175048689900727,-0.00499605736663844,0.11763834953308105
ETH-USD,1d,10,0.1,0.0,8,21,0.7040518832737406,18.50999740929057,0.6484821259741633,0.5096097736592802,1.2725072388578869,0.25,0.36083178452651826,-0.18260768268812522,0.1342000961303711
ETH-USD,1d,10,0.1,0.0,9,21,0.7381743189333678,25.088141945813238,0.7591195435074468,0.4830069354576966,1.5716535059441876,0.25,0.34400565770250147,-0.18260768268812522,0.12865591049194336
ETH-USD,1d,10,0.1,0.0,10,30,0.8095163302119213,41.602978885851726,0.7407885098253046,0.4076546024924052,1.8171964827481761,0.22916666666666666,0.32492597392749,-0.17600438790145034,0.12854456901550293
ETH-USD,1d,10,0.1,0.0,12,26,0.6685023544003782,15.236349247662908,0.7343874233425272,0.4181684985160327,1.7561997758048973,0.22916666666666666,0.2748531398993515,-0.17600438790145034,0.12469148635864258
ETH-USD,1d,10,0.1,0.0,20,50,0.8218961765190586,44.11231640459391,0.647665309888557,0.4913699106854958,1.3180809321128721,0.020833333333333332,0.05224344792867175,-0.00499605736663844,0.12035727500915527
ETH-USD,1d,10,0.1,0.25,8,21,0.6444805112812473,13.947698983506456,0.6405814127001315,0.38600911016490475,1.6594981720158686,0.5208333333333334,0.8481778664781855,-0.22589813952410365,0.13103580474853516
ETH-USD,1d,10,0.1,0.25,9,21,0.6991959686451938,24.62480250887227,0.7434785488516099,0.38019915806695304,1.955497620330562,0.5833333333333334,0.9641370416552414,-0.18260768268812522,0.1311328411102295
ETH-USD,1d,10,0.1,0.25,10,30,0.7702866326958762,45.860900280750265,0.7188787917857341,0.3134215264148521,2.2936484293494543,0.4166666666666667,0.6885743111745931,-0.17600438790145034,0.1331484317779541
ETH-USD,1d,10,0.1,0.25,12,26,0.6391875810657265,12.43863201330784,0.7070469476156684,0.3363146646033022,2.1023375488239893,0.4791666666666667,0.7689677298577319,-0.17600438790145034,0.13002920150756836
ETH-USD,1d,10,0.1,0.25,20,50,0.7822126320380173,46.25625115648593,0.6568995689846042,0.3939944956015593,1.6672810821421142,0.08333333333333333,0.17370838378630196,-0.00499605736663844,0.1240851879119873
ETH-USD,1d,10,0.1,0.5,8,21,0.6801912286408455,8.225030834077744,0.6977362958180916,0.2670063502777907,2.613182402186966,0.5625,0.876501959884893,-0.27134666919373307,0.13509297370910645
ETH-USD,1d,10,0.1,0.5,9,21,0.7386477305666096,22.122189711156963,0.778730811164743,0.26553500190366025,2.9326861076012767,0.625,1.0033668704361738,-0.18260768268812522,0.15065431594848633
ETH-USD,1d,10,0.1,0.5,10,30,0.7750680533550771,46.41092195979547,0.7406222048310824,0.22003836263584922,3.365877640422045,0.4375,0.7049657743096619,-0.17600438790145034,0.13715672492980957
ETH-USD,1d,10,0.1,0.5,12,26,0.6819870804821402,8.798968368136299,0.7337037451358216,0.24127949501649198,3.0408872709455537,0.4791666666666667,0.7893783454377169,-0.17600438790145034,0.13400530815124512
ETH-USD,1d,10,0.1,0.5,20,50,0.7535887804876902,42.37812970450851,0.674806673612937,0.28622469593881034,2.3576116358498935,0.08333333333333333,0.17430612148250857,-0.00499605736663844,0.13294601440429688
ETH-USD,1d,10,0.1,0.75,8,21,0.7538859705102654,3.1825532022188145,0.7790939453733496,0.1998230452567332,3.898919388263589,0.5625,0.9023874729637402,-0.31679519886336305,0.14898347854614258
ETH-USD,1d,10,0.1,0.75,9,21,0.8118272314533793,18.223302990499906,0.8421281439949807,0.193917332028263,4.342717255785277,0.625,1.0297253984708798,-0.26994057528193405,0.14003372192382812
ETH-USD,1d,10,0.1,0.75,10,30,0.8195440802282414,43.250280343384546,0.7909931788318143,0.15912195202859492,4.9709871500927125,0.4375,0.7177800564756698,-0.17600438790145034,0.13538432121276855
ETH-USD,1d,10,0.1,0.75,12,26,0.7564481665362617,5.221371396965771,0.7890381111624,0.178439365252393,4.421883646841869,0.4791666666666667,0.8023979271018242,-0.17600438790145034,0.13681745529174805
ETH-USD,1d,10,0.1,0.75,20,50,0.7592627230267506,31.5758877634548,0.7046798640301131,0.2114110106312259,3.333222153028345,0.08333333333333333,0.17473108603569534,-0.00499605736663844,0.1345198154449463
ETH-USD,1d,10,0.1,1.0,8,21,0.8290262971846101,0.03630371932640952,0.858592955151417,0.15982681829920062,5.37202056756273,0.5833333333333334,0.9240189085815637,-0.37426373020580683,0.1459517478942871
ETH-USD,1d,10,0.1,1.0,9,21,0.8855075108561931,13.72408829733675,0.9076834130735738,0.14772329959681135,6.144483744615507,0.625,1.0498830551082754,-0.37426373020580683,0.13411521911621094
ETH-USD,1d,10,0.1,1.0,10,30,0.8718362317025841,37.04081478107273,0.845805689794572,0.1196616946739017,7.068307799747741,0.4375,0.7281172428726693,-0.17600438790145034,0.14460110664367676
ETH-USD,1d,10,0.1,1.0,12,26,0.831335000226999,2.333068279143612,0.847889490834364,0.13844509360344925,6.124373704878188,0.4791666666666667,0.8124490874613453,-0.17600438790145034,0.12423372268676758
ETH-USD,1d,10,0.1,1.0,20,50,0.7788267014523665,13.70097002678711,0.7386130349293765,0.1613352779952174,4.578124785276484,0.08333333333333333,0.175048689900727,-0.00499605736663844,0.11912989616394043
ETH-USD,1d,10,0.25,0.0,8,21,0.6584111833234362,13.20849930764327,0.6522232063173169,0.5047233073108359,1.2922391275971779,0.25,0.36083178452651826,-0.18260768268812522,0.12669110298156738
ETH-USD,1d,10,0.25,0.0,9,21,0.8577323729820183,56.77721094561216,0.7246095472149688,0.47639330408254227,1.5210321828734592,0.25,0.34400565770250147,-0.18260768268812522,0.13065028190612793
ETH-USD,1d,10,0.25,0.0,10,30,0.782514079445007,34.21189289339021,0.7334363494569278,0.49464400462630176,1.4827559671142303,0.22916666666666666,0.32492597392749,-0.17600438790145034,0.1296231746673584
ETH-USD,1d,10,0.25,0.0,12,26,0.7090156202484306,20.43579763563479,0.7529197364001398,0.487652803990656,1.5439667940770552,0.22916666666666666,0.2748531398993515,-0.17600438790145034,0.12908291816711426
ETH-USD,1d,10,0.25,0.0,20,50,0.8197206263197095,42.82764659347051,0.669945777204284,0.4786830770187974,1.399560187873481,0.020833333333333332,0.05224344792867175,-0.00499605736663844,0.11591601371765137
ETH-USD,1d,10,0.25,0.25,8,21,0.6024745237683585,8.636751860145273,0.644136968665512,0.3690630814467145,1.7453302729184326,0.5208333333333334,0.8481778664781855,-0.22589813952410365,0.13184332847595215
ETH-USD,1d,10,0.25,0.25,9,21,0.795700528299738,65.92966051755164,0.7133764651547717,0.3578104467294364,1.9937273259497696,0.5833333333333334,0.9641370416552414,-0.18260768268812522,0.12912750244140625
ETH-USD,1d,10,0.25,0.25,10,30,0.7402192382543348,34.68256554701249,0.7193857756622091,0.3770179969517286,1.908093994129186,0.4166666666666667,0.6885743111745931,-0.17600438790145034,0.13214492797851562
ETH-USD,1d,10,0.25,0.25,12,26,0.676455290972919,18.192613415545424,0.7372031166920104,0.3814493280019132,1.9326370832885904,0.4791666666666667,0.7689677298577319,-0.17600438790145034,0.13426446914672852
ETH-USD,1d,10,0.25,0.25,20,50,0.77827455184178,44.233380272988,0.6736876179744291,0.3929282688690585,1.7145307969657237,0.08333333333333333,0.17370838378630196,-0.00499605736663844,0.1274700164794922
ETH-USD,1d,10,0.25,0.5,8,21,0.6587363439402547,4.183584525291189,0.7092407951124815,0.24515451860678583,2.893035784708762,0.5625,0.876501959884893,-0.27134666919373307,0.1337270736694336
ETH-USD,1d,10,0.25,0.5,9,21,0.8146181568166325,69.36832686891739,0.7618115680300843,0.23663371329378344,3.219370382293273,0.625,1.0033668704361738,-0.18260768268812522,0.13401389122009277
ETH-USD,1d,10,0.25,0.5,10,30,0.765042664474352,31.91144325906363,0.7467086362458455,0.2647554821428014,2.820370819906545,0.4375,0.7049657743096619,-0.17600438790145034,0.12770819664001465
ETH-USD,1d,10,0.25,0.5,12,26,0.7150743275516449,14.189421188473544,0.7693745184735552,0.26914266010812404,2.858612299382307,0.4791666666666667,0.7893783454377169,-0.17600438790145034,0.13894987106323242
ETH-USD,1d,10,0.25,0.5,20,50,0.7507076880411804,39.83425279047637,0.688369546809008,0.2919881289499834,2.3575257983413547,0.08333333333333333,0.17430612148250857,-0.00499605736663844,0.12314319610595703
ETH-USD,1d,10,0.25,0.75,8,21,0.7491539140499178,1.0149119621469995,0.7989330481163603,0.17662684324988356,4.523282154717935,0.5625,0.9023874729637402,-0.31679519886336305,0.13423371315002441
ETH-USD,1d,10,0.25,0.75,9,21,0.8798922749978891,66.47146329031779,0.8375560814668368,0.164949242498753,5.077659459231336,0.625,1.0297253984708798,-0.26994057528193405,0.14442062377929688
ETH-USD,1d,10,0.25,0.75,10,30,0.8293026741541639,26.59026578695144,0.8008702669258343,0.19328588248220752,4.143449364438484,0.4375,0.7177800564756698,-0.17600438790145034,0.12777948379516602
ETH-USD,1d,10,0.25,0.75,12,26,0.7884731421559041,9.499986587786058,0.8282324688817153,0.19590225869206804,4.227784173655625,0.4791666666666667,0.8023979271018242,-0.17600438790145034,0.12835288047790527
ETH-USD,1d,10,0.25,0.75,20,50,0.7595570141856,29.109854932300895,0.7173361226836955,0.2210859097754514,3.244603527254481,0.08333333333333333,0.17473108603569534,-0.00499605736663844,0.12221550941467285
ETH-USD,1d,10,0.25,1.0,8,21,0.8369939431009661,-0.5797563549674013,0.8853558327125887,0.13658548757729738,6.482063712746511,0.5833333333333334,0.9240189085815637,-0.37426373020580683,0.13059115409851074
ETH-USD,1d,10,0.25,1.0,9,21,0.949881349399525,58.05715013630208,0.9131602646954894,0.1202472690647175,7.59402081891792,0.625,1.0498830551082754,-0.37426373020580683,0.13109207153320312
ETH-USD,1d,10,0.25,1.0,10,30,0.89733409133896,19.821359742510758,0.8587034248983789,0.14697435989411106,5.842538967456903,0.4375,0.7281172428726693,-0.17600438790145034,0.1285092830657959
ETH-USD,1d,10,0.25,1.0,12,26,0.863107725731741,5.141564930048676,0.889705910587782,0.14870428354397683,5.9830550229218264,0.4791666666666667,0.8124490874613453,-0.17600438790145034,0.13031506538391113
ETH-USD,1d,10,0.25,1.0,20,50,0.7824100012581804,12.32185905928664,0.7509203313551086,0.17349582872465524,4.328175131788608,0.08333333333333333,0.175048689900727,-0.00499605736663844,0.12251734733581543
ETH-USD,1d,10,0.4,0.0,8,21,0.7530140311346668,26.402123138713915,0.6682486564634412,0.5085809477807656,1.313947483442702,0.25,0.36083178452651826,-0.18260768268812522,0.13553738594055176
ETH-USD,1d,10,0.4,0.0,9,21,0.8127318085415505,41.138756589826286,0.7056191848389309,0.5028056682097161,1.4033636242633267,0.25,0.34400565770250147,-0.18260768268812522,0.12877750396728516
ETH-USD,1d,10,0.4,0.0,10,30,0.8058239210144111,40.325667549248834,0.7040000954365109,0.4949412510236443,1.4223912312430782,0.22916666666666666,0.32492597392749,-0.17600438790145034,0.12874054908752441
ETH-USD,1d,10,0.4,0.0,12,26,0.7482689889856001,27.838861338072835,0.7146723682592928,0.4833728847242356,1.4785114987718304,0.22916666666666666,0.2748531398993515,-0.17600438790145034,0.12952327728271484
ETH-USD,1d,10,0.4,0.0,20,50,0.8676683289165921,59.79709725338829,0.6722273395524639,0.497339557759885,1.3516466347062919,0.020833333333333332,0.05224344792867175,-0.00499605736663844,0.12131953239440918
ETH-USD,1d,10,0.4,0.25,8,21,0.6928044120994875,22.24748133520551,0.6571948745637455,0.37672845019561935,1.7444790119315163,0.5208333333333334,0.8481778664781855,-0.22589813952410365,0.13588452339172363
ETH-USD,1d,10,0.4,0.25,9,21,0.7568939336122228,43.20487459215667,0.6985308857791457,0.3769418055750159,1.853153127214301,0.5833333333333334,0.9641370416552414,-0.18260768268812522,0.12906646728515625
ETH-USD,1d,10,0.4,0.25,10,30,0.7534099092091131,39.33748427975738,0.6917392175403838,0.3731656209875021,1.8537056433812031,0.4166666666666667,0.6885743111745931,-0.17600438790145034,0.12876057624816895
ETH-USD,1d,10,0.4,0.25,12,26,0.7199001833548089,27.957888994037056,0.6985796922660983,0.37511672992856454,1.8622994831479058,0.4791666666666667,0.7689677298577319,-0.17600438790145034,0.1305396556854248
ETH-USD,1d,10,0.4,0.25,20,50,0.8196537556781551,69.19453590736944,0.6762883556978816,0.40349499664053057,1.6760761876320853,0.08333333333333333,0.17370838378630196,-0.00499605736663844,0.11881160736083984
ETH-USD,1d,10,0.4,0.5,8,21,0.7394648064449107,15.33974021095634,0.7253598569639782,0.25065775404578716,2.893825725540803,0.5625,0.876501959884893,-0.27134666919373307,0.1277482509613037
ETH-USD,1d,10,0.4,0.5,9,21,0.7873315722863918,40.60765132066836,0.7565014583159722,0.24618363283118308,3.0729153259133692,0.625,1.0033668704361738,-0.18260768268812522,0.13213729858398438
ETH-USD,1d,10,0.4,0.5,10,30,0.7816817020728241,33.97200019666303,0.7295923924760828,0.25427354281416076,2.8693209069309864,0.4375,0.7049657743096619,-0.17600438790145034,0.12923026084899902
ETH-USD,1d,10,0.4,0.5,12,26,0.7596213519068167,25.392051413023484,0.7427443339569834,0.2586088358493074,2.8720763987731033,0.4791666666666667,0.7893783454377169,-0.17600438790145034,0.12511825561523438
ETH-USD,1d,10,0.4,0.5,20,50,0.7921570430898425,72.95810909351657,0.6921035231688167,0.29699844101420325,2.3303271249687083,0.08333333333333333,0.17430612148250857,-0.00499605736663844,0.13513469696044922
ETH-USD,1d,10,0.4,0.75,8,21,0.8259934732477143,7.869309055930225,0.8190571020908095,0.17881046366477643,4.580588212255468,0.5625,0.9023874729637402,-0.31679519886336305,0.14504051208496094
ETH-USD,1d,10,0.4,0.75,9,21,0.8626585601701281,34.21808809780032,0.8398432136048115,0.16870552887617132,4.978160580743329,0.625,1.0297253984708798,-0.26994057528193405,0.13443970680236816
ETH-USD,1d,10,0.4,0.75,10,30,0.8536352414884505,25.913992418045545,0.7935778736457676,0.17981046364700212,4.413413199376945,0.4375,0.7177800564756698,-0.17600438790145034,0.13051629066467285
ETH-USD,1d,10,0.4,0.75,12,26,0.8350146362266282,20.839535618568362,0.81216020273718,0.18438649957667483,4.404661971466373,0.4791666666666667,0.8023979271018242,-0.17600438790145034,0.15397262573242188
ETH-USD,1d,10,0.4,0.75,20,50,0.8034818358318856,69.57949736201947,0.7228422638266795,0.2236328222687754,3.232272689193736,0.08333333333333333,0.17473108603569534,-0.00499605736663844,0.11868882179260254
ETH-USD,1d,10,0.4,1.0,8,21,0.9118366091713443,1.8971572568663726,0.9089676507594289,0.13542061957118395,6.712180564804087,0.5833333333333334,0.9240189085815637,-0.37426373020580683,0.1302027702331543
ETH-USD,1d,10,0.4,1.0,9,21,0.9406059840723261,25.740205646049883,0.9214416119646044,0.12023219067368864,7.663851143371463,0.625,1.0498830551082754,-0.37426373020580683,0.1396167278289795
ETH-USD,1d,10,0.4,1.0,10,30,0.9289489848877736,17.20768755993571,0.8594389478278307,0.1323510411463574,6.493631938092875,0.4375,0.7281172428726693,-0.17600438790145034,0.12648582458496094
ETH-USD,1d,10,0.4,1.0,12,26,0.9114466290691337,15.303439427631023,0.8820423731511452,0.13757245667338633,6.411475047256157,0.4791666666666667,0.8124490874613453,-0.17600438790145034,0.12542343139648438
ETH-USD,1d,10,0.4,1.0,20,50,0.8284406215663944,58.402543046090145,0.7580277425746492,0.1746564370234131,4.340107673632629,0.08333333333333333,0.175048689900727,-0.00499605736663844,0.11953163146972656
ETH-USD,1d,10,0.55,0.0,8,21,0.8342324771697461,45.76840441632575,0.6681850957919787,0.5109376910617925,1.3077623895849342,0.25,0.33487717571617676,-0.1427636196459815,0.13150262832641602
ETH-USD,1d,10,0.55,0.0,9,21,0.759317709991567,28.0136432282659,0.6976280067662297,0.49766418198804546,1.4018047350311171,0.2708333333333333,0.41973258216366544,-0.13480972083851173,0.13575959205627441
ETH-USD,1d,10,0.55,0.0,10,30,0.7804763705147809,33.931845075618135,0.7065012844315314,0.5285560847422761,1.336662853434033,0.25,0.4256707391996524,-0.10066158679960291,0.1298356056213379
ETH-USD,1d,10,0.55,0.0,12,26,0.8023177502312744,40.67657099472771,0.7202153591599817,0.5421001112304773,1.3285652303690039,0.22916666666666666,0.30912792615027834,-0.11317760744091399,0.12712645530700684
ETH-USD,1d,10,0.55,0.0,20,50,0.8356559472932209,48.89137053397884,0.7089557293807385,0.48935257755770395,1.448762634334217,0.020833333333333332,0.05224344792867175,-0.00499605736663844,0.12125682830810547
ETH-USD,1d,10,0.55,0.25,8,21,0.7597734348235721,43.68213879871552,0.6716915823518369,0.3769600504716458,1.7818641034014828,0.625,1.0896754290675084,-0.17879536251226413,0.13100719451904297
ETH-USD,1d,10,0.55,0.25,9,21,0.7091896698934858,26.721449256709903,0.6943716491271991,0.3645514816901295,1.9047286432850608,0.6458333333333334,1.126602762690869,-0.16885398324027778,0.12824320793151855
ETH-USD,1d,10,0.55,0.25,10,30,0.73346789878608,31.722234703120748,0.7033652381190747,0.40386381249116576,1.7415901508493294,0.4791666666666667,0.8290255278228055,-0.07483629749393683,0.12999558448791504
ETH-USD,1d,10,0.55,0.25,12,26,0.7641192309527617,43.56313471323362,0.7138324297380196,0.429326681948255,1.6626789336705026,0.5,0.892956547462977,-0.07739567959970328,0.12781786918640137
ETH-USD,1d,10,0.55,0.25,20,50,0.7897245374991773,53.87691763060276,0.7058159674820337,0.39458334287613545,1.7887627043182053,0.10416666666666667,0.20747771621263403,-0.00499605736663844,0.12078189849853516
ETH-USD,1d,10,0.55,0.5,8,21,0.799339554586948,34.30611923626418,0.7542081801285828,0.24713606323978649,3.051793292494119,0.6458333333333334,1.1364070544825684,-0.2886759994961714,0.13657569885253906
ETH-USD,1d,10,0.55,0.5,9,21,0.7643190326258419,22.65805290028959,0.7658754316606922,0.23355179297767256,3.2792530594441187,0.6666666666666666,1.168373709245697,-0.22815297337890805,0.13403558731079102
ETH-USD,1d,10,0.55,0.5,10,30,0.7727353553503976,26.23618679298962,0.7527996120391849,0.27398927217073343,2.747551413509672,0.5,0.8492776372627583,-0.07669051636384017,0.12488961219787598
ETH-USD,1d,10,0.55,0.5,12,26,0.8039674029696998,42.070433341658266,0.7656795118948801,0.3000119032189928,2.5521637764351457,0.5416666666666666,0.9235576230890269,-0.11255432391413078,0.1367194652557373
ETH-USD,1d,10,0.55,0.5,20,50,0.770490693325567,54.078497295425116,0.7175401413305099,0.2867400887506718,2.5024060795155516,0.10416666666666667,0.2093590420659146,-0.00499605736663844,0.12211823463439941
ETH-USD,1d,10,0.55,0.75,8,21,0.8867155343118638,20.565416777330697,0.8581486863044872,0.1720498235109233,4.987791726795954,0.6666666666666666,1.1711136323547153,-0.46456274179290813,0.13097643852233887
ETH-USD,1d,10,0.55,0.75,9,21,0.858809163181611,17.016185923987507,0.861540386715428,0.1574616167874266,5.471431097259142,0.7083333333333334,1.2030910536965518,-0.3737782026170131,0.14577484130859375
ETH-USD,1d,10,0.55,0.75,10,30,0.8535617610793271,19.130634535808287,0.8247604242413556,0.19245561210646236,4.285457904886222,0.5,0.8656624072021359,-0.09965316362378096,0.12363243103027344
ETH-USD,1d,10,0.55,0.75,12,26,0.884467191984226,36.739564212543556,0.8402291443480407,0.2175448546088011,3.8623259826529956,0.5416666666666666,0.9424134444332406,-0.14771296822855817,0.12624263763427734
ETH-USD,1d,10,0.55,0.75,20,50,0.7891524400073607,49.05784628447123,0.7478614012617173,0.21341091202535217,3.5043259698589124,0.10416666666666667,0.21070900813028157,-0.00499605736663844,0.11880207061767578
ETH-USD,1d,10,0.55,1.0,8,21,0.9749532527553331,6.9612377892664945,0.9556216867181544,0.1258514303448389,7.593252489063538,0.6666666666666666,1.1988658828667627,-0.6404494840896453,0.13431072235107422
ETH-USD,1d,10,0.55,1.0,9,21,0.9509690448487338,11.150914322270452,0.9528448813837211,0.10988388489732367,8.67137963200033,0.7083333333333334,1.2317211343048797,-0.5194034318551184,0.13823580741882324
ETH-USD,1d,10,0.55,1.0,10,30,0.935585676150167,12.084315158010186,0.8964164553270784,0.14043660496684177,6.3830683997148014,0.5,0.8789513808202444,-0.12622915784996647,0.13353252410888672
ETH-USD,1d,10,0.55,1.0,12,26,0.9660235614514461,28.872338417334362,0.91386891990563,0.16483542345443544,5.544129415594008,0.5416666666666666,0.9566655563466603,-0.182871612542986,0.13234901428222656
ETH-USD,1d,10,0.55,1.0,20,50,0.819886010461089,39.10606730919602,0.7834655907948326,0.1644286729276691,4.764774761269727,0.10416666666666667,0.21172476719185515,-0.00499605736663844,0.12568283081054688
ETH-USD,1d,10,0.7,0.0,8,21,0.9945884438038753,118.35065172602158,0.7565561967682205,0.48355409711830594,1.564574059607486,0.20833333333333334,0.29895479374649553,-0.1246167101522051,0.1355140209197998
ETH-USD,1d,10,0.7,0.0,9,21,0.8106932828943382,37.227232899189175,0.8147492824977192,0.46974647433064876,1.7344446994704363,0.25,0.3892241416164987,-0.1246167101522051,0.13749146461486816
ETH-USD,1d,10,0.7,0.0,10,30,0.7758422394376323,29.50665053759584,0.6584713162437197,0.5750090009057363,1.1451495806265923,0.22916666666666666,0.3884808100616879,-0.10569374888655092,0.13181471824645996
ETH-USD,1d,10,0.7,0.0,12,26,0.8355025850122529,46.31916262503484,0.7046186714690484,0.5464558938879402,1.2894337481764668,0.20833333333333334,0.22689158133133022,-0.17851584554811384,0.12478947639465332
ETH-USD,1d,10,0.7,0.0,20,50,0.8012731861055729,38.34773460543604,0.7475207377181337,0.4671479100644829,1.6001799892778057,0.020833333333333332,0.05224344792867175,-0.00499605736663844,0.11711907386779785
ETH-USD,1d,10,0.7,0.25,8,21,0.8838978740834416,153.2123526510207,0.733334834889533,0.3582780931919926,2.0468313548173223,0.625,1.0798265170762362,-0.15562231144853766,0.14156103134155273
ETH-USD,1d,10,0.7,0.25,9,21,0.734518993077356,33.14133513873262,0.784250948365491,0.34577419383289665,2.2681014441016916,0.6666666666666666,1.1346644972911513,-0.15562231144853766,0.13520526885986328
ETH-USD,1d,10,0.7,0.25,10,30,0.7171963784477092,27.178341458148775,0.6678431267104188,0.423294129587195,1.5777282981970786,0.4583333333333333,0.8103618885396054,-0.13850274871846702,0.13292264938354492
ETH-USD,1d,10,0.7,0.25,12,26,0.7797427306758348,51.367202504449224,0.7038191794232497,0.41178928779886903,1.7091731142045088,0.4791666666666667,0.8611070612791668,-0.13850274871846702,0.12801051139831543
ETH-USD,1d,10,0.7,0.25,20,50,0.7598629736165745,40.5049696685452,0.7418385022682481,0.37648267477117625,1.9704452607789529,0.10416666666666667,0.20747771621263403,-0.00499605736663844,0.12204289436340332
ETH-USD,1d,10,0.7,0.5,8,21,0.9083834432290012,174.39220574836048,0.8061484938506865,0.23504014209061322,3.4298332475475544,0.6458333333333334,1.1366725984653,-0.2886759994961714,0.13795018196105957
ETH-USD,1d,10,0.7,0.5,9,21,0.7929206145870317,25.315476829911628,0.8399832937765763,0.21846456134622988,3.844940747370659,0.6666666666666666,1.1800322476661662,-0.22815297337890805,0.14017510414123535
ETH-USD,1d,10,0.7,0.5,10,30,0.7684570359721488,22.33146380063309,0.7383362211470524,0.27573836762061527,2.677669515193908,0.5,0.8405376441050315,-0.17131174855038322,0.1486353874206543
ETH-USD,1d,10,0.7,0.5,12,26,0.8160521621473987,51.68332946519895,0.7661643152617266,0.2713728155641701,2.823290585200697,0.5416666666666666,0.9058293468642796,-0.17131174855038322,0.14482975006103516
ETH-USD,1d,10,0.7,0.5,20,50,0.7481014066249495,38.818657874012374,0.7492415376943443,0.27427840303333995,2.731682587503144,0.10416666666666667,0.2093590420659146,-0.00499605736663844,0.13611078262329102
ETH-USD,1d,10,0.7,0.75,8,21,0.9962691878270604,174.195929551235,0.9093938342315069,0.16353090358407316,5.560990701454645,0.6666666666666666,1.179831139436416,-0.46456274179290813,0.15978407859802246
ETH-USD,1d,10,0.7,0.75,9,21,0.8986095751826949,16.474643302441645,0.9310195745716057,0.14391471209207504,6.46924529839555,0.7083333333333334,1.218555163272175,-0.3737782026170131,0.13039708137512207
ETH-USD,1d,10,0.7,0.75,10,30,0.8651514085423302,16.34049071980702,0.8285586901003825,0.18912553990871986,4.380998412484536,0.5,0.8629438321846413,-0.20412074838229954,0.1250147819519043
ETH-USD,1d,10,0.7,0.75,12,26,0.9002424965836582,47.52491340967056,0.8514447985790705,0.18614857507950042,4.574006533305104,0.5416666666666666,0.9344818895982915,-0.20412074838229954,0.13696026802062988
ETH-USD,1d,10,0.7,0.75,20,50,0.7734281119474042,33.43961142782589,0.7776008545205543,0.2032720475551862,3.8254194999902476,0.10416666666666667,0.21070900813028157,-0.00499605736663844,0.12615489959716797
ETH-USD,1d,10,0.7,1.0,8,21,1.0875005944531295,150.34851497750412,1.0079218434436004,0.11932860849544276,8.446606862780047,0.6666666666666666,1.2144560978293684,-0.6404494840896453,0.1323261260986328
ETH-USD,1d,10,0.7,1.0,9,21,1.001499669617437,8.872881140892003,1.0206941364522122,0.09703282092376178,10.519060733627095,0.7083333333333334,1.2507141275126783,-0.5194034318551184,0.1295332908630371
ETH-USD,1d,10,0.7,1.0,10,30,0.9603282439327144,10.492044258911337,0.9148158988224203,0.13418702620829018,6.817469055483862,0.5,0.8806064182723351,-0.23692974821421564,0.12636232376098633
ETH-USD,1d,10,0.7,1.0,12,26,0.985889373246566,40.051248557644584,0.9341478195613121,0.1326321326724312,7.0431486001090535,0.5416666666666666,0.9560637975551313,-0.23692974821421564,0.13210368156433105
ETH-USD,1d,10,0.7,1.0,20,50,0.8095616578134441,25.117967561629285,0.8121016177785814,0.15577655214142458,5.213246837311562,0.10416666666666667,0.21172476719185515,-0.00499605736663844,0.13104724884033203
ETH-USD,1d,10,0.85,0.0,8,21,0.9764411306386628,112.10029694631335,0.779973769577037,0.5132752773476368,1.5196012821961182,0.2708333333333333,0.19298507967582224,-0.17070005513296727,0.13298606872558594
ETH-USD,1d,10,0.85,0.0,9,21,0.9415629763255825,91.04795497985448,0.7873478195147474,0.5442146316424284,1.446759740984082,0.3125,0.29113730321439496,-0.17070005513296727,0.1337447166442871
ETH-USD,1d,10,0.85,0.0,10,30,0.8314947559783822,44.80724815425634,0.6619330987585141,0.5505461224231238,1.202320880665078,0.25,0.3184706903184888,-0.2060787379430742,0.12930011749267578
ETH-USD,1d,10,0.85,0.0,12,26,0.8224552758558668,41.85252771914039,0.6660338666027319,0.46548541759990375,1.4308372323173495,0.22916666666666666,0.24293950705043596,-0.2060787379430742,0.1322011947631836
ETH-USD,1d,10,0.85,0.0,20,50,0.7950986329655808,36.75876488970048,0.749323484633992,0.4227363048638781,1.7725553164289394,0.0625,0.11081662529346255,-0.0035194774220901337,0.12358403205871582
ETH-USD,1d,10,0.85,0.25,8,21,0.8749670268201057,145.66259117082657,0.7643097524212444,0.36000508752889454,2.1230526425821687,0.6458333333333334,1.0537310564567897,-0.15308130360801953,0.13043737411499023
ETH-USD,1d,10,0.85,0.25,9,21,0.8444674993653934,100.9673348652604,0.7808043936976722,0.380888218094892,2.049956802557615,0.6666666666666666,1.1108578404568552,-0.13842780839175872,0.14169812202453613
ETH-USD,1d,10,0.85,0.25,10,30,0.7672742895711501,44.468049481629144,0.6802751867398535,0.4018309805859495,1.692938622472257,0.4583333333333333,0.8838856257143112,-0.1350364317786209,0.1264326572418213
ETH-USD,1d,10,0.85,0.25,12,26,0.7671205058776567,44.5847852174595,0.6689932233947038,0.3265957353864982,2.048383217873336,0.5,0.9555989689738498,-0.19915555127938667,0.1267552375793457
ETH-USD,1d,10,0.85,0.25,20,50,0.7600367722147726,41.39934197719103,0.7408721933536719,0.3353019630326171,2.2095671216860793,0.1875,0.3181535913696825,-0.03545033827692923,0.12155628204345703
ETH-USD,1d,10,0.85,0.5,8,21,0.9292070043801043,170.21242840003285,0.8523882079709064,0.22355440469697652,3.812889346225593,0.7083333333333334,1.1542856153182266,-0.17933105536172433,0.13344120979309082
ETH-USD,1d,10,0.85,0.5,9,21,0.8884129729123146,97.99536288531827,0.8618156160266983,0.23205343141446705,3.7138671502229275,0.7291666666666666,1.1936265075214934,-0.17539715285917334,0.12947797775268555
ETH-USD,1d,10,0.85,0.5,10,30,0.8140456159869309,39.991321479400014,0.7640697763604775,0.25810412003090316,2.960316078135422,0.5416666666666666,0.9670755106610279,-0.15443673768041188,0.12684106826782227
ETH-USD,1d,10,0.85,0.5,12,26,0.8153256190019771,43.213492597188335,0.7495605030139648,0.19944914004530326,3.7581535966698487,0.5833333333333334,1.0473901886034394,-0.251144747515495,0.12575411796569824
ETH-USD,1d,10,0.85,0.5,20,50,0.7633453297674329,43.27482091664754,0.7540203079713025,0.23807697325701696,3.167128251237035,0.1875,0.32324916806321097,-0.0873524867988753,0.11845564842224121
ETH-USD,1d,10,0.85,0.75,8,21,1.0411564226527614,180.88400301296926,0.9712207186185637,0.1497139853785442,6.487174302139387,0.7291666666666666,1.2167923623951575,-0.2123664973265884,0.12998366355895996
ETH-USD,1d,10,0.85,0.75,9,21,0.9919210807741605,83.79959770753963,0.9727845209878716,0.1481597824261448,6.5657798969351795,0.75,1.2490958624007635,-0.2123664973265884,0.1296398639678955
ETH-USD,1d,10,0.85,0.75,10,30,0.9110821652409499,32.91469532540965,0.8675287084265589,0.17638262730044776,4.918447591489962,0.5416666666666666,1.0145343660605548,-0.18791384427965319,0.12777256965637207
ETH-USD,1d,10,0.85,0.75,12,26,0.9113578705672576,38.42252871513462,0.8528502751969151,0.12787256670725708,6.669532779062562,0.5833333333333334,1.098657076042312,-0.3014327093333038,0.13690614700317383
ETH-USD,1d,10,0.85,0.75,20,50,0.8039215318415716,42.14178270922584,0.7903041391321318,0.17067966028002515,4.630335787143713,0.1875,0.32769321222580633,-0.13925463532082116,0.12449026107788086
ETH-USD,1d,10,0.85,1.0,8,21,1.1507061111411696,176.16250371395503,1.0826247408620784,0.10489636172609726,10.32089886672143,0.7291666666666666,1.2652113021105442,-0.24933584179400337,0.13140583038330078
ETH-USD,1d,10,0.85,1.0,9,21,1.0954286342199695,63.04399272892506,1.0779554846053123,0.09615008860215438,11.21117515622507,0.75,1.2935466491472514,-0.24933584179400337,0.13824033737182617
ETH-USD,1d,10,0.85,1.0,10,30,1.0077065455536325,24.91186124201644,0.9644748374559867,0.12584278051906672,7.66412529568875,0.5416666666666666,1.0487469613397857,-0.22139095087889482,0.13476848602294922
ETH-USD,1d,10,0.85,1.0,12,26,1.0065378717983995,31.471675534589885,0.9499686493479766,0.08655022155050104,10.975923947158021,0.5833333333333334,1.1353547712320615,-0.3500194367328132,0.1306297779083252
ETH-USD,1d,10,0.85,1.0,20,50,0.8523470460630334,38.20646588903417,0.8316998623983276,0.12642130865369275,6.578794914048959,0.1875,0.3313657415839697,-0.19115678384276713,0.12385058403015137
ETH-USD,1d,10,1.0,0.0,8,21,0.9548574543210283,101.6494893069171,0.7924731811678389,0.5337534512120774,1.4847176713672694,0.25,0.21036393129110634,-0.17070005513296727,0.13071632385253906
ETH-USD,1d,10,1.0,0.0,9,21,0.9490180387908255,98.28182805842016,0.7860596994258839,0.5534134233996889,1.4203842302866805,0.3125,0.238255554187538,-0.17070005513296727,0.13231992721557617
ETH-USD,1d,10,1.0,0.0,10,30,0.790676058083683,34.711041152819405,0.6561753403151548,0.5359917741746038,1.2242265122923328,0.22916666666666666,0.2772244296314312,-0.2064204363537584,0.13053607940673828
ETH-USD,1d,10,1.0,0.0,12,26,0.8050018902243831,38.50445957049665,0.6751286518143982,0.5224363961507508,1.2922695600625564,0.22916666666666666,0.24644848135195688,-0.2078234000784036,0.13058972358703613
ETH-USD,1d,10,1.0,0.0,20,50,0.8135771418474971,42.59826259445049,0.7133272355306807,0.462139773070157,1.5435313666941,0.0625,0.11081662529346255,-0.0035194774220901337,0.1262953281402588
ETH-USD,1d,10,1.0,0.25,8,21,0.8632980895405895,127.88671286468792,0.7807560370173956,0.367795664210937,2.1227983714610046,0.6666666666666666,1.0789480939932625,-0.18975400057152025,0.14037704467773438
ETH-USD,1d,10,1.0,0.25,9,21,0.861264837391666,122.15176668659636,0.7879688260362252,0.3908213856051601,2.016186562606111,0.6875,1.1162448237443177,-0.18975400057152025,0.13511085510253906
ETH-USD,1d,10,1.0,0.25,10,30,0.7429085722167752,34.73562226363273,0.6815731137267684,0.3907100455708564,1.7444473758818753,0.4791666666666667,0.8583831325826191,-0.2698598480446093,0.14226794242858887
ETH-USD,1d,10,1.0,0.25,12,26,0.7540350991209444,39.94897953764093,0.6987099492846368,0.378530454618061,1.8458487045372305,0.5208333333333334,0.9369533567027716,-0.27219858177570133,0.14440011978149414
ETH-USD,1d,10,1.0,0.25,20,50,0.778766427246639,50.00967664187028,0.7136310535712629,0.365705955598439,1.9513793599655258,0.1875,0.3181535913696825,-0.03545033827692923,0.12331199645996094
ETH-USD,1d,10,1.0,0.5,8,21,0.9313645626300864,144.26944636890389,0.8842084647035234,0.22575391331343064,3.916691638810762,0.7291666666666666,1.1804705050823738,-0.2736448089849495,0.14064598083496094
ETH-USD,1d,10,1.0,0.5,9,21,0.9202769804278663,135.89622424001644,0.8831116835288377,0.2340863149328457,3.77258996871382,0.75,1.2107003810845738,-0.2736448089849495,0.15794873237609863
ETH-USD,1d,10,1.0,0.5,10,30,0.8081824617600207,31.501971261760787,0.7829898846314859,0.24555336961449814,3.1886749746530705,0.5416666666666666,0.9468768548207588,-0.32968253584427787,0.13835906982421875
ETH-USD,1d,10,1.0,0.5,12,26,0.8125244496762305,37.56052138460685,0.7924305219225958,0.2343219960309362,3.3818016888946936,0.5625,1.0324561888328825,-0.3331007156866984,0.1506192684173584
ETH-USD,1d,10,1.0,0.5,20,50,0.7837662474423017,54.63532639140526,0.7437004257092364,0.26085686834303223,2.850990393441567,0.1875,0.32324916806321097,-0.0873524867988753,0.12466073036193848
ETH-USD,1d,10,1.0,0.75,8,21,1.0536946637928324,147.60754963992684,1.0178064515362557,0.15151169198799927,6.717675964023111,0.7291666666666666,1.2480593057969116,-0.35313088916463076,0.13634657859802246
ETH-USD,1d,10,1.0,0.75,9,21,1.0356678586236214,136.82719991068575,1.0074385344820618,0.14709164446101777,6.84905344673778,0.75,1.2755680697935852,-0.35313088916463076,0.15343642234802246
ETH-USD,1d,10,1.0,0.75,10,30,0.9171926557129088,26.090196961106816,0.9017327987699455,0.16303534816309187,5.53090362875111,0.5416666666666666,1.0001573336606315,-0.38602240657077447,0.1400613784790039
ETH-USD,1d,10,1.0,0.75,12,26,0.9153674249431322,32.253938567280116,0.9044383152177689,0.14927999692038088,6.058670510960386,0.5833333333333334,1.0876824545322832,-0.39062286352913145,0.13247060775756836
ETH-USD,1d,10,1.0,0.75,20,50,0.8264192325327406,55.78151989782039,0.7933293174758991,0.18953365577845588,4.185691001513812,0.1875,0.32769321222580633,-0.13925463532082116,0.13048124313354492
ETH-USD,1d,10,1.0,1.0,8,21,1.1710928150151807,138.05030037587545,1.1410301232074953,0.10670290442569809,10.693524504780886,0.7291666666666666,1.3015485215002058,-0.42821224111056466,0.1396653652191162
ETH-USD,1d,10,1.0,1.0,9,21,1.147991834646133,125.59335868226226,1.1234792430308047,0.09353839521457166,12.010888581673957,0.75,1.3272497858760672,-0.42821224111056466,0.13523530960083008
ETH-USD,1d,10,1.0,1.0,10,30,1.0221210710258168,19.798808559745215,1.010654346487688,0.11094905642244487,9.10917477873416,0.5416666666666666,1.0397199086543758,-0.4390109207144197,0.12974953651428223
ETH-USD,1d,10,1.0,1.0,12,26,1.0153811428401776,25.38825823037682,1.0080293415597121,0.09466951107801734,10.647877337498796,0.5833333333333334,1.1281321949067713,-0.4448580870207365,0.1297602653503418
ETH-USD,1d,10,1.0,1.0,20,50,0.8764810613859931,53.225980897676116,0.8449295351012145,0.1419719299620172,5.951384441468568,0.1875,0.3313657415839697,-0.19115678384276713,0.12637925148010254
ETH-USD,1d,14,0.0,0.0,8,21,0.7215209338534369,21.302224793544845,0.787172119164617,0.4329227039234176,1.8182740522286511,0.22916666666666666,0.3367735522309708,-0.2146520464723738,0.13377642631530762
ETH-USD,1d,14,0.0,0.0,9,21,0.9104539591071188,88.99625119379698,0.8466312942521812,0.4288668618020898,1.974112177132674,0.20833333333333334,0.346597493310413,-0.2146520464723738,0.13107514381408691
ETH-USD,1d,14,0.0,0.0,10,30,0.7627314873652564,29.582951573087467,0.7276295606958751,0.34016738901923876,2.139033852697511,0.20833333333333334,0.38094498108693114,-0.06805578175895777,0.1269979476928711
ETH-USD,1d,14,0.0,0.0,12,26,0.8943178382535594,76.64324748013715,0.7631554584141996,0.3844317466967071,1.985152019758353,0.20833333333333334,0.40117083188031954,-0.06805578175895777,0.12581372261047363
ETH-USD,1d,14,0.0,0.0,20,50,0.7034682532177495,19.015243425860298,0.6427653754404726,0.48296733382031304,1.330867183824097,0.041666666666666664,0.0780947503575788,0.0,0.12499284744262695
ETH-USD,1d,14,0.0,0.25,8,21,0.6551751446980737,15.127288042006168,0.7564144248017205,0.34601748229015744,2.18605840316305,0.5,0.9058761561698638,-0.1650266895847846,0.12905430793762207
ETH-USD,1d,14,0.0,0.25,9,21,0.8627123323248447,111.59032147797981,0.8228314134418296,0.38684184329050536,2.127048631664984,0.4791666666666667,0.8625364770276037,-0.0814096343577978,0.12922382354736328
ETH-USD,1d,14,0.0,0.25,10,30,0.7135212644398669,26.284638889254232,0.6948646338966132,0.27235571543668424,2.551312840204198,0.375,0.7244003746543721,-0.06805578175895777,0.13879036903381348
ETH-USD,1d,14,0.0,0.25,12,26,0.8458114752364889,87.59153152364772,0.743406749791348,0.31924451621322325,2.3286437574853345,0.3958333333333333,0.7768953699312023,-0.06805578175895777,0.1443781852722168
ETH-USD,1d,14,0.0,0.25,20,50,0.6708770114152179,17.88792285633279,0.6569341712635637,0.3901482760541204,1.6838064181845454,0.041666666666666664,0.0780947503575788,0.0,0.12568306922912598
ETH-USD,1d,14,0.0,0.5,8,21,0.6551761812169754,8.406166330854706,0.7617727770721057,0.26032736471104073,2.9262109187701473,0.5416666666666666,0.9295406056701951,-0.20635489511470861,0.13298606872558594
ETH-USD,1d,14,0.0,0.5,9,21,0.8438509219772146,129.27322582181895,0.8166372079755242,0.3131207406797304,2.6080584959103876,0.5416666666666666,0.8801098110146793,-0.1057988250991706,0.1268906593322754
ETH-USD,1d,14,0.0,0.5,10,30,0.6991395350402031,20.150803659761515,0.6951288844308607,0.19948502809429103,3.4846168209791295,0.3958333333333333,0.7369787364960287,-0.09215420542731345,0.13270068168640137
ETH-USD,1d,14,0.0,0.5,12,26,0.8154328899799386,89.09420890611568,0.741613114299257,0.24344299000422967,3.0463523073158605,0.4166666666666667,0.7829152908569957,-0.08683700450613396,0.13002848625183105
ETH-USD,1d,14,0.0,0.5,20,50,0.6620198161812406,15.389971672025627,0.6693312487374578,0.29009846301403824,2.3072554117774415,0.041666666666666664,0.0780947503575788,0.0,0.12208747863769531
ETH-USD,1d,14,0.0,0.75,8,21,0.6982049157365944,3.067976592665935,0.8022115912864273,0.20795535465625256,3.8576144990951176,0.5625,0.9470768679751993,-0.24768310064463284,0.15009427070617676
ETH-USD,1d,14,0.0,0.75,9,21,0.8676332183456896,139.5332792584851,0.8416947723094067,0.25512948296846777,3.2990886138135367,0.5416666666666666,0.8972372957577991,-0.14182879057225495,0.12781596183776855
ETH-USD,1d,14,0.0,0.75,10,30,0.7222085819158176,12.78533116151096,0.7254889569672185,0.15285188324957164,4.7463527536828805,0.3958333333333333,0.7472657606704695,-0.1254699665656831,0.12595415115356445
ETH-USD,1d,14,0.0,0.75,12,26,0.8269064902546672,80.26420280842919,0.7656458137102167,0.1886044510050288,4.0595320504382055,0.4166666666666667,0.7882059137951097,-0.11749416518391376,0.127061128616333
ETH-USD,1d,14,0.0,0.75,20,50,0.6813221046522556,11.97668280603808,0.6930469086630257,0.22159036831836743,3.127603938395456,0.041666666666666664,0.0780947503575788,0.0,0.1189875602722168
ETH-USD,1d,14,0.0,1.0,8,21,0.7501685209614078,-0.06481126105580193,0.8504712176663413,0.17509782721671222,4.857120337728372,0.5625,0.9608248121844681,-0.28901130617455706,0.12758612632751465
ETH-USD,1d,14,0.0,1.0,9,21,0.9038076059804032,140.8789373518439,0.8761042913504525,0.21330022236163212,4.10737636206067,0.5416666666666666,0.9116710468020411,-0.18482759426225426,0.1336050033569336
ETH-USD,1d,14,0.0,1.0,10,30,0.756865351944614,5.860519889745479,0.7642228204458568,0.12542069777705903,6.093275145098438,0.3958333333333333,0.7557019390824321,-0.15878572770405297,0.1490931510925293
ETH-USD,1d,14,0.0,1.0,12,26,0.8533157393760151,62.86687895956477,0.7978048429552295,0.1517060368362945,5.258886591415859,0.4166666666666667,0.7926699417502352,-0.14815132586169377,0.13103938102722168
ETH-USD,1d,14,0.0,1.0,20,50,0.7100531867815968,8.180857523005875,0.721307688367522,0.17625483969314015,4.092413516833464,0.041666666666666664,0.0780947503575788,0.0,0.12122726440429688
ETH-USD,1d,14,0.1,0.0,8,21,0.7102117625054672,19.203167709856345,0.7401081726796723,0.4380540292801708,1.6895362745455165,0.22916666666666666,0.3650229145957966,-0.2146520464723738,0.12841558456420898
ETH-USD,1d,14,0.1,0.0,9,21,0.84953369150995,57.29507755296971,0.8368116468437583,0.4231410848829371,1.977618521905676,0.20833333333333334,0.346597493310413,-0.2146520464723738,0.1477036476135254
ETH-USD,1d,14,0.1,0.0,10,30,0.7727141732045871,31.386044038330525,0.7500385321972411,0.2927519160275542,2.562027748186101,0.20833333333333334,0.3917838085151764,-0.06805578175895777,0.1303846836090088
ETH-USD,1d,14,0.1,0.0,12,26,0.8034998683689781,40.32616786458924,0.7148086032314046,0.4021384727302221,1.7775185706017735,0.1875,0.36312627240439027,-0.06805578175895777,0.13160443305969238
ETH-USD,1d,14,0.1,0.0,20,50,0.6958391214392973,18.098244198228645,0.6538915057994799,0.488449836560336,1.3387075946307694,0.041666666666666664,0.0780947503575788,0.0,0.12430906295776367
ETH-USD,1d,14,0.1,0.25,8,21,0.6456670795035615,13.846018626195805,0.7096016716320561,0.33636604675870185,2.109611473779639,0.5,0.9158000572136821,-0.07230998416843093,0.13184213638305664
ETH-USD,1d,14,0.1,0.25,9,21,0.8093128317579581,69.7270796399265,0.8054407820721428,0.3627928019542242,2.2201123554093285,0.5,0.8660895894985292,-0.0814096343577978,0.13123703002929688
ETH-USD,1d,14,0.1,0.25,10,30,0.717816263179055,27.084396203774972,0.7067149337902785,0.22721485980682066,3.110337653052848,0.375,0.6960906297606257,-0.06805578175895777,0.12900328636169434
ETH-USD,1d,14,0.1,0.25,12,26,0.7667472893446103,43.465760474894225,0.688426288381529,0.33730050100223397,2.04098803985165,0.4166666666666667,0.8311070408833942,-0.06805578175895777,0.13061141967773438
ETH-USD,1d,14,0.1,0.25,20,50,0.6615308000699743,16.457270994850994,0.6746603144409142,0.38862384291183394,1.736023990154337,0.041666666666666664,0.0780947503575788,0.0,0.12923026084899902
ETH-USD,1d,14,0.1,0.5,8,21,0.6607581352465092,7.831631922439422,0.7260743764668345,0.2438515247949313,2.9775264972299516,0.5625,0.9358078672335198,-0.1057988250991706,0.13153529167175293
ETH-USD,1d,14,0.1,0.5,9,21,0.8112253718185387,78.47603728617564,0.8033261616554588,0.28037608328140584,2.8651736348324053,0.5416666666666666,0.8838113827656574,-0.1057988250991706,0.12627553939819336
ETH-USD,1d,14,0.1,0.5,10,30,0.7068221993546688,19.7769846068537,0.7063302277726835,0.16099237336249927,4.387352102588559,0.3958333333333333,0.7099157927344759,-0.09215420542731345,0.15543079376220703
ETH-USD,1d,14,0.1,0.5,12,26,0.7599879980679388,41.98207001249144,0.6967800680336357,0.2568409835115173,2.7128850641641877,0.4375,0.8401088798415394,-0.08683700450613396,0.15111303329467773
ETH-USD,1d,14,0.1,0.5,20,50,0.6562560154275519,13.673368852221337,0.6904881713431655,0.28597693591858325,2.4144890185820627,0.041666666666666664,0.0780947503575788,0.0,0.13229084014892578
ETH-USD,1d,14,0.1,0.75,8,21,0.7167646043587017,2.9094872984817064,0.7768355112657449,0.19022054766150523,4.0838674938951005,0.5625,0.9520695136180087,-0.14138793135539673,0.1358957290649414
ETH-USD,1d,14,0.1,0.75,9,21,0.8527441886957868,82.15387019583332,0.8359108620643421,0.22104659739744129,3.78160474717182,0.5416666666666666,0.9009151233938093,-0.14138793135539673,0.13530778884887695
ETH-USD,1d,14,0.1,0.75,10,30,0.7377259821393906,11.645260147240545,0.7416391774723392,0.12249367890965916,6.054509784291063,0.3958333333333333,0.7227705007095923,-0.1254699665656831,0.14133358001708984
ETH-USD,1d,14,0.1,0.75,12,26,0.790331003857003,36.03693569535797,0.733414222059688,0.20197450395044034,3.6312218013400845,0.4375,0.8465136583964359,-0.11749416518391376,0.13429594039916992
ETH-USD,1d,14,0.1,0.75,20,50,0.6800980715903678,10.248976511682482,0.7161036487789506,0.21455229926194294,3.3376647616564243,0.041666666666666664,0.0780947503575788,0.0,0.14343500137329102
ETH-USD,1d,14,0.1,1.0,8,21,0.7783475939400687,-0.07623357119624341,0.8332940531401631,0.15762362303664984,5.286606392408642,0.5625,0.9651431324039669,-0.1769770376116232,0.17780303955078125
ETH-USD,1d,14,0.1,1.0,9,21,0.9023609797530566,80.19172678733541,0.8773340213582277,0.18050768309547066,4.860369410947483,0.5416666666666666,0.9152450819127536,-0.1769770376116232,0.13557982444763184
ETH-USD,1d,14,0.1,1.0,10,30,0.7800054370276959,4.715253164299036,0.7857549271467728,0.10293776096614479,7.633301130429675,0.3958333333333333,0.7336260313380188,-0.15878572770405297,0.13877201080322266
ETH-USD,1d,14,0.1,1.0,12,26,0.8307038534684956,26.90029557826903,0.7767230294409871,0.16662991229890983,4.661366130035878,0.4375,0.8516798916684859,-0.14815132586169377,0.14112567901611328
ETH-USD,1d,14,0.1,1.0,20,50,0.712839897510009,6.701256067258957,0.7453740659356517,0.16602579573362372,4.489507565026521,0.041666666666666664,0.0780947503575788,0.0,0.11727547645568848
ETH-USD,1d,14,0.25,0.0,8,21,0.6651988988066675,13.827577089344878,0.7435640087294653,0.4990304643766132,1.490017267098758,0.22916666666666666,0.3650229145957966,-0.2146520464723738,0.1255652904510498
ETH-USD,1d,14,0.25,0.0,9,21,0.9274914492771419,92.43112769760715,0.7704491180687839,0.3889567337032696,1.9808093068175296,0.20833333333333334,0.346597493310413,-0.2146520464723738,0.13727927207946777
ETH-USD,1d,14,0.25,0.0,10,30,0.8104636319261012,41.6033820522341,0.7529201340482436,0.3728814878974944,2.019194190340772,0.20833333333333334,0.3917838085151764,-0.06805578175895777,0.14668917655944824
ETH-USD,1d,14,0.25,0.0,12,26,0.7759862384481296,32.40122459879627,0.7274387734864509,0.4585429088729761,1.5864137453883587,0.1875,0.36312627240439027,-0.06805578175895777,0.15445208549499512
ETH-USD,1d,14,0.25,0.0,20,50,0.7614928391241563,28.48010839641118,0.6749563982688354,0.4806828975655265,1.4041614579741222,0.041666666666666664,0.0780947503575788,0.0,0.11725091934204102
ETH-USD,1d,14,0.25,0.25,8,21,0.6060741711851579,8.887051992268592,0.7179064038656736,0.37294778951689195,1.9249514919920379,0.5,0.9158000572136821,-0.07230998416843093,0.15048575401306152
ETH-USD,1d,14,0.25,0.25,9,21,0.8701871696915721,121.95176772230423,0.733812391090538,0.29911313439922305,2.453293776498382,0.5,0.8660895894985292,-0.0814096343577978,0.1381535530090332
ETH-USD,1d,14,0.25,0.25,10,30,0.7593058330756655,40.32140296675457,0.7155760349368745,0.2892165286939679,2.4741878971034033,0.375,0.6960906297606257,-0.06805578175895777,0.13304972648620605
ETH-USD,1d,14,0.25,0.25,12,26,0.7363941209450029,32.91940696286681,0.7069579885937426,0.36929690854739494,1.9143349760887933,0.4166666666666667,0.8311070408833942,-0.06805578175895777,0.13910841941833496
ETH-USD,1d,14,0.25,0.25,20,50,0.7224414889327514,28.09014623961681,0.6848272156956041,0.39056565110941144,1.753424075441185,0.041666666666666664,0.0780947503575788,0.0,0.13313961029052734
ETH-USD,1d,14,0.25,0.5,8,21,0.6496646586251078,4.227739404063446,0.7462252463386431,0.2592683573453226,2.8781963752897806,0.5625,0.9358078672335198,-0.1057988250991706,0.1495380401611328
ETH-USD,1d,14,0.25,0.5,9,21,0.8581195601925521,146.642443494744,0.7489532692407068,0.21231194196460404,3.527607831713818,0.5416666666666666,0.8838113827656574,-0.1057988250991706,0.1444225311279297
ETH-USD,1d,14,0.25,0.5,10,30,0.7583325960469672,34.26348928649488,0.721580291073487,0.20151518861584386,3.5807737175040595,0.3958333333333333,0.7099157927344759,-0.09215420542731345,0.14758944511413574
ETH-USD,1d,14,0.25,0.5,12,26,0.7445782862973426,29.968331826283443,0.7220774378565309,0.27201624462947865,2.6545379259981106,0.4375,0.8401088798415394,-0.08683700450613396,0.14865350723266602
ETH-USD,1d,14,0.25,0.5,20,50,0.708173721660561,25.171056977437182,0.6960997165427082,0.2924541567010552,2.3802011378291232,0.041666666666666664,0.0780947503575788,0.0,0.12831330299377441
ETH-USD,1d,14,0.25,0.75,8,21,0.7295635776278887,0.9905095705186313,0.8074784698534969,0.19297496902487593,4.184368956936622,0.5625,0.9520695136180087,-0.14138793135539673,0.16591501235961914
ETH-USD,1d,14,0.25,0.75,9,21,0.8959914995381822,161.70244611459657,0.8008158902334743,0.16220527735487297,4.9370520077558755,0.5416666666666666,0.9009151233938093,-0.14138793135539673,0.14243030548095703
ETH-USD,1d,14,0.25,0.75,10,30,0.800680796478265,24.797216341136146,0.7617825862387765,0.1472813934535515,5.172293447094671,0.3958333333333333,0.7227705007095923,-0.1254699665656831,0.1413416862487793
ETH-USD,1d,14,0.25,0.75,12,26,0.7918542866586021,24.243161681260233,0.7646446387592172,0.2086924034724386,3.6639792634340025,0.4375,0.8465136583964359,-0.11749416518391376,0.1272280216217041
ETH-USD,1d,14,0.25,0.75,20,50,0.7274596632393093,20.310939520612905,0.720469480829486,0.2239277904099989,3.2174187916129027,0.041666666666666664,0.0780947503575788,0.0,0.1417093276977539
ETH-USD,1d,14,0.25,1.0,8,21,0.8092969547583403,-0.6178185582144882,0.8722525783425825,0.1521456334759657,5.733010921278733,0.5625,0.9651431324039669,-0.1769770376116232,0.14007973670959473
ETH-USD,1d,14,0.25,1.0,9,21,0.9449444814067993,163.80436609742313,0.8586547165438271,0.13359567408417847,6.427264373865802,0.5416666666666666,0.9152450819127536,-0.1769770376116232,0.1527423858642578
ETH-USD,1d,14,0.25,1.0,10,30,0.8523143863995158,13.834102594393757,0.8099319701279828,0.11629650584607365,6.964370633800322,0.3958333333333333,0.7336260313380188,-0.15878572770405297,0.15416264533996582
ETH-USD,1d,14,0.25,1.0,12,26,0.8463193791102777,17.03250554014356,0.8129160944371081,0.16868162914418972,4.819233123141253,0.4375,0.8516798916684859,-0.14815132586169377,0.1476151943206787
ETH-USD,1d,14,0.25,1.0,20,50,0.7577629038277292,14.385206756563802,0.7493727892166576,0.17744785335179086,4.223059197740893,0.041666666666666664,0.0780947503575788,0.0,0.12944698333740234
ETH-USD,1d,14,0.4,0.0,8,21,0.7130553012072595,19.755265009531232,0.7358710328877934,0.48657881399088754,1.5123367720271819,0.22916666666666666,0.3650229145957966,-0.2146520464723738,0.1517789363861084
ETH-USD,1d,14,0.4,0.0,9,21,0.8158706873664676,41.5969570757905,0.7383205110296698,0.41874512543425385,1.7631739838499725,0.20833333333333334,0.346597493310413,-0.2146520464723738,0.1490178108215332
ETH-USD,1d,14,0.4,0.0,10,30,0.7922946496399287,36.378964530438,0.7202682978863193,0.37019323206155536,1.9456549593714718,0.20833333333333334,0.3917838085151764,-0.06805578175895777,0.1385176181793213
ETH-USD,1d,14,0.4,0.0,12,26,0.8682412990026122,64.8017443790738,0.7016385714184689,0.4560080367258008,1.5386539598212532,0.1875,0.36312627240439027,-0.06805578175895777,0.13352584838867188
ETH-USD,1d,14,0.4,0.0,20,50,0.8131252177421616,40.742281562553835,0.6740826216103353,0.501904324135375,1.3430500380158508,0.041666666666666664,0.0780947503575788,0.0,0.1402127742767334
ETH-USD,1d,14,0.4,0.25,8,21,0.6556827257719245,14.697240831040737,0.7012849482644545,0.35611190128467807,1.9692825365694335,0.5,0.9158000572136821,-0.07230998416843093,0.1298530101776123
ETH-USD,1d,14,0.4,0.25,9,21,0.7592904683005859,43.46370411488773,0.7032098760833095,0.3209360238664498,2.1911216684604224,0.5,0.8660895894985292,-0.0814096343577978,0.1451714038848877
ETH-USD,1d,14,0.4,0.25,10,30,0.7319510900277035,31.20000199323014,0.6822964816399152,0.28459956615042686,2.3973911516059134,0.375,0.6960906297606257,-0.06805578175895777,0.12927746772766113
ETH-USD,1d,14,0.4,0.25,12,26,0.8304507921438897,81.0127104395522,0.6797206790141643,0.36911270108596833,1.8414990245915535,0.4166666666666667,0.8311070408833942,-0.06805578175895777,0.13301968574523926
ETH-USD,1d,14,0.4,0.25,20,50,0.7699874753503114,43.815754736485665,0.6837399846279457,0.40593204161577956,1.6843705707644416,0.041666666666666664,0.0780947503575788,0.0,0.1289076805114746
ETH-USD,1d,14,0.4,0.5,8,21,0.6998859664541555,8.671019340462278,0.7382676126814685,0.23853981758918832,3.0949449871421804,0.5625,0.9358078672335198,-0.1057988250991706,0.13629508018493652
ETH-USD,1d,14,0.4,0.5,9,21,0.7773552908714441,40.4101666831946,0.7337030044555729,0.21763238404974194,3.371295166659931,0.5416666666666666,0.8838113827656574,-0.1057988250991706,0.1376783847808838
ETH-USD,1d,14,0.4,0.5,10,30,0.7475795749219166,22.628164971916746,0.6982476041847263,0.19102938196549973,3.6551843334279916,0.3958333333333333,0.7099157927344759,-0.09215420542731345,0.130995512008667
ETH-USD,1d,14,0.4,0.5,12,26,0.8320097716575605,93.53079112171298,0.7053633040019605,0.26791322580989246,2.6328050878028564,0.4375,0.8401088798415394,-0.08683700450613396,0.1360633373260498
ETH-USD,1d,14,0.4,0.5,20,50,0.7480490607260349,42.86381684840042,0.6958479560636839,0.30175878399816247,2.305974152082748,0.041666666666666664,0.0780947503575788,0.0,0.12851214408874512
ETH-USD,1d,14,0.4,0.75,8,21,0.7816996780937572,3.4586849678889235,0.8102128736043912,0.17248127344209785,4.697396171975623,0.5625,0.9520695136180087,-0.14138793135539673,0.1301114559173584
ETH-USD,1d,14,0.4,0.75,9,21,0.8406369802880446,33.367833896132986,0.7983604553766727,0.15860649822774364,5.0335923451907,0.5416666666666666,0.9009151233938093,-0.14138793135539673,0.13270807266235352
ETH-USD,1d,14,0.4,0.75,10,30,0.809354175142498,13.357655850883296,0.7481876198016811,0.1346004256164999,5.558582867586156,0.3958333333333333,0.7227705007095923,-0.1254699665656831,0.1276226043701172
ETH-USD,1d,14,0.4,0.75,12,26,0.8761898609402435,100.37053119907613,0.7585221026451398,0.20379910560759124,3.7219108512951484,0.4375,0.8465136583964359,-0.11749416518391376,0.12936758995056152
ETH-USD,1d,14,0.4,0.75,20,50,0.7615617472558885,37.83499494417311,0.7222278380061201,0.23093878790626002,3.1273561472890314,0.041666666666666664,0.0780947503575788,0.0,0.12062788009643555
ETH-USD,1d,14,0.4,1.0,8,21,0.8631486194981206,0.10254299496032404,0.884238003202754,0.1329336316859613,6.651725315770001,0.5625,0.9651431324039669,-0.1769770376116232,0.12824726104736328
ETH-USD,1d,14,0.4,1.0,9,21,0.9089363666085674,24.190821228136826,0.866343074374843,0.12540856320751811,6.908165217882878,0.5416666666666666,0.9152450819127536,-0.1769770376116232,0.15709614753723145
ETH-USD,1d,14,0.4,1.0,10,30,0.8773603388608371,5.59766074611914,0.8042983903957575,0.10303518562110157,7.806055626021383,0.3958333333333333,0.7336260313380188,-0.15878572770405297,0.13524460792541504
ETH-USD,1d,14,0.4,1.0,12,26,0.9289029364730951,100.40373004539087,0.8155446616459816,0.16425493932624433,4.965114991313236,0.4375,0.8516798916684859,-0.14815132586169377,0.1366291046142578
ETH-USD,1d,14,0.4,1.0,20,50,0.7874890255421045,29.373208492201936,0.7532220349584225,0.18294738819153764,4.117151069518594,0.041666666666666664,0.0780947503575788,0.0,0.12681198120117188
ETH-USD,1d,14,0.55,0.0,8,21,0.7956227281301942,34.838157338221784,0.721866119547089,0.487823207778481,1.479769941316294,0.22916666666666666,0.3548883185868534,-0.17894954273345676,0.1426687240600586
ETH-USD,1d,14,0.55,0.0,9,21,0.7663282047522066,29.257412983689296,0.7102047413824301,0.46330141906298683,1.5329215758043604,0.20833333333333334,0.34947564629012523,-0.17133139632414562,0.1421496868133545
ETH-USD,1d,14,0.55,0.0,10,30,0.7328792107167813,23.857873926424077,0.7339335122708555,0.4205732260311499,1.7450790179793718,0.20833333333333334,0.4549449010225306,-0.06805578175895777,0.12848925590515137
ETH-USD,1d,14,0.55,0.0,12,26,0.8810529307075348,69.79026904909017,0.7328004158468057,0.47490618341890145,1.5430424817198536,0.1875,0.3580178801602589,-0.06805578175895777,0.1273655891418457
ETH-USD,1d,14,0.55,0.0,20,50,0.8084317060395496,40.62812575857633,0.7301981164638294,0.464498556203189,1.5720137484010037,0.041666666666666664,0.0780947503575788,0.0,0.12543964385986328
ETH-USD,1d,14,0.55,0.25,8,21,0.7274978430311358,30.36801205442321,0.700554149285102,0.35477264945897097,1.9746565874044928,0.6041666666666666,1.1024250064485128,-0.22402324313122224,0.1328897476196289
ETH-USD,1d,14,0.55,0.25,9,21,0.714602015910999,27.799736596741393,0.6928448169140365,0.34106018390403897,2.0314444476725435,0.5833333333333334,1.0744901954885704,-0.21450151238788462,0.14593887329101562
ETH-USD,1d,14,0.55,0.25,10,30,0.6766112152132956,17.58349945394291,0.703031566706831,0.32668966873875277,2.151985918076373,0.4583333333333333,0.8754690849326562,-0.07020971884294425,0.14742732048034668
ETH-USD,1d,14,0.55,0.25,12,26,0.8335133114293772,84.96892513034705,0.7129780103056229,0.37469589682256704,1.9028177686270353,0.4791666666666667,0.9623702994715481,-0.07739567959970328,0.13647818565368652
ETH-USD,1d,14,0.55,0.25,20,50,0.7675500747028816,43.95934455158442,0.7233771838667786,0.37529573023914997,1.9274857814284763,0.0625,0.11186408278391087,0.0,0.1319277286529541
ETH-USD,1d,14,0.55,0.5,8,21,0.763937274992426,21.607943362187118,0.759022697972626,0.23466652580885441,3.2344736657962088,0.6458333333333334,1.1259428973392582,-0.2690969435289876,0.13125038146972656
ETH-USD,1d,14,0.55,0.5,9,21,0.7579306374501238,23.298138426846474,0.745886402404574,0.2193099330350994,3.401060736657098,0.625,1.092264154943943,-0.26028077112532044,0.13679909706115723
ETH-USD,1d,14,0.55,0.5,10,30,0.7146819537237898,10.542262174663346,0.7282868135960545,0.2173817455771925,3.350266654922223,0.4791666666666667,0.890587212203056,-0.1057988250991706,0.13423609733581543
ETH-USD,1d,14,0.55,0.5,12,26,0.8436928692833854,94.38114531627197,0.743733063700986,0.2624010085028394,2.8343376724976963,0.5208333333333334,0.9792216271620683,-0.11255432391413078,0.13698506355285645
ETH-USD,1d,14,0.55,0.5,20,50,0.7508533770192329,43.477215933952564,0.7293839355273634,0.2776859714806263,2.6266502828294707,0.0625,0.11314767094098481,0.0,0.12321686744689941
ETH-USD,1d,14,0.55,0.75,8,21,0.8448388443344861,11.385803744851824,0.8467126957306206,0.16608795200195778,5.097977821537831,0.6458333333333334,1.1493230848719298,-0.37444045285664196,0.13866925239562988
ETH-USD,1d,14,0.55,0.75,9,21,0.8430130538278419,17.106423939899432,0.8268022391983534,0.14750946633559325,5.605079183984889,0.625,1.1158612636646992,-0.37444045285664196,0.13866496086120605
ETH-USD,1d,14,0.55,0.75,10,30,0.7947556775808718,4.7338043843334585,0.7846776681655557,0.14812886052220756,5.297263918721068,0.4791666666666667,0.9043211823439091,-0.14138793135539673,0.1348404884338379
ETH-USD,1d,14,0.55,0.75,12,26,0.9010851995906223,96.40858612546594,0.8024366756389085,0.19094913262869273,4.202358317066958,0.5208333333333334,0.990832605358213,-0.14771296822855817,0.1320655345916748
ETH-USD,1d,14,0.55,0.75,20,50,0.7690103651649323,39.057497369424944,0.7554748653858386,0.21070307974528846,3.5854951256484036,0.0625,0.11407267245216501,0.0,0.12266278266906738
ETH-USD,1d,14,0.55,1.0,8,21,0.9269769386313248,2.7226935287113756,0.9323860048772781,0.1248734264086056,7.466648683334464,0.6875,1.1698032925807496,-0.518441922126001,0.13333749771118164
ETH-USD,1d,14,0.55,1.0,9,21,0.9281867695939026,10.7710136906807,0.9068580464553755,0.10428888728097657,8.695634502380928,0.6666666666666666,1.1375236280711776,-0.48860013458796325,0.133500337600708
ETH-USD,1d,14,0.55,1.0,10,30,0.8765570968559292,1.043838039117889,0.8455025070971368,0.10649162881029825,7.939614752285324,0.4791666666666667,0.9157518091797829,-0.1769770376116232,0.13284015655517578
ETH-USD,1d,14,0.55,1.0,12,26,0.9654679305932576,90.92397339117831,0.8641743749379167,0.14613280600465195,5.913623357854409,0.5208333333333334,0.9999115458376558,-0.182871612542986,0.1312713623046875
ETH-USD,1d,14,0.55,1.0,20,50,0.7985406828872939,31.15006539485495,0.7874570535269682,0.1653735838300749,4.761685846610775,0.0625,0.1147708276487069,0.0,0.11974287033081055
ETH-USD,1d,14,0.7,0.0,8,21,0.959776303552748,91.71988375864787,0.8237093715822006,0.45627397051057406,1.8052955566596611,0.1875,0.30545276595659643,-0.11939076877259602,0.13013339042663574
ETH-USD,1d,14,0.7,0.0,9,21,0.7755496158345814,29.084509156620406,0.8278086641945327,0.4190491543421149,1.9754452565216332,0.1875,0.3113849727152712,-0.11939076877259602,0.13667011260986328
ETH-USD,1d,14,0.7,0.0,10,30,0.7163405690359482,19.445364428330443,0.6797958756400181,0.4629150630099339,1.4685110292585792,0.1875,0.41775497188456606,-0.10569374888655092,0.13576793670654297
ETH-USD,1d,14,0.7,0.0,12,26,0.9060680374032287,70.80085620723989,0.7168779366291498,0.49854262658226606,1.4379471250907279,0.16666666666666666,0.26856067641563364,-0.10950965488735853,0.13278865814208984
ETH-USD,1d,14,0.7,0.0,20,50,0.7645382906937511,29.362509670712456,0.7656919941620232,0.45327202298995295,1.6892549182965904,0.041666666666666664,0.0780947503575788,0.0,0.12242245674133301
ETH-USD,1d,14,0.7,0.25,8,21,0.8530481048824613,106.13012831320951,0.7820526189166579,0.33895313736841287,2.3072588293131333,0.625,1.073583199746274,-0.15562231144853766,0.13706517219543457
ETH-USD,1d,14,0.7,0.25,9,21,0.7015169329456995,24.01930060221465,0.7849822055052614,0.3092795211589913,2.5380995242220568,0.625,1.1301117902513356,-0.15562231144853766,0.14900612831115723
ETH-USD,1d,14,0.7,0.25,10,30,0.6544498205145551,14.627206336269422,0.6653184958135108,0.34548296360652314,1.9257635423414226,0.4375,0.8568054456494564,-0.13850274871846702,0.14011740684509277
ETH-USD,1d,14,0.7,0.25,12,26,0.835673849522207,85.62158618994629,0.6979400972671624,0.3777019541679062,1.84785937580004,0.4583333333333333,0.9230353320794723,-0.13850274871846702,0.12913107872009277
ETH-USD,1d,14,0.7,0.25,20,50,0.7215497008038296,28.741373762590047,0.7578596678279089,0.36827158888245753,2.0578825266637595,0.0625,0.11186408278391087,0.0,0.1231393814086914
ETH-USD,1d,14,0.7,0.5,8,21,0.8683131016241573,107.66791350118892,0.8319844831125925,0.22356847296983645,3.721385542696097,0.6458333333333334,1.111014240418348,-0.26028077112532044,0.1424705982208252
ETH-USD,1d,14,0.7,0.5,9,21,0.7578006402726628,16.687683465739738,0.8264847380215269,0.19424372820827263,4.2548850644760625,0.6458333333333334,1.1586262059675463,-0.26028077112532044,0.13813328742980957
ETH-USD,1d,14,0.7,0.5,10,30,0.7155269779538358,9.431508859551878,0.7182245854693176,0.22134032353721722,3.2448881161436987,0.4791666666666667,0.8818472190453291,-0.17131174855038322,0.12933802604675293
ETH-USD,1d,14,0.7,0.5,12,26,0.8463619431453487,94.15392069482195,0.7449707325390045,0.2511381737678525,2.9663779160377333,0.5208333333333334,0.958277443388719,-0.17131174855038322,0.13389062881469727
ETH-USD,1d,14,0.7,0.5,20,50,0.7141221459371503,25.388834670105414,0.7602394835243234,0.273600140391564,2.778651657255378,0.0625,0.11314767094098481,0.0,0.12084531784057617
ETH-USD,1d,14,0.7,0.75,8,21,0.9469186663988785,95.53656512577386,0.9201013360189225,0.15542989718238617,5.919719131894217,0.6666666666666666,1.1463497603092927,-0.37444045285664196,0.13520455360412598
ETH-USD,1d,14,0.7,0.75,9,21,0.8590769133508527,9.437070854023688,0.9063812832026169,0.12693454892901265,7.1405404663272956,0.6666666666666666,1.188225244421463,-0.37444045285664196,0.1314253807067871
ETH-USD,1d,14,0.7,0.75,10,30,0.8180639000892688,5.057959384227917,0.7977796160305155,0.14822678158755023,5.3821556906658365,0.4791666666666667,0.9016026073264144,-0.20412074838229954,0.13026809692382812
ETH-USD,1d,14,0.7,0.75,12,26,0.9135512627311555,94.96596339652889,0.8207456895017751,0.17535111594370836,4.680584352626834,0.5208333333333334,0.9809629851483549,-0.20412074838229954,0.13178133964538574
ETH-USD,1d,14,0.7,0.75,20,50,0.7430098318753671,20.040211232892695,0.784347822219851,0.20665030525447606,3.7955318829748594,0.0625,0.11407267245216501,0.0,0.14006876945495605
ETH-USD,1d,14,0.7,1.0,8,21,1.030783557635489,72.79049701362534,1.0077373923731163,0.11264085924925359,8.946464001514567,0.6875,1.1766641200115504,-0.518441922126001,0.15594172477722168
ETH-USD,1d,14,0.7,1.0,9,21,0.9578884694141605,3.857308866197952,0.9876131527826123,0.08859703325021424,11.147248576523008,0.6875,1.2144789927171187,-0.48860013458796325,0.1432492733001709
ETH-USD,1d,14,0.7,1.0,10,30,0.9171976414294529,2.0082408962466243,0.8766888714378656,0.104105811248059,8.421132892850023,0.4791666666666667,0.9174068466318737,-0.23692974821421564,0.139021635055542
ETH-USD,1d,14,0.7,1.0,12,26,0.987340312643062,88.28709315643302,0.8967436456404607,0.128782085406915,6.9632638950286,0.5208333333333334,0.9979508898468139,-0.23692974821421564,0.13794517517089844
ETH-USD,1d,14,0.7,1.0,20,50,0.7818496496378373,13.718153847389084,0.8151625935091745,0.16114929739522155,5.0584309499654445,0.0625,0.1147708276487069,0.0,0.1340625286102295
ETH-USD,1d,14,0.85,0.0,8,21,0.9417602452762625,88.28983681327405,0.7948788522125951,0.47067163117206146,1.6888182749259741,0.2708333333333333,0.1611045910417255,-0.17070005513296727,0.1480727195739746
ETH-USD,1d,14,0.85,0.0,9,21,0.9076921606321536,73.02606316407812,0.7725127280672063,0.4973853477570438,1.553147336468289,0.3125,0.24557968982163378,-0.17070005513296727,0.14672541618347168
ETH-USD,1d,14,0.85,0.0,10,30,0.8049617041284033,37.28546063863121,0.6867307665962723,0.5141497250714644,1.3356630045864946,0.25,0.3189178861051771,-0.4530955018172166,0.17297101020812988
ETH-USD,1d,14,0.85,0.0,12,26,0.8259390286052397,42.25472861221887,0.6575475190050971,0.4607032921531825,1.4272689824549039,0.22916666666666666,0.2720534391382638,-0.4530955018172166,0.1498243808746338
ETH-USD,1d,14,0.85,0.0,20,50,0.7927869639074543,35.9918701184404,0.7508772977470368,0.40376634278666845,1.8596827377059653,0.0625,0.11081662529346255,-0.0035194774220901337,0.13463068008422852
ETH-USD,1d,14,0.85,0.25,8,21,0.852225016353765,111.81978015162574,0.7723349980137277,0.33508711958939863,2.3048782028987382,0.625,1.003799229757238,-0.18506223464922678,0.12883710861206055
ETH-USD,1d,14,0.85,0.25,9,21,0.8194763627681616,77.86950171297094,0.7650601405443219,0.35171530763635056,2.1752255984699462,0.6458333333333334,1.0571359908245972,-0.18506223464922678,0.12845444679260254
ETH-USD,1d,14,0.85,0.25,10,30,0.744118740957162,35.321593681472244,0.6944653618591221,0.38633131960135236,1.7975901166276842,0.4375,0.8516406232923966,-0.3129921326507653,0.1270310878753662
ETH-USD,1d,14,0.85,0.25,12,26,0.7690882085057001,45.4662794536021,0.6562276295040601,0.32603461654894544,2.0127544628548515,0.4791666666666667,0.9620194137305017,-0.3129921326507653,0.14290380477905273
ETH-USD,1d,14,0.85,0.25,20,50,0.7564461247424584,39.98615142848608,0.7382048543933583,0.3231085828222999,2.284695899889942,0.1875,0.3181535913696825,-0.03545033827692923,0.13246703147888184
ETH-USD,1d,14,0.85,0.5,8,21,0.9060774247270387,128.42624842508764,0.8536743113250791,0.20737824832790072,4.1165084487321595,0.6875,1.1130403757464933,-0.21351956896154345,0.1344921588897705
ETH-USD,1d,14,0.85,0.5,9,21,0.8680764820176925,73.20651808945124,0.8429400419893112,0.2136613792725108,3.945214829462453,0.7083333333333334,1.1493625317368403,-0.21351956896154345,0.14020490646362305
ETH-USD,1d,14,0.85,0.5,10,30,0.7970126435373013,30.29040634544099,0.7677554122757314,0.25043882497972764,3.0656405305282806,0.5208333333333334,0.9421985402099744,-0.22402752969173811,0.14455699920654297
ETH-USD,1d,14,0.85,0.5,12,26,0.8164803422416674,44.50491410364031,0.7345148082682517,0.20088425235565577,3.656408103945495,0.5625,1.0559312275704884,-0.251144747515495,0.13935613632202148
ETH-USD,1d,14,0.85,0.5,20,50,0.759700162247443,41.021744268247076,0.7482690697480174,0.23268074911514441,3.215861529557518,0.1875,0.32324916806321097,-0.0873524867988753,0.12958073616027832
ETH-USD,1d,14,0.85,0.75,8,21,1.0151631172723217,135.10928734947393,0.9682828124678172,0.1376865893091077,7.032513604458696,0.7291666666666666,1.1791881590038928,-0.2419769032738599,0.14074230194091797
ETH-USD,1d,14,0.85,0.75,9,21,0.9729032398818572,61.16585613515181,0.9505258911731455,0.13581878398201774,6.998486242514099,0.75,1.2089530035933393,-0.2419769032738599,0.13990187644958496
ETH-USD,1d,14,0.85,0.75,10,30,0.8974549767975546,23.73176358630355,0.8637861788433254,0.17106434858117425,5.049481005292214,0.5416666666666666,0.9942940135358542,-0.2549111467936388,0.13741326332092285
ETH-USD,1d,14,0.85,0.75,12,26,0.9122079138477205,39.94497068426444,0.8362748794781656,0.13050291302040964,6.4080935829177905,0.5833333333333334,1.1081955939006225,-0.3014327093333038,0.13686466217041016
ETH-USD,1d,14,0.85,0.75,20,50,0.8004874280773232,38.95134590667651,0.7827161046757609,0.16948757685046076,4.6181326042931925,0.1875,0.32769321222580633,-0.13925463532082116,0.13465499877929688
ETH-USD,1d,14,0.85,1.0,8,21,1.1218684347036474,131.09463048001913,1.0766833352414473,0.09575151733076336,11.24455638151571,0.7291666666666666,1.2299160086946161,-0.2704342375861766,0.14472198486328125
ETH-USD,1d,14,0.85,1.0,9,21,1.0768653434375521,45.4589564771519,1.053001792497242,0.09055812690272429,11.627910475979204,0.75,1.2560590627554553,-0.2704342375861766,0.1415717601776123
ETH-USD,1d,14,0.85,1.0,10,30,0.9962334026304033,17.046196377865748,0.9552915156399724,0.12179452466526625,7.843468483213396,0.5416666666666666,1.0315331638550196,-0.2857947638955398,0.14251017570495605
ETH-USD,1d,14,0.85,1.0,12,26,1.0071922561877222,33.0101664072421,0.932235493701827,0.08878986921437214,10.49934527385168,0.5833333333333334,1.144975261128379,-0.3500194367328132,0.13872575759887695
ETH-USD,1d,14,0.85,1.0,20,50,0.8491307810042381,34.1378656773722,0.822741266057341,0.12809106303988782,6.423096557494707,0.1875,0.3313657415839697,-0.19115678384276713,0.13039064407348633
ETH-USD,1d,14,1.0,0.0,8,21,0.9548574543210283,101.6494893069171,0.7924731811678389,0.5337534512120774,1.4847176713672694,0.25,0.21036393129110634,-0.17070005513296727,0.1339588165283203
ETH-USD,1d,14,1.0,0.0,9,21,0.9490180387908255,98.28182805842016,0.7860596994258839,0.5534134233996889,1.4203842302866805,0.3125,0.238255554187538,-0.17070005513296727,0.13315558433532715
ETH-USD,1d,14,1.0,0.0,10,30,0.790676058083683,34.711041152819405,0.6561753403151548,0.5359917741746038,1.2242265122923328,0.22916666666666666,0.2772244296314312,-0.2064204363537584,0.13089799880981445
ETH-USD,1d,14,1.0,0.0,12,26,0.8050018902243831,38.50445957049665,0.6751286518143982,0.5224363961507508,1.2922695600625564,0.22916666666666666,0.24644848135195688,-0.2078234000784036,0.13694024085998535
ETH-USD,1d,14,1.0,0.0,20,50,0.8135771418474971,42.59826259445049,0.7133272355306807,0.462139773070157,1.5435313666941,0.0625,0.11081662529346255,-0.0035194774220901337,0.13016200065612793
ETH-USD,1d,14,1.0,0.25,8,21,0.8632980895405895,127.88671286468792,0.7807560370173956,0.367795664210937,2.1227983714610046,0.6666666666666666,1.0789480939932625,-0.18975400057152025,0.13897967338562012
ETH-USD,1d,14,1.0,0.25,9,21,0.861264837391666,122.15176668659636,0.7879688260362252,0.3908213856051601,2.016186562606111,0.6875,1.1162448237443177,-0.18975400057152025,0.14243054389953613
ETH-USD,1d,14,1.0,0.25,10,30,0.7429085722167752,34.73562226363273,0.6815731137267684,0.3907100455708564,1.7444473758818753,0.4791666666666667,0.8583831325826191,-0.2698598480446093,0.14322352409362793
ETH-USD,1d,14,1.0,0.25,12,26,0.7540350991209444,39.94897953764093,0.6987099492846368,0.378530454618061,1.8458487045372305,0.5208333333333334,0.9369533567027716,-0.27219858177570133,0.13843941688537598
ETH-USD,1d,14,1.0,0.25,20,50,0.778766427246639,50.00967664187028,0.7136310535712629,0.365705955598439,1.9513793599655258,0.1875,0.3181535913696825,-0.03545033827692923,0.13293766975402832
ETH-USD,1d,14,1.0,0.5,8,21,0.9313645626300864,144.26944636890389,0.8842084647035234,0.22575391331343064,3.916691638810762,0.7291666666666666,1.1804705050823738,-0.2736448089849495,0.14967799186706543
ETH-USD,1d,14,1.0,0.5,9,21,0.9202769804278663,135.89622424001644,0.8831116835288377,0.2340863149328457,3.77258996871382,0.75,1.2107003810845738,-0.2736448089849495,0.14508652687072754
ETH-USD,1d,14,1.0,0.5,10,30,0.8081824617600207,31.501971261760787,0.7829898846314859,0.24555336961449814,3.1886749746530705,0.5416666666666666,0.9468768548207588,-0.32968253584427787,0.14046931266784668
ETH-USD,1d,14,1.0,0.5,12,26,0.8125244496762305,37.56052138460685,0.7924305219225958,0.2343219960309362,3.3818016888946936,0.5625,1.0324561888328825,-0.3331007156866984,0.17746567726135254
ETH-USD,1d,14,1.0,0.5,20,50,0.7837662474423017,54.63532639140526,0.7437004257092364,0.26085686834303223,2.850990393441567,0.1875,0.32324916806321097,-0.0873524867988753,0.1367504596710205
ETH-USD,1d,14,1.0,0.75,8,21,1.0536946637928324,147.60754963992684,1.0178064515362557,0.15151169198799927,6.717675964023111,0.7291666666666666,1.2480593057969116,-0.35313088916463076,0.13568782806396484
ETH-USD,1d,14,1.0,0.75,9,21,1.0356678586236214,136.82719991068575,1.0074385344820618,0.14709164446101777,6.84905344673778,0.75,1.2755680697935852,-0.35313088916463076,0.13460779190063477
ETH-USD,1d,14,1.0,0.75,10,30,0.9171926557129088,26.090196961106816,0.9017327987699455,0.16303534816309187,5.53090362875111,0.5416666666666666,1.0001573336606315,-0.38602240657077447,0.13150954246520996
ETH-USD,1d,14,1.0,0.75,12,26,0.9153674249431322,32.253938567280116,0.9044383152177689,0.14927999692038088,6.058670510960386,0.5833333333333334,1.0876824545322832,-0.39062286352913145,0.14207029342651367
ETH-USD,1d,14,1.0,0.75,20,50,0.8264192325327406,55.78151989782039,0.7933293174758991,0.18953365577845588,4.185691001513812,0.1875,0.32769321222580633,-0.13925463532082116,0.16910791397094727
ETH-USD,1d,14,1.0,1.0,8,21,1.1710928150151807,138.05030037587545,1.1410301232074953,0.10670290442569809,10.693524504780886,0.7291666666666666,1.3015485215002058,-0.42821224111056466,0.15029001235961914
ETH-USD,1d,14,1.0,1.0,9,21,1.147991834646133,125.59335868226226,1.1234792430308047,0.09353839521457166,12.010888581673957,0.75,1.3272497858760672,-0.42821224111056466,0.1411755084991455
ETH-USD,1d,14,1.0,1.0,10,30,1.0221210710258168,19.798808559745215,1.010654346487688,0.11094905642244487,9.10917477873416,0.5416666666666666,1.0397199086543758,-0.4390109207144197,0.14048027992248535
ETH-USD,1d,14,1.0,1.0,12,26,1.0153811428401776,25.38825823037682,1.0080293415597121,0.09466951107801734,10.647877337498796,0.5833333333333334,1.1281321949067713,-0.4448580870207365,0.1420731544494629
ETH-USD,1d,14,1.0,1.0,20,50,0.8764810613859931,53.225980897676116,0.8449295351012145,0.1419719299620172,5.951384441468568,0.1875,0.3313657415839697,-0.19115678384276713,0.12938666343688965
ETH-USD,1d,19,0.0,0.0,8,21,0.7606452316443161,27.844649385795808,0.7256669931561166,0.36914745572629615,1.9657916691539148,0.20833333333333334,0.35582613768220656,-0.0438212044446159,0.14395570755004883
ETH-USD,1d,19,0.0,0.0,9,21,0.7453326995259923,26.72410323440304,0.7164385977658114,0.39963816532260876,1.792718163410306,0.16666666666666666,0.22817368080220715,-0.07483629749393683,0.13171625137329102
ETH-USD,1d,19,0.0,0.0,10,30,0.9296762848988571,94.45474974428697,0.6837172714184205,0.35981297899106335,1.9002018029911087,0.16666666666666666,0.277086529605673,-0.06486778560541495,0.14390110969543457
ETH-USD,1d,19,0.0,0.0,12,26,0.8155124174788752,44.58807438912086,0.702989955327063,0.3770526702461108,1.8644343636877192,0.1875,0.3101570701608219,-0.06486778560541495,0.1380622386932373
ETH-USD,1d,19,0.0,0.0,20,50,0.5931848243914879,8.314095692256775,0.5825718537019352,0.44076069079519803,1.32174185645024,0.0,0.0,0.0,0.13561010360717773
ETH-USD,1d,19,0.0,0.25,8,21,0.7042520178439585,24.281240825345876,0.6970535960233314,0.31090425444235653,2.24202012697954,0.4791666666666667,0.8405265644177339,-0.05941865441180105,0.14951801300048828
ETH-USD,1d,19,0.0,0.25,9,21,0.710054425565072,25.640358368118644,0.7142391673649846,0.33529127698203387,2.130205037822252,0.4791666666666667,0.7907999709945629,-0.07483629749393683,0.14343833923339844
ETH-USD,1d,19,0.0,0.25,10,30,0.903705932413948,127.94572344685614,0.6744822933977251,0.2910012885147357,2.317798305431114,0.3541666666666667,0.612494717201157,-0.06486778560541495,0.13397932052612305
ETH-USD,1d,19,0.0,0.25,12,26,0.7670619225536477,42.28538190619918,0.6939571783555271,0.29756591758063006,2.3321124408257834,0.3958333333333333,0.6909154327007809,-0.06486778560541495,0.13813185691833496
ETH-USD,1d,19,0.0,0.25,20,50,0.5547839729014402,5.975063316746677,0.6049770527545605,0.34200243999174174,1.7689261303783936,0.0,0.0,0.0,0.13714218139648438
ETH-USD,1d,19,0.0,0.5,8,21,0.6931483584358993,18.050972801704514,0.6968778041952032,0.24390782006723657,2.8571359622791066,0.5,0.8482552589533392,-0.08421669623688421,0.13135170936584473
ETH-USD,1d,19,0.0,0.5,9,21,0.7053704345974456,22.40487916185725,0.7247746431845578,0.25741764313295556,2.8155593158399537,0.5,0.8054739087999238,-0.08421669623688421,0.13343572616577148
ETH-USD,1d,19,0.0,0.5,10,30,0.8661630864952257,161.47431627682758,0.6783369340264124,0.21952985547279313,3.0899529932523473,0.3541666666666667,0.6244195637178236,-0.07057207656502706,0.1351320743560791
ETH-USD,1d,19,0.0,0.5,12,26,0.7325072155460735,33.56043608521219,0.6972928135060464,0.2216546594748831,3.145852269282255,0.3958333333333333,0.6964983174775309,-0.06754195825235743,0.13750576972961426
ETH-USD,1d,19,0.0,0.5,20,50,0.551830027202294,3.6713124001154878,0.6227554961697168,0.24862845235083222,2.5047635951615264,0.0,0.0,0.0,0.12475299835205078
ETH-USD,1d,19,0.0,0.75,8,21,0.7230726294739644,11.008226153363948,0.7280726348847217,0.20215012031810484,3.6016433417849147,0.5,0.8577664295558695,-0.10901473806196738,0.15210509300231934
ETH-USD,1d,19,0.0,0.75,9,21,0.7334639881120196,17.87758035574131,0.7562080147328961,0.20169524553560822,3.7492604881426996,0.5,0.8194022044271215,-0.10901473806196738,0.14884257316589355
ETH-USD,1d,19,0.0,0.75,10,30,0.8596339670443272,190.98792740897107,0.7037492827463161,0.16949416479763915,4.152056111114678,0.3541666666666667,0.6343078081871228,-0.09309677327225374,0.1253817081451416
ETH-USD,1d,19,0.0,0.75,12,26,0.7333419247691598,20.89607683455484,0.7240584100346248,0.17128137304601332,4.2273038635678875,0.3958333333333333,0.7014223161029931,-0.08855159580324934,0.13151812553405762
ETH-USD,1d,19,0.0,0.75,20,50,0.5763028455762559,1.7390849710141763,0.6477388416573614,0.18943961148460253,3.419236539713918,0.0,0.0,0.0,0.12655210494995117
ETH-USD,1d,19,0.0,1.0,8,21,0.7640517055355406,4.916216917654968,0.7676944363502127,0.1764694959225906,4.350295399987806,0.5,0.8663285557919399,-0.13381277988705054,0.1302778720855713
ETH-USD,1d,19,0.0,1.0,9,21,0.7709249670058159,12.979413813649018,0.7933866633181282,0.16444355307519262,4.824674780381012,0.5,0.8311459267463756,-0.13381277988705054,0.13930726051330566
ETH-USD,1d,19,0.0,1.0,10,30,0.8681716656265756,211.97302863814,0.735914900164022,0.13697691785440017,5.372546788841197,0.3541666666666667,0.6424043383821894,-0.1156214699794803,0.13967084884643555
ETH-USD,1d,19,0.0,1.0,12,26,0.7495053409343791,8.426969772748334,0.757952262330561,0.13840385846175804,5.476381011010532,0.3958333333333333,0.7055679389976682,-0.10956123335414114,0.13649630546569824
ETH-USD,1d,19,0.0,1.0,20,50,0.6093988446757613,0.3435303594525758,0.6757670200591519,0.15249865198801793,4.431298318048398,0.0,0.0,0.0,0.1275014877319336
ETH-USD,1d,19,0.1,0.0,8,21,0.7611074266572951,27.273484335609027,0.6494423166820172,0.40015647769927565,1.6229708948260089,0.20833333333333334,0.35754173684398066,-0.04258714445064116,0.13585424423217773
ETH-USD,1d,19,0.1,0.0,9,21,0.7482598693122758,26.968694958330058,0.7205175806280162,0.4045544004243189,1.7810153093682772,0.16666666666666666,0.22817368080220715,-0.07483629749393683,0.13741421699523926
ETH-USD,1d,19,0.1,0.0,10,30,0.8863156606681302,69.16455831121571,0.7074962827241632,0.33026966955653564,2.1421775837731105,0.16666666666666666,0.277086529605673,-0.06486778560541495,0.1262047290802002
ETH-USD,1d,19,0.1,0.0,12,26,0.7470205954948104,26.95326059939092,0.6767632401281758,0.40417874596979514,1.6744157056164237,0.16666666666666666,0.27105091098358397,-0.06486778560541495,0.13034486770629883
ETH-USD,1d,19,0.1,0.0,20,50,0.5709206458641399,6.988023920950044,0.6030413476594743,0.43964967827290485,1.371640598097167,0.0,0.0,0.0,0.12564682960510254
ETH-USD,1d,19,0.1,0.25,8,21,0.7056357039034037,24.555890935195986,0.6249018697413685,0.32531550311551316,1.9209102048834055,0.5,0.8708877170178662,-0.05941865441180105,0.13981962203979492
ETH-USD,1d,19,0.1,0.25,9,21,0.7133839757014335,26.473530980116287,0.7069604612271835,0.3323564357978075,2.127115304778603,0.4791666666666667,0.8303770061042307,-0.07483629749393683,0.1431128978729248
ETH-USD,1d,19,0.1,0.25,10,30,0.8455239857422111,79.95938655691488,0.6776433540546608,0.25960583931221526,2.6102777805382575,0.375,0.6508845121772284,-0.06486778560541495,0.13178491592407227
ETH-USD,1d,19,0.1,0.25,12,26,0.702463650546974,23.57048743373047,0.651035132923631,0.32805197255276736,1.9845487526184944,0.4166666666666667,0.7467728044266773,-0.06486778560541495,0.13924074172973633
ETH-USD,1d,19,0.1,0.25,20,50,0.5310021143508437,4.641847508755985,0.6269536435345042,0.34445482107508185,1.820133164569194,0.0,0.0,0.0,0.1279618740081787
ETH-USD,1d,19,0.1,0.5,8,21,0.7046961692948619,18.923923493859935,0.6431085397670867,0.24967745997210006,2.575757298391894,0.5208333333333334,0.8800023444410359,-0.08421669623688421,0.13866543769836426
ETH-USD,1d,19,0.1,0.5,9,21,0.7139904852685488,23.580113874356748,0.7178765206523497,0.24704383706131441,2.9058669473069196,0.5208333333333334,0.8498392938743559,-0.13644911401626936,0.14679169654846191
ETH-USD,1d,19,0.1,0.5,10,30,0.8115228613843259,82.00814034784014,0.6756021409825272,0.19560544963738905,3.4539024461483567,0.375,0.6634676785640677,-0.07057207656502706,0.12914252281188965
ETH-USD,1d,19,0.1,0.5,12,26,0.6845054921688187,17.078846090389643,0.6578897025443917,0.24203015142933806,2.7182138202994346,0.4166666666666667,0.7562028879202551,-0.06754195825235743,0.12994003295898438
ETH-USD,1d,19,0.1,0.5,20,50,0.5344183790305399,2.5610992556959866,0.6443612520962225,0.2529480603712209,2.547405388879331,0.0,0.0,0.0,0.12183427810668945
ETH-USD,1d,19,0.1,0.75,8,21,0.7457395005877989,12.025864003508374,0.6906281234331164,0.20529561264001253,3.3640666478544685,0.5208333333333334,0.8906847714113703,-0.10901473806196738,0.13483262062072754
ETH-USD,1d,19,0.1,0.75,9,21,0.7488639668625332,19.107889835980934,0.754962577118505,0.18960174240258937,3.9818335398809848,0.5208333333333334,0.8677240221592096,-0.20442367102440384,0.13578486442565918
ETH-USD,1d,19,0.1,0.75,10,30,0.8165336030632625,73.51402596857493,0.70437506278785,0.15622171633608287,4.508816567297942,0.375,0.6738026436936079,-0.09309677327225374,0.1396801471710205
ETH-USD,1d,19,0.1,0.75,12,26,0.7014264563914296,9.468101080532266,0.6940343392667436,0.1871786066654968,3.707872131493311,0.4166666666666667,0.7625196193553344,-0.08855159580324934,0.13406944274902344
ETH-USD,1d,19,0.1,0.75,20,50,0.5656887141021129,0.964753136537776,0.669196393038386,0.19242853353839567,3.4776359863744415,0.0,0.0,0.0,0.1310100555419922
ETH-USD,1d,19,0.1,1.0,8,21,0.7957446659566118,5.67294679207071,0.7430910534974969,0.17794998941651882,4.175842077507406,0.5208333333333334,0.9001857624779367,-0.13381277988705054,0.14798259735107422
ETH-USD,1d,19,0.1,1.0,9,21,0.7921630583836947,14.043089109044848,0.7981640757439354,0.1527145673685078,5.226509097969194,0.5208333333333334,0.8827769989200047,-0.2723982280325383,0.13315057754516602
ETH-USD,1d,19,0.1,1.0,10,30,0.8370494261695286,55.18718134951865,0.7416985699626688,0.13362444078729008,5.550620572050445,0.375,0.6822202648963622,-0.1156214699794803,0.13910293579101562
ETH-USD,1d,19,0.1,1.0,12,26,0.7305369560285794,3.070102836452887,0.7372894967870895,0.15194648924687446,4.852297018782588,0.4166666666666667,0.7675033890489154,-0.10956123335414114,0.13027644157409668
ETH-USD,1d,19,0.1,1.0,20,50,0.6044330104588986,-0.09533108117719424,0.6970072096183598,0.15295679137926563,4.556889585177609,0.0,0.0,0.0,0.12230730056762695
ETH-USD,1d,19,0.25,0.0,8,21,0.826690962522511,42.5357796022942,0.7053073949646966,0.42877369939196863,1.6449408999779425,0.20833333333333334,0.35754173684398066,-0.04258714445064116,0.1314542293548584
ETH-USD,1d,19,0.25,0.0,9,21,0.8957509333912483,72.25466213352834,0.6786210349495695,0.3888649215391678,1.7451330715651,0.16666666666666666,0.22817368080220715,-0.07483629749393683,0.13023662567138672
ETH-USD,1d,19,0.25,0.0,10,30,0.885422974003221,70.17739324069034,0.7408208376148869,0.3947699827071782,1.8765885707282688,0.16666666666666666,0.277086529605673,-0.06486778560541495,0.1272890567779541
ETH-USD,1d,19,0.25,0.0,12,26,0.7478297189114821,26.461073592089704,0.6722743665506368,0.46494905882333554,1.4459097266526086,0.16666666666666666,0.27105091098358397,-0.06486778560541495,0.12734341621398926
ETH-USD,1d,19,0.25,0.0,20,50,0.7054903909842043,18.790031100414318,0.6079310798714315,0.45007606533112066,1.3507296359431533,0.0,0.0,0.0,0.12264513969421387
ETH-USD,1d,19,0.25,0.25,8,21,0.7593127941158822,41.50646938992467,0.671461342626247,0.32736706744213545,2.0510961834758556,0.5,0.8708877170178662,-0.05941865441180105,0.13028502464294434
ETH-USD,1d,19,0.25,0.25,9,21,0.8459999758182822,86.49576070870444,0.6602268632688105,0.29448546483982246,2.241967574283924,0.4791666666666667,0.8303770061042307,-0.07483629749393683,0.13255667686462402
ETH-USD,1d,19,0.25,0.25,10,30,0.8386628978802332,82.21434064262462,0.7156287198351674,0.2945906240563463,2.4292311478938626,0.375,0.6508845121772284,-0.06486778560541495,0.13390254974365234
ETH-USD,1d,19,0.25,0.25,12,26,0.7040082984655147,23.657645252145947,0.6535662535643738,0.352605697454186,1.8535328790292491,0.4166666666666667,0.7467728044266773,-0.06486778560541495,0.13087749481201172
ETH-USD,1d,19,0.25,0.25,20,50,0.6629256181564389,15.948777752844247,0.6160334881161023,0.3655209759176,1.6853574177777848,0.0,0.0,0.0,0.13834190368652344
ETH-USD,1d,19,0.25,0.5,8,21,0.7589532715020157,34.294511490006045,0.6903533144574172,0.23719602850207328,2.91047585753057,0.5208333333333334,0.8800023444410359,-0.08421669623688421,0.13907885551452637
ETH-USD,1d,19,0.25,0.5,9,21,0.8216659584207112,93.02141137274563,0.6858095210916584,0.2035988941129887,3.3684344115890106,0.5208333333333334,0.8498392938743559,-0.13644911401626936,0.14647293090820312
ETH-USD,1d,19,0.25,0.5,10,30,0.822572437681472,87.44258083603776,0.7134670191618954,0.20726844372860947,3.442236581348996,0.375,0.6634676785640677,-0.07057207656502706,0.1325216293334961
ETH-USD,1d,19,0.25,0.5,12,26,0.6991012521720223,18.058903399984775,0.6680992965834383,0.25332686301180857,2.6373014240984602,0.4166666666666667,0.7562028879202551,-0.06754195825235743,0.13695645332336426
ETH-USD,1d,19,0.25,0.5,20,50,0.6478160160670614,11.960654341536884,0.630475562966476,0.27382402450436694,2.302484466465875,0.0,0.0,0.0,0.12384033203125
ETH-USD,1d,19,0.25,0.75,8,21,0.8059756208037266,23.169711022920907,0.7439123962375809,0.18760221998849505,3.9653709656698215,0.5208333333333334,0.8906847714113703,-0.10901473806196738,0.13309001922607422
ETH-USD,1d,19,0.25,0.75,9,21,0.8444184662997349,90.07245100658092,0.7402808903704935,0.15186726373720671,4.874525767788153,0.5208333333333334,0.8677240221592096,-0.20442367102440384,0.13521790504455566
ETH-USD,1d,19,0.25,0.75,10,30,0.8509779887194943,84.67110320222974,0.7434516150558257,0.15702410091089442,4.734633796615133,0.375,0.6738026436936079,-0.09309677327225374,0.13332605361938477
ETH-USD,1d,19,0.25,0.75,12,26,0.732491320440004,11.189869968205885,0.7100740834042822,0.19792790432969462,3.5875390375552603,0.4166666666666667,0.7625196193553344,-0.08855159580324934,0.1314992904663086
ETH-USD,1d,19,0.25,0.75,20,50,0.6661867167192072,7.710272578803615,0.6563767855084646,0.21199953268613453,3.0961237375944166,0.0,0.0,0.0,0.12558722496032715
ETH-USD,1d,19,0.25,1.0,8,21,0.8617889106316841,11.684392403241219,0.8026385384778709,0.1581565253514473,5.074963152448429,0.5208333333333334,0.9001857624779367,-0.13381277988705054,0.13604140281677246
ETH-USD,1d,19,0.25,1.0,9,21,0.8810306192236061,78.08344770433224,0.798629920644433,0.12315475752458716,6.48476710682485,0.5208333333333334,0.8827769989200047,-0.2723982280325383,0.1403801441192627
ETH-USD,1d,19,0.25,1.0,10,30,0.8915344107951373,74.36838696828197,0.7823240492098894,0.12902480155166865,6.063361770772449,0.375,0.6822202648963622,-0.1156214699794803,0.13248586654663086
ETH-USD,1d,19,0.25,1.0,12,26,0.7757746173487862,4.807409746770835,0.7581347576513143,0.16619291778097833,4.561775361874577,0.4166666666666667,0.7675033890489154,-0.10956123335414114,0.1388530731201172
ETH-USD,1d,19,0.25,1.0,20,50,0.69611701103752,3.9526086472592965,0.6860568403781084,0.1707931513084559,4.016887299766932,0.0,0.0,0.0,0.13583779335021973
ETH-USD,1d,19,0.4,0.0,8,21,0.7645160923627182,28.651402676768008,0.684463690204805,0.4267761562990149,1.6038002125996114,0.20833333333333334,0.35754173684398066,-0.04258714445064116,0.1718425750732422
ETH-USD,1d,19,0.4,0.0,9,21,0.8235735216769886,42.75653283042001,0.6661396147676221,0.40579799913651043,1.6415547050135473,0.16666666666666666,0.22817368080220715,-0.07483629749393683,0.14126276969909668
ETH-USD,1d,19,0.4,0.0,10,30,0.8418229185733302,53.16235119027107,0.6944851274549656,0.4184888733144679,1.659506791553581,0.16666666666666666,0.277086529605673,-0.06486778560541495,0.14321684837341309
ETH-USD,1d,19,0.4,0.0,12,26,0.8373822551094904,52.45982024700593,0.6580095404859649,0.45241938145758415,1.4544238541815335,0.16666666666666666,0.27105091098358397,-0.06486778560541495,0.1440742015838623
ETH-USD,1d,19,0.4,0.0,20,50,0.7705246458994087,29.592493254917102,0.601931414792272,0.488184789582743,1.2329991176225492,0.0,0.0,0.0,0.12210297584533691
ETH-USD,1d,19,0.4,0.25,8,21,0.7097765445741394,25.77421363853163,0.6450689711068698,0.3159127567898635,2.04192124959345,0.5,0.8708877170178662,-0.05941865441180105,0.1332235336303711
ETH-USD,1d,19,0.4,0.25,9,21,0.7652825335481249,42.75655036649326,0.6442807115272927,0.3209612037810046,2.007347629362995,0.4791666666666667,0.8303770061042307,-0.07483629749393683,0.13019537925720215
ETH-USD,1d,19,0.4,0.25,10,30,0.7872578970464505,53.87761449525874,0.6706351566763649,0.3128099794314646,2.1439058878340496,0.375,0.6508845121772284,-0.06486778560541495,0.12578487396240234
ETH-USD,1d,19,0.4,0.25,12,26,0.8055667976623041,60.7690013221051,0.634305766768801,0.3412581475973271,1.8587270992200897,0.4166666666666667,0.7467728044266773,-0.06486778560541495,0.12651658058166504
ETH-USD,1d,19,0.4,0.25,20,50,0.723550449975791,28.318526870444675,0.6159884324910327,0.3920231414458157,1.5713063015086646,0.0,0.0,0.0,0.11889362335205078
ETH-USD,1d,19,0.4,0.5,8,21,0.7326562014823231,19.76389850117471,0.6780435387321979,0.21705736354614674,3.1237988320448977,0.5208333333333334,0.8800023444410359,-0.08421669623688421,0.12813472747802734
ETH-USD,1d,19,0.4,0.5,9,21,0.761177866337666,37.205329100157996,0.6813745312858395,0.22060529800394507,3.0886589644535847,0.5208333333333334,0.8498392938743559,-0.13644911401626936,0.1308915615081787
ETH-USD,1d,19,0.4,0.5,10,30,0.7938641328702988,48.08849797648391,0.6849353304470678,0.21269896605185995,3.220209966982481,0.375,0.6634676785640677,-0.07057207656502706,0.12906217575073242
ETH-USD,1d,19,0.4,0.5,12,26,0.8010864186201196,64.61894629764664,0.65901444846036,0.23773152735912806,2.7720952949787883,0.4166666666666667,0.7562028879202551,-0.06754195825235743,0.13443613052368164
ETH-USD,1d,19,0.4,0.5,20,50,0.7007026187838606,24.208959220124687,0.6347522237762047,0.29057418502201443,2.184475622733364,0.0,0.0,0.0,0.12926244735717773
ETH-USD,1d,19,0.4,0.75,8,21,0.7969984694513081,12.462138939811405,0.7458466350870439,0.1642643539570772,4.540526396140309,0.5208333333333334,0.8906847714113703,-0.10901473806196738,0.12759971618652344
ETH-USD,1d,19,0.4,0.75,9,21,0.8054498697703386,27.874495887053193,0.7463537254918501,0.16169113657615783,4.615922315199457,0.5208333333333334,0.8677240221592096,-0.20442367102440384,0.1281733512878418
ETH-USD,1d,19,0.4,0.75,10,30,0.8472527867622622,37.77789126865711,0.7290966605086516,0.1546953786560767,4.713112097095032,0.375,0.6738026436936079,-0.09309677327225374,0.12613153457641602
ETH-USD,1d,19,0.4,0.75,12,26,0.8356020342830142,63.26221370792976,0.7116631814753672,0.1808541497281745,3.9350116242563615,0.4166666666666667,0.7625196193553344,-0.08855159580324934,0.12474775314331055
ETH-USD,1d,19,0.4,0.75,20,50,0.7131671672318316,18.1951720422174,0.6646118424112782,0.22416021064510497,2.964896582219515,0.0,0.0,0.0,0.11965632438659668
ETH-USD,1d,19,0.4,1.0,8,21,0.865466722538517,5.829127247442121,0.8163270273338907,0.13362523378484528,6.109078384463579,0.5208333333333334,0.9001857624779367,-0.13381277988705054,0.12873458862304688
ETH-USD,1d,19,0.4,1.0,9,21,0.8595659528793667,17.438062129516393,0.8132567868639768,0.1277435620909462,6.366323073760727,0.5208333333333334,0.8827769989200047,-0.2723982280325383,0.13378548622131348
ETH-USD,1d,19,0.4,1.0,10,30,0.9086574335756334,25.855478442326792,0.779238841423904,0.12266054183916386,6.352807754963818,0.375,0.6822202648963622,-0.1156214699794803,0.1328885555267334
ETH-USD,1d,19,0.4,1.0,12,26,0.8799428549167454,56.89959565195322,0.7641243571331963,0.15446715438028832,4.94684038298505,0.4166666666666667,0.7675033890489154,-0.10956123335414114,0.13985109329223633
ETH-USD,1d,19,0.4,1.0,20,50,0.7383813794462605,11.519634407531088,0.6975869539325272,0.17971826466797963,3.8815584783287536,0.0,0.0,0.0,0.12573909759521484
ETH-USD,1d,19,0.55,0.0,8,21,0.8342698160667217,45.31905959584477,0.6673867489750089,0.4472300155534191,1.4922673473719326,0.20833333333333334,0.33509337912896964,-0.06700714529407004,0.14331364631652832
ETH-USD,1d,19,0.55,0.0,9,21,0.6978735816972824,17.32165969977318,0.6474162836395292,0.47770937428098315,1.3552513693372206,0.20833333333333334,0.3621523298739125,-0.07483629749393683,0.15197420120239258
ETH-USD,1d,19,0.55,0.0,10,30,0.7208506599089864,21.89824987734708,0.6941502022017543,0.4287595235954852,1.618973256572262,0.1875,0.37853871203714,-0.06486778560541495,0.13362956047058105
ETH-USD,1d,19,0.55,0.0,12,26,0.8736625593903208,66.07519108682632,0.6925716877151429,0.46282181815728957,1.4964110604651162,0.16666666666666666,0.26594251873945246,-0.06486778560541495,0.1416785717010498
ETH-USD,1d,19,0.55,0.0,20,50,0.8166992266586386,42.169404805546606,0.655455364203437,0.45369247281944153,1.4447128913780594,0.0,0.0,0.0,0.13364171981811523
ETH-USD,1d,19,0.55,0.25,8,21,0.7674797501009598,45.76890926013152,0.6453174660813066,0.3224210924319561,2.0014741008840624,0.6041666666666666,1.0609173269619387,-0.09580896639539449,0.13346529006958008
ETH-USD,1d,19,0.55,0.25,9,21,0.622396516358264,11.069222867042408,0.6478566758083945,0.3574201585841518,1.812591316546746,0.625,1.0917862620261642,-0.07483629749393683,0.13103389739990234
ETH-USD,1d,19,0.55,0.25,10,30,0.670139434320211,16.74010678476614,0.674394417158104,0.32040759906763383,2.104801568753518,0.4375,0.8060632732656529,-0.06486778560541495,0.14371228218078613
ETH-USD,1d,19,0.55,0.25,12,26,0.8267068210080227,77.22469747612972,0.6759854678816017,0.34833084078783777,1.940642023981255,0.4583333333333333,0.8803768568223792,-0.07739567959970328,0.1449568271636963
ETH-USD,1d,19,0.55,0.25,20,50,0.7730986344906403,45.246892659930054,0.6571519788353142,0.36727546278832884,1.7892618631428947,0.020833333333333332,0.03376933242633207,0.0,0.1284332275390625
ETH-USD,1d,19,0.55,0.5,8,21,0.7892441779550474,39.7771892300364,0.7013423887092547,0.21405620410427156,3.2764403706216108,0.625,1.067847196808866,-0.26830100909044374,0.13855814933776855
ETH-USD,1d,19,0.55,0.5,9,21,0.6475925318091792,4.315726869939094,0.7083750861707755,0.23654247068624973,2.9947057038664537,0.625,1.0891260592338117,-0.20777798297318018,0.14386773109436035
ETH-USD,1d,19,0.55,0.5,10,30,0.7057720378801933,10.692183162641816,0.699760203657162,0.2144857807756296,3.2625016032609206,0.4583333333333333,0.8206636239255752,-0.08421669623688421,0.14726781845092773
ETH-USD,1d,19,0.55,0.5,12,26,0.8290429562720222,82.0586428135627,0.709260983625283,0.23700853488068505,2.992554609825927,0.5,0.8972586327879429,-0.11255432391413078,0.13416075706481934
ETH-USD,1d,19,0.55,0.5,20,50,0.7523916644642515,44.39566427187549,0.6718018121992888,0.27377451259844554,2.453850819870305,0.020833333333333332,0.035052920583406005,0.0,0.12936115264892578
ETH-USD,1d,19,0.55,0.75,8,21,0.8579931850201394,28.98237945771473,0.7855295884113096,0.1543056067720373,5.090739117288254,0.625,1.081808657413062,-0.44079305178549266,0.1463785171508789
ETH-USD,1d,19,0.55,0.75,9,21,0.7136068472845092,-0.7312917417096526,0.790670376881907,0.16437075045844318,4.8102863476419255,0.6458333333333334,1.1020849460746818,-0.35000851260959787,0.15049219131469727
ETH-USD,1d,19,0.55,0.75,10,30,0.7815532035180651,5.4421892424825815,0.7529800257280888,0.15181887014454656,4.959726185626184,0.4583333333333333,0.8339191422620598,-0.10901473806196738,0.1325685977935791
ETH-USD,1d,19,0.55,0.75,12,26,0.8780905620695497,79.8146881323977,0.7697492568941912,0.17086851097416197,4.504921664651186,0.5,0.9084942883351976,-0.14771296822855817,0.13913178443908691
ETH-USD,1d,19,0.55,0.75,20,50,0.7681864534109658,39.75810812718627,0.7020183726081798,0.21094789664429303,3.3279230737813195,0.020833333333333332,0.035977922094586216,0.0,0.13732242584228516
ETH-USD,1d,19,0.55,1.0,8,21,0.9310298730279621,16.476288592816584,0.8680108260975985,0.1187809811469554,7.307658328092935,0.625,1.0954124517757264,-0.613285094480542,0.13712096214294434
ETH-USD,1d,19,0.55,1.0,9,21,-0.1305715479478967,-1.2805785720639178,0.8705639154932572,0.11945283236071678,7.287930292555797,0.6458333333333334,1.116266602516779,-0.4922390422460151,0.13623738288879395
ETH-USD,1d,19,0.55,1.0,10,30,0.8594830340949219,1.8435515313689983,0.8101756953850355,0.11682692673125133,6.934837011066496,0.4583333333333333,0.8449146757453545,-0.13381277988705054,0.139878511428833
ETH-USD,1d,19,0.55,1.0,12,26,0.9357880460431561,71.23219775788165,0.8326955620229375,0.1310384180736266,6.3545910753827215,0.5,0.9171740934848124,-0.182871612542986,0.1384427547454834
ETH-USD,1d,19,0.55,1.0,20,50,0.7963815159751826,32.048283377439645,0.7362264916699868,0.1687503178965673,4.3628154355314726,0.020833333333333332,0.03667607729112811,0.0,0.1370856761932373
ETH-USD,1d,19,0.7,0.0,8,21,0.950657903378764,83.96333107006949,0.7769922620612251,0.4491045897908457,1.7300920091310605,0.14583333333333334,0.2464484552866403,-0.11939076877259602,0.14044642448425293
ETH-USD,1d,19,0.7,0.0,9,21,0.7702547767572703,26.19234725730271,0.7682762054294852,0.43345181963199425,1.7724604457348012,0.16666666666666666,0.28524033521446207,-0.11939076877259602,0.14291691780090332
ETH-USD,1d,19,0.7,0.0,10,30,0.6908232582316338,16.22309319590851,0.6383358551859613,0.48834634491136464,1.3071375711879647,0.16666666666666666,0.3413487828991755,-0.10569374888655092,0.12460088729858398
ETH-USD,1d,19,0.7,0.0,12,26,0.920788707454293,76.37978572390855,0.6641075841569023,0.5183790570339382,1.2811234851129862,0.14583333333333334,0.17486347011350242,-0.1171168360122733,0.12419748306274414
ETH-USD,1d,19,0.7,0.0,20,50,0.7296673420282918,22.502938931888718,0.716829201680775,0.4315301993104015,1.6611333409024214,0.0,0.0,0.0,0.11732101440429688
ETH-USD,1d,19,0.7,0.25,8,21,0.84192942090478,95.2897937697159,0.741374933672377,0.3264833691041187,2.2707892769752243,0.5833333333333334,1.0055528845298938,-0.15562231144853766,0.13861918449401855
ETH-USD,1d,19,0.7,0.25,9,21,0.6650022102171971,16.64553847461696,0.746035833517393,0.3160931294277525,2.3601773150463554,0.625,1.0986472873548176,-0.15562231144853766,0.1330864429473877
ETH-USD,1d,19,0.7,0.25,10,30,0.6309580282521591,11.75431769689123,0.6366216102262807,0.352064006555856,1.808255312589811,0.4166666666666667,0.7873996339824529,-0.13850274871846702,0.127838134765625
ETH-USD,1d,19,0.7,0.25,12,26,0.8475636251190944,91.25127000523705,0.6580394516472678,0.3757330517784981,1.7513483270436236,0.4375,0.8417803686495501,-0.13850274871846702,0.13774752616882324
ETH-USD,1d,19,0.7,0.25,20,50,0.6833405460290981,20.27138669812012,0.7157230596209617,0.3569771827757926,2.0049546417942556,0.020833333333333332,0.03376933242633207,0.0,0.1323533058166504
ETH-USD,1d,19,0.7,0.5,8,21,0.8592015021484735,94.14921370944673,0.7939750378961408,0.21679264694869696,3.6623706987812716,0.6041666666666666,1.0389167296550108,-0.26830100909044374,0.1370093822479248
ETH-USD,1d,19,0.7,0.5,9,21,0.6952463411892591,6.415476543930829,0.7958378764811214,0.19804464185831772,4.018477192886987,0.625,1.1199021041217156,-0.20777798297318018,0.1343250274658203
ETH-USD,1d,19,0.7,0.5,10,30,0.6906787946300804,7.1415655207601585,0.6948189408524146,0.2261096566952749,3.0729290867431334,0.4583333333333333,0.8119236307678483,-0.17131174855038322,0.1324143409729004
ETH-USD,1d,19,0.7,0.5,12,26,0.8453644557323639,98.76287895565589,0.7119753440641197,0.2421266534427856,2.940507928146618,0.5,0.876642375941279,-0.17131174855038322,0.1355881690979004
ETH-USD,1d,19,0.7,0.5,20,50,0.6790309035308206,16.300268641172618,0.7238347489866302,0.27081477626353545,2.6728037479101645,0.020833333333333332,0.035052920583406005,0.0,0.12062597274780273
ETH-USD,1d,19,0.7,0.75,8,21,0.9392337368752357,80.73942953236781,0.8819471500629247,0.15338278969584135,5.749974634128309,0.625,1.0723275775192342,-0.44079305178549266,0.13052797317504883
ETH-USD,1d,19,0.7,0.75,9,21,0.7735235050782772,-0.659370906151491,0.8774371455054244,0.12817487391863414,6.845625189086783,0.6666666666666666,1.1453801825333654,-0.35000851260959787,0.13138723373413086
ETH-USD,1d,19,0.7,0.75,10,30,0.7901246666656632,3.4164856559378523,0.7752858180480733,0.1539851593479176,5.034808687611088,0.4583333333333333,0.831200567244565,-0.20412074838229954,0.12937641143798828
ETH-USD,1d,19,0.7,0.75,12,26,0.9021588385955435,97.531727169856,0.7901715481424971,0.16433482170536695,4.808302585797561,0.5,0.898826278527868,-0.20412074838229954,0.1303422451019287
ETH-USD,1d,19,0.7,0.75,20,50,0.710939730153934,11.529280862081,0.7501063672358036,0.20943611572496157,3.5815521341164867,0.020833333333333332,0.035977922094586216,0.0,0.12433385848999023
ETH-USD,1d,19,0.7,1.0,8,21,1.0240862438011433,59.09779287169395,0.9687580640776705,0.11350035488486118,8.53528665227887,0.625,1.1010543296755582,-0.613285094480542,0.14929580688476562
ETH-USD,1d,19,0.7,1.0,9,21,-0.0752175194589922,-1.237560849361681,0.958650065012131,0.08602024526637443,11.144470258641196,0.6666666666666666,1.1682799978160137,-0.4922390422460151,0.14531874656677246
ETH-USD,1d,19,0.7,1.0,10,30,0.8864021566251292,0.960736136208417,0.8537399150935532,0.11122701383486515,7.675652574482229,0.4583333333333333,0.8465697131974451,-0.23692974821421564,0.1321122646331787
ETH-USD,1d,19,0.7,1.0,12,26,0.9682062437641838,88.12144835552554,0.8672345552033157,0.11625377135284427,7.459840185065083,0.5,0.9153564271967604,-0.23692974821421564,0.12833499908447266
ETH-USD,1d,19,0.7,1.0,20,50,0.752210827505554,6.8887697383499065,0.7816916747716481,0.16760331883475688,4.663939116517925,0.020833333333333332,0.03667607729112811,0.0,0.11845946311950684
ETH-USD,1d,19,0.85,0.0,8,21,0.9491877540320898,91.7824986159215,0.7857478431831881,0.4451726254864405,1.7650407913662725,0.2708333333333333,0.21395677697244464,-0.17070005513296727,0.14061856269836426
ETH-USD,1d,19,0.85,0.0,9,21,0.7934019462324103,32.894482746465634,0.76896928224503,0.4817168239928879,1.5963097902023515,0.3125,0.3154139397788948,-0.17070005513296727,0.14287352561950684
ETH-USD,1d,19,0.85,0.0,10,30,0.8167011194989741,40.2449609245383,0.6430627352197862,0.5246366659648842,1.2257296848231127,0.2708333333333333,0.3548376231137726,-0.4950332777482849,0.14164018630981445
ETH-USD,1d,19,0.85,0.0,12,26,0.8343432142750187,44.37074097478135,0.6148556657215265,0.497205011554423,1.2366240312005097,0.25,0.298594560927339,-0.4950332777482849,0.14703583717346191
ETH-USD,1d,19,0.85,0.0,20,50,0.7889718965754335,34.79681927938599,0.7289973330397376,0.3901966363169717,1.868281951173831,0.0625,0.11081662529346255,-0.0035194774220901337,0.12287116050720215
ETH-USD,1d,19,0.85,0.25,8,21,0.8556172340103779,115.85321137317572,0.7606404098231129,0.31762040577220524,2.394809640689893,0.625,1.0274534784334415,-0.14980623153100725,0.13161873817443848
ETH-USD,1d,19,0.85,0.25,9,21,0.707157355023063,24.22123916930547,0.7587341022148367,0.33895780976317796,2.2384322778842205,0.6666666666666666,1.1075362957177541,-0.14230161076036374,0.1363821029663086
ETH-USD,1d,19,0.85,0.25,10,30,0.7536300459611697,38.85946812116649,0.6599473627722742,0.3923421110112438,1.6820711931005574,0.4583333333333333,0.862591826114163,-0.37474113530768427,0.1320493221282959
ETH-USD,1d,19,0.85,0.25,12,26,0.77543933883745,47.77692702958319,0.624502356407868,0.34620034559091284,1.8038756008227974,0.5,0.961280384259298,-0.37474113530768427,0.12996578216552734
ETH-USD,1d,19,0.85,0.25,20,50,0.7497536435481904,37.61455575968475,0.713417706844081,0.31123585300526824,2.292209268165532,0.1875,0.3181535913696825,-0.03545033827692923,0.12381982803344727
ETH-USD,1d,19,0.85,0.5,8,21,0.9076436506265079,132.04246441482246,0.8397959534605517,0.1957483342118,4.290181864597076,0.7083333333333334,1.1270057596987149,-0.17544112694584701,0.13367366790771484
ETH-USD,1d,19,0.85,0.5,9,21,0.7701010683213537,11.830523606882652,0.8335203708328922,0.2049499038918659,4.066946873381643,0.7291666666666666,1.1864494865878046,-0.17539715285917334,0.13604450225830078
ETH-USD,1d,19,0.85,0.5,10,30,0.8007797375855714,33.97474214357169,0.739778292863208,0.2561921483418576,2.8875915895598125,0.5416666666666666,0.9482686780031466,-0.25928432832231485,0.14351606369018555
ETH-USD,1d,19,0.85,0.5,12,26,0.8169410633430757,46.67265874242843,0.7097306838814695,0.21267908647584788,3.337096729358331,0.5833333333333334,1.0551697439562402,-0.25928432832231485,0.1292257308959961
ETH-USD,1d,19,0.85,0.5,20,50,0.7523423514383497,37.11544267781391,0.7230860130016233,0.2237776321254754,3.2312702844052725,0.1875,0.32324916806321097,-0.0873524867988753,0.1317126750946045
ETH-USD,1d,19,0.85,0.75,8,21,1.0159668821978842,137.29136186517772,0.952034446053089,0.12766390870705122,7.457349972244,0.7291666666666666,1.1897459753297992,-0.2123664973265884,0.13916277885437012
ETH-USD,1d,19,0.85,0.75,9,21,0.8763745612238054,-0.22084918952390653,0.9388265909854223,0.13023246270199054,7.20885232074378,0.75,1.2399976495833502,-0.2123664973265884,0.1376636028289795
ETH-USD,1d,19,0.85,0.75,10,30,0.8971117523765488,27.151458763294784,0.8383873982257111,0.1778829216692424,4.713141600994268,0.5416666666666666,0.9996394785301277,-0.195454494421339,0.1336522102355957
ETH-USD,1d,19,0.85,0.75,12,26,0.9088339839458831,41.704907559119334,0.8139898805562564,0.1384351514685439,5.879936359525105,0.5833333333333334,1.108364068834476,-0.3014327093333038,0.13230538368225098
ETH-USD,1d,19,0.85,0.75,20,50,0.7930298368648704,33.351299268502366,0.7574047483283202,0.1638402745493968,4.622823969328539,0.1875,0.32769321222580633,-0.13925463532082116,0.1214914321899414
ETH-USD,1d,19,0.85,1.0,8,21,1.122259504755645,131.1399664958823,1.0583531379960818,0.08600731152575339,12.305385661068785,0.7291666666666666,1.2385985640342678,-0.24933584179400337,0.13168048858642578
ETH-USD,1d,19,0.85,1.0,9,21,-0.07050482502469503,-1.2475263369304324,1.039505967543285,0.08779190248561634,11.840567730191239,0.75,1.2830846008527426,-0.24933584179400337,0.13279294967651367
ETH-USD,1d,19,0.85,1.0,10,30,0.992936990652156,19.913883468592406,0.9311111365778441,0.1295728908715564,7.186002645420947,0.5416666666666666,1.0365667433221297,-0.22139095087889482,0.1283876895904541
ETH-USD,1d,19,0.85,1.0,12,26,1.0012053089222057,34.23337105761602,0.9111620785200438,0.09368180472645031,9.726137121083712,0.5833333333333334,1.1457354053701418,-0.3500194367328132,0.1280224323272705
ETH-USD,1d,19,0.85,1.0,20,50,0.8417263814192286,26.986119763117355,0.797384429628872,0.1251678221388528,6.370522519312568,0.1875,0.3313657415839697,-0.19115678384276713,0.13964414596557617
ETH-USD,1d,19,1.0,0.0,8,21,0.9548574543210283,101.6494893069171,0.7924731811678389,0.5337534512120774,1.4847176713672694,0.25,0.21036393129110634,-0.17070005513296727,0.13451194763183594
ETH-USD,1d,19,1.0,0.0,9,21,0.9490180387908255,98.28182805842016,0.7860596994258839,0.5534134233996889,1.4203842302866805,0.3125,0.238255554187538,-0.17070005513296727,0.12822914123535156
ETH-USD,1d,19,1.0,0.0,10,30,0.790676058083683,34.711041152819405,0.6561753403151548,0.5359917741746038,1.2242265122923328,0.22916666666666666,0.2772244296314312,-0.2064204363537584,0.1263587474822998
ETH-USD,1d,19,1.0,0.0,12,26,0.8050018902243831,38.50445957049665,0.6751286518143982,0.5224363961507508,1.2922695600625564,0.22916666666666666,0.24644848135195688,-0.2078234000784036,0.12495279312133789
ETH-USD,1d,19,1.0,0.0,20,50,0.8135771418474971,42.59826259445049,0.7133272355306807,0.462139773070157,1.5435313666941,0.0625,0.11081662529346255,-0.0035194774220901337,0.12572145462036133
ETH-USD,1d,19,1.0,0.25,8,21,0.8632980895405895,127.88671286468792,0.7807560370173956,0.367795664210937,2.1227983714610046,0.6666666666666666,1.0789480939932625,-0.18975400057152025,0.13950109481811523
ETH-USD,1d,19,1.0,0.25,9,21,0.861264837391666,122.15176668659636,0.7879688260362252,0.3908213856051601,2.016186562606111,0.6875,1.1162448237443177,-0.18975400057152025,0.13791155815124512
ETH-USD,1d,19,1.0,0.25,10,30,0.7429085722167752,34.73562226363273,0.6815731137267684,0.3907100455708564,1.7444473758818753,0.4791666666666667,0.8583831325826191,-0.2698598480446093,0.12873363494873047
ETH-USD,1d,19,1.0,0.25,12,26,0.7540350991209444,39.94897953764093,0.6987099492846368,0.378530454618061,1.8458487045372305,0.5208333333333334,0.9369533567027716,-0.27219858177570133,0.13756489753723145
ETH-USD,1d,19,1.0,0.25,20,50,0.778766427246639,50.00967664187028,0.7136310535712629,0.365705955598439,1.9513793599655258,0.1875,0.3181535913696825,-0.03545033827692923,0.12859511375427246
ETH-USD,1d,19,1.0,0.5,8,21,0.9313645626300864,144.26944636890389,0.8842084647035234,0.22575391331343064,3.916691638810762,0.7291666666666666,1.1804705050823738,-0.2736448089849495,0.15234708786010742
ETH-USD,1d,19,1.0,0.5,9,21,0.9202769804278663,135.89622424001644,0.8831116835288377,0.2340863149328457,3.77258996871382,0.75,1.2107003810845738,-0.2736448089849495,0.13510870933532715
ETH-USD,1d,19,1.0,0.5,10,30,0.8081824617600207,31.501971261760787,0.7829898846314859,0.24555336961449814,3.1886749746530705,0.5416666666666666,0.9468768548207588,-0.32968253584427787,0.13261151313781738
ETH-USD,1d,19,1.0,0.5,12,26,0.8125244496762305,37.56052138460685,0.7924305219225958,0.2343219960309362,3.3818016888946936,0.5625,1.0324561888328825,-0.3331007156866984,0.1304926872253418
ETH-USD,1d,19,1.0,0.5,20,50,0.7837662474423017,54.63532639140526,0.7437004257092364,0.26085686834303223,2.850990393441567,0.1875,0.32324916806321097,-0.0873524867988753,0.12414932250976562
ETH-USD,1d,19,1.0,0.75,8,21,1.0536946637928324,147.60754963992684,1.0178064515362557,0.15151169198799927,6.717675964023111,0.7291666666666666,1.2480593057969116,-0.35313088916463076,0.1345834732055664
ETH-USD,1d,19,1.0,0.75,9,21,1.0356678586236214,136.82719991068575,1.0074385344820618,0.14709164446101777,6.84905344673778,0.75,1.2755680697935852,-0.35313088916463076,0.14474940299987793
ETH-USD,1d,19,1.0,0.75,10,30,0.9171926557129088,26.090196961106816,0.9017327987699455,0.16303534816309187,5.53090362875111,0.5416666666666666,1.0001573336606315,-0.38602240657077447,0.1379532814025879
ETH-USD,1d,19,1.0,0.75,12,26,0.9153674249431322,32.253938567280116,0.9044383152177689,0.14927999692038088,6.058670510960386,0.5833333333333334,1.0876824545322832,-0.39062286352913145,0.13235235214233398
ETH-USD,1d,19,1.0,0.75,20,50,0.8264192325327406,55.78151989782039,0.7933293174758991,0.18953365577845588,4.185691001513812,0.1875,0.32769321222580633,-0.13925463532082116,0.126908540725708
ETH-USD,1d,19,1.0,1.0,8,21,1.1710928150151807,138.05030037587545,1.1410301232074953,0.10670290442569809,10.693524504780886,0.7291666666666666,1.3015485215002058,-0.42821224111056466,0.1483461856842041
ETH-USD,1d,19,1.0,1.0,9,21,1.147991834646133,125.59335868226226,1.1234792430308047,0.09353839521457166,12.010888581673957,0.75,1.3272497858760672,-0.42821224111056466,0.1375596523284912
ETH-USD,1d,19,1.0,1.0,10,30,1.0221210710258168,19.798808559745215,1.010654346487688,0.11094905642244487,9.10917477873416,0.5416666666666666,1.0397199086543758,-0.4390109207144197,0.13034963607788086
ETH-USD,1d,19,1.0,1.0,12,26,1.0153811428401776,25.38825823037682,1.0080293415597121,0.09466951107801734,10.647877337498796,0.5833333333333334,1.1281321949067713,-0.4448580870207365,0.1340780258178711
ETH-USD,1d,19,1.0,1.0,20,50,0.8764810613859931,53.225980897676116,0.8449295351012145,0.1419719299620172,5.951384441468568,0.1875,0.3313657415839697,-0.19115678384276713,0.12497854232788086
