ticker,timeframe,n_mu,x_zero,bear_alloc,fast_period,slow_period,in_sample_sharpe,in_sample_return,mc_sharpe_mean,mc_sharpe_std,mc_robust_sharpe,wf_pos_sharpe_frac,wf_mean_sharpe,wf_worst_return,runtime_s
GLD,1d,1,0.0,0.0,8,21,0.24727196078389083,0.23615223772144667,0.2179832508801222,0.15354604921185047,1.4196604341109842,0.34285714285714286,0.08259393313088366,-0.05886625198282913,0.12177205085754395
GLD,1d,1,0.0,0.0,9,21,0.24918421444734595,0.2377158091032654,0.25925756218645235,0.14826589474176466,1.7485987767989553,0.3142857142857143,0.07406293215293991,-0.05886625198282913,0.11215996742248535
GLD,1d,1,0.0,0.0,10,30,0.3251428476335878,0.3458535705345711,0.35270399379792816,0.14886936514794943,2.3692180956599342,0.34285714285714286,0.6528924798797815,-0.033916331182859194,0.10995340347290039
GLD,1d,1,0.0,0.0,12,26,0.4423569660634209,0.5231113224870043,0.49009693502218543,0.16498201310821506,2.9706082850420845,0.34285714285714286,0.47384887306855095,-0.04165717303307659,0.1110231876373291
GLD,1d,1,0.0,0.0,20,50,0.5720342093141155,0.7861134083915968,0.5037898869846875,0.178603776570123,2.8207123984687454,0.05714285714285714,0.07117634692557702,-0.00865343111214345,0.10093379020690918
GLD,1d,1,0.0,0.25,8,21,0.40231156561726167,0.35156898504963285,0.3994577722026928,0.03875598574723704,10.306995538906415,0.8571428571428571,0.9994964252203451,-0.04374619269422397,0.11317753791809082
GLD,1d,1,0.0,0.25,9,21,0.39998549968018265,0.3534715191631712,0.40337682039165684,0.038348986000433946,10.518578519575259,0.8571428571428571,0.9812004774902687,-0.0549011881305852,0.1353006362915039
GLD,1d,1,0.0,0.25,10,30,0.3821572445995147,0.5016996838208667,0.3853486175029995,0.044334206486111374,8.691902890462652,0.6857142857142857,1.2103728349087877,-0.021471273874439034,0.10389447212219238
GLD,1d,1,0.0,0.25,12,26,0.39970893306457855,0.7533111155668348,0.4048477723868572,0.05458424686211266,7.41693429259102,0.7714285714285715,1.1965623922843,-0.05414044848295396,0.10562729835510254
GLD,1d,1,0.0,0.25,20,50,0.3927237678450783,1.1502104640345787,0.37083564525503415,0.07480739991309746,4.957205379224888,0.17142857142857143,0.22173215118349127,-0.00865343111214345,0.10582756996154785
GLD,1d,1,0.0,0.5,8,21,0.6642546592359018,0.41518563996019986,0.6627463692872205,0.034275112884958644,19.336081299328452,0.8571428571428571,1.1276208773171688,-0.05161595826096188,0.13938307762145996
GLD,1d,1,0.0,0.5,9,21,0.6592343931498228,0.41691010129121575,0.6595183211486202,0.03601708194946145,18.311264695847512,0.8571428571428571,1.1124291109371343,-0.06805307924780779,0.11700654029846191
GLD,1d,1,0.0,0.5,10,30,0.6021996561520765,0.6051629343131213,0.597923762789869,0.04423386484096558,13.517330329140124,0.6857142857142857,1.273725773319589,-0.028183997331473698,0.11349248886108398
GLD,1d,1,0.0,0.5,12,26,0.6040021419459963,0.9340982249624914,0.5924354321342097,0.047551716118833506,12.458760282251255,0.7714285714285715,1.2820891046943144,-0.06654203732600417,0.1428828239440918
GLD,1d,1,0.0,0.5,20,50,0.5067043696730151,1.4810773753433164,0.4935804193439868,0.06910989557227622,7.141964479280577,0.17142857142857143,0.22585409197682277,-0.00865343111214345,0.11074233055114746
GLD,1d,1,0.0,0.75,8,21,0.8761826994406037,0.43691600668908115,0.8748947297463362,0.03325889911457689,26.30558295788217,0.8571428571428571,1.2329214324837983,-0.06263648394517918,0.11388921737670898
GLD,1d,1,0.0,0.75,9,21,0.8690727212225435,0.43789670244527,0.8672771718400396,0.036568460518439004,23.716534946904048,0.8571428571428571,1.2190351029824746,-0.08111284638474414,0.12248563766479492
GLD,1d,1,0.0,0.75,10,30,0.7843929900491377,0.6643179498090612,0.7749675936878061,0.04628295426043502,16.744125479264987,0.6857142857142857,1.3252655838449965,-0.03489672078850836,0.11013126373291016
GLD,1d,1,0.0,0.75,12,26,0.7777965567545359,1.0702754722950796,0.7551952914068055,0.04743362975814651,15.921094279678316,0.7714285714285715,1.3522573436829253,-0.07886193956222642,0.11374878883361816
GLD,1d,1,0.0,0.75,20,50,0.6196800541977195,1.7791785513779783,0.6098812783362496,0.06969176443266259,8.751124086197123,0.17142857142857143,0.23030014224318215,-0.026294196998473685,0.10190606117248535
GLD,1d,1,0.0,1.0,8,21,1.0460953464824674,0.4254083692709483,1.0448043705645513,0.03306074438123655,31.602566430945956,0.8571428571428571,1.3175215250465904,-0.08276038718726819,0.12190866470336914
GLD,1d,1,0.0,1.0,9,21,1.0373077213920123,0.42510208563899865,1.0339368336726475,0.037640127381404695,27.46900463953908,0.8571428571428571,1.304322852241994,-0.09408048954139403,0.11640286445617676
GLD,1d,1,0.0,1.0,10,30,0.9312923662805519,0.6864711905168364,0.9178862527027318,0.04849821224468413,18.926187383398673,0.6857142857142857,1.3667135614064216,-0.04160944424554325,0.11261725425720215
GLD,1d,1,0.0,1.0,12,26,0.9188504789488952,1.1665054694709238,0.8878788662228244,0.04895216805078714,18.13768218195491,0.7714285714285715,1.408697969428428,-0.09110015519162207,0.11586141586303711
GLD,1d,1,0.0,1.0,20,50,0.7146343532972985,2.0451304183868593,0.7067018937391463,0.07103706938077764,9.948353724321532,0.17142857142857143,0.23415282800139547,-0.04524392483851847,0.10684370994567871
GLD,1d,1,0.1,0.0,8,21,0.30118531816351496,0.3113142404280358,0.2168069728216401,0.13675169655082842,1.585406092136169,0.34285714285714286,0.11755252849539305,-0.05886625198282913,0.10931539535522461
GLD,1d,1,0.1,0.0,9,21,0.23608519803511796,0.22006560487636317,0.2652323752586762,0.1601877653613582,1.6557592563973536,0.3142857142857143,0.09829072443903138,-0.05886625198282913,0.14075231552124023
GLD,1d,1,0.1,0.0,10,30,0.31874724178853725,0.33633512191433623,0.3566239439204573,0.15277346474660486,2.334331714685961,0.34285714285714286,0.6528924798797815,-0.033916331182859194,0.10757875442504883
GLD,1d,1,0.1,0.0,12,26,0.40645140105630134,0.46636284304165554,0.48328672474043277,0.16866433897112856,2.8653758565001715,0.34285714285714286,0.47804791595419593,-0.04165717303307659,0.10635900497436523
GLD,1d,1,0.1,0.0,20,50,0.5734167920314401,0.7897891310155127,0.4958127049645419,0.17973464801125552,2.758581667200264,0.05714285714285714,0.07117634692557702,-0.00865343111214345,0.10365128517150879
GLD,1d,1,0.1,0.25,8,21,0.41204461597236713,0.45431668529864466,0.40005893371164153,0.037944809952512176,10.543179270427608,0.8571428571428571,1.0032520752371872,-0.04374619269422397,0.1134943962097168
GLD,1d,1,0.1,0.25,9,21,0.40020481656799917,0.3295456714246361,0.4057608458952056,0.035915430495812216,11.29767457312026,0.8571428571428571,0.9816645775103845,-0.0549011881305852,0.12290167808532715
GLD,1d,1,0.1,0.25,10,30,0.3800187718339837,0.48819527204756596,0.3856171691295161,0.044927777315063235,8.58304577200234,0.6857142857142857,1.2103728349087877,-0.021471273874439034,0.12062573432922363
GLD,1d,1,0.1,0.25,12,26,0.39485022094549915,0.6717441329139766,0.4042617825205941,0.05532604378345061,7.306898431105945,0.7714285714285715,1.1968284085675251,-0.05414044848295396,0.10474133491516113
GLD,1d,1,0.1,0.25,20,50,0.39322385095559775,1.1553889759973255,0.3692485568659601,0.07412218961251413,4.981619657976475,0.17142857142857143,0.22173215118349127,-0.00865343111214345,0.10356807708740234
GLD,1d,1,0.1,0.5,8,21,0.6703488121841968,0.5443264598311457,0.6647262917746698,0.034890591535865025,19.0517346514856,0.8571428571428571,1.1298160115702995,-0.05161595826096188,0.10608911514282227
GLD,1d,1,0.1,0.5,9,21,0.6632448831507828,0.38710159909873654,0.6626261590377247,0.032694743146559534,20.267055045130483,0.8571428571428571,1.112692408534257,-0.06805307924780779,0.12064385414123535
GLD,1d,1,0.1,0.5,10,30,0.6005751006126532,0.5875634510736853,0.5979771758536867,0.044870772189413155,13.326652220947825,0.6857142857142857,1.273725773319589,-0.028183997331473698,0.12012624740600586
GLD,1d,1,0.1,0.5,12,26,0.6052631233451999,0.8262429037590144,0.592679675828476,0.047616564806234336,12.446922163332491,0.7714285714285715,1.282241198775235,-0.06654203732600417,0.10466504096984863
GLD,1d,1,0.1,0.5,20,50,0.5070058974278079,1.4877644566630384,0.494024814456888,0.06900537536602916,7.159222188654201,0.17142857142857143,0.22585409197682277,-0.00865343111214345,0.10767173767089844
GLD,1d,1,0.1,0.75,8,21,0.8809762741500174,0.5899526275080347,0.8778518687787905,0.034356919494443736,25.550948155312888,0.8571428571428571,1.2345524783900976,-0.06263648394517918,0.11964631080627441
GLD,1d,1,0.1,0.75,9,21,0.875653421700118,0.4028955345107117,0.8711017310856448,0.033098089780927306,26.318791714306577,0.8571428571428571,1.2192326347070819,-0.08111284638474414,0.12767457962036133
GLD,1d,1,0.1,0.75,10,30,0.7830763581266708,0.6427110618904792,0.7750100245893158,0.046913954374920463,16.51981878133098,0.6857142857142857,1.3252655838449965,-0.03489672078850836,0.1294541358947754
GLD,1d,1,0.1,0.75,12,26,0.7826514585777348,0.9357322584937866,0.7559595944624401,0.04763389502431488,15.870203225592995,0.7714285714285715,1.352373925388984,-0.07886193956222642,0.11513614654541016
GLD,1d,1,0.1,0.75,20,50,0.6198996338285717,1.7872921782930997,0.6115046808070488,0.07049835579604063,8.674027555709213,0.17142857142857143,0.23030014224318215,-0.026294196998473685,0.10684823989868164
GLD,1d,1,0.1,1.0,8,21,1.0501686011671625,0.5989853385746249,1.04850545287498,0.03436571269429958,30.51021994515193,0.8571428571428571,1.3188493632348866,-0.08276038718726819,0.12081456184387207
GLD,1d,1,0.1,1.0,9,21,1.0458462772230837,0.3857823325200018,1.0383543352982647,0.03425139001032767,30.315684560106156,0.8571428571428571,1.3044869361695248,-0.09408048954139403,0.10867142677307129
GLD,1d,1,0.1,1.0,10,30,0.9301963183694155,0.6611021588793884,0.9179472373329919,0.04909478337602721,18.697449590565295,0.6857142857142857,1.3667135614064216,-0.04160944424554325,0.11643123626708984
GLD,1d,1,0.1,1.0,12,26,0.9263135547240551,1.0057729991110675,0.8890194176463314,0.049444750717782475,17.9800566236165,0.7714285714285715,1.408797068038904,-0.09110015519162207,0.10842084884643555
GLD,1d,1,0.1,1.0,20,50,0.7148069094964559,2.054515096007032,0.7091689097348498,0.07274789072908627,9.74830888741229,0.17142857142857143,0.23415282800139547,-0.04524392483851847,0.10202956199645996
GLD,1d,1,0.25,0.0,8,21,0.3533311284388686,0.38715925074113655,0.23209643368805968,0.1450040510361413,1.6006203414979845,0.34285714285714286,0.11755252849539305,-0.05886625198282913,0.10610055923461914
GLD,1d,1,0.25,0.0,9,21,0.2502550441776923,0.23901586466053093,0.2792806236014248,0.17326867736440626,1.611835606120902,0.3142857142857143,0.09829072443903138,-0.05886625198282913,0.11011219024658203
GLD,1d,1,0.25,0.0,10,30,0.339082819763238,0.36706668089855743,0.3689521062297531,0.14106477758952046,2.61548001233415,0.34285714285714286,0.6528924798797815,-0.033916331182859194,0.10511302947998047
GLD,1d,1,0.25,0.0,12,26,0.3828339230188457,0.4292501039604053,0.47766591104866585,0.1750054626713139,2.7294342916929,0.34285714285714286,0.47804791595419593,-0.04165717303307659,0.10436868667602539
GLD,1d,1,0.25,0.0,20,50,0.5690529416057818,0.777898167162473,0.4893982765964802,0.15935426932926547,3.0711337616268186,0.05714285714285714,0.07117634692557702,-0.00865343111214345,0.09853959083557129
GLD,1d,1,0.25,0.25,8,21,0.4247702197975079,0.5608615489237392,0.40293573273633926,0.03752266791514192,10.73846171193329,0.8571428571428571,1.0032520752371872,-0.04374619269422397,0.11251354217529297
GLD,1d,1,0.25,0.25,9,21,0.4051111699472215,0.35536965719565217,0.40950918329247826,0.03620847695225694,11.309759972297117,0.8571428571428571,0.9816645775103845,-0.0549011881305852,0.11084651947021484
GLD,1d,1,0.25,0.25,10,30,0.3898538831047217,0.5304575156566471,0.38878733839746743,0.04115327698325118,9.44729962952157,0.6857142857142857,1.2103728349087877,-0.021471273874439034,0.1216576099395752
GLD,1d,1,0.25,0.25,12,26,0.39227594180087083,0.6191713472472709,0.4057054040316038,0.05678249384722635,7.144902883680254,0.7714285714285715,1.1968284085675251,-0.05414044848295396,0.11737251281738281
GLD,1d,1,0.25,0.25,20,50,0.3914746673770202,1.136405832844586,0.3675186651108162,0.07024307937214115,5.232097857836461,0.17142857142857143,0.22173215118349127,-0.00865343111214345,0.09963774681091309
GLD,1d,1,0.25,0.5,8,21,0.6827354544601837,0.6819296516178321,0.667885582382987,0.035870874108453125,18.619161059852647,0.8571428571428571,1.1298160115702995,-0.05161595826096188,0.11639022827148438
GLD,1d,1,0.25,0.5,9,21,0.670237076747578,0.41980430742386,0.6677060977712215,0.034077636113569766,19.593674148816323,0.8571428571428571,1.112692408534257,-0.06805307924780779,0.14796042442321777
GLD,1d,1,0.25,0.5,10,30,0.6152915593283401,0.6409822494953972,0.6009143195219263,0.0422970924838554,14.206988807830998,0.6857142857142857,1.273725773319589,-0.028183997331473698,0.10786700248718262
GLD,1d,1,0.25,0.5,12,26,0.6080556805316216,0.7577202316642901,0.597863144323531,0.04806314516216187,12.439118212226445,0.7714285714285715,1.282241198775235,-0.06654203732600417,0.10992240905761719
GLD,1d,1,0.25,0.5,20,50,0.5056639931516521,1.4599760647421296,0.4942595724483102,0.06843958058292264,7.221838126980575,0.17142857142857143,0.22585409197682277,-0.00865343111214345,0.1103057861328125
GLD,1d,1,0.25,0.75,8,21,0.8944221443577792,0.7575017315015333,0.8816481638034471,0.03631398162861831,24.278476891353552,0.8571428571428571,1.2345524783900976,-0.06263648394517918,0.11880755424499512
GLD,1d,1,0.25,0.75,9,21,0.8846669204599086,0.44218693097708606,0.8776675963415913,0.03519846004297854,24.934829400772898,0.8571428571428571,1.2192326347070819,-0.08111284638474414,0.13433575630187988
GLD,1d,1,0.25,0.75,10,30,0.8021483283709829,0.7063481056153744,0.7782374911337875,0.045125998716635266,17.245878501673975,0.6857142857142857,1.3252655838449965,-0.03489672078850836,0.11166977882385254
GLD,1d,1,0.25,0.75,12,26,0.788873227555783,0.8514640440842765,0.7637169017434675,0.04791145989868044,15.940171795193024,0.7714285714285715,1.352373925388984,-0.07886193956222642,0.10769772529602051
GLD,1d,1,0.25,0.75,20,50,0.6188087373599032,1.749019267290954,0.612938276778538,0.07153231356128067,8.568690795292715,0.17142857142857143,0.23030014224318215,-0.026294196998473685,0.11467361450195312
GLD,1d,1,0.25,1.0,8,21,1.064698011839668,0.7942403300739063,1.0528833162134408,0.03695672579703051,28.4896265431079,0.8571428571428571,1.3188493632348866,-0.08276038718726819,0.11779379844665527
GLD,1d,1,0.25,1.0,9,21,1.0565278510152214,0.4311438219395949,1.0461840227178782,0.03664396024806397,28.54997155426594,0.8571428571428571,1.3044869361695248,-0.09408048954139403,0.1282639503479004
GLD,1d,1,0.25,1.0,10,30,0.9528403977264457,0.7336293486422178,0.9214998797149718,0.048018784984727524,19.19040392229951,0.6857142857142857,1.3667135614064216,-0.04160944424554325,0.13376855850219727
GLD,1d,1,0.25,1.0,12,26,0.9350751259111929,0.9065132385115966,0.8987390972608054,0.04981634684089282,18.041047853855396,0.7714285714285715,1.408797068038904,-0.09110015519162207,0.12763571739196777
GLD,1d,1,0.25,1.0,20,50,0.7138919725530096,2.004145367316496,0.7114716229774048,0.07487589786978525,9.502011237510725,0.17142857142857143,0.23415282800139547,-0.04524392483851847,0.12390637397766113
GLD,1d,1,0.4,0.0,8,21,0.4033601888309748,0.4651536541617787,0.26209146158289576,0.1431500563277155,1.830886192478234,0.34285714285714286,0.11755252849539305,-0.05886625198282913,0.12714886665344238
GLD,1d,1,0.4,0.0,9,21,0.2878884948565203,0.2904970146475516,0.27464597639359073,0.1762803158053724,1.558007059034441,0.3142857142857143,0.09829072443903138,-0.05886625198282913,0.11707711219787598
GLD,1d,1,0.4,0.0,10,30,0.3754333262097979,0.42357345567062143,0.3829964761513552,0.13521447841496428,2.8325108423371965,0.34285714285714286,0.6528924798797815,-0.033916331182859194,0.1061553955078125
GLD,1d,1,0.4,0.0,12,26,0.4454019029168288,0.531017854184747,0.4803710284830867,0.17266654042115695,2.7820736276489764,0.34285714285714286,0.47804791595419593,-0.04165717303307659,0.10878252983093262
GLD,1d,1,0.4,0.0,20,50,0.5188159374869967,0.675320766361241,0.49036617553788486,0.15581647356283013,3.147075301637819,0.05714285714285714,0.07117634692557702,-0.00865343111214345,0.11756706237792969
GLD,1d,1,0.4,0.25,8,21,0.4336138958850992,0.6709109157003821,0.40910505794414076,0.03873584878046234,10.561406831763707,0.8571428571428571,1.0032520752371872,-0.04374619269422397,0.11263537406921387
GLD,1d,1,0.4,0.25,9,21,0.4118301066096475,0.42720539945835045,0.4053310859290737,0.03680982184007829,11.01149273935773,0.8571428571428571,0.9816645775103845,-0.0549011881305852,0.11247873306274414
GLD,1d,1,0.4,0.25,10,30,0.3972120419647788,0.610386576944163,0.3918487920061745,0.04120287769621716,9.510228748953383,0.6857142857142857,1.2103728349087877,-0.021471273874439034,0.11030888557434082
GLD,1d,1,0.4,0.25,12,26,0.4060800491731681,0.7716330547249479,0.40664675648393517,0.05533348386989144,7.349017774483626,0.7714285714285715,1.1968284085675251,-0.05414044848295396,0.1338655948638916
GLD,1d,1,0.4,0.25,20,50,0.37578380802768335,0.9814597471737101,0.36778029961661046,0.0686545288576988,5.356970701509202,0.17142857142857143,0.22173215118349127,-0.00865343111214345,0.11269807815551758
GLD,1d,1,0.4,0.5,8,21,0.6882647074793855,0.8247098099208323,0.6731881313200735,0.03711494816678795,18.13792459832858,0.8571428571428571,1.1298160115702995,-0.05161595826096188,0.12158656120300293
GLD,1d,1,0.4,0.5,9,21,0.6745405870595689,0.5119710538288691,0.6650062069061423,0.0332806558911809,19.98176385346911,0.8571428571428571,1.112692408534257,-0.06805307924780779,0.12228226661682129
GLD,1d,1,0.4,0.5,10,30,0.6198411624601206,0.744953847659297,0.603242441974928,0.04294622569983714,14.04646001236881,0.6857142857142857,1.273725773319589,-0.028183997331473698,0.1208651065826416
GLD,1d,1,0.4,0.5,12,26,0.6169513637905617,0.9643093688508753,0.5996125017349467,0.047090933710242144,12.733077356767991,0.7714285714285715,1.282241198775235,-0.06654203732600417,0.11294937133789062
GLD,1d,1,0.4,0.5,20,50,0.4955456557978571,1.2446391089388142,0.49439639519617307,0.06756568388764875,7.317270643160773,0.17142857142857143,0.22585409197682277,-0.00865343111214345,0.10316133499145508
GLD,1d,1,0.4,0.75,8,21,0.8988076512718317,0.9321768400594042,0.8871026156556358,0.03783975818010138,23.44366503172138,0.8571428571428571,1.2345524783900976,-0.06263648394517918,0.11526060104370117
GLD,1d,1,0.4,0.75,9,21,0.8881450606948031,0.5536868462732754,0.8760561622909036,0.03389629773524436,25.84518725713241,0.8571428571428571,1.2192326347070819,-0.08111284638474414,0.1250600814819336
GLD,1d,1,0.4,0.75,10,30,0.8057126773790292,0.8338889940339775,0.780483271385967,0.046218630798915826,16.886767476553526,0.6857142857142857,1.3252655838449965,-0.03489672078850836,0.12722444534301758
GLD,1d,1,0.4,0.75,12,26,0.7959436269970477,1.1131307116243474,0.7661388002605328,0.047052760593551055,16.282547306385634,0.7714285714285715,1.352373925388984,-0.07886193956222642,0.11035609245300293
GLD,1d,1,0.4,0.75,20,50,0.6108821962080804,1.466606367636151,0.6130699730050486,0.07097042372448933,8.638386821318925,0.17142857142857143,0.23030014224318215,-0.026294196998473685,0.12707304954528809
GLD,1d,1,0.4,1.0,8,21,1.0684629029432682,0.99879315518285,1.05862211130519,0.038841641709550956,27.254824067976518,0.8571428571428571,1.3188493632348866,-0.08276038718726819,0.1423485279083252
GLD,1d,1,0.4,1.0,9,21,1.0595560351781925,0.5602565515054723,1.04543532592196,0.03517005777445221,29.72515236188699,0.8571428571428571,1.3044869361695248,-0.09408048954139403,0.15909099578857422
GLD,1d,1,0.4,1.0,10,30,0.9558674752663752,0.8834010741948366,0.9237826095397497,0.04948007747757281,18.669789067296037,0.6857142857142857,1.3667135614064216,-0.04160944424554325,0.13646626472473145
GLD,1d,1,0.4,1.0,12,26,0.9411019770185366,1.2221589051156099,0.9016986631715153,0.04899692775234382,18.403167393049078,0.7714285714285715,1.408797068038904,-0.09110015519162207,0.14051294326782227
GLD,1d,1,0.4,1.0,20,50,0.707235248616338,1.649288783754995,0.7116120007998719,0.0744871958242536,9.553480875812022,0.17142857142857143,0.23415282800139547,-0.04524392483851847,0.13060927391052246
GLD,1d,1,0.55,0.0,8,21,0.33343351319541265,0.3565875802377403,0.2735176605872767,0.1481713394221094,1.845955241101531,0.3142857142857143,0.08709521460674782,-0.04437545178254454,0.1160135269165039
GLD,1d,1,0.55,0.0,9,21,0.31763193552703656,0.33297874463170585,0.28036789082406177,0.16195094940007465,1.7311901650632284,0.3142857142857143,0.1658057203830277,-0.03756816572493049,0.11153745651245117
GLD,1d,1,0.55,0.0,10,30,0.38647717019471245,0.4410722556580722,0.38778652340816017,0.15114719344547525,2.5656217265327528,0.34285714285714286,0.6458931908878331,-0.032382616580162615,0.11606597900390625
GLD,1d,1,0.55,0.0,12,26,0.5087944151469259,0.6381406675100332,0.46704655712416654,0.18283947651746088,2.55440764773555,0.34285714285714286,0.4838137435228443,-0.036625530244747684,0.11389040946960449
GLD,1d,1,0.55,0.0,20,50,0.4570745283595975,0.5680534697468564,0.45904734055628704,0.16416451977936614,2.796264023269081,0.05714285714285714,0.07117634692557702,-0.00865343111214345,0.1137542724609375
GLD,1d,1,0.55,0.25,8,21,0.42497509429702557,0.5169965956233922,0.41388992000213093,0.03956307813612233,10.461519666849089,0.8571428571428571,1.0178835386391527,-0.034787658880285566,0.12065863609313965
GLD,1d,1,0.55,0.25,9,21,0.4197958402268066,0.48648570066821994,0.4076019597671091,0.037995046911516776,10.727765666833795,0.8571428571428571,1.017154894185745,-0.048656628765725296,0.14633774757385254
GLD,1d,1,0.55,0.25,10,30,0.39962388505817786,0.6362673880823262,0.39547204890562665,0.04308761648321801,9.178322710416278,0.6857142857142857,1.2005936172793665,-0.02120853674426615,0.11714839935302734
GLD,1d,1,0.55,0.25,12,26,0.41953404305304115,0.9285664544386734,0.40698053220125424,0.0513762882423682,7.921563548563865,0.7714285714285715,1.2014779780332152,-0.047890862676592705,0.12724804878234863
GLD,1d,1,0.55,0.25,20,50,0.3629212526789858,0.8236187044111418,0.359930461084453,0.07267535789286986,4.952579134388626,0.17142857142857143,0.222632462763163,-0.00865343111214345,0.12741923332214355
GLD,1d,1,0.55,0.5,8,21,0.6901727305444566,0.6241172742910628,0.6800783461740283,0.038785270149151826,17.534449123565032,0.8571428571428571,1.139046617828921,-0.044089920519245984,0.13990306854248047
GLD,1d,1,0.55,0.5,9,21,0.6833627611173301,0.5880555409129691,0.6688873982591399,0.03650773717215155,18.321798338390956,0.8571428571428571,1.1389418559807967,-0.06061334227336124,0.11676430702209473
GLD,1d,1,0.55,0.5,10,30,0.621557790298037,0.7802281717549526,0.6088901733338764,0.042919577843758626,14.186769859443558,0.6857142857142857,1.2670037995563628,-0.02765852307112826,0.10953259468078613
GLD,1d,1,0.55,0.5,12,26,0.6257618932748111,1.1758314020417475,0.6052126307684021,0.0424095710922762,14.270661437522199,0.7714285714285715,1.2841399953442498,-0.059090237696265535,0.11604619026184082
GLD,1d,1,0.55,0.5,20,50,0.49884444211228446,1.0310703796501555,0.4922265519117587,0.07121723824875065,6.911620894262826,0.17142857142857143,0.2267721346821796,-0.00865343111214345,0.10454082489013672
GLD,1d,1,0.55,0.75,8,21,0.9069771975658607,0.685725251128739,0.8959457607514612,0.04090055186113443,21.905468752435826,0.8571428571428571,1.2419333077781065,-0.05338460062269723,0.11183810234069824
GLD,1d,1,0.55,0.75,9,21,0.898449628226675,0.6457920653770353,0.8813202217404429,0.03826087580219473,23.03450204059073,0.8571428571428571,1.2419916323451095,-0.0724956707676555,0.13201332092285156
GLD,1d,1,0.55,0.75,10,30,0.8072280906768913,0.8791699780308735,0.7878648807028418,0.04603590903782116,17.114137575855516,0.6857142857142857,1.322277293704425,-0.03410850939799026,0.11613917350769043
GLD,1d,1,0.55,0.75,12,26,0.8029900314364875,1.3821169359222067,0.7752462771514937,0.04186791839364024,18.516475308436974,0.7714285714285715,1.3533957886641488,-0.07022365530376551,0.1129157543182373
GLD,1d,1,0.55,0.75,20,50,0.6238976055588286,1.194068894700421,0.6139826004800308,0.07470603674558249,8.21864774557642,0.17142857142857143,0.23120494690410187,-0.010614373737615868,0.1121368408203125
GLD,1d,1,0.55,1.0,8,21,1.0811925915410592,0.7090177750245095,1.069066158148337,0.04322751269854829,24.73115132956145,0.8571428571428571,1.3252084237405644,-0.07042454275729226,0.12665104866027832
GLD,1d,1,0.55,1.0,9,21,1.0711992771613088,0.6670149635160731,1.0518099465062951,0.04028448824923323,26.109552143220167,0.8571428571428571,1.3253159030472537,-0.08430361424860822,0.11336326599121094
GLD,1d,1,0.55,1.0,10,30,0.9572760482696695,0.9389393242344426,0.9325670552513987,0.049526320287441014,18.829726291777042,0.6857142857142857,1.3669057014629056,-0.04055849572485237,0.10233497619628906
GLD,1d,1,0.55,1.0,12,26,0.9471248687828778,1.5497775842805086,0.9134499321573266,0.04358143739899787,20.959610023746734,0.7714285714285715,1.4094207178762357,-0.08129111549909396,0.10447478294372559
GLD,1d,1,0.55,1.0,20,50,0.7273079690039247,1.3162875633942352,0.714665495522703,0.07842366812382248,9.112880239092151,0.17142857142857143,0.23502832438849378,-0.024337493824041267,0.09709954261779785
GLD,1d,1,0.7,0.0,8,21,0.2913376485737823,0.296365357084309,0.2708020172155653,0.1455482795080895,1.860564880126352,0.3142857142857143,0.09017083710322028,-0.042530482744360665,0.10762929916381836
GLD,1d,1,0.7,0.0,9,21,0.2933607903301431,0.2969685076870938,0.28124672713194554,0.1537324073552675,1.829456338909721,0.3142857142857143,0.18676208455380716,-0.03756816572493049,0.11192917823791504
GLD,1d,1,0.7,0.0,10,30,0.3632824001985384,0.40423481944856854,0.3909832927095647,0.15238518700498274,2.565756556749707,0.34285714285714286,0.6412346503087942,-0.032382616580162615,0.11016297340393066
GLD,1d,1,0.7,0.0,12,26,0.5223774809908669,0.6615115254020147,0.46036922228856636,0.17340368997670577,2.654898649217962,0.34285714285714286,0.505226388642155,-0.035623641964098396,0.12155699729919434
GLD,1d,1,0.7,0.0,20,50,0.4515429609902345,0.5585971119322255,0.43074309331978916,0.16099999236284396,2.6754230667851715,0.05714285714285714,0.07117634692557702,-0.00865343111214345,0.1079411506652832
GLD,1d,1,0.7,0.25,8,21,0.4252591738157843,0.43768116186356965,0.4158323408790373,0.03670230645117921,11.329869457445964,0.8571428571428571,1.0147331337010397,-0.03775273188261763,0.11017155647277832
GLD,1d,1,0.7,0.25,9,21,0.42050162507203015,0.43615689954030357,0.40862966273900786,0.03649249673032109,11.197635112740405,0.8571428571428571,1.0183749491292318,-0.047413227533033786,0.11344337463378906
GLD,1d,1,0.7,0.25,10,30,0.39753208436160725,0.5839757255475886,0.3986534928738907,0.042802938475467,9.313694504931796,0.6857142857142857,1.200659254977311,-0.02120853674426615,0.10787558555603027
GLD,1d,1,0.7,0.25,12,26,0.42479497566754576,0.9631334814127581,0.4090310332234597,0.050528508577583835,8.095054549164345,0.7714285714285715,1.2026381830889807,-0.04664646059128785,0.11625933647155762
GLD,1d,1,0.7,0.25,20,50,0.3615130287261554,0.8099809753582796,0.35229909415876903,0.06442446206233203,5.468405678233094,0.17142857142857143,0.222632462763163,-0.00865343111214345,0.11282944679260254
GLD,1d,1,0.7,0.5,8,21,0.7016533556372987,0.5266637694801635,0.6849344552903162,0.03564515052732326,19.215361561323462,0.8571428571428571,1.1388477014213172,-0.04762249374955563,0.11816024780273438
GLD,1d,1,0.7,0.5,9,21,0.691517720594919,0.5233726544655182,0.671158361184397,0.03620821472795227,18.5360798986389,0.8571428571428571,1.139609523491644,-0.05913196022789857,0.11145830154418945
GLD,1d,1,0.7,0.5,10,30,0.6246125237211145,0.7119523821113651,0.613795940086612,0.04051886026783289,15.148400918223562,0.6857142857142857,1.2670218881143045,-0.02765852307112826,0.11341571807861328
GLD,1d,1,0.7,0.5,12,26,0.6335975224535414,1.2228677112456414,0.6118076020517832,0.03885143584147416,15.747361424379447,0.7714285714285715,1.2847784903844812,-0.057606453764683874,0.11267900466918945
GLD,1d,1,0.7,0.5,20,50,0.4981454126946864,1.012993405806109,0.48923411178581977,0.06563880556443544,7.453428007698204,0.17142857142857143,0.2267721346821796,-0.00865343111214345,0.10353851318359375
GLD,1d,1,0.7,0.75,8,21,0.9259540328982648,0.571796358661234,0.9029006816534049,0.03731336137709373,24.197784609340662,0.8571428571428571,1.2441580974768838,-0.057448845385370095,0.1151738166809082
GLD,1d,1,0.7,0.75,9,21,0.911629437882763,0.5674003192207611,0.8845488775527391,0.03864797450051032,22.88732822314037,0.8571428571428571,1.2424656712465714,-0.07077984004869353,0.10771775245666504
GLD,1d,1,0.7,0.75,10,30,0.8134736392456878,0.7950889084564492,0.794267479112991,0.04264881069047925,18.623437940094778,0.6857142857142857,1.3222816497144596,-0.03410850939799026,0.1043243408203125
GLD,1d,1,0.7,0.75,12,26,0.813112904340626,1.4425002005453709,0.7850459763625739,0.03585894656536796,21.892611232499497,0.7714285714285715,1.3538495362998677,-0.06850362148428557,0.1021571159362793
GLD,1d,1,0.7,0.75,20,50,0.6235346689999737,1.1714809998706137,0.6134860645363228,0.07091371566808936,8.651162314040004,0.17142857142857143,0.23120494690410187,-0.010614373737615868,0.1000361442565918
GLD,1d,1,0.7,1.0,8,21,1.1058510596799793,0.5807740333435902,1.0776345225960005,0.039294524267373496,27.424546872317464,0.8571428571428571,1.3293866569261399,-0.07042454275729226,0.12184548377990723
GLD,1d,1,0.7,1.0,9,21,1.0881926249346876,0.5760680751341363,1.055778246653349,0.04116152832029651,25.64963668107413,0.8571428571428571,1.325689312676801,-0.08235686699541833,0.10644388198852539
GLD,1d,1,0.7,1.0,10,30,0.965872471261051,0.8398004730490374,0.9401765968594246,0.045645966830155794,20.59714498671329,0.6857142857142857,1.366904703245229,-0.04055849572485237,0.10752320289611816
GLD,1d,1,0.7,1.0,12,26,0.9591022182517097,1.6240184178561234,0.925713624359226,0.03590858538807846,25.779729676194933,0.7714285714285715,1.4097780443069574,-0.07933796375009416,0.12834382057189941
GLD,1d,1,0.7,1.0,20,50,0.7271459758302045,1.289276184140261,0.7158973300545302,0.0759511573709884,9.425759327901783,0.17142857142857143,0.23502832438849378,-0.024337493824041267,0.11960005760192871
GLD,1d,1,0.85,0.0,8,21,0.2481648079127826,0.23683432847138697,0.28021803024706626,0.140546395067338,1.9937760062277614,0.37142857142857144,0.1448845925095329,-0.0402457117342242,0.10948848724365234
GLD,1d,1,0.85,0.0,9,21,0.22054774597523694,0.19934461351458466,0.26663996548138336,0.165114209713892,1.6148820016364067,0.34285714285714286,0.11222500432655333,-0.0344954715854453,0.10424947738647461
GLD,1d,1,0.85,0.0,10,30,0.3416871062641696,0.3714407020852497,0.39988152803298527,0.15776885060925144,2.534603798460686,0.2857142857142857,0.4182887603384378,-0.037158426245197496,0.12623286247253418
GLD,1d,1,0.85,0.0,12,26,0.3845360507819907,0.4351978449395295,0.4266414377285921,0.16570671777738483,2.5746779819859476,0.2857142857142857,0.3633713675689899,-0.037158426245197496,0.11928367614746094
GLD,1d,1,0.85,0.0,20,50,0.44372710591288683,0.5447748253595524,0.3931639603068396,0.16048397906504813,2.4498642331611213,0.05714285714285714,0.03269685662651892,-0.014758550417404148,0.10809779167175293
GLD,1d,1,0.85,0.25,8,21,0.42056608182518496,0.3552819688488209,0.42059167113470464,0.03819035979562113,11.013032435031661,0.8571428571428571,0.9972478371182756,-0.03633577710385594,0.11230945587158203
GLD,1d,1,0.85,0.25,9,21,0.4100253801370834,0.3023979028528525,0.4079605568032624,0.03853474678446252,10.586823343750503,0.8571428571428571,0.9996701250362421,-0.04601049829268666,0.10726594924926758
GLD,1d,1,0.85,0.25,10,30,0.39288699763938895,0.5394195659198389,0.40189531242497756,0.0435116253894046,9.236504240607891,0.6857142857142857,1.191987765276499,-0.022388677461001483,0.10366249084472656
GLD,1d,1,0.85,0.25,12,26,0.40175347033614217,0.6343145938618466,0.40480142187744717,0.05096930758167888,7.942062411359001,0.7714285714285715,1.2111634596994143,-0.04524373135094106,0.10431790351867676
GLD,1d,1,0.85,0.25,20,50,0.35933213332404634,0.7904771188723767,0.3432824879100115,0.05674382151938456,6.049689265160629,0.2,0.2685195909501168,-0.024188732020388737,0.10339951515197754
GLD,1d,1,0.85,0.5,8,21,0.7028343312145459,0.42182522515457266,0.69252866145401,0.036986356447084465,18.72389518672365,0.8571428571428571,1.127262725831954,-0.04592765951340072,0.10628414154052734
GLD,1d,1,0.85,0.5,9,21,0.6888986164281713,0.3549020084535277,0.6739829917710141,0.037556745484178755,17.94572407917874,0.8571428571428571,1.1272744195064994,-0.05745760803557565,0.10739660263061523
GLD,1d,1,0.85,0.5,10,30,0.6217262369239983,0.6554925134085872,0.6185178245801546,0.04125288374216182,14.993323338218142,0.6857142857142857,1.261467203086006,-0.0425125807030905,0.10722494125366211
GLD,1d,1,0.85,0.5,12,26,0.6274712313950387,0.7833979040093342,0.6151439709576734,0.04217821905454571,14.58439888517239,0.7714285714285715,1.2996140427768732,-0.055932101572360504,0.11997747421264648
GLD,1d,1,0.85,0.5,20,50,0.4968529852321973,0.9878623725760216,0.4881659238532727,0.06456209247395235,7.561184979409144,0.2,0.2754785880826156,-0.046112689821865005,0.10138249397277832
GLD,1d,1,0.85,0.75,8,21,0.9304616024821215,0.4460626624842421,0.9128702819230021,0.03913026718064474,23.32900712659946,0.8571428571428571,1.2371340484741442,-0.055477930468810555,0.10691285133361816
GLD,1d,1,0.85,0.75,9,21,0.9131326166551698,0.3672711307675176,0.8896118087877257,0.040152499874300425,22.15582620192276,0.8571428571428571,1.2348838190573532,-0.06883680081411248,0.10713386535644531
GLD,1d,1,0.85,0.75,10,30,0.8113440600752312,0.7270435081200692,0.8004550591774151,0.04333894070403049,18.4696498385567,0.6857142857142857,1.3177833352860242,-0.06263648394517918,0.10463356971740723
GLD,1d,1,0.85,0.75,12,26,0.8159324148712781,0.8882927735696786,0.793127894542768,0.040185300181854455,19.736766702091288,0.7714285714285715,1.3707814801429319,-0.0665605822497044,0.1064305305480957
GLD,1d,1,0.85,0.75,20,50,0.6226975757538734,1.1409620607665119,0.6169603973840834,0.07378338366474206,8.361779668271062,0.2,0.28098679641269114,-0.0680366476233416,0.10136842727661133
GLD,1d,1,0.85,1.0,8,21,1.1127129521671688,0.43648280634782544,1.0894945575577786,0.041711369884685316,26.119845993305432,0.8571428571428571,1.325859617838939,-0.06498658997008477,0.1265578269958496
GLD,1d,1,0.85,1.0,9,21,1.0925306636789298,0.34841911899627775,1.0624874112320548,0.043017206474407356,24.699126194170017,0.8571428571428571,1.321716153084395,-0.0801480766282966,0.10738992691040039
GLD,1d,1,0.85,1.0,10,30,0.964200099827964,0.7608537702750915,0.9475778037137926,0.04614507649120449,20.53475420924714,0.6857142857142857,1.3629418439742127,-0.08276038718726819,0.10566520690917969
GLD,1d,1,0.85,1.0,12,26,0.9681240074543929,0.9545265278924147,0.9373053835356501,0.04031502464060248,23.249530215880398,0.7714285714285715,1.4277692132428867,-0.08276038718726819,0.11980795860290527
GLD,1d,1,0.85,1.0,20,50,0.7265956809451233,1.2537529166174122,0.7226009448426094,0.08144966693801002,8.871748307977354,0.2,0.28542598379818496,-0.08996060542481776,0.09993457794189453
GLD,1d,1,1.0,0.0,8,21,0.27174717562714196,0.2691012965160213,0.2758026894358861,0.16084633758185463,1.7146967321872046,0.37142857142857144,0.1410177990020478,-0.0402457117342242,0.10454225540161133
GLD,1d,1,1.0,0.0,9,21,0.2716906768380312,0.2686010066818709,0.28680785671014697,0.16248997805070817,1.7650802846477276,0.34285714285714286,0.128072647002381,-0.03491367068125839,0.10456013679504395
GLD,1d,1,1.0,0.0,10,30,0.3386225360457298,0.36710577874966877,0.400181781135829,0.16676771895012898,2.399635754779984,0.2857142857142857,0.4152391840616775,-0.037158426245197496,0.10394430160522461
GLD,1d,1,1.0,0.0,12,26,0.3652781985377739,0.40706592693588495,0.4200990345721041,0.16067570587158075,2.614577183857939,0.3142857142857143,0.36863930828614977,-0.03720821427784293,0.10477995872497559
GLD,1d,1,1.0,0.0,20,50,0.45985771932139535,0.5732992090128703,0.3631992300181482,0.18384947596143605,1.9755249674703028,0.05714285714285714,0.03269685662651892,-0.014758550417404148,0.10260581970214844
GLD,1d,1,1.0,0.25,8,21,0.42777964828988024,0.40044713233898066,0.4190080461875554,0.03731687595864631,11.228379531338323,0.8571428571428571,0.9988584825556586,-0.036714877835121396,0.10879921913146973
GLD,1d,1,1.0,0.25,9,21,0.4215186399821933,0.39610697276360796,0.41426477921539095,0.03972995226340811,10.427014270463525,0.8571428571428571,1.0064529770208157,-0.046385793036565315,0.1069645881652832
GLD,1d,1,1.0,0.25,10,30,0.39481163744172626,0.53346856069945,0.40376780418924874,0.04521245666328395,8.930454878757779,0.6857142857142857,1.188668400118948,-0.022388677461001483,0.1054072380065918
GLD,1d,1,1.0,0.25,12,26,0.39795203091498066,0.5934941153057487,0.4061220102146087,0.048084458057320124,8.446014089011507,0.7714285714285715,1.210366425255774,-0.046425372183577895,0.1031033992767334
GLD,1d,1,1.0,0.25,20,50,0.3640679999330783,0.8326835528833303,0.3386024853104151,0.057856749806813754,5.852428393247525,0.2,0.2685195909501168,-0.024188732020388737,0.09743547439575195
GLD,1d,1,1.0,0.5,8,21,0.7112431886633439,0.47992071493873234,0.6936059975953937,0.034672513741212475,20.004491245495103,0.8571428571428571,1.1299213710309963,-0.04668345373405913,0.10740518569946289
GLD,1d,1,1.0,0.5,9,21,0.6997197532784248,0.4715358952067503,0.6818303817586138,0.03756234364296265,18.151965922029348,0.8571428571428571,1.131313939214705,-0.058204268495524736,0.10429525375366211
GLD,1d,1,1.0,0.5,10,30,0.6271421108591184,0.6479850503422129,0.6219417823717335,0.04118789509748325,15.100110867518856,0.6857142857142857,1.2610360101246558,-0.0425125807030905,0.10789608955383301
GLD,1d,1,1.0,0.5,12,26,0.6251480124744865,0.728894435107996,0.6208735023988312,0.040612921393402265,15.287585357001545,0.7714285714285715,1.2990418778995036,-0.05828301242837941,0.10923409461975098
GLD,1d,1,1.0,0.5,20,50,0.49987665275718374,1.045321029492528,0.4898543866500159,0.06404476917585723,7.648624438085646,0.2,0.2754785880826156,-0.046112689821865005,0.10039114952087402
GLD,1d,1,1.0,0.75,8,21,0.9403816785175836,0.5164840908258417,0.9159759393232131,0.03697415342460217,24.773412086123205,0.8571428571428571,1.2415597473947846,-0.056608010936989306,0.10845685005187988
GLD,1d,1,1.0,0.75,9,21,0.9248538504353238,0.5042001089081409,0.8991922058680955,0.039678971463110585,22.66168130653466,0.8571428571428571,1.2379454148029319,-0.06995089796232334,0.11624312400817871
GLD,1d,1,1.0,0.75,10,30,0.8193603807482168,0.7181193772826964,0.8051686951737407,0.042397355953929926,18.991011987838533,0.6857142857142857,1.3197839952113959,-0.06263648394517918,0.10584640502929688
GLD,1d,1,1.0,0.75,12,26,0.8142115063520933,0.8196259594060562,0.80204031462101,0.03873687291321069,20.704828611694282,0.7714285714285715,1.370288976729937,-0.07006839231984996,0.1072385311126709
GLD,1d,1,1.0,0.75,20,50,0.6250466112570615,1.2147759154043682,0.6225161712142524,0.07413661846137977,8.396878413581026,0.2,0.28098679641269114,-0.0680366476233416,0.10043525695800781
GLD,1d,1,1.0,1.0,8,21,1.1239406350815535,0.5181467410373606,1.0942034212158243,0.04002517982714885,27.33787645530158,0.8571428571428571,1.3318897256299727,-0.06648854944391158,0.10996627807617188
GLD,1d,1,1.0,1.0,9,21,1.1052549422269489,0.5023447540438997,1.0735446365441519,0.042369308063244064,25.337790150872586,0.8571428571428571,1.3242482328014755,-0.08162568143696058,0.1133112907409668
GLD,1d,1,1.0,1.0,10,30,0.9742437260980861,0.7507078137393384,0.953319092970015,0.044616154339288214,21.367128276462385,0.6857142857142857,1.3669178251449516,-0.08276038718726819,0.10507965087890625
GLD,1d,1,1.0,1.0,12,26,0.9667577808233444,0.8716622950471207,0.9486827278078526,0.03848325427203574,24.65183222556162,0.7714285714285715,1.427329780184921,-0.08276038718726819,0.11353516578674316
GLD,1d,1,1.0,1.0,20,50,0.7285521649053175,1.34459452330477,0.7309886104179324,0.08289838871624546,8.817886833965469,0.2,0.28542598379818496,-0.08996060542481776,0.10250210762023926
GLD,1d,2,0.0,0.0,8,21,0.3251786144649789,0.3421051125305017,0.30918308166170433,0.16847140222192186,1.8352259053107873,0.37142857142857144,0.18810990933779315,-0.04913228347337806,0.11813974380493164
GLD,1d,2,0.0,0.0,9,21,0.3883866527007808,0.43741543083528134,0.3436087325732962,0.19742342753173203,1.7404658447542538,0.37142857142857144,0.2260881480421155,-0.04913228347337806,0.11090683937072754
GLD,1d,2,0.0,0.0,10,30,0.3137448751773172,0.3274935344136918,0.3865429190297196,0.1886900272348552,2.0485604072153984,0.3142857142857143,0.6029781923490894,-0.022545681875080326,0.11278009414672852
GLD,1d,2,0.0,0.0,12,26,0.3837087428158154,0.4285798342492735,0.43264390296605465,0.17964036680110904,2.408389109141942,0.3142857142857143,0.4488187904215442,-0.04380385160666589,0.10342025756835938
GLD,1d,2,0.0,0.0,20,50,0.6200678519458088,0.8912149668434759,0.5189757025181614,0.22204656490882504,2.337238149715394,0.05714285714285714,0.03271741310120222,-0.00865343111214345,0.09812092781066895
GLD,1d,2,0.0,0.25,8,21,0.41305714730354304,0.4981278444596897,0.4141533130605001,0.04970851310843412,8.331637523678616,0.8285714285714286,0.9591254721101325,-0.05558928975415123,0.11127948760986328
GLD,1d,2,0.0,0.25,9,21,0.419186999357527,0.6345492384923537,0.41571993709549027,0.04392758938027056,9.463754851118802,0.8285714285714286,0.9669490865350878,-0.057975792655882596,0.11439371109008789
GLD,1d,2,0.0,0.25,10,30,0.3727504017498143,0.4729551920206836,0.38523945520735,0.054305777352327354,7.093894498700882,0.6857142857142857,1.3259797953537802,-0.021041471566715653,0.1305561065673828
GLD,1d,2,0.0,0.25,12,26,0.3816133848832628,0.6148647479879694,0.38862822002573105,0.05560765130726801,6.9887544409727065,0.7714285714285715,1.2734123763413054,-0.05543776138129719,0.1385354995727539
GLD,1d,2,0.0,0.25,20,50,0.4057690956432499,1.3012286103318118,0.3762734912029078,0.0925171656621824,4.067066781713077,0.17142857142857143,0.2189003018798119,-0.00865343111214345,0.10574674606323242
GLD,1d,2,0.0,0.5,8,21,0.6667901988618772,0.6012020775458362,0.6644423593242961,0.043777561115502794,15.177692461469706,0.8571428571428571,1.0873140921680742,-0.067398305240562,0.11236143112182617
GLD,1d,2,0.0,0.5,9,21,0.662672473025721,0.7807054384015835,0.6585001778298524,0.038112765339370816,17.277680377330583,0.8571428571428571,1.090166931886576,-0.07204193037298479,0.12519526481628418
GLD,1d,2,0.0,0.5,10,30,0.5871865116697105,0.5643832281152599,0.5799432634652454,0.04886920751544406,11.867253285864454,0.6857142857142857,1.3875985282323628,-0.04651793345680666,0.11286187171936035
GLD,1d,2,0.0,0.5,12,26,0.5838439794807001,0.7469242641071565,0.575419037246002,0.04661398012092738,12.344344674134943,0.7714285714285715,1.3600258111580132,-0.06700365687378695,0.11439752578735352
GLD,1d,2,0.0,0.5,20,50,0.5092042363658347,1.6829936466905333,0.48559169559138926,0.07464885469101967,6.505012000536512,0.17142857142857143,0.2253503679961238,-0.015300443323250756,0.11011719703674316
GLD,1d,2,0.0,0.75,8,21,0.8745092092442632,0.6592477863699862,0.8688926085717684,0.04343717764247906,20.00343152410624,0.8571428571428571,1.1918069995386094,-0.08062613573362343,0.12134957313537598
GLD,1d,2,0.0,0.75,9,21,0.8643740204138459,0.8819084368142132,0.8581511575654786,0.03824577878803928,22.437800582422728,0.8571428571428571,1.1914585975563898,-0.08600226475797212,0.12044572830200195
GLD,1d,2,0.0,0.75,10,30,0.7648388994473456,0.6108219840543223,0.7445305786620091,0.04926375131111328,15.113152345222488,0.6857142857142857,1.4352563197082502,-0.07199439534689833,0.10988950729370117
GLD,1d,2,0.0,0.75,12,26,0.7542701080366038,0.8318253118850325,0.7357612724678351,0.044899741987724305,16.386759475566564,0.7714285714285715,1.4277166081688595,-0.07850153808413507,0.11376738548278809
GLD,1d,2,0.0,0.75,20,50,0.6163702997696534,2.0362363885480055,0.5933913778703077,0.06954319149740705,8.532702700197943,0.17142857142857143,0.23061152720231562,-0.02516816014656431,0.10044646263122559
GLD,1d,2,0.0,1.0,8,21,1.0415504939792108,0.6795413537846962,1.0331685222715508,0.044288958915111636,23.327902655192645,0.8571428571428571,1.2753985256495974,-0.09375992399199395,0.10755658149719238
GLD,1d,2,0.0,1.0,9,21,1.0270387155450302,0.9438613144823249,1.0188263143327627,0.03951592855799352,25.782674266088286,0.8571428571428571,1.2726643341004047,-0.09985679581084439,0.10598945617675781
GLD,1d,2,0.0,1.0,10,30,0.9080947285276687,0.62034081266845,0.8778670250992795,0.05059989841748933,17.349185523183852,0.6857142857142857,1.4729591298447167,-0.09747085723698956,0.1105356216430664
GLD,1d,2,0.0,1.0,12,26,0.8922696340908047,0.8762075719570364,0.866157025371541,0.04503187603150377,19.234309153933268,0.7714285714285715,1.481468655086493,-0.09747085723698956,0.11591410636901855
GLD,1d,2,0.0,1.0,20,50,0.707248394808165,2.3608400971339973,0.6839390240741262,0.06737309365580532,10.151515790090091,0.17142857142857143,0.2348552336513068,-0.03503587696987742,0.12492752075195312
GLD,1d,2,0.1,0.0,8,21,0.3687257411460431,0.4053172041762563,0.2968002495515134,0.1550712846080367,1.9139600881086107,0.37142857142857144,0.22098572353384005,-0.04913228347337806,0.12160110473632812
GLD,1d,2,0.1,0.0,9,21,0.379714772745467,0.42424678785546743,0.34128610895036454,0.20940893727762408,1.6297590417447378,0.37142857142857144,0.23028719092776048,-0.04913228347337806,0.10960268974304199
GLD,1d,2,0.1,0.0,10,30,0.32257954811704187,0.3401886170596016,0.4049028291656079,0.17902516848072694,2.2617089686425733,0.3142857142857143,0.5737502604267445,-0.03114537134673634,0.10620689392089844
GLD,1d,2,0.1,0.0,12,26,0.3387238624044884,0.3622190755867085,0.4327751249076287,0.19533048034420425,2.2156046723737544,0.3142857142857143,0.45366250034674643,-0.04380385160666589,0.10832667350769043
GLD,1d,2,0.1,0.0,20,50,0.6295404063797012,0.9129313963708141,0.5144994811615394,0.216525128853093,2.376165223347424,0.05714285714285714,0.03271741310120222,-0.00865343111214345,0.10945940017700195
GLD,1d,2,0.1,0.25,8,21,0.4203778165769259,0.5862562958257167,0.4140259993445909,0.04823792119942164,8.582998376587483,0.8285714285714286,0.9633372034327821,-0.05558928975415123,0.12779474258422852
GLD,1d,2,0.1,0.25,9,21,0.4202606200401172,0.6161711189767907,0.41598082584319646,0.04204223595183745,9.89435543627446,0.8285714285714286,0.9673295724925185,-0.057975792655882596,0.10509777069091797
GLD,1d,2,0.1,0.25,10,30,0.37404725733322713,0.4906667231635402,0.3889370501504188,0.049876945762554414,7.797932375450642,0.6857142857142857,1.3228758905222366,-0.021041471566715653,0.10704469680786133
GLD,1d,2,0.1,0.25,12,26,0.3749033974881666,0.5211034152597602,0.38965699820796496,0.05730207904310401,6.800049923404272,0.7714285714285715,1.2736565393337007,-0.05543776138129719,0.1092672348022461
GLD,1d,2,0.1,0.25,20,50,0.40874844711430175,1.3338590898255984,0.37459459176201626,0.08739362901895723,4.286291757958238,0.17142857142857143,0.2189003018798119,-0.00865343111214345,0.1026923656463623
GLD,1d,2,0.1,0.5,8,21,0.6712907530933759,0.714175432668114,0.66747263123147,0.04223783396845527,15.80271923342382,0.8571428571428571,1.089807704912572,-0.067398305240562,0.10713934898376465
GLD,1d,2,0.1,0.5,9,21,0.6673339282772056,0.757121906658452,0.659782165976525,0.03546198236244153,18.605337942847576,0.8571428571428571,1.090381280391435,-0.07204193037298479,0.12148070335388184
GLD,1d,2,0.1,0.5,10,30,0.5878096304697201,0.5871072824794965,0.5827615504268967,0.04704569230901735,12.387139434553447,0.6857142857142857,1.3858207379070373,-0.04651793345680666,0.10888099670410156
GLD,1d,2,0.1,0.5,12,26,0.584002435010188,0.625214333353096,0.5772137136767596,0.04794311875304842,12.039552884532734,0.7714285714285715,1.3601689531193415,-0.06700365687378695,0.10725212097167969
GLD,1d,2,0.1,0.5,20,50,0.5110529654546764,1.7280910885328962,0.488281648379694,0.07324035082050218,6.666839288855636,0.17142857142857143,0.2253503679961238,-0.015300443323250756,0.09898781776428223
GLD,1d,2,0.1,0.75,8,21,0.878066454509238,0.7958021598157936,0.873991245210896,0.04150533897620876,21.057320980124405,0.8571428571428571,1.193675368951889,-0.08062613573362343,0.11030912399291992
GLD,1d,2,0.1,0.75,9,21,0.8715283674251466,0.8533733498279834,0.8601400902680737,0.03552875679764,24.20968724481822,0.8571428571428571,1.1916218308160236,-0.08600226475797212,0.10784721374511719
GLD,1d,2,0.1,0.75,10,30,0.7653029197952433,0.6383239906125204,0.7472416448422247,0.048747269172486965,15.328892418530986,0.6857142857142857,1.433957947237979,-0.07199439534689833,0.1060328483581543
GLD,1d,2,0.1,0.75,12,26,0.7583043797280885,0.6829331520378636,0.7382314832383552,0.046922566208802266,15.732973340658196,0.7714285714285715,1.427827561161655,-0.07850153808413507,0.10648107528686523
GLD,1d,2,0.1,0.75,20,50,0.6177742756967765,2.095049702647665,0.5988937642277683,0.0705547151714637,8.488359180138746,0.17142857142857143,0.23061152720231562,-0.02516816014656431,0.09773659706115723
GLD,1d,2,0.1,1.0,8,21,1.0446082214108874,0.8375325658470538,1.0398185182213198,0.04203734068794927,24.73559224262256,0.8571428571428571,1.276927741850795,-0.09375992399199395,0.10722517967224121
GLD,1d,2,0.1,1.0,9,21,1.0361068266978688,0.9108145263021954,1.021348965539288,0.03691782158601319,27.66547216659825,0.8571428571428571,1.2728026106234285,-0.09985679581084439,0.11156225204467773
GLD,1d,2,0.1,1.0,10,30,0.908503732399123,0.6522172345295549,0.8806079615728301,0.050921894121653447,17.29330726522151,0.6857142857142857,1.471920121919569,-0.09747085723698956,0.10533690452575684
GLD,1d,2,0.1,1.0,12,26,0.8990790708206426,0.7019256136619001,0.8691705064615531,0.04784012033063144,18.16823411928239,0.7714285714285715,1.4815636639745111,-0.09747085723698956,0.10786032676696777
GLD,1d,2,0.1,1.0,20,50,0.7083984891343126,2.4343270359475158,0.691527372319665,0.07014893040932173,9.857988828690273,0.17142857142857143,0.2348552336513068,-0.03503587696987742,0.09970235824584961
GLD,1d,2,0.25,0.0,8,21,0.3644190918509784,0.40091893820239344,0.3070997238303191,0.1474024152367425,2.083410392815391,0.37142857142857144,0.22098572353384005,-0.04913228347337806,0.10914993286132812
GLD,1d,2,0.25,0.0,9,21,0.3219587175158233,0.33908395808543457,0.349827742216141,0.20824214530743557,1.6799084628122583,0.37142857142857144,0.23028719092776048,-0.04913228347337806,0.10614204406738281
GLD,1d,2,0.25,0.0,10,30,0.392768389091335,0.4476004638933204,0.4389510389752206,0.17057257040700327,2.573397574579778,0.3142857142857143,0.5737502604267445,-0.03114537134673634,0.10601258277893066
GLD,1d,2,0.25,0.0,12,26,0.3566283335314987,0.3888691749724258,0.4305608929763638,0.211892724280037,2.031975823800988,0.3142857142857143,0.45366250034674643,-0.04380385160666589,0.10267949104309082
GLD,1d,2,0.25,0.0,20,50,0.5987278082079942,0.8446782837955378,0.5159522008160154,0.17897519597623388,2.8828140011341503,0.05714285714285714,0.03271741310120222,-0.00865343111214345,0.09670543670654297
GLD,1d,2,0.25,0.25,8,21,0.4232067534969071,0.580008706475968,0.4157937748539934,0.046568417302742485,8.928664509916825,0.8285714285714286,0.9633372034327821,-0.05558928975415123,0.11021018028259277
GLD,1d,2,0.25,0.25,9,21,0.4117516679231441,0.4955503607990208,0.4189703361279422,0.04074129689441165,10.283676958388897,0.8285714285714286,0.9673295724925185,-0.057975792655882596,0.10737204551696777
GLD,1d,2,0.25,0.25,10,30,0.3946554954057524,0.6422269208547922,0.393274628132835,0.0495391769607297,7.938658901107471,0.6857142857142857,1.3228758905222366,-0.021041471566715653,0.1211848258972168
GLD,1d,2,0.25,0.25,12,26,0.37833534740967745,0.5584577682760221,0.39169017592001004,0.06214574969922172,6.30276692799983,0.7714285714285715,1.2736565393337007,-0.05543776138129719,0.1044318675994873
GLD,1d,2,0.25,0.25,20,50,0.3990599884976675,1.2289694611320594,0.3745003068031446,0.0797197828922041,4.697708563877279,0.17142857142857143,0.2189003018798119,-0.00865343111214345,0.09807729721069336
GLD,1d,2,0.25,0.5,8,21,0.6777258881801703,0.7060246471525085,0.6699097390060459,0.04254558794960896,15.745692357089712,0.8571428571428571,1.089807704912572,-0.067398305240562,0.11208415031433105
GLD,1d,2,0.25,0.5,9,21,0.666018042771081,0.6003725584023629,0.6648581853854532,0.036411976594177074,18.259326946062462,0.8571428571428571,1.090381280391435,-0.07204193037298479,0.10904622077941895
GLD,1d,2,0.25,0.5,10,30,0.6095392468146659,0.7837082650912299,0.587065510131083,0.04814354051194505,12.194065992828763,0.6857142857142857,1.3858207379070373,-0.04651793345680666,0.1063377857208252
GLD,1d,2,0.25,0.5,12,26,0.5861580790483998,0.6733441345228075,0.5821293590793328,0.05064431903312243,11.49446512843046,0.7714285714285715,1.3601689531193415,-0.06700365687378695,0.10577726364135742
GLD,1d,2,0.25,0.5,20,50,0.5046651268416471,1.5798555395698153,0.48959140065418155,0.0709989013427587,6.895760235649278,0.17142857142857143,0.2253503679961238,-0.015300443323250756,0.10070991516113281
GLD,1d,2,0.25,0.75,8,21,0.8870848625285174,0.7857868285486134,0.8772458412794599,0.04254116960277989,20.62110302726927,0.8571428571428571,1.193675368951889,-0.08062613573362343,0.11333298683166504
GLD,1d,2,0.25,0.75,9,21,0.8742040655627714,0.6615095332159158,0.8671737705822412,0.037543347040652306,23.0979344927147,0.8571428571428571,1.1916218308160236,-0.08600226475797212,0.10828566551208496
GLD,1d,2,0.25,0.75,10,30,0.7900365035838988,0.8788190440796819,0.7526574672006847,0.05088430354818392,14.791545028968905,0.6857142857142857,1.433957947237979,-0.07199439534689833,0.10789990425109863
GLD,1d,2,0.25,0.75,12,26,0.7601135254590079,0.7414073294068999,0.74527566848306,0.04877222524936544,15.28073949204843,0.7714285714285715,1.427827561161655,-0.07850153808413507,0.10921549797058105
GLD,1d,2,0.25,0.75,20,50,0.6127295292917184,1.8974028721014542,0.6012081174768118,0.07082232129282258,8.488963740556477,0.17142857142857143,0.23061152720231562,-0.02516816014656431,0.09829950332641602
GLD,1d,2,0.25,1.0,8,21,1.0555831699323557,0.8257664186172642,1.0437709726769262,0.043302180577368,24.104351299630757,0.8571428571428571,1.276927741850795,-0.09375992399199395,0.1071023941040039
GLD,1d,2,0.25,1.0,9,21,1.0415879241946693,0.6861465425861668,1.0299947554751108,0.03942199806525778,26.127411243085497,0.8571428571428571,1.2728026106234285,-0.09985679581084439,0.10998225212097168
GLD,1d,2,0.25,1.0,10,30,0.9360648322755442,0.9338850133969268,0.8871601364040471,0.053899763032071245,16.4594440958149,0.6857142857142857,1.471920121919569,-0.09747085723698956,0.1045832633972168
GLD,1d,2,0.25,1.0,12,26,0.9007295519165189,0.7699361235133952,0.8778734669106308,0.04919930231901094,17.843209670300844,0.7714285714285715,1.4815636639745111,-0.09747085723698956,0.13116121292114258
GLD,1d,2,0.25,1.0,20,50,0.7041471826211073,2.1818823187086918,0.6946046557101607,0.07207320456847172,9.637488160392055,0.17142857142857143,0.2348552336513068,-0.03503587696987742,0.0999605655670166
GLD,1d,2,0.4,0.0,8,21,0.4047160679949822,0.4624944364833925,0.3263722056772346,0.13051981638112692,2.5005567332718663,0.37142857142857144,0.22098572353384005,-0.04913228347337806,0.13221311569213867
GLD,1d,2,0.4,0.0,9,21,0.29886657143335005,0.30583477041653917,0.33729689729458023,0.21548675846929727,1.565278997607821,0.37142857142857144,0.23028719092776048,-0.04913228347337806,0.10483527183532715
GLD,1d,2,0.4,0.0,10,30,0.43998980943673915,0.5256736132025244,0.43960717023672213,0.13897311161361556,3.1632534173873434,0.3142857142857143,0.5737502604267445,-0.03114537134673634,0.10173892974853516
GLD,1d,2,0.4,0.0,12,26,0.4235601121375279,0.49474965444192054,0.44041256123806904,0.19751893129925624,2.2297232895150207,0.3142857142857143,0.45366250034674643,-0.04380385160666589,0.10217809677124023
GLD,1d,2,0.4,0.0,20,50,0.5190449420544202,0.6738383641790817,0.5244605196992111,0.17518514700271318,2.993749919284473,0.05714285714285714,0.03271741310120222,-0.00865343111214345,0.10116791725158691
GLD,1d,2,0.4,0.25,8,21,0.43034128964706087,0.6674108162714032,0.41967096048331554,0.04587400446477821,9.148339356454839,0.8285714285714286,0.9633372034327821,-0.05558928975415123,0.11054706573486328
GLD,1d,2,0.4,0.25,9,21,0.4107031445313175,0.4493588352099478,0.40983064429983534,0.043644283915706676,9.390247875102512,0.8285714285714286,0.9673295724925185,-0.057975792655882596,0.11550641059875488
GLD,1d,2,0.4,0.25,10,30,0.40447796410889103,0.7536480808598134,0.39370556454981986,0.04706735052439281,8.364727569396129,0.6857142857142857,1.3228758905222366,-0.021041471566715653,0.10363888740539551
GLD,1d,2,0.4,0.25,12,26,0.39355747171762423,0.7153348926526293,0.3941222933698339,0.05945558366038835,6.628852482906726,0.7714285714285715,1.2736565393337007,-0.05543776138129719,0.11241865158081055
GLD,1d,2,0.4,0.25,20,50,0.3728434391435179,0.9712494574538255,0.3768190192009596,0.07672853026482783,4.911067863549219,0.17142857142857143,0.2189003018798119,-0.00865343111214345,0.10032391548156738
GLD,1d,2,0.4,0.5,8,21,0.6822808817277302,0.8200829358063997,0.6737895567918765,0.04183068196977385,16.107544153326153,0.8571428571428571,1.089807704912572,-0.067398305240562,0.10738778114318848
GLD,1d,2,0.4,0.5,9,21,0.6697664471537561,0.541339065482578,0.6583504718444431,0.03854419355539024,17.080405921539267,0.8571428571428571,1.090381280391435,-0.07204193037298479,0.1068413257598877
GLD,1d,2,0.4,0.5,10,30,0.6155943899956614,0.9298931437069204,0.5883861215202402,0.0476382853753148,12.351118787854821,0.6857142857142857,1.3858207379070373,-0.04651793345680666,0.1078348159790039
GLD,1d,2,0.4,0.5,12,26,0.5960259879877177,0.8835099394156984,0.5847457124553611,0.04948088620157713,11.817607915775833,0.7714285714285715,1.3601689531193415,-0.06700365687378695,0.11137199401855469
GLD,1d,2,0.4,0.5,20,50,0.4875182471428127,1.2223406212290877,0.4910859108275183,0.06867332223827186,7.1510434448420295,0.17142857142857143,0.2253503679961238,-0.015300443323250756,0.10320234298706055
GLD,1d,2,0.4,0.75,8,21,0.8907630424764422,0.9261167220514768,0.8816456972817468,0.04161419903083233,21.18617485893523,0.8571428571428571,1.193675368951889,-0.08062613573362343,0.13061094284057617
GLD,1d,2,0.4,0.75,9,21,0.8809202076060045,0.5903368164935425,0.8625347742991378,0.03988209403114823,21.62711851653254,0.8571428571428571,1.1916218308160236,-0.08600226475797212,0.10410857200622559
GLD,1d,2,0.4,0.75,10,30,0.7947558590161625,1.0596855678641903,0.7547199635754586,0.050419265501632615,14.96888056711219,0.6857142857142857,1.433957947237979,-0.07199439534689833,0.10183358192443848
GLD,1d,2,0.4,0.75,12,26,0.7679859131993937,1.0044507929415025,0.7483484466341466,0.04832813677296494,15.484736151731331,0.7714285714285715,1.427827561161655,-0.07850153808413507,0.10786819458007812
GLD,1d,2,0.4,0.75,20,50,0.599132602755737,1.4295278474162316,0.6024290270264732,0.06892227667743273,8.740701208202063,0.17142857142857143,0.23061152720231562,-0.02516816014656431,0.10372471809387207
GLD,1d,2,0.4,1.0,8,21,1.058785453819717,0.9910088504580237,1.048680524824357,0.042219432489701225,24.838811489949947,0.8571428571428571,1.276927741850795,-0.09375992399199395,0.11265301704406738
GLD,1d,2,0.4,1.0,9,21,1.0504717863892536,0.6039725804237568,1.0268372082663082,0.04214125827793918,24.366553117467173,0.8571428571428571,1.2728026106234285,-0.09985679581084439,0.11370706558227539
GLD,1d,2,0.4,1.0,10,30,0.9400522182262858,1.1481372417492994,0.8898162265636638,0.05323675424960412,16.714321507875937,0.6857142857142857,1.471920121919569,-0.09747085723698956,0.10662078857421875
GLD,1d,2,0.4,1.0,12,26,0.9074586997866815,1.0832922530632687,0.8813688260546124,0.049246180220685457,17.89720181555118,0.7714285714285715,1.4815636639745111,-0.09747085723698956,0.10497593879699707
GLD,1d,2,0.4,1.0,20,50,0.6926085824816507,1.5953782171391624,0.6956785464159373,0.0704695376890962,9.87204640798403,0.17142857142857143,0.2348552336513068,-0.03503587696987742,0.09984087944030762
GLD,1d,2,0.55,0.0,8,21,0.35194575225479857,0.3803727197740734,0.31772669429214473,0.13281197709413117,2.3923045288826197,0.37142857142857144,0.2741900669744299,-0.04585821109139898,0.11248636245727539
GLD,1d,2,0.55,0.0,9,21,0.3479810157406981,0.3776809103952967,0.3315223579551219,0.19787268705962363,1.675432637427249,0.37142857142857144,0.24281905296693854,-0.04634288269334963,0.10802102088928223
GLD,1d,2,0.55,0.0,10,30,0.4172318673534572,0.48985661311551065,0.4448839790694493,0.15206727872936135,2.9255733566536857,0.3142857142857143,0.6021628276168524,-0.034378239629575535,0.10298466682434082
GLD,1d,2,0.55,0.0,12,26,0.5214578663148607,0.6611648836301232,0.44757661720849323,0.21761974806996398,2.056691183488545,0.34285714285714286,0.42355267302877836,-0.04449753617559882,0.11355257034301758
GLD,1d,2,0.55,0.0,20,50,0.4876311015861027,0.6210663861476569,0.49085306325926775,0.16985916154105998,2.8897650194782933,0.05714285714285714,0.03271741310120222,-0.00865343111214345,0.10624980926513672
GLD,1d,2,0.55,0.25,8,21,0.4251080783990936,0.5505392210108717,0.42022369246070584,0.04175507305437567,10.064015261414303,0.8571428571428571,1.0197585156103306,-0.047828101423924574,0.10785627365112305
GLD,1d,2,0.55,0.25,9,21,0.42252710037119173,0.5502651652597592,0.41186210853326094,0.044246497379597204,9.308355077235502,0.8571428571428571,1.0175907169134202,-0.05174793460314908,0.11134982109069824
GLD,1d,2,0.55,0.25,10,30,0.4000108317970543,0.7030345110875444,0.3994408653689255,0.04538279249280578,8.801592926046718,0.6857142857142857,1.2419762171853839,-0.01583987233360795,0.11246919631958008
GLD,1d,2,0.55,0.25,12,26,0.4173908409728892,0.9591669795083466,0.39971073110666244,0.05615928336839406,7.117447145552716,0.7714285714285715,1.1865014670560585,-0.04919312403734355,0.11473894119262695
GLD,1d,2,0.55,0.25,20,50,0.36829241479684444,0.8931168616738272,0.3671585118899442,0.0776082331868259,4.7309221820072285,0.17142857142857143,0.2171268956846051,-0.015814863813096047,0.10271811485290527
GLD,1d,2,0.55,0.5,8,21,0.686498756020081,0.6672194227406096,0.6775702906685267,0.03943275461043428,17.182930722502334,0.8571428571428571,1.1354631983829728,-0.059957364620702114,0.11998581886291504
GLD,1d,2,0.55,0.5,9,21,0.6811784077128156,0.6717343830028648,0.6646115305085022,0.04000672182713904,16.61249660444948,0.8571428571428571,1.1343118022526628,-0.0646253704468095,0.11871886253356934
GLD,1d,2,0.55,0.5,10,30,0.6130539270004872,0.8651626280279077,0.5984995514947544,0.04408153213189955,13.577104119338241,0.6857142857142857,1.304627642875211,-0.03246460883079327,0.11533713340759277
GLD,1d,2,0.55,0.5,12,26,0.615853137495566,1.2118100342848561,0.5949529883342471,0.04456423867427935,13.350457811761736,0.7714285714285715,1.2754910953791068,-0.05954682933363831,0.10756826400756836
GLD,1d,2,0.55,0.5,20,50,0.4961254613069846,1.116041213242219,0.4886639504914957,0.07119227096297502,6.86400284583751,0.17142857142857143,0.22354820600503647,-0.036064717949568115,0.10294604301452637
GLD,1d,2,0.55,0.75,8,21,0.9008227332938755,0.7376756593667106,0.8877171707356991,0.04090437043448006,21.702257272425932,0.8571428571428571,1.2352835193476412,-0.0720114315544309,0.11635994911193848
GLD,1d,2,0.55,0.75,9,21,0.8933563405282299,0.7493224454124767,0.8718774568956258,0.041898759017871025,20.809147510162415,0.8571428571428571,1.234451321382538,-0.07741578718002651,0.11663603782653809
GLD,1d,2,0.55,0.75,10,30,0.7930159085606817,0.9817163579104149,0.7683217247944667,0.04700099086602952,16.346926110227596,0.6857142857142857,1.3556503663518777,-0.050914408407877976,0.10947346687316895
GLD,1d,2,0.55,0.75,12,26,0.7876069597533606,1.4211245888607595,0.7621883725311913,0.04240471867938476,17.97414052652901,0.7714285714285715,1.3470518930190227,-0.06984459553792999,0.1068110466003418
GLD,1d,2,0.55,0.75,20,50,0.6164025141492792,1.2931983375404048,0.603966070175451,0.0718300950754958,8.408259372908566,0.17142857142857143,0.228841789295386,-0.056314572086040404,0.10197091102600098
GLD,1d,2,0.55,1.0,8,21,1.0731615555469176,0.7687500595363017,1.056505837442527,0.04299035781950061,24.57541390742487,0.8571428571428571,1.3163413264169663,-0.08399030222511106,0.12110114097595215
GLD,1d,2,0.55,1.0,9,21,1.0639859819117754,0.7896385786545337,1.038570027796344,0.04458250015516579,23.295464009009926,0.8571428571428571,1.3156568901568493,-0.0901191848027999,0.11768865585327148
GLD,1d,2,0.55,1.0,10,30,0.9387766073315489,1.057963479046911,0.9061901392012439,0.05041890691672899,17.973220655058867,0.6857142857142857,1.3966132024076232,-0.06936420798496246,0.10785269737243652
GLD,1d,2,0.55,1.0,12,26,0.9275126454099103,1.5894274299293345,0.8980829344774891,0.04270193690019194,21.03143322460046,0.7714285714285715,1.4043402902509075,-0.08008642265021859,0.10672760009765625
GLD,1d,2,0.55,1.0,20,50,0.7163792511287852,1.4280332933504876,0.6999717934265229,0.07345019014806957,9.529884020932242,0.17142857142857143,0.23314960193416745,-0.07656442622251214,0.09988737106323242
GLD,1d,2,0.7,0.0,8,21,0.32761196059836123,0.34640967235320974,0.3100773967550925,0.12632409651896365,2.454617965215718,0.37142857142857144,0.28836644615792995,-0.042530482744360665,0.10640311241149902
GLD,1d,2,0.7,0.0,9,21,0.32827567874302943,0.3462296991760261,0.3193520198466811,0.1714634304463336,1.8625080520982298,0.37142857142857144,0.28360015659369814,-0.03630812260128524,0.11184406280517578
GLD,1d,2,0.7,0.0,10,30,0.37579723309634855,0.4230804742740024,0.43948433091992306,0.15704046380699002,2.7985419825305,0.3142857142857143,0.6021628276168524,-0.034378239629575535,0.1071007251739502
GLD,1d,2,0.7,0.0,12,26,0.5330689014871991,0.6813753027337437,0.4511778674217791,0.1880152408553257,2.3996877347244006,0.34285714285714286,0.4638747671981951,-0.04449753617559882,0.1056971549987793
GLD,1d,2,0.7,0.0,20,50,0.4660310982747013,0.5833583011993362,0.4474672706426851,0.17635045477700892,2.537375201036465,0.05714285714285714,0.03271741310120222,-0.00865343111214345,0.09732484817504883
GLD,1d,2,0.7,0.25,8,21,0.43115589865332765,0.5077480133450125,0.42238059107855175,0.04076099607732265,10.362371672107956,0.8571428571428571,1.0236226840608258,-0.03956069168414422,0.10685181617736816
GLD,1d,2,0.7,0.25,9,21,0.4214979637476589,0.5052876569329148,0.4113907137310523,0.04236771029499214,9.710005824404409,0.8571428571428571,1.0261021790428893,-0.047828101423924574,0.10969853401184082
GLD,1d,2,0.7,0.25,10,30,0.3939014947775674,0.6083396548544275,0.40274209958534035,0.046838064822046964,8.598606733977771,0.6857142857142857,1.2419367698503716,-0.01583987233360795,0.11053347587585449
GLD,1d,2,0.7,0.25,12,26,0.4221085549629728,0.9890473946094018,0.4050925584185053,0.0526237924903893,7.697897457551876,0.7714285714285715,1.1899420132934762,-0.04881830849668278,0.11090350151062012
GLD,1d,2,0.7,0.25,20,50,0.3625054214060566,0.8387753956432378,0.3562508648718263,0.06762700286837488,5.267878950146756,0.17142857142857143,0.2171268956846051,-0.015814863813096047,0.1025841236114502
GLD,1d,2,0.7,0.5,8,21,0.7052166869511894,0.6168590109286951,0.6843856406149191,0.03937796176279678,17.379915312465663,0.8571428571428571,1.143923928660912,-0.04845799516318261,0.11408185958862305
GLD,1d,2,0.7,0.5,9,21,0.6847513352011161,0.6125881303378384,0.6674557741138725,0.04126399074250469,16.175259884070012,0.8571428571428571,1.1438064983776697,-0.059957364620702114,0.137847900390625
GLD,1d,2,0.7,0.5,10,30,0.6136121839015592,0.74163964499006,0.6058915612352158,0.04114389898602648,14.726158097972,0.6857142857142857,1.3045885328604783,-0.03246460883079327,0.1087956428527832
GLD,1d,2,0.7,0.5,12,26,0.6233021628089198,1.2523827050358904,0.6054459846251783,0.03899717739313459,15.525379658163834,0.7714285714285715,1.277434066141978,-0.05485347894637238,0.10549783706665039
GLD,1d,2,0.7,0.5,20,50,0.4928738565474939,1.0440828709285306,0.4872591958890406,0.06579968975799681,7.405189867628862,0.17142857142857143,0.22354820600503647,-0.036064717949568115,0.10218667984008789
GLD,1d,2,0.7,0.75,8,21,0.9286735391399586,0.6812656066739635,0.8978315502129013,0.04185424123345191,21.451387571573306,0.8571428571428571,1.2479594951403514,-0.058698105835990444,0.1160135269165039
GLD,1d,2,0.7,0.75,9,21,0.899822707490619,0.6759779018658703,0.8768885024516336,0.04429616790439153,19.796035276557156,0.8571428571428571,1.2455080158353167,-0.0720114315544309,0.10725569725036621
GLD,1d,2,0.7,0.75,10,30,0.7973501704281228,0.8297350574372726,0.7787805727657986,0.042320718772612995,18.401874905531397,0.6857142857142857,1.3556129440509552,-0.050914408407877976,0.10328388214111328
GLD,1d,2,0.7,0.75,12,26,0.797460976330127,1.473024689472397,0.7766139569409366,0.0346059829809277,22.441609515006398,0.7714285714285715,1.3484587012795757,-0.06439588904270643,0.10974693298339844
GLD,1d,2,0.7,0.75,20,50,0.6141720911360812,1.203379527285291,0.6080043991313504,0.07003153381945816,8.68186609619019,0.17142857142857143,0.228841789295386,-0.056314572086040404,0.10752725601196289
GLD,1d,2,0.7,1.0,8,21,1.1081036780659235,0.7079405858005832,1.069158302922339,0.044893554340374675,23.815407771373533,0.8571428571428571,1.332501587061118,-0.06889214516446174,0.1242983341217041
GLD,1d,2,0.7,1.0,9,21,1.0725796437859563,0.7025714855261878,1.0451946549688305,0.04754396233673313,21.98375153434148,0.8571428571428571,1.3281235614925515,-0.08399030222511106,0.12104463577270508
GLD,1d,2,0.7,1.0,10,30,0.9458051416386781,0.8789155603141448,0.9190388002082838,0.04517766585838472,20.342768550485335,0.6857142857142857,1.3965779504053664,-0.06936420798496246,0.11457300186157227
GLD,1d,2,0.7,1.0,12,26,0.9393148858418798,1.6529280670147424,0.915604854719415,0.03355961851541858,27.282933931407797,0.7714285714285715,1.4054600028167101,-0.07388996020917171,0.11835122108459473
GLD,1d,2,0.7,1.0,20,50,0.7147279062827228,1.320736807759618,0.7078870552850108,0.07436623383621521,9.518931089667213,0.17142857142857143,0.23314960193416745,-0.07656442622251214,0.10791683197021484
GLD,1d,2,0.85,0.0,8,21,0.26982027350244775,0.26576619704414006,0.28703653821074354,0.12884375897627032,2.2277876747107963,0.37142857142857144,0.13652206986065077,-0.0402457117342242,0.10744810104370117
GLD,1d,2,0.85,0.0,9,21,0.2537228152146997,0.24353276980392558,0.2724551861443946,0.17542291682635502,1.5531333709043753,0.3142857142857143,0.09366792718210672,-0.0344954715854453,0.1068875789642334
GLD,1d,2,0.85,0.0,10,30,0.3409990636555029,0.3699303933470719,0.410221162107043,0.15187979566867,2.7009594021442584,0.2857142857142857,0.4182887603384378,-0.037158426245197496,0.1058347225189209
GLD,1d,2,0.85,0.0,12,26,0.38765663334878075,0.43938413117778885,0.4169651507691244,0.1658866586501851,2.513554460388543,0.2857142857142857,0.35220411850886657,-0.037158426245197496,0.10366559028625488
GLD,1d,2,0.85,0.0,20,50,0.4410170660096927,0.5397146800731283,0.40059724917905537,0.15125526422344213,2.6484846741418027,0.05714285714285714,0.03269685662651892,-0.014758550417404148,0.1006932258605957
GLD,1d,2,0.85,0.25,8,21,0.4241854951337629,0.3956622080733452,0.4237180237437479,0.041387592276012956,10.237803178256458,0.8571428571428571,0.996478183488677,-0.03675485836727643,0.11162877082824707
GLD,1d,2,0.85,0.25,9,21,0.4132399030447635,0.3630866720119361,0.4079105223373837,0.04174792510052908,9.770797503232421,0.8571428571428571,0.9983731884194142,-0.046425372183577895,0.11289238929748535
GLD,1d,2,0.85,0.25,10,30,0.3927054719906069,0.537327288602651,0.40100713928974424,0.04408974079313644,9.095248283976531,0.6857142857142857,1.191987765276499,-0.022388677461001483,0.11090993881225586
GLD,1d,2,0.85,0.25,12,26,0.40242812766550734,0.6394809654095059,0.4022084116661662,0.05103820139958437,7.880536551772798,0.7714285714285715,1.2103961361265554,-0.043860000679822875,0.12261629104614258
GLD,1d,2,0.85,0.25,20,50,0.35857663829667186,0.7830987920587995,0.344740486067596,0.05771677219091521,5.972968913217555,0.2,0.2685195909501168,-0.024188732020388737,0.10590553283691406
GLD,1d,2,0.85,0.5,8,21,0.7050153921873494,0.4736431984647793,0.6927531561915766,0.039841442458176904,17.387752888685853,0.8571428571428571,1.1268123798146195,-0.046763160927028036,0.11470508575439453
GLD,1d,2,0.85,0.5,9,21,0.6871714150497663,0.4315597839013059,0.6720219028705064,0.03959719977645306,16.97145016982065,0.8571428571428571,1.1264968654147798,-0.05828301242837941,0.11310625076293945
GLD,1d,2,0.85,0.5,10,30,0.6216532300631189,0.6528281980035953,0.613200690449643,0.040330413410256775,15.204423624720262,0.6857142857142857,1.261467203086006,-0.0425125807030905,0.1114497184753418
GLD,1d,2,0.85,0.5,12,26,0.6280695745005567,0.7890949481013496,0.6124826703312596,0.041093740118622275,14.904524839142189,0.7714285714285715,1.299203161629319,-0.0531791267540499,0.11165213584899902
GLD,1d,2,0.85,0.5,20,50,0.49651493453676154,0.9779672145649576,0.4877323793797719,0.065555961659686,7.439939359164425,0.2,0.2754785880826156,-0.046112689821865005,0.1073296070098877
GLD,1d,2,0.85,0.75,8,21,0.9321097171280314,0.5087572178797386,0.9110112041183045,0.041954265075791156,21.714388333880855,0.8571428571428571,1.2367963402938824,-0.05672719091943068,0.11700606346130371
GLD,1d,2,0.85,0.75,9,21,0.9085002159725541,0.4585893681917068,0.8863789240562208,0.04185299889788593,21.17838499981404,0.8571428571428571,1.2342908474032168,-0.07006839231984996,0.11651182174682617
GLD,1d,2,0.85,0.75,10,30,0.8113176341969046,0.723845701418568,0.792051871362632,0.04090814173160295,19.361717199457747,0.6857142857142857,1.3177833352860242,-0.06263648394517918,0.11079716682434082
GLD,1d,2,0.85,0.75,12,26,0.8165211854173864,0.8939714386498314,0.7900945073285333,0.03843044637272092,20.559077031417623,0.7714285714285715,1.370494130352483,-0.06263648394517918,0.10354804992675781
GLD,1d,2,0.85,0.75,20,50,0.6225093473946874,1.1284440191378056,0.6154118995019753,0.07413958065047276,8.300719994671983,0.2,0.28098679641269114,-0.0680366476233416,0.10065245628356934
GLD,1d,2,0.85,1.0,8,21,1.1140621174092165,0.5090844839039281,1.0859920085120236,0.04458760311614179,24.356366626912678,0.8571428571428571,1.3255823231472448,-0.06664694834448515,0.10948944091796875
GLD,1d,2,0.85,1.0,9,21,1.085784573825928,0.45256245659855754,1.0582890951721111,0.04455575364870421,23.752018729524703,0.8571428571428571,1.3212240215624174,-0.08178151185798943,0.11166167259216309
GLD,1d,2,0.85,1.0,10,30,0.9641999984210575,0.7571816596734631,0.9367988420809613,0.04252581438311913,22.028945375184374,0.6857142857142857,1.3629418439742127,-0.08276038718726819,0.1389157772064209
GLD,1d,2,0.85,1.0,12,26,0.9687061790473044,0.9595879963064033,0.933910680120178,0.038237474618152544,24.423963387917382,0.7714285714285715,1.4275464017314563,-0.08276038718726819,0.10528397560119629
GLD,1d,2,0.85,1.0,20,50,0.7264847424621537,1.2385878423626742,0.7202450752183756,0.08118735477222679,8.871394778645538,0.2,0.28542598379818496,-0.08996060542481776,0.11777162551879883
GLD,1d,2,1.0,0.0,8,21,0.27174717562714196,0.2691012965160213,0.2758026894358861,0.16084633758185463,1.7146967321872046,0.37142857142857144,0.1410177990020478,-0.0402457117342242,0.11559867858886719
GLD,1d,2,1.0,0.0,9,21,0.2716906768380312,0.2686010066818709,0.28680785671014697,0.16248997805070817,1.7650802846477276,0.34285714285714286,0.128072647002381,-0.03491367068125839,0.11682987213134766
GLD,1d,2,1.0,0.0,10,30,0.3386225360457298,0.36710577874966877,0.400181781135829,0.16676771895012898,2.399635754779984,0.2857142857142857,0.4152391840616775,-0.037158426245197496,0.10254716873168945
GLD,1d,2,1.0,0.0,12,26,0.3652781985377739,0.40706592693588495,0.4200990345721041,0.16067570587158075,2.614577183857939,0.3142857142857143,0.36863930828614977,-0.03720821427784293,0.10292530059814453
GLD,1d,2,1.0,0.0,20,50,0.45985771932139535,0.5732992090128703,0.3631992300181482,0.18384947596143605,1.9755249674703028,0.05714285714285714,0.03269685662651892,-0.014758550417404148,0.10043787956237793
GLD,1d,2,1.0,0.25,8,21,0.42777964828988024,0.40044713233898066,0.4190080461875554,0.03731687595864631,11.228379531338323,0.8571428571428571,0.9988584825556586,-0.036714877835121396,0.11762118339538574
GLD,1d,2,1.0,0.25,9,21,0.4215186399821933,0.39610697276360796,0.41426477921539095,0.03972995226340811,10.427014270463525,0.8571428571428571,1.0064529770208157,-0.046385793036565315,0.10751175880432129
GLD,1d,2,1.0,0.25,10,30,0.39481163744172626,0.53346856069945,0.40376780418924874,0.04521245666328395,8.930454878757779,0.6857142857142857,1.188668400118948,-0.022388677461001483,0.10146379470825195
GLD,1d,2,1.0,0.25,12,26,0.39795203091498066,0.5934941153057487,0.4061220102146087,0.048084458057320124,8.446014089011507,0.7714285714285715,1.210366425255774,-0.046425372183577895,0.11023306846618652
GLD,1d,2,1.0,0.25,20,50,0.3640679999330783,0.8326835528833303,0.3386024853104151,0.057856749806813754,5.852428393247525,0.2,0.2685195909501168,-0.024188732020388737,0.10715651512145996
GLD,1d,2,1.0,0.5,8,21,0.7112431886633439,0.47992071493873234,0.6936059975953937,0.034672513741212475,20.004491245495103,0.8571428571428571,1.1299213710309963,-0.04668345373405913,0.1162867546081543
GLD,1d,2,1.0,0.5,9,21,0.6997197532784248,0.4715358952067503,0.6818303817586138,0.03756234364296265,18.151965922029348,0.8571428571428571,1.131313939214705,-0.058204268495524736,0.12004876136779785
GLD,1d,2,1.0,0.5,10,30,0.6271421108591184,0.6479850503422129,0.6219417823717335,0.04118789509748325,15.100110867518856,0.6857142857142857,1.2610360101246558,-0.0425125807030905,0.11643648147583008
GLD,1d,2,1.0,0.5,12,26,0.6251480124744865,0.728894435107996,0.6208735023988312,0.040612921393402265,15.287585357001545,0.7714285714285715,1.2990418778995036,-0.05828301242837941,0.11728644371032715
GLD,1d,2,1.0,0.5,20,50,0.49987665275718374,1.045321029492528,0.4898543866500159,0.06404476917585723,7.648624438085646,0.2,0.2754785880826156,-0.046112689821865005,0.1110084056854248
GLD,1d,2,1.0,0.75,8,21,0.9403816785175836,0.5164840908258417,0.9159759393232131,0.03697415342460217,24.773412086123205,0.8571428571428571,1.2415597473947846,-0.056608010936989306,0.1153860092163086
GLD,1d,2,1.0,0.75,9,21,0.9248538504353238,0.5042001089081409,0.8991922058680955,0.039678971463110585,22.66168130653466,0.8571428571428571,1.2379454148029319,-0.06995089796232334,0.11878538131713867
GLD,1d,2,1.0,0.75,10,30,0.8193603807482168,0.7181193772826964,0.8051686951737407,0.042397355953929926,18.991011987838533,0.6857142857142857,1.3197839952113959,-0.06263648394517918,0.10969662666320801
GLD,1d,2,1.0,0.75,12,26,0.8142115063520933,0.8196259594060562,0.80204031462101,0.03873687291321069,20.704828611694282,0.7714285714285715,1.370288976729937,-0.07006839231984996,0.10646843910217285
GLD,1d,2,1.0,0.75,20,50,0.6250466112570615,1.2147759154043682,0.6225161712142524,0.07413661846137977,8.396878413581026,0.2,0.28098679641269114,-0.0680366476233416,0.10171771049499512
GLD,1d,2,1.0,1.0,8,21,1.1239406350815535,0.5181467410373606,1.0942034212158243,0.04002517982714885,27.33787645530158,0.8571428571428571,1.3318897256299727,-0.06648854944391158,0.12119364738464355
GLD,1d,2,1.0,1.0,9,21,1.1052549422269489,0.5023447540438997,1.0735446365441519,0.042369308063244064,25.337790150872586,0.8571428571428571,1.3242482328014755,-0.08162568143696058,0.11812829971313477
GLD,1d,2,1.0,1.0,10,30,0.9742437260980861,0.7507078137393384,0.953319092970015,0.044616154339288214,21.367128276462385,0.6857142857142857,1.3669178251449516,-0.08276038718726819,0.11733675003051758
GLD,1d,2,1.0,1.0,12,26,0.9667577808233444,0.8716622950471207,0.9486827278078526,0.03848325427203574,24.65183222556162,0.7714285714285715,1.427329780184921,-0.08276038718726819,0.11244916915893555
GLD,1d,2,1.0,1.0,20,50,0.7285521649053175,1.34459452330477,0.7309886104179324,0.08289838871624546,8.817886833965469,0.2,0.28542598379818496,-0.08996060542481776,0.1047062873840332
GLD,1d,3,0.0,0.0,8,21,0.3897732815167597,0.4359618494551394,0.3311329937319378,0.22959154695259718,1.442269970855266,0.3142857142857143,0.08160948798906943,-0.058789397698555734,0.11699151992797852
GLD,1d,3,0.0,0.0,9,21,0.30891231212179243,0.3193342872024194,0.3521739513276117,0.22094144530169046,1.5939696187228534,0.3142857142857143,0.05955106238582183,-0.052943181008744844,0.11471271514892578
GLD,1d,3,0.0,0.0,10,30,0.3524730573773379,0.3836678796393962,0.4076452567168557,0.1788756491145168,2.2789309709555816,0.3142857142857143,0.5859471685067463,-0.023606383894972494,0.09906482696533203
GLD,1d,3,0.0,0.0,12,26,0.2889782657945006,0.28699497302946453,0.40206947718704916,0.20911649379099256,1.922705712486309,0.2571428571428571,0.2616441799261366,-0.03866714809234806,0.10267806053161621
GLD,1d,3,0.0,0.0,20,50,0.5657892221724292,0.7751381753678672,0.5728932976045817,0.21613809257700717,2.650589217171274,0.02857142857142857,-0.07543790763150715,-0.00865343111214345,0.10393762588500977
GLD,1d,3,0.0,0.25,8,21,0.4119519855761677,0.6312762318616361,0.4080504902853561,0.056662682604453854,7.201397313534219,0.8285714285714286,1.0372249875463768,-0.05937430883251105,0.1027674674987793
GLD,1d,3,0.0,0.25,9,21,0.39549841936209124,0.46753243930592814,0.4099141652641727,0.05339388702809705,7.677174075160827,0.8285714285714286,1.0362479825131303,-0.05937430883251105,0.10399293899536133
GLD,1d,3,0.0,0.25,10,30,0.37170041835726847,0.5530170488612483,0.3839012837040413,0.05716149254933169,6.716082218684644,0.6857142857142857,1.3512237205555198,-0.023141522556086258,0.10038447380065918
GLD,1d,3,0.0,0.25,12,26,0.35739544221952074,0.4167471723550611,0.376445471267195,0.058003546429045386,6.490042324010196,0.7714285714285715,1.3580205020572726,-0.04444947128552679,0.10242462158203125
GLD,1d,3,0.0,0.25,20,50,0.3876010713761974,1.1256900274691857,0.37623960436699877,0.09587279971164642,3.924362337374132,0.17142857142857143,0.21983441546162708,-0.00865343111214345,0.09656953811645508
GLD,1d,3,0.0,0.5,8,21,0.6466937624327564,0.772989962531107,0.6457512774839973,0.049357977173608326,13.083017466714175,0.8571428571428571,1.165420278024118,-0.06654203732600417,0.10796618461608887
GLD,1d,3,0.0,0.5,9,21,0.6359253089533528,0.5626913693509143,0.6377369575692594,0.04569503275815984,13.956373791096095,0.8571428571428571,1.1643240242901323,-0.06580543665627736,0.10964179039001465
GLD,1d,3,0.0,0.5,10,30,0.5726024370366802,0.6689160427129839,0.5689696333546446,0.0467550869878729,12.169149284274052,0.6857142857142857,1.4031996243213651,-0.045750267794973154,0.10400247573852539
GLD,1d,3,0.0,0.5,12,26,0.5638085678790393,0.49190854706817855,0.5579746290667875,0.04786134591576043,11.658147475603064,0.7714285714285715,1.4376107964636085,-0.05262116868616096,0.10420894622802734
GLD,1d,3,0.0,0.5,20,50,0.4898135614254515,1.439450869338251,0.4721427295760624,0.07866273999891256,6.002113956144794,0.17142857142857143,0.22667483517159334,-0.00865343111214345,0.09900712966918945
GLD,1d,3,0.0,0.75,8,21,0.8415791388827899,0.8673929368192577,0.8413205255346208,0.05127518884369011,16.40794591901641,0.8571428571428571,1.2656313311913112,-0.07886193956222642,0.11316704750061035
GLD,1d,3,0.0,0.75,9,21,0.8331337949606205,0.6135111222296665,0.8263604418960299,0.04793091181447169,17.240657659396508,0.8571428571428571,1.264521651711293,-0.07372868856161674,0.11890816688537598
GLD,1d,3,0.0,0.75,10,30,0.7412691711805504,0.7390377571389595,0.7270051143146252,0.04260451847820343,17.06403781295082,0.6857142857142857,1.4447673428739862,-0.06837540169245981,0.10373640060424805
GLD,1d,3,0.0,0.75,12,26,0.7344434372382335,0.5221024603564772,0.7134541770861451,0.04722549581506852,15.107394105082092,0.7714285714285715,1.497277510915605,-0.06837540169245981,0.10762882232666016
GLD,1d,3,0.0,0.75,20,50,0.5949783371333911,1.7169990708345093,0.5727407452430946,0.074100685083057,7.7292233479505414,0.17142857142857143,0.23201113490239159,-0.00865343111214345,0.11497163772583008
GLD,1d,3,0.0,1.0,8,21,0.9988123348033159,0.9205305154810253,0.9987243674166217,0.054624179320755785,18.283558303952994,0.8571428571428571,1.344946017840659,-0.09747085723698956,0.11001300811767578
GLD,1d,3,0.0,1.0,9,21,0.9917613801087983,0.6277739230433341,0.9783800310311037,0.051971213645714574,18.825422044223874,0.8571428571428571,1.3438606750675184,-0.09747085723698956,0.11071181297302246
GLD,1d,3,0.0,1.0,10,30,0.8777264615622117,0.7704373723094837,0.8553529943248479,0.0403258304647065,21.2110447439752,0.6857142857142857,1.478065293802773,-0.09100053558994636,0.10710310935974121
GLD,1d,3,0.0,1.0,12,26,0.8719778367199623,0.5159341571405867,0.839839776054718,0.0486852319043389,17.250401060118403,0.7714285714285715,1.544120435069627,-0.09100053558994636,0.10822415351867676
GLD,1d,3,0.0,1.0,20,50,0.6840695944602045,1.9591058962839933,0.6583516747874638,0.07228305592717497,9.10796681660432,0.17142857142857143,0.23624028399707617,-0.00865343111214345,0.10244536399841309
GLD,1d,3,0.1,0.0,8,21,0.3926117070056047,0.4388426998711139,0.3113899197768366,0.2203178467447703,1.4133667534322345,0.3142857142857143,0.1312948021975611,-0.052943181008744844,0.10672807693481445
GLD,1d,3,0.1,0.0,9,21,0.2712567956890027,0.2667041963134402,0.33438704362404864,0.24140731981197358,1.3851570196152079,0.3142857142857143,0.08777634264096401,-0.052943181008744844,0.10690712928771973
GLD,1d,3,0.1,0.0,10,30,0.2942719352297657,0.29967821617600054,0.42248259359246976,0.16684435277927867,2.532195945231538,0.3142857142857143,0.5859471685067463,-0.023606383894972494,0.10181665420532227
GLD,1d,3,0.1,0.0,12,26,0.2668101720098561,0.25809156744035766,0.4101344489098765,0.22908254777196518,1.7903347631620334,0.2571428571428571,0.2949304609517756,-0.03866714809234806,0.10216593742370605
GLD,1d,3,0.1,0.0,20,50,0.5684724636071127,0.781849054346965,0.5636210290913322,0.21323828135059486,2.643151246209197,0.02857142857142857,-0.07543790763150715,-0.00865343111214345,0.0968315601348877
GLD,1d,3,0.1,0.25,8,21,0.41194080615560374,0.6355360381765807,0.4069826818602045,0.05615773005771849,7.2471355491383065,0.8285714285714286,1.0439348646971802,-0.05937430883251105,0.10800933837890625
GLD,1d,3,0.1,0.25,9,21,0.39405706274012503,0.39452059796129024,0.4090998643739258,0.052595884575493336,7.778172525774818,0.8285714285714286,1.039916471496261,-0.05937430883251105,0.11322331428527832
GLD,1d,3,0.1,0.25,10,30,0.36120841605724224,0.43515063685786504,0.38769863813515926,0.051731096252444604,7.494498787406582,0.6857142857142857,1.3512237205555198,-0.023141522556086258,0.10763239860534668
GLD,1d,3,0.1,0.25,12,26,0.3562106670729295,0.37690700193695004,0.3793023772486119,0.06025838464287443,6.2945991582179674,0.7714285714285715,1.3617004686551073,-0.04444947128552679,0.11458420753479004
GLD,1d,3,0.1,0.25,20,50,0.3886328886866137,1.1354573295019192,0.37339519091901485,0.09067673906645922,4.117871846332545,0.17142857142857143,0.21983441546162708,-0.00865343111214345,0.10208678245544434
GLD,1d,3,0.1,0.5,8,21,0.6466492443869094,0.7787643364526529,0.6487836151499871,0.04791951136439761,13.53902818867241,0.8571428571428571,1.169361200139682,-0.06654203732600417,0.12398457527160645
GLD,1d,3,0.1,0.5,9,21,0.6432096593429523,0.4695914896538489,0.6408829045906039,0.04364864566312201,14.682767239490202,0.8571428571428571,1.1666304840981934,-0.06580543665627736,0.11789822578430176
GLD,1d,3,0.1,0.5,10,30,0.5702598844239803,0.5168924049853001,0.5742636713497344,0.046847522850476706,12.258143790923855,0.6857142857142857,1.4031996243213651,-0.045750267794973154,0.11047554016113281
GLD,1d,3,0.1,0.5,12,26,0.5677221354791941,0.44147488587382155,0.5609681519572132,0.04889282379526067,11.473425104393122,0.7714285714285715,1.4399282785397196,-0.050231794478705405,0.1092221736907959
GLD,1d,3,0.1,0.5,20,50,0.49049902682441926,1.452522726899189,0.4734452083983511,0.0765234973341247,6.186925910235733,0.17142857142857143,0.22667483517159334,-0.00865343111214345,0.09984779357910156
GLD,1d,3,0.1,0.75,8,21,0.8416181079533466,0.8747554247726719,0.8469432717268113,0.049386645900515155,17.149236525049716,0.8571428571428571,1.2685829727741265,-0.07886193956222642,0.11033034324645996
GLD,1d,3,0.1,0.75,9,21,0.8460122555045725,0.5015799898484443,0.8320567409096424,0.04648484460978828,17.899527209228033,0.8571428571428571,1.2663386941585195,-0.07372868856161674,0.11197853088378906
GLD,1d,3,0.1,0.75,10,30,0.7434195862690567,0.5542042021015676,0.7337919492563646,0.04581821197947818,16.015289937220324,0.6857142857142857,1.4447673428739862,-0.06837540169245981,0.11189556121826172
GLD,1d,3,0.1,0.75,12,26,0.7415609633119691,0.4619639730617848,0.7168966815292052,0.04854931194621012,14.766361309579134,0.7714285714285715,1.4991066864744584,-0.06837540169245981,0.11037993431091309
GLD,1d,3,0.1,0.75,20,50,0.5955286755593581,1.7334967197854025,0.5765474357809756,0.07443807935067276,7.7453292832140335,0.17142857142857143,0.23201113490239159,-0.00865343111214345,0.10463094711303711
GLD,1d,3,0.1,1.0,8,21,0.9989275515996755,0.9294971337819826,1.006269049511601,0.052647037081913456,19.11349821920554,0.8571428571428571,1.3473586521045309,-0.09747085723698956,0.1092538833618164
GLD,1d,3,0.1,1.0,9,21,1.008828626218381,0.4989531177716693,0.9859853399080032,0.0513961404272966,19.184034670905838,0.8571428571428571,1.345401760370077,-0.09747085723698956,0.10982155799865723
GLD,1d,3,0.1,1.0,10,30,0.8830532563184792,0.5553783324098378,0.8633841197941596,0.045629012003323366,18.9218236794449,0.6857142857142857,1.478065293802773,-0.09100053558994636,0.10322690010070801
GLD,1d,3,0.1,1.0,12,26,0.8814807064683842,0.4473574451132194,0.8437017561257992,0.05053931248906418,16.69396979447161,0.7714285714285715,1.545674280245747,-0.09100053558994636,0.10237812995910645
GLD,1d,3,0.1,1.0,20,50,0.6845415521298177,1.9790382298085838,0.6639693142503476,0.0747006669148656,8.888398747591586,0.17142857142857143,0.23624028399707617,-0.00865343111214345,0.10003137588500977
GLD,1d,3,0.25,0.0,8,21,0.3649517487560853,0.400074543119155,0.3200966590287867,0.19882435156308048,1.60994695323943,0.3142857142857143,0.1312948021975611,-0.052943181008744844,0.10632753372192383
GLD,1d,3,0.25,0.0,9,21,0.25959147193846677,0.25180081129039933,0.35925750035740167,0.2324109480102679,1.5457856156652727,0.3142857142857143,0.08777634264096401,-0.052943181008744844,0.1067049503326416
GLD,1d,3,0.25,0.0,10,30,0.37769244726792167,0.4239529407908922,0.4715594164143007,0.16358653242347848,2.8826298193886095,0.3142857142857143,0.5859471685067463,-0.023606383894972494,0.11599922180175781
GLD,1d,3,0.25,0.0,12,26,0.29308798922349993,0.29439702627595343,0.41537412390216766,0.23924593390381252,1.7361804947923023,0.2571428571428571,0.2949304609517756,-0.03866714809234806,0.11720395088195801
GLD,1d,3,0.25,0.0,20,50,0.5364120136152583,0.717727618645631,0.5530443939746676,0.18509688438789026,2.9878644138369403,0.02857142857142857,-0.07543790763150715,-0.00865343111214345,0.09922337532043457
GLD,1d,3,0.25,0.25,8,21,0.4127649402035451,0.5803354843598354,0.4098346450266262,0.051923404259208154,7.8930619221474805,0.8285714285714286,1.0439348646971802,-0.05937430883251105,0.10880017280578613
GLD,1d,3,0.25,0.25,9,21,0.3943889304598621,0.3735715343472856,0.41544966955182894,0.05019310513949583,8.277026663268156,0.8285714285714286,1.039916471496261,-0.05937430883251105,0.10829615592956543
GLD,1d,3,0.25,0.25,10,30,0.3854852196799298,0.6098642631149955,0.3971598717044985,0.048857377179113794,8.128964234991349,0.6857142857142857,1.3512237205555198,-0.023141522556086258,0.10349321365356445
GLD,1d,3,0.25,0.25,12,26,0.36448050600321386,0.42594228794843136,0.3847435543069233,0.06461980673233722,5.953957056859919,0.7714285714285715,1.3617004686551073,-0.04444947128552679,0.10493087768554688
GLD,1d,3,0.25,0.25,20,50,0.37853297917395473,1.038954145199798,0.3695800088341773,0.08382084258137708,4.409165995621819,0.17142857142857143,0.21983441546162708,-0.00865343111214345,0.09980654716491699
GLD,1d,3,0.25,0.5,8,21,0.6556606123088542,0.7065780518750588,0.6545283016879031,0.04744157812983119,13.796511994113802,0.8571428571428571,1.169361200139682,-0.06654203732600417,0.10581469535827637
GLD,1d,3,0.25,0.5,9,21,0.6474358517254544,0.4428937792295895,0.649298049466055,0.043607042462128154,14.88975204016547,0.8571428571428571,1.1666304840981934,-0.06580543665627736,0.11360049247741699
GLD,1d,3,0.25,0.5,10,30,0.5947661453934504,0.7427009236926534,0.5847935491828818,0.0460153356667601,12.708666376312378,0.6857142857142857,1.4031996243213651,-0.045750267794973154,0.10941338539123535
GLD,1d,3,0.25,0.5,12,26,0.577478733004168,0.5023356970966848,0.5700039619522624,0.050555398556944776,11.274838656651461,0.7714285714285715,1.4399282785397196,-0.050231794478705405,0.11460638046264648
GLD,1d,3,0.25,0.5,20,50,0.48424415346049127,1.3189170887363058,0.47238278844929243,0.07449635875945901,6.341018491582485,0.17142857142857143,0.22667483517159334,-0.00865343111214345,0.10743165016174316
GLD,1d,3,0.25,0.75,8,21,0.8561250689946922,0.7858244892129556,0.8550998304219858,0.04962394354046107,17.231597680760235,0.8571428571428571,1.2685829727741265,-0.07886193956222642,0.11738109588623047
GLD,1d,3,0.25,0.75,9,21,0.8529578783981364,0.46975619119656864,0.8427883900145463,0.04684184953346067,17.992209923575178,0.8571428571428571,1.2663386941585195,-0.07372868856161674,0.11820316314697266
GLD,1d,3,0.25,0.75,10,30,0.7706895724443305,0.8293861048911855,0.7467108757116098,0.047480105580733956,15.72681582272225,0.6857142857142857,1.4447673428739862,-0.06837540169245981,0.1094963550567627
GLD,1d,3,0.25,0.75,12,26,0.7533183493185317,0.5331615984427702,0.7288758823553496,0.04946213881096821,14.736036489261593,0.7714285714285715,1.4991066864744584,-0.06837540169245981,0.11056637763977051
GLD,1d,3,0.25,0.75,20,50,0.5907983191987546,1.558984277408019,0.5770704375828302,0.07457323398761895,7.738305109292143,0.17142857142857143,0.23201113490239159,-0.00865343111214345,0.10147595405578613
GLD,1d,3,0.25,1.0,8,21,1.017584321724609,0.8247072596450564,1.016359524357747,0.05264105795934842,19.307353684696487,0.8571428571428571,1.3473586521045309,-0.09747085723698956,0.10791230201721191
GLD,1d,3,0.25,1.0,9,21,1.0178527540579385,0.4628321292057158,0.9986875439348729,0.05154648821646228,19.374502094905555,0.8571428571428571,1.345401760370077,-0.09747085723698956,0.11206603050231934
GLD,1d,3,0.25,1.0,10,30,0.9130404070757369,0.8763960222463654,0.8785384661295907,0.04965263868514855,17.69369140078285,0.6857142857142857,1.478065293802773,-0.09100053558994636,0.1015005111694336
GLD,1d,3,0.25,1.0,12,26,0.8949846323365285,0.5270564122844286,0.8580370074765824,0.05132847228770181,16.716589628212375,0.7714285714285715,1.545674280245747,-0.09100053558994636,0.11119413375854492
GLD,1d,3,0.25,1.0,20,50,0.6806866999719065,1.7607170775178953,0.665614309436178,0.07611046811963945,8.74537137769126,0.17142857142857143,0.23624028399707617,-0.00865343111214345,0.10810542106628418
GLD,1d,3,0.4,0.0,8,21,0.39978385492426227,0.453853147320058,0.3397150813655328,0.17911950609807223,1.8965833971177357,0.3142857142857143,0.1312948021975611,-0.052943181008744844,0.11849737167358398
GLD,1d,3,0.4,0.0,9,21,0.23705410177638883,0.22138661919755376,0.3421656114776328,0.23868744035810124,1.4335300213713964,0.3142857142857143,0.08777634264096401,-0.052943181008744844,0.1195075511932373
GLD,1d,3,0.4,0.0,10,30,0.4175487195816282,0.48903246862304717,0.47097842381395927,0.1280236096469409,3.678840372590707,0.3142857142857143,0.5859471685067463,-0.023606383894972494,0.11194276809692383
GLD,1d,3,0.4,0.0,12,26,0.3484709673755853,0.3749013848236602,0.42144380856506525,0.21246340610734646,1.9836065715341686,0.2571428571428571,0.2949304609517756,-0.03866714809234806,0.10885143280029297
GLD,1d,3,0.4,0.0,20,50,0.45933138798584067,0.5641108951266967,0.5602038188118507,0.17458809334298672,3.208717204507774,0.02857142857142857,-0.07543790763150715,-0.00865343111214345,0.10917520523071289
GLD,1d,3,0.4,0.25,8,21,0.4222638942889501,0.6557730402668382,0.41575368490894027,0.050374048454681006,8.25333078565192,0.8285714285714286,1.0439348646971802,-0.05937430883251105,0.11281895637512207
GLD,1d,3,0.4,0.25,9,21,0.39642932211036447,0.33151617186857063,0.4026264600128317,0.05552518951323884,7.2512397263738055,0.8285714285714286,1.039916471496261,-0.05937430883251105,0.12025570869445801
GLD,1d,3,0.4,0.25,10,30,0.3965811185188134,0.7025698116860497,0.3978552716988844,0.04788758020992746,8.308109742751336,0.6857142857142857,1.3512237205555198,-0.023141522556086258,0.11262273788452148
GLD,1d,3,0.4,0.25,12,26,0.3769629500690943,0.5430461146792607,0.3866547118318445,0.0614381122559915,6.293401565152054,0.7714285714285715,1.3617004686551073,-0.04444947128552679,0.11870074272155762
GLD,1d,3,0.4,0.25,20,50,0.35450448469829143,0.8114505013446243,0.37797898979550615,0.0856400042374808,4.413579765215397,0.17142857142857143,0.21983441546162708,-0.00865343111214345,0.10809803009033203
GLD,1d,3,0.4,0.5,8,21,0.6659015550837752,0.8037510671890975,0.6622811676800563,0.04491933683242513,14.743787740027075,0.8571428571428571,1.169361200139682,-0.06654203732600417,0.11729145050048828
GLD,1d,3,0.4,0.5,9,21,0.6569573240453901,0.38944862675856706,0.6419544401411537,0.04967932102960097,12.921964850498881,0.8571428571428571,1.1666304840981934,-0.06580543665627736,0.12152242660522461
GLD,1d,3,0.4,0.5,10,30,0.6059514018026453,0.8641263280021543,0.5868441492215521,0.04598166814515199,12.76256762519011,0.6857142857142857,1.4031996243213651,-0.045750267794973154,0.11356782913208008
GLD,1d,3,0.4,0.5,12,26,0.5856008889221501,0.6562285343905161,0.5735331024032082,0.04993913871953124,11.484641447748855,0.7714285714285715,1.4399282785397196,-0.050231794478705405,0.11340069770812988
GLD,1d,3,0.4,0.5,20,50,0.47539869090989784,1.0090020712679766,0.48038328551663306,0.0752245372384265,6.3859919004093495,0.17142857142857143,0.22667483517159334,-0.00865343111214345,0.09873771667480469
GLD,1d,3,0.4,0.75,8,21,0.8678368239215867,0.9037269425491523,0.8647746470441557,0.04634841466730067,18.658127861582805,0.8571428571428571,1.2685829727741265,-0.07886193956222642,0.10461926460266113
GLD,1d,3,0.4,0.75,9,21,0.8675317999535512,0.4057256015737991,0.8393723194743018,0.05250590928672305,15.986244803240659,0.8571428571428571,1.2663386941585195,-0.07372868856161674,0.10606789588928223
GLD,1d,3,0.4,0.75,10,30,0.7832855583834895,0.9793720371605259,0.7498366540140262,0.04752302989868804,15.7783848296829,0.6857142857142857,1.4447673428739862,-0.06837540169245981,0.10709261894226074
GLD,1d,3,0.4,0.75,12,26,0.7598302872844716,0.721953571370558,0.733785177861567,0.04925642281304715,14.897248642002488,0.7714285714285715,1.4991066864744584,-0.06837540169245981,0.10148119926452637
GLD,1d,3,0.4,0.75,20,50,0.5894682371471558,1.1607219319463415,0.5848496556454019,0.07405158352970549,7.897868320544312,0.17142857142857143,0.23201113490239159,-0.00865343111214345,0.09922170639038086
GLD,1d,3,0.4,1.0,8,21,1.030632366309859,0.9615101260633734,1.0276538738956504,0.04897343125786638,20.98390591593647,0.8571428571428571,1.3473586521045309,-0.09747085723698956,0.10456156730651855
GLD,1d,3,0.4,1.0,9,21,1.0362647944504766,0.3894065353783305,0.9983755188665953,0.056478708910877674,17.677024459642176,0.8571428571428571,1.345401760370077,-0.09747085723698956,0.10396647453308105
GLD,1d,3,0.4,1.0,10,30,0.9270315760129616,1.053770326996747,0.8825162098653611,0.04982284700001398,17.71308271213633,0.6857142857142857,1.478065293802773,-0.09100053558994636,0.10439705848693848
GLD,1d,3,0.4,1.0,12,26,0.9005769355896749,0.7473231858225504,0.8640587284346519,0.05103783484156886,16.929768496584042,0.7714285714285715,1.545674280245747,-0.09100053558994636,0.1071019172668457
GLD,1d,3,0.4,1.0,20,50,0.6843787378077698,1.2705864660283517,0.6731983719847077,0.07467137497503355,9.015481129278685,0.17142857142857143,0.23624028399707617,-0.00865343111214345,0.09669113159179688
GLD,1d,3,0.55,0.0,8,21,0.34312705006670696,0.36677362105200584,0.32961433478341207,0.1779793723551104,1.8519805437101693,0.34285714285714286,0.1903757353456293,-0.044356746334827224,0.10729718208312988
GLD,1d,3,0.55,0.0,9,21,0.35636002308982806,0.39021309262782533,0.32847087766248995,0.2281947833089771,1.4394320189946603,0.34285714285714286,0.12674923635405275,-0.05062623652162057,0.11694216728210449
GLD,1d,3,0.55,0.0,10,30,0.41556423141167387,0.48733950150318206,0.45515918329576505,0.15784138939615086,2.883649117871137,0.3142857142857143,0.4950483812260809,-0.0318108727443589,0.10869097709655762
GLD,1d,3,0.55,0.0,12,26,0.47449467278372737,0.5764607991911663,0.4432611148321658,0.22464801640301532,1.9731361172446842,0.2571428571428571,0.2654105932354738,-0.043091312348959354,0.11023068428039551
GLD,1d,3,0.55,0.0,20,50,0.43189747650470284,0.521072078275405,0.5394546082435175,0.17861411462024535,3.0202238461974944,0.02857142857142857,-0.07543790763150715,-0.00865343111214345,0.0945582389831543
GLD,1d,3,0.55,0.25,8,21,0.41592650561714467,0.532187179198345,0.41788846791968215,0.04425933483914437,9.441815369310255,0.8571428571428571,1.0054346953704905,-0.047890862676592705,0.11179399490356445
GLD,1d,3,0.55,0.25,9,21,0.4218137027692681,0.5666251483974312,0.40586141870252834,0.053617156336153174,7.5696185034129195,0.8571428571428571,1.0002969450981285,-0.044157583388100496,0.10985779762268066
GLD,1d,3,0.55,0.25,10,30,0.39956130987246213,0.701740551843727,0.40008480872910546,0.047822644689090386,8.366011778105936,0.6857142857142857,1.244376730318452,-0.024242943629909974,0.10633015632629395
GLD,1d,3,0.55,0.25,12,26,0.404094436381506,0.8340765721661216,0.39576025165987294,0.05696571091833929,6.947341572322301,0.7714285714285715,1.1769076871903084,-0.047418443599734905,0.10996437072753906
GLD,1d,3,0.55,0.25,20,50,0.35169479401139875,0.7486918315616842,0.37912302528845127,0.08154887061998772,4.649028520028673,0.17142857142857143,0.21596738612891103,-0.021982984843525677,0.10157275199890137
GLD,1d,3,0.55,0.5,8,21,0.6695014700294877,0.6427036453975621,0.6701301024408856,0.04254052372773027,15.752746880360046,0.8571428571428571,1.1264850712002243,-0.059090237696265535,0.11360669136047363
GLD,1d,3,0.55,0.5,9,21,0.6771586192200157,0.6904535296804679,0.653229174305623,0.048723493750376906,13.406862357865498,0.8571428571428571,1.1236338738825808,-0.054638798819887424,0.10524296760559082
GLD,1d,3,0.55,0.5,10,30,0.6125667353436012,0.8656840114288655,0.595430903064649,0.041631724383786935,14.30233582389236,0.6857142857142857,1.3059220786224854,-0.039865860568276235,0.10209059715270996
GLD,1d,3,0.55,0.5,12,26,0.6027011233680856,1.0423110961160562,0.5859709819208787,0.04427032088670469,13.236203627718861,0.7714285714285715,1.2611007591231636,-0.05174557485051012,0.10280776023864746
GLD,1d,3,0.55,0.5,20,50,0.48537212733385976,0.9248842778238839,0.4901333503996484,0.0743453087137411,6.592660100274195,0.17142857142857143,0.22275147667634423,-0.043465969687051076,0.09613180160522461
GLD,1d,3,0.55,0.75,8,21,0.8775691683885006,0.7060671317314111,0.8766954667614464,0.046096048027124706,19.018885659038812,0.8571428571428571,1.2283521833403164,-0.07022365530376551,0.10970234870910645
GLD,1d,3,0.55,0.75,9,21,0.8869850179730702,0.7691438262892785,0.8563674381727969,0.051548519561802446,16.612842530736167,0.8571428571428571,1.226274064102494,-0.0650634528984485,0.11175990104675293
GLD,1d,3,0.55,0.75,10,30,0.7925071519484753,0.9845476390944632,0.7628665915976434,0.04214138490112195,18.102551527141035,0.6857142857142857,1.3565283682412121,-0.05954879085241438,0.1120297908782959
GLD,1d,3,0.55,0.75,12,26,0.7732631041130137,1.2046283593969505,0.7494315322858343,0.04276150827363731,17.525844212278702,0.7714285714285715,1.3284468919250458,-0.05954879085241438,0.11800789833068848
GLD,1d,3,0.55,0.75,20,50,0.6079616395970383,1.054439251903307,0.5996380348725273,0.07458904432240798,8.039223994888811,0.17142857142857143,0.22816478309002883,-0.06494895453057659,0.11937999725341797
GLD,1d,3,0.55,1.0,8,21,1.0448914555993227,0.7295319784325323,1.0427151775010646,0.04997868687213084,20.863196749622976,0.8571428571428571,1.3105797363605507,-0.08129111549909396,0.10517311096191406
GLD,1d,3,0.55,1.0,9,21,1.0557831131050694,0.809513476160959,1.0197883893574802,0.05520823386966218,18.471672029303413,0.8571428571428571,1.3088962466935259,-0.07543154562378496,0.1053762435913086
GLD,1d,3,0.55,1.0,10,30,0.938261390561247,1.0634953785347778,0.8989501343224491,0.04442465245310209,20.23538924185049,0.6857142857142857,1.3972618223226707,-0.07923172113655252,0.11001181602478027
GLD,1d,3,0.55,1.0,12,26,0.9119528000458386,1.3246772279831989,0.8823659183605768,0.04406083479644144,20.02608262955201,0.7714285714285715,1.3822822639406667,-0.07923172113655252,0.1122128963470459
GLD,1d,3,0.55,1.0,20,50,0.7092842212747764,1.1420778480431073,0.6915583269442729,0.07597555618015218,9.102379261356894,0.17142857142857143,0.23253860074819527,-0.0864319393741021,0.10515928268432617
GLD,1d,3,0.7,0.0,8,21,0.33908812804732785,0.3617753037017093,0.31586330942863683,0.16126720559303953,1.9586332401996418,0.34285714285714286,0.23841596555329977,-0.042530482744360665,0.12226414680480957
GLD,1d,3,0.7,0.0,9,21,0.30897163629929414,0.3181332575037106,0.31899334962842024,0.18691191266981183,1.7066507162223314,0.34285714285714286,0.1746073598644761,-0.04017041694212897,0.11205840110778809
GLD,1d,3,0.7,0.0,10,30,0.3925668391509221,0.44929383237168596,0.4542475675334788,0.17803854622166554,2.5514001162867355,0.3142857142857143,0.4950483812260809,-0.0318108727443589,0.10047769546508789
GLD,1d,3,0.7,0.0,12,26,0.4916966545632703,0.6053856944786165,0.4511080687793199,0.20610098369281896,2.1887720315380403,0.2571428571428571,0.31146568655843954,-0.043091312348959354,0.10056900978088379
GLD,1d,3,0.7,0.0,20,50,0.42084421871703787,0.5033463927136772,0.47038854808067254,0.18038326188387882,2.6077172746963835,0.02857142857142857,-0.07543790763150715,-0.00865343111214345,0.09456968307495117
GLD,1d,3,0.7,0.25,8,21,0.42573681068764,0.5297422724630192,0.42015082502908674,0.04475822089763163,9.387120770283317,0.8571428571428571,1.0109381676453213,-0.043409950344749704,0.10982298851013184
GLD,1d,3,0.7,0.25,9,21,0.4151317353217705,0.465245006310806,0.4077477865504983,0.046539867109595,8.761258075582989,0.8571428571428571,1.0096073113191586,-0.04664646059128785,0.10597753524780273
GLD,1d,3,0.7,0.25,10,30,0.3976049369343048,0.6473670982781794,0.4045554454161338,0.048494093909362705,8.342365282095242,0.6857142857142857,1.2443248458194205,-0.024242943629909974,0.10675239562988281
GLD,1d,3,0.7,0.25,12,26,0.41019183235637907,0.8767696049361877,0.40326811043321475,0.05351687296919268,7.53534517357467,0.7714285714285715,1.1848475355431245,-0.047418443599734905,0.10599493980407715
GLD,1d,3,0.7,0.25,20,50,0.3489708927907142,0.7243281148590228,0.36087444836733573,0.07135624292476501,5.057363358491651,0.17142857142857143,0.21596738612891103,-0.021982984843525677,0.10011649131774902
GLD,1d,3,0.7,0.5,8,21,0.6910778166463302,0.6457456392369318,0.6786164248714031,0.04318253809344352,15.715065737982606,0.8571428571428571,1.1358856425165278,-0.046649483747370435,0.11104965209960938
GLD,1d,3,0.7,0.5,9,21,0.6769251825408505,0.5593688046219427,0.6601330851314875,0.045673438735439456,14.453325683561232,0.8571428571428571,1.1335430720183293,-0.057606453764683874,0.1086111068725586
GLD,1d,3,0.7,0.5,10,30,0.6159239183265661,0.794205770991997,0.6035354397274423,0.037575219530193424,16.062060242721234,0.6857142857142857,1.3058706389059442,-0.039865860568276235,0.106781005859375
GLD,1d,3,0.7,0.5,12,26,0.611121427972326,1.1001720795708056,0.5996512219140773,0.03943494080508138,15.206089058888846,0.7714285714285715,1.270193426578604,-0.05174557485051012,0.10538196563720703
GLD,1d,3,0.7,0.5,20,50,0.4840121990667631,0.8941655378904403,0.48663812652961463,0.06717854323232297,7.243951760708448,0.17142857142857143,0.22275147667634423,-0.043465969687051076,0.0981605052947998
GLD,1d,3,0.7,0.75,8,21,0.9080797263385064,0.716968223106837,0.8894970711160255,0.04674511086449096,19.028665344159343,0.8571428571428571,1.241721413162317,-0.055139971204088645,0.10513687133789062
GLD,1d,3,0.7,0.75,9,21,0.8903642702351633,0.6093117640590655,0.8667863282531595,0.049704399184577266,17.438825183951,0.8571428571428571,1.237609371311768,-0.06850362148428557,0.10493183135986328
GLD,1d,3,0.7,0.75,10,30,0.799086574790192,0.895919320548217,0.773852610087735,0.036943075062196816,20.9471628657032,0.6857142857142857,1.3564791493504402,-0.05954879085241438,0.10549068450927734
GLD,1d,3,0.7,0.75,12,26,0.7839623507838154,1.2784848502074992,0.7679735478381181,0.03639799731311622,21.099335252749594,0.7714285714285715,1.3391536565350617,-0.05954879085241438,0.10378265380859375
GLD,1d,3,0.7,0.75,20,50,0.6071518824573033,1.0180121109458122,0.6043063857114903,0.06981908824812524,8.655317634110137,0.17142857142857143,0.22816478309002883,-0.06494895453057659,0.09883928298950195
GLD,1d,3,0.7,1.0,8,21,1.082429744019652,0.750101216287433,1.0588195055455727,0.05080627149852262,20.840330815780526,0.8571428571428571,1.3273039075452144,-0.06416312438229699,0.10821533203125
GLD,1d,3,0.7,1.0,9,21,1.061721041068541,0.6229274241664997,1.0328984891617181,0.05388449611724156,19.168751006121386,0.8571428571428571,1.321573952026866,-0.07933796375009416,0.11006546020507812
GLD,1d,3,0.7,1.0,10,30,0.9471990968377649,0.9582748748660945,0.912218159406464,0.03956211655972032,23.057870476404887,0.6857142857142857,1.3972154587203724,-0.07923172113655252,0.11242461204528809
GLD,1d,3,0.7,1.0,12,26,0.9245371002799978,1.4148236153106426,0.904764276380733,0.03688968634444368,24.526212229966777,0.7714285714285715,1.3944344895941965,-0.07923172113655252,0.1121513843536377
GLD,1d,3,0.7,1.0,20,50,0.708780994714059,1.1008485114784974,0.7019614318059091,0.0730720276049212,9.606431555467525,0.17142857142857143,0.23253860074819527,-0.0864319393741021,0.10144233703613281
GLD,1d,3,0.85,0.0,8,21,0.25841691621272755,0.24960313142733614,0.29342300285967715,0.13565040823958194,2.1630823428223063,0.34285714285714286,0.1567112851316884,-0.0402457117342242,0.11160111427307129
GLD,1d,3,0.85,0.0,9,21,0.2675629211775429,0.26254762954346744,0.26955289603367355,0.1865793739430195,1.4447089747229713,0.3142857142857143,0.0821290823231442,-0.0344954715854453,0.11086726188659668
GLD,1d,3,0.85,0.0,10,30,0.3356528457086675,0.3617375851603022,0.4245498924286946,0.16265043349677424,2.6101983456263858,0.2857142857142857,0.4182887603384378,-0.037158426245197496,0.10918998718261719
GLD,1d,3,0.85,0.0,12,26,0.37141987836599183,0.413061197936875,0.40929179966526286,0.16720441556229357,2.4478528170972695,0.2857142857142857,0.33279148489377974,-0.037158426245197496,0.11025071144104004
GLD,1d,3,0.85,0.0,20,50,0.43883282191622797,0.5356186131858907,0.40671974977315967,0.14636970997830598,2.778715280869527,0.05714285714285714,0.03269685662651892,-0.014758550417404148,0.10300135612487793
GLD,1d,3,0.85,0.25,8,21,0.42010319640983806,0.37374959505548855,0.42252042456539385,0.0413174887177374,10.226188417497115,0.8571428571428571,0.9970572563916251,-0.035561234126457175,0.1135702133178711
GLD,1d,3,0.85,0.25,9,21,0.41595541872128555,0.3891611590365489,0.4061845892080747,0.04304328632134576,9.436653748406801,0.8571428571428571,0.9976042484532749,-0.04524373135094106,0.11990952491760254
GLD,1d,3,0.85,0.25,10,30,0.391434903988952,0.525756147199214,0.4034290901356387,0.044328604974951294,9.10087493986341,0.6857142857142857,1.191987765276499,-0.022388677461001483,0.11303496360778809
GLD,1d,3,0.85,0.25,12,26,0.39887065185677495,0.601916180920963,0.4001601331235253,0.05064844516286253,7.900738746012656,0.7714285714285715,1.2033384634503652,-0.039523173441641024,0.10684514045715332
GLD,1d,3,0.85,0.25,20,50,0.3578488994227707,0.7774182118874553,0.345604489355387,0.05683113141491033,6.0812530166294305,0.2,0.2685195909501168,-0.024188732020388737,0.09840989112854004
GLD,1d,3,0.85,0.5,8,21,0.699181824342209,0.44630045955363484,0.6890003030679568,0.04279138487473967,16.101378936083066,0.8571428571428571,1.1274524281062561,-0.04438349180890799,0.1055612564086914
GLD,1d,3,0.85,0.5,9,21,0.6889445938213371,0.4644532507572021,0.6694203609294088,0.04079756366903663,16.408341595100357,0.8571428571428571,1.1261378667583832,-0.055932101572360504,0.1171712875366211
GLD,1d,3,0.85,0.5,10,30,0.6207425356461997,0.6377958235615713,0.613630585277039,0.03954405558644244,15.51764421167313,0.6857142857142857,1.261467203086006,-0.0425125807030905,0.12719273567199707
GLD,1d,3,0.85,0.5,12,26,0.6258038772180488,0.7397792587225371,0.6101576454897085,0.04084995812287411,14.93655498138805,0.7714285714285715,1.2908292351071193,-0.04455087529783708,0.1118021011352539
GLD,1d,3,0.85,0.5,20,50,0.4959421764910133,0.9707564235860604,0.48744040440762026,0.06681665394031874,7.295193273865623,0.2,0.2754785880826156,-0.046112689821865005,0.1028144359588623
GLD,1d,3,0.85,0.75,8,21,0.9245486202354939,0.47655549344159565,0.905486899609407,0.04713207405930101,19.211692200732227,0.8571428571428571,1.237434453909857,-0.05316905628752899,0.10351014137268066
GLD,1d,3,0.85,0.75,9,21,0.9099088846109901,0.49773466483399087,0.8830231519977598,0.043606293730300116,20.249901481175076,0.8571428571428571,1.2340701677348713,-0.0665605822497044,0.10575222969055176
GLD,1d,3,0.85,0.75,10,30,0.8105367965408109,0.7054256353661497,0.7913846680911292,0.0401375035273605,19.71683833180274,0.6857142857142857,1.3177833352860242,-0.06263648394517918,0.10607647895812988
GLD,1d,3,0.85,0.75,12,26,0.8147462077980342,0.8328978080014813,0.78733423595355,0.03822123977662361,20.599390301177237,0.7714285714285715,1.360398740051756,-0.06263648394517918,0.10632467269897461
GLD,1d,3,0.85,0.75,20,50,0.6219766816343426,1.1198587001790719,0.6144606955481261,0.07619937327649294,8.06385497841993,0.2,0.28098679641269114,-0.0680366476233416,0.09975671768188477
GLD,1d,3,0.85,1.0,8,21,1.1050382728040418,0.4727492208203723,1.079105218575849,0.05136474938322686,21.008672903760537,0.8571428571428571,1.3261974514374242,-0.061917927562320285,0.11008715629577637
GLD,1d,3,0.85,1.0,9,21,1.0869787568765983,0.4971734415727467,1.0543198474933544,0.04689103635841225,22.484464609283677,0.8571428571428571,1.3210716881705922,-0.0771291733829721,0.11378765106201172
GLD,1d,3,0.85,1.0,10,30,0.9634963550572162,0.7355702952176522,0.9353566705160341,0.04212188348672829,22.205955505544882,0.6857142857142857,1.3629418439742127,-0.08276038718726819,0.11472511291503906
GLD,1d,3,0.85,1.0,12,26,0.9672130706295645,0.8871602674045975,0.9307580899819529,0.038033080529096146,24.472329799052233,0.7714285714285715,1.41593149179393,-0.08276038718726819,0.10919594764709473
GLD,1d,3,0.85,1.0,20,50,0.7259734725468056,1.2288648395249164,0.7188215305442172,0.0837093533128553,8.587111261721184,0.2,0.28542598379818496,-0.08996060542481776,0.11048746109008789
GLD,1d,3,1.0,0.0,8,21,0.27174717562714196,0.2691012965160213,0.2758026894358861,0.16084633758185463,1.7146967321872046,0.37142857142857144,0.1410177990020478,-0.0402457117342242,0.11643171310424805
GLD,1d,3,1.0,0.0,9,21,0.2716906768380312,0.2686010066818709,0.28680785671014697,0.16248997805070817,1.7650802846477276,0.34285714285714286,0.128072647002381,-0.03491367068125839,0.10732626914978027
GLD,1d,3,1.0,0.0,10,30,0.3386225360457298,0.36710577874966877,0.400181781135829,0.16676771895012898,2.399635754779984,0.2857142857142857,0.4152391840616775,-0.037158426245197496,0.10484004020690918
GLD,1d,3,1.0,0.0,12,26,0.3652781985377739,0.40706592693588495,0.4200990345721041,0.16067570587158075,2.614577183857939,0.3142857142857143,0.36863930828614977,-0.03720821427784293,0.10426211357116699
GLD,1d,3,1.0,0.0,20,50,0.45985771932139535,0.5732992090128703,0.3631992300181482,0.18384947596143605,1.9755249674703028,0.05714285714285714,0.03269685662651892,-0.014758550417404148,0.09924507141113281
GLD,1d,3,1.0,0.25,8,21,0.42777964828988024,0.40044713233898066,0.4190080461875554,0.03731687595864631,11.228379531338323,0.8571428571428571,0.9988584825556586,-0.036714877835121396,0.11206316947937012
GLD,1d,3,1.0,0.25,9,21,0.4215186399821933,0.39610697276360796,0.41426477921539095,0.03972995226340811,10.427014270463525,0.8571428571428571,1.0064529770208157,-0.046385793036565315,0.10957908630371094
GLD,1d,3,1.0,0.25,10,30,0.39481163744172626,0.53346856069945,0.40376780418924874,0.04521245666328395,8.930454878757779,0.6857142857142857,1.188668400118948,-0.022388677461001483,0.11689543724060059
GLD,1d,3,1.0,0.25,12,26,0.39795203091498066,0.5934941153057487,0.4061220102146087,0.048084458057320124,8.446014089011507,0.7714285714285715,1.210366425255774,-0.046425372183577895,0.11273193359375
GLD,1d,3,1.0,0.25,20,50,0.3640679999330783,0.8326835528833303,0.3386024853104151,0.057856749806813754,5.852428393247525,0.2,0.2685195909501168,-0.024188732020388737,0.10755181312561035
GLD,1d,3,1.0,0.5,8,21,0.7112431886633439,0.47992071493873234,0.6936059975953937,0.034672513741212475,20.004491245495103,0.8571428571428571,1.1299213710309963,-0.04668345373405913,0.11833953857421875
GLD,1d,3,1.0,0.5,9,21,0.6997197532784248,0.4715358952067503,0.6818303817586138,0.03756234364296265,18.151965922029348,0.8571428571428571,1.131313939214705,-0.058204268495524736,0.11774516105651855
GLD,1d,3,1.0,0.5,10,30,0.6271421108591184,0.6479850503422129,0.6219417823717335,0.04118789509748325,15.100110867518856,0.6857142857142857,1.2610360101246558,-0.0425125807030905,0.1101233959197998
GLD,1d,3,1.0,0.5,12,26,0.6251480124744865,0.728894435107996,0.6208735023988312,0.040612921393402265,15.287585357001545,0.7714285714285715,1.2990418778995036,-0.05828301242837941,0.11239242553710938
GLD,1d,3,1.0,0.5,20,50,0.49987665275718374,1.045321029492528,0.4898543866500159,0.06404476917585723,7.648624438085646,0.2,0.2754785880826156,-0.046112689821865005,0.10546183586120605
GLD,1d,3,1.0,0.75,8,21,0.9403816785175836,0.5164840908258417,0.9159759393232131,0.03697415342460217,24.773412086123205,0.8571428571428571,1.2415597473947846,-0.056608010936989306,0.1116325855255127
GLD,1d,3,1.0,0.75,9,21,0.9248538504353238,0.5042001089081409,0.8991922058680955,0.039678971463110585,22.66168130653466,0.8571428571428571,1.2379454148029319,-0.06995089796232334,0.11304068565368652
GLD,1d,3,1.0,0.75,10,30,0.8193603807482168,0.7181193772826964,0.8051686951737407,0.042397355953929926,18.991011987838533,0.6857142857142857,1.3197839952113959,-0.06263648394517918,0.12026858329772949
GLD,1d,3,1.0,0.75,12,26,0.8142115063520933,0.8196259594060562,0.80204031462101,0.03873687291321069,20.704828611694282,0.7714285714285715,1.370288976729937,-0.07006839231984996,0.1052093505859375
GLD,1d,3,1.0,0.75,20,50,0.6250466112570615,1.2147759154043682,0.6225161712142524,0.07413661846137977,8.396878413581026,0.2,0.28098679641269114,-0.0680366476233416,0.10568404197692871
GLD,1d,3,1.0,1.0,8,21,1.1239406350815535,0.5181467410373606,1.0942034212158243,0.04002517982714885,27.33787645530158,0.8571428571428571,1.3318897256299727,-0.06648854944391158,0.10383343696594238
GLD,1d,3,1.0,1.0,9,21,1.1052549422269489,0.5023447540438997,1.0735446365441519,0.042369308063244064,25.337790150872586,0.8571428571428571,1.3242482328014755,-0.08162568143696058,0.1083076000213623
GLD,1d,3,1.0,1.0,10,30,0.9742437260980861,0.7507078137393384,0.953319092970015,0.044616154339288214,21.367128276462385,0.6857142857142857,1.3669178251449516,-0.08276038718726819,0.11278057098388672
GLD,1d,3,1.0,1.0,12,26,0.9667577808233444,0.8716622950471207,0.9486827278078526,0.03848325427203574,24.65183222556162,0.7714285714285715,1.427329780184921,-0.08276038718726819,0.11083483695983887
GLD,1d,3,1.0,1.0,20,50,0.7285521649053175,1.34459452330477,0.7309886104179324,0.08289838871624546,8.817886833965469,0.2,0.28542598379818496,-0.08996060542481776,0.11397075653076172
GLD,1d,5,0.0,0.0,8,21,0.4337214774827163,0.5131897869369035,0.4143051017154642,0.29121319466036394,1.4226865722848165,0.3142857142857143,0.24903453565177014,-0.05287974380662619,0.11210107803344727
GLD,1d,5,0.0,0.0,9,21,0.49565186045249204,0.6167001741363347,0.43526389305351965,0.2495715530460109,1.7440444944191,0.3142857142857143,0.3821952939891308,-0.042355870320271105,0.10976719856262207
GLD,1d,5,0.0,0.0,10,30,0.5007385370516045,0.6244023981025149,0.4649503872367583,0.20965938369613116,2.2176464465365022,0.22857142857142856,0.5298083398625313,-0.029962154269710273,0.10418987274169922
GLD,1d,5,0.0,0.0,12,26,0.34776487570287273,0.36913936746194054,0.4755629803249873,0.22723754268843857,2.0928011045121333,0.2857142857142857,0.3932825507933038,-0.05042469516761949,0.1168222427368164
GLD,1d,5,0.0,0.0,20,50,0.6493114688901301,0.955584593499107,0.5470454668083813,0.2004708214635474,2.7288034379000803,0.05714285714285714,0.09104008277449124,-0.002337301713329243,0.10826516151428223
GLD,1d,5,0.0,0.25,8,21,0.4021108114182634,0.7365704870349992,0.39865691180367235,0.06819379865396029,5.845940828528999,0.8285714285714286,1.1723770063874803,-0.043464026716147686,0.12471771240234375
GLD,1d,5,0.0,0.25,9,21,0.40927345003673604,0.8959491793016403,0.39683231025845556,0.07050546883444869,5.628390489683048,0.8571428571428571,1.2349418789192361,-0.04035089695581495,0.11579251289367676
GLD,1d,5,0.0,0.25,10,30,0.39017220599558183,0.887349146866647,0.38781594974344,0.05576397931019004,6.954596041042796,0.6571428571428571,1.3977386413425539,-0.02397014043861867,0.11416077613830566
GLD,1d,5,0.0,0.25,12,26,0.36189951078097893,0.5277884301912534,0.3910044262946203,0.07329890323895473,5.334383040083755,0.7714285714285715,1.5478091226965565,-0.03902878528457743,0.11233878135681152
GLD,1d,5,0.0,0.25,20,50,0.35974877387628257,0.9182151718949745,0.37310826309537787,0.09624280448768609,3.876739306190061,0.2,0.37697336548768007,-0.002337301713329243,0.12064003944396973
GLD,1d,5,0.0,0.5,8,21,0.6107723106606308,0.9080597746258616,0.5961940829031033,0.05691055849239371,10.475983696114785,0.8285714285714286,1.2491213534054555,-0.05418054733555355,0.116607666015625
GLD,1d,5,0.0,0.5,9,21,0.6056838006197609,1.1293433097182257,0.5812821827935506,0.05405540651645023,10.753451324367598,0.8571428571428571,1.3078926249555647,-0.05430372064401934,0.11924242973327637
GLD,1d,5,0.0,0.5,10,30,0.5591263697462477,1.0968441329625396,0.552123285726074,0.0474063049094542,11.64662140997124,0.6571428571428571,1.4240073708645897,-0.03328528619815785,0.12658977508544922
GLD,1d,5,0.0,0.5,12,26,0.5558653093504864,0.6301251135558812,0.5516058281674789,0.056652854604601115,9.736593716544688,0.7714285714285715,1.5950555399133475,-0.043727404975816175,0.11192059516906738
GLD,1d,5,0.0,0.5,20,50,0.4305517402880792,0.878692828398707,0.46377835287807845,0.07815596010501422,5.934011331380523,0.2,0.3769434760116323,-0.002337301713329243,0.11234474182128906
GLD,1d,5,0.0,0.75,8,21,0.7874245113624221,1.0329046345574255,0.7641033376349554,0.05954965634835835,12.83136435187875,0.8285714285714286,1.308091622442441,-0.06811284898311554,0.1125643253326416
GLD,1d,5,0.0,0.75,9,21,0.7752743447124449,1.3195658672553008,0.7400923267957372,0.05266825323018024,14.051962641731311,0.8571428571428571,1.3682798412333081,-0.06825654433222328,0.10653162002563477
GLD,1d,5,0.0,0.75,10,30,0.7088074230114878,1.2564698546693318,0.6968415295745978,0.05029945246269441,13.853859146705904,0.6571428571428571,1.445108441193298,-0.04260043195769714,0.11070108413696289
GLD,1d,5,0.0,0.75,12,26,0.7192035162890204,0.6843214246888469,0.6941678885239798,0.053400471862249714,12.999283794994076,0.7714285714285715,1.628925151762697,-0.04842602466705492,0.11431765556335449
GLD,1d,5,0.0,0.75,20,50,0.5187012861654284,0.8371775543874318,0.5595723915794911,0.07207069843720959,7.7642149127638795,0.2,0.3769204965747563,-0.002337301713329243,0.13166189193725586
GLD,1d,5,0.0,1.0,8,21,0.930608481931023,1.116210379441489,0.9003188696790284,0.06409679938691645,14.046237539012019,0.8285714285714286,1.3548621481485799,-0.08204515063067785,0.11062383651733398
GLD,1d,5,0.0,1.0,9,21,0.9133848636189275,1.4694266455153828,0.8693253988945763,0.05513337273566053,15.76768036779822,0.8571428571428571,1.417017023193097,-0.08220936802042766,0.10958981513977051
GLD,1d,5,0.0,1.0,10,30,0.8315039761988842,1.3700744296462766,0.8152391054222798,0.05476329719378703,14.886596446840127,0.6571428571428571,1.4620646519630769,-0.051915577717236205,0.11350584030151367
GLD,1d,5,0.0,1.0,12,26,0.8514967960447288,0.698028101004881,0.8110254392652602,0.05348448916728375,15.163750311396097,0.7714285714285715,1.6551455226525358,-0.05312464435829345,0.11724066734313965
GLD,1d,5,0.0,1.0,20,50,0.5962572593629136,0.7938321500638783,0.6412105906511201,0.06899393851008627,9.293723542936762,0.2,0.3769023737921258,-0.002337301713329243,0.10779023170471191
GLD,1d,5,0.1,0.0,8,21,0.4308022105076076,0.5081905700676144,0.386212522169063,0.26725750505486295,1.4450951418175546,0.3142857142857143,0.31917698240449255,-0.048558017171456025,0.12061333656311035
GLD,1d,5,0.1,0.0,9,21,0.42646851181482986,0.5004632881415103,0.41464621886943565,0.2592536839114116,1.5993840959695773,0.3142857142857143,0.41567220613560796,-0.042355870320271105,0.11973309516906738
GLD,1d,5,0.1,0.0,10,30,0.43649061287297913,0.5169241227609755,0.46413285800542026,0.23589490894615495,1.967540800600163,0.22857142857142856,0.5298083398625313,-0.029962154269710273,0.10422205924987793
GLD,1d,5,0.1,0.0,12,26,0.28967650029234665,0.2882549779005352,0.47764514983724754,0.2171353582375298,2.1997575784720405,0.2857142857142857,0.4192590245408569,-0.05042469516761949,0.11008214950561523
GLD,1d,5,0.1,0.0,20,50,0.6372832491169708,0.9313845575237338,0.5271558226651916,0.1960374823048189,2.689056278765692,0.05714285714285714,0.09104008277449124,-0.002337301713329243,0.10988759994506836
GLD,1d,5,0.1,0.25,8,21,0.40453259969431904,0.7296514446918247,0.39874317327069186,0.06818493786899935,5.847965631893354,0.8285714285714286,1.1894809275967895,-0.043464026716147686,0.10567235946655273
GLD,1d,5,0.1,0.25,9,21,0.3998915397857139,0.7255307921194165,0.39783357018138277,0.06919830748942013,5.74918064639382,0.8571428571428571,1.2381237658687556,-0.03902878528457743,0.10791254043579102
GLD,1d,5,0.1,0.25,10,30,0.38058699912343014,0.7313525251551081,0.38840335534336723,0.05529585130098896,7.024095772198025,0.6571428571428571,1.3977386413425539,-0.02397014043861867,0.10738945007324219
GLD,1d,5,0.1,0.25,12,26,0.35230834097674296,0.4152840550131074,0.39201179847318796,0.06781034363227514,5.781002977938092,0.7714285714285715,1.553636571175849,-0.03902878528457743,0.10632681846618652
GLD,1d,5,0.1,0.25,20,50,0.3559400006647261,0.8883228324774144,0.3667936196403473,0.087776470631532,4.178723717202908,0.2,0.37697336548768007,-0.002337301713329243,0.11405777931213379
GLD,1d,5,0.1,0.5,8,21,0.6169727986317272,0.8992732674379793,0.6055631285733075,0.056687860920839085,10.682412755332876,0.8285714285714286,1.2587929564666143,-0.04904933983890036,0.1143331527709961
GLD,1d,5,0.1,0.5,9,21,0.6087414603242156,0.8996175871406871,0.5902592724465429,0.05316710923126291,11.10196286728832,0.8571428571428571,1.3098933870812461,-0.043727404975816175,0.14476490020751953
GLD,1d,5,0.1,0.5,10,30,0.5628990610258022,0.8890197309251071,0.5563480026960073,0.047837110030995306,11.630050442753133,0.6571428571428571,1.4240073708645897,-0.03328528619815785,0.10345172882080078
GLD,1d,5,0.1,0.5,12,26,0.5545682028516741,0.4864765415947707,0.5555760763846498,0.05341687611073667,10.400759401072131,0.7714285714285715,1.5982360250449361,-0.043727404975816175,0.10425066947937012
GLD,1d,5,0.1,0.5,20,50,0.4281704116554697,0.8433022652940578,0.4628115244155139,0.07353313240336505,6.293918255471115,0.2,0.3769434760116323,-0.002337301713329243,0.09659194946289062
GLD,1d,5,0.1,0.75,8,21,0.7963083125190424,1.0224055384988175,0.7796128925726002,0.05843523461751622,13.341486479441768,0.8285714285714286,1.3151251069578398,-0.05463465296165293,0.10894155502319336
GLD,1d,5,0.1,0.75,9,21,0.7855670888060651,1.0275328326094688,0.7544555285610451,0.05326827099799734,14.163319259778667,0.8571428571428571,1.3698608033956,-0.04842602466705492,0.11540412902832031
GLD,1d,5,0.1,0.75,10,30,0.720502646868618,0.9957651585129128,0.7036003083098572,0.05135484648595482,13.700757697762505,0.6571428571428571,1.445108441193298,-0.04260043195769714,0.11121964454650879
GLD,1d,5,0.1,0.75,12,26,0.722361519624593,0.5116372049396065,0.7003066650693445,0.05054629461985429,13.854757709465574,0.7714285714285715,1.6311709215584174,-0.04842602466705492,0.11803221702575684
GLD,1d,5,0.1,0.75,20,50,0.5168645622446764,0.7965063308007296,0.5616541732139573,0.07079512952131764,7.93351431110573,0.2,0.3769204965747563,-0.002337301713329243,0.11849093437194824
GLD,1d,5,0.1,1.0,8,21,0.9415545045642305,1.1042281788641692,0.9204568296837963,0.0624325851230285,14.743211863964323,0.8285714285714286,1.360498026989514,-0.060219966084405274,0.10759329795837402
GLD,1d,5,0.1,1.0,9,21,0.9289034469344976,1.1140027745016212,0.8877761737059993,0.0572631523682248,15.503445706188964,0.8571428571428571,1.4183661525798028,-0.053701605400934826,0.10870599746704102
GLD,1d,5,0.1,1.0,10,30,0.8489480094954185,1.0574161554640522,0.8239363071141648,0.05596209308548711,14.72311455283719,0.6571428571428571,1.4620646519630769,-0.051915577717236205,0.1047055721282959
GLD,1d,5,0.1,1.0,12,26,0.8577728676928718,0.49961538341551637,0.8188338414366008,0.050397234988221455,16.247594567995126,0.7714285714285715,1.6569007946476146,-0.05312464435829345,0.1057119369506836
GLD,1d,5,0.1,1.0,20,50,0.594728669675273,0.7481196099024243,0.6454471895494819,0.07052442386778271,9.152108647630342,0.2,0.3769023737921258,-0.002337301713329243,0.10414242744445801
GLD,1d,5,0.25,0.0,8,21,0.4623667135840582,0.5664184567691171,0.3739841755774605,0.25693247070694686,1.4555738110813599,0.3142857142857143,0.31917698240449255,-0.048558017171456025,0.11120033264160156
GLD,1d,5,0.25,0.0,9,21,0.3225459331720937,0.3395068277196811,0.40506080976510095,0.24445661801475324,1.6569844296080996,0.3142857142857143,0.41567220613560796,-0.042355870320271105,0.1096334457397461
GLD,1d,5,0.25,0.0,10,30,0.5227597334253734,0.662269492794473,0.4791866208938701,0.21528690454552699,2.2258047785369866,0.22857142857142856,0.5298083398625313,-0.029962154269710273,0.11008501052856445
GLD,1d,5,0.25,0.0,12,26,0.29967213465683357,0.30256103594632444,0.47358488913428565,0.23003713559785974,2.0587323342531305,0.2857142857142857,0.4192590245408569,-0.05042469516761949,0.11455321311950684
GLD,1d,5,0.25,0.0,20,50,0.5510831213810482,0.7500877917341862,0.5216412460054257,0.17085344794093904,3.0531502424566095,0.05714285714285714,0.09104008277449124,-0.002337301713329243,0.09738469123840332
GLD,1d,5,0.25,0.25,8,21,0.4198363776229367,0.8119586107793477,0.3973126482142229,0.06451602812765511,6.158355679120192,0.8285714285714286,1.1894809275967895,-0.043464026716147686,0.11259055137634277
GLD,1d,5,0.25,0.25,9,21,0.38556489884162026,0.4954725594888689,0.40051873478627875,0.05881100003471614,6.810269074660395,0.8571428571428571,1.2381237658687556,-0.03902878528457743,0.1150510311126709
GLD,1d,5,0.25,0.25,10,30,0.40788758561745364,0.9484570835812023,0.39389572029611386,0.043251049113007596,9.10719458542917,0.6571428571428571,1.3977386413425539,-0.02397014043861867,0.10890936851501465
GLD,1d,5,0.25,0.25,12,26,0.3573264558569168,0.4343127536404552,0.3962391183047867,0.07097944635748944,5.582448703658806,0.7714285714285715,1.553636571175849,-0.03902878528457743,0.10808992385864258
GLD,1d,5,0.25,0.25,20,50,0.3281303518632839,0.6688342952684152,0.3641352291845369,0.08112753374086945,4.488429666155342,0.2,0.37697336548768007,-0.002337301713329243,0.11277914047241211
GLD,1d,5,0.25,0.5,8,21,0.6398990745137599,1.0062679639395915,0.6123205798583795,0.05784834036926681,10.584929074018659,0.8285714285714286,1.2587929564666143,-0.04904933983890036,0.10610795021057129
GLD,1d,5,0.25,0.5,9,21,0.612543262634453,0.5987593138685412,0.6034999783975503,0.04696784493168239,12.849215868332431,0.8571428571428571,1.3098933870812461,-0.043727404975816175,0.10602664947509766
GLD,1d,5,0.25,0.5,10,30,0.5947142292333523,1.1889323236507625,0.5673536369821495,0.04193075468399767,13.530728012359688,0.6571428571428571,1.4240073708645897,-0.03328528619815785,0.10320758819580078
GLD,1d,5,0.25,0.5,12,26,0.5625072191345212,0.5097335001394301,0.5647658779218203,0.05195219663035242,10.870875815708299,0.7714285714285715,1.5982360250449361,-0.043727404975816175,0.10983037948608398
GLD,1d,5,0.25,0.5,20,50,0.417601717836858,0.5885874059973517,0.46445759120748387,0.07253948258833923,6.402824705040642,0.2,0.3769434760116323,-0.002337301713329243,0.10436773300170898
GLD,1d,5,0.25,0.75,8,21,0.8258943553370162,1.1536025225950102,0.7918952303670282,0.06039996453951924,13.110855882190082,0.8285714285714286,1.3151251069578398,-0.05463465296165293,0.1364889144897461
GLD,1d,5,0.25,0.75,9,21,0.8001028050497268,0.6575868132615963,0.7753507212984618,0.05047565431463019,15.360885001419964,0.8571428571428571,1.3698608033956,-0.04842602466705492,0.11773538589477539
GLD,1d,5,0.25,0.75,10,30,0.758277104123481,1.38591935664786,0.7189896767906009,0.04805219589410437,14.962680964155798,0.6571428571428571,1.445108441193298,-0.04260043195769714,0.10406351089477539
GLD,1d,5,0.25,0.75,12,26,0.7328916212519975,0.5384267146357393,0.7131885257132796,0.048019799861387505,14.85196789182687,0.7714285714285715,1.6311709215584174,-0.04842602466705492,0.10666322708129883
GLD,1d,5,0.25,0.75,20,50,0.514934556525563,0.5095573647330534,0.5659826756152118,0.07164414312636175,7.899915483907241,0.2,0.3769204965747563,-0.002337301713329243,0.10983777046203613
GLD,1d,5,0.25,1.0,8,21,0.9765470164635802,1.2582905952049996,0.9369257647577347,0.06397022848362417,14.646278229216886,0.8285714285714286,1.360498026989514,-0.060219966084405274,0.15912127494812012
GLD,1d,5,0.25,1.0,9,21,0.9512315744465936,0.6793515792108167,0.9146041541641485,0.05692874383520428,16.065770866325785,0.8571428571428571,1.4183661525798028,-0.053701605400934826,0.11181759834289551
GLD,1d,5,0.25,1.0,10,30,0.8919133145278552,1.5418822924111097,0.8427970657554351,0.053874984133399154,15.643569632774206,0.6571428571428571,1.4620646519630769,-0.051915577717236205,0.10597705841064453
GLD,1d,5,0.25,1.0,12,26,0.8703991801649452,0.5291419405556301,0.8345935319202974,0.048222049891293764,17.30730099200903,0.7714285714285715,1.6569007946476146,-0.05312464435829345,0.10580039024353027
GLD,1d,5,0.25,1.0,20,50,0.5985688451273244,0.43193703821464724,0.6517334583572485,0.07210022038962477,9.039271375806127,0.2,0.3769023737921258,-0.002337301713329243,0.10650157928466797
GLD,1d,5,0.4,0.0,8,21,0.5229766217650492,0.6742061113838163,0.35808456424260005,0.24630037251397546,1.4538531167762718,0.3142857142857143,0.31917698240449255,-0.048558017171456025,0.10539984703063965
GLD,1d,5,0.4,0.0,9,21,0.2598310709812359,0.251324598078315,0.39087807572089833,0.24917567709206093,1.5686847138634794,0.3142857142857143,0.41567220613560796,-0.042355870320271105,0.10576558113098145
GLD,1d,5,0.4,0.0,10,30,0.5507204737595551,0.7167959853344861,0.47441749875829775,0.17749118139022982,2.6729074371038726,0.22857142857142856,0.5298083398625313,-0.029962154269710273,0.10246872901916504
GLD,1d,5,0.4,0.0,12,26,0.2885866331057147,0.2879769813721962,0.4816020193382277,0.19708405933893866,2.4436376080014894,0.2857142857142857,0.4192590245408569,-0.05042469516761949,0.103057861328125
GLD,1d,5,0.4,0.0,20,50,0.4552187814036357,0.559868329530548,0.5366767012322277,0.16782252288408073,3.1978824534947785,0.05714285714285714,0.09104008277449124,-0.002337301713329243,0.09738683700561523
GLD,1d,5,0.4,0.25,8,21,0.43662364280311217,0.9684207010077095,0.40284028180363995,0.06291124422255565,6.403311312339443,0.8285714285714286,1.1894809275967895,-0.043464026716147686,0.10879302024841309
GLD,1d,5,0.4,0.25,9,21,0.3821863562213686,0.37256146235857424,0.3943016993349603,0.059319617320850844,6.647070853512793,0.8571428571428571,1.2381237658687556,-0.03902878528457743,0.10932087898254395
GLD,1d,5,0.4,0.25,10,30,0.41436541064976606,1.0280285514338128,0.39484743299483416,0.04579118747510771,8.622782128318358,0.6571428571428571,1.3977386413425539,-0.02397014043861867,0.10253095626831055
GLD,1d,5,0.4,0.25,12,26,0.35571638330115657,0.42014975548890243,0.3989053132316825,0.06686082084302084,5.966204246403918,0.7714285714285715,1.553636571175849,-0.03902878528457743,0.11382555961608887
GLD,1d,5,0.4,0.25,20,50,0.3006127817351581,0.44308350367301763,0.36837616312817045,0.07777339257481011,4.736532005773439,0.2,0.37697336548768007,-0.002337301713329243,0.1268634796142578
GLD,1d,5,0.4,0.5,8,21,0.6587470057771505,1.2149675961985946,0.6252422580516062,0.05096517783145438,12.268028576675013,0.8285714285714286,1.2587929564666143,-0.04904933983890036,0.12433290481567383
GLD,1d,5,0.4,0.5,9,21,0.6233643289948676,0.44128076066617594,0.6074863978197357,0.04591451634845248,13.230813392640924,0.8571428571428571,1.3098933870812461,-0.043727404975816175,0.12030482292175293
GLD,1d,5,0.4,0.5,10,30,0.5987688234355771,1.2958114256238957,0.5723827699014901,0.04324363452550187,13.236231787222728,0.6571428571428571,1.4240073708645897,-0.03328528619815785,0.1341700553894043
GLD,1d,5,0.4,0.5,12,26,0.5618335152364498,0.496697368959121,0.5704089389088138,0.05092057505424596,11.201934351706637,0.7714285714285715,1.5982360250449361,-0.043727404975816175,0.1114506721496582
GLD,1d,5,0.4,0.5,20,50,0.414382332075085,0.3318359072257986,0.4686737056905823,0.07116911670319478,6.585352290448527,0.2,0.3769434760116323,-0.002337301713329243,0.1031649112701416
GLD,1d,5,0.4,0.75,8,21,0.8480493307386822,1.415981139848712,0.8098294553875751,0.05005069894874911,16.180182742639097,0.8285714285714286,1.3151251069578398,-0.05463465296165293,0.12016654014587402
GLD,1d,5,0.4,0.75,9,21,0.8198249639922895,0.4673574928980522,0.786676435607468,0.046165086577963206,17.0405060170078,0.8571428571428571,1.3698608033956,-0.04842602466705492,0.11118412017822266
GLD,1d,5,0.4,0.75,10,30,0.7615210210856065,1.5213844536936043,0.7269074834361573,0.045892042817049984,15.83951026834861,0.6571428571428571,1.445108441193298,-0.04260043195769714,0.10990524291992188
GLD,1d,5,0.4,0.75,12,26,0.7325734077292707,0.526921914017243,0.7211314209552929,0.04636085355708154,15.554748578289308,0.7714285714285715,1.6311709215584174,-0.04842602466705492,0.10234379768371582
GLD,1d,5,0.4,0.75,20,50,0.5246702378246827,0.226163977025712,0.5707124369658011,0.07159325862822981,7.971594643140946,0.2,0.3769204965747563,-0.002337301713329243,0.09696006774902344
GLD,1d,5,0.4,1.0,8,21,1.0016657168942205,1.5739402171886994,0.9586507602677754,0.05154980684526033,18.596592672896058,0.8285714285714286,1.360498026989514,-0.060219966084405274,0.10580039024353027
GLD,1d,5,0.4,1.0,9,21,0.9775628429352833,0.45940396660632254,0.9316566004098531,0.049639934219749875,18.768288376159486,0.8571428571428571,1.4183661525798028,-0.053701605400934826,0.11085677146911621
GLD,1d,5,0.4,1.0,10,30,0.8947253271965102,1.706330039693952,0.8529327525889338,0.04904105020386014,17.392220375447778,0.6571428571428571,1.4620646519630769,-0.051915577717236205,0.10909819602966309
GLD,1d,5,0.4,1.0,12,26,0.8702680806861072,0.5193462902788337,0.8443418302390062,0.045025416965669945,18.75255993482043,0.7714285714285715,1.6569007946476146,-0.05312464435829345,0.10979461669921875
GLD,1d,5,0.4,1.0,20,50,0.6172381190677795,0.1260714494103401,0.6569647550358094,0.0730860323220244,8.988923521544537,0.2,0.3769023737921258,-0.002337301713329243,0.10476326942443848
GLD,1d,5,0.55,0.0,8,21,0.44162099160231244,0.5305284898979215,0.3385611123130071,0.24096341138267577,1.4050312052369467,0.34285714285714286,0.32307737312320456,-0.048558017171456025,0.10704994201660156
GLD,1d,5,0.55,0.0,9,21,0.3647352472560744,0.40257324811029926,0.3748421755785196,0.2550317039473012,1.469786578597207,0.34285714285714286,0.3562721111459794,-0.04860763837403148,0.11701416969299316
GLD,1d,5,0.55,0.0,10,30,0.560700244667197,0.7396944714276854,0.4414943659676058,0.17218272362917517,2.564103742013276,0.22857142857142856,0.440680846048939,-0.03379662833001751,0.10963249206542969
GLD,1d,5,0.55,0.0,12,26,0.4222029083189819,0.48795070266221785,0.4927981726471883,0.18954652448315717,2.5998797603433643,0.2857142857142857,0.42246391533996674,-0.05428976559573773,0.1106710433959961
GLD,1d,5,0.55,0.0,20,50,0.4589387789200579,0.5710787099825709,0.5086364130393518,0.19136499555949613,2.65793862431447,0.05714285714285714,0.09104008277449124,-0.002337301713329243,0.12249159812927246
GLD,1d,5,0.55,0.25,8,21,0.42467055111740265,0.7574462823982875,0.4063288307309844,0.059675163007212276,6.809010822171964,0.8571428571428571,1.1307167337419757,-0.04459487118995442,0.1182565689086914
GLD,1d,5,0.55,0.25,9,21,0.4083100777342071,0.5850701158627458,0.40003496301027797,0.05540604525371528,7.220059854090622,0.8571428571428571,1.1176704002449833,-0.040163800600410804,0.11024308204650879
GLD,1d,5,0.55,0.25,10,30,0.41972739617667376,1.0641809077205981,0.3944917041267516,0.040327023730788225,9.782316363346483,0.6857142857142857,1.3159998515773188,-0.017723229038405286,0.1097404956817627
GLD,1d,5,0.55,0.25,12,26,0.38589085889555697,0.7040392966041253,0.40640552951743636,0.06203645671461181,6.551075787371868,0.7714285714285715,1.323841981737787,-0.040163800600410804,0.10835146903991699
GLD,1d,5,0.55,0.25,20,50,0.3089241904202605,0.4554483807648795,0.36926774954609776,0.08136261897839756,4.538543058012198,0.2,0.37304853897768453,-0.002337301713329243,0.10309290885925293
GLD,1d,5,0.55,0.5,8,21,0.6589720237208913,0.9305118810072,0.6396282070294845,0.05143445527375422,12.435792381296427,0.8571428571428571,1.2116257724442725,-0.050406262730862905,0.1131126880645752
GLD,1d,5,0.55,0.5,9,21,0.6481524049404525,0.7158573444575773,0.6257804913193781,0.04620327092576015,13.544073369283488,0.8571428571428571,1.2035988796549741,-0.045089332544509864,0.1198873519897461
GLD,1d,5,0.55,0.5,10,30,0.6070207174177614,1.348082333146142,0.5827189703355016,0.0359079540354188,16.228130674354787,0.6857142857142857,1.3575567581509866,-0.025789492320793972,0.13126635551452637
GLD,1d,5,0.55,0.5,12,26,0.5812027643162752,0.8667615221192853,0.5836872435749929,0.048201863328288276,12.109225728467717,0.7714285714285715,1.3786619648191176,-0.045089332544509864,0.10352945327758789
GLD,1d,5,0.55,0.5,20,50,0.4328725937218644,0.3448707647489171,0.47861810446767283,0.07082229793831128,6.758014331652527,0.2,0.37368002259933963,-0.002337301713329243,0.09635519981384277
GLD,1d,5,0.55,0.75,8,21,0.8553205690697817,1.0547466239126657,0.8319353039888007,0.0519698346074156,16.008042170488096,0.8571428571428571,1.2805412412308599,-0.05621765427177128,0.1048727035522461
GLD,1d,5,0.55,0.75,9,21,0.8466617786700726,0.8019887038986351,0.8139562102198277,0.04944610824653454,16.46148178460282,0.8571428571428571,1.2770329915427083,-0.05001486448860892,0.11445498466491699
GLD,1d,5,0.55,0.75,10,30,0.772242974000201,1.592390094425788,0.7442488341537085,0.03749963717694109,19.846827601077557,0.6857142857142857,1.3929213655811137,-0.03385575560318277,0.12316608428955078
GLD,1d,5,0.55,0.75,12,26,0.7479605187487359,0.981245277727157,0.7391410734596816,0.04524605338201411,16.33603415571047,0.7714285714285715,1.4245101701519678,-0.05001486448860892,0.10550928115844727
GLD,1d,5,0.55,0.75,20,50,0.550734475652458,0.23946112787048612,0.5859007251502555,0.06965839167041665,8.411057319876116,0.2,0.37412820207343955,-0.002337301713329243,0.12717199325561523
GLD,1d,5,0.55,1.0,8,21,1.0140196210567212,1.1352568272350743,0.9867080604621521,0.054015015928094025,18.267291854096268,0.8571428571428571,1.3366344175378881,-0.06202904581267954,0.11342978477478027
GLD,1d,5,0.55,1.0,9,21,1.006635849481968,0.8499344465725047,0.9658862001021765,0.05454966539203757,17.70654674342262,0.8571428571428571,1.3366873436873317,-0.05494039643270776,0.11857175827026367
GLD,1d,5,0.55,1.0,10,30,0.9074318961260329,1.7983641574274305,0.8755383534029617,0.04027444365505236,21.739303487389748,0.6857142857142857,1.4216435057064143,-0.04192201888557112,0.11648392677307129
GLD,1d,5,0.55,1.0,12,26,0.8833967917884263,1.0526528042470709,0.8661387015539057,0.04534758952644253,19.09999430176666,0.7714285714285715,1.4616038744752267,-0.05494039643270776,0.11053705215454102
GLD,1d,5,0.55,1.0,20,50,0.6491749144002072,0.139293822035075,0.6758611388406881,0.07035436155799966,9.606527923411155,0.2,0.3744626217558259,-0.002337301713329243,0.1079556941986084
GLD,1d,5,0.7,0.0,8,21,0.3831199647058124,0.42485148320015065,0.31564739185679647,0.20070960601838364,1.5726571244820504,0.34285714285714286,0.3681782191188074,-0.04366879379060995,0.1106717586517334
GLD,1d,5,0.7,0.0,9,21,0.25483311636237266,0.24091278187110166,0.35675619551453436,0.2308918411007764,1.545122572602392,0.34285714285714286,0.421914565533696,-0.03674087439686469,0.11020994186401367
GLD,1d,5,0.7,0.0,10,30,0.5101383315041169,0.6443389999390998,0.4459821866184317,0.16667654390022119,2.6757345465803115,0.22857142857142856,0.440680846048939,-0.03379662833001751,0.10519146919250488
GLD,1d,5,0.7,0.0,12,26,0.4441606611818537,0.5207815152291779,0.47801150372289847,0.19257497329519582,2.4822098923008054,0.2857142857142857,0.4747722405491505,-0.03583623689452875,0.1262526512145996
GLD,1d,5,0.7,0.0,20,50,0.44441132414636325,0.546846179199393,0.4476656310969215,0.181341968698575,2.4686267294308872,0.05714285714285714,0.09104008277449124,-0.002337301713329243,0.11654043197631836
GLD,1d,5,0.7,0.25,8,21,0.4225736275117348,0.6167912960704338,0.41051696400134957,0.05435464632313259,7.552564348609131,0.8571428571428571,1.1261880928207768,-0.03091633934932614,0.10934281349182129
GLD,1d,5,0.7,0.25,9,21,0.39850506950618464,0.3587627342777775,0.40479370646886287,0.05246516321236075,7.7154759784201685,0.8571428571428571,1.1278179022234045,-0.040645469063480544,0.11280059814453125
GLD,1d,5,0.7,0.25,10,30,0.41367640366926584,0.9238024032936312,0.396825720201158,0.04577885407213069,8.66831921078466,0.6857142857142857,1.3158797118023624,-0.017723229038405286,0.11350798606872559
GLD,1d,5,0.7,0.25,12,26,0.3960043014559014,0.7521708648177818,0.4058038537379683,0.05372807094700146,7.552920597842831,0.7714285714285715,1.3145825110954956,-0.040645469063480544,0.11406397819519043
GLD,1d,5,0.7,0.25,20,50,0.3050191736017095,0.4283125879166605,0.35321470007603767,0.07251425638530465,4.870969071229672,0.2,0.37304853897768453,-0.002337301713329243,0.09696769714355469
GLD,1d,5,0.7,0.5,8,21,0.6737420439668103,0.756228977164636,0.6558000084019829,0.04821367252812094,13.60195094077273,0.8571428571428571,1.2150705339947354,-0.03399311891409573,0.10714530944824219
GLD,1d,5,0.7,0.5,9,21,0.6584614968251538,0.4245500177258108,0.641643797472871,0.0475081245161373,13.505980377207292,0.8571428571428571,1.2139922495247657,-0.045667296162863025,0.10819387435913086
GLD,1d,5,0.7,0.5,10,30,0.6126568133168502,1.1578788449446824,0.5909180138602397,0.041806934680486026,14.134449664305548,0.6857142857142857,1.3574376720415724,-0.025789492320793972,0.10694003105163574
GLD,1d,5,0.7,0.5,12,26,0.5970861970093748,0.9315695492030247,0.5952602277191247,0.04185859976190465,14.220739133774579,0.7714285714285715,1.3735235527828185,-0.045667296162863025,0.11005330085754395
GLD,1d,5,0.7,0.5,20,50,0.43071376850311316,0.3157970887312045,0.4782578397003787,0.06681235426913593,7.158224626748569,0.2,0.37368002259933963,-0.002337301713329243,0.09799790382385254
GLD,1d,5,0.7,0.75,8,21,0.8810978992912016,0.8492079044713057,0.8564967134784427,0.048878281184963894,17.52305303530029,0.8571428571428571,1.2920289922191537,-0.037069898478865104,0.12415909767150879
GLD,1d,5,0.7,0.75,9,21,0.8690123363803886,0.4483347646145772,0.8376247985020505,0.05231654165928049,16.01070659366612,0.8571428571428571,1.2887117006977817,-0.050689123262245284,0.12251543998718262
GLD,1d,5,0.7,0.75,10,30,0.7848421606030747,1.3492154378093661,0.7572992909667529,0.044763676501084065,16.91771878809849,0.6857142857142857,1.3928074401550374,-0.03385575560318277,0.11936807632446289
GLD,1d,5,0.7,0.75,12,26,0.7687175866175953,1.0634509817383324,0.759376287243764,0.03984229417540094,19.059552241161132,0.7714285714285715,1.4233117706090035,-0.050689123262245284,0.11693406105041504
GLD,1d,5,0.7,0.75,20,50,0.549326453058521,0.20928233913183347,0.5945070907643514,0.0688532743278894,8.63440550311698,0.2,0.37412820207343955,-0.002337301713329243,0.10802674293518066
GLD,1d,5,0.7,1.0,8,21,1.0480649013955046,0.9016203887351721,1.0177220817989006,0.05075930873742243,20.04995944809986,0.8571428571428571,1.3547732264973793,-0.04261968676602468,0.12089133262634277
GLD,1d,5,0.7,1.0,9,21,1.037780383904278,0.43883027878558245,0.9955522526333539,0.05818897443207197,17.10894997463018,0.8571428571428571,1.3496294722828328,-0.05668005184889857,0.11021733283996582
GLD,1d,5,0.7,1.0,10,30,0.925095418681166,1.5006000837682154,0.8925119617644807,0.048923612683594304,18.24296924956585,0.6857142857142857,1.4215362042051383,-0.04192201888557112,0.10810375213623047
GLD,1d,5,0.7,1.0,12,26,0.9080744203125194,1.1523832666469946,0.8930784942389991,0.040511576066370944,22.04501974388383,0.7714285714285715,1.463589124196654,-0.05571095036162743,0.10951447486877441
GLD,1d,5,0.7,1.0,20,50,0.6482051854999682,0.1087192215544448,0.690848194667976,0.07198254897395609,9.597439997824068,0.2,0.3744626217558259,-0.002337301713329243,0.09769320487976074
GLD,1d,5,0.85,0.0,8,21,0.30026583572515503,0.3079178776459266,0.27571644612555696,0.1409857475294224,1.9556334661985428,0.34285714285714286,0.18220581622831586,-0.0402457117342242,0.11364984512329102
GLD,1d,5,0.85,0.0,9,21,0.24563859888981995,0.23232380104256412,0.2833044244039541,0.1734929059156021,1.6329452948454921,0.3142857142857143,0.1330733533868762,-0.05043641541186228,0.11297059059143066
GLD,1d,5,0.85,0.0,10,30,0.3631721700475797,0.4026948156090022,0.4338866500225305,0.1548781739467123,2.8014705943770646,0.2571428571428571,0.40503863070943075,-0.037158426245197496,0.10194706916809082
GLD,1d,5,0.85,0.0,12,26,0.33851378497976686,0.36104842794084835,0.41638207734140015,0.15300294422925692,2.7213991171143777,0.2857142857142857,0.31077430457191846,-0.03734236466279106,0.1053628921508789
GLD,1d,5,0.85,0.0,20,50,0.39683574241390773,0.4642398917617565,0.39446451739943045,0.16470713598951858,2.394944912553958,0.05714285714285714,0.03269685662651892,-0.014758550417404148,0.09944725036621094
GLD,1d,5,0.85,0.25,8,21,0.42461862777285075,0.45455836079334144,0.4152690796149325,0.0433881983269697,9.57101459907371,0.8571428571428571,1.0167135616813023,-0.029782662158597817,0.10945963859558105
GLD,1d,5,0.85,0.25,9,21,0.411822261361563,0.3483626330658822,0.40622305895411054,0.04182987438646157,9.711314339628677,0.8571428571428571,0.9961437942166238,-0.039523173441641024,0.11325240135192871
GLD,1d,5,0.85,0.25,10,30,0.39414978788538163,0.5834100760240561,0.40223803456770846,0.04151268043503947,9.689522101497275,0.6857142857142857,1.1891294646127433,-0.022388677461001483,0.11142802238464355
GLD,1d,5,0.85,0.25,12,26,0.39172468843560965,0.5277205992206824,0.4000420207294638,0.05027014039145117,7.957845703520138,0.7714285714285715,1.2298316924268453,-0.04391386390661112,0.11067366600036621
GLD,1d,5,0.85,0.25,20,50,0.34564855318251914,0.6739105414623263,0.34137395250404456,0.0620841394942612,5.498569445995137,0.2,0.2685195909501168,-0.024188732020388737,0.1023859977722168
GLD,1d,5,0.85,0.5,8,21,0.6981633125161313,0.5492524956725342,0.6783220278581542,0.04183349121245646,16.21480799709528,0.8571428571428571,1.133619815326804,-0.03286304107701954,0.10963845252990723
GLD,1d,5,0.85,0.5,9,21,0.6863432944882877,0.41379171488892763,0.6647373094353313,0.03957731516672949,16.795917222655365,0.8571428571428571,1.121632909444344,-0.04455087529783708,0.11188673973083496
GLD,1d,5,0.85,0.5,10,30,0.6181556852926505,0.7124404647227942,0.6088467725964477,0.04008609052176372,15.188479711332535,0.6857142857142857,1.259621444125558,-0.0425125807030905,0.1055605411529541
GLD,1d,5,0.85,0.5,12,26,0.6211932528729065,0.6424246076889248,0.6071677378894534,0.04117510456980219,14.745991400219784,0.7714285714285715,1.315511351700893,-0.05048536315043106,0.10506558418273926
GLD,1d,5,0.85,0.5,20,50,0.48820857601942774,0.832709920106478,0.48291039595556884,0.0677687070810424,7.1258611349641345,0.2,0.2754785880826156,-0.046112689821865005,0.1016228199005127
GLD,1d,5,0.85,0.75,8,21,0.9204244429360705,0.6002124257346819,0.8917333554041434,0.04493370144449832,19.845535238302237,0.8571428571428571,1.2334957336959431,-0.045702560065394304,0.10956764221191406
GLD,1d,5,0.85,0.75,9,21,0.9078933268137741,0.43839372368331064,0.8751500725003953,0.04260017158368858,20.543346187729593,0.8571428571428571,1.2271342393362747,-0.05422812784514852,0.11594700813293457
GLD,1d,5,0.85,0.75,10,30,0.8047500798070154,0.7965727625996102,0.7841739406688248,0.042034359696169914,18.655546232580704,0.6857142857142857,1.316314637158916,-0.06263648394517918,0.1108553409576416
GLD,1d,5,0.85,0.75,12,26,0.8110357887264887,0.7124074653986325,0.7824623016947628,0.03915604832130219,19.983178467707564,0.7714285714285715,1.3827785783376652,-0.06263648394517918,0.10568404197692871
GLD,1d,5,0.85,0.75,20,50,0.6159443905953251,0.9461947123765433,0.6092148503950534,0.07510551036253149,8.111453440025853,0.2,0.28098679641269114,-0.0680366476233416,0.1009211540222168
GLD,1d,5,0.85,1.0,8,21,1.0986995426773953,0.6148939034883913,1.0628196232797378,0.04862660046677794,21.85675356857126,0.8571428571428571,1.3144182577228332,-0.06164538145454046,0.11082148551940918
GLD,1d,5,0.85,1.0,9,21,1.085301494056062,0.4306174186245133,1.044008804380303,0.04622555702678703,22.585099488910764,0.8571428571428571,1.3121814094153197,-0.06533931450817476,0.11307835578918457
GLD,1d,5,0.85,1.0,10,30,0.9553635983630094,0.8421258639623557,0.9262964937040244,0.04457753592041583,20.779445848189983,0.6857142857142857,1.3616906404755587,-0.08276038718726819,0.10605907440185547
GLD,1d,5,0.85,1.0,12,26,0.9640046626924783,0.74437543332212,0.924470147832861,0.03950266253031988,23.40273005960783,0.7714285714285715,1.4361864281708825,-0.08276038718726819,0.10983753204345703
GLD,1d,5,0.85,1.0,20,50,0.7209118464174543,1.0196583530839094,0.712901666739911,0.08126928878407477,8.77209186158903,0.2,0.28542598379818496,-0.08996060542481776,0.10673689842224121
GLD,1d,5,1.0,0.0,8,21,0.27174717562714196,0.2691012965160213,0.2758026894358861,0.16084633758185463,1.7146967321872046,0.37142857142857144,0.1410177990020478,-0.0402457117342242,0.11932969093322754
GLD,1d,5,1.0,0.0,9,21,0.2716906768380312,0.2686010066818709,0.28680785671014697,0.16248997805070817,1.7650802846477276,0.34285714285714286,0.128072647002381,-0.03491367068125839,0.10789728164672852
GLD,1d,5,1.0,0.0,10,30,0.3386225360457298,0.36710577874966877,0.400181781135829,0.16676771895012898,2.399635754779984,0.2857142857142857,0.4152391840616775,-0.037158426245197496,0.10526180267333984
GLD,1d,5,1.0,0.0,12,26,0.3652781985377739,0.40706592693588495,0.4200990345721041,0.16067570587158075,2.614577183857939,0.3142857142857143,0.36863930828614977,-0.03720821427784293,0.10699009895324707
GLD,1d,5,1.0,0.0,20,50,0.45985771932139535,0.5732992090128703,0.3631992300181482,0.18384947596143605,1.9755249674703028,0.05714285714285714,0.03269685662651892,-0.014758550417404148,0.0988161563873291
GLD,1d,5,1.0,0.25,8,21,0.42777964828988024,0.40044713233898066,0.4190080461875554,0.03731687595864631,11.228379531338323,0.8571428571428571,0.9988584825556586,-0.036714877835121396,0.10996127128601074
GLD,1d,5,1.0,0.25,9,21,0.4215186399821933,0.39610697276360796,0.41426477921539095,0.03972995226340811,10.427014270463525,0.8571428571428571,1.0064529770208157,-0.046385793036565315,0.11165475845336914
GLD,1d,5,1.0,0.25,10,30,0.39481163744172626,0.53346856069945,0.40376780418924874,0.04521245666328395,8.930454878757779,0.6857142857142857,1.188668400118948,-0.022388677461001483,0.11240768432617188
GLD,1d,5,1.0,0.25,12,26,0.39795203091498066,0.5934941153057487,0.4061220102146087,0.048084458057320124,8.446014089011507,0.7714285714285715,1.210366425255774,-0.046425372183577895,0.10829615592956543
GLD,1d,5,1.0,0.25,20,50,0.3640679999330783,0.8326835528833303,0.3386024853104151,0.057856749806813754,5.852428393247525,0.2,0.2685195909501168,-0.024188732020388737,0.1004939079284668
GLD,1d,5,1.0,0.5,8,21,0.7112431886633439,0.47992071493873234,0.6936059975953937,0.034672513741212475,20.004491245495103,0.8571428571428571,1.1299213710309963,-0.04668345373405913,0.12240839004516602
GLD,1d,5,1.0,0.5,9,21,0.6997197532784248,0.4715358952067503,0.6818303817586138,0.03756234364296265,18.151965922029348,0.8571428571428571,1.131313939214705,-0.058204268495524736,0.10991764068603516
GLD,1d,5,1.0,0.5,10,30,0.6271421108591184,0.6479850503422129,0.6219417823717335,0.04118789509748325,15.100110867518856,0.6857142857142857,1.2610360101246558,-0.0425125807030905,0.10449051856994629
GLD,1d,5,1.0,0.5,12,26,0.6251480124744865,0.728894435107996,0.6208735023988312,0.040612921393402265,15.287585357001545,0.7714285714285715,1.2990418778995036,-0.05828301242837941,0.10316872596740723
GLD,1d,5,1.0,0.5,20,50,0.49987665275718374,1.045321029492528,0.4898543866500159,0.06404476917585723,7.648624438085646,0.2,0.2754785880826156,-0.046112689821865005,0.09868597984313965
GLD,1d,5,1.0,0.75,8,21,0.9403816785175836,0.5164840908258417,0.9159759393232131,0.03697415342460217,24.773412086123205,0.8571428571428571,1.2415597473947846,-0.056608010936989306,0.1092061996459961
GLD,1d,5,1.0,0.75,9,21,0.9248538504353238,0.5042001089081409,0.8991922058680955,0.039678971463110585,22.66168130653466,0.8571428571428571,1.2379454148029319,-0.06995089796232334,0.10610008239746094
GLD,1d,5,1.0,0.75,10,30,0.8193603807482168,0.7181193772826964,0.8051686951737407,0.042397355953929926,18.991011987838533,0.6857142857142857,1.3197839952113959,-0.06263648394517918,0.10299372673034668
GLD,1d,5,1.0,0.75,12,26,0.8142115063520933,0.8196259594060562,0.80204031462101,0.03873687291321069,20.704828611694282,0.7714285714285715,1.370288976729937,-0.07006839231984996,0.10760164260864258
GLD,1d,5,1.0,0.75,20,50,0.6250466112570615,1.2147759154043682,0.6225161712142524,0.07413661846137977,8.396878413581026,0.2,0.28098679641269114,-0.0680366476233416,0.10502171516418457
GLD,1d,5,1.0,1.0,8,21,1.1239406350815535,0.5181467410373606,1.0942034212158243,0.04002517982714885,27.33787645530158,0.8571428571428571,1.3318897256299727,-0.06648854944391158,0.10791754722595215
GLD,1d,5,1.0,1.0,9,21,1.1052549422269489,0.5023447540438997,1.0735446365441519,0.042369308063244064,25.337790150872586,0.8571428571428571,1.3242482328014755,-0.08162568143696058,0.10707569122314453
GLD,1d,5,1.0,1.0,10,30,0.9742437260980861,0.7507078137393384,0.953319092970015,0.044616154339288214,21.367128276462385,0.6857142857142857,1.3669178251449516,-0.08276038718726819,0.1103370189666748
GLD,1d,5,1.0,1.0,12,26,0.9667577808233444,0.8716622950471207,0.9486827278078526,0.03848325427203574,24.65183222556162,0.7714285714285715,1.427329780184921,-0.08276038718726819,0.10362768173217773
GLD,1d,5,1.0,1.0,20,50,0.7285521649053175,1.34459452330477,0.7309886104179324,0.08289838871624546,8.817886833965469,0.2,0.28542598379818496,-0.08996060542481776,0.10081815719604492
GLD,1d,7,0.0,0.0,8,21,0.4113084156477354,0.4775548709408852,0.4398795587674583,0.27721125151829396,1.586802686969686,0.2857142857142857,0.06325229774057317,-0.061266070782445614,0.10973477363586426
GLD,1d,7,0.0,0.0,9,21,0.4115536242439881,0.4803007633663754,0.45998189781169796,0.2549675511364865,1.8040801496558492,0.2857142857142857,0.21557332854131067,-0.061266070782445614,0.1026763916015625
GLD,1d,7,0.0,0.0,10,30,0.4571775640335037,0.5500928057048382,0.5733464314845127,0.18323918130086825,3.1289510650187347,0.22857142857142856,0.43132624948225384,-0.036441219874192354,0.10223078727722168
GLD,1d,7,0.0,0.0,12,26,0.3155812843986433,0.3216691249086088,0.5214910926788672,0.21756328310032227,2.396962783643959,0.22857142857142856,0.15884730603687613,-0.05644145646422316,0.10291385650634766
GLD,1d,7,0.0,0.0,20,50,0.5518104405500033,0.7540612937275777,0.5249156560189705,0.20743881193664385,2.530460192662937,0.05714285714285714,0.06873037131796832,-0.0020413993429461152,0.10021162033081055
GLD,1d,7,0.0,0.25,8,21,0.3797336061863431,0.6871564065251226,0.3969880337823478,0.06562712060070593,6.049145995566923,0.7714285714285715,1.2144010280346775,-0.03902878528457743,0.11092376708984375
GLD,1d,7,0.0,0.25,9,21,0.37664448709788406,0.6872105664293711,0.4046521476025588,0.07549512773667504,5.359976991018209,0.7714285714285715,1.2215909974027581,-0.03382217832713519,0.1382734775543213
GLD,1d,7,0.0,0.25,10,30,0.37222941196040543,0.7837391901635538,0.41085591638926855,0.05999040013627234,6.848694382034141,0.5714285714285714,1.162874363350555,-0.021730815895974476,0.10717511177062988
GLD,1d,7,0.0,0.25,12,26,0.29880943610877064,0.1654078814205091,0.4058970180193854,0.061800042440608424,6.5679084024815,0.6857142857142857,1.2098414889432911,-0.03595919947392934,0.10918331146240234
GLD,1d,7,0.0,0.25,20,50,0.325418453113042,0.6663656729278729,0.3645840445384051,0.09747303257620465,3.7403580754848518,0.11428571428571428,0.18320099818928728,-0.0020413993429461152,0.1010596752166748
GLD,1d,7,0.0,0.5,8,21,0.5683212847289278,0.8475804954263382,0.5719651047426308,0.046264752573981896,12.36286963445881,0.7714285714285715,1.277132129018175,-0.043727404975816175,0.10730433464050293
GLD,1d,7,0.0,0.5,9,21,0.5611140102851243,0.839295729191341,0.570603671653058,0.05215009163286595,10.941566041150597,0.7714285714285715,1.2795311416804636,-0.03747989319709899,0.10688209533691406
GLD,1d,7,0.0,0.5,10,30,0.532599668760343,0.9620548414713723,0.5407736401877729,0.05642974799235093,9.583130519403966,0.5714285714285714,1.1836211526424203,-0.031067333578014833,0.11168050765991211
GLD,1d,7,0.0,0.5,12,26,0.47937110732327814,0.02235546772808439,0.5501201400814586,0.048550114655693664,11.330975096202865,0.6857142857142857,1.2546368707387594,-0.03747989319709899,0.10560393333435059
GLD,1d,7,0.0,0.5,20,50,0.4081145056214204,0.5798676189433509,0.4456904912303756,0.07754276965615414,5.7476730997188925,0.11428571428571428,0.1831706228602458,-0.0020413993429461152,0.1032261848449707
GLD,1d,7,0.0,0.75,8,21,0.729578325689554,0.9641963170572891,0.7240595007541006,0.04407731718820312,16.427032018815527,0.7714285714285715,1.3221299005158578,-0.04842602466705492,0.12294316291809082
GLD,1d,7,0.0,0.75,9,21,0.7194673793934434,0.9425998396666735,0.7167256242707398,0.04950967192259046,14.476476947602425,0.7714285714285715,1.32307879525755,-0.04113760806706279,0.13182687759399414
GLD,1d,7,0.0,0.75,10,30,0.6746438379133627,1.0900012822666927,0.663540559720275,0.05706225157508502,11.628362733762076,0.5714285714285714,1.1969596486336427,-0.04040385126005552,0.12427639961242676
GLD,1d,7,0.0,0.75,12,26,0.6326145502522458,-0.10796367631138304,0.6817969604390391,0.04808502737820234,14.178986632918251,0.6857142857142857,1.2850658311777765,-0.04113760806706279,0.10894989967346191
GLD,1d,7,0.0,0.75,20,50,0.5007763193839398,0.4947971326615277,0.534181461134114,0.07070995855895791,7.554543546913748,0.11428571428571428,0.18314881544690964,-0.0020413993429461152,0.09876298904418945
GLD,1d,7,0.0,1.0,8,21,0.8606228635097436,1.042105630750818,0.8480981739129609,0.04609727327190499,18.398011719922124,0.7714285714285715,1.35702306383813,-0.05312464435829345,0.11201262474060059
GLD,1d,7,0.0,1.0,9,21,0.8482913588489049,1.0029696585967054,0.8362270348071265,0.05295767112144703,15.790479775619657,0.7714285714285715,1.357345473270021,-0.044795322937026594,0.10851621627807617
GLD,1d,7,0.0,1.0,10,30,0.7910812107262923,1.1726409693234188,0.7655343010268159,0.05802551264957018,13.193063982907983,0.5714285714285714,1.2069538255466938,-0.04974036894209599,0.1202843189239502
GLD,1d,7,0.0,1.0,12,26,0.7572056522124196,-0.22609092753593996,0.7903759378862916,0.05056544077570766,15.630753450605717,0.6857142857142857,1.3081583948467648,-0.044795322937026594,0.12067770957946777
GLD,1d,7,0.0,1.0,20,50,0.5809123639182782,0.41136571356399343,0.6101330476042887,0.0673161850466205,9.06369021330806,0.11428571428571428,0.18313239993762076,-0.0020413993429461152,0.1021578311920166
GLD,1d,7,0.1,0.0,8,21,0.39007151746397706,0.4435039719121665,0.41072715015527167,0.2477121188880706,1.6580825839242037,0.2857142857142857,0.09993260341259885,-0.061266070782445614,0.10748100280761719
GLD,1d,7,0.1,0.0,9,21,0.3585558183394423,0.3952644542772388,0.4432245400600928,0.27277714035400336,1.624859544626383,0.2857142857142857,0.2533535139752269,-0.061266070782445614,0.10608148574829102
GLD,1d,7,0.1,0.0,10,30,0.3969137009885721,0.4517355327501684,0.5553165380796027,0.1899050851120242,2.9241794012626037,0.22857142857142856,0.43132624948225384,-0.036441219874192354,0.10258007049560547
GLD,1d,7,0.1,0.0,12,26,0.23642551280434423,0.21555560126227125,0.51318177202977,0.21047011141421815,2.4382643624861142,0.22857142857142856,0.19111362140475763,-0.05644145646422316,0.1076350212097168
GLD,1d,7,0.1,0.0,20,50,0.5655742897740644,0.7845742269668694,0.5117006842708824,0.2059899847954138,2.4841046751816402,0.05714285714285714,0.06873037131796832,-0.0020413993429461152,0.09988522529602051
GLD,1d,7,0.1,0.25,8,21,0.37792563796866285,0.638808223613059,0.3962979464894682,0.06579742128168199,6.023001187127034,0.7714285714285715,1.2208045261133702,-0.03902878528457743,0.11157917976379395
GLD,1d,7,0.1,0.25,9,21,0.36679191406479983,0.5672116932678004,0.40655241915487217,0.07798559371559802,5.213173354010857,0.7714285714285715,1.2278683042224419,-0.03382217832713519,0.12895560264587402
GLD,1d,7,0.1,0.25,10,30,0.3627753296130214,0.6430088468295649,0.4019889541979077,0.056015465419225044,7.176392290760852,0.5714285714285714,1.162874363350555,-0.021730815895974476,0.10570383071899414
GLD,1d,7,0.1,0.25,12,26,0.2882161270760204,0.049108878014103574,0.39964970876252026,0.059877683078869884,6.674435085207094,0.6857142857142857,1.2160977817066492,-0.03595919947392934,0.10648369789123535
GLD,1d,7,0.1,0.25,20,50,0.33058306471461674,0.7023809181137208,0.3592661367919049,0.08899789273660941,4.036793745837987,0.11428571428571428,0.18320099818928728,-0.0020413993429461152,0.10895180702209473
GLD,1d,7,0.1,0.5,8,21,0.5721363802385446,0.7843708186355935,0.5822626764018777,0.046961702528400796,12.398670513483738,0.7714285714285715,1.2806070957473226,-0.043727404975816175,0.13025856018066406
GLD,1d,7,0.1,0.5,9,21,0.5596037496262171,0.6838009509973286,0.580552995145175,0.052233672008674174,11.114535371910394,0.7714285714285715,1.282966946013528,-0.03747989319709899,0.12812447547912598
GLD,1d,7,0.1,0.5,10,30,0.5368661117616572,0.7772896670523313,0.5397881077840446,0.05567252502112189,9.695771973325291,0.5714285714285714,1.1836211526424203,-0.031067333578014833,0.11857271194458008
GLD,1d,7,0.1,0.5,12,26,0.48331372539680195,-0.09938287970276793,0.5502338171882037,0.04664685487082029,11.79573239636355,0.6857142857142857,1.258066646921375,-0.03747989319709899,0.120086669921875
GLD,1d,7,0.1,0.5,20,50,0.4113114229184012,0.6205917349943229,0.44633520586195974,0.07389753286842109,6.039920258998171,0.11428571428571428,0.1831706228602458,-0.0020413993429461152,0.11172175407409668
GLD,1d,7,0.1,0.75,8,21,0.7369040048756316,0.8861911509127081,0.7415370322878618,0.042872738454622215,17.296236699988892,0.7714285714285715,1.324580806905597,-0.04842602466705492,0.11052083969116211
GLD,1d,7,0.1,0.75,9,21,0.7225545069468168,0.7528007188102832,0.7322493920895459,0.04912654603585763,14.905370948632834,0.7714285714285715,1.325519342219516,-0.04113760806706279,0.10563039779663086
GLD,1d,7,0.1,0.75,10,30,0.6871520719036945,0.861629679308747,0.6677734379515807,0.058276585903188426,11.458691815970734,0.5714285714285714,1.1969596486336427,-0.04040385126005552,0.10946130752563477
GLD,1d,7,0.1,0.75,12,26,0.644834289471047,-0.23118923977090822,0.6863034173957144,0.04438713018672421,15.461765933247507,0.6857142857142857,1.2875033321813147,-0.04113760806706279,0.11558222770690918
GLD,1d,7,0.1,0.75,20,50,0.5031971772810533,0.5394708794588376,0.5383982748730971,0.0714173742970802,7.538757622668701,0.11428571428571428,0.18314881544690964,-0.0020413993429461152,0.10065770149230957
GLD,1d,7,0.1,1.0,8,21,0.8705357895790733,0.949879566872597,0.870958853132189,0.04312311856396412,20.19702846491271,0.7714285714285715,1.3589396551336668,-0.05312464435829345,0.10804271697998047
GLD,1d,7,0.1,1.0,9,21,0.8546172875309782,0.7814063751298248,0.8560147534313893,0.05302770982044842,16.142781883846226,0.7714285714285715,1.359262378296955,-0.044795322937026594,0.10885071754455566
GLD,1d,7,0.1,1.0,10,30,0.8095919479122096,0.9028164412819699,0.7737152408423686,0.06042760068754541,12.804003998818992,0.5714285714285714,1.2069538255466938,-0.04974036894209599,0.1251375675201416
GLD,1d,7,0.1,1.0,12,26,0.7753464886936199,-0.3475815573426133,0.7982493671677162,0.044954670454948234,17.7567616243053,0.6857142857142857,1.3100733804829015,-0.044795322937026594,0.11639094352722168
GLD,1d,7,0.1,1.0,20,50,0.5828918955361689,0.4592670495631386,0.6169281729735763,0.07160079513946943,8.61621957929206,0.11428571428571428,0.18313239993762076,-0.0020413993429461152,0.1096811294555664
GLD,1d,7,0.25,0.0,8,21,0.36698583327832146,0.4141970130351347,0.3756944398603494,0.25890707802549595,1.451078289266981,0.2857142857142857,0.09993260341259885,-0.061266070782445614,0.11123538017272949
GLD,1d,7,0.25,0.0,9,21,0.19687394715713388,0.16686071328680963,0.43370713453508253,0.2295789287740196,1.8891417293875061,0.2857142857142857,0.2533535139752269,-0.061266070782445614,0.10963559150695801
GLD,1d,7,0.25,0.0,10,30,0.4122062398641751,0.47265147738254765,0.5397657738810082,0.20757811308103688,2.6003019579924973,0.22857142857142856,0.43132624948225384,-0.036441219874192354,0.10917305946350098
GLD,1d,7,0.25,0.0,12,26,0.2304559986862745,0.20820266674651977,0.4930543885503572,0.22297933032103412,2.2112111819534257,0.22857142857142856,0.19111362140475763,-0.05644145646422316,0.1112368106842041
GLD,1d,7,0.25,0.0,20,50,0.4839247163859837,0.6252401728047416,0.499165556553287,0.19087189047964878,2.615186318419732,0.05714285714285714,0.06873037131796832,-0.0020413993429461152,0.10813117027282715
GLD,1d,7,0.25,0.25,8,21,0.3887620784667798,0.5931434486028908,0.39335410179712244,0.0574625650394954,6.8453975475470115,0.7714285714285715,1.2208045261133702,-0.03902878528457743,0.12315773963928223
GLD,1d,7,0.25,0.25,9,21,0.3423941432525426,0.25511563287136374,0.4055432454074367,0.06494273615336273,6.244628259113436,0.7714285714285715,1.2278683042224419,-0.03382217832713519,0.11145401000976562
GLD,1d,7,0.25,0.25,10,30,0.37111683730502926,0.6776354675903322,0.40052567521354704,0.05288298315424377,7.573810162057877,0.5714285714285714,1.162874363350555,-0.021730815895974476,0.1265575885772705
GLD,1d,7,0.25,0.25,12,26,0.2941685823065374,0.040325968460188655,0.40045098760521025,0.06341137452446369,6.315128643847941,0.6857142857142857,1.2160977817066492,-0.03595919947392934,0.10862135887145996
GLD,1d,7,0.25,0.25,20,50,0.30820828507630055,0.513882519181267,0.3546064384039412,0.08452003295035339,4.195531237100145,0.11428571428571428,0.18320099818928728,-0.0020413993429461152,0.0950784683227539
GLD,1d,7,0.25,0.5,8,21,0.6023564270254737,0.7174569187529067,0.5953232589856231,0.04555794367932943,13.06738651717798,0.7714285714285715,1.2806070957473226,-0.043727404975816175,0.10485625267028809
GLD,1d,7,0.25,0.5,9,21,0.5629965715177776,0.2908069101895381,0.5915423526037316,0.048801726938173,12.121340569631023,0.7714285714285715,1.282966946013528,-0.03747989319709899,0.10669350624084473
GLD,1d,7,0.25,0.5,10,30,0.5518372420743268,0.8309454154614757,0.5474265346635899,0.050301473749272956,10.882912444916235,0.5714285714285714,1.1836211526424203,-0.031067333578014833,0.12064385414123535
GLD,1d,7,0.25,0.5,12,26,0.49735670372052093,-0.10925996999110033,0.5592427975605504,0.04654830116246234,12.01424721406454,0.6857142857142857,1.258066646921375,-0.03747989319709899,0.11407232284545898
GLD,1d,7,0.25,0.5,20,50,0.41167143715562227,0.4069383220397558,0.44747313487482676,0.07384939760869887,6.059265875746535,0.11428571428571428,0.1831706228602458,-0.0020413993429461152,0.098968505859375
GLD,1d,7,0.25,0.75,8,21,0.7810102480328943,0.7948049735414446,0.7652114367649956,0.04593423332547466,16.65884856165907,0.7714285714285715,1.324580806905597,-0.04842602466705492,0.10569596290588379
GLD,1d,7,0.25,0.75,9,21,0.7418331674713718,0.2856608632185913,0.7516116687486974,0.04874874654168239,15.418071685310624,0.7714285714285715,1.325519342219516,-0.04113760806706279,0.10729002952575684
GLD,1d,7,0.25,0.75,10,30,0.7077333068702728,0.9379581210777181,0.6814761781356637,0.05389203123893839,12.64521233416193,0.5714285714285714,1.1969596486336427,-0.04040385126005552,0.1117393970489502
GLD,1d,7,0.25,0.75,12,26,0.66482037373771,-0.24180767038326856,0.7008192942165383,0.04516251226597436,15.517721646865484,0.6857142857142857,1.2875033321813147,-0.04113760806706279,0.10676240921020508
GLD,1d,7,0.25,0.75,20,50,0.5161708929874045,0.30451342621531774,0.5431347654869361,0.07364109902779245,7.3754299251014,0.11428571428571428,0.18314881544690964,-0.0020413993429461152,0.10123705863952637
GLD,1d,7,0.25,1.0,8,21,0.9253780859645148,0.8322637466423324,0.9026423309105699,0.04857362634574794,18.582971847429008,0.7714285714285715,1.3589396551336668,-0.05312464435829345,0.1154942512512207
GLD,1d,7,0.25,1.0,9,21,0.8852718078451042,0.24961543371397954,0.8817827267391447,0.05278377251503895,16.705564697709143,0.7714285714285715,1.359262378296955,-0.044795322937026594,0.12003350257873535
GLD,1d,7,0.25,1.0,10,30,0.834682021095888,1.0039139384286035,0.7919920485282821,0.05760186073590663,13.749417786335274,0.5714285714285714,1.2069538255466938,-0.04974036894209599,0.10319948196411133
GLD,1d,7,0.25,1.0,12,26,0.7999439431424563,-0.3585965242120184,0.816933839042141,0.04802204188103631,17.011643133915648,0.6857142857142857,1.3100733804829015,-0.044795322937026594,0.12610197067260742
GLD,1d,7,0.25,1.0,20,50,0.6046894059844315,0.20668260749184486,0.6242867200135737,0.07515544291987777,8.30660689045659,0.11428571428571428,0.18313239993762076,-0.0020413993429461152,0.10147929191589355
GLD,1d,7,0.4,0.0,8,21,0.4596982166853442,0.5652114797290999,0.3673035745388592,0.2515439269666689,1.460196550829586,0.2857142857142857,0.09993260341259885,-0.061266070782445614,0.10553574562072754
GLD,1d,7,0.4,0.0,9,21,0.18972628204791847,0.15783938469123715,0.4183650414337614,0.23257317454319104,1.7988533813303866,0.2857142857142857,0.2533535139752269,-0.061266070782445614,0.110809326171875
GLD,1d,7,0.4,0.0,10,30,0.4616237494313408,0.5568382946511417,0.5020704726911963,0.17006798487517227,2.952175114320956,0.22857142857142856,0.43132624948225384,-0.036441219874192354,0.1110694408416748
GLD,1d,7,0.4,0.0,12,26,0.23672450176339924,0.21688397002624882,0.48861506446428554,0.1866797677166623,2.6173970025819444,0.22857142857142856,0.19111362140475763,-0.05644145646422316,0.10767245292663574
GLD,1d,7,0.4,0.0,20,50,0.4234615788768924,0.5060649991833361,0.5111248174004913,0.18407611546839017,2.7767036266487404,0.05714285714285714,0.06873037131796832,-0.0020413993429461152,0.10339665412902832
GLD,1d,7,0.4,0.25,8,21,0.41321317140202013,0.8085541767515512,0.3991670471061591,0.05174466556454161,7.714168074161659,0.7714285714285715,1.2208045261133702,-0.03902878528457743,0.10725617408752441
GLD,1d,7,0.4,0.25,9,21,0.3515337751973738,0.24302518706395349,0.3925686188333477,0.06551436557820078,5.992099829842064,0.7714285714285715,1.2278683042224419,-0.03382217832713519,0.10787630081176758
GLD,1d,7,0.4,0.25,10,30,0.3832238274794724,0.7990284636207461,0.39326340430019513,0.04584233292784827,8.57860800669016,0.5714285714285714,1.162874363350555,-0.021730815895974476,0.10608553886413574
GLD,1d,7,0.4,0.25,12,26,0.30528514001957013,0.05493800875378252,0.4000341282183932,0.060486527400954046,6.613607118931471,0.6857142857142857,1.2160977817066492,-0.03595919947392934,0.11300921440124512
GLD,1d,7,0.4,0.25,20,50,0.29388818556999174,0.37545418787905827,0.3584507024649635,0.08152869721907569,4.396620020822496,0.11428571428571428,0.18320099818928728,-0.0020413993429461152,0.0962972640991211
GLD,1d,7,0.4,0.5,8,21,0.6265142097461479,0.9997869992533241,0.6087793428028647,0.03706733424772506,16.42360733939823,0.7714285714285715,1.2806070957473226,-0.043727404975816175,0.10600447654724121
GLD,1d,7,0.4,0.5,9,21,0.5825952682227871,0.2759512932287751,0.589010327326456,0.04940206384205167,11.92278786590051,0.7714285714285715,1.282966946013528,-0.03747989319709899,0.10802555084228516
GLD,1d,7,0.4,0.5,10,30,0.5594822846049219,0.9919629250120283,0.5508036160327945,0.04642936205121333,11.863260482132782,0.5714285714285714,1.1836211526424203,-0.031067333578014833,0.10196924209594727
GLD,1d,7,0.4,0.5,12,26,0.514996170725181,-0.09076185971139994,0.5629066847025683,0.0457852832755966,12.294489504722486,0.6857142857142857,1.258066646921375,-0.03747989319709899,0.10212326049804688
GLD,1d,7,0.4,0.5,20,50,0.41673029644130544,0.25292707432251693,0.4518568159692361,0.07151580161041991,6.318279398316919,0.11428571428571428,0.1831706228602458,-0.0020413993429461152,0.0963895320892334
GLD,1d,7,0.4,0.75,8,21,0.8077326001017364,1.1436170816733187,0.7838957513015796,0.03513057144395736,22.313777404734292,0.7714285714285715,1.324580806905597,-0.04842602466705492,0.10775542259216309
GLD,1d,7,0.4,0.75,9,21,0.7691629043994334,0.2684965334992446,0.7565543034144572,0.0477685312245587,15.837922666240539,0.7714285714285715,1.325519342219516,-0.04113760806706279,0.10606813430786133
GLD,1d,7,0.4,0.75,10,30,0.7138232706182892,1.1393689319657638,0.6912880805558438,0.04959150051512794,13.939648394889073,0.5714285714285714,1.1969596486336427,-0.04040385126005552,0.1041717529296875
GLD,1d,7,0.4,0.75,12,26,0.6874973236127316,-0.22107306552095962,0.7072719289023723,0.04311034701347349,16.406082945268917,0.6857142857142857,1.2875033321813147,-0.04113760806706279,0.10479211807250977
GLD,1d,7,0.4,0.75,20,50,0.5321651637401869,0.13831057282121018,0.5482737678825097,0.07122286354401017,7.698002307134413,0.11428571428571428,0.18314881544690964,-0.0020413993429461152,0.10928058624267578
GLD,1d,7,0.4,1.0,8,21,0.9546944434273406,1.2447285462569537,0.9252851389755532,0.03643682276934655,25.394232225812345,0.7714285714285715,1.3589396551336668,-0.05312464435829345,0.10208606719970703
GLD,1d,7,0.4,1.0,9,21,0.9186349438509009,0.2306847750342531,0.8925714939089753,0.05017101725884407,17.790579953840464,0.7714285714285715,1.359262378296955,-0.044795322937026594,0.10378623008728027
GLD,1d,7,0.4,1.0,10,30,0.8399211718848872,1.2450570431546168,0.8064930706233711,0.05270986559747066,15.300609506051776,0.5714285714285714,1.2069538255466938,-0.04974036894209599,0.10454201698303223
GLD,1d,7,0.4,1.0,12,26,0.8265838663569868,-0.3369272727489073,0.8255001165994813,0.04420577612447789,18.67403287468536,0.6857142857142857,1.3100733804829015,-0.044795322937026594,0.10590314865112305
GLD,1d,7,0.4,1.0,20,50,0.6284090876610674,0.03139956559709267,0.6300682503143645,0.07268312856035969,8.668700189358587,0.11428571428571428,0.18313239993762076,-0.0020413993429461152,0.10003232955932617
GLD,1d,7,0.55,0.0,8,21,0.4581925311887974,0.5631242089976083,0.3518187226151467,0.23688007639365036,1.485218714766411,0.3142857142857143,0.1236550846120583,-0.061266070782445614,0.10674214363098145
GLD,1d,7,0.55,0.0,9,21,0.318917769413587,0.33002190297844103,0.4118724538480734,0.2391143143201746,1.722491834163367,0.3142857142857143,0.2641412102984623,-0.061266070782445614,0.11164450645446777
GLD,1d,7,0.55,0.0,10,30,0.47061659190322314,0.5773534969848639,0.4779565938573146,0.16597867167179226,2.8796265751688286,0.22857142857142856,0.36264102727800107,-0.023095240123291005,0.10529637336730957
GLD,1d,7,0.55,0.0,12,26,0.3729697568415937,0.40924211369360686,0.4957584911613185,0.19959672359886485,2.483800746938403,0.22857142857142856,0.2069052136772131,-0.06028203677971722,0.10967755317687988
GLD,1d,7,0.55,0.0,20,50,0.4402842720864364,0.5346564344188531,0.471446505249388,0.20445572894922426,2.305861066707844,0.05714285714285714,0.06873037131796832,-0.0020413993429461152,0.09679079055786133
GLD,1d,7,0.55,0.25,8,21,0.41999506732660663,0.8029673032380937,0.4045464503314409,0.05019625536201034,8.059295407872412,0.8571428571428571,1.1919548761802548,-0.040163800600410804,0.10882401466369629
GLD,1d,7,0.55,0.25,9,21,0.38702461946127714,0.48084438833804044,0.4009559276160988,0.05876466809303467,6.823078230975727,0.8571428571428571,1.2149751952035601,-0.03496208986687155,0.1259927749633789
GLD,1d,7,0.55,0.25,10,30,0.3892217847226712,0.8305524830474451,0.3957926674961754,0.042875358308770435,9.231238713991422,0.6285714285714286,1.1748396002087178,-0.015469572083819383,0.10621190071105957
GLD,1d,7,0.55,0.25,12,26,0.3359208706644341,0.270195890153879,0.40711899298458015,0.06616689188003351,6.152910941059817,0.7714285714285715,1.3414993566060112,-0.03496208986687155,0.10192561149597168
GLD,1d,7,0.55,0.25,20,50,0.2981361225800969,0.4076562962182606,0.3572372230998418,0.08535909752888217,4.185110122315512,0.14285714285714285,0.23627728063077771,-0.0020413993429461152,0.09689164161682129
GLD,1d,7,0.55,0.5,8,21,0.6431988645367354,0.9891282245582049,0.6264178239013609,0.04041685075678406,15.498927110153806,0.8571428571428571,1.2717767287707107,-0.045089332544509864,0.10634541511535645
GLD,1d,7,0.55,0.5,9,21,0.6180772709518466,0.5777376043421103,0.6108727551938892,0.04606784408695046,13.260285287952726,0.8571428571428571,1.2841551633142219,-0.03884769584273917,0.10954165458679199
GLD,1d,7,0.55,0.5,10,30,0.5685944954754587,1.0364836337380958,0.5653912005988759,0.042898245795270275,13.179820995412658,0.6285714285714286,1.2131061735771747,-0.023554341953028968,0.10489320755004883
GLD,1d,7,0.55,0.5,12,26,0.5344923768363766,0.1393473949290467,0.5767366984548535,0.049713744645709615,11.601151805502283,0.7714285714285715,1.3900744429236702,-0.03884769584273917,0.10982108116149902
GLD,1d,7,0.55,0.5,20,50,0.4188731722105492,0.28764544706403106,0.46351675116404206,0.0704684606018849,6.5776483153605865,0.14285714285714285,0.23693911429344672,-0.0020413993429461152,0.10146665573120117
GLD,1d,7,0.55,0.75,8,21,0.8319257747310149,1.1264297253466706,0.8103953507240828,0.04076384229017359,19.880249387566547,0.8571428571428571,1.3370276876609861,-0.05001486448860892,0.11177825927734375
GLD,1d,7,0.55,0.75,9,21,0.8085183889334144,0.6294351846001041,0.7882648012040976,0.04818350362417781,16.3596405805691,0.8571428571428571,1.3432335001777922,-0.04273330181860702,0.11897015571594238
GLD,1d,7,0.55,0.75,10,30,0.7254920845680635,1.1986200085389402,0.7141780412712866,0.046460342318754795,15.371777426250087,0.6285714285714286,1.244583527797126,-0.03883704701735524,0.10765838623046875
GLD,1d,7,0.55,0.75,12,26,0.7028994716025541,0.016850290883261287,0.7265128801279381,0.04578734956353865,15.867109301003838,0.7714285714285715,1.4281510681337788,-0.04273330181860702,0.12451767921447754
GLD,1d,7,0.55,0.75,20,50,0.5337337893028096,0.17459507557080922,0.567455803416246,0.06794090218464459,8.352197059056678,0.14285714285714285,0.2374087191213582,-0.0020413993429461152,0.10524559020996094
GLD,1d,7,0.55,1.0,8,21,0.9847981194093762,1.219774393686285,0.9586525733909026,0.04308409461810222,22.250730388752675,0.8571428571428571,1.389442366389537,-0.05494039643270776,0.1133108139038086
GLD,1d,7,0.55,1.0,9,21,0.9618403458658871,0.643777667624547,0.9319403448382179,0.05322703876588349,17.50877686315242,0.8571428571428571,1.3913066818835662,-0.04661890779447464,0.11365294456481934
GLD,1d,7,0.55,1.0,10,30,0.8536301524397115,1.3204884957183487,0.8357206455208528,0.05018693004067501,16.652157142178773,0.6285714285714286,1.2699361622284264,-0.0579885459180568,0.10917496681213379
GLD,1d,7,0.55,1.0,12,26,0.8396759119734677,-0.09724235183872487,0.84905390153226,0.045818551912468766,18.530788645487593,0.7714285714285715,1.4584089753244098,-0.0579885459180568,0.10645794868469238
GLD,1d,7,0.55,1.0,20,50,0.6297332025954823,0.0684348473156684,0.654597549506956,0.06812223914714545,9.609160792454455,0.14285714285714285,0.23775906857235907,-0.0020413993429461152,0.09911942481994629
GLD,1d,7,0.7,0.0,8,21,0.40583927654404167,0.45762878493419956,0.33902093142037115,0.19840130845243684,1.7087635866153845,0.3142857142857143,0.23802516367360513,-0.04366879379060995,0.1124420166015625
GLD,1d,7,0.7,0.0,9,21,0.19388836872128404,0.1608499175982796,0.3944002400372667,0.2063407514480942,1.9114025575140914,0.3142857142857143,0.33710275328744593,-0.035623641964098396,0.11777186393737793
GLD,1d,7,0.7,0.0,10,30,0.4656215820724234,0.5636563849676945,0.4620905411660514,0.16442219021055207,2.8103903772010206,0.22857142857142856,0.36264102727800107,-0.023095240123291005,0.11199450492858887
GLD,1d,7,0.7,0.0,12,26,0.4500915992881297,0.5253155410242121,0.4940285619408849,0.19040226230816923,2.5946569959410013,0.22857142857142856,0.2816173484034601,-0.035623641964098396,0.10966634750366211
GLD,1d,7,0.7,0.0,20,50,0.4172958891209819,0.4973817523573141,0.40578656785615097,0.2065417562580608,1.964670850136214,0.05714285714285714,0.06873037131796832,-0.0020413993429461152,0.10570335388183594
GLD,1d,7,0.7,0.25,8,21,0.4210064803928553,0.662996427961537,0.4126755112048941,0.049797773360929345,8.287027377988625,0.8571428571428571,1.1930971495308889,-0.03091633934932614,0.11178135871887207
GLD,1d,7,0.7,0.25,9,21,0.38082870105766875,0.24786579664518582,0.4088601189429415,0.05194614735374933,7.870845861939193,0.8571428571428571,1.2143456826834955,-0.040645469063480544,0.10678935050964355
GLD,1d,7,0.7,0.25,10,30,0.3958709549125804,0.8104264995299779,0.3909912912408033,0.049891168644855204,7.836883798494114,0.6285714285714286,1.1749103306065831,-0.015469572083819383,0.10779976844787598
GLD,1d,7,0.7,0.25,12,26,0.3561034361714183,0.4056092692372757,0.40411497933996027,0.05166434346914379,7.82193195934669,0.7714285714285715,1.3338391595927022,-0.040645469063480544,0.10629963874816895
GLD,1d,7,0.7,0.25,20,50,0.2954378189211995,0.3659771429305154,0.3401901992502743,0.0777067377672182,4.377872614719246,0.14285714285714285,0.23627728063077771,-0.0020413993429461152,0.12020087242126465
GLD,1d,7,0.7,0.5,8,21,0.6648771306373243,0.8160303197729006,0.64874211126451,0.04198132711994229,15.453111079862445,0.8571428571428571,1.2740242501074317,-0.03399311891409573,0.11015009880065918
GLD,1d,7,0.7,0.5,9,21,0.6393512306404465,0.28301538467135257,0.6353763832661328,0.043888878817483955,14.476933573728449,0.8571428571428571,1.2838983165062423,-0.045667296162863025,0.10880589485168457
GLD,1d,7,0.7,0.5,10,30,0.5876623508057155,1.0093049138264742,0.5724845005950683,0.04794859528518289,11.939546866599821,0.6285714285714286,1.2131763846207808,-0.023554341953028968,0.10332298278808594
GLD,1d,7,0.7,0.5,12,26,0.5526139318885085,0.29047193487151435,0.5861530971438829,0.04355479948348272,13.457830229850321,0.7714285714285715,1.3858526659802464,-0.045667296162863025,0.10940432548522949
GLD,1d,7,0.7,0.5,20,50,0.42424743345831284,0.24305161574345258,0.4641029591069496,0.06727453763034355,6.898642123073029,0.14285714285714285,0.23693911429344672,-0.0020413993429461152,0.10013985633850098
GLD,1d,7,0.7,0.75,8,21,0.8673163553078489,0.9220715636233436,0.8429725953403716,0.04176420620327198,20.18409235979516,0.8571428571428571,1.3435589256412814,-0.037069898478865104,0.11003708839416504
GLD,1d,7,0.7,0.75,9,21,0.8470419100912024,0.278108715949956,0.8245312222240668,0.045656155493046365,18.059585029003298,0.8571428571428571,1.34559251891066,-0.050689123262245284,0.10719490051269531
GLD,1d,7,0.7,0.75,10,30,0.7532424241848642,1.164035289981288,0.7300752242439947,0.050873383586833874,14.350828916222108,0.6285714285714286,1.2446507667205526,-0.03883704701735524,0.10483193397521973
GLD,1d,7,0.7,0.75,12,26,0.7216479579798379,0.18024147494965992,0.7452492095256291,0.04423220349980497,16.848566215538302,0.7714285714285715,1.427603553189697,-0.050689123262245284,0.11144089698791504
GLD,1d,7,0.7,0.75,20,50,0.5440144156847552,0.1283653544456993,0.5782822345205794,0.06899731799339881,8.381227725053101,0.14285714285714285,0.2374087191213582,-0.0020413993429461152,0.12050271034240723
GLD,1d,7,0.7,1.0,8,21,1.0305265217281785,0.9864543821439764,0.999185076883163,0.04317006713309075,23.145321358957695,0.8571428571428571,1.400012177079996,-0.04014667804363414,0.10885190963745117
GLD,1d,7,0.7,1.0,9,21,1.013188853590735,0.24308191924774092,0.9772720830890389,0.049326371047168784,19.812365319851196,0.8571428571428571,1.3961428769444835,-0.05571095036162743,0.10993623733520508
GLD,1d,7,0.7,1.0,10,30,0.8880440172858965,1.2783952566331571,0.8585458342170392,0.05438795141466099,15.785588754232926,0.6285714285714286,1.2699995426431625,-0.0579885459180568,0.10680675506591797
GLD,1d,7,0.7,1.0,12,26,0.8593499033308409,0.075183220109319,0.875137583099985,0.046823404427094865,18.690174151317738,0.7714285714285715,1.4608986542160918,-0.0579885459180568,0.11092948913574219
GLD,1d,7,0.7,1.0,20,50,0.6435580334938886,0.02165255557192647,0.672754558197168,0.07284412960749892,9.235535681764965,0.14285714285714285,0.23775906857235907,-0.0020413993429461152,0.09862041473388672
GLD,1d,7,0.85,0.0,8,21,0.3167753144347355,0.3306574946761367,0.2749888112952041,0.14924912496505716,1.8424818997068535,0.34285714285714286,0.1833431560847843,-0.0402457117342242,0.10777449607849121
GLD,1d,7,0.85,0.0,9,21,0.19765163847687547,0.16813594110365337,0.30800168364442443,0.16163476208746302,1.9055411080307096,0.3142857142857143,0.13490460202461999,-0.05043641541186228,0.10611200332641602
GLD,1d,7,0.85,0.0,10,30,0.357675228482887,0.39424725530533156,0.4289785202949713,0.17878194856340143,2.3994509722151434,0.2571428571428571,0.40503863070943075,-0.037158426245197496,0.10852432250976562
GLD,1d,7,0.85,0.0,12,26,0.2835600692590286,0.2810303571124131,0.4279597708584286,0.15251508297001032,2.806016051163806,0.2857142857142857,0.34561406499103936,-0.03734236466279106,0.11190104484558105
GLD,1d,7,0.85,0.0,20,50,0.39629345170611646,0.46057761292400534,0.37871933995946544,0.16908436538153152,2.2398247117934393,0.05714285714285714,0.03269685662651892,-0.014758550417404148,0.10008621215820312
GLD,1d,7,0.85,0.25,8,21,0.42451195983162876,0.4854646511638874,0.4158510411753407,0.040330577098631235,10.31106101354186,0.8571428571428571,1.047292135044693,-0.029782662158597817,0.14773058891296387
GLD,1d,7,0.85,0.25,9,21,0.40017477190256384,0.25997115480048905,0.41128349302129596,0.04448833653861245,9.244748736881487,0.8571428571428571,1.0452628896780378,-0.039523173441641024,0.11614727973937988
GLD,1d,7,0.85,0.25,10,30,0.3900579965581347,0.571294815938943,0.3966543105879115,0.04783882938217672,8.291471921670658,0.6857142857142857,1.1891294646127433,-0.022388677461001483,0.10570454597473145
GLD,1d,7,0.85,0.25,12,26,0.38022196546807707,0.413464485253378,0.40034721102312815,0.047544523516531385,8.420469518091313,0.7714285714285715,1.2307266828343801,-0.04391386390661112,0.10634160041809082
GLD,1d,7,0.85,0.25,20,50,0.3448907321635133,0.6690273599864951,0.33537698035417074,0.06335582528397994,5.2935460764801,0.2,0.2685195909501168,-0.024188732020388737,0.10589790344238281
GLD,1d,7,0.85,0.5,8,21,0.694318739963112,0.5877926951905024,0.6758452803693209,0.03820477256935026,17.690074692697348,0.8571428571428571,1.161014407294828,-0.03286304107701954,0.12122368812561035
GLD,1d,7,0.85,0.5,9,21,0.6752725433580945,0.3018280074065951,0.6640242205819107,0.038667531124254306,17.172656264195773,0.8571428571428571,1.1581498945233921,-0.04455087529783708,0.12468123435974121
GLD,1d,7,0.85,0.5,10,30,0.611246815096381,0.6964566235160987,0.597769704890861,0.046814081331924745,12.769014960530978,0.6857142857142857,1.259621444125558,-0.0425125807030905,0.10843014717102051
GLD,1d,7,0.85,0.5,12,26,0.6138227813965281,0.49232533449855187,0.6044523310933257,0.03961792293170352,15.257042428380913,0.7714285714285715,1.3160904789275911,-0.05048536315043106,0.12160181999206543
GLD,1d,7,0.85,0.5,20,50,0.48757602029191127,0.8267707550231878,0.47536349810302514,0.06759492907032819,7.032531946419234,0.2,0.2754785880826156,-0.046112689821865005,0.09915685653686523
GLD,1d,7,0.85,0.75,8,21,0.9141617149287714,0.6454172816625066,0.8867844110887457,0.04172637860806114,21.2523693804913,0.8571428571428571,1.2580759906375163,-0.045702560065394304,0.11185073852539062
GLD,1d,7,0.85,0.75,9,21,0.8959001456804371,0.30462342926880437,0.8706981566737795,0.03981232730342702,21.870064265216424,0.8571428571428571,1.2535256738309923,-0.04957857715403269,0.10793113708496094
GLD,1d,7,0.85,0.75,10,30,0.7955728931295054,0.7766807149851616,0.76891878666997,0.04962653755064648,15.49410506193885,0.6857142857142857,1.316314637158916,-0.06263648394517918,0.11040163040161133
GLD,1d,7,0.85,0.75,12,26,0.8051379145442064,0.526373439637621,0.7778102629164833,0.038279009991587634,20.31949789420934,0.7714285714285715,1.3832404681326325,-0.06263648394517918,0.10590529441833496
GLD,1d,7,0.85,0.75,20,50,0.6153565655180713,0.9394497935202908,0.6000127906212163,0.0744269900537563,8.061763483755634,0.2,0.28098679641269114,-0.0680366476233416,0.09978795051574707
GLD,1d,7,0.85,1.0,8,21,1.0906135553945353,0.6655057815085546,1.0558688296691237,0.046026373595698965,22.94051751597896,0.8571428571428571,1.3365682805847976,-0.06164538145454046,0.1088864803314209
GLD,1d,7,0.85,1.0,9,21,1.0722979747216528,0.2775879465466109,1.0367231312024099,0.042510282075073326,24.387585322806203,0.8571428571428571,1.3304587217466708,-0.06164538145454046,0.10798883438110352
GLD,1d,7,0.85,1.0,10,30,0.9443687442432349,0.8184207847287981,0.9077513894041382,0.052791434911474276,17.195050502535924,0.6857142857142857,1.3616906404755587,-0.08276038718726819,0.10380983352661133
GLD,1d,7,0.85,1.0,12,26,0.9589278918080852,0.5235551634389197,0.9183708239791601,0.03906615874614549,23.5080912343288,0.7714285714285715,1.4365794884522811,-0.08276038718726819,0.10597372055053711
GLD,1d,7,0.85,1.0,20,50,0.7203534145094137,1.0124160794397628,0.7022975113842814,0.08037823467063383,8.737409004590463,0.2,0.28542598379818496,-0.08996060542481776,0.09842228889465332
GLD,1d,7,1.0,0.0,8,21,0.27174717562714196,0.2691012965160213,0.2758026894358861,0.16084633758185463,1.7146967321872046,0.37142857142857144,0.1410177990020478,-0.0402457117342242,0.10946989059448242
GLD,1d,7,1.0,0.0,9,21,0.2716906768380312,0.2686010066818709,0.28680785671014697,0.16248997805070817,1.7650802846477276,0.34285714285714286,0.128072647002381,-0.03491367068125839,0.10905909538269043
GLD,1d,7,1.0,0.0,10,30,0.3386225360457298,0.36710577874966877,0.400181781135829,0.16676771895012898,2.399635754779984,0.2857142857142857,0.4152391840616775,-0.037158426245197496,0.11370563507080078
GLD,1d,7,1.0,0.0,12,26,0.3652781985377739,0.40706592693588495,0.4200990345721041,0.16067570587158075,2.614577183857939,0.3142857142857143,0.36863930828614977,-0.03720821427784293,0.11061644554138184
GLD,1d,7,1.0,0.0,20,50,0.45985771932139535,0.5732992090128703,0.3631992300181482,0.18384947596143605,1.9755249674703028,0.05714285714285714,0.03269685662651892,-0.014758550417404148,0.10535097122192383
GLD,1d,7,1.0,0.25,8,21,0.42777964828988024,0.40044713233898066,0.4190080461875554,0.03731687595864631,11.228379531338323,0.8571428571428571,0.9988584825556586,-0.036714877835121396,0.11574602127075195
GLD,1d,7,1.0,0.25,9,21,0.4215186399821933,0.39610697276360796,0.41426477921539095,0.03972995226340811,10.427014270463525,0.8571428571428571,1.0064529770208157,-0.046385793036565315,0.10779857635498047
GLD,1d,7,1.0,0.25,10,30,0.39481163744172626,0.53346856069945,0.40376780418924874,0.04521245666328395,8.930454878757779,0.6857142857142857,1.188668400118948,-0.022388677461001483,0.10422968864440918
GLD,1d,7,1.0,0.25,12,26,0.39795203091498066,0.5934941153057487,0.4061220102146087,0.048084458057320124,8.446014089011507,0.7714285714285715,1.210366425255774,-0.046425372183577895,0.10797572135925293
GLD,1d,7,1.0,0.25,20,50,0.3640679999330783,0.8326835528833303,0.3386024853104151,0.057856749806813754,5.852428393247525,0.2,0.2685195909501168,-0.024188732020388737,0.09995245933532715
GLD,1d,7,1.0,0.5,8,21,0.7112431886633439,0.47992071493873234,0.6936059975953937,0.034672513741212475,20.004491245495103,0.8571428571428571,1.1299213710309963,-0.04668345373405913,0.10830497741699219
GLD,1d,7,1.0,0.5,9,21,0.6997197532784248,0.4715358952067503,0.6818303817586138,0.03756234364296265,18.151965922029348,0.8571428571428571,1.131313939214705,-0.058204268495524736,0.10741996765136719
GLD,1d,7,1.0,0.5,10,30,0.6271421108591184,0.6479850503422129,0.6219417823717335,0.04118789509748325,15.100110867518856,0.6857142857142857,1.2610360101246558,-0.0425125807030905,0.12234020233154297
GLD,1d,7,1.0,0.5,12,26,0.6251480124744865,0.728894435107996,0.6208735023988312,0.040612921393402265,15.287585357001545,0.7714285714285715,1.2990418778995036,-0.05828301242837941,0.11226344108581543
GLD,1d,7,1.0,0.5,20,50,0.49987665275718374,1.045321029492528,0.4898543866500159,0.06404476917585723,7.648624438085646,0.2,0.2754785880826156,-0.046112689821865005,0.10421180725097656
GLD,1d,7,1.0,0.75,8,21,0.9403816785175836,0.5164840908258417,0.9159759393232131,0.03697415342460217,24.773412086123205,0.8571428571428571,1.2415597473947846,-0.056608010936989306,0.12460494041442871
GLD,1d,7,1.0,0.75,9,21,0.9248538504353238,0.5042001089081409,0.8991922058680955,0.039678971463110585,22.66168130653466,0.8571428571428571,1.2379454148029319,-0.06995089796232334,0.11842775344848633
GLD,1d,7,1.0,0.75,10,30,0.8193603807482168,0.7181193772826964,0.8051686951737407,0.042397355953929926,18.991011987838533,0.6857142857142857,1.3197839952113959,-0.06263648394517918,0.11004400253295898
GLD,1d,7,1.0,0.75,12,26,0.8142115063520933,0.8196259594060562,0.80204031462101,0.03873687291321069,20.704828611694282,0.7714285714285715,1.370288976729937,-0.07006839231984996,0.11212897300720215
GLD,1d,7,1.0,0.75,20,50,0.6250466112570615,1.2147759154043682,0.6225161712142524,0.07413661846137977,8.396878413581026,0.2,0.28098679641269114,-0.0680366476233416,0.10744452476501465
GLD,1d,7,1.0,1.0,8,21,1.1239406350815535,0.5181467410373606,1.0942034212158243,0.04002517982714885,27.33787645530158,0.8571428571428571,1.3318897256299727,-0.06648854944391158,0.12380337715148926
GLD,1d,7,1.0,1.0,9,21,1.1052549422269489,0.5023447540438997,1.0735446365441519,0.042369308063244064,25.337790150872586,0.8571428571428571,1.3242482328014755,-0.08162568143696058,0.11294913291931152
GLD,1d,7,1.0,1.0,10,30,0.9742437260980861,0.7507078137393384,0.953319092970015,0.044616154339288214,21.367128276462385,0.6857142857142857,1.3669178251449516,-0.08276038718726819,0.1137542724609375
GLD,1d,7,1.0,1.0,12,26,0.9667577808233444,0.8716622950471207,0.9486827278078526,0.03848325427203574,24.65183222556162,0.7714285714285715,1.427329780184921,-0.08276038718726819,0.11980915069580078
GLD,1d,7,1.0,1.0,20,50,0.7285521649053175,1.34459452330477,0.7309886104179324,0.08289838871624546,8.817886833965469,0.2,0.28542598379818496,-0.08996060542481776,0.11452698707580566
GLD,1d,10,0.0,0.0,8,21,0.36505159240627183,0.3997989410111249,0.4497730694100639,0.3021348255943052,1.488650202853482,0.2857142857142857,0.24657133735743772,-0.041443436550438806,0.12448382377624512
GLD,1d,10,0.0,0.0,9,21,0.5274852415872313,0.6861424957926778,0.4095876611220087,0.26907958649082775,1.5221803573567276,0.2571428571428571,0.3541206586231164,-0.031614491443419546,0.11390376091003418
GLD,1d,10,0.0,0.0,10,30,0.563495901979529,0.745010457556849,0.5811166957394784,0.18590633021738054,3.1258574953309974,0.2571428571428571,0.5889239372187134,-0.027719499745942566,0.11071991920471191
GLD,1d,10,0.0,0.0,12,26,0.6032088284396198,0.7790390715414561,0.5476503213167024,0.2287275729189611,2.394334510386016,0.2571428571428571,0.31301658287135703,-0.055859748024061795,0.11431765556335449
GLD,1d,10,0.0,0.0,20,50,0.5041879003091113,0.6476619025273136,0.4601936212126181,0.26154285455346393,1.7595342912285392,0.02857142857142857,-0.028681800595190245,-0.015876051574276517,0.12061548233032227
GLD,1d,10,0.0,0.25,8,21,0.3550968725548255,0.5755735630115564,0.38337332279561587,0.08218611944159941,4.66469673225096,0.7428571428571429,1.2022282304927925,-0.03691942142493254,0.1160893440246582
GLD,1d,10,0.0,0.25,9,21,0.38964709011443927,0.9903791709887777,0.37367236597454206,0.07646346722734909,4.8869398619277975,0.7428571428571429,1.2384340785007808,-0.031614491443419546,0.11329817771911621
GLD,1d,10,0.0,0.25,10,30,0.3879974332216829,1.061803590951457,0.40694274220578625,0.06633193398400289,6.13494463019769,0.5142857142857142,1.0373023358817395,-0.027719499745942566,0.10666942596435547
GLD,1d,10,0.0,0.25,12,26,0.35311686739617226,0.6965640826451998,0.4022970978786253,0.08022232284533476,5.014777478511025,0.6,1.0884220932365012,-0.027719499745942566,0.11430025100708008
GLD,1d,10,0.0,0.25,20,50,0.30247426269521654,0.5361091971518421,0.3351085553834468,0.117239169500342,2.858332729681007,0.08571428571428572,0.08646506030663899,-0.015876051574276517,0.10759258270263672
GLD,1d,10,0.0,0.5,8,21,0.5319341632154037,0.697792507931271,0.5374307117050255,0.06098125829565402,8.813047266086453,0.7428571428571429,1.246584907330966,-0.03691942142493254,0.11286258697509766
GLD,1d,10,0.0,0.5,9,21,0.5382081620880607,1.2516677125824192,0.5294553535577545,0.05355875041286564,9.885506093334305,0.7428571428571429,1.2714609765453107,-0.031614491443419546,0.11457490921020508
GLD,1d,10,0.0,0.5,10,30,0.5144438893814377,1.3273026195711575,0.5270327037149414,0.06010271021309479,8.76886752438187,0.5142857142857142,1.0428233460554603,-0.027719499745942566,0.10997319221496582
GLD,1d,10,0.0,0.5,12,26,0.4866877911704088,0.612476190839724,0.5233896875382313,0.06192908817185622,8.4514353914884,0.6,1.1167914401212067,-0.027719499745942566,0.11598610877990723
GLD,1d,10,0.0,0.5,20,50,0.3848390463879694,0.42878832384980514,0.41865926628664346,0.09072488916924368,4.614602124293051,0.08571428571428572,0.08632168172820723,-0.015876051574276517,0.10081124305725098
GLD,1d,10,0.0,0.75,8,21,0.6831305884996423,0.773782668229706,0.6749900252355571,0.059410813804943466,11.361400088739272,0.7428571428571429,1.2795969016634139,-0.03691942142493254,0.1088252067565918
GLD,1d,10,0.0,0.75,9,21,0.6743365597180914,1.4711051466141631,0.6669124512402093,0.05220541338337437,12.774775794661132,0.7428571428571429,1.298087930624807,-0.03222296398106339,0.11115837097167969
GLD,1d,10,0.0,0.75,10,30,0.6358035094972364,1.543874406880498,0.6435593711469857,0.06185391750044257,10.404504632101611,0.5142857142857142,1.0478290644240078,-0.027719499745942566,0.10855603218078613
GLD,1d,10,0.0,0.75,12,26,0.6145176778592262,0.5273545452922341,0.6402525993880923,0.060029845698780115,10.665571299329578,0.6,1.1357384788134517,-0.027719499745942566,0.1048729419708252
GLD,1d,10,0.0,0.75,20,50,0.4753073411689444,0.32578322436112184,0.5065624281967976,0.08063926831756034,6.2818331411681045,0.08571428571428572,0.0862192296015511,-0.015876051574276517,0.10120558738708496
GLD,1d,10,0.0,1.0,8,21,0.8060526411139859,0.8103315653581413,0.787921010454133,0.062301634407914766,12.646875446240877,0.7428571428571429,1.305436827701412,-0.051180095735162134,0.11497688293457031
GLD,1d,10,0.0,1.0,9,21,0.786769948276158,1.650136697384287,0.7794637327581926,0.05667372448165301,13.75352934516468,0.7428571428571429,1.3194808350379146,-0.051180095735162134,0.10912322998046875
GLD,1d,10,0.0,1.0,10,30,0.7371073500110311,1.7141854403140377,0.7409576442943598,0.06453921113871884,11.480735993220701,0.5142857142857142,1.0519701382248405,-0.027719499745942566,0.10492730140686035
GLD,1d,10,0.0,1.0,12,26,0.7213313049108055,0.4417555130032784,0.7378505583461251,0.06195583508952388,11.909298894607076,0.6,1.150097631848153,-0.027719499745942566,0.11047029495239258
GLD,1d,10,0.0,1.0,20,50,0.5533531721912536,0.2271552561542567,0.581563964489195,0.07488143801052889,7.766463624902913,0.08571428571428572,0.08614237016205173,-0.015876051574276517,0.1167147159576416
GLD,1d,10,0.1,0.0,8,21,0.3133884685489326,0.32826221383745136,0.44573671870067477,0.25934358478985303,1.718711180235504,0.2857142857142857,0.2979778188664352,-0.037158426245197496,0.1097714900970459
GLD,1d,10,0.1,0.0,9,21,0.4969664472270102,0.6262144984556648,0.3946430206819571,0.27291320334149116,1.4460385787496977,0.2571428571428571,0.36852772028525127,-0.031614491443419546,0.11504364013671875
GLD,1d,10,0.1,0.0,10,30,0.47620936174359774,0.586453795882736,0.5465122192656625,0.21390224825217866,2.554962482775569,0.2571428571428571,0.5889239372187134,-0.027719499745942566,0.11383652687072754
GLD,1d,10,0.1,0.0,12,26,0.5250226147925294,0.6449050855783838,0.4970742639326235,0.20109613146688893,2.4718240987866453,0.2571428571428571,0.3005381367413242,-0.055859748024061795,0.1145780086517334
GLD,1d,10,0.1,0.0,20,50,0.5166147867899775,0.672526211436905,0.4358477439844254,0.2524179767066818,1.7266905854763868,0.02857142857142857,-0.028681800595190245,-0.015876051574276517,0.10696601867675781
GLD,1d,10,0.1,0.25,8,21,0.35027387725858933,0.4747785142760439,0.38665058495609406,0.0730347589324623,5.294062588933071,0.7428571428571429,1.2118097976626694,-0.03691942142493254,0.11286163330078125
GLD,1d,10,0.1,0.25,9,21,0.38612805312341386,0.9028256686414178,0.3746956266303735,0.07219727839621336,5.189885754059473,0.7428571428571429,1.2442994999191412,-0.031614491443419546,0.11771249771118164
GLD,1d,10,0.1,0.25,10,30,0.36878059262010193,0.8288125669073623,0.39415349019047524,0.0677104472755356,5.821162110870984,0.5142857142857142,1.0373023358817395,-0.027719499745942566,0.10906410217285156
GLD,1d,10,0.1,0.25,12,26,0.3403917702876564,0.5375469211678694,0.3890041957255216,0.0674058448964313,5.771075139303192,0.6,1.094338601716417,-0.027719499745942566,0.11291980743408203
GLD,1d,10,0.1,0.25,20,50,0.3070130115173766,0.5643603133011128,0.3261224349319761,0.10561666689306926,3.0877932860933415,0.08571428571428572,0.08646506030663899,-0.015876051574276517,0.09911012649536133
GLD,1d,10,0.1,0.5,8,21,0.5392369906713584,0.5672659026458202,0.5484446838417857,0.056508064681730565,9.705600199383603,0.7428571428571429,1.2519043419973617,-0.03691942142493254,0.1098330020904541
GLD,1d,10,0.1,0.5,9,21,0.5465444716445079,1.1339708548915866,0.5388343938732703,0.049820268149853006,10.81556591089645,0.7428571428571429,1.2746163402918136,-0.031614491443419546,0.1067202091217041
GLD,1d,10,0.1,0.5,10,30,0.5134369768712033,1.0133419932008736,0.5245469694617538,0.05806891312168602,9.033180427581657,0.5142857142857142,1.0428233460554603,-0.027719499745942566,0.1125178337097168
GLD,1d,10,0.1,0.5,12,26,0.4901665376998685,0.4321059652399537,0.5242747680778221,0.0571520313084339,9.173335681604287,0.6,1.1199528133663292,-0.027719499745942566,0.1074361801147461
GLD,1d,10,0.1,0.5,20,50,0.38745688671863693,0.45949560457534977,0.4153683671036261,0.08308019044174685,4.999607787308444,0.08571428571428572,0.08632168172820723,-0.015876051574276517,0.10045623779296875
GLD,1d,10,0.1,0.75,8,21,0.6978456700693493,0.6144539562834068,0.6915062843250726,0.05589064314436335,12.372487511709943,0.7428571428571429,1.283394176806903,-0.03691942142493254,0.10732364654541016
GLD,1d,10,0.1,0.75,9,21,0.6902470219473275,1.321866420191093,0.682051203661425,0.049416446680273236,13.802109408519977,0.7428571428571429,1.3002806853857354,-0.03222296398106339,0.11053204536437988
GLD,1d,10,0.1,0.75,10,30,0.6450695277037681,1.1456164770265094,0.6474620358550669,0.059394885377301455,10.900972899301244,0.5142857142857142,1.0478290644240078,-0.027719499745942566,0.1036076545715332
GLD,1d,10,0.1,0.75,12,26,0.6272186172035582,0.3291219076768508,0.6493815602673778,0.05812597975133451,11.1719675615871,0.6,1.1379327087103173,-0.027719499745942566,0.10300183296203613
GLD,1d,10,0.1,0.75,20,50,0.4772281467082074,0.3581132735874304,0.506304684713548,0.07608222716509101,6.65470378009461,0.08571428571428572,0.0862192296015511,-0.015876051574276517,0.09663057327270508
GLD,1d,10,0.1,1.0,8,21,0.8262073417983822,0.6242200695747748,0.8086596398806725,0.058756281271301385,13.76294793311996,0.7428571428571429,1.3084292614422532,-0.051180095735162134,0.11223840713500977
GLD,1d,10,0.1,1.0,9,21,0.8083113938882942,1.4689735054340507,0.7989914149727587,0.05450094329277226,14.660139195769082,0.7428571428571429,1.3211735673522291,-0.051180095735162134,0.11066889762878418
GLD,1d,10,0.1,1.0,10,30,0.753660040459505,1.2311822905549183,0.7495830874596479,0.06225920975837349,12.039714130146558,0.5142857142857142,1.0519701382248405,-0.027719499745942566,0.10822606086730957
GLD,1d,10,0.1,1.0,12,26,0.7406101120042401,0.22907211766047997,0.7528858357886133,0.06113706802224387,12.314719369837729,0.6,1.1517907911673004,-0.027719499745942566,0.10799002647399902
GLD,1d,10,0.1,1.0,20,50,0.5549003540411264,0.26036941264326874,0.5833907953489488,0.07279632343925373,8.014014551652053,0.08571428571428572,0.08614237016205173,-0.015876051574276517,0.10126352310180664
GLD,1d,10,0.25,0.0,8,21,0.20400030475833128,0.18076960659193597,0.36854930360784594,0.2897531188082743,1.271942490640489,0.2857142857142857,0.2979778188664352,-0.037158426245197496,0.11066699028015137
GLD,1d,10,0.25,0.0,9,21,0.32320108967001676,0.3346205954689345,0.3833351502141035,0.20517900639906578,1.8682961621742649,0.2571428571428571,0.36852772028525127,-0.031614491443419546,0.11955809593200684
GLD,1d,10,0.25,0.0,10,30,0.44324007680527217,0.5212824589413392,0.5031393244927529,0.22398927706353455,2.246265227911055,0.2571428571428571,0.5889239372187134,-0.027719499745942566,0.10671734809875488
GLD,1d,10,0.25,0.0,12,26,0.39737544307873907,0.4420120815215609,0.4987111156973462,0.22674669705715852,2.199419538056736,0.2571428571428571,0.3005381367413242,-0.055859748024061795,0.1058039665222168
GLD,1d,10,0.25,0.0,20,50,0.45942202509454816,0.5669572340951743,0.42160980636582623,0.24749867677040424,1.7034830725860353,0.02857142857142857,-0.028681800595190245,-0.015876051574276517,0.10180091857910156
GLD,1d,10,0.25,0.25,8,21,0.34698933249588176,0.27258986281411746,0.3755750645515801,0.0678223624759151,5.537628753126277,0.7428571428571429,1.2118097976626694,-0.03691942142493254,0.11749625205993652
GLD,1d,10,0.25,0.25,9,21,0.3530430574721524,0.4853998174657608,0.37552210610456754,0.06294322905500806,5.966044509352818,0.7428571428571429,1.2442994999191412,-0.031614491443419546,0.11328434944152832
GLD,1d,10,0.25,0.25,10,30,0.36656108517344027,0.7369988866071644,0.38933412713281157,0.05618569510932041,6.9294172898508215,0.5142857142857142,1.0373023358817395,-0.027719499745942566,0.11389493942260742
GLD,1d,10,0.25,0.25,12,26,0.31658364793194266,0.3039209230990585,0.39339713633136164,0.07031838233612919,5.594513458100932,0.6,1.094338601716417,-0.027719499745942566,0.10216307640075684
GLD,1d,10,0.25,0.25,20,50,0.2967343610239806,0.44249780535595606,0.32125231978314284,0.10168469854803887,3.1592985411799566,0.08571428571428572,0.08646506030663899,-0.015876051574276517,0.10193610191345215
GLD,1d,10,0.25,0.5,8,21,0.5665847179419121,0.3127416842483708,0.5595211979102851,0.052119050453574615,10.735444967645416,0.7428571428571429,1.2519043419973617,-0.03691942142493254,0.11294126510620117
GLD,1d,10,0.25,0.5,9,21,0.545623583150018,0.5829769502297497,0.5559579204728622,0.04900134224652112,11.345769217420422,0.7428571428571429,1.2746163402918136,-0.031614491443419546,0.11311197280883789
GLD,1d,10,0.25,0.5,10,30,0.5283024663169271,0.8983644689852719,0.5336517049652579,0.053048856536880976,10.059626913810085,0.5142857142857142,1.0428233460554603,-0.027719499745942566,0.11076045036315918
GLD,1d,10,0.25,0.5,12,26,0.4863828443911887,0.17474714268609315,0.5367924528755409,0.05800090228572659,9.254898315739476,0.6,1.1199528133663292,-0.027719499745942566,0.10653877258300781
GLD,1d,10,0.25,0.5,20,50,0.40372079865024096,0.32476554141993197,0.4174533992870453,0.08227916360526105,5.073622299927617,0.08571428571428572,0.08632168172820723,-0.015876051574276517,0.10880088806152344
GLD,1d,10,0.25,0.75,8,21,0.7448476126467296,0.31254872110643594,0.7163419086639526,0.053686447427968,13.343067812879228,0.7428571428571429,1.283394176806903,-0.03691942142493254,0.10856127738952637
GLD,1d,10,0.25,0.75,9,21,0.7073417460075229,0.635015871493319,0.7104227284726569,0.04845116114894334,14.662656407526576,0.7428571428571429,1.3002806853857354,-0.03222296398106339,0.11190295219421387
GLD,1d,10,0.25,0.75,10,30,0.6711865823747759,1.0101657298171416,0.6649205090155907,0.05865743853893941,11.335655384511668,0.5142857142857142,1.0478290644240078,-0.027719499745942566,0.10582327842712402
GLD,1d,10,0.25,0.75,12,26,0.6341440309674027,0.05446541497974011,0.6677929997846468,0.059998655238715566,11.130132785938466,0.6,1.1379327087103173,-0.027719499745942566,0.11105656623840332
GLD,1d,10,0.25,0.75,20,50,0.5095533563809362,0.21364605847712603,0.5127187467092102,0.07777625334337966,6.592227378780685,0.08571428571428572,0.0862192296015511,-0.015876051574276517,0.10442686080932617
GLD,1d,10,0.25,1.0,8,21,0.8878717443773739,0.28162695030741136,0.8436482948270403,0.058375211170822665,14.45216690280199,0.7428571428571429,1.3084292614422532,-0.051180095735162134,0.10929441452026367
GLD,1d,10,0.25,1.0,9,21,0.8381837912880788,0.648671453909974,0.8359361313964175,0.05131617079063147,16.289916385363462,0.7428571428571429,1.3211735673522291,-0.051180095735162134,0.10909628868103027
GLD,1d,10,0.25,1.0,10,30,0.7882146750481309,1.0772908905297807,0.7730860493401515,0.06421693376890988,12.038663386236527,0.5142857142857142,1.0519701382248405,-0.027719499745942566,0.10628676414489746
GLD,1d,10,0.25,1.0,12,26,0.7549500228780819,-0.057034326752671616,0.7758563818673937,0.06448305683673516,12.031941721246042,0.6,1.1517907911673004,-0.027719499745942566,0.10924315452575684
GLD,1d,10,0.25,1.0,20,50,0.5988428200765833,0.109006579743401,0.5929621685323692,0.07636206329496603,7.765140738037897,0.08571428571428572,0.08614237016205173,-0.015876051574276517,0.10511350631713867
GLD,1d,10,0.4,0.0,8,21,0.36972551657229413,0.4188188405288744,0.35182611533133956,0.2850675841801853,1.2341849261575724,0.2857142857142857,0.2979778188664352,-0.037158426245197496,0.1147775650024414
GLD,1d,10,0.4,0.0,9,21,0.3681153458556703,0.404975623126028,0.369092040978734,0.23227935490036566,1.5890006287345382,0.2571428571428571,0.36852772028525127,-0.031614491443419546,0.11097216606140137
GLD,1d,10,0.4,0.0,10,30,0.4651262614129854,0.5594619335201176,0.4625757319073521,0.2036790213604845,2.2711015047968792,0.2571428571428571,0.5889239372187134,-0.027719499745942566,0.10678911209106445
GLD,1d,10,0.4,0.0,12,26,0.408919047625942,0.46441418074765917,0.4906857616776145,0.1955896538189949,2.508751112836016,0.2571428571428571,0.3005381367413242,-0.055859748024061795,0.10648202896118164
GLD,1d,10,0.4,0.0,20,50,0.39026207691403825,0.44067878371109614,0.4237606258880583,0.23797404979663572,1.7807009892473118,0.02857142857142857,-0.028681800595190245,-0.015876051574276517,0.10442900657653809
GLD,1d,10,0.4,0.25,8,21,0.3889532932049215,0.602925674428062,0.3905893045139775,0.06388896292854415,6.113564637930145,0.7428571428571429,1.2118097976626694,-0.03691942142493254,0.11203742027282715
GLD,1d,10,0.4,0.25,9,21,0.3700646502568388,0.5861478695135964,0.3726886378419033,0.07042061115235737,5.292323252287301,0.7428571428571429,1.2442994999191412,-0.031614491443419546,0.11113119125366211
GLD,1d,10,0.4,0.25,10,30,0.3721980498595482,0.7908103770803272,0.3818053389920495,0.0547403438465992,6.974843637482368,0.5142857142857142,1.0373023358817395,-0.027719499745942566,0.11035799980163574
GLD,1d,10,0.4,0.25,12,26,0.32806016879007327,0.33510363820723277,0.39437549333627375,0.06582839861108869,5.99096289226519,0.6,1.094338601716417,-0.027719499745942566,0.1083383560180664
GLD,1d,10,0.4,0.25,20,50,0.2807824136085666,0.2973334399575185,0.3224945955202367,0.10078873462505723,3.1997087444340315,0.08571428571428572,0.08646506030663899,-0.015876051574276517,0.09789562225341797
GLD,1d,10,0.4,0.5,8,21,0.602241328574626,0.7341829162005471,0.5870010591465951,0.04568244822278743,12.849597208185218,0.7428571428571429,1.2519043419973617,-0.03691942142493254,0.10507893562316895
GLD,1d,10,0.4,0.5,9,21,0.5660161426656122,0.715680784348113,0.5639377681055917,0.05206655592600525,10.831094127044542,0.7428571428571429,1.2746163402918136,-0.031614491443419546,0.1084907054901123
GLD,1d,10,0.4,0.5,10,30,0.5318231285238133,0.9680552788593906,0.5373123251231464,0.0514449874561953,10.444405795232441,0.5142857142857142,1.0428233460554603,-0.027719499745942566,0.10439181327819824
GLD,1d,10,0.4,0.5,12,26,0.5048241382498098,0.21252273860120297,0.5453038038240468,0.05346810240817501,10.19867508409411,0.6,1.1199528133663292,-0.027719499745942566,0.10407018661499023
GLD,1d,10,0.4,0.5,20,50,0.4078429128996513,0.1649386600557734,0.42086175026816564,0.08271566026405995,5.088054050763959,0.08571428571428572,0.08632168172820723,-0.015876051574276517,0.09893512725830078
GLD,1d,10,0.4,0.75,8,21,0.7808667336366846,0.8195209212448034,0.7519236113069397,0.043998777805640946,17.089647685862264,0.7428571428571429,1.283394176806903,-0.03691942142493254,0.10822749137878418
GLD,1d,10,0.4,0.75,9,21,0.731836330672942,0.7998381832488168,0.7259744162033777,0.048346901454867586,15.01594506280994,0.7428571428571429,1.3002806853857354,-0.03222296398106339,0.11128377914428711
GLD,1d,10,0.4,0.75,10,30,0.6739644720760585,1.095181458617426,0.6752406777714816,0.05487806212401929,12.304382692040049,0.5142857142857142,1.0478290644240078,-0.027719499745942566,0.1071169376373291
GLD,1d,10,0.4,0.75,12,26,0.658105673660181,0.09691619397823836,0.6813914071865452,0.05340596703134046,12.758713025207115,0.6,1.1379327087103173,-0.027719499745942566,0.10316610336303711
GLD,1d,10,0.4,0.75,20,50,0.5248841948133247,0.04297868589056586,0.5177722454682192,0.07894643199176071,6.558526236147782,0.08571428571428572,0.0862192296015511,-0.015876051574276517,0.09750938415527344
GLD,1d,10,0.4,1.0,8,21,0.9252506407926473,0.8654024570763867,0.885222574076575,0.04645203187037194,19.056702977963557,0.7428571428571429,1.3084292614422532,-0.051180095735162134,0.10933685302734375
GLD,1d,10,0.4,1.0,9,21,0.8662235858457328,0.8445932485082173,0.8573237423435861,0.049068577484528725,17.471950203037768,0.7428571428571429,1.3211735673522291,-0.051180095735162134,0.11133575439453125
GLD,1d,10,0.4,1.0,10,30,0.7905874614313072,1.1764338070899152,0.7882316425734655,0.058725886727857834,13.422217807050183,0.5142857142857142,1.0519701382248405,-0.027719499745942566,0.10634708404541016
GLD,1d,10,0.4,1.0,12,26,0.7832788425765359,-0.011567201044468844,0.7932985374656683,0.05633253725334445,14.082421565674645,0.6,1.1517907911673004,-0.027719499745942566,0.11494731903076172
GLD,1d,10,0.4,1.0,20,50,0.6220567859626279,-0.06906677286724461,0.5992869463825585,0.07812626887905655,7.67074832807241,0.08571428571428572,0.08614237016205173,-0.015876051574276517,0.10209250450134277
GLD,1d,10,0.55,0.0,8,21,0.3743072874905266,0.42604475575370127,0.3408409665921666,0.26805765634269196,1.2715211019991406,0.2571428571428571,0.19658111378671198,-0.037158426245197496,0.11739349365234375
GLD,1d,10,0.55,0.0,9,21,0.32810553383475377,0.3405530863304238,0.3686385379265954,0.24424384517505485,1.5093053323918324,0.2857142857142857,0.33593720502807073,-0.03246374547943964,0.11453747749328613
GLD,1d,10,0.55,0.0,10,30,0.48042173096738783,0.5939919464127406,0.438094720794585,0.21841671735788346,2.0057746773876812,0.2571428571428571,0.5552980191477497,-0.008617365988584647,0.10382866859436035
GLD,1d,10,0.55,0.0,12,26,0.5257209588675152,0.6578092800666968,0.5068913838081561,0.18679594952657064,2.7136101456849513,0.22857142857142856,0.25646734687251815,-0.055859748024061795,0.10540151596069336
GLD,1d,10,0.55,0.0,20,50,0.3753946511805386,0.4214866373599342,0.3986035976679409,0.24416725191901936,1.6325022890462886,0.02857142857142857,-0.028681800595190245,-0.015876051574276517,0.10214996337890625
GLD,1d,10,0.55,0.25,8,21,0.40052125562104557,0.6107139350074364,0.3982474955008897,0.05998405432670244,6.639222706285231,0.8571428571428571,1.2350144806373284,-0.03091633934932614,0.10793447494506836
GLD,1d,10,0.55,0.25,9,21,0.372224351800251,0.49406215200444104,0.3835448240622334,0.06397546723038272,5.995185977791238,0.8571428571428571,1.2742153950452415,-0.036695993444717856,0.10570025444030762
GLD,1d,10,0.55,0.25,10,30,0.3858006968148492,0.8460072447707789,0.38506409563315663,0.05129400856520951,7.506999480136727,0.6285714285714286,1.2476832576383514,-0.014767007294895551,0.10292673110961914
GLD,1d,10,0.55,0.25,12,26,0.355534819141781,0.560983725822823,0.404751420213093,0.06753770798364205,5.992969443249773,0.7142857142857143,1.2465925629042003,-0.040645469063480544,0.10857415199279785
GLD,1d,10,0.55,0.25,20,50,0.2802402585863548,0.27534415168980364,0.32910783555772316,0.09811068675426632,3.354454508936683,0.11428571428571428,0.13954134274812938,-0.015876051574276517,0.09963011741638184
GLD,1d,10,0.55,0.5,8,21,0.6268131028248048,0.7412996653872614,0.6102501858606741,0.044947127107080515,13.57706766011618,0.8571428571428571,1.306222078840825,-0.03399311891409573,0.1129460334777832
GLD,1d,10,0.55,0.5,9,21,0.5860849889383422,0.5947485011903881,0.5886575705092686,0.04796103595028609,12.273662543891678,0.8571428571428571,1.3280458899380474,-0.0409282414099964,0.10805583000183105
GLD,1d,10,0.55,0.5,10,30,0.55640683871659,1.0486691781679855,0.5532202622045688,0.04814823389298889,11.489938830033099,0.6285714285714286,1.2793268096694939,-0.03688607602762728,0.11080479621887207
GLD,1d,10,0.55,0.5,12,26,0.5223308339226732,0.4649593269807726,0.5636944434821375,0.05478739746376671,10.288761094281456,0.7142857142857143,1.2908338321415394,-0.045667296162863025,0.10773515701293945
GLD,1d,10,0.55,0.5,20,50,0.4136512018162597,0.14083286190258382,0.4431050084750713,0.07705509608784335,5.750495826647578,0.11428571428571428,0.14009017316140812,-0.015876051574276517,0.09947466850280762
GLD,1d,10,0.55,0.75,8,21,0.8154603589176097,0.8247352584224403,0.7864442120296842,0.044365251504843,17.726580721487274,0.8571428571428571,1.3657646483788404,-0.037069898478865104,0.1102757453918457
GLD,1d,10,0.55,0.75,9,21,0.7639333823589823,0.650246012902991,0.7610460333260155,0.047080993864408435,16.164612741986726,0.8571428571428571,1.3764759757126366,-0.04516048937527417,0.1092367172241211
GLD,1d,10,0.55,0.75,10,30,0.7070967370513307,1.205578459039951,0.6999359123234387,0.0527298915725695,13.273987323872117,0.6285714285714286,1.3055920828862864,-0.05900514476035923,0.10585784912109375
GLD,1d,10,0.55,0.75,12,26,0.6719421369833876,0.3702858809982472,0.7063211904436006,0.05449450917648736,12.961327684521207,0.7142857142857143,1.3247081470000526,-0.050689123262245284,0.10661482810974121
GLD,1d,10,0.55,0.75,20,50,0.5350368355575089,0.017374817447263435,0.5500918209091836,0.07126883093360775,7.718546995974093,0.11428571428571428,0.14047913327599965,-0.015876051574276517,0.10653829574584961
GLD,1d,10,0.55,1.0,8,21,0.9677506956333259,0.8676054247905456,0.9284852716649621,0.047194471989809736,19.67360227836517,0.8571428571428571,1.4138449897526084,-0.04828442917818321,0.11072683334350586
GLD,1d,10,0.55,1.0,9,21,0.9074456591670186,0.6676734021859292,0.9004872070111857,0.04993794344851565,18.03212436930964,0.8571428571428571,1.4164510342224528,-0.049392737340552606,0.10994291305541992
GLD,1d,10,0.55,1.0,10,30,0.8304675929586335,1.3204419206666014,0.8196497413301735,0.05772809583685734,14.19845448646959,0.6285714285714286,1.3267990193078414,-0.08112421349309107,0.11070537567138672
GLD,1d,10,0.55,1.0,12,26,0.795046481635374,0.2774605695170409,0.8234566738538239,0.05735595955316912,14.356950529098507,0.7142857142857143,1.3515719663243781,-0.06555764139208753,0.10822653770446777
GLD,1d,10,0.55,1.0,20,50,0.6354981286968321,-0.0956127141983728,0.6390544822026649,0.06904068254860395,9.25620168590855,0.11428571428571428,0.14076903879679,-0.015876051574276517,0.09909725189208984
GLD,1d,10,0.7,0.0,8,21,0.3483093691419629,0.36873215752200283,0.33403206088123705,0.20926177603154433,1.5962402079149167,0.2571428571428571,0.1993415404346236,-0.04427451014911277,0.11481642723083496
GLD,1d,10,0.7,0.0,9,21,0.2287476057047175,0.204108087395527,0.3491598668520536,0.20329930707009458,1.7174670778964753,0.2857142857142857,0.3422360015217985,-0.035623641964098396,0.11025214195251465
GLD,1d,10,0.7,0.0,10,30,0.4859424983413441,0.596579418585603,0.4290621941574667,0.21297555844475116,2.0146076727803086,0.2571428571428571,0.5552980191477497,-0.008617365988584647,0.10707426071166992
GLD,1d,10,0.7,0.0,12,26,0.46015642984469896,0.5318443325117908,0.5080616623122356,0.18059914693943457,2.8132007870591895,0.22857142857142856,0.36090921199833936,-0.035623641964098396,0.10396361351013184
GLD,1d,10,0.7,0.0,20,50,0.35569527730950906,0.39348110755902455,0.3179932722000666,0.22379721370040465,1.4208991566166744,0.02857142857142857,-0.028681800595190245,-0.015876051574276517,0.09685134887695312
GLD,1d,10,0.7,0.25,8,21,0.40668231272162625,0.5368895968265703,0.40803513071815417,0.0579841083792243,7.037016557184022,0.8571428571428571,1.219611477065985,-0.03091633934932614,0.11026453971862793
GLD,1d,10,0.7,0.25,9,21,0.38038338340753985,0.3040125894987249,0.3921495217117452,0.05595412291080818,7.008411557747732,0.8571428571428571,1.2599533501618734,-0.040645469063480544,0.11047720909118652
GLD,1d,10,0.7,0.25,10,30,0.39961500902101976,0.8503693297629937,0.38291179182105267,0.05410395136312279,7.077335059155125,0.6285714285714286,1.2478208835720477,-0.014767007294895551,0.11527895927429199
GLD,1d,10,0.7,0.25,12,26,0.35029023740990034,0.41326883050332497,0.4015558178954059,0.049934972486668956,8.041574830197582,0.7142857142857143,1.2470332708133502,-0.040645469063480544,0.10026931762695312
GLD,1d,10,0.7,0.25,20,50,0.2750756901830538,0.24376200588699826,0.30767797139731495,0.08312052447191642,3.7015884265897383,0.11428571428571428,0.13954134274812938,-0.015876051574276517,0.10075211524963379
GLD,1d,10,0.7,0.5,8,21,0.6515980469551141,0.6515741763306828,0.6353577945170833,0.04848754251444223,13.103526422850551,0.8571428571428571,1.298926464288167,-0.03399311891409573,0.10928630828857422
GLD,1d,10,0.7,0.5,9,21,0.6305471768330657,0.35051204249507895,0.6147578830979386,0.04658963746662904,13.195163485405395,0.8571428571428571,1.3199619756120713,-0.045667296162863025,0.11381101608276367
GLD,1d,10,0.7,0.5,10,30,0.5898119565218917,1.0553340699935747,0.5636288754335286,0.04913380795720085,11.471304563336322,0.6285714285714286,1.2794634002828351,-0.03688607602762728,0.12294626235961914
GLD,1d,10,0.7,0.5,12,26,0.5392835682990563,0.29913044546908507,0.5747057469536994,0.04791839425566301,11.993426655480645,0.7142857142857143,1.2908735812796615,-0.045667296162863025,0.1118156909942627
GLD,1d,10,0.7,0.5,20,50,0.41064325364909354,0.10674735046921113,0.4403742512903291,0.0690542182016435,6.3772244876396,0.11428571428571428,0.14009017316140812,-0.015876051574276517,0.10574913024902344
GLD,1d,10,0.7,0.75,8,21,0.8532650172487041,0.7198932893872174,0.8227877947519721,0.04762432732203972,17.27662816501767,0.8571428571428571,1.3652503203242174,-0.037069898478865104,0.11127543449401855
GLD,1d,10,0.7,0.75,9,21,0.8328356781366937,0.3545633792618581,0.7995703243101764,0.04657989557705682,17.16556712729105,0.8571428571428571,1.3730882538709006,-0.050689123262245284,0.10808372497558594
GLD,1d,10,0.7,0.75,10,30,0.754749379847829,1.2150695180380486,0.7198384448446663,0.05221739205935207,13.785415480468142,0.6285714285714286,1.305722881113431,-0.05900514476035923,0.10898852348327637
GLD,1d,10,0.7,0.75,12,26,0.7029662877764754,0.1897967070906348,0.7278937920998132,0.05249746466361581,13.865313244437333,0.7142857142857143,1.3271174386807256,-0.050689123262245284,0.11618876457214355
GLD,1d,10,0.7,0.75,20,50,0.5329153510039291,-0.018276271955501855,0.5577826965128865,0.06777668737052699,8.229713167649455,0.11428571428571428,0.14047913327599965,-0.015876051574276517,0.11165094375610352
GLD,1d,10,0.7,1.0,8,21,1.0155462587726976,0.7485972190029226,0.9735786462818782,0.04867193002655061,20.00287734122706,0.8571428571428571,1.4187134407367585,-0.04828442917818321,0.12085723876953125
GLD,1d,10,0.7,1.0,9,21,0.9949368235570519,0.32572537542702107,0.9485873434169015,0.048721332658500156,19.46965100617802,0.8571428571428571,1.4166642577527755,-0.05571095036162743,0.1127936840057373
GLD,1d,10,0.7,1.0,10,30,0.8891837915984665,1.3332557884185352,0.8470538878430096,0.056363909521966286,15.028302596946254,0.6285714285714286,1.3269223065622628,-0.08112421349309107,0.10481929779052734
GLD,1d,10,0.7,1.0,12,26,0.8365120775838707,0.08555931676640327,0.853321307486597,0.05740907098389456,14.863875914765911,0.7142857142857143,1.35634833436525,-0.06555764139208753,0.10807037353515625
GLD,1d,10,0.7,1.0,20,50,0.6338898886578022,-0.13201924022943368,0.6540841203386932,0.06912223806656206,9.46271617693911,0.11428571428571428,0.14076903879679,-0.015876051574276517,0.10916900634765625
GLD,1d,10,0.85,0.0,8,21,0.2974989991268282,0.3024311628641745,0.2864063602810756,0.16226507608517418,1.7650523895279764,0.34285714285714286,0.18430992595675436,-0.0402457117342242,0.12264347076416016
GLD,1d,10,0.85,0.0,9,21,0.18069206041761088,0.1465652232741146,0.2758692992561336,0.17089312490175593,1.6142796816122769,0.3142857142857143,0.15267000470497902,-0.046905177656814456,0.11493396759033203
GLD,1d,10,0.85,0.0,10,30,0.3528961378397678,0.3861768876761602,0.41273132699577114,0.1877735987717493,2.198026398255658,0.2571428571428571,0.40082013047744347,-0.037158426245197496,0.10677742958068848
GLD,1d,10,0.85,0.0,12,26,0.2662274342210864,0.2565522833035583,0.43204104140542354,0.14923228411108608,2.895090991730846,0.2857142857142857,0.3962443008375057,-0.037158426245197496,0.10272407531738281
GLD,1d,10,0.85,0.0,20,50,0.3516180518885904,0.3852343739293038,0.3307157745670427,0.1679945130981538,1.9686105722620602,0.05714285714285714,0.03269685662651892,-0.014758550417404148,0.1031334400177002
GLD,1d,10,0.85,0.25,8,21,0.41787560606577,0.4454246333597758,0.4165215169663344,0.039596349469463984,10.519189838132641,0.8571428571428571,1.0468943303605422,-0.029782662158597817,0.13328981399536133
GLD,1d,10,0.85,0.25,9,21,0.39672329235471504,0.22965225559734903,0.4015741382196305,0.047408684861505734,8.470476230098829,0.8571428571428571,1.0458869985408117,-0.039523173441641024,0.10629796981811523
GLD,1d,10,0.85,0.25,10,30,0.38881407859742967,0.5597418893253976,0.39240159928245705,0.05013926146786253,7.826234128597455,0.6857142857142857,1.189371945215907,-0.022388677461001483,0.11311483383178711
GLD,1d,10,0.85,0.25,12,26,0.3733429380261144,0.3808613879447449,0.3992402508458781,0.05097380024025005,7.832263809332958,0.7714285714285715,1.2527270594396467,-0.039523173441641024,0.11484074592590332
GLD,1d,10,0.85,0.25,20,50,0.3311602630490972,0.5603777753139187,0.3157521228632699,0.06313868251368376,5.000929862526643,0.2,0.2685195909501168,-0.024188732020388737,0.10465359687805176
GLD,1d,10,0.85,0.5,8,21,0.6863039426221936,0.5355648711081702,0.670525162275971,0.035543120736165695,18.865117873392048,0.8571428571428571,1.1606440867266428,-0.03286304107701954,0.1127312183380127
GLD,1d,10,0.85,0.5,9,21,0.6729926933142724,0.26269827853845396,0.6530452452761952,0.03850671523059374,16.959256102877042,0.8571428571428571,1.1583780126026764,-0.04455087529783708,0.11321640014648438
GLD,1d,10,0.85,0.5,10,30,0.610381517970407,0.681243785637444,0.5931858396082568,0.04731846711023801,12.536032459088531,0.6857142857142857,1.2598142727567458,-0.0425125807030905,0.12155461311340332
GLD,1d,10,0.85,0.5,12,26,0.6052394155982123,0.4525778329766508,0.6013201235529471,0.04485013687381512,13.407319697702329,0.7714285714285715,1.3292568306903745,-0.04455087529783708,0.11828112602233887
GLD,1d,10,0.85,0.5,20,50,0.4787489323798356,0.6826841428818113,0.460018462765915,0.06465543317896241,7.114923528431263,0.2,0.2754785880826156,-0.046112689821865005,0.09798455238342285
GLD,1d,10,0.85,0.75,8,21,0.9045899212863152,0.5811795917701177,0.8770871479313918,0.037957846060769504,23.106873517722754,0.8571428571428571,1.2577514040525166,-0.045702560065394304,0.10954141616821289
GLD,1d,10,0.85,0.75,9,21,0.8940656258167644,0.25706746541852143,0.8578391916159889,0.037549478980712425,22.84556843136557,0.8571428571428571,1.2536508581074814,-0.04957857715403269,0.11910796165466309
GLD,1d,10,0.85,0.75,10,30,0.7948486887096046,0.7577855037130008,0.7637213254921714,0.04957696996760719,15.404760032554933,0.6857142857142857,1.316474710953107,-0.06263648394517918,0.10999727249145508
GLD,1d,10,0.85,0.75,12,26,0.794754930224614,0.48092929918181326,0.7732915731906382,0.044278599866231776,17.464228216944463,0.7714285714285715,1.390619720500351,-0.06263648394517918,0.10671663284301758
GLD,1d,10,0.85,0.75,20,50,0.608295331150938,0.7592260143672227,0.586151078210682,0.06963490999224077,8.417488846844137,0.2,0.28098679641269114,-0.0680366476233416,0.10211801528930664
GLD,1d,10,0.85,1.0,8,21,1.0797033704875547,0.5898779742410418,1.0427303588208536,0.04153161967252953,25.10690329543184,0.8571428571428571,1.3362867630839863,-0.06164538145454046,0.11374068260192871
GLD,1d,10,0.85,1.0,9,21,1.0707245844418651,0.22233278139866353,1.022180886808444,0.03885841391653314,26.305265289624582,0.8571428571428571,1.330542868305044,-0.06164538145454046,0.11075592041015625
GLD,1d,10,0.85,1.0,10,30,0.9437277658743718,0.7959493266399764,0.901999253512239,0.052543664954905894,17.16666042017347,0.6857142857142857,1.3618252798516859,-0.08276038718726819,0.11051249504089355
GLD,1d,10,0.85,1.0,12,26,0.9470098815040567,0.47414373743284544,0.9127949618622088,0.04523873656893197,20.177286792069193,0.7714285714285715,1.4397089389454893,-0.08276038718726819,0.1272265911102295
GLD,1d,10,0.85,1.0,20,50,0.7142731223046063,0.796571204767738,0.6892539537905054,0.07430486460523182,9.276027316009332,0.2,0.28542598379818496,-0.08996060542481776,0.09891366958618164
GLD,1d,10,1.0,0.0,8,21,0.27174717562714196,0.2691012965160213,0.2758026894358861,0.16084633758185463,1.7146967321872046,0.37142857142857144,0.1410177990020478,-0.0402457117342242,0.13225245475769043
GLD,1d,10,1.0,0.0,9,21,0.2716906768380312,0.2686010066818709,0.28680785671014697,0.16248997805070817,1.7650802846477276,0.34285714285714286,0.128072647002381,-0.03491367068125839,0.10760092735290527
GLD,1d,10,1.0,0.0,10,30,0.3386225360457298,0.36710577874966877,0.400181781135829,0.16676771895012898,2.399635754779984,0.2857142857142857,0.4152391840616775,-0.037158426245197496,0.10347199440002441
GLD,1d,10,1.0,0.0,12,26,0.3652781985377739,0.40706592693588495,0.4200990345721041,0.16067570587158075,2.614577183857939,0.3142857142857143,0.36863930828614977,-0.03720821427784293,0.10608482360839844
GLD,1d,10,1.0,0.0,20,50,0.45985771932139535,0.5732992090128703,0.3631992300181482,0.18384947596143605,1.9755249674703028,0.05714285714285714,0.03269685662651892,-0.014758550417404148,0.09975838661193848
GLD,1d,10,1.0,0.25,8,21,0.42777964828988024,0.40044713233898066,0.4190080461875554,0.03731687595864631,11.228379531338323,0.8571428571428571,0.9988584825556586,-0.036714877835121396,0.1134037971496582
GLD,1d,10,1.0,0.25,9,21,0.4215186399821933,0.39610697276360796,0.41426477921539095,0.03972995226340811,10.427014270463525,0.8571428571428571,1.0064529770208157,-0.046385793036565315,0.11575794219970703
GLD,1d,10,1.0,0.25,10,30,0.39481163744172626,0.53346856069945,0.40376780418924874,0.04521245666328395,8.930454878757779,0.6857142857142857,1.188668400118948,-0.022388677461001483,0.10864758491516113
GLD,1d,10,1.0,0.25,12,26,0.39795203091498066,0.5934941153057487,0.4061220102146087,0.048084458057320124,8.446014089011507,0.7714285714285715,1.210366425255774,-0.046425372183577895,0.10652685165405273
GLD,1d,10,1.0,0.25,20,50,0.3640679999330783,0.8326835528833303,0.3386024853104151,0.057856749806813754,5.852428393247525,0.2,0.2685195909501168,-0.024188732020388737,0.10056209564208984
GLD,1d,10,1.0,0.5,8,21,0.7112431886633439,0.47992071493873234,0.6936059975953937,0.034672513741212475,20.004491245495103,0.8571428571428571,1.1299213710309963,-0.04668345373405913,0.11044526100158691
GLD,1d,10,1.0,0.5,9,21,0.6997197532784248,0.4715358952067503,0.6818303817586138,0.03756234364296265,18.151965922029348,0.8571428571428571,1.131313939214705,-0.058204268495524736,0.11144232749938965
GLD,1d,10,1.0,0.5,10,30,0.6271421108591184,0.6479850503422129,0.6219417823717335,0.04118789509748325,15.100110867518856,0.6857142857142857,1.2610360101246558,-0.0425125807030905,0.10727858543395996
GLD,1d,10,1.0,0.5,12,26,0.6251480124744865,0.728894435107996,0.6208735023988312,0.040612921393402265,15.287585357001545,0.7714285714285715,1.2990418778995036,-0.05828301242837941,0.10726714134216309
GLD,1d,10,1.0,0.5,20,50,0.49987665275718374,1.045321029492528,0.4898543866500159,0.06404476917585723,7.648624438085646,0.2,0.2754785880826156,-0.046112689821865005,0.10688042640686035
GLD,1d,10,1.0,0.75,8,21,0.9403816785175836,0.5164840908258417,0.9159759393232131,0.03697415342460217,24.773412086123205,0.8571428571428571,1.2415597473947846,-0.056608010936989306,0.1122429370880127
GLD,1d,10,1.0,0.75,9,21,0.9248538504353238,0.5042001089081409,0.8991922058680955,0.039678971463110585,22.66168130653466,0.8571428571428571,1.2379454148029319,-0.06995089796232334,0.10991406440734863
GLD,1d,10,1.0,0.75,10,30,0.8193603807482168,0.7181193772826964,0.8051686951737407,0.042397355953929926,18.991011987838533,0.6857142857142857,1.3197839952113959,-0.06263648394517918,0.1042938232421875
GLD,1d,10,1.0,0.75,12,26,0.8142115063520933,0.8196259594060562,0.80204031462101,0.03873687291321069,20.704828611694282,0.7714285714285715,1.370288976729937,-0.07006839231984996,0.1089785099029541
GLD,1d,10,1.0,0.75,20,50,0.6250466112570615,1.2147759154043682,0.6225161712142524,0.07413661846137977,8.396878413581026,0.2,0.28098679641269114,-0.0680366476233416,0.10412788391113281
GLD,1d,10,1.0,1.0,8,21,1.1239406350815535,0.5181467410373606,1.0942034212158243,0.04002517982714885,27.33787645530158,0.8571428571428571,1.3318897256299727,-0.06648854944391158,0.11031842231750488
GLD,1d,10,1.0,1.0,9,21,1.1052549422269489,0.5023447540438997,1.0735446365441519,0.042369308063244064,25.337790150872586,0.8571428571428571,1.3242482328014755,-0.08162568143696058,0.10654234886169434
GLD,1d,10,1.0,1.0,10,30,0.9742437260980861,0.7507078137393384,0.953319092970015,0.044616154339288214,21.367128276462385,0.6857142857142857,1.3669178251449516,-0.08276038718726819,0.11057090759277344
GLD,1d,10,1.0,1.0,12,26,0.9667577808233444,0.8716622950471207,0.9486827278078526,0.03848325427203574,24.65183222556162,0.7714285714285715,1.427329780184921,-0.08276038718726819,0.11279726028442383
GLD,1d,10,1.0,1.0,20,50,0.7285521649053175,1.34459452330477,0.7309886104179324,0.08289838871624546,8.817886833965469,0.2,0.28542598379818496,-0.08996060542481776,0.10221505165100098
GLD,1d,14,0.0,0.0,8,21,0.3754564509853322,0.4250015106950924,0.49227429005143675,0.2365204922596996,2.0813177131008143,0.14285714285714285,-0.012713811125882815,-0.061266070782445614,0.12621569633483887
GLD,1d,14,0.0,0.0,9,21,0.5283861615506027,0.6932634567210907,0.46705476899519055,0.23192672577148543,2.0138031416671396,0.14285714285714285,0.06629657603753587,-0.058546926492806906,0.11067581176757812
GLD,1d,14,0.0,0.0,10,30,0.5857409387895655,0.7915312444852483,0.5382170317375736,0.21315468828494577,2.525006773569454,0.17142857142857143,0.4336197040103514,-0.005766839574343652,0.1071326732635498
GLD,1d,14,0.0,0.0,12,26,0.4939372603000663,0.5863191476036838,0.5023377859249978,0.2235925890296397,2.24666563460387,0.2,0.28771126479606784,-0.03258492017137893,0.10829019546508789
GLD,1d,14,0.0,0.0,20,50,0.5300360482635944,0.6919162864170523,0.4551132037635755,0.22069893998581513,2.06214494638183,0.0,0.0,0.0,0.10362958908081055
GLD,1d,14,0.0,0.25,8,21,0.34598813862668826,0.6015154172755228,0.3932068734569848,0.07396383859414679,5.316204255089887,0.6,1.048175272136265,-0.041290703861802336,0.10991382598876953
GLD,1d,14,0.0,0.25,9,21,0.37970052601265897,0.9999338615217113,0.38092507715585844,0.08549375296783877,4.455589606636589,0.5714285714285714,1.0035131157072732,-0.041290703861802336,0.10888290405273438
GLD,1d,14,0.0,0.25,10,30,0.3895419590378899,1.1461305568542608,0.37444983600135273,0.08403098730707051,4.4560923059611115,0.37142857142857144,0.7693729923531376,-0.005766839574343652,0.1067194938659668
GLD,1d,14,0.0,0.25,12,26,0.3597936320828272,0.8390500555622089,0.36741133237823664,0.09295054100269323,3.9527616344652685,0.5142857142857142,0.9681181300367303,-0.03684744666280526,0.10715913772583008
GLD,1d,14,0.0,0.25,20,50,0.31089646569266566,0.5885528915317597,0.32350832941865965,0.0943794457078187,3.427741358220958,0.02857142857142857,0.05789814324253963,0.0,0.11399126052856445
GLD,1d,14,0.0,0.5,8,21,0.5043034631575676,0.7194560475626148,0.5261891673023925,0.05717610450806768,9.202955882175324,0.6,1.0892788297108902,-0.04644152629690257,0.12811636924743652
GLD,1d,14,0.0,0.5,9,21,0.5033469788004509,1.2642829700375167,0.5148145186992982,0.05488867554397333,9.379248334874857,0.5714285714285714,1.0386899209411773,-0.04644152629690257,0.11228537559509277
GLD,1d,14,0.0,0.5,10,30,0.49138374642315297,1.4636060707323115,0.47682368613778703,0.06608108627986549,7.215736195957063,0.37142857142857144,0.7745817287199657,-0.005766839574343652,0.1005251407623291
GLD,1d,14,0.0,0.5,12,26,0.4847140207308689,1.0397338015260282,0.4752827375404677,0.07013167873675681,6.77700500118453,0.5142857142857142,0.991555464247571,-0.041109973154231816,0.10110688209533691
GLD,1d,14,0.0,0.5,20,50,0.3905212767057585,0.4877316020275746,0.39778800707741,0.07144944572689385,5.567405079640542,0.02857142857142857,0.05777297842650322,0.0,0.11104536056518555
GLD,1d,14,0.0,0.75,8,21,0.6424738152462478,0.7867614891281622,0.6498941351483023,0.058447677268251286,11.119246572717511,0.6,1.115991291968443,-0.051592348732003135,0.11191177368164062
GLD,1d,14,0.0,0.75,9,21,0.6221413055418732,1.487342105648569,0.6380397788859387,0.042639142014643736,14.96371054245918,0.5714285714285714,1.0634075735666022,-0.051592348732003135,0.10896897315979004
GLD,1d,14,0.0,0.75,10,30,0.5963443178921661,1.744048095299537,0.5801992266846101,0.06234768314773118,9.305866672059704,0.37142857142857144,0.7793713216527648,-0.012944475922053833,0.1081092357635498
GLD,1d,14,0.0,0.75,12,26,0.602141548353554,1.192428978573874,0.5815118569202613,0.06593867594028804,8.8189798874163,0.5142857142857142,1.008721859398691,-0.04537249964565837,0.10867524147033691
GLD,1d,14,0.0,0.75,20,50,0.479865608021654,0.38965629064992235,0.4794160932894573,0.06390858629462437,7.5015912741256034,0.02857142857142857,0.05768339809442799,0.0,0.10234761238098145
GLD,1d,14,0.0,1.0,8,21,0.755415484323959,0.8109728791873716,0.7524165745375592,0.06323972180430389,11.897847635476982,0.6,1.1360618259758026,-0.056743171167103146,0.1136629581451416
GLD,1d,14,0.0,1.0,9,21,0.721297253563511,1.6704644500996846,0.7399308889640815,0.03810663045523981,19.41737907877232,0.5714285714285714,1.0824542783490174,-0.056743171167103146,0.10978913307189941
GLD,1d,14,0.0,1.0,10,30,0.6852798592941663,1.9878073850759335,0.6674705630202203,0.06217835821913688,10.734773032569237,0.37142857142857144,0.783354817224166,-0.023330195487403227,0.10611224174499512
GLD,1d,14,0.0,1.0,12,26,0.6997340384327032,1.3012893314487584,0.6707633743543738,0.06675756518572071,10.047750730397349,0.5142857142857142,1.0221644397131118,-0.049635026137084926,0.12411975860595703
GLD,1d,14,0.0,1.0,20,50,0.5572429397533133,0.29450962251997104,0.5497617069377725,0.0604725913224445,9.09108895311598,0.02857142857142857,0.057616116534033396,0.0,0.09746265411376953
GLD,1d,14,0.1,0.0,8,21,0.3038424053452782,0.31323153517831503,0.4733940160338597,0.21040971711551756,2.249867651188184,0.14285714285714285,0.03307618680381231,-0.061266070782445614,0.10648870468139648
GLD,1d,14,0.1,0.0,9,21,0.4789913840919767,0.5959368579017013,0.4528486894869338,0.24086732838984193,1.8800751953955401,0.14285714285714285,0.08067986321661123,-0.058546926492806906,0.11255383491516113
GLD,1d,14,0.1,0.0,10,30,0.4429430758726172,0.5312520953787514,0.5156936929612965,0.261493341865553,1.9721102238482264,0.17142857142857143,0.4336197040103514,-0.005766839574343652,0.10640239715576172
GLD,1d,14,0.1,0.0,12,26,0.4284034917783093,0.4802717278141613,0.44216014379199364,0.19660160355945064,2.249015958093588,0.2,0.3020945519751432,-0.03258492017137893,0.11056137084960938
GLD,1d,14,0.1,0.0,20,50,0.5490857318320901,0.7310639263582381,0.4565191576956648,0.22336888323027704,2.0437903037059413,0.0,0.0,0.0,0.1022484302520752
GLD,1d,14,0.1,0.25,8,21,0.33673426794369704,0.44509046964074517,0.39264307286633643,0.07646220797773044,5.13512600866422,0.6,1.0617389334235061,-0.041290703861802336,0.10614514350891113
GLD,1d,14,0.1,0.25,9,21,0.3738106508724484,0.8565967137748178,0.38041556075281674,0.08493919261662806,4.478681148640268,0.5714285714285714,1.0082093417929616,-0.041290703861802336,0.10831928253173828
GLD,1d,14,0.1,0.25,10,30,0.35310760725314305,0.7621858031144628,0.36640575839889816,0.08590422789287641,4.2652820168037655,0.37142857142857144,0.7693729923531376,-0.005766839574343652,0.1033787727355957
GLD,1d,14,0.1,0.25,12,26,0.3469555414688159,0.6861461023710205,0.34913522812865644,0.06873854096846961,5.079177172073013,0.5142857142857142,0.9728143561224188,-0.03684744666280526,0.10749983787536621
GLD,1d,14,0.1,0.25,20,50,0.3180671006093878,0.6344691839573648,0.32327475235095793,0.08678920494531409,3.7248267518368614,0.02857142857142857,0.05789814324253963,0.0,0.10749292373657227
GLD,1d,14,0.1,0.5,8,21,0.514800108518364,0.5186661160817909,0.5353285629139692,0.057425679834524276,9.32211102169887,0.6,1.0968829149841832,-0.04644152629690257,0.11392521858215332
GLD,1d,14,0.1,0.5,9,21,0.5223869914795053,1.0700137921424782,0.5222558496850015,0.05677733742141935,9.198315268091095,0.5714285714285714,1.04119673242313,-0.04644152629690257,0.11008214950561523
GLD,1d,14,0.1,0.5,10,30,0.4859785134670737,0.9425705680209517,0.4801354462543239,0.059818291096821546,8.026565745202909,0.37142857142857144,0.7745817287199657,-0.005766839574343652,0.11067533493041992
GLD,1d,14,0.1,0.5,12,26,0.4885099572787048,0.8391232293107798,0.47454060609604676,0.059559394294222724,7.967519007191739,0.5142857142857142,0.9940622757295239,-0.041109973154231816,0.10613346099853516
GLD,1d,14,0.1,0.5,20,50,0.39517212916785316,0.5393030994599752,0.40178569061324365,0.06453475568184676,6.225880711380202,0.02857142857142857,0.05777297842650322,0.0,0.10494542121887207
GLD,1d,14,0.1,0.75,8,21,0.6650030870572643,0.5442163998943113,0.6655140293158024,0.055389932176177235,12.015072110921173,0.6,1.1214715918767837,-0.051592348732003135,0.1096491813659668
GLD,1d,14,0.1,0.75,9,21,0.6571701483849154,1.2389598438810454,0.650881277520589,0.04700450616301411,13.847210207108619,0.5714285714285714,1.0651535873000495,-0.051592348732003135,0.11128926277160645
GLD,1d,14,0.1,0.75,10,30,0.6082083289122437,1.0770182050685118,0.5910708811427925,0.0558613209945436,10.581040165529327,0.37142857142857144,0.7793713216527648,-0.012944475922053833,0.10605192184448242
GLD,1d,14,0.1,0.75,12,26,0.6156241921035268,0.9444786207612721,0.5908838901312558,0.0611200957878758,9.667587763310861,0.5142857142857142,1.0104678731321384,-0.04537249964565837,0.11704826354980469
GLD,1d,14,0.1,0.75,20,50,0.48354612547893827,0.4458233870867032,0.48624016902289735,0.05742648808532717,8.467175779588285,0.02857142857142857,0.05768339809442799,0.0,0.10000777244567871
GLD,1d,14,0.1,1.0,8,21,0.7867488873735485,0.5310175792550296,0.7729104461122094,0.05774880025323536,13.384008719192522,0.6,1.1404088871293334,-0.056743171167103146,0.12419629096984863
GLD,1d,14,0.1,1.0,9,21,0.7682371810587281,1.3664166811083498,0.756864242923055,0.04399622213129825,17.20293712183604,0.5714285714285714,1.083806477858764,-0.056743171167103146,0.11686277389526367
GLD,1d,14,0.1,1.0,10,30,0.7093194387408844,1.1700688711744154,0.6840621869189105,0.058018605835002394,11.790393393186614,0.37142857142857144,0.783354817224166,-0.023330195487403227,0.10935521125793457
GLD,1d,14,0.1,1.0,12,26,0.720182768242048,1.0074749720947662,0.687333031293129,0.06431743773668125,10.686573586887963,0.5142857142857142,1.0235166392228583,-0.049635026137084926,0.10717558860778809
GLD,1d,14,0.1,1.0,20,50,0.5603700426092986,0.3542702131051434,0.5586941969002187,0.05414145246858455,10.31915789892042,0.02857142857142857,0.057616116534033396,0.0,0.10170412063598633
GLD,1d,14,0.25,0.0,8,21,0.29727518406473696,0.31001393812738165,0.39289432050376816,0.2827025809372601,1.3897797437900392,0.14285714285714285,0.03307618680381231,-0.061266070782445614,0.10587120056152344
GLD,1d,14,0.25,0.0,9,21,0.25548068710359356,0.24054841911513325,0.4199443451507624,0.1870860223868744,2.2446591134550995,0.14285714285714285,0.08067986321661123,-0.058546926492806906,0.10576415061950684
GLD,1d,14,0.25,0.0,10,30,0.4521851230797827,0.5343303055698916,0.4717287325295489,0.26349461640505045,1.7902784465409942,0.17142857142857143,0.4336197040103514,-0.005766839574343652,0.10401225090026855
GLD,1d,14,0.25,0.0,12,26,0.30799983366079914,0.30988510459158825,0.450838298641045,0.23578584590380125,1.9120668457129673,0.2,0.3020945519751432,-0.03258492017137893,0.10850262641906738
GLD,1d,14,0.25,0.0,20,50,0.44923914275584165,0.5399567408907597,0.4324244442348556,0.20781406889666013,2.080823721563758,0.0,0.0,0.0,0.10071802139282227
GLD,1d,14,0.25,0.25,8,21,0.31812901605105526,0.1548915956987995,0.3779869824945467,0.07820725103300348,4.833144976992429,0.6,1.0617389334235061,-0.041290703861802336,0.10564637184143066
GLD,1d,14,0.25,0.25,9,21,0.32964307787570346,0.3538798884349841,0.3730817427402781,0.06538775372867955,5.70568220294501,0.5714285714285714,1.0082093417929616,-0.041290703861802336,0.1077566146850586
GLD,1d,14,0.25,0.25,10,30,0.3637326134325467,0.7653850354002947,0.3602526045802658,0.06511713834692172,5.532377707708282,0.37142857142857144,0.7693729923531376,-0.005766839574343652,0.10367584228515625
GLD,1d,14,0.25,0.25,12,26,0.32564262741036626,0.4452822476959557,0.3550936917164885,0.07020952763389812,5.057628269030604,0.5142857142857142,0.9728143561224188,-0.03684744666280526,0.10252952575683594
GLD,1d,14,0.25,0.25,20,50,0.2881970117666085,0.41100799294106927,0.3156143055292868,0.08229565851750315,3.8351270433319398,0.02857142857142857,0.05789814324253963,0.0,0.09753918647766113
GLD,1d,14,0.25,0.5,8,21,0.5186914399570007,0.014490832303977408,0.5458178946709921,0.05501039817602464,9.922085874100755,0.6,1.0968829149841832,-0.04644152629690257,0.1133582592010498
GLD,1d,14,0.25,0.5,9,21,0.5205384858125689,0.4140238276422685,0.5359651988946109,0.052096417901157786,10.287947242581906,0.5714285714285714,1.04119673242313,-0.04644152629690257,0.11554622650146484
GLD,1d,14,0.25,0.5,10,30,0.5155448777828977,0.9458012767599377,0.49258052888174647,0.05121216439355517,9.618428252638656,0.37142857142857144,0.7745817287199657,-0.005766839574343652,0.10382676124572754
GLD,1d,14,0.25,0.5,12,26,0.4918697541086284,0.5261948266788243,0.4869637047701529,0.06319473147069855,7.705764285048714,0.5142857142857142,0.9940622757295239,-0.041109973154231816,0.10882925987243652
GLD,1d,14,0.25,0.5,20,50,0.3911498750084499,0.2890536375843118,0.4034942387631853,0.06358394493928646,6.345850971475023,0.02857142857142857,0.05777297842650322,0.0,0.10272479057312012
GLD,1d,14,0.25,0.75,8,21,0.6864347379701206,-0.1120565695831538,0.6914223097471106,0.05292313761824121,13.064650753223587,0.6,1.1214715918767837,-0.051592348732003135,0.1103668212890625
GLD,1d,14,0.25,0.75,9,21,0.6788352429347587,0.43044026894187515,0.678472686955869,0.04896927476896378,13.855069125628097,0.5714285714285714,1.0651535873000495,-0.051592348732003135,0.1122288703918457
GLD,1d,14,0.25,0.75,10,30,0.6515687484335245,1.0796575581185537,0.6149005357772539,0.05455557999566203,11.271084201215485,0.37142857142857144,0.7793713216527648,-0.012944475922053833,0.11012768745422363
GLD,1d,14,0.25,0.75,12,26,0.633299418699825,0.5614214718948314,0.6083532933834911,0.06891808494853802,8.827193817671457,0.5142857142857142,1.0104678731321384,-0.04537249964565837,0.10668134689331055
GLD,1d,14,0.25,0.75,20,50,0.49353338440611016,0.174031608134253,0.4935085796989255,0.059224298443342475,8.332873375799386,0.02857142857142857,0.05768339809442799,0.0,0.10229730606079102
GLD,1d,14,0.25,1.0,8,21,0.8222300719482436,-0.2256472134755051,0.8101280057352236,0.05627721994735783,14.395309620713745,0.6,1.1404088871293334,-0.056743171167103146,0.1110074520111084
GLD,1d,14,0.25,1.0,9,21,0.8065363334636602,0.41166680389252575,0.7948784202744201,0.048786414993450114,16.293027892726645,0.5714285714285714,1.083806477858764,-0.056743171167103146,0.11059141159057617
GLD,1d,14,0.25,1.0,10,30,0.7633603884926929,1.1710831138804818,0.7161719214641422,0.06018821745654738,11.898872432651448,0.37142857142857144,0.783354817224166,-0.023330195487403227,0.10512542724609375
GLD,1d,14,0.25,1.0,12,26,0.7481388633807772,0.5590533296030105,0.7087739362599306,0.07557498008450772,9.378420417278068,0.5142857142857142,1.0235166392228583,-0.049635026137084926,0.10657382011413574
GLD,1d,14,0.25,1.0,20,50,0.5800440359903559,0.06585264069546715,0.5699410898878845,0.058181245008189386,9.795958986571387,0.02857142857142857,0.057616116534033396,0.0,0.10778450965881348
GLD,1d,14,0.4,0.0,8,21,0.3781743952760439,0.42802406111520397,0.3500703971029648,0.24673012076923925,1.4188393213262243,0.14285714285714285,0.03307618680381231,-0.061266070782445614,0.11412644386291504
GLD,1d,14,0.4,0.0,9,21,0.361284989737185,0.3935659994016414,0.40256891238586856,0.2051207689413095,1.9625945947046162,0.14285714285714285,0.08067986321661123,-0.058546926492806906,0.11321711540222168
GLD,1d,14,0.4,0.0,10,30,0.49227833511182967,0.6032218717602453,0.41214652986796485,0.23465425332281664,1.756399144834464,0.17142857142857143,0.4336197040103514,-0.005766839574343652,0.10464692115783691
GLD,1d,14,0.4,0.0,12,26,0.3062588964606178,0.3110282546510259,0.4305360781919839,0.21245947191509443,2.0264386158506498,0.2,0.3020945519751432,-0.03258492017137893,0.11067819595336914
GLD,1d,14,0.4,0.0,20,50,0.3806204079180023,0.41725266494458735,0.4301806914019071,0.2064971430425542,2.08322829586682,0.0,0.0,0.0,0.10284018516540527
GLD,1d,14,0.4,0.25,8,21,0.346197681317351,0.2877255753339456,0.3758028750334138,0.060002849657854906,6.2630837897916045,0.6,1.0617389334235061,-0.041290703861802336,0.11252951622009277
GLD,1d,14,0.4,0.25,9,21,0.36515327773087686,0.570327753217347,0.3637763975488,0.06681578808108983,5.444467662452907,0.5714285714285714,1.0082093417929616,-0.041290703861802336,0.1133573055267334
GLD,1d,14,0.4,0.25,10,30,0.3767384391515022,0.8640928439530369,0.360089811725571,0.07085670011325186,5.0819444195119345,0.37142857142857144,0.7693729923531376,-0.005766839574343652,0.1131134033203125
GLD,1d,14,0.4,0.25,12,26,0.33353255533252063,0.45290008952849337,0.36037213202996876,0.07209627326202465,4.99848488312624,0.5142857142857142,0.9728143561224188,-0.03684744666280526,0.1103966236114502
GLD,1d,14,0.4,0.25,20,50,0.2719660120722985,0.270232760713758,0.3160398428103467,0.09071482736115756,3.4838829770586015,0.02857142857142857,0.05789814324253963,0.0,0.10285806655883789
GLD,1d,14,0.4,0.5,8,21,0.5513320048951568,0.15760220450890605,0.5593696342701319,0.041466818936087516,13.489571870277388,0.6,1.0968829149841832,-0.04644152629690257,0.1116786003112793
GLD,1d,14,0.4,0.5,9,21,0.5580638991249716,0.695637346015231,0.5392931365005008,0.05524248949664257,9.762288800059906,0.5714285714285714,1.04119673242313,-0.04644152629690257,0.11400055885314941
GLD,1d,14,0.4,0.5,10,30,0.5292512948571212,1.0758657872143238,0.5098159051329498,0.05443362491655794,9.365826837996803,0.37142857142857144,0.7745817287199657,-0.005766839574343652,0.10521340370178223
GLD,1d,14,0.4,0.5,12,26,0.508154614191473,0.5404938264605668,0.5031449859679075,0.058908219190513124,8.541167818037462,0.5142857142857142,0.9940622757295239,-0.041109973154231816,0.11117815971374512
GLD,1d,14,0.4,0.5,20,50,0.3953070875862081,0.13444549475656187,0.4077967006586979,0.07028480323700935,5.802060785224869,0.02857142857142857,0.05777297842650322,0.0,0.10156726837158203
GLD,1d,14,0.4,0.75,8,21,0.7248870011991524,0.03739483262308685,0.7147028656429781,0.038909005317021524,18.368572000742386,0.6,1.1214715918767837,-0.051592348732003135,0.11411213874816895
GLD,1d,14,0.4,0.75,9,21,0.7214382085369437,0.7758956617191552,0.6907459344974354,0.05400806446124985,12.789681344589518,0.5714285714285714,1.0651535873000495,-0.051592348732003135,0.11122703552246094
GLD,1d,14,0.4,0.75,10,30,0.6671805632423855,1.241231780132869,0.6421545392016113,0.05181740911891605,12.392640815520656,0.37142857142857144,0.7793713216527648,-0.012944475922053833,0.10892391204833984
GLD,1d,14,0.4,0.75,12,26,0.655812995161728,0.5819614565859892,0.6314344589609362,0.057867790746362335,10.911673848558479,0.5142857142857142,1.0104678731321384,-0.04537249964565837,0.11001300811767578
GLD,1d,14,0.4,0.75,20,50,0.5091344498148808,0.009437822317707845,0.5003734978932901,0.06405227430875901,7.811955208354953,0.02857142857142857,0.05768339809442799,0.0,0.10536527633666992
GLD,1d,14,0.4,1.0,8,21,0.8657170481032103,-0.07322119946123906,0.8405325548378972,0.04101439108619829,20.49360072349688,0.6,1.1404088871293334,-0.056743171167103146,0.12177133560180664
GLD,1d,14,0.4,1.0,9,21,0.8538644770448848,0.8171732842618609,0.8140853314112053,0.05527271263271789,14.728521410207017,0.5714285714285714,1.083806477858764,-0.056743171167103146,0.10825705528259277
GLD,1d,14,0.4,1.0,10,30,0.7807473408912778,1.3631378024077865,0.7505276751800574,0.0528335642532192,14.205509050704013,0.37142857142857144,0.783354817224166,-0.023330195487403227,0.11139178276062012
GLD,1d,14,0.4,1.0,12,26,0.7754977882400415,0.5849560580985795,0.7369186216508506,0.05973354117636702,12.336764356143767,0.5142857142857142,1.0235166392228583,-0.049635026137084926,0.11177420616149902
GLD,1d,14,0.4,1.0,20,50,0.603711938131236,-0.10526258925994825,0.5787035173007518,0.06163793356097528,9.38875597976155,0.02857142857142857,0.057616116534033396,0.0,0.1007850170135498
GLD,1d,14,0.55,0.0,8,21,0.30127168493389034,0.31266612698747287,0.3276423468791232,0.2491174172214327,1.3152125232090541,0.17142857142857143,-0.036519396513678436,-0.061266070782445614,0.10982465744018555
GLD,1d,14,0.55,0.0,9,21,0.32728037080002403,0.33874847814432774,0.3871364259760194,0.21418584033920912,1.8074790815438873,0.17142857142857143,0.08933143594378784,-0.058546926492806906,0.11025810241699219
GLD,1d,14,0.55,0.0,10,30,0.44514087906498095,0.5320692943304737,0.41194361406779983,0.25930134622679846,1.5886674715043418,0.17142857142857143,0.38862384789300747,-0.008240917156455252,0.10950446128845215
GLD,1d,14,0.55,0.0,12,26,0.42488606392869194,0.4847051471652013,0.4747102631551444,0.20725862375776688,2.2904246614604618,0.17142857142857143,0.24600076595360681,-0.035238268656311744,0.10785818099975586
GLD,1d,14,0.55,0.0,20,50,0.36773437469811976,0.4019217520294802,0.39171469243391577,0.23660774090937925,1.6555447041943674,0.0,0.0,0.0,0.10074377059936523
GLD,1d,14,0.55,0.25,8,21,0.34230846259209,0.15749454612194658,0.3814343032699731,0.048931527702553754,7.7952665935273036,0.8571428571428571,1.3905305262063823,-0.04459487118995442,0.11336946487426758
GLD,1d,14,0.55,0.25,9,21,0.3752523784087392,0.4916642508528495,0.3729588189028886,0.055129778083413336,6.765106479089913,0.8285714285714286,1.3380515084633242,-0.04459487118995442,0.1137235164642334
GLD,1d,14,0.55,0.25,10,30,0.3750222261847165,0.7672505054362142,0.365800293600538,0.07027699331411964,5.205121567530743,0.6285714285714286,1.2105558975680344,-0.031163993697493897,0.10558700561523438
GLD,1d,14,0.55,0.25,12,26,0.362628341572041,0.6985349917465569,0.3754027079059078,0.07648549377202286,4.908155643537519,0.7142857142857143,1.2892506247716895,-0.040163800600410804,0.10874152183532715
GLD,1d,14,0.55,0.25,20,50,0.27230669532292623,0.2528334671220742,0.31910469067463587,0.0985581674818477,3.2377295441639387,0.05714285714285714,0.11097442568403004,0.0,0.10516357421875
GLD,1d,14,0.55,0.5,8,21,0.5672217083174639,0.01698219333415074,0.5845577937042868,0.03647714153287045,16.02531802492055,0.8571428571428571,1.4420852778781301,-0.050406262730862905,0.10883331298828125
GLD,1d,14,0.55,0.5,9,21,0.5926201256949517,0.5919632565323749,0.5656191443460501,0.0497009542997128,11.380448369968594,0.8285714285714286,1.3870764186630429,-0.050406262730862905,0.11108231544494629
GLD,1d,14,0.55,0.5,10,30,0.5445764636142599,0.9538753390636785,0.5273153348036577,0.051684804742031694,10.20252156190944,0.6285714285714286,1.2320511097668052,-0.05656114782064392,0.10447931289672852
GLD,1d,14,0.55,0.5,12,26,0.5268131032571239,0.8597100625247953,0.5239810276243201,0.05608315533068471,9.342930591810603,0.7142857142857143,1.3167209224014473,-0.045089332544509864,0.10848617553710938
GLD,1d,14,0.55,0.5,20,50,0.4019790736324,0.11556178765814784,0.42746011461809397,0.07250936567298295,5.895240023832755,0.05714285714285714,0.1115414698597041,0.0,0.1029963493347168
GLD,1d,14,0.55,0.75,8,21,0.7533358405171562,-0.10968548587331961,0.7536404771487066,0.037740002734908316,19.96927457696268,0.8571428571428571,1.4812584729250893,-0.05621765427177128,0.11367249488830566
GLD,1d,14,0.55,0.75,9,21,0.7730192876313885,0.6472418214245965,0.7293716254261914,0.053696051448399375,13.583338173889754,0.8285714285714286,1.425501121179644,-0.05621765427177128,0.11155343055725098
GLD,1d,14,0.55,0.75,10,30,0.6933997864788692,1.0960280159018403,0.6687512738801993,0.048886118740488246,13.67977845470332,0.6285714285714286,1.249035755595626,-0.08195830194379439,0.11867475509643555
GLD,1d,14,0.55,0.75,12,26,0.6705952312227843,0.9727407859434178,0.6584002630417984,0.05186147179588382,12.695364019616095,0.7142857142857143,1.3391066814952493,-0.05001486448860892,0.10870647430419922
GLD,1d,14,0.55,0.75,20,50,0.5201832503908189,-0.010407604880168342,0.5304038893304795,0.0630490203210011,8.412563535960391,0.05714285714285714,0.11194330176887658,0.0,0.10072827339172363
GLD,1d,14,0.55,1.0,8,21,0.903520158350274,-0.22337292629556904,0.8900362142362871,0.04185246362734809,21.266041162143235,0.8571428571428571,1.5121304209141586,-0.06202904581267954,0.1124870777130127
GLD,1d,14,0.55,1.0,9,21,0.9185166630757683,0.6645872238165624,0.8622209990470289,0.05872240189944216,14.682999522456857,0.8285714285714286,1.4560151809048127,-0.06202904581267954,0.10750746726989746
GLD,1d,14,0.55,1.0,10,30,0.8150702418538156,1.1977873221097943,0.7843179437153389,0.050433104751440534,15.551649012704026,0.6285714285714286,1.2624924454402582,-0.10735545606694474,0.10943913459777832
GLD,1d,14,0.55,1.0,12,26,0.7880778310272136,1.0423452746205988,0.769082903339399,0.053006483795312836,14.50922317936143,0.7142857142857143,1.3571277970839275,-0.05583032755303097,0.11163568496704102
GLD,1d,14,0.55,1.0,20,50,0.618080117911254,-0.1256076056758214,0.6163018310766735,0.05828586536998624,10.573778516704193,0.05714285714285714,0.1122427851687717,0.0,0.10130524635314941
GLD,1d,14,0.7,0.0,8,21,0.19863238474357145,0.16584051069290395,0.34199323138650045,0.1755534301771063,1.9480862951039013,0.17142857142857143,0.05686267822545388,-0.041458417638945866,0.1100471019744873
GLD,1d,14,0.7,0.0,9,21,0.2601703356076084,0.24456009208588103,0.3753994434541209,0.20610970034234624,1.821357475318173,0.17142857142857143,0.17868094096314885,-0.035623641964098396,0.1073763370513916
GLD,1d,14,0.7,0.0,10,30,0.43771088464261537,0.5133031525017056,0.4054421024604416,0.2631859944841949,1.5405154945841528,0.17142857142857143,0.38862384789300747,-0.008240917156455252,0.12349367141723633
GLD,1d,14,0.7,0.0,12,26,0.37851881283521605,0.3995543413848308,0.5056107419873885,0.20214129881839946,2.501273836385217,0.17142857142857143,0.29219870897765365,-0.035623641964098396,0.11791753768920898
GLD,1d,14,0.7,0.0,20,50,0.3844503301570098,0.43544469637789884,0.30185636970761504,0.2234235238874223,1.3510500794881077,0.0,0.0,0.0,0.10034656524658203
GLD,1d,14,0.7,0.25,8,21,0.37437510886212055,0.25459694947876654,0.3974927878339535,0.04667812268819915,8.515612131386014,0.8571428571428571,1.358478033283409,-0.03091633934932614,0.11017513275146484
GLD,1d,14,0.7,0.25,9,21,0.3493173864053953,0.08850329352861253,0.3854373221899986,0.05662355879599576,6.807013377217391,0.8285714285714286,1.3364477249733384,-0.040645469063480544,0.11907768249511719
GLD,1d,14,0.7,0.25,10,30,0.3893227139683443,0.7401182894927101,0.3693787047333569,0.06090480018156052,6.064853732911345,0.6285714285714286,1.2102343924256058,-0.031163993697493897,0.11223936080932617
GLD,1d,14,0.7,0.25,12,26,0.36673194086452543,0.5769826387359147,0.3789341874537674,0.04971772337257639,7.621712374359889,0.7142857142857143,1.2782194154963606,-0.040645469063480544,0.11579585075378418
GLD,1d,14,0.7,0.25,20,50,0.28323655085510446,0.29151343360349347,0.29533356843531405,0.08647647222212523,3.4151898296303558,0.05714285714285714,0.11097442568403004,0.0,0.10254883766174316
GLD,1d,14,0.7,0.5,8,21,0.6268349424672522,0.2907569781473571,0.6159581323052286,0.04194275501730064,14.685686051170382,0.8571428571428571,1.4238179329542124,-0.03399311891409573,0.11479544639587402
GLD,1d,14,0.7,0.5,9,21,0.593938168419817,-0.051186327868958714,0.5973458919181813,0.05011944173948837,11.918446638393846,0.8285714285714286,1.386180207567985,-0.045667296162863025,0.11226820945739746
GLD,1d,14,0.7,0.5,10,30,0.583538635185133,0.917816829399922,0.5447995376953696,0.0489335233469544,11.133462306250989,0.6285714285714286,1.2317327828584939,-0.05656114782064392,0.11279058456420898
GLD,1d,14,0.7,0.5,12,26,0.5596960788762879,0.7001299240231234,0.5403930067966447,0.045807224865015504,11.797112974843424,0.7142857142857143,1.3105034041630088,-0.045667296162863025,0.11089444160461426
GLD,1d,14,0.7,0.5,20,50,0.4159550086340617,0.15828383068092666,0.4261397195365972,0.06616763586054977,6.44030444785271,0.05714285714285714,0.1115414698597041,0.0,0.09851241111755371
GLD,1d,14,0.7,0.75,8,21,0.8300216698134779,0.2854486218501817,0.7969697933713136,0.043983883614920546,18.119586718371533,0.8571428571428571,1.4755085541427218,-0.037069898478865104,0.10907793045043945
GLD,1d,14,0.7,0.75,9,21,0.7934404162814493,-0.17572705545742484,0.7750106087196461,0.052915087415496144,14.64630687717025,0.8285714285714286,1.4273870727500915,-0.050689123262245284,0.10635638236999512
GLD,1d,14,0.7,0.75,10,30,0.7499615805571066,1.0508676195000795,0.6967035689258048,0.05085004219498752,13.701140428836881,0.6285714285714286,1.2487314822251443,-0.08195830194379439,0.1055288314819336
GLD,1d,14,0.7,0.75,12,26,0.7229760411893245,0.7751951111455386,0.6853747028231967,0.05158041526124328,13.287498740596153,0.7142857142857143,1.33709749062009,-0.050689123262245284,0.10808253288269043
GLD,1d,14,0.7,0.75,20,50,0.5371138123796136,0.03532938984891287,0.5416915129865237,0.06146621808865425,8.812832964690111,0.05714285714285714,0.11194330176887658,0.0,0.10196948051452637
GLD,1d,14,0.7,1.0,8,21,0.9926414638840547,0.24838171450017232,0.9427950168331094,0.04723493670795307,19.959696837581845,0.8571428571428571,1.5163606048867049,-0.04014667804363414,0.11216950416564941
GLD,1d,14,0.7,1.0,9,21,0.9538119907632726,-0.28632689195539107,0.9186347700649776,0.0571785945999394,16.066060673445637,0.8285714285714286,1.460476128898107,-0.05571095036162743,0.1149289608001709
GLD,1d,14,0.7,1.0,10,30,0.885221390987031,1.1436867540478781,0.8205041396609396,0.055226665931518135,14.857028318138498,0.6285714285714286,1.2622060526061438,-0.10735545606694474,0.10602426528930664
GLD,1d,14,0.7,1.0,12,26,0.8552834474009425,0.8082916866144949,0.8045647357582638,0.05783323325479035,13.911806248384382,0.7142857142857143,1.3584530081515003,-0.05583032755303097,0.10674262046813965
GLD,1d,14,0.7,1.0,20,50,0.6374407799437621,-0.07779489890290292,0.6364893227484442,0.06105127052558165,10.425488565086338,0.05714285714285714,0.1122427851687717,0.0,0.10549497604370117
GLD,1d,14,0.85,0.0,8,21,0.2645454137833681,0.2561610415350071,0.2683206972850253,0.20011406696854458,1.3408387593621887,0.37142857142857144,0.2061282077831014,-0.0402457117342242,0.11437368392944336
GLD,1d,14,0.85,0.0,9,21,0.18874409762861968,0.15672457215129376,0.25769147912000967,0.22420078986653785,1.1493781055517607,0.34285714285714286,0.1716641343596042,-0.0400601353407255,0.11003804206848145
GLD,1d,14,0.85,0.0,10,30,0.3446202314961247,0.3728873971519455,0.3968666915515579,0.20669012345731672,1.9201047680128474,0.2571428571428571,0.4056873167376793,-0.037158426245197496,0.10730361938476562
GLD,1d,14,0.85,0.0,12,26,0.20499742959373385,0.17566642818650213,0.4187610671336965,0.17045022891040124,2.456793809023408,0.2857142857142857,0.3822327320918263,-0.053754088028287184,0.11563515663146973
GLD,1d,14,0.85,0.0,20,50,0.3755898744951925,0.4183753215549961,0.32842237811608666,0.15784806165103782,2.080623446882392,0.05714285714285714,0.03269685662651892,-0.014758550417404148,0.09986591339111328
GLD,1d,14,0.85,0.25,8,21,0.4117121628689406,0.3802419290611847,0.41106042364031004,0.038035418137455715,10.807306551877096,0.8571428571428571,0.9852303227196046,-0.029782662158597817,0.11126542091369629
GLD,1d,14,0.85,0.25,9,21,0.39519916383116344,0.2446329646970018,0.400966399488215,0.05207436039272032,7.699881409283092,0.8571428571428571,0.9802970095349384,-0.039523173441641024,0.11539626121520996
GLD,1d,14,0.85,0.25,10,30,0.386911079288444,0.5411991972887384,0.38123095899067694,0.04940524003608452,7.71640738335112,0.6857142857142857,1.1554061584991462,-0.022388677461001483,0.10517501831054688
GLD,1d,14,0.85,0.25,12,26,0.3603703816178046,0.269279353327716,0.37598948082635375,0.05203445302911673,7.225779439172017,0.7428571428571429,1.2102665650660733,-0.06442646664806073,0.11174798011779785
GLD,1d,14,0.85,0.25,20,50,0.3369782150453846,0.6061274460173958,0.3086251312641287,0.056765551443062466,5.436838424333619,0.2,0.2685195909501168,-0.024188732020388737,0.1071023941040039
GLD,1d,14,0.85,0.5,8,21,0.6822877170070349,0.4511393696987527,0.6634720510976609,0.032537649781291506,20.39090270985534,0.8571428571428571,1.096138924249524,-0.03286304107701954,0.11235547065734863
GLD,1d,14,0.85,0.5,9,21,0.668200692957872,0.28286048102898587,0.6506377801112888,0.04064295902958151,16.008622296366994,0.8571428571428571,1.0929892876246652,-0.04455087529783708,0.10603570938110352
GLD,1d,14,0.85,0.5,10,30,0.6091686522451393,0.6574563529228701,0.5795242993073433,0.04616472338019707,12.553401317594322,0.6857142857142857,1.2263651791173957,-0.0425125807030905,0.10374665260314941
GLD,1d,14,0.85,0.5,12,26,0.5968868682641892,0.3111062180389481,0.5726595782407478,0.048660355853016535,11.768503707011991,0.7714285714285715,1.2904215098288383,-0.07509884526783395,0.10639357566833496
GLD,1d,14,0.85,0.5,20,50,0.48235108222914286,0.7405839675853736,0.45317885589861734,0.0594874842880495,7.6180538027838045,0.2,0.2754785880826156,-0.046112689821865005,0.09701085090637207
GLD,1d,14,0.85,0.75,8,21,0.9013128053688377,0.47808539829077423,0.8684147985557507,0.03651060126313691,23.785277933303977,0.8571428571428571,1.1917032723523941,-0.045702560065394304,0.11280488967895508
GLD,1d,14,0.85,0.75,9,21,0.8869832980801338,0.2824947111500742,0.8536650852529226,0.03980513281021418,21.446105690014637,0.8571428571428571,1.1892037667165825,-0.04957857715403269,0.11043667793273926
GLD,1d,14,0.85,0.75,10,30,0.7938978946903074,0.7290163487494699,0.7478549676999796,0.048990008283403004,15.265459098796281,0.6857142857142857,1.2836450110769064,-0.06263648394517918,0.10824918746948242
GLD,1d,14,0.85,0.75,12,26,0.7880853150958675,0.3118944792907361,0.7405342621859367,0.04996563630543757,14.82087124156862,0.7714285714285715,1.35355248726001,-0.08577122388760738,0.1063835620880127
GLD,1d,14,0.85,0.75,20,50,0.6110671945642951,0.8280983274781433,0.5795112071162035,0.06490289357084221,8.928896313130643,0.2,0.28098679641269114,-0.0680366476233416,0.10143375396728516
GLD,1d,14,0.85,1.0,8,21,1.0768335879385271,0.4693925405136692,1.0326952750810132,0.04179842072744611,24.706562044888795,0.8571428571428571,1.2693495684684741,-0.06164538145454046,0.10934591293334961
GLD,1d,14,0.85,1.0,9,21,1.0618743191472613,0.25286325660484743,1.0165102455928512,0.04170132126450566,24.375972145948772,0.8571428571428571,1.2672143251135553,-0.06164538145454046,0.10651612281799316
GLD,1d,14,0.85,1.0,10,30,0.9429275423698541,0.762651486057099,0.8843585642423475,0.05245136499664041,16.860544321372608,0.6857142857142857,1.329637911630056,-0.08276038718726819,0.10480165481567383
GLD,1d,14,0.85,1.0,12,26,0.9412916367668711,0.280946177916209,0.8768911765303301,0.051901739924846785,16.89521734338887,0.7714285714285715,1.4039529063335838,-0.09644360250738115,0.10926318168640137
GLD,1d,14,0.85,1.0,20,50,0.7165771026785832,0.8747045913788805,0.6827941679603262,0.06982843499053092,9.778167992063928,0.2,0.28542598379818496,-0.08996060542481776,0.1060326099395752
GLD,1d,14,1.0,0.0,8,21,0.27174717562714196,0.2691012965160213,0.2758026894358861,0.16084633758185463,1.7146967321872046,0.37142857142857144,0.1410177990020478,-0.0402457117342242,0.11342620849609375
GLD,1d,14,1.0,0.0,9,21,0.2716906768380312,0.2686010066818709,0.28680785671014697,0.16248997805070817,1.7650802846477276,0.34285714285714286,0.128072647002381,-0.03491367068125839,0.10814929008483887
GLD,1d,14,1.0,0.0,10,30,0.3386225360457298,0.36710577874966877,0.400181781135829,0.16676771895012898,2.399635754779984,0.2857142857142857,0.4152391840616775,-0.037158426245197496,0.10218954086303711
GLD,1d,14,1.0,0.0,12,26,0.3652781985377739,0.40706592693588495,0.4200990345721041,0.16067570587158075,2.614577183857939,0.3142857142857143,0.36863930828614977,-0.03720821427784293,0.10719513893127441
GLD,1d,14,1.0,0.0,20,50,0.45985771932139535,0.5732992090128703,0.3631992300181482,0.18384947596143605,1.9755249674703028,0.05714285714285714,0.03269685662651892,-0.014758550417404148,0.10142207145690918
GLD,1d,14,1.0,0.25,8,21,0.42777964828988024,0.40044713233898066,0.4190080461875554,0.03731687595864631,11.228379531338323,0.8571428571428571,0.9988584825556586,-0.036714877835121396,0.11067914962768555
GLD,1d,14,1.0,0.25,9,21,0.4215186399821933,0.39610697276360796,0.41426477921539095,0.03972995226340811,10.427014270463525,0.8571428571428571,1.0064529770208157,-0.046385793036565315,0.1102910041809082
GLD,1d,14,1.0,0.25,10,30,0.39481163744172626,0.53346856069945,0.40376780418924874,0.04521245666328395,8.930454878757779,0.6857142857142857,1.188668400118948,-0.022388677461001483,0.10859084129333496
GLD,1d,14,1.0,0.25,12,26,0.39795203091498066,0.5934941153057487,0.4061220102146087,0.048084458057320124,8.446014089011507,0.7714285714285715,1.210366425255774,-0.046425372183577895,0.11299395561218262
GLD,1d,14,1.0,0.25,20,50,0.3640679999330783,0.8326835528833303,0.3386024853104151,0.057856749806813754,5.852428393247525,0.2,0.2685195909501168,-0.024188732020388737,0.1062009334564209
GLD,1d,14,1.0,0.5,8,21,0.7112431886633439,0.47992071493873234,0.6936059975953937,0.034672513741212475,20.004491245495103,0.8571428571428571,1.1299213710309963,-0.04668345373405913,0.11948490142822266
GLD,1d,14,1.0,0.5,9,21,0.6997197532784248,0.4715358952067503,0.6818303817586138,0.03756234364296265,18.151965922029348,0.8571428571428571,1.131313939214705,-0.058204268495524736,0.11084914207458496
GLD,1d,14,1.0,0.5,10,30,0.6271421108591184,0.6479850503422129,0.6219417823717335,0.04118789509748325,15.100110867518856,0.6857142857142857,1.2610360101246558,-0.0425125807030905,0.10927271842956543
GLD,1d,14,1.0,0.5,12,26,0.6251480124744865,0.728894435107996,0.6208735023988312,0.040612921393402265,15.287585357001545,0.7714285714285715,1.2990418778995036,-0.05828301242837941,0.11194372177124023
GLD,1d,14,1.0,0.5,20,50,0.49987665275718374,1.045321029492528,0.4898543866500159,0.06404476917585723,7.648624438085646,0.2,0.2754785880826156,-0.046112689821865005,0.11618852615356445
GLD,1d,14,1.0,0.75,8,21,0.9403816785175836,0.5164840908258417,0.9159759393232131,0.03697415342460217,24.773412086123205,0.8571428571428571,1.2415597473947846,-0.056608010936989306,0.12490129470825195
GLD,1d,14,1.0,0.75,9,21,0.9248538504353238,0.5042001089081409,0.8991922058680955,0.039678971463110585,22.66168130653466,0.8571428571428571,1.2379454148029319,-0.06995089796232334,0.11965155601501465
GLD,1d,14,1.0,0.75,10,30,0.8193603807482168,0.7181193772826964,0.8051686951737407,0.042397355953929926,18.991011987838533,0.6857142857142857,1.3197839952113959,-0.06263648394517918,0.11384701728820801
GLD,1d,14,1.0,0.75,12,26,0.8142115063520933,0.8196259594060562,0.80204031462101,0.03873687291321069,20.704828611694282,0.7714285714285715,1.370288976729937,-0.07006839231984996,0.10683202743530273
GLD,1d,14,1.0,0.75,20,50,0.6250466112570615,1.2147759154043682,0.6225161712142524,0.07413661846137977,8.396878413581026,0.2,0.28098679641269114,-0.0680366476233416,0.1036078929901123
GLD,1d,14,1.0,1.0,8,21,1.1239406350815535,0.5181467410373606,1.0942034212158243,0.04002517982714885,27.33787645530158,0.8571428571428571,1.3318897256299727,-0.06648854944391158,0.11324810981750488
GLD,1d,14,1.0,1.0,9,21,1.1052549422269489,0.5023447540438997,1.0735446365441519,0.042369308063244064,25.337790150872586,0.8571428571428571,1.3242482328014755,-0.08162568143696058,0.11065912246704102
GLD,1d,14,1.0,1.0,10,30,0.9742437260980861,0.7507078137393384,0.953319092970015,0.044616154339288214,21.367128276462385,0.6857142857142857,1.3669178251449516,-0.08276038718726819,0.10902714729309082
GLD,1d,14,1.0,1.0,12,26,0.9667577808233444,0.8716622950471207,0.9486827278078526,0.03848325427203574,24.65183222556162,0.7714285714285715,1.427329780184921,-0.08276038718726819,0.1096041202545166
GLD,1d,14,1.0,1.0,20,50,0.7285521649053175,1.34459452330477,0.7309886104179324,0.08289838871624546,8.817886833965469,0.2,0.28542598379818496,-0.08996060542481776,0.10368728637695312
GLD,1d,19,0.0,0.0,8,21,0.4773562269664038,0.5859917039769234,0.5123212000584998,0.2820022411265876,1.8167274061787495,0.17142857142857143,-0.021862068918897665,-0.06262869222721434,0.11413168907165527
GLD,1d,19,0.0,0.0,9,21,0.5187217017877223,0.6784170396259959,0.5255337426808259,0.26081961561598804,2.014931819601267,0.17142857142857143,0.015243609044930835,-0.06262869222721434,0.1088716983795166
GLD,1d,19,0.0,0.0,10,30,0.6198935895716595,0.8570278119077115,0.4549163099248479,0.21352328046724808,2.1305232334823865,0.11428571428571428,0.3625091687424799,0.0,0.10956645011901855
GLD,1d,19,0.0,0.0,12,26,0.26293011018343154,0.2490131533073323,0.467304143725119,0.2628735730001263,1.777676387899572,0.17142857142857143,0.1189623432717987,-0.05412616293901573,0.10558176040649414
GLD,1d,19,0.0,0.0,20,50,0.5612852003453727,0.744560483965703,0.4548111804198526,0.20732112092424013,2.193752273730234,0.0,0.0,0.0,0.10101580619812012
GLD,1d,19,0.0,0.25,8,21,0.3589911988391295,0.8106280990808503,0.3711709828729604,0.1007550900205439,3.68389311941738,0.5142857142857142,0.6987216483524572,-0.06262869222721434,0.13211989402770996
GLD,1d,19,0.0,0.25,9,21,0.3728411013178342,0.9733068323039022,0.3921578697583971,0.11218288205768805,3.495701506017085,0.5142857142857142,0.705565616339266,-0.06262869222721434,0.10222649574279785
GLD,1d,19,0.0,0.25,10,30,0.3440959031203851,0.7867842071653361,0.3319894360041756,0.08418411429166674,3.9436114378296514,0.2571428571428571,0.5844945381260357,0.0,0.10120677947998047
GLD,1d,19,0.0,0.25,12,26,0.29087340507959575,0.35625483864316654,0.36168530843555047,0.10739054064475492,3.367943826933472,0.42857142857142855,0.7254588400314844,-0.025602345846935548,0.10402703285217285
GLD,1d,19,0.0,0.25,20,50,0.31839790116972266,0.6602496145461523,0.3273854248838705,0.10187971634874278,3.2134504945341904,0.0,0.0,0.0,0.10809159278869629
GLD,1d,19,0.0,0.5,8,21,0.48843907887895127,0.9708867240653307,0.4730189912465548,0.06954997973435419,6.8011377293458395,0.5142857142857142,0.7271708782797621,-0.06262869222721434,0.1049201488494873
GLD,1d,19,0.0,0.5,9,21,0.4867298245921361,1.2204842851718238,0.49312188034022386,0.07669114019360802,6.429971951066704,0.5142857142857142,0.7302278332779409,-0.06262869222721434,0.10980963706970215
GLD,1d,19,0.0,0.5,10,30,0.42762181893213674,0.7155323721184155,0.42487561255829986,0.06500217754618304,6.536328913849576,0.2571428571428571,0.5896673575402902,0.0,0.10401606559753418
GLD,1d,19,0.0,0.5,12,26,0.4332225629623088,0.4057115718650055,0.455123867389744,0.07717122745939675,5.8975849208722915,0.42857142857142855,0.7531722338637818,-0.02761675187322321,0.10686421394348145
GLD,1d,19,0.0,0.5,20,50,0.3787482055780951,0.5768816045587362,0.3951675714444173,0.07864323268688918,5.024813425685854,0.0,0.0,0.0,0.10444474220275879
GLD,1d,19,0.0,0.75,8,21,0.6094017029235991,1.0733316603335168,0.5761075922728354,0.06250157791969212,9.217488765052819,0.5142857142857142,0.7461834200410085,-0.06262869222721434,0.11428213119506836
GLD,1d,19,0.0,0.75,9,21,0.5980252135757266,1.4217493469151536,0.5951570263161049,0.06328838574059129,9.403890134843317,0.5142857142857142,0.7480847392587757,-0.06262869222721434,0.13486647605895996
GLD,1d,19,0.0,0.75,10,30,0.5226124574289024,0.6435370292148042,0.5189761219235234,0.06104251240910018,8.501880106857376,0.2571428571428571,0.5944229588614032,-0.0077341992497518275,0.10619974136352539
GLD,1d,19,0.0,0.75,12,26,0.5554720120019568,0.40854046253824605,0.5499958600019047,0.06903724068563154,7.966654729240552,0.42857142857142855,0.7717606096520468,-0.02963115789951032,0.10684442520141602
GLD,1d,19,0.0,0.75,20,50,0.4567169039811576,0.4946292202813729,0.4717356069556626,0.0713095482484089,6.6153217702678155,0.0,0.0,0.0,0.10053873062133789
GLD,1d,19,0.0,1.0,8,21,0.7098665548455685,1.1245378072707393,0.6632463584161513,0.06306658182588866,10.516605454330973,0.5142857142857142,0.7606057276639472,-0.06262869222721434,0.11325311660766602
GLD,1d,19,0.0,1.0,9,21,0.6913479480058233,1.5791738996834717,0.6812986535374822,0.057679209523056926,11.811858365797073,0.5142857142857142,0.7619634013015221,-0.06262869222721434,0.12310242652893066
GLD,1d,19,0.0,1.0,10,30,0.6048961234631149,0.5710578778754452,0.598630029145996,0.061079213898427534,9.8008797254905,0.2571428571428571,0.5983747229099636,-0.016383159924334034,0.14120864868164062
GLD,1d,19,0.0,1.0,12,26,0.6551070857095722,0.3746298712317848,0.6302775230090017,0.06728909133830825,9.366711757782044,0.42857142857142855,0.7858847882050741,-0.031645563925798204,0.11836361885070801
GLD,1d,19,0.0,1.0,20,50,0.525900557365835,0.41365656060012457,0.5381042351973001,0.06824793292679276,7.884549936105848,0.0,0.0,0.0,0.10308194160461426
GLD,1d,19,0.1,0.0,8,21,0.4557869480168128,0.5516144346673837,0.4932391750080738,0.3016426605128743,1.6351771137724136,0.17142857142857143,0.01984284552896025,-0.06262869222721434,0.12459325790405273
GLD,1d,19,0.1,0.0,9,21,0.4213473432099123,0.5044648371854057,0.4912817500146695,0.30377447643897043,1.6172581573467713,0.17142857142857143,0.049994154552950254,-0.06262869222721434,0.11106586456298828
GLD,1d,19,0.1,0.0,10,30,0.5353992416609301,0.6937443841947839,0.438579651850702,0.21920677364198102,2.0007577528923046,0.11428571428571428,0.3625091687424799,0.0,0.10880756378173828
GLD,1d,19,0.1,0.0,12,26,0.07037620284184183,0.01998656633587026,0.3992179815113389,0.24201977999977511,1.6495262557122805,0.17142857142857143,0.15371288877981812,-0.05412616293901573,0.11565494537353516
GLD,1d,19,0.1,0.0,20,50,0.5593709093643053,0.7432268167299072,0.45927952844597913,0.21028927842272113,2.184036827225878,0.0,0.0,0.0,0.13157439231872559
GLD,1d,19,0.1,0.25,8,21,0.3560713488268298,0.7620625477257033,0.37027262537645983,0.11110465077368831,3.3326473986284957,0.5142857142857142,0.7105616270042624,-0.06262869222721434,0.16552209854125977
GLD,1d,19,0.1,0.25,9,21,0.3512431796895133,0.7198820257749692,0.39117400094677635,0.1156134706052097,3.3834638723244894,0.5142857142857142,0.711492715296946,-0.06262869222721434,0.12825417518615723
GLD,1d,19,0.1,0.25,10,30,0.32212759906046545,0.5916228495676743,0.32298591009518784,0.08790677064398933,3.6741869565796885,0.2571428571428571,0.5844945381260357,0.0,0.11425209045410156
GLD,1d,19,0.1,0.25,12,26,0.2449706165782817,0.051089245280077744,0.3380714970817986,0.07930981172721241,4.262669267764775,0.42857142857142855,0.7313859389891645,-0.025602345846935548,0.11371707916259766
GLD,1d,19,0.1,0.25,20,50,0.3198947032344575,0.6589224155947679,0.32657648606053213,0.09191842806131745,3.5528945930480633,0.0,0.0,0.0,0.11008358001708984
GLD,1d,19,0.1,0.5,8,21,0.4927425846825584,0.9081237064373933,0.48311928912029467,0.07214887846046174,6.696144131818329,0.5142857142857142,0.7334009075497201,-0.06262869222721434,0.11503076553344727
GLD,1d,19,0.1,0.5,9,21,0.49096466224375446,0.8811902524919144,0.502481244206219,0.07945573345971173,6.324040095369627,0.5142857142857142,0.7334380797606329,-0.06262869222721434,0.12043190002441406
GLD,1d,19,0.1,0.5,10,30,0.4272431071464879,0.49208506855887557,0.42814138027236553,0.06270742553129796,6.827602578879203,0.2571428571428571,0.5896673575402902,0.0,0.1132514476776123
GLD,1d,19,0.1,0.5,12,26,0.416496135123467,0.03429491454816547,0.4522063934169781,0.06219976611274233,7.27022658891218,0.42857142857142855,0.7563824803464736,-0.02761675187322321,0.11667275428771973
GLD,1d,19,0.1,0.5,20,50,0.388352721497902,0.5756598992495163,0.3993577357957512,0.07327584331812333,5.4500599066729265,0.0,0.0,0.0,0.11187481880187988
GLD,1d,19,0.1,0.75,8,21,0.618140679288313,0.9971707496545301,0.5934673815612748,0.060202705747402975,9.857819082938407,0.5142857142857142,0.7504820439923603,-0.06262869222721434,0.12003397941589355
GLD,1d,19,0.1,0.75,9,21,0.6172919649423321,0.9936272314125791,0.610804245401126,0.06819639889033663,8.956546904820167,0.5142857142857142,0.7503458248415158,-0.06262869222721434,0.12283039093017578
GLD,1d,19,0.1,0.75,10,30,0.5344876999801087,0.3953630323996513,0.5303403145604071,0.055011967734082845,9.64045345776339,0.2571428571428571,0.5944229588614032,-0.0077341992497518275,0.11794114112854004
GLD,1d,19,0.1,0.75,12,26,0.5531502548660435,-0.01646021325848024,0.5589771417407225,0.061302733072669306,9.11830702683519,0.42857142857142855,0.774021695234787,-0.02963115789951032,0.11345338821411133
GLD,1d,19,0.1,0.75,20,50,0.4716142000848121,0.49359515968020684,0.4794946562300554,0.0691075578950023,6.9383822961675135,0.0,0.0,0.0,0.10509181022644043
GLD,1d,19,0.1,1.0,8,21,0.7218467837183649,1.0364174951796339,0.6860444701564186,0.05786788376435292,11.85535785186303,0.5142857142857142,0.763913748380223,-0.06262869222721434,0.11287307739257812
GLD,1d,19,0.1,1.0,9,21,0.721405488525985,1.0623532239073143,0.7014938818489228,0.06471583014344551,10.839602617999807,0.5142857142857142,0.7637284480022846,-0.06262869222721434,0.11488652229309082
GLD,1d,19,0.1,1.0,10,30,0.6254233533555649,0.30166032016653577,0.6160741560577985,0.053177131904051975,11.585321246158728,0.2571428571428571,0.5983747229099636,-0.016383159924334034,0.10572600364685059
GLD,1d,19,0.1,1.0,12,26,0.6624347137055822,-0.08985077545951159,0.6476995050484395,0.06371930039625238,10.164887263679587,0.42857142857142855,0.7876498349058366,-0.031645563925798204,0.11001873016357422
GLD,1d,19,0.1,1.0,20,50,0.5447110428748323,0.4128763719655699,0.5485719959375744,0.068093175637923,8.056196392639078,0.0,0.0,0.0,0.1008601188659668
GLD,1d,19,0.25,0.0,8,21,0.3223808083139187,0.34557667339322107,0.3676561062266132,0.3025817291628379,1.215063801915002,0.17142857142857143,0.01984284552896025,-0.06262869222721434,0.11012840270996094
GLD,1d,19,0.25,0.0,9,21,0.3971677346699545,0.45099344706120426,0.4427642649228596,0.22533027926168175,1.964956801960318,0.17142857142857143,0.049994154552950254,-0.06262869222721434,0.11322927474975586
GLD,1d,19,0.25,0.0,10,30,0.5088591710522635,0.6284506111517736,0.3993949383670371,0.22753066055782228,1.7553455757912635,0.11428571428571428,0.3625091687424799,0.0,0.10728693008422852
GLD,1d,19,0.25,0.0,12,26,0.005685454249861697,-0.04622128734408104,0.3909829082808971,0.24634966760120078,1.587105483388894,0.17142857142857143,0.15371288877981812,-0.05412616293901573,0.11224985122680664
GLD,1d,19,0.25,0.0,20,50,0.4445346531983169,0.5198715932882869,0.4476967004474936,0.19669265796829444,2.276123090062972,0.0,0.0,0.0,0.10881376266479492
GLD,1d,19,0.25,0.25,8,21,0.31506361064919575,0.18168903264163383,0.347160987577167,0.1013013067095088,3.427013913775904,0.5142857142857142,0.7105616270042624,-0.06262869222721434,0.11628484725952148
GLD,1d,19,0.25,0.25,9,21,0.35329870056290535,0.6457223263950909,0.369309492769753,0.09250015931072449,3.992528180726443,0.5142857142857142,0.711492715296946,-0.06262869222721434,0.11020541191101074
GLD,1d,19,0.25,0.25,10,30,0.36954160508893236,0.8879746846047722,0.324800085665031,0.06897734595441078,4.7087936071025585,0.2571428571428571,0.5844945381260357,0.0,0.10191869735717773
GLD,1d,19,0.25,0.25,12,26,0.24220752322667144,-0.03541591610163142,0.3286385541048006,0.07109301852161018,4.622655795729143,0.42857142857142855,0.7313859389891645,-0.025602345846935548,0.11002516746520996
GLD,1d,19,0.25,0.25,20,50,0.2816444603304893,0.3944075903938644,0.32134379376065947,0.0862722709037921,3.724763361323955,0.0,0.0,0.0,0.10910701751708984
GLD,1d,19,0.25,0.5,8,21,0.5064609425797107,0.033254349542096495,0.49611997430265664,0.06565344050154087,7.556648524627019,0.5142857142857142,0.7334009075497201,-0.06262869222721434,0.1042928695678711
GLD,1d,19,0.25,0.5,9,21,0.5144840032961204,0.7842600039104062,0.5087669859813331,0.06752883893464488,7.534069799033907,0.5142857142857142,0.7334380797606329,-0.06262869222721434,0.10874438285827637
GLD,1d,19,0.25,0.5,10,30,0.5014824711772712,1.0945493832792748,0.4496310167501111,0.05846341215581179,7.6908103747313294,0.2571428571428571,0.5896673575402902,0.0,0.10114431381225586
GLD,1d,19,0.25,0.5,12,26,0.4322016556787941,-0.0691856830828379,0.45521628511417384,0.06118426814382969,7.440087115924446,0.42857142857142855,0.7563824803464736,-0.02761675187322321,0.10225868225097656
GLD,1d,19,0.25,0.5,20,50,0.3799093596022859,0.2754975423842345,0.40176566859536245,0.07368697975928945,5.452329161919725,0.0,0.0,0.0,0.10011529922485352
GLD,1d,19,0.25,0.75,8,21,0.6681460948336538,-0.10058863355959036,0.6276745141485665,0.0549700682937363,11.418477975951292,0.5142857142857142,0.7504820439923603,-0.06262869222721434,0.11342048645019531
GLD,1d,19,0.25,0.75,9,21,0.6555626677702479,0.8725315438253691,0.6352102581724988,0.05838570214172869,10.879551583203611,0.5142857142857142,0.7503458248415158,-0.06262869222721434,0.10654854774475098
GLD,1d,19,0.25,0.75,10,30,0.625174213432383,1.2507630994006336,0.5638426091592105,0.059208278941877295,9.523036629940133,0.2571428571428571,0.5944229588614032,-0.0077341992497518275,0.10341906547546387
GLD,1d,19,0.25,0.75,12,26,0.5807448398799021,-0.13262303958462918,0.571103282473834,0.06625866281392108,8.619299850310956,0.42857142857142855,0.774021695234787,-0.02963115789951032,0.10559391975402832
GLD,1d,19,0.25,0.75,20,50,0.4786661036815691,0.16309321001870059,0.48664198192371444,0.07206935144938313,6.752412393574825,0.0,0.0,0.0,0.10143756866455078
GLD,1d,19,0.25,1.0,8,21,0.7993665600650516,-0.2207340829077089,0.7354718403237266,0.05290686358412513,13.901255725625877,0.5142857142857142,0.763913748380223,-0.06262869222721434,0.10425114631652832
GLD,1d,19,0.25,1.0,9,21,0.7708880322593307,0.9164500167408935,0.7393711132059083,0.05430163993082022,13.615999703652784,0.5142857142857142,0.7637284480022846,-0.06262869222721434,0.11140894889831543
GLD,1d,19,0.25,1.0,10,30,0.7279038983840019,1.3596262201576774,0.6582652581212074,0.06182465332756669,10.64729396270948,0.2571428571428571,0.5983747229099636,-0.016383159924334034,0.10430312156677246
GLD,1d,19,0.25,1.0,12,26,0.698923360730348,-0.2140174076510557,0.666946902651227,0.07266606026878747,9.17824497687407,0.42857142857142855,0.7876498349058366,-0.031645563925798204,0.10371088981628418
GLD,1d,19,0.25,1.0,20,50,0.562286214715922,0.057123668938310335,0.5591466769738346,0.07248581846628863,7.713876849357505,0.0,0.0,0.0,0.09881806373596191
GLD,1d,19,0.4,0.0,8,21,0.35406956053395944,0.38501046717312604,0.360690820850858,0.237656073738728,1.5177008320325562,0.17142857142857143,0.01984284552896025,-0.06262869222721434,0.11083769798278809
GLD,1d,19,0.4,0.0,9,21,0.5350886326114179,0.6984745288642307,0.433933457720863,0.214144991671007,2.0263535202705985,0.17142857142857143,0.049994154552950254,-0.06262869222721434,0.10964488983154297
GLD,1d,19,0.4,0.0,10,30,0.5486137501602842,0.7023642591918748,0.3290321175994707,0.21035438105390683,1.5641800087593647,0.11428571428571428,0.3625091687424799,0.0,0.13350868225097656
GLD,1d,19,0.4,0.0,12,26,0.10387047697076528,0.05525407096955148,0.38698307225774287,0.2354567701077741,1.643541921010008,0.17142857142857143,0.15371288877981812,-0.05412616293901573,0.11956071853637695
GLD,1d,19,0.4,0.0,20,50,0.31514828311540966,0.31355805579891194,0.43267537575612725,0.19167395156083178,2.257350945356853,0.0,0.0,0.0,0.10617446899414062
GLD,1d,19,0.4,0.25,8,21,0.3279133849578896,0.22782561287876546,0.35908426887521494,0.08051329146896162,4.459937760880688,0.5142857142857142,0.7105616270042624,-0.06262869222721434,0.10955119132995605
GLD,1d,19,0.4,0.25,9,21,0.39827000090899467,1.0101408163776187,0.358963199896677,0.07864367306693829,4.564425667035442,0.5142857142857142,0.711492715296946,-0.06262869222721434,0.12400531768798828
GLD,1d,19,0.4,0.25,10,30,0.3829169649446168,0.9944224678525546,0.330353205334035,0.08530006631382879,3.8728364421034263,0.2571428571428571,0.5844945381260357,0.0,0.11712050437927246
GLD,1d,19,0.4,0.25,12,26,0.27279351308308986,0.10061940021624305,0.34564877504054226,0.06236102895687792,5.54270480815118,0.42857142857142855,0.7313859389891645,-0.025602345846935548,0.1141822338104248
GLD,1d,19,0.4,0.25,20,50,0.2459127094020401,0.15776290999748666,0.311506680391943,0.08846687863318811,3.5211673024381143,0.0,0.0,0.0,0.10254454612731934
GLD,1d,19,0.4,0.5,8,21,0.5247731939874699,0.08489042531224356,0.5240432262183142,0.05393268345341838,9.716616950293785,0.5142857142857142,0.7334009075497201,-0.06262869222721434,0.11280274391174316
GLD,1d,19,0.4,0.5,9,21,0.5592995134818337,1.2773923586322726,0.5133261140034525,0.062247979826042965,8.246470253942121,0.5142857142857142,0.7334380797606329,-0.06262869222721434,0.11245274543762207
GLD,1d,19,0.4,0.5,10,30,0.5157713360915678,1.2353311333260892,0.4756042919534817,0.06641426617246422,7.161176647174493,0.2571428571428571,0.5896673575402902,0.0,0.13222384452819824
GLD,1d,19,0.4,0.5,12,26,0.4576096371594877,0.09499359052719125,0.4829376029537592,0.05307039411900259,9.09994378166558,0.42857142857142855,0.7563824803464736,-0.02761675187322321,0.13024091720581055
GLD,1d,19,0.4,0.5,20,50,0.37169526937526615,0.015673087881441505,0.39992928033660025,0.07325950754934839,5.4590768313205436,0.0,0.0,0.0,0.10009050369262695
GLD,1d,19,0.4,0.75,8,21,0.691382479749914,-0.04460166639928398,0.6662944397082579,0.04537068439190269,14.685571721884175,0.5142857142857142,0.7504820439923603,-0.06262869222721434,0.11716747283935547
GLD,1d,19,0.4,0.75,9,21,0.7049657885948883,1.5014940161386354,0.6504801099856702,0.05880724958859357,11.061223140621752,0.5142857142857142,0.7503458248415158,-0.06262869222721434,0.1519303321838379
GLD,1d,19,0.4,0.75,10,30,0.6415028807858407,1.4260813183161662,0.6015379938543589,0.05957052617196359,10.097913053812645,0.2571428571428571,0.5944229588614032,-0.0077341992497518275,0.1123507022857666
GLD,1d,19,0.4,0.75,12,26,0.6057792296251933,0.0516599207306323,0.6060753855801677,0.056925515770440534,10.646814128557828,0.42857142857142855,0.774021695234787,-0.02963115789951032,0.10687041282653809
GLD,1d,19,0.4,0.75,20,50,0.4847316229349513,-0.11341277040781972,0.48994824382758007,0.06907586761636234,7.092900324447371,0.0,0.0,0.0,0.11128592491149902
GLD,1d,19,0.4,1.0,8,21,0.8266132507797062,-0.16147884380787003,0.7820920766329029,0.04339980539041571,18.020635567311043,0.5142857142857142,0.763913748380223,-0.06262869222721434,0.1275634765625
GLD,1d,19,0.4,1.0,9,21,0.8248578871019573,1.6840596880426846,0.7629569051233064,0.058467565599194214,13.04923331943585,0.5142857142857142,0.7637284480022846,-0.06262869222721434,0.1123049259185791
GLD,1d,19,0.4,1.0,10,30,0.7461129162712712,1.5682863850385407,0.7042320757551707,0.05660623142742298,12.440893131317065,0.2571428571428571,0.5983747229099636,-0.016383159924334034,0.10848283767700195
GLD,1d,19,0.4,1.0,12,26,0.724403217345722,-0.018093156864595894,0.7073270484759016,0.06247701079138066,11.321397094969283,0.42857142857142855,0.7876498349058366,-0.031645563925798204,0.10960865020751953
GLD,1d,19,0.4,1.0,20,50,0.5780957117442665,-0.23020510988911524,0.5662649885523685,0.06762525867633905,8.373572236707691,0.0,0.0,0.0,0.10561108589172363
GLD,1d,19,0.55,0.0,8,21,0.4247107665509993,0.49933627841647055,0.3307836004780416,0.1924393997229858,1.7188974864513225,0.2,-0.07688192717497827,-0.06262869222721434,0.11148381233215332
GLD,1d,19,0.55,0.0,9,21,0.3934951054572218,0.4381965729642854,0.3785310957361444,0.2428059457476953,1.5589861054287524,0.2,0.04051347483953682,-0.06262869222721434,0.11636495590209961
GLD,1d,19,0.55,0.0,10,30,0.4240452583602222,0.4972737460804524,0.3225404583760013,0.2753806788971751,1.1712530438507462,0.11428571428571428,0.31751331262513605,-0.008240917156455252,0.10407304763793945
GLD,1d,19,0.55,0.0,12,26,0.2559760773506686,0.23524802407062495,0.41657557853796073,0.218572064676471,1.9058957930171603,0.14285714285714285,0.08439171205091513,-0.05412616293901573,0.11290240287780762
GLD,1d,19,0.55,0.0,20,50,0.25790671880431226,0.24291442344264724,0.3852608057795869,0.2264989651447619,1.7009384812568826,0.0,0.0,0.0,0.11993622779846191
GLD,1d,19,0.55,0.25,8,21,0.3531038930130828,0.3540163709727011,0.3622560003772094,0.05554226106405678,6.522168767299917,0.8,1.2210496442009549,-0.06262869222721434,0.12839412689208984
GLD,1d,19,0.55,0.25,9,21,0.37822053724854277,0.6304074712400112,0.3641575808686657,0.06951309968991219,5.238690009410019,0.8,1.2225213453114003,-0.06262869222721434,0.12411618232727051
GLD,1d,19,0.55,0.25,10,30,0.36680788623712146,0.7153971236326426,0.3382517098306888,0.08708329222383153,3.88423199436782,0.5428571428571428,1.1385943185397787,0.0,0.11979103088378906
GLD,1d,19,0.55,0.25,12,26,0.31474476201212087,0.3419555387344535,0.3566786875668676,0.07497558889061108,4.757264235526841,0.6571428571428571,1.113336971860419,-0.036695993444717856,0.11999106407165527
GLD,1d,19,0.55,0.25,20,50,0.2384226274108383,0.07638108002650501,0.31384840856382573,0.09509834771824997,3.3002509096548294,0.02857142857142857,0.053076282441490416,0.0,0.10698103904724121
GLD,1d,19,0.55,0.5,8,21,0.554749478907667,0.21823062965309759,0.5519288748381269,0.04463625571249157,12.365035239361893,0.8,1.2650405288349769,-0.06262869222721434,0.11519050598144531
GLD,1d,19,0.55,0.5,9,21,0.5763717192121537,0.7683728472602147,0.5470938824436662,0.05321013832039308,10.28176020046145,0.8,1.2656073002200767,-0.06262869222721434,0.11340999603271484
GLD,1d,19,0.55,0.5,10,30,0.5341051399204575,0.8827599493789278,0.4977320186635407,0.06322711391197015,7.872129342429311,0.5428571428571428,1.1464676836467564,0.0,0.12163949012756348
GLD,1d,19,0.55,0.5,12,26,0.4900776978293524,0.3915030228939176,0.5043622136824479,0.05652835892945281,8.922286498921546,0.6571428571428571,1.1476225305020273,-0.0409282414099964,0.11065483093261719
GLD,1d,19,0.55,0.5,20,50,0.38011137624837044,-0.07388763095650797,0.41875539089362457,0.07256680243554049,5.770619303029038,0.02857142857142857,0.053768491433200886,0.0,0.1037435531616211
GLD,1d,19,0.55,0.75,8,21,0.7272984504708939,0.09198950392429084,0.7112624754954449,0.04497982546829082,15.812922084298876,0.8,1.298959468790717,-0.08823124292997908,0.11526966094970703
GLD,1d,19,0.55,0.75,9,21,0.7443849644983338,0.8584970893209096,0.7035531766901517,0.053080753339594035,13.254393210831784,0.8,1.299308592447327,-0.08823124292997908,0.12514042854309082
GLD,1d,19,0.55,0.75,10,30,0.6806198980310891,1.0040053580015509,0.6347862795769483,0.05642456517493317,11.250175834034687,0.5428571428571428,1.1532858398874908,0.0,0.11837410926818848
GLD,1d,19,0.55,0.75,12,26,0.6363719867593125,0.39379723931500155,0.6361954026324559,0.05231166774244195,12.161634872066838,0.6571428571428571,1.1724662405500892,-0.04516048937527417,0.12770485877990723
GLD,1d,19,0.55,0.75,20,50,0.5029098371090146,-0.20874652412277184,0.5189109140088259,0.06469916786705247,8.02036457524637,0.02857142857142857,0.05425990367444858,0.0,0.11162257194519043
GLD,1d,19,0.55,1.0,8,21,0.8676857106362243,-0.024807877962396252,0.8401202538483783,0.04804192719375507,17.487230486406983,0.8,1.3258279476651456,-0.12333209336346507,0.11178398132324219
GLD,1d,19,0.55,1.0,9,21,0.8805894176068475,0.906974427511664,0.830685863443762,0.056234370019971135,14.771853283832492,0.8,1.3260818610879797,-0.12333209336346507,0.11170530319213867
GLD,1d,19,0.55,1.0,10,30,0.8003507101034287,1.0837531218923782,0.7463059437375017,0.05484563285567281,13.607390504571589,0.5428571428571428,1.1588075690032984,-0.006056250777283556,0.1267716884613037
GLD,1d,19,0.55,1.0,12,26,0.7546199149514623,0.35812356866244666,0.744457954615567,0.05254365439103166,14.16837034354873,0.6571428571428571,1.1917977399086002,-0.05566403653229235,0.11617279052734375
GLD,1d,19,0.55,1.0,20,50,0.6034339778240079,-0.3290810141121324,0.6025818175851163,0.060812807546671635,9.908797865032897,0.02857142857142857,0.05462666863473829,0.0,0.10266423225402832
GLD,1d,19,0.7,0.0,8,21,0.23735578857952103,0.21082910790230458,0.358302843506862,0.14746234368857983,2.429792139093817,0.2,0.0012621989057002767,-0.038966478871275134,0.11096048355102539
GLD,1d,19,0.7,0.0,9,21,0.17163956179830847,0.1328919281156593,0.3524760059593705,0.22048040881062675,1.598672679630762,0.2,0.1211707472556946,-0.035623641964098396,0.10546422004699707
GLD,1d,19,0.7,0.0,10,30,0.33171149039971304,0.34909092718770895,0.3250325647109193,0.296907643666608,1.094726160286706,0.11428571428571428,0.31751331262513605,-0.008240917156455252,0.10977888107299805
GLD,1d,19,0.7,0.0,12,26,0.21018200885758262,0.1730710755845426,0.46443687882954937,0.21831748281342298,2.127346252093165,0.14285714285714285,0.17139546850193962,-0.035623641964098396,0.10687613487243652
GLD,1d,19,0.7,0.0,20,50,0.3233309836594268,0.3397945688746955,0.3030821891095306,0.20418369683299478,1.4843603765163804,0.0,0.0,0.0,0.11228823661804199
GLD,1d,19,0.7,0.25,8,21,0.3747439151342457,0.3151573570885864,0.38550169419420505,0.057170588954900445,6.743007221743188,0.8285714285714286,1.3683892127157844,-0.03091633934932614,0.11101317405700684
GLD,1d,19,0.7,0.25,9,21,0.32495974955963386,-0.03353094285266489,0.376327719866853,0.0616575719276572,6.103511833200278,0.8285714285714286,1.4027583328018027,-0.040645469063480544,0.11242103576660156
GLD,1d,19,0.7,0.25,10,30,0.3620632957638984,0.5053130660020382,0.3462096553544939,0.07421524446486437,4.664939903531538,0.5428571428571428,1.1214105125872167,0.0,0.1105184555053711
GLD,1d,19,0.7,0.25,12,26,0.325000508511102,0.25959465348769184,0.36029817918812385,0.05782057721858008,6.231314118952543,0.6571428571428571,1.1124062874165805,-0.040645469063480544,0.11298584938049316
GLD,1d,19,0.7,0.25,20,50,0.26434022672392044,0.18428409514880184,0.2934647234278869,0.08394087766732862,3.496088337209618,0.02857142857142857,0.053076282441490416,0.0,0.09718155860900879
GLD,1d,19,0.7,0.5,8,21,0.6188794869668294,0.3655411273672926,0.5941798526174695,0.05078433892972162,11.70006078920769,0.8285714285714286,1.4339966886246849,-0.053130392496492984,0.11515283584594727
GLD,1d,19,0.7,0.5,9,21,0.5700681983049821,-0.1787736716722531,0.5834738510953891,0.051420027771370114,11.347209956589296,0.8285714285714286,1.453277010146875,-0.053130392496492984,0.10816144943237305
GLD,1d,19,0.7,0.5,10,30,0.5613897565234645,0.6088992984486048,0.5210811801591635,0.05598743219671724,9.30710982293838,0.5428571428571428,1.1364712486492075,0.0,0.1096951961517334
GLD,1d,19,0.7,0.5,12,26,0.5280160655962534,0.2916670695594892,0.5207633811181014,0.04851726301005866,10.733568812612864,0.6571428571428571,1.1468408513847745,-0.045667296162863025,0.11281919479370117
GLD,1d,19,0.7,0.5,20,50,0.40368916585176645,0.04088686818420717,0.42323779565786046,0.06718320830502315,6.299755643348992,0.02857142857142857,0.053768491433200886,0.0,0.10661911964416504
GLD,1d,19,0.7,0.75,8,21,0.8167013543906159,0.3723106528818567,0.7685785782606558,0.05205043431196437,14.766035834671017,0.8285714285714286,1.483009155200497,-0.08823124292997908,0.11065936088562012
GLD,1d,19,0.7,0.75,9,21,0.7673571710497923,-0.30496682458792845,0.7570943209350812,0.05338618364016337,14.181465489986921,0.8285714285714286,1.4919229701318224,-0.08823124292997908,0.11298656463623047
GLD,1d,19,0.7,0.75,10,30,0.7284056830905803,0.667492126967318,0.6701275195877987,0.055047846837759686,12.173546434301757,0.5428571428571428,1.1484199180929069,0.0,0.10870099067687988
GLD,1d,19,0.7,0.75,12,26,0.6934893648057556,0.2803201074057502,0.663748964788907,0.050226428891119605,13.215133535130995,0.6571428571428571,1.1742421634459126,-0.050689123262245284,0.1084134578704834
GLD,1d,19,0.7,0.75,20,50,0.5273743742616777,-0.0907215694221063,0.537963007554852,0.06382018812212159,8.429354776038043,0.02857142857142857,0.05425990367444858,0.0,0.10216569900512695
GLD,1d,19,0.7,1.0,8,21,0.975277811587436,0.3447023922190804,0.9094089442106025,0.05495505163505019,16.54823200330839,0.8285714285714286,1.521145772269615,-0.12333209336346507,0.11695694923400879
GLD,1d,19,0.7,1.0,9,21,0.9254384145583502,-0.41412442882269906,0.8974448110395633,0.05751677408271047,15.603184033739733,0.8285714285714286,1.5223429052377468,-0.12333209336346507,0.1151573657989502
GLD,1d,19,0.7,1.0,10,30,0.8634370632156771,0.6881531965202989,0.7911686855374634,0.05791435806446478,13.661011051124998,0.5428571428571428,1.157802418311933,-0.006056250777283556,0.10689258575439453
GLD,1d,19,0.7,1.0,12,26,0.826410069224952,0.2354436705779379,0.7811407591142453,0.05362243013791863,14.567425555035943,0.6571428571428571,1.1960475329290055,-0.05571095036162743,0.11937808990478516
GLD,1d,19,0.7,1.0,20,50,0.6291444002615619,-0.2109180866983178,0.6321048098160342,0.06378644425684267,9.909704439250435,0.02857142857142857,0.05462666863473829,0.0,0.10040450096130371
GLD,1d,19,0.85,0.0,8,21,0.2997083259489726,0.3048842962355256,0.25046187439520196,0.24566298518024673,1.0195344415091032,0.34285714285714286,0.19292799859810694,-0.0402457117342242,0.11526250839233398
GLD,1d,19,0.85,0.0,9,21,0.16921837578875049,0.1323815489839173,0.2263022819869977,0.3171955145154442,0.7134472955353821,0.3142857142857143,0.1675833971577366,-0.037778454568695774,0.10627460479736328
GLD,1d,19,0.85,0.0,10,30,0.30392573518794547,0.3132722214235235,0.3775472970795607,0.2162093124249746,1.7462120056025383,0.2857142857142857,0.41748714567936657,-0.037158426245197496,0.10920405387878418
GLD,1d,19,0.85,0.0,12,26,0.12934987280954388,0.08367763016083374,0.38148757707666753,0.213451955837615,1.787229241257863,0.2857142857142857,0.40269573812396314,-0.04235089589655294,0.10872411727905273
GLD,1d,19,0.85,0.0,20,50,0.3163712494908099,0.32764094385818643,0.3163101004643837,0.15647787516980483,2.021436577670383,0.05714285714285714,0.03269685662651892,-0.014758550417404148,0.10184955596923828
GLD,1d,19,0.85,0.25,8,21,0.4122327098528823,0.44759864231698443,0.4020360877176312,0.049973989361142813,8.044906817670107,0.8571428571428571,1.0082117209638386,-0.029782662158597817,0.11110973358154297
GLD,1d,19,0.85,0.25,9,21,0.3893066805114402,0.21177885974103794,0.3939766824410994,0.06121519881279826,6.435929149653121,0.8571428571428571,1.0038235320041426,-0.039523173441641024,0.1192777156829834
GLD,1d,19,0.85,0.25,10,30,0.3781996199731753,0.4573225669830452,0.37221337585534037,0.055975932089726024,6.649525286308854,0.6857142857142857,1.1567869853844202,-0.022388677461001483,0.10813331604003906
GLD,1d,19,0.85,0.25,12,26,0.34108446395722564,0.14358596669543378,0.36648479079697893,0.057100300437921414,6.418263791718848,0.7714285714285715,1.216438609724927,-0.05017390188240922,0.10512375831604004
GLD,1d,19,0.85,0.25,20,50,0.31954243837033725,0.4735840359944732,0.3037108521153298,0.05701545149864255,5.326816575723524,0.2,0.2685195909501168,-0.024188732020388737,0.10254168510437012
GLD,1d,19,0.85,0.5,8,21,0.6749227339228373,0.5366755431145167,0.6526605369039662,0.038014750119090134,17.168613100424277,0.8571428571428571,1.1195287561365859,-0.03286304107701954,0.11646580696105957
GLD,1d,19,0.85,0.5,9,21,0.6609441242180581,0.24207331863460935,0.6414601678302447,0.04283951425693002,14.973563051697711,0.8571428571428571,1.116718708312726,-0.04455087529783708,0.10847997665405273
GLD,1d,19,0.85,0.5,10,30,0.6036007426712034,0.5489174478196013,0.5665031629284827,0.050635859808809545,11.18778598936565,0.6857142857142857,1.2272262687683382,-0.0425125807030905,0.10838937759399414
GLD,1d,19,0.85,0.5,12,26,0.5802445071088475,0.15334837648029387,0.5636690611946416,0.04874325858144256,11.564041420268127,0.7714285714285715,1.294285737283547,-0.057996907868265835,0.11500334739685059
GLD,1d,19,0.85,0.5,20,50,0.47107914146419433,0.5626785478267922,0.44909270765699183,0.06112019737701257,7.347697274058485,0.2,0.2754785880826156,-0.046112689821865005,0.1018378734588623
GLD,1d,19,0.85,0.75,8,21,0.8889077264935987,0.5803963130800494,0.8559560930897376,0.038929109056643305,21.98755927972278,0.8571428571428571,1.2127249879691449,-0.045702560065394304,0.12958598136901855
GLD,1d,19,0.85,0.75,9,21,0.8780770418146803,0.23473362941796383,0.8423005779028572,0.041029556195536616,20.529117446181065,0.8571428571428571,1.210481530811101,-0.04957857715403269,0.12167000770568848
GLD,1d,19,0.85,0.75,10,30,0.7894990039082855,0.5965538503654719,0.7312711156637544,0.05305941259573015,13.782118570279874,0.6857142857142857,1.2843219802209955,-0.06263648394517918,0.11916732788085938
GLD,1d,19,0.85,0.75,12,26,0.7711282516709491,0.12541553911851389,0.7308356954308152,0.047997948430635054,15.226394446566674,0.7714285714285715,1.3565793865628024,-0.06581991385412189,0.11448979377746582
GLD,1d,19,0.85,0.75,20,50,0.6020982030345666,0.6030745099876753,0.575489305031116,0.06734977802197037,8.54478399087498,0.2,0.28098679641269114,-0.0680366476233416,0.10232019424438477
GLD,1d,19,0.85,1.0,8,21,1.0606443861980803,0.586391899906854,1.0188996957772223,0.042845961121643204,23.780530745581416,0.8571428571428571,1.2880035049602843,-0.06164538145454046,0.11584711074829102
GLD,1d,19,0.85,1.0,9,21,1.0515286764091152,0.1993143030638893,1.003316928764726,0.04376513138346579,22.925029516620462,0.8571428571428571,1.2860770633176561,-0.06164538145454046,0.11433696746826172
GLD,1d,19,0.85,1.0,10,30,0.9391951268613997,0.6078849297611144,0.8648662982165322,0.05659967666512867,15.280410581380236,0.6857142857142857,1.3302135369366972,-0.08276038718726819,0.10802745819091797
GLD,1d,19,0.85,1.0,12,26,0.9236084954728401,0.07023179167147298,0.8664127723608347,0.04883165767427868,17.742849897500083,0.7714285714285715,1.4064935482787015,-0.08276038718726819,0.11937546730041504
GLD,1d,19,0.85,1.0,20,50,0.7089173562759572,0.6024324522781546,0.6787033686881264,0.07288609291889135,9.311836339524975,0.2,0.28542598379818496,-0.08996060542481776,0.11610937118530273
GLD,1d,19,1.0,0.0,8,21,0.27174717562714196,0.2691012965160213,0.2758026894358861,0.16084633758185463,1.7146967321872046,0.37142857142857144,0.1410177990020478,-0.0402457117342242,0.10671758651733398
GLD,1d,19,1.0,0.0,9,21,0.2716906768380312,0.2686010066818709,0.28680785671014697,0.16248997805070817,1.7650802846477276,0.34285714285714286,0.128072647002381,-0.03491367068125839,0.11004495620727539
GLD,1d,19,1.0,0.0,10,30,0.3386225360457298,0.36710577874966877,0.400181781135829,0.16676771895012898,2.399635754779984,0.2857142857142857,0.4152391840616775,-0.037158426245197496,0.12386393547058105
GLD,1d,19,1.0,0.0,12,26,0.3652781985377739,0.40706592693588495,0.4200990345721041,0.16067570587158075,2.614577183857939,0.3142857142857143,0.36863930828614977,-0.03720821427784293,0.10709714889526367
GLD,1d,19,1.0,0.0,20,50,0.45985771932139535,0.5732992090128703,0.3631992300181482,0.18384947596143605,1.9755249674703028,0.05714285714285714,0.03269685662651892,-0.014758550417404148,0.10400629043579102
GLD,1d,19,1.0,0.25,8,21,0.42777964828988024,0.40044713233898066,0.4190080461875554,0.03731687595864631,11.228379531338323,0.8571428571428571,0.9988584825556586,-0.036714877835121396,0.11248922348022461
GLD,1d,19,1.0,0.25,9,21,0.4215186399821933,0.39610697276360796,0.41426477921539095,0.03972995226340811,10.427014270463525,0.8571428571428571,1.0064529770208157,-0.046385793036565315,0.11125850677490234
GLD,1d,19,1.0,0.25,10,30,0.39481163744172626,0.53346856069945,0.40376780418924874,0.04521245666328395,8.930454878757779,0.6857142857142857,1.188668400118948,-0.022388677461001483,0.10748910903930664
GLD,1d,19,1.0,0.25,12,26,0.39795203091498066,0.5934941153057487,0.4061220102146087,0.048084458057320124,8.446014089011507,0.7714285714285715,1.210366425255774,-0.046425372183577895,0.11262083053588867
GLD,1d,19,1.0,0.25,20,50,0.3640679999330783,0.8326835528833303,0.3386024853104151,0.057856749806813754,5.852428393247525,0.2,0.2685195909501168,-0.024188732020388737,0.10399866104125977
GLD,1d,19,1.0,0.5,8,21,0.7112431886633439,0.47992071493873234,0.6936059975953937,0.034672513741212475,20.004491245495103,0.8571428571428571,1.1299213710309963,-0.04668345373405913,0.11133432388305664
GLD,1d,19,1.0,0.5,9,21,0.6997197532784248,0.4715358952067503,0.6818303817586138,0.03756234364296265,18.151965922029348,0.8571428571428571,1.131313939214705,-0.058204268495524736,0.11049056053161621
GLD,1d,19,1.0,0.5,10,30,0.6271421108591184,0.6479850503422129,0.6219417823717335,0.04118789509748325,15.100110867518856,0.6857142857142857,1.2610360101246558,-0.0425125807030905,0.1060175895690918
GLD,1d,19,1.0,0.5,12,26,0.6251480124744865,0.728894435107996,0.6208735023988312,0.040612921393402265,15.287585357001545,0.7714285714285715,1.2990418778995036,-0.05828301242837941,0.10641765594482422
GLD,1d,19,1.0,0.5,20,50,0.49987665275718374,1.045321029492528,0.4898543866500159,0.06404476917585723,7.648624438085646,0.2,0.2754785880826156,-0.046112689821865005,0.10157442092895508
GLD,1d,19,1.0,0.75,8,21,0.9403816785175836,0.5164840908258417,0.9159759393232131,0.03697415342460217,24.773412086123205,0.8571428571428571,1.2415597473947846,-0.056608010936989306,0.11647987365722656
GLD,1d,19,1.0,0.75,9,21,0.9248538504353238,0.5042001089081409,0.8991922058680955,0.039678971463110585,22.66168130653466,0.8571428571428571,1.2379454148029319,-0.06995089796232334,0.11302018165588379
GLD,1d,19,1.0,0.75,10,30,0.8193603807482168,0.7181193772826964,0.8051686951737407,0.042397355953929926,18.991011987838533,0.6857142857142857,1.3197839952113959,-0.06263648394517918,0.11203908920288086
GLD,1d,19,1.0,0.75,12,26,0.8142115063520933,0.8196259594060562,0.80204031462101,0.03873687291321069,20.704828611694282,0.7714285714285715,1.370288976729937,-0.07006839231984996,0.1142876148223877
GLD,1d,19,1.0,0.75,20,50,0.6250466112570615,1.2147759154043682,0.6225161712142524,0.07413661846137977,8.396878413581026,0.2,0.28098679641269114,-0.0680366476233416,0.10698080062866211
GLD,1d,19,1.0,1.0,8,21,1.1239406350815535,0.5181467410373606,1.0942034212158243,0.04002517982714885,27.33787645530158,0.8571428571428571,1.3318897256299727,-0.06648854944391158,0.11550617218017578
GLD,1d,19,1.0,1.0,9,21,1.1052549422269489,0.5023447540438997,1.0735446365441519,0.042369308063244064,25.337790150872586,0.8571428571428571,1.3242482328014755,-0.08162568143696058,0.11822032928466797
GLD,1d,19,1.0,1.0,10,30,0.9742437260980861,0.7507078137393384,0.953319092970015,0.044616154339288214,21.367128276462385,0.6857142857142857,1.3669178251449516,-0.08276038718726819,0.11248397827148438
GLD,1d,19,1.0,1.0,12,26,0.9667577808233444,0.8716622950471207,0.9486827278078526,0.03848325427203574,24.65183222556162,0.7714285714285715,1.427329780184921,-0.08276038718726819,0.1122891902923584
GLD,1d,19,1.0,1.0,20,50,0.7285521649053175,1.34459452330477,0.7309886104179324,0.08289838871624546,8.817886833965469,0.2,0.28542598379818496,-0.08996060542481776,0.10451126098632812
