ticker,timeframe,n_mu,x_zero,bear_alloc,fast_period,slow_period,in_sample_sharpe,in_sample_return,mc_sharpe_mean,mc_sharpe_std,mc_robust_sharpe,wf_pos_sharpe_frac,wf_mean_sharpe,wf_worst_return,runtime_s
GOOGL,1d,1,0.0,0.0,8,21,0.3458247534067596,0.6555058646942733,0.3186632970831028,0.2482951251511087,1.2834053704806694,0.3142857142857143,-0.47282674935354124,-0.12161880200045305,0.1187279224395752
GOOGL,1d,1,0.0,0.0,9,21,0.3065539485807092,0.5247207505308746,0.36066012275509396,0.2932952959987833,1.2296826020577913,0.3142857142857143,-0.36214782195793244,-0.12161880200045305,0.1119072437286377
GOOGL,1d,1,0.0,0.0,10,30,0.3733426001168598,0.7620358834688987,0.5980452563935736,0.2828956266610239,2.114013791772659,0.14285714285714285,-0.36009571007191976,-0.1438045984135211,0.10940337181091309
GOOGL,1d,1,0.0,0.0,12,26,0.42827904929081473,0.9818721836834439,0.5890483345954494,0.2934396495341886,2.007391760215483,0.14285714285714285,-0.4011953206790612,-0.11656757375874471,0.1014106273651123
GOOGL,1d,1,0.0,0.0,20,50,0.6547391870994306,2.231950790205249,0.7718522167466273,0.25377754318994616,3.041452001798737,0.08571428571428572,-0.11793224568404785,-0.03388311851098047,0.09510278701782227
GOOGL,1d,1,0.0,0.25,8,21,0.4073901168566244,0.123659778269537,0.44339847089748863,0.07755615746491851,5.717127890174988,0.8285714285714286,0.8194011437848366,-0.07328168533640278,0.10997843742370605
GOOGL,1d,1,0.0,0.25,9,21,0.38134308250469373,0.011665250512317815,0.4337742565260365,0.0890647881569578,4.870322666255057,0.8285714285714286,0.8930391429105945,-0.07328168533640278,0.11009931564331055
GOOGL,1d,1,0.0,0.25,10,30,0.3584886109563285,0.22033899756283581,0.4802756934807079,0.11701623223889474,4.104351031403917,0.5142857142857142,0.6304399458789703,-0.08129503593956677,0.10459017753601074
GOOGL,1d,1,0.0,0.25,12,26,0.3832118853241563,0.41575527362478115,0.47743235813081963,0.11762302651292982,4.059004195733201,0.5142857142857142,0.48975843686191234,-0.08129503593956677,0.10284614562988281
GOOGL,1d,1,0.0,0.25,20,50,0.43943738553301787,1.615122591334245,0.5505090205622946,0.12449202441211614,4.422042481531985,0.17142857142857143,0.05268526253021422,-0.03388311851098047,0.09640622138977051
GOOGL,1d,1,0.0,0.5,8,21,0.6640225399364015,-0.24523332477876358,0.7053076141069529,0.050744943343228634,13.899071860941758,0.8571428571428571,0.9884965610854614,-0.09299404524014743,0.10597062110900879
GOOGL,1d,1,0.0,0.5,9,21,0.6310909672351273,-0.33614666083387257,0.6716463421782151,0.05118103097196061,13.122954528723243,0.8571428571428571,1.0535116171373045,-0.09299404524014743,0.10904693603515625
GOOGL,1d,1,0.0,0.5,10,30,0.5539222618727406,-0.16237802745827867,0.6110446511155481,0.05855775275803478,10.434906094167111,0.5428571428571428,0.7037802370354632,-0.1012065317143338,0.10370779037475586
GOOGL,1d,1,0.0,0.5,12,26,0.571288066474089,0.0030367183459480973,0.6182251487118477,0.06071835758416839,10.181849004312376,0.5428571428571428,0.5708537578741533,-0.1012065317143338,0.10463285446166992
GOOGL,1d,1,0.0,0.5,20,50,0.5029736716630124,1.1002976927402885,0.5576257568496724,0.07337325851617564,7.59984997431646,0.17142857142857143,0.052849668469145336,-0.03388311851098047,0.10124492645263672
GOOGL,1d,1,0.0,0.75,8,21,0.8818759126687367,-0.4983108806874186,0.924844597309954,0.042195115008428284,21.91828597043095,0.8571428571428571,1.1034419980581764,-0.11249807613364493,0.11288142204284668
GOOGL,1d,1,0.0,0.75,9,21,0.8422272493613274,-0.5692704262270049,0.8751869923675345,0.03973037807324888,22.028156660226003,0.8571428571428571,1.1619329143695694,-0.11249807613364493,0.11362481117248535
GOOGL,1d,1,0.0,0.75,10,30,0.7289385465325539,-0.43034807799152297,0.7493756885534575,0.04856254681798971,15.43114473304056,0.5428571428571428,0.7470685725862054,-0.12090057760683326,0.11414766311645508
GOOGL,1d,1,0.0,0.75,12,26,0.7431007556008594,-0.2953455706932294,0.7622799151665058,0.04766938371490214,15.99097483041733,0.5428571428571428,0.6259204911952463,-0.12090057760683326,0.10648679733276367
GOOGL,1d,1,0.0,0.75,20,50,0.5989256003911746,0.6738901165458668,0.6165993085311848,0.05825080006037417,10.585250466810914,0.17142857142857143,0.05295984531160936,-0.03388311851098047,0.10384225845336914
GOOGL,1d,1,0.0,1.0,8,21,1.0593769579119074,-0.6700423890024292,1.1029206794724067,0.039326883781456164,28.044954835512996,0.8571428571428571,1.1912997317107068,-0.13179377801689507,0.11193275451660156
GOOGL,1d,1,0.0,1.0,9,21,1.0141420172450912,-0.7237331807175986,1.0412311151583884,0.038063878625034075,27.354834892563613,0.8571428571428571,1.244702291731222,-0.13179377801689507,0.11055707931518555
GOOGL,1d,1,0.0,1.0,10,30,0.8736857800644777,-0.616252072027474,0.8681018387078524,0.05693392916477476,15.247530803564326,0.5428571428571428,0.7785401474415794,-0.14037717361706503,0.11342215538024902
GOOGL,1d,1,0.0,1.0,12,26,0.8858662391949536,-0.5092369998649151,0.8850281645470013,0.05255968911476409,16.838534996174392,0.5428571428571428,0.6680918789633443,-0.14037717361706503,0.10041952133178711
GOOGL,1d,1,0.0,1.0,20,50,0.6871694500243971,0.3234663687469761,0.6776727153768084,0.05556958723662713,12.195028775202768,0.17142857142857143,0.053038537776357905,-0.03388311851098047,0.09724807739257812
GOOGL,1d,1,0.1,0.0,8,21,0.3253528618249282,0.5829365996661979,0.32575400121570397,0.24803829339817798,1.3133214099839345,0.3142857142857143,-0.49020772848064426,-0.11860866688319915,0.10566568374633789
GOOGL,1d,1,0.1,0.0,9,21,0.3262155587833492,0.5881493036617942,0.33856598143239885,0.3022583226239626,1.1201212872924142,0.3142857142857143,-0.3540075727788697,-0.10050660511999476,0.10924816131591797
GOOGL,1d,1,0.1,0.0,10,30,0.3753421097061914,0.7683551467237826,0.6165455386752339,0.28647464486897517,2.152181876190904,0.14285714285714285,-0.36009571007191976,-0.1438045984135211,0.10314798355102539
GOOGL,1d,1,0.1,0.0,12,26,0.41757968388645933,0.9378593755240923,0.6012458296142589,0.3042594632226889,1.9760957415947464,0.14285714285714285,-0.4011953206790612,-0.11656757375874471,0.10144877433776855
GOOGL,1d,1,0.1,0.0,20,50,0.6530688415844175,2.223905453804366,0.7680498191175166,0.25514548668247944,3.0102426231561386,0.08571428571428572,-0.11793224568404785,-0.03388311851098047,0.09515213966369629
GOOGL,1d,1,0.1,0.25,8,21,0.39824760346189003,0.06184237793653247,0.44570749017816186,0.07876413556043418,5.658761909932715,0.8285714285714286,0.8291970992458446,-0.07328168533640278,0.11521100997924805
GOOGL,1d,1,0.1,0.25,9,21,0.3864744374374421,0.06435203687946145,0.42705279485752223,0.09340579852257905,4.5720158877962,0.8285714285714286,0.897253509300737,-0.07328168533640278,0.11079287528991699
GOOGL,1d,1,0.1,0.25,10,30,0.36148541283985275,0.22645007698116748,0.48726764150338664,0.1178421404424609,4.134918456791831,0.5142857142857142,0.6304399458789703,-0.08129503593956677,0.10782074928283691
GOOGL,1d,1,0.1,0.25,12,26,0.3788425831895788,0.3761944688488532,0.4829727044102919,0.12101322216096537,3.991073832972295,0.5142857142857142,0.48975843686191234,-0.08129503593956677,0.10643911361694336
GOOGL,1d,1,0.1,0.25,20,50,0.4391184546628135,1.6099605601532052,0.5487246738957662,0.12560539381400723,4.3686394129562744,0.17142857142857143,0.05268526253021422,-0.03388311851098047,0.10952210426330566
GOOGL,1d,1,0.1,0.5,8,21,0.6576991898405721,-0.2952521781851747,0.7071130242817952,0.051345796298658694,13.77158550952821,0.8571428571428571,0.9937334001987678,-0.09299404524014743,0.12403678894042969
GOOGL,1d,1,0.1,0.5,9,21,0.6340147617967997,-0.2945772785148225,0.6689051992387818,0.053759123224905295,12.442635949257712,0.8571428571428571,1.055892885478806,-0.09299404524014743,0.10344815254211426
GOOGL,1d,1,0.1,0.5,10,30,0.5603113067489978,-0.1567969278750979,0.618344688802186,0.05948071493836733,10.395717157113895,0.5428571428571428,0.7037802370354632,-0.1012065317143338,0.10064220428466797
GOOGL,1d,1,0.1,0.5,12,26,0.5684829594909842,-0.030827279358479842,0.6233058613571568,0.061119543329761446,10.198143300813005,0.5428571428571428,0.5708537578741533,-0.1012065317143338,0.1048426628112793
GOOGL,1d,1,0.1,0.5,20,50,0.503298751428938,1.0981326785953542,0.55664543052858,0.07403227375470788,7.518956291588729,0.17142857142857143,0.052849668469145336,-0.03388311851098047,0.09730863571166992
GOOGL,1d,1,0.1,0.75,8,21,0.8768790311135373,-0.5372401124661673,0.9266467771976414,0.042564898008333234,21.77021020974196,0.8571428571428571,1.1070506268362792,-0.11249807613364493,0.10652017593383789
GOOGL,1d,1,0.1,0.75,9,21,0.8444851686363457,-0.5377284229016779,0.8744149212836081,0.041611278262003226,21.01389233413837,0.8571428571428571,1.1636659074473654,-0.11249807613364493,0.10806465148925781
GOOGL,1d,1,0.1,0.75,10,30,0.737995646997569,-0.4254684473458613,0.75754051487081,0.04885642820417915,15.50544202095417,0.5428571428571428,0.7470685725862054,-0.12090057760683326,0.10122871398925781
GOOGL,1d,1,0.1,0.75,12,26,0.7409933919723047,-0.3232971870247977,0.7675421001819692,0.045464141053367074,16.88236228373933,0.5428571428571428,0.6259204911952463,-0.12090057760683326,0.10252714157104492
GOOGL,1d,1,0.1,0.75,20,50,0.5994810821750384,0.6744450586160677,0.615984476403961,0.05873357204051346,10.487774793929868,0.17142857142857143,0.05295984531160936,-0.03388311851098047,0.09672236442565918
GOOGL,1d,1,0.1,1.0,8,21,1.0552281266723629,-0.6994030659862412,1.1047996517178766,0.039702581872543004,27.826896882036774,0.8571428571428571,1.1940700302984835,-0.13179377801689507,0.10869312286376953
GOOGL,1d,1,0.1,1.0,9,21,1.0160886578774224,-0.7005479001668748,1.0417634361534485,0.03970069334297088,26.240434320724415,0.8571428571428571,1.2460860339126103,-0.13179377801689507,0.10820436477661133
GOOGL,1d,1,0.1,1.0,10,30,0.8848340025664471,-0.6121339726048719,0.8770625735753752,0.05642359261369085,15.54425255371919,0.5428571428571428,0.7785401474415794,-0.14037717361706503,0.1057286262512207
GOOGL,1d,1,0.1,1.0,12,26,0.8841830945596577,-0.531647915563111,0.8905417364317316,0.04915298393471579,18.11775532518097,0.5428571428571428,0.6680918789633443,-0.14037717361706503,0.1010446548461914
GOOGL,1d,1,0.1,1.0,20,50,0.6878269033342302,0.32625515821153916,0.6772674462240789,0.05596886640324555,12.100789059126006,0.17142857142857143,0.053038537776357905,-0.03388311851098047,0.09990644454956055
GOOGL,1d,1,0.25,0.0,8,21,0.32448994275317267,0.5820218762427891,0.31284018801823554,0.24885836091198807,1.2571013763482732,0.3142857142857143,-0.49020772848064426,-0.11860866688319915,0.10804271697998047
GOOGL,1d,1,0.25,0.0,9,21,0.365202953946397,0.7246232763411984,0.3273422740068134,0.2925639582377951,1.1188742317355123,0.3142857142857143,-0.3540075727788697,-0.10050660511999476,0.10491156578063965
GOOGL,1d,1,0.25,0.0,10,30,0.39410246926141834,0.8400296981543494,0.6385893588446823,0.27683770607152225,2.306728255722867,0.14285714285714285,-0.36009571007191976,-0.1438045984135211,0.10354971885681152
GOOGL,1d,1,0.25,0.0,12,26,0.43413090747048205,1.0060592415742966,0.6015450639510661,0.28945652345872697,2.0781879667563934,0.14285714285714285,-0.4011953206790612,-0.11656757375874471,0.10011053085327148
GOOGL,1d,1,0.25,0.0,20,50,0.6258243900377074,2.040211944361901,0.7796518837508504,0.2587663934518393,3.0129564869325134,0.08571428571428572,-0.11793224568404785,-0.03388311851098047,0.1010277271270752
GOOGL,1d,1,0.25,0.25,8,21,0.40350222524828755,0.06141109126146249,0.4388036627880494,0.07782681375863955,5.638206700185485,0.8285714285714286,0.8291970992458446,-0.07328168533640278,0.10696291923522949
GOOGL,1d,1,0.25,0.25,9,21,0.40153681908986166,0.18384020902501907,0.42518604547278394,0.09014684662157439,4.7165936625344616,0.8285714285714286,0.897253509300737,-0.07328168533640278,0.1061086654663086
GOOGL,1d,1,0.25,0.25,10,30,0.368487134772229,0.28958547388226896,0.49522367492086306,0.11649335689897672,4.2510894020362215,0.5142857142857142,0.6304399458789703,-0.08129503593956677,0.10621953010559082
GOOGL,1d,1,0.25,0.25,12,26,0.3908766911983506,0.43759458063598955,0.48410129941780367,0.11494417249498232,4.211621075778646,0.5142857142857142,0.48975843686191234,-0.08129503593956677,0.10371804237365723
GOOGL,1d,1,0.25,0.25,20,50,0.4250380061502454,1.4249538671943798,0.5549275428859459,0.1295561277464169,4.283298308916102,0.17142857142857143,0.05268526253021422,-0.03388311851098047,0.09503006935119629
GOOGL,1d,1,0.25,0.5,8,21,0.6686187151314377,-0.2952985166334564,0.7037351633545592,0.05082761507069415,13.84552791579462,0.8571428571428571,0.9937334001987678,-0.09299404524014743,0.12491679191589355
GOOGL,1d,1,0.25,0.5,9,21,0.6473227993627692,-0.19519889973038695,0.6716904107552392,0.05300363387984328,12.672535099724094,0.8571428571428571,1.055892885478806,-0.09299404524014743,0.1039724349975586
GOOGL,1d,1,0.25,0.5,10,30,0.5650113273439009,-0.10385844435040881,0.6251028331264871,0.058718403959312576,10.645773573131112,0.5428571428571428,0.7037802370354632,-0.1012065317143338,0.10048174858093262
GOOGL,1d,1,0.25,0.5,12,26,0.5858274282309168,0.02183729735292217,0.6254140886208714,0.057017509784157594,10.968807494196174,0.5428571428571428,0.5708537578741533,-0.1012065317143338,0.09968233108520508
GOOGL,1d,1,0.25,0.5,20,50,0.4922170439678282,0.9204215301577579,0.5607134217932211,0.07645575043600274,7.333829288126158,0.17142857142857143,0.052849668469145336,-0.03388311851098047,0.09515094757080078
GOOGL,1d,1,0.25,0.75,8,21,0.8920828612899037,-0.5370243426560749,0.9256653576740611,0.04262474226664701,21.71662063980092,0.8571428571428571,1.1070506268362792,-0.11249807613364493,0.11835265159606934
GOOGL,1d,1,0.25,0.75,9,21,0.8583772211060513,-0.4582226586564956,0.8804404802225119,0.043010936648395975,20.470153612786913,0.8571428571428571,1.1636659074473654,-0.11249807613364493,0.12073564529418945
GOOGL,1d,1,0.25,0.75,10,30,0.7420172473547665,-0.38268783653434724,0.7644814886008731,0.04832534766928783,15.819472088076116,0.5428571428571428,0.7470685725862054,-0.12090057760683326,0.10232758522033691
GOOGL,1d,1,0.25,0.75,12,26,0.7629965175369062,-0.27972135327454195,0.770940584947944,0.04674732793632182,16.491650303480498,0.5428571428571428,0.6259204911952463,-0.12090057760683326,0.1009364128112793
GOOGL,1d,1,0.25,0.75,20,50,0.5902542272385072,0.5096082892675451,0.6191840641358818,0.06032461604533447,10.26420232282224,0.17142857142857143,0.05295984531160936,-0.03388311851098047,0.09600210189819336
GOOGL,1d,1,0.25,1.0,8,21,1.0737862989207378,-0.6990381103103969,1.105640725651996,0.040126386365733235,27.553957029038152,0.8571428571428571,1.1940700302984835,-0.13179377801689507,0.10599994659423828
GOOGL,1d,1,0.25,1.0,9,21,1.0308407781998057,-0.6389071631231839,1.0502511802156955,0.04264253933282019,24.629189458409222,0.8571428571428571,1.2460860339126103,-0.13179377801689507,0.11025452613830566
GOOGL,1d,1,0.25,1.0,10,30,0.8885232613920778,-0.5785708154606406,0.8843710833371853,0.05614816053172675,15.750668854725308,0.5428571428571428,0.7785401474415794,-0.14037717361706503,0.1033625602722168
GOOGL,1d,1,0.25,1.0,12,26,0.9099200642575941,-0.49660950364918033,0.8950486010381414,0.05505722716701623,16.25669593426871,0.5428571428571428,0.6680918789633443,-0.14037717361706503,0.10432600975036621
GOOGL,1d,1,0.25,1.0,20,50,0.67990653070176,0.17753791798645557,0.6799717663190668,0.05693075997082729,11.943837859664983,0.17142857142857143,0.053038537776357905,-0.03388311851098047,0.09776687622070312
GOOGL,1d,1,0.4,0.0,8,21,0.36927129285991833,0.7365927179720693,0.3215694530866938,0.24834422103785012,1.2948537789316363,0.3142857142857143,-0.49020772848064426,-0.11860866688319915,0.1156778335571289
GOOGL,1d,1,0.4,0.0,9,21,0.3043295276102458,0.5203917855005891,0.3237089547005515,0.2781748309532051,1.163688870022199,0.3142857142857143,-0.3540075727788697,-0.10050660511999476,0.10383343696594238
GOOGL,1d,1,0.4,0.0,10,30,0.4229443618612153,0.9551155326158023,0.6288541234936813,0.28458211516364174,2.209745764002333,0.14285714285714285,-0.36009571007191976,-0.1438045984135211,0.11657238006591797
GOOGL,1d,1,0.4,0.0,12,26,0.474821603986669,1.1874288044825279,0.5933539423615433,0.29668914131408436,1.9999179603725379,0.14285714285714285,-0.4011953206790612,-0.11656757375874471,0.10141539573669434
GOOGL,1d,1,0.4,0.0,20,50,0.67984576287834,2.4006765478840166,0.7941255437023742,0.2527590474856773,3.141828360258296,0.08571428571428572,-0.11793224568404785,-0.03388311851098047,0.09621691703796387
GOOGL,1d,1,0.4,0.25,8,21,0.4165632696449153,0.19330919413249514,0.4414185103918967,0.0722260357030875,6.111625899094267,0.8285714285714286,0.8291970992458446,-0.07328168533640278,0.10493063926696777
GOOGL,1d,1,0.4,0.25,9,21,0.3829663574904821,0.010747011074311308,0.4270215119423364,0.08670588514656893,4.924942652052889,0.8285714285714286,0.897253509300737,-0.07328168533640278,0.10742592811584473
GOOGL,1d,1,0.4,0.25,10,30,0.37991174489110824,0.3926475531738085,0.49122405523625384,0.12100482912411847,4.059540919085054,0.5142857142857142,0.6304399458789703,-0.08129503593956677,0.10450506210327148
GOOGL,1d,1,0.4,0.25,12,26,0.4058513415386431,0.6006380667747564,0.48084702653392997,0.11809346388937367,4.071749703136599,0.5142857142857142,0.48975843686191234,-0.08129503593956677,0.1062920093536377
GOOGL,1d,1,0.4,0.25,20,50,0.45288908387588944,1.7957395893118817,0.5689950719567116,0.13047637843670085,4.360904853231753,0.17142857142857143,0.05268526253021422,-0.03388311851098047,0.09769749641418457
GOOGL,1d,1,0.4,0.5,8,21,0.6764104988994694,-0.18830355533655385,0.7064108619761373,0.04651788229986639,15.185791507498747,0.8571428571428571,0.9937334001987678,-0.09299404524014743,0.10643863677978516
GOOGL,1d,1,0.4,0.5,9,21,0.6391752669297208,-0.33471884528748963,0.6768966691364015,0.0503376202905504,13.447132884497352,0.8571428571428571,1.055892885478806,-0.09299404524014743,0.1069631576538086
GOOGL,1d,1,0.4,0.5,10,30,0.5723577504524503,-0.01598206754304321,0.624227852753798,0.06117988060412098,10.203155785690614,0.5428571428571428,0.7037802370354632,-0.1012065317143338,0.10315775871276855
GOOGL,1d,1,0.4,0.5,12,26,0.5950674249722111,0.1620046146003693,0.6240055796937869,0.05818722620192293,10.724099092270619,0.5428571428571428,0.5708537578741533,-0.1012065317143338,0.10262656211853027
GOOGL,1d,1,0.4,0.5,20,50,0.5116082551696721,1.284250329784224,0.5728185379950073,0.07832134445759599,7.313696438205773,0.17142857142857143,0.052849668469145336,-0.03388311851098047,0.09531354904174805
GOOGL,1d,1,0.4,0.75,8,21,0.8980253249004755,-0.45347024932834823,0.9289023180632455,0.04039424065176713,22.995909889015547,0.8571428571428571,1.1070506268362792,-0.11249807613364493,0.10585331916809082
GOOGL,1d,1,0.4,0.75,9,21,0.8554339909196104,-0.5665185347421718,0.8881279309929171,0.040103736611111766,22.145765109250156,0.8571428571428571,1.1636659074473654,-0.11249807613364493,0.10863113403320312
GOOGL,1d,1,0.4,0.75,10,30,0.7477686029175085,-0.3104535325588117,0.7654553422865625,0.048385422106502284,15.819957932819122,0.5428571428571428,0.7470685725862054,-0.12090057760683326,0.10019230842590332
GOOGL,1d,1,0.4,0.75,12,26,0.7701006634970794,-0.1632210438147731,0.7707257091409908,0.046905235398499466,16.431549753306363,0.5428571428571428,0.6259204911952463,-0.12090057760683326,0.10600662231445312
GOOGL,1d,1,0.4,0.75,20,50,0.6059087560367457,0.8544130475285792,0.6303489950217813,0.061754048689996045,10.20741163362615,0.17142857142857143,0.05295984531160936,-0.03388311851098047,0.10387563705444336
GOOGL,1d,1,0.4,1.0,8,21,1.0787469896913762,-0.6357539130001764,1.10942423680464,0.03997974946250227,27.749654555619195,0.8571428571428571,1.1940700302984835,-0.13179377801689507,0.11858987808227539
GOOGL,1d,1,0.4,1.0,9,21,1.0313773059931504,-0.7204536029638404,1.05985014409339,0.03965494106346301,26.726811733176607,0.8571428571428571,1.2460860339126103,-0.13179377801689507,0.11619782447814941
GOOGL,1d,1,0.4,1.0,10,30,0.8933577509396278,-0.5209084709012957,0.8866483853974712,0.05491520222940727,16.14577292629304,0.5428571428571428,0.7785401474415794,-0.14037717361706503,0.11946988105773926
GOOGL,1d,1,0.4,1.0,12,26,0.915844388501126,-0.4023781501580519,0.8957138091467515,0.05507810583557934,16.262610987760922,0.5428571428571428,0.6680918789633443,-0.14037717361706503,0.10749363899230957
GOOGL,1d,1,0.4,1.0,20,50,0.6932851308823381,0.49545718055308496,0.6905024823140637,0.057480475649584944,12.012817822238215,0.17142857142857143,0.053038537776357905,-0.03388311851098047,0.09758567810058594
GOOGL,1d,1,0.55,0.0,8,21,0.33577625740150224,0.6191661900922243,0.34335899756950583,0.24892362942334667,1.3793748643506722,0.3142857142857143,-0.49093509304112704,-0.14772120067214012,0.10970664024353027
GOOGL,1d,1,0.55,0.0,9,21,0.3625103218369111,0.7167305082322297,0.3338068127002912,0.27044047409319405,1.2343078964772893,0.37142857142857144,-0.3283740044194938,-0.13021705366589997,0.11289215087890625
GOOGL,1d,1,0.55,0.0,10,30,0.3995477366438329,0.8606492719882404,0.6301233337434995,0.2960076244769183,2.128740213557014,0.14285714285714285,-0.29448058447390224,-0.11995445670349159,0.10641932487487793
GOOGL,1d,1,0.55,0.0,12,26,0.4760900078168457,1.1924525846426346,0.6091985817183486,0.305073659933914,1.996890134173875,0.14285714285714285,-0.34321376635282985,-0.09195871867957928,0.10480785369873047
GOOGL,1d,1,0.55,0.0,20,50,0.685195523829477,2.4392273665459068,0.7771066434233825,0.2516958721908569,3.0874826696963678,0.08571428571428572,-0.11793224568404785,-0.03388311851098047,0.10280823707580566
GOOGL,1d,1,0.55,0.25,8,21,0.4035332482780732,0.09257016157082254,0.44935580602657293,0.07389298651166905,6.081169908535386,0.8571428571428571,0.8715259481046319,-0.08292068875069036,0.10649514198303223
GOOGL,1d,1,0.55,0.25,9,21,0.4062329624623396,0.17928651604532453,0.43211145009957824,0.08721450950198388,4.954582128215133,0.8571428571428571,0.9200465647421424,-0.08292068875069036,0.11132192611694336
GOOGL,1d,1,0.55,0.25,10,30,0.3797491626146377,0.3090831340278031,0.49334558526051053,0.1265678378108122,3.897874798161132,0.5142857142857142,0.6394818374905378,-0.07346845170257565,0.1031641960144043
GOOGL,1d,1,0.55,0.25,12,26,0.4053603127407431,0.6063414871025679,0.487199236563454,0.12261485233028371,3.973411273628589,0.5428571428571428,0.5003061662700895,-0.08724234700467581,0.10577654838562012
GOOGL,1d,1,0.55,0.25,20,50,0.45570296367988633,1.8345222690197676,0.5624497274130389,0.1327713118596043,4.236229344542346,0.17142857142857143,0.05268526253021422,-0.03388311851098047,0.09591817855834961
GOOGL,1d,1,0.55,0.5,8,21,0.6677521606433102,-0.27043113148734066,0.7136273173224637,0.04853812572839663,14.702407779725306,0.8571428571428571,1.029441958829839,-0.10442042152293518,0.1076209545135498
GOOGL,1d,1,0.55,0.5,9,21,0.6585218121536274,-0.19713406508423248,0.6834299054845505,0.051758633455352664,13.204172132443984,0.8571428571428571,1.0714906441780185,-0.10442042152293518,0.10584044456481934
GOOGL,1d,1,0.55,0.5,10,30,0.5862537441762281,-0.08637052722693439,0.6267289544312236,0.06320720010047925,9.915467754226176,0.5428571428571428,0.7095757737564059,-0.09191183527851055,0.10139703750610352
GOOGL,1d,1,0.55,0.5,12,26,0.5943192453232906,0.16791022007334333,0.6289339592667854,0.05995467197187246,10.490157623776971,0.5428571428571428,0.5809927317215192,-0.10339333406670514,0.10427308082580566
GOOGL,1d,1,0.55,0.5,20,50,0.5132352646915775,1.3214206427938584,0.5675570242852581,0.07981654856570622,7.1107688127861906,0.17142857142857143,0.052849668469145336,-0.03388311851098047,0.09800004959106445
GOOGL,1d,1,0.55,0.75,8,21,0.8913449990429666,-0.5179052249991352,0.9366000998850783,0.042962661374130455,21.80032777133874,0.8571428571428571,1.141060809124896,-0.1256652885992674,0.10735344886779785
GOOGL,1d,1,0.55,0.75,9,21,0.8743505581308736,-0.4583632048159887,0.8962613494426777,0.04190359034507388,21.388652906875336,0.8571428571428571,1.1789648261959182,-0.1256652885992674,0.11142086982727051
GOOGL,1d,1,0.55,0.75,10,30,0.7707334915097053,-0.36761562396212655,0.7685195647167975,0.04918118310295599,15.626292745092714,0.5428571428571428,0.7514961588348588,-0.11016995105918448,0.10650873184204102
GOOGL,1d,1,0.55,0.75,12,26,0.7694523275979485,-0.15749491844399222,0.7753705496762963,0.04492674450480704,17.25855185419308,0.5428571428571428,0.636972465042849,-0.11940176181873297,0.11126899719238281
GOOGL,1d,1,0.55,0.75,20,50,0.6071071847135169,0.8887693161572854,0.625947989117384,0.06285392201214376,9.958773757927899,0.17142857142857143,0.05295984531160936,-0.03388311851098047,0.09483480453491211
GOOGL,1d,1,0.55,1.0,8,21,1.0733010742819247,-0.6847716763980769,1.1177142159067475,0.04290331678980266,26.051930236135213,0.8571428571428571,1.2278531992891777,-0.14665528997968558,0.10514044761657715
GOOGL,1d,1,0.55,1.0,9,21,1.0504837120751163,-0.6379737997241833,1.0693382552154707,0.04155233085458514,25.73473577108547,0.8571428571428571,1.2627354981018482,-0.14665528997968558,0.16268038749694824
GOOGL,1d,1,0.55,1.0,10,30,0.9230327200463097,-0.5659912622544461,0.8902008687858419,0.055981436634692766,15.901715323864472,0.5428571428571428,0.7822035123774156,-0.1282427990445988,0.1299443244934082
GOOGL,1d,1,0.55,1.0,12,26,0.9153241436388752,-0.39709787376379635,0.9002953721613999,0.05096060096694287,17.666498335555417,0.5428571428571428,0.6802458301375278,-0.13526763026075972,0.11879968643188477
GOOGL,1d,1,0.55,1.0,20,50,0.6942595516792507,0.5262977322333091,0.6867302660660581,0.05823294548390855,11.792813507189354,0.17142857142857143,0.053038537776357905,-0.03388311851098047,0.10885357856750488
GOOGL,1d,1,0.7,0.0,8,21,0.3271740273310603,0.5905659294456513,0.3550477099424667,0.23736188413555864,1.4958075987452857,0.3142857142857143,-0.47876787869297377,-0.10951817760970517,0.10947179794311523
GOOGL,1d,1,0.7,0.0,9,21,0.2931005521073991,0.4857442123123945,0.32723702892678486,0.2594809806624144,1.2611214436271971,0.34285714285714286,-0.3137046424236714,-0.10835731383537295,0.10973262786865234
GOOGL,1d,1,0.7,0.0,10,30,0.47134801056879194,1.155762720175281,0.6591032889564468,0.29685176936421376,2.2203111349751765,0.14285714285714285,-0.2773392326957582,-0.09715065371456333,0.10750532150268555
GOOGL,1d,1,0.7,0.0,12,26,0.4685077250176206,1.155611183417276,0.6112472505633072,0.2834688046984773,2.1563122305944185,0.14285714285714285,-0.3427808589185506,-0.08314796950046377,0.10734891891479492
GOOGL,1d,1,0.7,0.0,20,50,0.6722976959644885,2.3465909142469523,0.7748348211150962,0.24743793295629685,3.1314310294208187,0.08571428571428572,-0.11793224568404785,-0.03388311851098047,0.10216379165649414
GOOGL,1d,1,0.7,0.25,8,21,0.40915494904176386,0.07216885579709142,0.45254309006801446,0.07269291071663807,6.225408854957787,0.8285714285714286,0.8598323604936661,-0.09285681622018505,0.10662055015563965
GOOGL,1d,1,0.7,0.25,9,21,0.3847033890726574,-0.011016484130731086,0.43188397887348834,0.08503588106828405,5.078844053214246,0.8285714285714286,0.9220883426808165,-0.09285681622018505,0.10796070098876953
GOOGL,1d,1,0.7,0.25,10,30,0.40580795141686204,0.5738745889821151,0.5038285682074392,0.12031951972084767,4.187421703281127,0.5142857142857142,0.6436157059326112,-0.07249398247839667,0.10714983940124512
GOOGL,1d,1,0.7,0.25,12,26,0.40523867870782077,0.5708517648174829,0.487925280641275,0.11617535049269757,4.19990366779177,0.5142857142857142,0.5015192508884485,-0.10234147793087855,0.10643362998962402
GOOGL,1d,1,0.7,0.25,20,50,0.44909482190769934,1.7382002092868944,0.5611207270091384,0.13263314207068633,4.23062228828215,0.17142857142857143,0.05268526253021422,-0.03388311851098047,0.12276148796081543
GOOGL,1d,1,0.7,0.5,8,21,0.6828910363067409,-0.2845076171825368,0.7173414501995106,0.04913266219226659,14.60009326163521,0.8571428571428571,1.0226618020143547,-0.10915829495275686,0.10824346542358398
GOOGL,1d,1,0.7,0.5,9,21,0.6485143209604366,-0.3473869748356546,0.6864041141737787,0.04960354669045588,13.837803140513103,0.8571428571428571,1.072294407576005,-0.10915829495275686,0.11595821380615234
GOOGL,1d,1,0.7,0.5,10,30,0.6030019857651775,0.1400533374104198,0.6402469150884882,0.057525103318695626,11.129869885525409,0.5428571428571428,0.7120016060626544,-0.09075457492705508,0.10486960411071777
GOOGL,1d,1,0.7,0.5,12,26,0.6022066798349586,0.13542453671242138,0.6345200821913539,0.05774838339072262,10.987668310958998,0.5428571428571428,0.5815594207769745,-0.1213331286775231,0.10120248794555664
GOOGL,1d,1,0.7,0.5,20,50,0.5091440164560005,1.2258337769661187,0.5669049849875898,0.0799033334607827,7.094885287430869,0.17142857142857143,0.052849668469145336,-0.03388311851098047,0.09771108627319336
GOOGL,1d,1,0.7,0.75,8,21,0.9132175302615279,-0.5273087467521016,0.9411945239842666,0.04490403044672339,20.960134638714703,0.8571428571428571,1.138710387779264,-0.12532273360409962,0.10869956016540527
GOOGL,1d,1,0.7,0.75,9,21,0.8700489442676694,-0.5731635607416434,0.9013573991443117,0.04020688615337883,22.417985707867736,0.8571428571428571,1.1794152698761566,-0.12532273360409962,0.10996365547180176
GOOGL,1d,1,0.7,0.75,10,30,0.7841523611156849,-0.18078074379914721,0.7850450719794093,0.042190408760663815,18.607192844060457,0.5428571428571428,0.7532709046364978,-0.10883390649488778,0.10148215293884277
GOOGL,1d,1,0.7,0.75,12,26,0.7833068565335274,-0.18611634633510776,0.7846519642763543,0.044651765401202026,17.572697456106216,0.5428571428571428,0.6372798091468852,-0.14012292174039676,0.10163235664367676
GOOGL,1d,1,0.7,0.75,20,50,0.6041329640612993,0.7971065321361273,0.6255991024581877,0.06274084958833819,9.971160839595477,0.17142857142857143,0.05295984531160936,-0.03388311851098047,0.09673571586608887
GOOGL,1d,1,0.7,1.0,8,21,1.1003303819543984,-0.6908495592657333,1.1230828017009606,0.0458165034890008,24.51262571729377,0.8571428571428571,1.22901087352009,-0.14516554076810873,0.10532212257385254
GOOGL,1d,1,0.7,1.0,9,21,1.0499702519662601,-0.7233603411292407,1.0760055241666993,0.040778121237038285,26.38683420239028,0.8571428571428571,1.2630384422503822,-0.14516554076810873,0.10469532012939453
GOOGL,1d,1,0.7,1.0,10,30,0.9346226164852266,-0.41612431817403184,0.9091587209910227,0.04867220367210637,18.679218371040264,0.5428571428571428,0.7836264826934183,-0.12673197718189633,0.10021710395812988
GOOGL,1d,1,0.7,1.0,12,26,0.9337792024120302,-0.42155719634225153,0.9124043470221561,0.05104344604017877,17.875053857138848,0.5428571428571428,0.6804303708483019,-0.15871085711949984,0.10025262832641602
GOOGL,1d,1,0.7,1.0,20,50,0.6919416549826704,0.4407357670980623,0.6865505637791174,0.05791569711999645,11.854308899306563,0.17142857142857143,0.053038537776357905,-0.03388311851098047,0.09474015235900879
GOOGL,1d,1,0.85,0.0,8,21,0.3256353556917725,0.5899929610983443,0.3690738456726073,0.25649899392726,1.438890032361188,0.34285714285714286,-0.3683090240716102,-0.10917990512238318,0.10551071166992188
GOOGL,1d,1,0.85,0.0,9,21,0.32511322683554184,0.5895419226903207,0.3415635616803395,0.25126986429552706,1.359349489195469,0.3142857142857143,-0.41708267175365527,-0.12630138220489617,0.11582589149475098
GOOGL,1d,1,0.85,0.0,10,30,0.4934780630255648,1.258810388561293,0.6615505036116536,0.3123219139854163,2.118168703469665,0.14285714285714285,-0.30683602661587644,-0.11782535299616304,0.10720300674438477
GOOGL,1d,1,0.85,0.0,12,26,0.4689786950322985,1.1532809415142982,0.6172062206012006,0.2820666645126365,2.1881572629918127,0.14285714285714285,-0.3613644382070115,-0.10775195586955055,0.10930800437927246
GOOGL,1d,1,0.85,0.0,20,50,0.6812476083631481,2.412581401824004,0.7788544749433117,0.2616861761589452,2.9762920089070524,0.11428571428571428,-0.048024581694686784,-0.0289293462339143,0.10655879974365234
GOOGL,1d,1,0.85,0.25,8,21,0.4112220892489946,0.07565323828138149,0.4605922586496532,0.08065020754965813,5.710986650171437,0.8857142857142857,0.9461204924207357,-0.08624889460001173,0.12099409103393555
GOOGL,1d,1,0.85,0.25,9,21,0.3987610819611373,0.07853277503624856,0.43758995353933355,0.08023010410758544,5.454186535175656,0.8571428571428571,0.8183238845122456,-0.08624889460001173,0.11727166175842285
GOOGL,1d,1,0.85,0.25,10,30,0.41395277401689506,0.6655788827003315,0.5057442921694524,0.1196366876252982,4.227334459087017,0.5428571428571428,0.6602108949087921,-0.0768249992230402,0.1077880859375
GOOGL,1d,1,0.85,0.25,12,26,0.4072422236208576,0.5675053219201653,0.49040612101816067,0.11044167653857155,4.440408153772342,0.5428571428571428,0.5783110468544362,-0.09610541838229492,0.10764050483703613
GOOGL,1d,1,0.85,0.25,20,50,0.45512724428874185,1.806606146496018,0.5667156165469365,0.14020218374614563,4.042131166608996,0.2,0.12114201989679439,-0.0289293462339143,0.10272002220153809
GOOGL,1d,1,0.85,0.5,8,21,0.6877864732560244,-0.2786403086854279,0.7285129156139052,0.05147840431164353,14.151816190796888,0.8857142857142857,1.1087852346714127,-0.10836984819707651,0.11946821212768555
GOOGL,1d,1,0.85,0.5,9,21,0.6616071985131909,-0.27376482863842644,0.6937263489771042,0.04704430136922047,14.746235543652613,0.8571428571428571,0.9715798602696828,-0.10836984819707651,0.11655664443969727
GOOGL,1d,1,0.85,0.5,10,30,0.6086779194224347,0.21828687173711603,0.6488424225393836,0.057177688953515445,11.347825251679588,0.5428571428571428,0.7353882369390773,-0.09590206933447498,0.1094205379486084
GOOGL,1d,1,0.85,0.5,12,26,0.6080223149934516,0.13137657780897105,0.6400108096533037,0.05558807953940026,11.513454232569243,0.5714285714285714,0.6663637020070012,-0.11522900467243413,0.1095578670501709
GOOGL,1d,1,0.85,0.5,20,50,0.5188396497724803,1.2934928735736193,0.5709885290711183,0.082973031519021,6.881615852980171,0.2,0.1215596411832759,-0.0289293462339143,0.10681724548339844
GOOGL,1d,1,0.85,0.75,8,21,0.9203595665569755,-0.5204778198326836,0.9555895919530497,0.04385580884866272,21.789350533941597,0.8857142857142857,1.2277184930006348,-0.1302212229844042,0.11280274391174316
GOOGL,1d,1,0.85,0.75,9,21,0.8838497492177136,-0.5147564795886148,0.9106887371169161,0.03919425110650985,23.23526311657625,0.8571428571428571,1.082764070368316,-0.1302212229844042,0.11199498176574707
GOOGL,1d,1,0.85,0.75,10,30,0.7892299183934213,-0.11617214677803056,0.7985275780478328,0.04171220351070531,19.143739981103927,0.5428571428571428,0.7818014747090957,-0.11478142432918614,0.10420417785644531
GOOGL,1d,1,0.85,0.75,12,26,0.7919490837482916,-0.19053659503128828,0.792829011471692,0.04535522368639452,17.48043438069344,0.5714285714285714,0.7275960939299007,-0.13414933096767256,0.11089324951171875
GOOGL,1d,1,0.85,0.75,20,50,0.617200900331236,0.8617567862686681,0.629357475382078,0.06511715421516429,9.665002762597926,0.2,0.12184816801986315,-0.0289293462339143,0.10488557815551758
GOOGL,1d,1,0.85,1.0,8,21,1.1092394702699353,-0.684055859656447,1.1401807225846814,0.042912684585646836,26.569783121097064,0.8857142857142857,1.3209699585660208,-0.15180301896199266,0.12076187133789062
GOOGL,1d,1,0.85,1.0,9,21,1.0646222807012973,-0.6783145599760838,1.0870490058959126,0.04021273740626894,27.032454789472943,0.8571428571428571,1.1699908226182514,-0.15180301896199266,0.10782194137573242
GOOGL,1d,1,0.85,1.0,10,30,0.9394419826432177,-0.36416342859214146,0.9263422452507767,0.047481614594362245,19.509493372636204,0.5428571428571428,0.8162114781656099,-0.13346306420717446,0.1042184829711914
GOOGL,1d,1,0.85,1.0,12,26,0.9445814149802666,-0.4260574323283012,0.9227065177379357,0.05244657534535071,17.593265368846087,0.5714285714285714,0.7749772734919527,-0.1528663972680112,0.10591387748718262
GOOGL,1d,1,0.85,1.0,20,50,0.7077077877520522,0.5008524167586768,0.6902600272783352,0.061114485122991884,11.294540498691896,0.2,0.12205916686152771,-0.0289293462339143,0.10436487197875977
GOOGL,1d,1,1.0,0.0,8,21,0.3444972841817598,0.6529450448904464,0.38894810675253033,0.2510252850409723,1.5494379647414651,0.34285714285714286,-0.3519847753004219,-0.10962531516982199,0.10639762878417969
GOOGL,1d,1,1.0,0.0,9,21,0.31953580439136786,0.5698669760524486,0.3669808036205687,0.2523353605503609,1.4543376038148523,0.2857142857142857,-0.3975208691283545,-0.09436755109443484,0.10340476036071777
GOOGL,1d,1,1.0,0.0,10,30,0.5025480780684319,1.3026684288170518,0.6840206154646352,0.2952434863201602,2.31680171505253,0.14285714285714285,-0.3194162239741601,-0.1281838917987158,0.0990447998046875
GOOGL,1d,1,1.0,0.0,12,26,0.4628289338827604,1.1248600072043868,0.6266269435201715,0.28487012554976543,2.199693429807201,0.14285714285714285,-0.30941961858272377,-0.08067830588739588,0.10046648979187012
GOOGL,1d,1,1.0,0.0,20,50,0.6510610487500134,2.206104778139577,0.7611504168773473,0.2732833346043587,2.7852061230857337,0.11428571428571428,-0.048024581694686784,-0.0289293462339143,0.10508489608764648
GOOGL,1d,1,1.0,0.25,8,21,0.4169409346516899,0.12995962060671729,0.46828828476925527,0.07600022172902834,6.161669980896808,0.8571428571428571,0.9156644977706617,-0.13076879440781208,0.10628771781921387
GOOGL,1d,1,1.0,0.25,9,21,0.3972613313929948,0.06187284722566333,0.4440913968837908,0.07500613695411666,5.920734154799278,0.8571428571428571,0.8602481118642494,-0.08479860177599363,0.10408639907836914
GOOGL,1d,1,1.0,0.25,10,30,0.41740654536013255,0.7051402479198849,0.5139954635977614,0.11498074200600829,4.470274366214324,0.5142857142857142,0.655473306517451,-0.07518101725692916,0.10017919540405273
GOOGL,1d,1,1.0,0.25,12,26,0.40791278367143635,0.5412012368955232,0.49617430578307414,0.11282539606597103,4.397718271628776,0.5714285714285714,0.5873046348882451,-0.0819960701199064,0.1010291576385498
GOOGL,1d,1,1.0,0.25,20,50,0.4389588553961864,1.5796876015928563,0.5592777581191803,0.1483398502313288,3.770246209949746,0.2,0.12114201989679439,-0.0289293462339143,0.0937347412109375
GOOGL,1d,1,1.0,0.5,8,21,0.6916220631253022,-0.2340390506224429,0.7354473651473624,0.048000854218563996,15.32154744160643,0.8857142857142857,1.0823874257446842,-0.15166071961171956,0.10527205467224121
GOOGL,1d,1,1.0,0.5,9,21,0.6640159687759535,-0.287197196162996,0.6994118052137515,0.04316167722556183,16.204463083272763,0.8571428571428571,1.010457713167845,-0.10550199684480743,0.10420680046081543
GOOGL,1d,1,1.0,0.5,10,30,0.6109790634715012,0.25228269651654256,0.6545839818340488,0.05613659856988475,11.660556544393291,0.5428571428571428,0.7328267267347185,-0.09264534667223323,0.10562610626220703
GOOGL,1d,1,1.0,0.5,12,26,0.613257839660903,0.10821584858723354,0.6450887019171201,0.055312436457349054,11.662633997591888,0.5714285714285714,0.6718839139391158,-0.09849271784535507,0.10868144035339355
GOOGL,1d,1,1.0,0.5,20,50,0.508188979062898,1.0616026715506548,0.5659628959358886,0.08859836004129167,6.387961308449942,0.2,0.1215596411832759,-0.0289293462339143,0.11210179328918457
GOOGL,1d,1,1.0,0.75,8,21,0.92361154718838,-0.485161959314523,0.9628407840795574,0.04145946856299886,23.223664399279336,0.8857142857142857,1.2059880781154315,-0.1723010907815451,0.11068463325500488
GOOGL,1d,1,1.0,0.75,9,21,0.8890705441877089,-0.525198465645657,0.9170584869778946,0.03544299784459954,25.874179464128684,0.8571428571428571,1.1201457598679536,-0.12596854739965113,0.10525655746459961
GOOGL,1d,1,1.0,0.75,10,30,0.7911583687215433,-0.08799283222893117,0.8038011864677138,0.0417291290162602,19.262352352346106,0.5428571428571428,0.7798853320899666,-0.1099432022407949,0.1058046817779541
GOOGL,1d,1,1.0,0.75,12,26,0.800101097233898,-0.21018042524642044,0.7983184229622398,0.045136537061149326,17.68674503940582,0.5714285714285714,0.7319188424283208,-0.11485068478107952,0.11107158660888672
GOOGL,1d,1,1.0,0.75,20,50,0.6089224023926118,0.6359503924061858,0.6255403257935181,0.06844434186875134,9.13940157380799,0.2,0.12184816801986315,-0.0289293462339143,0.10347175598144531
GOOGL,1d,1,1.0,1.0,8,21,1.1121901690143492,-0.656893240680759,1.1478513628085412,0.04137984686580427,27.739381601170436,0.8857142857142857,1.3033903856651203,-0.19268990791728835,0.12943577766418457
GOOGL,1d,1,1.0,1.0,9,21,1.0719933625894427,-0.6861991120726315,1.0942353742790307,0.03599444666439489,30.40011656468747,0.8571428571428571,1.2062157735110415,-0.1461982534405235,0.13026213645935059
GOOGL,1d,1,1.0,1.0,10,30,0.941174556397279,-0.3414656230821852,0.9315127816663576,0.046918874864335505,19.85368967946905,0.5428571428571428,0.8146435979428147,-0.12707458396261473,0.14970111846923828
GOOGL,1d,1,1.0,1.0,12,26,0.9548773333908718,-0.4422241102593607,0.9286956784957325,0.053548131260521534,17.343194928268492,0.5714285714285714,0.778631972625413,-0.1310699709270804,0.11079120635986328
GOOGL,1d,1,1.0,1.0,20,50,0.7008381403828625,0.28863092579607974,0.6872024910485633,0.06255061688515719,10.986342345915881,0.2,0.12205916686152771,-0.0289293462339143,0.10511898994445801
GOOGL,1d,2,0.0,0.0,8,21,0.3137250432080657,0.546555266159739,0.427981471777071,0.2553325772495942,1.6761726074566197,0.22857142857142856,-0.6296239381291463,-0.11688665619632332,0.10872292518615723
GOOGL,1d,2,0.0,0.0,9,21,0.5238522715539243,1.4120331239658608,0.5154184132155745,0.2615604368164668,1.9705518903733754,0.2571428571428571,-0.4982662783632105,-0.11688665619632332,0.10467195510864258
GOOGL,1d,2,0.0,0.0,10,30,0.5348013563515612,1.4891126350574098,0.6905242013584435,0.2865698468959954,2.409619186519142,0.11428571428571428,-0.3254100245536018,-0.11222276047106827,0.09980654716491699
GOOGL,1d,2,0.0,0.0,12,26,0.5121545989366083,1.370151227711219,0.6955522652419968,0.29489393118692775,2.3586523549075658,0.14285714285714285,-0.30221436673265356,-0.09286711114451307,0.09925985336303711
GOOGL,1d,2,0.0,0.0,20,50,0.653439427625129,2.2302118899563834,0.7564032819855055,0.257033081104325,2.942824630727184,0.08571428571428572,-0.11793224568404785,-0.03388311851098047,0.09720230102539062
GOOGL,1d,2,0.0,0.25,8,21,0.38463086985956735,0.03158391444693476,0.4499991663932871,0.08398017438226583,5.35839761828732,0.8,0.7699513467004782,-0.0848961771153528,0.1150674819946289
GOOGL,1d,2,0.0,0.25,9,21,0.4430114468098928,0.8022945596216291,0.46589396876780614,0.09142980345034835,5.095646618345991,0.8,0.859982573077176,-0.0848961771153528,0.11654472351074219
GOOGL,1d,2,0.0,0.25,10,30,0.41610556476993854,0.8820275771393429,0.517898681270258,0.12470081348078342,4.153129934072699,0.5142857142857142,0.6804268580598691,-0.08662807276056128,0.10996198654174805
GOOGL,1d,2,0.0,0.25,12,26,0.4165526789235186,0.7668836899470561,0.5200782755747766,0.13103502620934832,3.9690019578724907,0.5142857142857142,0.5286528590111278,-0.09763728537129268,0.10672473907470703
GOOGL,1d,2,0.0,0.25,20,50,0.4399197992056154,1.6215796079166256,0.5328038739830544,0.11317836139139384,4.707647888102126,0.17142857142857143,0.05268526253021422,-0.03388311851098047,0.1028287410736084
GOOGL,1d,2,0.0,0.5,8,21,0.6329977752340616,-0.32001430646608753,0.6713363125735609,0.05167254747338878,12.992127259049832,0.8285714285714286,0.9313231807436949,-0.10001747181131182,0.10565781593322754
GOOGL,1d,2,0.0,0.5,9,21,0.6498450258053953,0.3333158734078723,0.6592402193779152,0.056877064796830974,11.590616037110378,0.8285714285714286,1.007102357667896,-0.10001747181131182,0.10503363609313965
GOOGL,1d,2,0.0,0.5,10,30,0.5769821122677657,0.4111566594348146,0.6283064995374188,0.061397199521604696,10.233471631166626,0.5428571428571428,0.7459906879252147,-0.09986447275718169,0.10035228729248047
GOOGL,1d,2,0.0,0.5,12,26,0.5930091668031862,0.3050511225377772,0.6309340581240395,0.0700268533635844,9.009887319200036,0.5428571428571428,0.6065318020223326,-0.11629429875337727,0.10106706619262695
GOOGL,1d,2,0.0,0.5,20,50,0.5048136914625864,1.1126261811470681,0.5450719987263747,0.06487111076007576,8.402384240687821,0.17142857142857143,0.052849668469145336,-0.03388311851098047,0.0968770980834961
GOOGL,1d,2,0.0,0.75,8,21,0.8433031704790622,-0.5571816442191517,0.8661032375442625,0.046715471214691634,18.53996577630325,0.8285714285714286,1.0396932644456092,-0.12080845262421569,0.10673046112060547
GOOGL,1d,2,0.0,0.75,9,21,0.8388800864989061,-0.023687864679265314,0.8370703518011888,0.05091381677608856,16.440927135408064,0.8285714285714286,1.1064094812296286,-0.12080845262421569,0.10458564758300781
GOOGL,1d,2,0.0,0.75,10,30,0.7346589807761008,0.04912751545374605,0.7554540367580097,0.052303621349774496,14.443627750093958,0.5428571428571428,0.7834033523448962,-0.13059254718910296,0.12207555770874023
GOOGL,1d,2,0.0,0.75,12,26,0.7600575616852282,-0.045143386932445684,0.7590009911109218,0.055698374154142895,13.626986472000397,0.5428571428571428,0.6573690251680233,-0.1349513121354613,0.1007387638092041
GOOGL,1d,2,0.0,0.75,20,50,0.6010955222453966,0.6900616267458672,0.6061338384920345,0.05397509866141042,11.22987921327119,0.17142857142857143,0.05295984531160936,-0.03388311851098047,0.09331655502319336
GOOGL,1d,2,0.0,1.0,8,21,1.0146577913833092,-0.7152055175377701,1.026146601816401,0.05030315706717177,20.39924850931617,0.8285714285714286,1.1221011117848825,-0.1594823339678274,0.10496115684509277
GOOGL,1d,2,0.0,1.0,9,21,0.9958138583399222,-0.29261012036366363,0.9847932076057354,0.0534485552170836,18.425066937842484,0.8285714285714286,1.1822567559543506,-0.1594823339678274,0.10335874557495117
GOOGL,1d,2,0.0,1.0,10,30,0.8678624711820386,-0.22676653897892218,0.8665317565553998,0.06347012854511619,13.652591800557753,0.5428571428571428,0.8103625627062735,-0.172527793387677,0.10080647468566895
GOOGL,1d,2,0.0,1.0,12,26,0.9000291008740143,-0.3081273668333292,0.8708985981050816,0.05979873781636831,14.563829102538287,0.5428571428571428,0.6959127483154861,-0.172527793387677,0.10033059120178223
GOOGL,1d,2,0.0,1.0,20,50,0.6894091686603193,0.3417861614034694,0.6683420119944209,0.054937490721535295,12.165499428834183,0.17142857142857143,0.053038537776357905,-0.03388311851098047,0.09526348114013672
GOOGL,1d,2,0.1,0.0,8,21,0.2721867656504225,0.4167166970664098,0.4085104143467859,0.2662887595204422,1.5340880894952902,0.22857142857142856,-0.6416646196863933,-0.11351099172313028,0.1048731803894043
GOOGL,1d,2,0.1,0.0,9,21,0.538572794343346,1.48491733296428,0.48093894377749846,0.26587858178199025,1.8088668164021164,0.2571428571428571,-0.4809885641310629,-0.09964293959358805,0.1039726734161377
GOOGL,1d,2,0.1,0.0,10,30,0.5270991918088851,1.4479953114915745,0.7091545266925675,0.29206383905846317,2.4280805490289206,0.11428571428571428,-0.3254100245536018,-0.11222276047106827,0.11991429328918457
GOOGL,1d,2,0.1,0.0,12,26,0.4787497768021537,1.2082579477074074,0.7110964315866047,0.3170330590702371,2.2429724952723773,0.14285714285714285,-0.30221436673265356,-0.09286711114451307,0.1232156753540039
GOOGL,1d,2,0.1,0.0,20,50,0.676141544433212,2.400367936189127,0.751451247085261,0.25368172791706106,2.962181207354994,0.08571428571428572,-0.11793224568404785,-0.03388311851098047,0.09438419342041016
GOOGL,1d,2,0.1,0.25,8,21,0.37075841726967,-0.07559925787659139,0.446046806480933,0.08523526701672987,5.2331249973486145,0.8,0.7745431315573438,-0.0848961771153528,0.10850644111633301
GOOGL,1d,2,0.1,0.25,9,21,0.447188061955861,0.8685220316730993,0.45511216514356406,0.09540925712025075,4.77010490260872,0.8,0.8650124936876976,-0.0848961771153528,0.10454845428466797
GOOGL,1d,2,0.1,0.25,10,30,0.4151346163642064,0.8433422107966335,0.5257776358375265,0.12636583112873984,4.160757944937434,0.5142857142857142,0.6804268580598691,-0.08662807276056128,0.1006934642791748
GOOGL,1d,2,0.1,0.25,12,26,0.40318275609955434,0.6154480029427405,0.5274505515641252,0.13632191695762683,3.8691544495231356,0.5142857142857142,0.5286528590111278,-0.09763728537129268,0.10099077224731445
GOOGL,1d,2,0.1,0.25,20,50,0.45251449912880726,1.7975365448667593,0.5303645141218338,0.1118173513765187,4.743132506653245,0.17142857142857143,0.05268526253021422,-0.03388311851098047,0.10260701179504395
GOOGL,1d,2,0.1,0.5,8,21,0.6275339008702948,-0.40399202426198955,0.6734228367815405,0.052391146527294076,12.853752616975259,0.8285714285714286,0.9340708046474566,-0.10001747181131182,0.1149296760559082
GOOGL,1d,2,0.1,0.5,9,21,0.6523203236561762,0.39052776891147256,0.6546219643689836,0.05912239740369073,11.072317651450966,0.8285714285714286,1.0100205159127587,-0.10001747181131182,0.10941720008850098
GOOGL,1d,2,0.1,0.5,10,30,0.5810874995918534,0.3765133349341814,0.636753552549603,0.061405108943720116,10.36971619304852,0.5428571428571428,0.7459906879252147,-0.09986447275718169,0.10463905334472656
GOOGL,1d,2,0.1,0.5,12,26,0.5842094310165691,0.17029192424070883,0.6385553920774786,0.07112221498103506,8.97828325858174,0.5428571428571428,0.6065318020223326,-0.11629429875337727,0.10548019409179688
GOOGL,1d,2,0.1,0.5,20,50,0.5133663641323895,1.2862225890749692,0.5436551980726352,0.06510919433207807,8.349899021938697,0.17142857142857143,0.052849668469145336,-0.03388311851098047,0.09514474868774414
GOOGL,1d,2,0.1,0.75,8,21,0.8424309006830145,-0.620404666850582,0.8718181237465773,0.04700699340992398,18.546562128402826,0.8285714285714286,1.0417335544645938,-0.12080845262421569,0.12449121475219727
GOOGL,1d,2,0.1,0.75,9,21,0.8409106996274806,0.023883425215245557,0.8354548943301727,0.051550715986405655,16.20646538741555,0.8285714285714286,1.108571068725337,-0.12080845262421569,0.1297473907470703
GOOGL,1d,2,0.1,0.75,10,30,0.7421666626596024,0.019228336947485936,0.7651002040675342,0.050735439079228804,15.080192818923841,0.5428571428571428,0.7834033523448962,-0.13059254718910296,0.10308980941772461
GOOGL,1d,2,0.1,0.75,12,26,0.753142360038658,-0.16065183061473942,0.7674315907105356,0.05398972259718674,14.21440144147961,0.5428571428571428,0.6573690251680233,-0.1349513121354613,0.11345410346984863
GOOGL,1d,2,0.1,0.75,20,50,0.6079443655534424,0.8555012833855953,0.6051839554124157,0.055108274275492114,10.981725763848761,0.17142857142857143,0.05295984531160936,-0.03388311851098047,0.10711956024169922
GOOGL,1d,2,0.1,1.0,8,21,1.0169758125076354,-0.7612717796284316,1.034484185242357,0.05024092686653258,20.590467767255042,0.8285714285714286,1.1237531378411811,-0.1594823339678274,0.10866880416870117
GOOGL,1d,2,0.1,1.0,9,21,0.9976581976774761,-0.2542612254697083,0.9851466672211295,0.05303979114648551,18.573728250557163,0.8285714285714286,1.1840036121373143,-0.1594823339678274,0.10581040382385254
GOOGL,1d,2,0.1,1.0,10,30,0.8778987817984177,-0.251819488210726,0.8772554208521921,0.061389167383767596,14.290068724472622,0.5428571428571428,0.8103625627062735,-0.172527793387677,0.10136747360229492
GOOGL,1d,2,0.1,1.0,12,26,0.8942260810298369,-0.404191214259654,0.8800816291027633,0.056855529012774325,15.479261988838873,0.5428571428571428,0.6959127483154861,-0.172527793387677,0.09984564781188965
GOOGL,1d,2,0.1,1.0,20,50,0.6952562552191063,0.49520187928967707,0.6676640810818375,0.056374757653297296,11.84331620878882,0.17142857142857143,0.053038537776357905,-0.03388311851098047,0.09641623497009277
GOOGL,1d,2,0.25,0.0,8,21,0.2873051194019071,0.4640878366396961,0.3885842955768971,0.25012725452214557,1.5535463990890002,0.22857142857142856,-0.6416646196863933,-0.11351099172313028,0.10470175743103027
GOOGL,1d,2,0.25,0.0,9,21,0.5530036834251586,1.5644627759648562,0.42921712709418314,0.2615591041922483,1.6409947893792474,0.2571428571428571,-0.4809885641310629,-0.09964293959358805,0.1083836555480957
GOOGL,1d,2,0.25,0.0,10,30,0.5105553433627488,1.3580431265613204,0.727828753092487,0.2768143004884677,2.6293032975830988,0.11428571428571428,-0.3254100245536018,-0.11222276047106827,0.10587549209594727
GOOGL,1d,2,0.25,0.0,12,26,0.5142883974132558,1.3786616044663837,0.7094866060163156,0.29862699993301783,2.3758287300728127,0.14285714285714285,-0.30221436673265356,-0.09286711114451307,0.1151587963104248
GOOGL,1d,2,0.25,0.0,20,50,0.6833813888151022,2.4348315906458167,0.7583987900563429,0.2631491113648003,2.8820115945783464,0.08571428571428572,-0.11793224568404785,-0.03388311851098047,0.10360908508300781
GOOGL,1d,2,0.25,0.25,8,21,0.38389778753403725,-0.03562466336043568,0.4414053602180922,0.07566920144604,5.833355602845367,0.8,0.7745431315573438,-0.0848961771153528,0.10615181922912598
GOOGL,1d,2,0.25,0.25,9,21,0.4563599591072635,0.9502452414249527,0.44376129930989616,0.09267119176057237,4.788557165169615,0.8,0.8650124936876976,-0.0848961771153528,0.10543513298034668
GOOGL,1d,2,0.25,0.25,10,30,0.4099065642145757,0.7589602747554816,0.5311475741346106,0.12163474441468292,4.366742222302841,0.5142857142857142,0.6804268580598691,-0.08662807276056128,0.10290193557739258
GOOGL,1d,2,0.25,0.25,12,26,0.4197402104212671,0.7767892999755448,0.5263935256574709,0.12880998555756387,4.08658943154862,0.5142857142857142,0.5286528590111278,-0.09763728537129268,0.09976077079772949
GOOGL,1d,2,0.25,0.25,20,50,0.4552206682946302,1.8340833108815633,0.5354987039375201,0.11832055254378891,4.525829979870479,0.17142857142857143,0.05268526253021422,-0.03388311851098047,0.09977126121520996
GOOGL,1d,2,0.25,0.5,8,21,0.6474042373883715,-0.37204533416828256,0.6800589104867498,0.04615685375269093,14.7336496142158,0.8285714285714286,0.9340708046474566,-0.10001747181131182,0.12240099906921387
GOOGL,1d,2,0.25,0.5,9,21,0.6660389929593145,0.4699684874873038,0.6558745801272191,0.05895965347179135,11.124125423176302,0.8285714285714286,1.0100205159127587,-0.10001747181131182,0.11611437797546387
GOOGL,1d,2,0.25,0.5,10,30,0.582270636467997,0.3011656122952162,0.6428920559021213,0.05936419067424955,10.829627231505222,0.5428571428571428,0.7459906879252147,-0.09986447275718169,0.10000276565551758
GOOGL,1d,2,0.25,0.5,12,26,0.6001767880353908,0.3157595179693131,0.6407188848823461,0.06812067533158352,9.405644934721936,0.5428571428571428,0.6065318020223326,-0.11629429875337727,0.10182070732116699
GOOGL,1d,2,0.25,0.5,20,50,0.514546011980294,1.3232584692419174,0.546011181567005,0.06630790813116856,8.234480576387663,0.17142857142857143,0.052849668469145336,-0.03388311851098047,0.10201120376586914
GOOGL,1d,2,0.25,0.75,8,21,0.8681941140478149,-0.5959294349702717,0.8860213366068862,0.04197014100990424,21.110754343136474,0.8285714285714286,1.0417335544645938,-0.12080845262421569,0.11608052253723145
GOOGL,1d,2,0.25,0.75,9,21,0.8589021489493465,0.09791773617276789,0.8438325583405593,0.051406048300480935,16.415044264989042,0.8285714285714286,1.108571068725337,-0.12080845262421569,0.10659599304199219
GOOGL,1d,2,0.25,0.75,10,30,0.7473685246575279,-0.04561885942621291,0.7727788542464604,0.04833793141539379,15.987007131222827,0.5428571428571428,0.7834033523448962,-0.13059254718910296,0.10605788230895996
GOOGL,1d,2,0.25,0.75,12,26,0.7702907161079402,-0.0341852108732128,0.7721569547582261,0.05569845595378548,13.863166250046602,0.5428571428571428,0.6573690251680233,-0.1349513121354613,0.1085975170135498
GOOGL,1d,2,0.25,0.75,20,50,0.6087291782892894,0.8918152376622217,0.6066874785183923,0.054221652652944735,11.189025948758934,0.17142857142857143,0.05295984531160936,-0.03388311851098047,0.10256218910217285
GOOGL,1d,2,0.25,1.0,8,21,1.047523771555544,-0.7431705456800692,1.054396515504312,0.04528020099501984,23.286038761627413,0.8285714285714286,1.1237531378411811,-0.1594823339678274,0.12045526504516602
GOOGL,1d,2,0.25,1.0,9,21,1.0191398377319743,-0.18758807265687383,0.9985243883301346,0.05203403224752657,19.189832984308058,0.8285714285714286,1.1840036121373143,-0.1594823339678274,0.10941004753112793
GOOGL,1d,2,0.25,1.0,10,30,0.8860107013020426,-0.30600801509519093,0.8862981633334645,0.05810378493908387,15.253707899797943,0.5428571428571428,0.8103625627062735,-0.172527793387677,0.12801718711853027
GOOGL,1d,2,0.25,1.0,12,26,0.9125970596255825,-0.29738729997635815,0.8867919762652383,0.06172677165966222,14.366407839286811,0.5428571428571428,0.6959127483154861,-0.172527793387677,0.09998941421508789
GOOGL,1d,2,0.25,1.0,20,50,0.6958876624166507,0.5299052229875536,0.6687994874735033,0.05479908773118522,12.204573381846664,0.17142857142857143,0.053038537776357905,-0.03388311851098047,0.09890985488891602
GOOGL,1d,2,0.4,0.0,8,21,0.38863639345970974,0.8004518292003953,0.3907215300047636,0.2537773638973383,1.539623250885465,0.22857142857142856,-0.6416646196863933,-0.11351099172313028,0.12420105934143066
GOOGL,1d,2,0.4,0.0,9,21,0.4350374959523974,1.0068749843558753,0.4079069306614892,0.25549035544135273,1.5965648877697982,0.2571428571428571,-0.4809885641310629,-0.09964293959358805,0.10406208038330078
GOOGL,1d,2,0.4,0.0,10,30,0.5169862684443818,1.3864600067761925,0.699391518235032,0.290650617567182,2.406296343318012,0.11428571428571428,-0.3254100245536018,-0.11222276047106827,0.10101771354675293
GOOGL,1d,2,0.4,0.0,12,26,0.538146278445481,1.5053643142408046,0.6969763141057272,0.306764416239787,2.272024645651617,0.14285714285714285,-0.30221436673265356,-0.09286711114451307,0.10072612762451172
GOOGL,1d,2,0.4,0.0,20,50,0.7229050505675204,2.7237541451269283,0.7680316051256383,0.2642276322013984,2.906704339462243,0.08571428571428572,-0.11793224568404785,-0.03388311851098047,0.09714508056640625
GOOGL,1d,2,0.4,0.25,8,21,0.41871341710596555,0.2459519098432581,0.44650248430562645,0.07364526908469035,6.062880750590495,0.8,0.7745431315573438,-0.0848961771153528,0.12202310562133789
GOOGL,1d,2,0.4,0.25,9,21,0.42263761387064824,0.4333668658474621,0.4446665178410549,0.09345865585205103,4.757895497073921,0.8,0.8650124936876976,-0.0848961771153528,0.11429882049560547
GOOGL,1d,2,0.4,0.25,10,30,0.4120162528064941,0.7865344334612068,0.5200728193518612,0.12684148486937757,4.10017921098477,0.5142857142857142,0.6804268580598691,-0.08662807276056128,0.10463857650756836
GOOGL,1d,2,0.4,0.25,12,26,0.4283699693262406,0.8944559135262296,0.5212808584435643,0.13172353748223858,3.957385812796389,0.5142857142857142,0.5286528590111278,-0.09763728537129268,0.10778045654296875
GOOGL,1d,2,0.4,0.25,20,50,0.4754482530960814,2.14304004862681,0.546747501846753,0.1222973605097955,4.470640245771787,0.17142857142857143,0.05268526253021422,-0.03388311851098047,0.10239529609680176
GOOGL,1d,2,0.4,0.5,8,21,0.6734141791775452,-0.14825899436724543,0.6878842236233393,0.04194002404914374,16.40161729085569,0.8285714285714286,0.9340708046474566,-0.10001747181131182,0.1080179214477539
GOOGL,1d,2,0.4,0.5,9,21,0.6563139708774456,0.013956701573258679,0.6655041419728058,0.06011883885742461,11.069810306068756,0.8285714285714286,1.0100205159127587,-0.10001747181131182,0.10476374626159668
GOOGL,1d,2,0.4,0.5,10,30,0.583524869802316,0.32654432248205256,0.6378887282816783,0.06106183928104531,10.446601933258345,0.5428571428571428,0.7459906879252147,-0.09986447275718169,0.1001284122467041
GOOGL,1d,2,0.4,0.5,12,26,0.6053032237277054,0.4206428014791024,0.6394092410342564,0.06876973990782186,9.297828403761786,0.5428571428571428,0.6065318020223326,-0.11629429875337727,0.10139608383178711
GOOGL,1d,2,0.4,0.5,20,50,0.5280487311548445,1.6384384258134639,0.5557796235357834,0.07158640638310908,7.763759233302154,0.17142857142857143,0.052849668469145336,-0.03388311851098047,0.09908342361450195
GOOGL,1d,2,0.4,0.75,8,21,0.8919595231156358,-0.42498206294499774,0.895936177499661,0.03756134559592463,23.852611329155078,0.8285714285714286,1.0417335544645938,-0.12080845262421569,0.10537862777709961
GOOGL,1d,2,0.4,0.75,9,21,0.861811608513192,-0.2897628059587498,0.8588605391034545,0.051606009497951646,16.642645836383544,0.8285714285714286,1.108571068725337,-0.12080845262421569,0.10780191421508789
GOOGL,1d,2,0.4,0.75,10,30,0.7483219496512897,-0.023174929023495383,0.7710036591523673,0.04679577069028922,16.475926088601877,0.5428571428571428,0.7834033523448962,-0.13059254718910296,0.10185909271240234
GOOGL,1d,2,0.4,0.75,12,26,0.7742697521472941,0.056356194202613175,0.7731675294049833,0.05471290359424309,14.131356199606563,0.5428571428571428,0.6573690251680233,-0.1349513121354613,0.10695672035217285
GOOGL,1d,2,0.4,0.75,20,50,0.6195533774316387,1.2024157422323132,0.6158620918781706,0.05881468619932476,10.471229750185103,0.17142857142857143,0.05295984531160936,-0.03388311851098047,0.09802412986755371
GOOGL,1d,2,0.4,1.0,8,21,1.0704850210749794,-0.6167603352425165,1.0659249440826801,0.04184294290187487,25.474425797018185,0.8285714285714286,1.1237531378411811,-0.1594823339678274,0.10617685317993164
GOOGL,1d,2,0.4,1.0,9,21,1.030712739102129,-0.5075172151845477,1.017473240147612,0.05120624518762666,19.87010053987461,0.8285714285714286,1.1840036121373143,-0.1594823339678274,0.10454940795898438
GOOGL,1d,2,0.4,1.0,10,30,0.886802145772725,-0.2867880744361313,0.8867089164074159,0.055440749784158534,15.993811769493444,0.5428571428571428,0.8103625627062735,-0.172527793387677,0.10113286972045898
GOOGL,1d,2,0.4,1.0,12,26,0.9159966895795943,-0.22126656677731893,0.889471928453791,0.0602806673227667,14.755508987503474,0.5428571428571428,0.6959127483154861,-0.172527793387677,0.10747957229614258
GOOGL,1d,2,0.4,1.0,20,50,0.7051723381244758,0.827786785289695,0.6775982502573619,0.057928888306046325,11.697069805267393,0.17142857142857143,0.053038537776357905,-0.03388311851098047,0.1014711856842041
GOOGL,1d,2,0.55,0.0,8,21,0.378434556304831,0.7607546588746346,0.38252099756342284,0.24948513057061844,1.5332416673030849,0.2571428571428571,-0.6871568403375298,-0.14513375904948722,0.11246895790100098
GOOGL,1d,2,0.55,0.0,9,21,0.4633377948119828,1.1246104180537375,0.3827831671330924,0.2539544441450596,1.507290681294183,0.2571428571428571,-0.5404122005422193,-0.1293819151863056,0.11532759666442871
GOOGL,1d,2,0.55,0.0,10,30,0.5096670274652149,1.3491836919479736,0.6857527765585256,0.31917531145035444,2.148514474513765,0.11428571428571428,-0.20798069831936117,-0.08749287646273263,0.10539484024047852
GOOGL,1d,2,0.55,0.0,12,26,0.5190321538886392,1.4041961629067514,0.6783621142344098,0.3205865484858142,2.1160030495304047,0.17142857142857143,-0.20613548617292857,-0.09148843359014325,0.1110849380493164
GOOGL,1d,2,0.55,0.0,20,50,0.7034096576985621,2.573453564595966,0.7688211379622811,0.2599713599901155,2.9573301381795014,0.08571428571428572,-0.11793224568404785,-0.03388311851098047,0.09977483749389648
GOOGL,1d,2,0.55,0.25,8,21,0.41449492332410603,0.21210060242282514,0.4470601339401168,0.07513171276053188,5.9503519554390625,0.8285714285714286,0.8958835648193617,-0.10024801618148382,0.11400032043457031
GOOGL,1d,2,0.55,0.25,9,21,0.43707998493146505,0.5431145715732666,0.4402468024343754,0.0909990162064605,4.837929252284817,0.8285714285714286,0.9550454269956524,-0.10024801618148382,0.10666656494140625
GOOGL,1d,2,0.55,0.25,10,30,0.4171932337668573,0.7524507414127024,0.5170041139916725,0.13938116128602898,3.7092825832517646,0.5142857142857142,0.6905671890306269,-0.07230485826952249,0.10244035720825195
GOOGL,1d,2,0.55,0.25,12,26,0.42034308341395804,0.8018845952809981,0.513725848006245,0.13675197289032986,3.756624764881707,0.5142857142857142,0.5459608151120144,-0.11266317897125988,0.1046299934387207
GOOGL,1d,2,0.55,0.25,20,50,0.46553434647407904,1.981235854603101,0.5501279374010914,0.1303656064313602,4.21988553929478,0.17142857142857143,0.05268526253021422,-0.03388311851098047,0.09750103950500488
GOOGL,1d,2,0.55,0.5,8,21,0.6708248429130539,-0.17560712966584735,0.694850108544621,0.04586764787103447,15.149024220695226,0.8571428571428571,1.0547589036067644,-0.11791284518405865,0.1105642318725586
GOOGL,1d,2,0.55,0.5,9,21,0.6737765851455387,0.11122060009172197,0.6710864541977328,0.05819281677915508,11.532118418404501,0.8571428571428571,1.102443256082571,-0.11791284518405865,0.1086421012878418
GOOGL,1d,2,0.55,0.5,10,30,0.6012623813934047,0.29690267729264197,0.6390603450225112,0.06781977835343299,9.42291998791474,0.5428571428571428,0.7523030995009842,-0.08267776133969151,0.10336065292358398
GOOGL,1d,2,0.55,0.5,12,26,0.5998026209088477,0.3399301425514345,0.6371672159058474,0.07189239212143396,8.86279058331518,0.5428571428571428,0.6197691316771139,-0.13359494851861065,0.10245347023010254
GOOGL,1d,2,0.55,0.5,20,50,0.5207149038570222,1.4720905902748513,0.5573925139157484,0.07779688287123666,7.1647152603569095,0.17142857142857143,0.052849668469145336,-0.03388311851098047,0.09320735931396484
GOOGL,1d,2,0.55,0.75,8,21,0.8901774674818659,-0.44617244506605946,0.9072496306466293,0.04132842934031598,21.952192355919156,0.8571428571428571,1.1646702863628946,-0.13540254735163315,0.10870981216430664
GOOGL,1d,2,0.55,0.75,9,21,0.8827042254110349,-0.20677491000561465,0.8708401844293293,0.04904383453080991,17.756364133441835,0.8571428571428571,1.206337587491329,-0.13540254735163315,0.10511994361877441
GOOGL,1d,2,0.55,0.75,10,30,0.7746176736040733,-0.047999007073174615,0.7748144569130397,0.049036492865212486,15.800772274697266,0.5428571428571428,0.7885380458583102,-0.11365988564709517,0.10135984420776367
GOOGL,1d,2,0.55,0.75,12,26,0.7699048038527943,-0.01153949441006974,0.7739389895854504,0.055032508953440105,14.063305567991392,0.5428571428571428,0.6706405993652118,-0.1542837422321961,0.11171436309814453
GOOGL,1d,2,0.55,0.75,20,50,0.6135172171187568,1.0370412089377403,0.6168301278045782,0.06285293798760755,9.813863083475844,0.17142857142857143,0.05295984531160936,-0.03388311851098047,0.09483742713928223
GOOGL,1d,2,0.55,1.0,8,21,1.0692133333545781,-0.6326194519119637,1.0805021769723355,0.044290808890261546,24.395629794196676,0.8571428571428571,1.2493068194746426,-0.15271712268420523,0.10956931114196777
GOOGL,1d,2,0.55,1.0,9,21,1.0545047281474424,-0.43884299079430333,1.034192016743865,0.04789545882357327,21.59269463423231,0.8571428571428571,1.286996378726968,-0.15271712268420523,0.1055150032043457
GOOGL,1d,2,0.55,1.0,10,30,0.9195332220922658,-0.30695340754764966,0.8924294062587699,0.0551535519318394,16.180814743566543,0.5428571428571428,0.8148481939941294,-0.14995091133166683,0.10141420364379883
GOOGL,1d,2,0.55,1.0,12,26,0.9123345040766999,-0.27677525388409907,0.8923176643290607,0.05824617052865011,15.319765337879986,0.5428571428571428,0.7098806826993665,-0.17472956011201535,0.1114811897277832
GOOGL,1d,2,0.55,1.0,20,50,0.6999816201238952,0.6676279707388364,0.6782606199989503,0.06016166842841556,11.273966259861806,0.17142857142857143,0.053038537776357905,-0.03388311851098047,0.09929656982421875
GOOGL,1d,2,0.7,0.0,8,21,0.34572960685172477,0.6463019843144153,0.3792379874511642,0.2510613672556953,1.5105390032586197,0.22857142857142856,-0.7444148872929537,-0.10951817760970517,0.1121213436126709
GOOGL,1d,2,0.7,0.0,9,21,0.3374866305623822,0.6330853307610211,0.37122160732534015,0.24053170430573417,1.5433375338058932,0.22857142857142856,-0.5901657415462996,-0.1056503669999761,0.11313390731811523
GOOGL,1d,2,0.7,0.0,10,30,0.5577832848832622,1.575471104420584,0.6941168193632021,0.3109033219348026,2.232580903425537,0.11428571428571428,-0.23868531064465942,-0.08830656718811891,0.11973190307617188
GOOGL,1d,2,0.7,0.0,12,26,0.5133678302997431,1.3667579089014223,0.6554527541848454,0.2922078751653059,2.243104344172952,0.17142857142857143,-0.2515254531335214,-0.09672904005389571,0.11015915870666504
GOOGL,1d,2,0.7,0.0,20,50,0.6952347999930789,2.5128474629657145,0.7632239796110689,0.252959156160041,3.0171826598290674,0.08571428571428572,-0.11793224568404785,-0.03388311851098047,0.10329794883728027
GOOGL,1d,2,0.7,0.25,8,21,0.40765908062556416,0.11445090566838201,0.44853941501601363,0.07492357694932245,5.986625749587492,0.8285714285714286,0.8955891084929314,-0.10679923921773504,0.11210250854492188
GOOGL,1d,2,0.7,0.25,9,21,0.399250581368903,0.11100129388629076,0.4418988044408906,0.082425710615479,5.361176763187103,0.8285714285714286,0.9514440042022017,-0.10679923921773504,0.10579061508178711
GOOGL,1d,2,0.7,0.25,10,30,0.4365715495025832,0.9642585099576244,0.5179872832592562,0.12560846854298505,4.1238245260668345,0.5142857142857142,0.6887831296036449,-0.07230485826952249,0.1112675666809082
GOOGL,1d,2,0.7,0.25,12,26,0.42005966338160966,0.7668941045470836,0.5035227866816164,0.12018832072017065,4.189448555937037,0.5142857142857142,0.5431999968459985,-0.11912400542942125,0.10734200477600098
GOOGL,1d,2,0.7,0.25,20,50,0.46146790843901125,1.9178308589394688,0.5477196616421494,0.13005890230938763,4.211320039740294,0.17142857142857143,0.05268526253021422,-0.03388311851098047,0.10286808013916016
GOOGL,1d,2,0.7,0.5,8,21,0.6737006205643521,-0.2547521605730131,0.7013474829622035,0.0443718507167813,15.806135458238979,0.8571428571428571,1.0545425171517138,-0.1256965776580954,0.111480712890625
GOOGL,1d,2,0.7,0.5,9,21,0.657252701387063,-0.2513382335268136,0.6807597644513311,0.050028730080864045,13.607376468500872,0.8571428571428571,1.0998407711287181,-0.1256965776580954,0.11389517784118652
GOOGL,1d,2,0.7,0.5,10,30,0.6188394142255685,0.48596705998068335,0.6467356829386172,0.05922685835299924,10.919635127090386,0.5428571428571428,0.7513294075091682,-0.08686483950865764,0.10520744323730469
GOOGL,1d,2,0.7,0.5,12,26,0.607354823259601,0.30881776218051504,0.6363516617775199,0.06219456409166951,10.23162829535378,0.5428571428571428,0.6181002559181832,-0.14124029863856802,0.10870075225830078
GOOGL,1d,2,0.7,0.5,20,50,0.5181715567926389,1.408766529851785,0.5557351512708498,0.07691579739363408,7.225240719104151,0.17142857142857143,0.052849668469145336,-0.03388311851098047,0.10381841659545898
GOOGL,1d,2,0.7,0.75,8,21,0.8990347261964036,-0.5078334398836979,0.9174045484130333,0.04001752080916819,22.925072065005384,0.8571428571428571,1.1644435295035234,-0.14439306083748404,0.10721659660339355
GOOGL,1d,2,0.7,0.75,9,21,0.8765567782733394,-0.500407979536271,0.8859970907280724,0.04368546468370005,20.2812788451042,0.8571428571428571,1.2041172989021085,-0.14439306083748404,0.1124577522277832
GOOGL,1d,2,0.7,0.75,10,30,0.792851478214956,0.11497108494947428,0.7874764181412072,0.043039090013452304,18.29677202503755,0.5428571428571428,0.7877648637239206,-0.11365988564709517,0.12630319595336914
GOOGL,1d,2,0.7,0.75,12,26,0.7834877728075349,-0.03818925376511384,0.7789448911173398,0.05055832831320587,15.406856142311945,0.5428571428571428,0.6692960863517307,-0.1630779196813369,0.10545682907104492
GOOGL,1d,2,0.7,0.75,20,50,0.6116602927693474,0.9759106910586433,0.6155290071260919,0.06112112728188441,10.07064225578391,0.17142857142857143,0.05295984531160936,-0.03388311851098047,0.1006464958190918
GOOGL,1d,2,0.7,1.0,8,21,1.0824464731814332,-0.6791166265282589,1.0934776685350909,0.04365561846676495,25.047810727216156,0.8571428571428571,1.2491102441077198,-0.1628886887559008,0.11285805702209473
GOOGL,1d,2,0.7,1.0,9,21,1.0552232536261124,-0.6699466914821601,1.053490461502086,0.046286168505559604,22.760373034020894,0.8571428571428571,1.2850401723718845,-0.1628886887559008,0.11079835891723633
GOOGL,1d,2,0.7,1.0,10,30,0.9386673324215565,-0.17028704481744306,0.9088424216539668,0.04994715010698714,18.196081652451042,0.5428571428571428,0.8141878353744694,-0.14995091133166683,0.12456274032592773
GOOGL,1d,2,0.7,1.0,12,26,0.9305996633177528,-0.29892839685804906,0.9014897508392379,0.056786584054495846,15.875048056669753,0.5428571428571428,0.708728548906989,-0.18463686855772743,0.11986970901489258
GOOGL,1d,2,0.7,1.0,20,50,0.6985308816554725,0.6101667517277822,0.6771839671860509,0.05799209363387095,11.677177434934576,0.17142857142857143,0.053038537776357905,-0.03388311851098047,0.09332513809204102
GOOGL,1d,2,0.85,0.0,8,21,0.3658498172265254,0.7293671020396892,0.3644846987597397,0.2582302896750233,1.411471517219901,0.34285714285714286,-0.41029549930633835,-0.10917990512238318,0.10873866081237793
GOOGL,1d,2,0.85,0.0,9,21,0.3282506878879444,0.6025136678055909,0.35259774670470523,0.26217772952826396,1.344880617202437,0.3142857142857143,-0.4567224208863569,-0.12364891194384997,0.10572052001953125
GOOGL,1d,2,0.85,0.0,10,30,0.5393292998046151,1.481171359848879,0.6741824456930934,0.30836432594540963,2.1863179005098186,0.14285714285714285,-0.29816577307162645,-0.10918379065618089,0.10631108283996582
GOOGL,1d,2,0.85,0.0,12,26,0.4669859715351346,1.1431817214988298,0.633126591809911,0.2754849945941604,2.298225327091306,0.14285714285714285,-0.3746693126881125,-0.09715065371456333,0.10961127281188965
GOOGL,1d,2,0.85,0.0,20,50,0.7047600256840514,2.584901277861422,0.7756958908630469,0.26266038485121457,2.953227572945361,0.11428571428571428,-0.048024581694686784,-0.0289293462339143,0.10694503784179688
GOOGL,1d,2,0.85,0.25,8,21,0.42120892766990287,0.19382399800513217,0.456917193243754,0.08264628848464774,5.528586965264996,0.8571428571428571,0.9421377630319044,-0.09147245529574055,0.11458206176757812
GOOGL,1d,2,0.85,0.25,9,21,0.399904156622478,0.0880125446965776,0.4414247529698832,0.08432756599587059,5.234643592007615,0.8285714285714286,0.8145853811309728,-0.09147245529574055,0.11317992210388184
GOOGL,1d,2,0.85,0.25,10,30,0.4306094563729309,0.8684753452633429,0.5102538249983148,0.11882631140539227,4.294114821569391,0.5428571428571428,0.6622715889938942,-0.07486147467889404,0.10708403587341309
GOOGL,1d,2,0.85,0.25,12,26,0.4063759373816148,0.5579288707507037,0.4955194864452214,0.1079454527299602,4.5904618852711545,0.5428571428571428,0.5775942074962181,-0.11300453458164472,0.10399675369262695
GOOGL,1d,2,0.85,0.25,20,50,0.46755893045169544,1.991700917201515,0.5585177058121286,0.14313620735284593,3.9020015699823816,0.2,0.12114201989679439,-0.0289293462339143,0.09704971313476562
GOOGL,1d,2,0.85,0.5,8,21,0.6901775499929121,-0.1833187488012139,0.7229491394638646,0.051293624074485525,14.094327560361913,0.8857142857142857,1.1061188166404712,-0.11069406061505227,0.10958456993103027
GOOGL,1d,2,0.85,0.5,9,21,0.6621771694844251,-0.2673517608777566,0.693131667298942,0.048612226032590584,14.258381560931875,0.8571428571428571,0.9687230768532239,-0.11069406061505227,0.10900664329528809
GOOGL,1d,2,0.85,0.5,10,30,0.618926685035025,0.3946440789895296,0.6511706856986409,0.057878931073008726,11.250565164675406,0.5428571428571428,0.7367830336787473,-0.09201233391607744,0.10241413116455078
GOOGL,1d,2,0.85,0.5,12,26,0.6075097269262222,0.12273967316707002,0.641240634786602,0.05603544705032384,11.443482091089985,0.5714285714285714,0.665863031097736,-0.13527447031526574,0.10952353477478027
GOOGL,1d,2,0.85,0.5,20,50,0.5274526118625721,1.4809226065420584,0.5626777271373868,0.08725436556105565,6.448705729728296,0.2,0.1215596411832759,-0.0289293462339143,0.09809541702270508
GOOGL,1d,2,0.85,0.75,8,21,0.9188703812780077,-0.446402962231225,0.9483823757434054,0.04288666949410919,22.113686768651338,0.8857142857142857,1.2255420388715166,-0.12971136411880002,0.1083526611328125
GOOGL,1d,2,0.85,0.75,9,21,0.8842037739619594,-0.5107440708729609,0.907097344099806,0.0396649312648774,22.86900078163062,0.8571428571428571,1.080360815323941,-0.12971136411880002,0.10891580581665039
GOOGL,1d,2,0.85,0.75,10,30,0.7969882359316782,0.03168363684462161,0.7998034067558983,0.04352379293341368,18.376234074532615,0.5428571428571428,0.7829424703787141,-0.10900279170643379,0.1021726131439209
GOOGL,1d,2,0.85,0.75,12,26,0.7915806634322737,-0.19803830304201608,0.792042063960104,0.048899460764338216,16.197357835441217,0.5714285714285714,0.7272470118082348,-0.15726379793896017,0.10360908508300781
GOOGL,1d,2,0.85,0.75,20,50,0.6242157601753856,1.0438918086249558,0.6212360989374226,0.07053285841537318,8.807754469256267,0.2,0.12184816801986315,-0.0289293462339143,0.10140538215637207
GOOGL,1d,2,0.85,1.0,8,21,1.105119507356994,-0.6281865506568303,1.1316403959308858,0.0421390376463497,26.854917889395946,0.8857142857142857,1.3190828423162173,-0.14852436580698314,0.1249854564666748
GOOGL,1d,2,0.85,1.0,9,21,1.0648605410989023,-0.6760345813360058,1.0811780471161823,0.04057128705260627,26.648847637352144,0.8571428571428571,1.1678758559622568,-0.14852436580698314,0.11927413940429688
GOOGL,1d,2,0.85,1.0,10,30,0.9457899670125927,-0.24371173535310986,0.9269347278548237,0.04934540488257602,18.784620980628056,0.5428571428571428,0.8172025819675508,-0.1258328480499621,0.10901975631713867
GOOGL,1d,2,0.85,1.0,12,26,0.9442957759862306,-0.43237858667146223,0.9205605657289967,0.0572428497377699,16.081669063404327,0.5714285714285714,0.7747106100797354,-0.1789725174527289,0.10487699508666992
GOOGL,1d,2,0.85,1.0,20,50,0.7137699211241068,0.6723819899654391,0.6823620949440644,0.06710150293175772,10.169103002626144,0.2,0.12205916686152771,-0.0289293462339143,0.10306215286254883
GOOGL,1d,2,1.0,0.0,8,21,0.3444972841817598,0.6529450448904464,0.38894810675253033,0.2510252850409723,1.5494379647414651,0.34285714285714286,-0.3519847753004219,-0.10962531516982199,0.11089015007019043
GOOGL,1d,2,1.0,0.0,9,21,0.31953580439136786,0.5698669760524486,0.3669808036205687,0.2523353605503609,1.4543376038148523,0.2857142857142857,-0.3975208691283545,-0.09436755109443484,0.11600661277770996
GOOGL,1d,2,1.0,0.0,10,30,0.5025480780684319,1.3026684288170518,0.6840206154646352,0.2952434863201602,2.31680171505253,0.14285714285714285,-0.3194162239741601,-0.1281838917987158,0.1066129207611084
GOOGL,1d,2,1.0,0.0,12,26,0.4628289338827604,1.1248600072043868,0.6266269435201715,0.28487012554976543,2.199693429807201,0.14285714285714285,-0.30941961858272377,-0.08067830588739588,0.1038656234741211
GOOGL,1d,2,1.0,0.0,20,50,0.6510610487500134,2.206104778139577,0.7611504168773473,0.2732833346043587,2.7852061230857337,0.11428571428571428,-0.048024581694686784,-0.0289293462339143,0.09852838516235352
GOOGL,1d,2,1.0,0.25,8,21,0.4169409346516899,0.12995962060671729,0.46828828476925527,0.07600022172902834,6.161669980896808,0.8571428571428571,0.9156644977706617,-0.13076879440781208,0.11304473876953125
GOOGL,1d,2,1.0,0.25,9,21,0.3972613313929948,0.06187284722566333,0.4440913968837908,0.07500613695411666,5.920734154799278,0.8571428571428571,0.8602481118642494,-0.08479860177599363,0.10994243621826172
GOOGL,1d,2,1.0,0.25,10,30,0.41740654536013255,0.7051402479198849,0.5139954635977614,0.11498074200600829,4.470274366214324,0.5142857142857142,0.655473306517451,-0.07518101725692916,0.10942530632019043
GOOGL,1d,2,1.0,0.25,12,26,0.40791278367143635,0.5412012368955232,0.49617430578307414,0.11282539606597103,4.397718271628776,0.5714285714285714,0.5873046348882451,-0.0819960701199064,0.11252760887145996
GOOGL,1d,2,1.0,0.25,20,50,0.4389588553961864,1.5796876015928563,0.5592777581191803,0.1483398502313288,3.770246209949746,0.2,0.12114201989679439,-0.0289293462339143,0.09850335121154785
GOOGL,1d,2,1.0,0.5,8,21,0.6916220631253022,-0.2340390506224429,0.7354473651473624,0.048000854218563996,15.32154744160643,0.8857142857142857,1.0823874257446842,-0.15166071961171956,0.1134181022644043
GOOGL,1d,2,1.0,0.5,9,21,0.6640159687759535,-0.287197196162996,0.6994118052137515,0.04316167722556183,16.204463083272763,0.8571428571428571,1.010457713167845,-0.10550199684480743,0.11328577995300293
GOOGL,1d,2,1.0,0.5,10,30,0.6109790634715012,0.25228269651654256,0.6545839818340488,0.05613659856988475,11.660556544393291,0.5428571428571428,0.7328267267347185,-0.09264534667223323,0.12523174285888672
GOOGL,1d,2,1.0,0.5,12,26,0.613257839660903,0.10821584858723354,0.6450887019171201,0.055312436457349054,11.662633997591888,0.5714285714285714,0.6718839139391158,-0.09849271784535507,0.10550308227539062
GOOGL,1d,2,1.0,0.5,20,50,0.508188979062898,1.0616026715506548,0.5659628959358886,0.08859836004129167,6.387961308449942,0.2,0.1215596411832759,-0.0289293462339143,0.0986948013305664
GOOGL,1d,2,1.0,0.75,8,21,0.92361154718838,-0.485161959314523,0.9628407840795574,0.04145946856299886,23.223664399279336,0.8857142857142857,1.2059880781154315,-0.1723010907815451,0.12266254425048828
GOOGL,1d,2,1.0,0.75,9,21,0.8890705441877089,-0.525198465645657,0.9170584869778946,0.03544299784459954,25.874179464128684,0.8571428571428571,1.1201457598679536,-0.12596854739965113,0.1300649642944336
GOOGL,1d,2,1.0,0.75,10,30,0.7911583687215433,-0.08799283222893117,0.8038011864677138,0.0417291290162602,19.262352352346106,0.5428571428571428,0.7798853320899666,-0.1099432022407949,0.10576343536376953
GOOGL,1d,2,1.0,0.75,12,26,0.800101097233898,-0.21018042524642044,0.7983184229622398,0.045136537061149326,17.68674503940582,0.5714285714285714,0.7319188424283208,-0.11485068478107952,0.10369253158569336
GOOGL,1d,2,1.0,0.75,20,50,0.6089224023926118,0.6359503924061858,0.6255403257935181,0.06844434186875134,9.13940157380799,0.2,0.12184816801986315,-0.0289293462339143,0.09450149536132812
GOOGL,1d,2,1.0,1.0,8,21,1.1121901690143492,-0.656893240680759,1.1478513628085412,0.04137984686580427,27.739381601170436,0.8857142857142857,1.3033903856651203,-0.19268990791728835,0.11769270896911621
GOOGL,1d,2,1.0,1.0,9,21,1.0719933625894427,-0.6861991120726315,1.0942353742790307,0.03599444666439489,30.40011656468747,0.8571428571428571,1.2062157735110415,-0.1461982534405235,0.11519980430603027
GOOGL,1d,2,1.0,1.0,10,30,0.941174556397279,-0.3414656230821852,0.9315127816663576,0.046918874864335505,19.85368967946905,0.5428571428571428,0.8146435979428147,-0.12707458396261473,0.10906410217285156
GOOGL,1d,2,1.0,1.0,12,26,0.9548773333908718,-0.4422241102593607,0.9286956784957325,0.053548131260521534,17.343194928268492,0.5714285714285714,0.778631972625413,-0.1310699709270804,0.10166358947753906
GOOGL,1d,2,1.0,1.0,20,50,0.7008381403828625,0.28863092579607974,0.6872024910485633,0.06255061688515719,10.986342345915881,0.2,0.12205916686152771,-0.0289293462339143,0.09229850769042969
GOOGL,1d,3,0.0,0.0,8,21,0.3967946122766731,0.8421384596428689,0.4593885411865288,0.26949845848789183,1.7046054503023007,0.3142857142857143,-0.4190733596959746,-0.11460475768928602,0.10219645500183105
GOOGL,1d,3,0.0,0.0,9,21,0.6380357367221792,2.054169127936638,0.5694803275704903,0.23895763925900856,2.38318527642142,0.2571428571428571,-0.3062530234577053,-0.11460475768928602,0.1025996208190918
GOOGL,1d,3,0.0,0.0,10,30,0.3667968708618002,0.7277713995219095,0.7455566918152091,0.2741917947534189,2.7191065016576785,0.14285714285714285,-0.3122561087553309,-0.14717707491793064,0.09973645210266113
GOOGL,1d,3,0.0,0.0,12,26,0.4995229914147077,1.3085433172573735,0.7818230514931634,0.2889718827352674,2.7055332999626343,0.17142857142857143,-0.22070950262494726,-0.1334436120848782,0.09947967529296875
GOOGL,1d,3,0.0,0.0,20,50,0.6240231856942156,1.9396952426768892,0.6371532718477301,0.21680671672546925,2.9388078075760133,0.08571428571428572,-0.11793224568404785,-0.03388311851098047,0.095245361328125
GOOGL,1d,3,0.0,0.25,8,21,0.39956209529491077,0.28712109593014334,0.44963076309224526,0.090176749847375,4.986105219507795,0.8285714285714286,0.8812649134953402,-0.06696524698519812,0.10433840751647949
GOOGL,1d,3,0.0,0.25,9,21,0.4642162858028373,1.4266045442683013,0.47304372632761754,0.09315235591484211,5.078172437850783,0.8,0.8911450739778151,-0.04124318215624134,0.10495924949645996
GOOGL,1d,3,0.0,0.25,10,30,0.343442560166418,0.1732682732552291,0.5361540750931577,0.13327703093092538,4.022854285904935,0.4857142857142857,0.6120344445822672,-0.07460032949436546,0.10375189781188965
GOOGL,1d,3,0.0,0.25,12,26,0.3998519558258521,0.7123772609010535,0.5571557109696189,0.13987000414359776,3.983382386959924,0.5142857142857142,0.4729953311096891,-0.04562646309239715,0.11197566986083984
GOOGL,1d,3,0.0,0.25,20,50,0.4147547410560669,1.3360061761732358,0.459677050813225,0.08562604028057587,5.368425881974389,0.17142857142857143,0.05268526253021422,-0.03388311851098047,0.10581469535827637
GOOGL,1d,3,0.0,0.5,8,21,0.6225130554651448,-0.11006670527878959,0.6509431942063062,0.056210428387108456,11.580470259422473,0.8285714285714286,1.0128226820331332,-0.07565989602985046,0.12219929695129395
GOOGL,1d,3,0.0,0.5,9,21,0.628080383029558,0.9105252125202437,0.6409481816540573,0.06186588926498362,10.360283983129246,0.8,1.0205053910711197,-0.07110241634034264,0.11547160148620605
GOOGL,1d,3,0.0,0.5,10,30,0.5296568960332552,-0.21622708509512856,0.6237586847965455,0.07327895647852045,8.512112000112635,0.5142857142857142,0.683712153387472,-0.08801103309741365,0.10628795623779297
GOOGL,1d,3,0.0,0.5,12,26,0.5628337498516274,0.25818438295224655,0.6383814561897065,0.07704755294253599,8.285551348604512,0.5142857142857142,0.5504570848855384,-0.06505055787530245,0.1085655689239502
GOOGL,1d,3,0.0,0.5,20,50,0.4776206594110627,0.8365549708135467,0.491779806551537,0.05117969151439489,9.608885712279415,0.17142857142857143,0.052849668469145336,-0.03388311851098047,0.10288190841674805
GOOGL,1d,3,0.0,0.75,8,21,0.8175176487459171,-0.3912203640878471,0.8322608913696582,0.05098449485234068,16.323803810943307,0.8285714285714286,1.0992688527913463,-0.11172164930335149,0.11685872077941895
GOOGL,1d,3,0.0,0.75,9,21,0.7917556825339258,0.49023904573363186,0.8028656821328741,0.058295168718525324,13.772422308432835,0.8,1.1046780189739671,-0.11172164930335149,0.11983895301818848
GOOGL,1d,3,0.0,0.75,10,30,0.697537665575049,-0.4855802925586802,0.7372836808542397,0.062074082934344806,11.877480036782146,0.5142857142857142,0.7229135649730103,-0.10264386160579098,0.1079704761505127
GOOGL,1d,3,0.0,0.75,12,26,0.7202144930689474,-0.08453177042369864,0.7491879138831743,0.06315584900421599,11.862526206134321,0.5142857142857142,0.6007790065457205,-0.10264386160579098,0.10713434219360352
GOOGL,1d,3,0.0,0.75,20,50,0.5695593408749507,0.4266510220378037,0.5610866795233891,0.046260625024891235,12.128817525087218,0.17142857142857143,0.05295984531160936,-0.03388311851098047,0.09853148460388184
GOOGL,1d,3,0.0,1.0,8,21,0.9777547791138465,-0.5880628857970251,0.9821153104116715,0.05411971028991089,18.147091053345118,0.8285714285714286,1.1648475403723626,-0.15234088226636044,0.10746479034423828
GOOGL,1d,3,0.0,1.0,9,21,0.9304058141273454,0.15131061533607926,0.9389143566878605,0.06228196914039889,15.075219516122177,0.8,1.1682611317219234,-0.15234088226636044,0.10503625869750977
GOOGL,1d,3,0.0,1.0,10,30,0.8366753580165349,-0.668801945940315,0.8386592436897026,0.0691126235476036,12.134675268289422,0.5142857142857142,0.7507408442679463,-0.14023716533628006,0.10255908966064453
GOOGL,1d,3,0.0,1.0,12,26,0.852698024715771,-0.3406006627345398,0.8489557983207796,0.06792382227602192,12.498645834017989,0.5142857142857142,0.6389970930131431,-0.14023716533628006,0.10121583938598633
GOOGL,1d,3,0.0,1.0,20,50,0.6537918753867332,0.09316943312498416,0.6279436977525273,0.04811216457654559,13.051661742499244,0.17142857142857143,0.053038537776357905,-0.03388311851098047,0.09609031677246094
GOOGL,1d,3,0.1,0.0,8,21,0.36410116107325774,0.7147174645000041,0.46295658486666336,0.27222647637004316,1.7006302657988224,0.3142857142857143,-0.384409725464369,-0.0647175634159104,0.10701179504394531
GOOGL,1d,3,0.1,0.0,9,21,0.61436867101337,1.8953026613909336,0.5433406879654376,0.2608632090129182,2.0828567202764527,0.2571428571428571,-0.2684988403003419,-0.0647175634159104,0.12064242362976074
GOOGL,1d,3,0.1,0.0,10,30,0.3606827053736666,0.7054132765822625,0.7650622813649327,0.29394272648171077,2.6027596958162365,0.14285714285714285,-0.3122561087553309,-0.14717707491793064,0.108795166015625
GOOGL,1d,3,0.1,0.0,12,26,0.460933911337333,1.125897239599309,0.7799231795974315,0.31319167195904246,2.4902423960348017,0.17142857142857143,-0.22070950262494726,-0.1334436120848782,0.10859894752502441
GOOGL,1d,3,0.1,0.0,20,50,0.7229827145100168,2.762253470560392,0.671709098134681,0.21665680025622797,3.1003370184563237,0.08571428571428572,-0.11793224568404785,-0.03388311851098047,0.10706448554992676
GOOGL,1d,3,0.1,0.25,8,21,0.3844065557570478,0.1755002522276079,0.4538056817068125,0.08948212853599642,5.071467220678125,0.8285714285714286,0.8935502754303764,-0.06696524698519812,0.12556242942810059
GOOGL,1d,3,0.1,0.25,9,21,0.45824074069219217,1.2682025684082938,0.4662705272815426,0.10009011718397917,4.658507157349755,0.8,0.8994798755363673,-0.04124318215624134,0.11565780639648438
GOOGL,1d,3,0.1,0.25,10,30,0.34333895838233436,0.15434167093802942,0.5433825328808449,0.14090275424084808,3.8564365601543145,0.4857142857142857,0.6120344445822672,-0.07460032949436546,0.10958147048950195
GOOGL,1d,3,0.1,0.25,12,26,0.383392754511202,0.5428349940061461,0.5565371629953271,0.14676888964226253,3.791928687011546,0.5142857142857142,0.4729953311096891,-0.04562646309239715,0.11291289329528809
GOOGL,1d,3,0.1,0.25,20,50,0.4774269277426398,2.2111111726482857,0.48047956607028536,0.0864855914403883,5.55560247745388,0.17142857142857143,0.05268526253021422,-0.03388311851098047,0.1006629467010498
GOOGL,1d,3,0.1,0.5,8,21,0.6117489803392544,-0.20297449976058446,0.6580145608031265,0.05618444380047118,11.711685945311576,0.8285714285714286,1.0196169413596587,-0.07565989602985046,0.1066584587097168
GOOGL,1d,3,0.1,0.5,9,21,0.6327436872913615,0.7604415559564437,0.6401350281879934,0.062146201960760504,10.300469022904707,0.8,1.0253598295475923,-0.07110241634034264,0.11420154571533203
GOOGL,1d,3,0.1,0.5,10,30,0.5342020597005931,-0.23135729776383718,0.6327305936619037,0.0789216186121686,8.017202444506701,0.5142857142857142,0.683712153387472,-0.08801103309741365,0.11266303062438965
GOOGL,1d,3,0.1,0.5,12,26,0.5519724545909599,0.10850604996898294,0.6425149479456811,0.08013561216476507,8.017845382208103,0.5142857142857142,0.5504570848855384,-0.06505055787530245,0.10500693321228027
GOOGL,1d,3,0.1,0.5,20,50,0.5199865850466956,1.7264306914551395,0.5059111229333138,0.055518017455918535,9.112557438402924,0.17142857142857143,0.052849668469145336,-0.03388311851098047,0.09476447105407715
GOOGL,1d,3,0.1,0.75,8,21,0.8088388425943913,-0.4656204504304672,0.841667938979912,0.050846008344008375,16.55327461077076,0.8285714285714286,1.104188607414572,-0.11172164930335149,0.10531282424926758
GOOGL,1d,3,0.1,0.75,9,21,0.8031037179110234,0.3534221088820315,0.8053153272402472,0.05531511852599135,14.558683931262795,0.8,1.1082649029992593,-0.11172164930335149,0.10525631904602051
GOOGL,1d,3,0.1,0.75,10,30,0.7052851412816721,-0.4971331825152946,0.7481846775713852,0.06469595846192515,11.564627765916887,0.5142857142857142,0.7229135649730103,-0.10264386160579098,0.10332727432250977
GOOGL,1d,3,0.1,0.75,12,26,0.7116481497659323,-0.21176917188685662,0.7567125098545611,0.06332645874964024,11.94938931997141,0.5142857142857142,0.6007790065457205,-0.10264386160579098,0.10253787040710449
GOOGL,1d,3,0.1,0.75,20,50,0.6029674857240107,1.302392807968979,0.5723145249654352,0.052104125482846035,10.98405394317299,0.17142857142857143,0.05295984531160936,-0.03388311851098047,0.09518599510192871
GOOGL,1d,3,0.1,1.0,8,21,0.9704176874762647,-0.64580453876464,0.9933729698636832,0.05357368847986568,18.542179903051053,0.8285714285714286,1.1687721474697592,-0.15234088226636044,0.10648226737976074
GOOGL,1d,3,0.1,1.0,9,21,0.9466546916060941,0.030436822180296863,0.9436286933661808,0.05817997637915135,16.219131599790884,0.8,1.171154663905929,-0.15234088226636044,0.11423468589782715
GOOGL,1d,3,0.1,1.0,10,30,0.8468390374613377,-0.6772779627953209,0.851151737833846,0.06914862338699629,12.30901927100271,0.5142857142857142,0.7507408442679463,-0.14023716533628006,0.10878300666809082
GOOGL,1d,3,0.1,1.0,12,26,0.8454817546177399,-0.4455010608633815,0.8590291334279279,0.06611589816226814,12.992777188318824,0.5142857142857142,0.6389970930131431,-0.14023716533628006,0.10814261436462402
GOOGL,1d,3,0.1,1.0,20,50,0.6818915303303105,0.9333665012337891,0.6374548204900733,0.05416399108744293,11.76897801827342,0.17142857142857143,0.053038537776357905,-0.03388311851098047,0.10222530364990234
GOOGL,1d,3,0.25,0.0,8,21,0.3937081576999767,0.8306797957542107,0.46250819048440805,0.2757469603949582,1.677292071767347,0.3142857142857143,-0.384409725464369,-0.0647175634159104,0.11136484146118164
GOOGL,1d,3,0.25,0.0,9,21,0.6389504402889468,2.06294501588433,0.4747282985769168,0.26408431195664406,1.7976391519040902,0.2571428571428571,-0.2684988403003419,-0.0647175634159104,0.1120448112487793
GOOGL,1d,3,0.25,0.0,10,30,0.399604079527263,0.8461445326986452,0.7702682014817349,0.2826847076428545,2.7248315195560426,0.14285714285714285,-0.3122561087553309,-0.14717707491793064,0.10506033897399902
GOOGL,1d,3,0.25,0.0,12,26,0.49642053405247005,1.2926289338219465,0.7558310188982624,0.28881707000073786,2.616988735798516,0.17142857142857143,-0.22070950262494726,-0.1334436120848782,0.10749268531799316
GOOGL,1d,3,0.25,0.0,20,50,0.698189746618263,2.538930729757336,0.6753835941814993,0.2383691034560353,2.8333520762101068,0.08571428571428572,-0.11793224568404785,-0.03388311851098047,0.10269546508789062
GOOGL,1d,3,0.25,0.25,8,21,0.4046450605251079,0.27664062974376114,0.4523256673479274,0.08809579791981957,5.134474946916444,0.8285714285714286,0.8935502754303764,-0.06696524698519812,0.1117088794708252
GOOGL,1d,3,0.25,0.25,9,21,0.4721845913056905,1.4419124126722727,0.4510758353068079,0.0996861980692469,4.524957757878062,0.8,0.8994798755363673,-0.04124318215624134,0.10752224922180176
GOOGL,1d,3,0.25,0.25,10,30,0.35873193217106736,0.2777603315935344,0.5440082928056074,0.13345368296376162,4.0763827623500575,0.4857142857142857,0.6120344445822672,-0.07460032949436546,0.10588955879211426
GOOGL,1d,3,0.25,0.25,12,26,0.4037778226864331,0.7003280131477201,0.544537646358369,0.1356691597622235,4.013717246518934,0.5142857142857142,0.4729953311096891,-0.04562646309239715,0.11969614028930664
GOOGL,1d,3,0.25,0.25,20,50,0.46336411390094345,1.9729332967255435,0.48149235846202443,0.09813865485271954,4.906245751835692,0.17142857142857143,0.05268526253021422,-0.03388311851098047,0.09444141387939453
GOOGL,1d,3,0.25,0.5,8,21,0.6374895708303138,-0.11919742766320696,0.6656927297812081,0.05087017070667527,13.086111576461738,0.8285714285714286,1.0196169413596587,-0.07565989602985046,0.11699891090393066
GOOGL,1d,3,0.25,0.5,9,21,0.6499828651034902,0.9315116309273692,0.6434901175549986,0.06096802430878053,10.55455092813831,0.8,1.0253598295475923,-0.07110241634034264,0.10948514938354492
GOOGL,1d,3,0.25,0.5,10,30,0.5444833403031358,-0.12897589444861368,0.6388479823045373,0.07234137528201455,8.831017931495797,0.5142857142857142,0.683712153387472,-0.08801103309741365,0.10633540153503418
GOOGL,1d,3,0.25,0.5,12,26,0.5752384999820146,0.25015283603535643,0.639629211500829,0.07617241496419874,8.39712396937207,0.5142857142857142,0.5504570848855384,-0.06505055787530245,0.11493134498596191
GOOGL,1d,3,0.25,0.5,20,50,0.5084311050662095,1.483729385758628,0.5061428595883865,0.06093859990743411,8.305784188629518,0.17142857142857143,0.052849668469145336,-0.03388311851098047,0.09606504440307617
GOOGL,1d,3,0.25,0.75,8,21,0.8399896289901951,-0.3988981784701101,0.8562580836017142,0.041943314175573974,20.4146501160455,0.8285714285714286,1.104188607414572,-0.11172164930335149,0.1316533088684082
GOOGL,1d,3,0.25,0.75,9,21,0.8242546170665157,0.5155838767267633,0.8192833902013357,0.05126040849400221,15.982771387730883,0.8,1.1082649029992593,-0.11172164930335149,0.11261844635009766
GOOGL,1d,3,0.25,0.75,10,30,0.7136669064534287,-0.41586634687902146,0.7586807955567194,0.05950870676958158,12.749072139886025,0.5142857142857142,0.7229135649730103,-0.10264386160579098,0.10839414596557617
GOOGL,1d,3,0.25,0.75,12,26,0.7386880664885286,-0.08894976054329451,0.7598031650339677,0.0656092453637524,11.580733185109024,0.5142857142857142,0.6007790065457205,-0.10264386160579098,0.11013627052307129
GOOGL,1d,3,0.25,0.75,20,50,0.5931900878587669,1.0631448043977167,0.5724059564832634,0.05415518047094012,10.569735923794376,0.17142857142857143,0.05295984531160936,-0.03388311851098047,0.1197044849395752
GOOGL,1d,3,0.25,1.0,8,21,1.006063747349148,-0.5943444460148437,1.0133886920932147,0.04263052021757288,23.771436213332485,0.8285714285714286,1.1687721474697592,-0.15234088226636044,0.10893511772155762
GOOGL,1d,3,0.25,1.0,9,21,0.971141204108274,0.17951923956000315,0.9650847398950871,0.05151192064872783,18.735172902525456,0.8,1.171154663905929,-0.15234088226636044,0.10752487182617188
GOOGL,1d,3,0.25,1.0,10,30,0.8541445497811051,-0.6151749898558988,0.8650318206541071,0.06585461518247798,13.135477570663372,0.5142857142857142,0.7507408442679463,-0.14023716533628006,0.1013190746307373
GOOGL,1d,3,0.25,1.0,12,26,0.8757777154751709,-0.3420742966621202,0.8664766082916897,0.07199835970870685,12.034671509146973,0.5142857142857142,0.6389970930131431,-0.14023716533628006,0.1014101505279541
GOOGL,1d,3,0.25,1.0,20,50,0.6734174819192349,0.7035336676631179,0.6375214334048496,0.05455109819494057,11.686683760730917,0.17142857142857143,0.053038537776357905,-0.03388311851098047,0.09316539764404297
GOOGL,1d,3,0.4,0.0,8,21,0.43273525774554866,0.9774279766731857,0.45471184479357046,0.27294071793157715,1.6659729198322146,0.3142857142857143,-0.384409725464369,-0.0647175634159104,0.10554695129394531
GOOGL,1d,3,0.4,0.0,9,21,0.5311954896407557,1.458358371091355,0.4482847846789082,0.26343885711081383,1.701665386782103,0.2571428571428571,-0.2684988403003419,-0.0647175634159104,0.10354471206665039
GOOGL,1d,3,0.4,0.0,10,30,0.4235046831875918,0.9341376898451048,0.7461378154168903,0.2958352562857492,2.5221396015632123,0.14285714285714285,-0.3122561087553309,-0.14717707491793064,0.099853515625
GOOGL,1d,3,0.4,0.0,12,26,0.5133971596310796,1.380456565886858,0.7223199220536329,0.2909892696371754,2.4822905770864643,0.17142857142857143,-0.22070950262494726,-0.1334436120848782,0.09827184677124023
GOOGL,1d,3,0.4,0.0,20,50,0.7150287327052927,2.648636718673405,0.694131763942185,0.24632737581141384,2.817923755553692,0.08571428571428572,-0.11793224568404785,-0.03388311851098047,0.10082650184631348
GOOGL,1d,3,0.4,0.25,8,21,0.4216363713453457,0.4022049829464813,0.45522497339195106,0.08368682814755406,5.439625129408804,0.8285714285714286,0.8935502754303764,-0.06696524698519812,0.10729265213012695
GOOGL,1d,3,0.4,0.25,9,21,0.4435913374277845,0.8522649235431254,0.4498513289841649,0.09785867615216523,4.596948851879716,0.8,0.8994798755363673,-0.04124318215624134,0.10388994216918945
GOOGL,1d,3,0.4,0.25,10,30,0.36803666892188874,0.3567797993210522,0.5337448821094932,0.1358512415837597,3.928892190362577,0.4857142857142857,0.6120344445822672,-0.07460032949436546,0.10425567626953125
GOOGL,1d,3,0.4,0.25,12,26,0.4098002935172066,0.7780548494136761,0.530498481278908,0.13493235906559373,3.9315882783982192,0.5142857142857142,0.4729953311096891,-0.04562646309239715,0.10389947891235352
GOOGL,1d,3,0.4,0.25,20,50,0.4716869794978634,2.0905207852863903,0.4977843520448103,0.09910948909866926,5.022570054308695,0.17142857142857143,0.05268526253021422,-0.03388311851098047,0.09309601783752441
GOOGL,1d,3,0.4,0.5,8,21,0.6563781907954858,-0.01712342085549068,0.6754139039582773,0.045533875131455154,14.83321817017274,0.8285714285714286,1.0196169413596587,-0.07565989602985046,0.10443782806396484
GOOGL,1d,3,0.4,0.5,9,21,0.6492143948859821,0.38369799631791857,0.6530940909092363,0.05970149808435417,10.939325006324944,0.8,1.0253598295475923,-0.07110241634034264,0.10251379013061523
GOOGL,1d,3,0.4,0.5,10,30,0.55073830669968,-0.06214678033536747,0.6369851493275044,0.0709891238407139,8.972996353029767,0.5142857142857142,0.683712153387472,-0.08801103309741365,0.09902715682983398
GOOGL,1d,3,0.4,0.5,12,26,0.5784281975610325,0.31721801832549334,0.6328104634933045,0.07353115060943086,8.606018785895925,0.5142857142857142,0.5504570848855384,-0.06505055787530245,0.09932112693786621
GOOGL,1d,3,0.4,0.5,20,50,0.5134935756476239,1.6040554659110042,0.5197918450301725,0.05913956561732508,8.789240157656792,0.17142857142857143,0.052849668469145336,-0.03388311851098047,0.09363174438476562
GOOGL,1d,3,0.4,0.75,8,21,0.8619417830707939,-0.31907641729797087,0.8704910583814891,0.03671915280312354,23.70673046431072,0.8285714285714286,1.104188607414572,-0.11172164930335149,0.10364866256713867
GOOGL,1d,3,0.4,0.75,9,21,0.8386163898256888,0.024671197012627877,0.8355548499461796,0.04971790800685523,16.805913270344583,0.8,1.1082649029992593,-0.11172164930335149,0.1038668155670166
GOOGL,1d,3,0.4,0.75,10,30,0.7187017001509446,-0.3620445372952049,0.7617216794204542,0.05487985984706431,13.879803657355751,0.5142857142857142,0.7229135649730103,-0.10264386160579098,0.0994253158569336
GOOGL,1d,3,0.4,0.75,12,26,0.7409789643203053,-0.03235980348576728,0.7569666168553099,0.0630993042648018,11.996433648121263,0.5142857142857142,0.6007790065457205,-0.10264386160579098,0.09957313537597656
GOOGL,1d,3,0.4,0.75,20,50,0.5971393876194385,1.1821655049979567,0.5848437924026249,0.05091636051273868,11.486362860839273,0.17142857142857143,0.05295984531160936,-0.03388311851098047,0.09935474395751953
GOOGL,1d,3,0.4,1.0,8,21,1.030747112651358,-0.5338591387493339,1.0309781350536729,0.03881815233675832,26.55917587497853,0.8285714285714286,1.1687721474697592,-0.15234088226636044,0.11993575096130371
GOOGL,1d,3,0.4,1.0,9,21,0.9960304375824942,-0.24795297696394714,0.9861899415452292,0.04940515926428177,19.96127441407138,0.8,1.171154663905929,-0.15234088226636044,0.1035926342010498
GOOGL,1d,3,0.4,1.0,10,30,0.8584591805854739,-0.5736774263343396,0.8715292791940259,0.060202182522926306,14.47670570518151,0.5142857142857142,0.7507408442679463,-0.14023716533628006,0.1006777286529541
GOOGL,1d,3,0.4,1.0,12,26,0.8776397884649972,-0.2952744245401019,0.8663851836028954,0.07061895025867482,12.268451746016556,0.5142857142857142,0.6389970930131431,-0.14023716533628006,0.10028886795043945
GOOGL,1d,3,0.4,1.0,20,50,0.67679343551289,0.8181700651844961,0.6491700243986986,0.05071333019705528,12.800776874171701,0.17142857142857143,0.053038537776357905,-0.03388311851098047,0.09463715553283691
GOOGL,1d,3,0.55,0.0,8,21,0.4258698785247055,0.9453663653898929,0.43674024247853876,0.2593277398233623,1.68412466316183,0.2857142857142857,-0.4032777372602447,-0.12070909487158943,0.10967874526977539
GOOGL,1d,3,0.55,0.0,9,21,0.5111672422376566,1.3503676128160764,0.40976961984761306,0.25915100321499507,1.581200206690548,0.22857142857142856,-0.2633648427403299,-0.0672380861427545,0.10914874076843262
GOOGL,1d,3,0.55,0.0,10,30,0.40667944539242884,0.866790078920326,0.7161535210349986,0.32611501881174987,2.1960151471846157,0.17142857142857143,-0.15067522652477117,-0.12342087676610614,0.09801101684570312
GOOGL,1d,3,0.55,0.0,12,26,0.5159613202446944,1.3925100684893477,0.70378033025404,0.3124294732613516,2.252605437340791,0.2,-0.0937736748629174,-0.109304855192221,0.0987546443939209
GOOGL,1d,3,0.55,0.0,20,50,0.7142135765234382,2.6444534280371825,0.6987170696904668,0.24845955470784617,2.812196417690842,0.08571428571428572,-0.11793224568404785,-0.03388311851098047,0.09172606468200684
GOOGL,1d,3,0.55,0.25,8,21,0.42049758455898334,0.37484915297312393,0.4548124333514146,0.08140563523879334,5.586989549522938,0.8571428571428571,0.9756684603032699,-0.06783024175011121,0.10205197334289551
GOOGL,1d,3,0.55,0.25,9,21,0.44119610491850153,0.7575893121819923,0.4414049883110832,0.09491555794063562,4.650501960776097,0.8285714285714286,1.0063605384145584,-0.06500884185298506,0.1012425422668457
GOOGL,1d,3,0.55,0.25,10,30,0.3708872629747118,0.2991680305681701,0.52615845813531,0.149053021126432,3.5300086785158413,0.5142857142857142,0.6958922775251699,-0.06008849967422891,0.09702754020690918
GOOGL,1d,3,0.55,0.25,12,26,0.41582816844657444,0.7894442253104006,0.523785800200893,0.14043385765197364,3.729768653788254,0.5428571428571428,0.5575495701938173,-0.06221102444232218,0.09742188453674316
GOOGL,1d,3,0.55,0.25,20,50,0.4715129397611393,2.0843972565583986,0.5045524399415477,0.11181644736342493,4.512327585419124,0.17142857142857143,0.05268526253021422,-0.03388311851098047,0.09153461456298828
GOOGL,1d,3,0.55,0.5,8,21,0.6595031303962883,-0.03920888248784371,0.6855662145837279,0.04566206246636103,15.013912590759134,0.8571428571428571,1.114783536242706,-0.07669564420125896,0.10788822174072266
GOOGL,1d,3,0.55,0.5,9,21,0.6565259639534212,0.305059987938058,0.658605071793006,0.05804728213768337,11.346010485570178,0.8571428571428571,1.1432311430726758,-0.07177540289899831,0.11135983467102051
GOOGL,1d,3,0.55,0.5,10,30,0.5673178073662085,-0.1087041558865175,0.6382238817781638,0.0765088847918532,8.34182701152276,0.5428571428571428,0.7559318451494814,-0.07059799837574188,0.10819482803344727
GOOGL,1d,3,0.55,0.5,12,26,0.5917604492169126,0.32752897622481014,0.6343567103599491,0.07422290285267892,8.546643771384822,0.5428571428571428,0.6276040538388762,-0.07407911604396333,0.1121826171875
GOOGL,1d,3,0.55,0.5,20,50,0.5126873563666892,1.5960516252991392,0.5244400993846133,0.0683063947635751,7.677759911057039,0.17142857142857143,0.052849668469145336,-0.03388311851098047,0.11244487762451172
GOOGL,1d,3,0.55,0.75,8,21,0.8680327813077949,-0.3361528771185044,0.8875539271951928,0.03593663264374971,24.6977488401257,0.8571428571428571,1.2123698118780055,-0.08553200431402641,0.11462736129760742
GOOGL,1d,3,0.55,0.75,9,21,0.852071378814601,-0.03791867172036978,0.8497077256831884,0.04709111668903177,18.04390690699204,0.8571428571428571,1.2393994249602516,-0.07854196394501134,0.10315656661987305
GOOGL,1d,3,0.55,0.75,10,30,0.7443512294695432,-0.3979861824739723,0.7682638383090872,0.05614960444360392,13.682444354184602,0.5428571428571428,0.7914028849340747,-0.08755047990556564,0.09932231903076172
GOOGL,1d,3,0.55,0.75,12,26,0.759658043963306,-0.023307830307355726,0.7635539233917383,0.05981920477089873,12.764360982665512,0.5428571428571428,0.6769302908895314,-0.08755047990556564,0.10206007957458496
GOOGL,1d,3,0.55,0.75,20,50,0.5961559998806003,1.1724615650748662,0.5889664660440709,0.0565750907550727,10.410349469766645,0.17142857142857143,0.05295984531160936,-0.03388311851098047,0.09932971000671387
GOOGL,1d,3,0.55,1.0,8,21,1.039069953656199,-0.546590916433924,1.0531899253948533,0.036147248961686564,29.13610179604975,0.8571428571428571,1.2878860647532036,-0.09433932208841378,0.10647296905517578
GOOGL,1d,3,0.55,1.0,9,21,1.0139718068852372,-0.29597293733392527,1.0066592141812953,0.045106303684429756,22.31748407548597,0.8571428571428571,1.313816832929564,-0.0880019524129444,0.10798025131225586
GOOGL,1d,3,0.55,1.0,10,30,0.8908608497453404,-0.6003335027826343,0.881880980146807,0.0600604282083762,14.6832283161081,0.5428571428571428,0.8172524441659226,-0.12011265640264535,0.10153603553771973
GOOGL,1d,3,0.55,1.0,12,26,0.9004384855790424,-0.28751515244927794,0.8765698324679093,0.06563940136585374,13.354323991807604,0.5428571428571428,0.7152260013467217,-0.12011265640264535,0.11174678802490234
GOOGL,1d,3,0.55,1.0,20,50,0.6757583340543206,0.8070273059486568,0.6531744442891886,0.053858238818537976,12.127660662835606,0.17142857142857143,0.053038537776357905,-0.03388311851098047,0.09449005126953125
GOOGL,1d,3,0.7,0.0,8,21,0.3900300207683371,0.8033872023137987,0.43129728188859007,0.2541842583480501,1.6967898983658627,0.2571428571428571,-0.6524376050123631,-0.10951817760970517,0.10822534561157227
GOOGL,1d,3,0.7,0.0,9,21,0.35985742612044375,0.713680058691254,0.3892263809782381,0.24002942371206196,1.6215777839184917,0.2,-0.511629569943202,-0.10121467263888817,0.1081688404083252
GOOGL,1d,3,0.7,0.0,10,30,0.5527610777976922,1.5453571401108879,0.7219151678786353,0.2971477882754038,2.4294818819568222,0.17142857142857143,-0.19295745614775955,-0.08319331559344612,0.10582566261291504
GOOGL,1d,3,0.7,0.0,12,26,0.5345127896010489,1.4689559431126211,0.682203636965289,0.2766167629618865,2.466241126027804,0.2,-0.23562362679489124,-0.10355995747119084,0.10848426818847656
GOOGL,1d,3,0.7,0.0,20,50,0.7158760736720621,2.661073326952381,0.7139583600346026,0.244023498881767,2.925777080102134,0.08571428571428572,-0.11793224568404785,-0.03388311851098047,0.10005736351013184
GOOGL,1d,3,0.7,0.25,8,21,0.4117902776805056,0.25131476080882775,0.4566531596667874,0.07983645221589677,5.7198578718389,0.8285714285714286,0.9357379467939166,-0.12349842488913565,0.11075973510742188
GOOGL,1d,3,0.7,0.25,9,21,0.39869457275813175,0.1806519013386223,0.4418020967728264,0.0882098854884566,5.008532709529953,0.8285714285714286,0.981222748917277,-0.12349842488913565,0.11255836486816406
GOOGL,1d,3,0.7,0.25,10,30,0.4341162026834033,0.935680393151628,0.5259331188319111,0.12674450696546927,4.149553550081647,0.5142857142857142,0.69781441168903,-0.06377717687363182,0.10975265502929688
GOOGL,1d,3,0.7,0.25,12,26,0.4253441856229105,0.8613118264379405,0.513203183415709,0.11889288527259789,4.3165171930938975,0.5142857142857142,0.5483590378199992,-0.12756517057505512,0.10722780227661133
GOOGL,1d,3,0.7,0.25,20,50,0.4726605602680985,2.099522538947264,0.5154878195236154,0.11773204932537186,4.3784833652133255,0.17142857142857143,0.05268526253021422,-0.03388311851098047,0.09910273551940918
GOOGL,1d,3,0.7,0.5,8,21,0.6614567261232026,-0.14152829377559784,0.6944636937295539,0.04556971641495587,15.239587786893328,0.8571428571428571,1.0907543059864893,-0.1455048888555892,0.11015200614929199
GOOGL,1d,3,0.7,0.5,9,21,0.6451259276310861,-0.19431328008619853,0.6734554945226414,0.05470287540252121,12.311153473508313,0.8571428571428571,1.1274705416230808,-0.1455048888555892,0.11210989952087402
GOOGL,1d,3,0.7,0.5,10,30,0.6171595418078915,0.46005122571816526,0.645061973212832,0.06396603103530916,10.084445803066297,0.5428571428571428,0.7566363649701972,-0.07348661278356317,0.11134552955627441
GOOGL,1d,3,0.7,0.5,12,26,0.6064633696909943,0.3919366976875942,0.6360915732086602,0.06234680381339606,10.202472850292082,0.5428571428571428,0.6213843374256639,-0.15125307587000614,0.1196293830871582
GOOGL,1d,3,0.7,0.5,20,50,0.5135197357450515,1.6088651873554176,0.5319141096563328,0.07099568512563866,7.492203346090998,0.17142857142857143,0.052849668469145336,-0.03388311851098047,0.11572504043579102
GOOGL,1d,3,0.7,0.75,8,21,0.876503342694847,-0.4177771027953724,0.9015098675478688,0.0370927531850661,24.30420473373827,0.8571428571428571,1.1965310384379368,-0.16723406453824818,0.10951852798461914
GOOGL,1d,3,0.7,0.75,9,21,0.8568894223538454,-0.4556456279982728,0.8741304534213761,0.045528836238255654,19.199490381150728,0.8571428571428571,1.227031258096199,-0.16723406453824818,0.12851643562316895
GOOGL,1d,3,0.7,0.75,10,30,0.7916256215471044,0.09223132469612416,0.7803326537223212,0.05080698565575722,15.358766981561667,0.5428571428571428,0.7916929593189381,-0.08755047990556564,0.11585879325866699
GOOGL,1d,3,0.7,0.75,12,26,0.779157174935422,0.03240820807266753,0.7729903908528992,0.05546695209084232,13.936053121990836,0.5428571428571428,0.671801631565169,-0.1746236733560439,0.10352087020874023
GOOGL,1d,3,0.7,0.75,20,50,0.5968976971727227,1.1825804934900455,0.5948873450974035,0.05646340459923112,10.535803664689116,0.17142857142857143,0.05295984531160936,-0.03388311851098047,0.1028597354888916
GOOGL,1d,3,0.7,1.0,8,21,1.0522740136039284,-0.6097392134830912,1.0710270313727295,0.03772298196853736,28.39189733902833,0.8571428571428571,1.277656473581717,-0.18868595193711235,0.1124420166015625
GOOGL,1d,3,0.7,1.0,9,21,1.0299062920397102,-0.6360341630948048,1.0382487166302465,0.044871913465024935,23.1380531039645,0.8571428571428571,1.3033974781332525,-0.18868595193711235,0.10991716384887695
GOOGL,1d,3,0.7,1.0,10,30,0.9377439429466514,-0.18973602688785873,0.8978647191903943,0.058013387692098115,15.476853790296591,0.5428571428571428,0.8173499525838219,-0.12011265640264535,0.10546994209289551
GOOGL,1d,3,0.7,1.0,12,26,0.923826979654562,-0.24065002401675728,0.8915339612416597,0.06509921544848689,13.695003159402619,0.5428571428571428,0.7107596688603559,-0.19767696303316828,0.10644388198852539
GOOGL,1d,3,0.7,1.0,20,50,0.6764563860690408,0.8143825968054734,0.6581800889384982,0.05195253266233265,12.668873974178762,0.17142857142857143,0.053038537776357905,-0.03388311851098047,0.09984922409057617
GOOGL,1d,3,0.85,0.0,8,21,0.38376563785123535,0.800349897731464,0.3964539696295209,0.2408476677018238,1.6460776781128812,0.34285714285714286,-0.4185049656264183,-0.10917990512238318,0.11051225662231445
GOOGL,1d,3,0.85,0.0,9,21,0.2808965529386467,0.45060636365338613,0.36386324398509695,0.25653035200427016,1.4184023104565815,0.3142857142857143,-0.43129017189992286,-0.09861039714192332,0.10796737670898438
GOOGL,1d,3,0.85,0.0,10,30,0.5378317058148381,1.4699492093412228,0.6812556069438306,0.31171790459829646,2.185487573521799,0.14285714285714285,-0.2934618809221322,-0.10418762940388493,0.10583090782165527
GOOGL,1d,3,0.85,0.0,12,26,0.4591573838550835,1.1076065053559248,0.6408051610712954,0.27233208828811983,2.3530284848157197,0.14285714285714285,-0.3777346999720375,-0.09733236273498902,0.11280131340026855
GOOGL,1d,3,0.85,0.0,20,50,0.7189822612749547,2.6877420383891475,0.7507411827838671,0.24507234542437814,3.0633451582790805,0.11428571428571428,-0.048024581694686784,-0.0289293462339143,0.10268497467041016
GOOGL,1d,3,0.85,0.25,8,21,0.4259466558054903,0.2590705629981713,0.4635226335771896,0.07874113848106648,5.886664106192024,0.8571428571428571,0.9396537191199889,-0.10845818887629721,0.1129758358001709
GOOGL,1d,3,0.85,0.25,9,21,0.38025828269103223,-0.04156412676013943,0.4427798115579222,0.08237606117487159,5.375102975826549,0.8,0.8130148094883135,-0.10845818887629721,0.10930800437927246
GOOGL,1d,3,0.85,0.25,10,30,0.4300854665295932,0.8597942527152487,0.5125501337792693,0.12342819544079331,4.152617900219825,0.5428571428571428,0.6642590329237116,-0.06810819361827558,0.1058659553527832
GOOGL,1d,3,0.85,0.25,12,26,0.40330377429852515,0.5254025375889231,0.49828318370239055,0.11078538190132332,4.49773404352401,0.5428571428571428,0.5790139611598264,-0.12150434074411698,0.09941554069519043
GOOGL,1d,3,0.85,0.25,20,50,0.4745151228579773,2.1155132400921093,0.5395161842832443,0.1278002663944354,4.221557587510127,0.2,0.12114201989679439,-0.0289293462339143,0.09532403945922852
GOOGL,1d,3,0.85,0.5,8,21,0.6899993548143535,-0.12632542297513694,0.7233406692671178,0.049470182466868295,14.621750581808776,0.8857142857142857,1.1041266045145555,-0.13084227043211039,0.11218070983886719
GOOGL,1d,3,0.85,0.5,9,21,0.6454754216450851,-0.3727620468773347,0.6909075036099497,0.04762331514435774,14.507757419147378,0.8571428571428571,0.9642777596255038,-0.13084227043211039,0.10431265830993652
GOOGL,1d,3,0.85,0.5,10,30,0.6189406161447373,0.38849134930376317,0.6503398079619869,0.060079542402564516,10.824646492883856,0.5428571428571428,0.7383823967441707,-0.07863410719098285,0.11062049865722656
GOOGL,1d,3,0.85,0.5,12,26,0.6055331883636723,0.09443424125135813,0.641570555969628,0.058738414360041194,10.92250383262096,0.5714285714285714,0.6670744132646493,-0.1453568065978651,0.10934925079345703
GOOGL,1d,3,0.85,0.5,20,50,0.5204747292572982,1.616762313839204,0.5490122595874957,0.07919446608616972,6.932457363752257,0.2,0.1215596411832759,-0.0289293462339143,0.10175108909606934
GOOGL,1d,3,0.85,0.75,8,21,0.9158086570348907,-0.39848302277219727,0.9453735221332428,0.04300860039903592,21.981034336435513,0.8857142857142857,1.2237362611355056,-0.1529443056051707,0.10988163948059082
GOOGL,1d,3,0.85,0.75,9,21,0.8676500507870585,-0.5935547465511983,0.9027588964152382,0.040196938670431545,22.458399228279998,0.8571428571428571,1.073607542033443,-0.1529443056051707,0.11803960800170898
GOOGL,1d,3,0.85,0.75,10,30,0.7972394350809991,0.027725643425029478,0.7970552396080061,0.04329241216902744,18.410968566409448,0.5428571428571428,0.7843689778797792,-0.08912795471300472,0.10984015464782715
GOOGL,1d,3,0.85,0.75,12,26,0.7900193664547599,-0.2217760935571471,0.7908714846579481,0.0505757421850811,15.637367846501725,0.5714285714285714,0.7283442144140099,-0.16888976029623237,0.10198807716369629
GOOGL,1d,3,0.85,0.75,20,50,0.6080217229830474,1.184548378538902,0.6096230408244269,0.06428872149690015,9.482581495322183,0.2,0.12184816801986315,-0.0289293462339143,0.10417342185974121
GOOGL,1d,3,0.85,1.0,8,21,1.0999573394208348,-0.5891051943501886,1.126243304580878,0.04392746452935168,25.63870500261491,0.8857142857142857,1.3174061437943283,-0.1747642943954778,0.11632323265075684
GOOGL,1d,3,0.85,1.0,9,21,1.047975497149906,-0.7393281660329147,1.0753074855234401,0.04232996915316279,25.402982970118604,0.8571428571428571,1.1592321201632707,-0.1747642943954778,0.10950684547424316
GOOGL,1d,3,0.85,1.0,10,30,0.9461677610410132,-0.24593096938554992,0.9227980524340283,0.04790912971667027,19.261423822377118,0.5428571428571428,0.8185079855066626,-0.09958973618434097,0.1098933219909668
GOOGL,1d,3,0.85,1.0,12,26,0.942969772786907,-0.45170320478615356,0.9182911059312696,0.058113826472403436,15.80159424482811,0.5714285714285714,0.775717949353524,-0.19210320183922014,0.1058499813079834
GOOGL,1d,3,0.85,1.0,20,50,0.6908095507013828,0.8122041714081605,0.6717731580700727,0.06016974937068396,11.164632811274023,0.2,0.12205916686152771,-0.0289293462339143,0.09596371650695801
GOOGL,1d,3,1.0,0.0,8,21,0.3444972841817598,0.6529450448904464,0.38894810675253033,0.2510252850409723,1.5494379647414651,0.34285714285714286,-0.3519847753004219,-0.10962531516982199,0.12013626098632812
GOOGL,1d,3,1.0,0.0,9,21,0.31953580439136786,0.5698669760524486,0.3669808036205687,0.2523353605503609,1.4543376038148523,0.2857142857142857,-0.3975208691283545,-0.09436755109443484,0.11158466339111328
GOOGL,1d,3,1.0,0.0,10,30,0.5025480780684319,1.3026684288170518,0.6840206154646352,0.2952434863201602,2.31680171505253,0.14285714285714285,-0.3194162239741601,-0.1281838917987158,0.12556052207946777
GOOGL,1d,3,1.0,0.0,12,26,0.4628289338827604,1.1248600072043868,0.6266269435201715,0.28487012554976543,2.199693429807201,0.14285714285714285,-0.30941961858272377,-0.08067830588739588,0.10806846618652344
GOOGL,1d,3,1.0,0.0,20,50,0.6510610487500134,2.206104778139577,0.7611504168773473,0.2732833346043587,2.7852061230857337,0.11428571428571428,-0.048024581694686784,-0.0289293462339143,0.11624574661254883
GOOGL,1d,3,1.0,0.25,8,21,0.4169409346516899,0.12995962060671729,0.46828828476925527,0.07600022172902834,6.161669980896808,0.8571428571428571,0.9156644977706617,-0.13076879440781208,0.12072467803955078
GOOGL,1d,3,1.0,0.25,9,21,0.3972613313929948,0.06187284722566333,0.4440913968837908,0.07500613695411666,5.920734154799278,0.8571428571428571,0.8602481118642494,-0.08479860177599363,0.11306166648864746
GOOGL,1d,3,1.0,0.25,10,30,0.41740654536013255,0.7051402479198849,0.5139954635977614,0.11498074200600829,4.470274366214324,0.5142857142857142,0.655473306517451,-0.07518101725692916,0.1078195571899414
GOOGL,1d,3,1.0,0.25,12,26,0.40791278367143635,0.5412012368955232,0.49617430578307414,0.11282539606597103,4.397718271628776,0.5714285714285714,0.5873046348882451,-0.0819960701199064,0.11278939247131348
GOOGL,1d,3,1.0,0.25,20,50,0.4389588553961864,1.5796876015928563,0.5592777581191803,0.1483398502313288,3.770246209949746,0.2,0.12114201989679439,-0.0289293462339143,0.1121671199798584
GOOGL,1d,3,1.0,0.5,8,21,0.6916220631253022,-0.2340390506224429,0.7354473651473624,0.048000854218563996,15.32154744160643,0.8857142857142857,1.0823874257446842,-0.15166071961171956,0.1115422248840332
GOOGL,1d,3,1.0,0.5,9,21,0.6640159687759535,-0.287197196162996,0.6994118052137515,0.04316167722556183,16.204463083272763,0.8571428571428571,1.010457713167845,-0.10550199684480743,0.1314544677734375
GOOGL,1d,3,1.0,0.5,10,30,0.6109790634715012,0.25228269651654256,0.6545839818340488,0.05613659856988475,11.660556544393291,0.5428571428571428,0.7328267267347185,-0.09264534667223323,0.1129460334777832
GOOGL,1d,3,1.0,0.5,12,26,0.613257839660903,0.10821584858723354,0.6450887019171201,0.055312436457349054,11.662633997591888,0.5714285714285714,0.6718839139391158,-0.09849271784535507,0.11057829856872559
GOOGL,1d,3,1.0,0.5,20,50,0.508188979062898,1.0616026715506548,0.5659628959358886,0.08859836004129167,6.387961308449942,0.2,0.1215596411832759,-0.0289293462339143,0.11509513854980469
GOOGL,1d,3,1.0,0.75,8,21,0.92361154718838,-0.485161959314523,0.9628407840795574,0.04145946856299886,23.223664399279336,0.8857142857142857,1.2059880781154315,-0.1723010907815451,0.1197054386138916
GOOGL,1d,3,1.0,0.75,9,21,0.8890705441877089,-0.525198465645657,0.9170584869778946,0.03544299784459954,25.874179464128684,0.8571428571428571,1.1201457598679536,-0.12596854739965113,0.11170506477355957
GOOGL,1d,3,1.0,0.75,10,30,0.7911583687215433,-0.08799283222893117,0.8038011864677138,0.0417291290162602,19.262352352346106,0.5428571428571428,0.7798853320899666,-0.1099432022407949,0.10182404518127441
GOOGL,1d,3,1.0,0.75,12,26,0.800101097233898,-0.21018042524642044,0.7983184229622398,0.045136537061149326,17.68674503940582,0.5714285714285714,0.7319188424283208,-0.11485068478107952,0.10174822807312012
GOOGL,1d,3,1.0,0.75,20,50,0.6089224023926118,0.6359503924061858,0.6255403257935181,0.06844434186875134,9.13940157380799,0.2,0.12184816801986315,-0.0289293462339143,0.09579277038574219
GOOGL,1d,3,1.0,1.0,8,21,1.1121901690143492,-0.656893240680759,1.1478513628085412,0.04137984686580427,27.739381601170436,0.8857142857142857,1.3033903856651203,-0.19268990791728835,0.10454678535461426
GOOGL,1d,3,1.0,1.0,9,21,1.0719933625894427,-0.6861991120726315,1.0942353742790307,0.03599444666439489,30.40011656468747,0.8571428571428571,1.2062157735110415,-0.1461982534405235,0.10815811157226562
GOOGL,1d,3,1.0,1.0,10,30,0.941174556397279,-0.3414656230821852,0.9315127816663576,0.046918874864335505,19.85368967946905,0.5428571428571428,0.8146435979428147,-0.12707458396261473,0.10174870491027832
GOOGL,1d,3,1.0,1.0,12,26,0.9548773333908718,-0.4422241102593607,0.9286956784957325,0.053548131260521534,17.343194928268492,0.5714285714285714,0.778631972625413,-0.1310699709270804,0.106170654296875
GOOGL,1d,3,1.0,1.0,20,50,0.7008381403828625,0.28863092579607974,0.6872024910485633,0.06255061688515719,10.986342345915881,0.2,0.12205916686152771,-0.0289293462339143,0.11117124557495117
GOOGL,1d,5,0.0,0.0,8,21,0.4725147610395128,1.168242068752774,0.5730223659177445,0.2635433472635464,2.1743002502913327,0.22857142857142856,-0.3615591863071949,-0.12269407238793772,0.11249446868896484
GOOGL,1d,5,0.0,0.0,9,21,0.5633282137808704,1.5497673335730306,0.6283464378137025,0.2649645194551563,2.371436142113535,0.22857142857142856,-0.2685093127135912,-0.10448723596984022,0.11091446876525879
GOOGL,1d,5,0.0,0.0,10,30,0.488714470089146,1.216994925969907,0.7188512713016708,0.2591308749473746,2.7740857643754655,0.17142857142857143,-0.3169188822327528,-0.13542303887204776,0.10420346260070801
GOOGL,1d,5,0.0,0.0,12,26,0.5427961182443978,1.5323855736426943,0.7182792005920854,0.2657489605615371,2.7028485796307,0.17142857142857143,-0.28634429105805,-0.13873471927222536,0.10660314559936523
GOOGL,1d,5,0.0,0.0,20,50,0.6071084130951063,1.9051444794022374,0.5942502363660314,0.1862132073381301,3.1912357069656103,0.08571428571428572,-0.13243908568105886,-0.04118930339408555,0.10055303573608398
GOOGL,1d,5,0.0,0.25,8,21,0.40176135256343487,0.5673413537946073,0.46182976517592966,0.10016067190292019,4.610889248262571,0.7428571428571429,0.8530605689955609,-0.07120237932801765,0.11137771606445312
GOOGL,1d,5,0.0,0.25,9,21,0.41512498914869367,0.917454240044812,0.47592444985471005,0.10285072562845689,4.627331960437142,0.7428571428571429,0.8425862525296446,-0.07120237932801765,0.11298561096191406
GOOGL,1d,5,0.0,0.25,10,30,0.372602059719966,0.6169409214623363,0.5215359241755266,0.12779780107399433,4.080945992752722,0.42857142857142855,0.4623106141763432,-0.07174490950354351,0.1114804744720459
GOOGL,1d,5,0.0,0.25,12,26,0.40532001185450733,0.9263972761108443,0.5185486737526499,0.13501311264987342,3.840728234281887,0.42857142857142855,0.42141256075662764,-0.0827058710305959,0.1048583984375
GOOGL,1d,5,0.0,0.25,20,50,0.4105484032125354,1.3021860823941847,0.43417393754267036,0.09261890349074171,4.68774646620677,0.17142857142857143,0.03473767848789432,-0.04118930339408555,0.10871720314025879
GOOGL,1d,5,0.0,0.5,8,21,0.587066709110162,0.11945556155782389,0.612876779607576,0.0580402172327929,10.559519051236403,0.7714285714285715,0.9836597579663529,-0.08595738370610173,0.13469696044921875
GOOGL,1d,5,0.0,0.5,9,21,0.5696761406535055,0.42063248268410525,0.6060881113730517,0.060510132869281266,10.01630772621787,0.7714285714285715,0.9716093546675079,-0.08595738370610173,0.10967874526977539
GOOGL,1d,5,0.0,0.5,10,30,0.5121077950613734,0.1636513060679008,0.5871691409594388,0.06337826250180928,9.264519375908684,0.45714285714285713,0.5346582015887448,-0.08708351745752907,0.10992240905761719
GOOGL,1d,5,0.0,0.5,12,26,0.5403207629116372,0.4529036179954682,0.5822351544505177,0.07148399633401903,8.14497208200199,0.45714285714285713,0.5072124102823157,-0.09733142440987574,0.10290002822875977
GOOGL,1d,5,0.0,0.5,20,50,0.46348514257056156,0.8068880745890548,0.47117213727242735,0.07194180363304455,6.549351190522655,0.17142857142857143,0.03545785225182871,-0.04118930339408555,0.10203409194946289
GOOGL,1d,5,0.0,0.75,8,21,0.7585676775273881,-0.21020179307277342,0.7631591733690929,0.0485123019905688,15.731250467509405,0.7714285714285715,1.0610019352828508,-0.10071238808418526,0.10940289497375488
GOOGL,1d,5,0.0,0.75,9,21,0.7236344177736208,0.03580357141989299,0.7445898106341711,0.05413948101435913,13.753175994366984,0.7714285714285715,1.049110569020652,-0.10071238808418526,0.10453629493713379
GOOGL,1d,5,0.0,0.75,10,30,0.6521009218913464,-0.174676562770277,0.6849628447453504,0.04682192963154264,14.629103288470834,0.45714285714285713,0.567314977186372,-0.10242212541151441,0.10947942733764648
GOOGL,1d,5,0.0,0.75,12,26,0.6796851820838521,0.08614503663599016,0.6793775905026845,0.05654575980334928,12.014651370241985,0.45714285714285713,0.5534231584952867,-0.11195697778915503,0.11246824264526367
GOOGL,1d,5,0.0,0.75,20,50,0.5502156845949384,0.403470157630063,0.5423770361968356,0.06955206043280059,7.798144768419426,0.17142857142857143,0.035969574331149584,-0.04118930339408555,0.09406852722167969
GOOGL,1d,5,0.0,1.0,8,21,0.9015773764738508,-0.44976892071254626,0.8904091660919506,0.050094478039016434,17.774597140196754,0.7714285714285715,1.1173556817313521,-0.11844718762851103,0.10479569435119629
GOOGL,1d,5,0.0,1.0,9,21,0.8542028093252881,-0.2578470457137986,0.8636113859736916,0.058317842368084565,14.808699206030942,0.7714285714285715,1.1056047324480556,-0.11844718762851103,0.10379672050476074
GOOGL,1d,5,0.0,1.0,10,30,0.7712445529816481,-0.42395777549772273,0.7745105645264426,0.05246367278607745,14.762797253721406,0.45714285714285713,0.588206559662677,-0.11776073336549964,0.10135173797607422
GOOGL,1d,5,0.0,1.0,12,26,0.7989589817052496,-0.19541558634893808,0.7686757748905881,0.061660156716783945,12.466328595648118,0.45714285714285713,0.5858496551371726,-0.12658253116843476,0.1024620532989502
GOOGL,1d,5,0.0,1.0,20,50,0.6311217569768486,0.07784726678256004,0.6104802375694134,0.07032822293243382,8.680444523046145,0.17142857142857143,0.03635185725673926,-0.04118930339408555,0.09619498252868652
GOOGL,1d,5,0.1,0.0,8,21,0.35127944483032164,0.6741078013174469,0.5549148742635811,0.27564926217681196,2.0131193890431587,0.2,-0.3924436730384162,-0.12269407238793772,0.10470461845397949
GOOGL,1d,5,0.1,0.0,9,21,0.5714001655855172,1.5739412840820588,0.5965142768342797,0.2803082417997503,2.1280654218523627,0.2,-0.29939379944481254,-0.10448723596984022,0.10930228233337402
GOOGL,1d,5,0.1,0.0,10,30,0.44089909435748376,0.9999058847216005,0.7401513266074826,0.2701150973690618,2.7401331277540706,0.17142857142857143,-0.3169188822327528,-0.13542303887204776,0.10306620597839355
GOOGL,1d,5,0.1,0.0,12,26,0.45438736509623,1.0991731798763227,0.7389790413629888,0.26037518082692956,2.8381316491689175,0.17142857142857143,-0.28634429105805,-0.13873471927222536,0.10565948486328125
GOOGL,1d,5,0.1,0.0,20,50,0.6311477152436892,2.0838378675795957,0.6238010146039151,0.18747981655027365,3.327296911647232,0.08571428571428572,-0.13243908568105886,-0.04118930339408555,0.10349106788635254
GOOGL,1d,5,0.1,0.25,8,21,0.35834995214892584,0.13170395988982642,0.4596104785438566,0.10097682904036538,4.551643014657628,0.7428571428571429,0.8252004107941904,-0.07120237932801765,0.10739016532897949
GOOGL,1d,5,0.1,0.25,9,21,0.4217277152128412,0.9376831711263782,0.4664383369577715,0.10689330015687698,4.3635881413823405,0.7428571428571429,0.8147473976041623,-0.07120237932801765,0.11073064804077148
GOOGL,1d,5,0.1,0.25,10,30,0.35671596202088796,0.4210771993793381,0.530060064478397,0.1318530696903395,4.020081335408098,0.42857142857142855,0.4623106141763432,-0.07174490950354351,0.10498881340026855
GOOGL,1d,5,0.1,0.25,12,26,0.36932189030536977,0.5197152821840998,0.5268228980548206,0.13790171789782585,3.82027799280321,0.42857142857142855,0.42141256075662764,-0.0827058710305959,0.10177469253540039
GOOGL,1d,5,0.1,0.25,20,50,0.42576645254130646,1.4764799168986613,0.4529466321263945,0.09322652472959458,4.858559658210744,0.17142857142857143,0.03473767848789432,-0.04118930339408555,0.10080432891845703
GOOGL,1d,5,0.1,0.5,8,21,0.5669910221099073,-0.24492939319322826,0.6175532827123266,0.058217843646071694,10.607628933607824,0.7714285714285715,0.9603473479561885,-0.08595738370610173,0.11648130416870117
GOOGL,1d,5,0.1,0.5,9,21,0.583802833851955,0.436739004585156,0.6055001231884273,0.059454353562752985,10.184285706669622,0.7714285714285715,0.9483112769174871,-0.08595738370610173,0.1199650764465332
GOOGL,1d,5,0.1,0.5,10,30,0.5122808893791838,-0.0037107800343282316,0.5970417488702997,0.06561830583699266,9.098707155796673,0.45714285714285713,0.5346582015887448,-0.08708351745752907,0.11271786689758301
GOOGL,1d,5,0.1,0.5,12,26,0.5218423169327429,0.08954319674141842,0.5928797037739904,0.07708979296258625,7.690767882354163,0.45714285714285713,0.5072124102823157,-0.09733142440987574,0.1224980354309082
GOOGL,1d,5,0.1,0.5,20,50,0.4736613102675987,0.9684913107042201,0.4843793383933496,0.0738735344042143,6.5568723941509015,0.17142857142857143,0.03545785225182871,-0.04118930339408555,0.10380101203918457
GOOGL,1d,5,0.1,0.75,8,21,0.750230839719482,-0.5029621082357165,0.7721816454938445,0.049155942015720794,15.708815940235453,0.7714285714285715,1.042252166000227,-0.10071238808418526,0.12704825401306152
GOOGL,1d,5,0.1,0.75,9,21,0.7432393025623876,0.04821041225993561,0.7489752489707976,0.05242046410182362,14.28784086146124,0.7714285714285715,1.0303720607788067,-0.10071238808418526,0.12914323806762695
GOOGL,1d,5,0.1,0.75,10,30,0.6613984853752874,-0.31167024699672985,0.6968058999690973,0.04736663503385864,14.710901449321998,0.45714285714285713,0.567314977186372,-0.10242212541151441,0.1147468090057373
GOOGL,1d,5,0.1,0.75,12,26,0.6696235322747226,-0.22669465959382618,0.6924901850776286,0.06282435104840244,11.022639685431944,0.45714285714285713,0.5534231584952867,-0.11195697778915503,0.10660219192504883
GOOGL,1d,5,0.1,0.75,20,50,0.5581207585965875,0.5476016016105778,0.5531854996344064,0.07233979720430096,7.647042444314688,0.17142857142857143,0.035969574331149584,-0.04118930339408555,0.12385678291320801
GOOGL,1d,5,0.1,1.0,8,21,0.9010931763530362,-0.6773339624342842,0.9026130512383672,0.051314626390444325,17.58978121307046,0.7714285714285715,1.1024796221903614,-0.11844718762851103,0.12000656127929688
GOOGL,1d,5,0.1,1.0,9,21,0.8780100686838143,-0.2484821717143021,0.8714798397686543,0.05777247054393674,15.084690537959288,0.7714285714285715,1.0907380153628783,-0.11844718762851103,0.11115813255310059
GOOGL,1d,5,0.1,1.0,10,30,0.7869465649473217,-0.5320284824944332,0.7880279547786113,0.05182332723527612,15.20604709923374,0.45714285714285713,0.588206559662677,-0.11776073336549964,0.11613225936889648
GOOGL,1d,5,0.1,1.0,12,26,0.7943455481145537,-0.4568462937759362,0.783783382820452,0.06711301220991546,11.678560639909017,0.45714285714285713,0.5858496551371726,-0.12658253116843476,0.1050257682800293
GOOGL,1d,5,0.1,1.0,20,50,0.6376814689926324,0.20232177310655453,0.6198664275264336,0.0735547118110449,8.42728374925609,0.17142857142857143,0.03635185725673926,-0.04118930339408555,0.0967721939086914
GOOGL,1d,5,0.25,0.0,8,21,0.3769353539635674,0.7720859610320738,0.5696207561977125,0.25695789974952377,2.2167863169529514,0.2,-0.3924436730384162,-0.12269407238793772,0.10756969451904297
GOOGL,1d,5,0.25,0.0,9,21,0.6401086597217338,2.00010268968407,0.5255549292735189,0.30141157263608065,1.7436454900424982,0.2,-0.29939379944481254,-0.10448723596984022,0.11732888221740723
GOOGL,1d,5,0.25,0.0,10,30,0.47480914960373233,1.1443801597714387,0.7384258903009,0.2686338040747948,2.7488196909697282,0.17142857142857143,-0.3169188822327528,-0.13542303887204776,0.10837721824645996
GOOGL,1d,5,0.25,0.0,12,26,0.5359832991177316,1.4959599294576806,0.7116202616775669,0.26009643691880313,2.735986198456538,0.17142857142857143,-0.28634429105805,-0.13873471927222536,0.0990135669708252
GOOGL,1d,5,0.25,0.0,20,50,0.6601636799487941,2.2291110165851604,0.6585449238927161,0.24697339791344797,2.6664609608015506,0.08571428571428572,-0.13243908568105886,-0.04118930339408555,0.0947873592376709
GOOGL,1d,5,0.25,0.25,8,21,0.3771701127721529,0.21769576390563472,0.4705150133075267,0.09248501400778435,5.0874730177142435,0.7428571428571429,0.8252004107941904,-0.07120237932801765,0.12476396560668945
GOOGL,1d,5,0.25,0.25,9,21,0.4554210147746276,1.35685827094539,0.4517620618801118,0.10377204673933263,4.353408033040952,0.7428571428571429,0.8147473976041623,-0.07120237932801765,0.11783075332641602
GOOGL,1d,5,0.25,0.25,10,30,0.3706057741318738,0.5544431373293186,0.5263020495218139,0.13069627896533456,4.026909210333437,0.42857142857142855,0.4623106141763432,-0.07174490950354351,0.1045687198638916
GOOGL,1d,5,0.25,0.25,12,26,0.4108117018801414,0.8902900671451992,0.5160334179383205,0.12863125251421703,4.011726604942183,0.42857142857142855,0.42141256075662764,-0.0827058710305959,0.10072994232177734
GOOGL,1d,5,0.25,0.25,20,50,0.4390588650130051,1.6420259655977092,0.4687065824375537,0.11958935425471807,3.9193002199780853,0.17142857142857143,0.03473767848789432,-0.04118930339408555,0.09796595573425293
GOOGL,1d,5,0.25,0.5,8,21,0.5923708797009809,-0.17341927353627906,0.6407171216900045,0.053070374143268484,12.072971634990328,0.7714285714285715,0.9603473479561885,-0.08595738370610173,0.10837101936340332
GOOGL,1d,5,0.25,0.5,9,21,0.6147316137133801,0.8271814327553342,0.6164668454569686,0.05671339355712117,10.869863480062595,0.7714285714285715,0.9483112769174871,-0.08595738370610173,0.10363936424255371
GOOGL,1d,5,0.25,0.5,10,30,0.5214018411471099,0.1131565031277284,0.6012969757025253,0.06262821620896386,9.601055436358775,0.45714285714285713,0.5346582015887448,-0.08708351745752907,0.10062956809997559
GOOGL,1d,5,0.25,0.5,12,26,0.560666539815174,0.4188703937981708,0.598135712915587,0.07278401212071031,8.217954678337808,0.45714285714285713,0.5072124102823157,-0.09733142440987574,0.10334396362304688
GOOGL,1d,5,0.25,0.5,20,50,0.4840430489847746,1.1472046002478056,0.49543415765165105,0.08359784937136179,5.9263983628432015,0.17142857142857143,0.03545785225182871,-0.04118930339408555,0.10010600090026855
GOOGL,1d,5,0.25,0.75,8,21,0.7818311156485614,-0.4459183683230058,0.8047041089157139,0.047670837143478625,16.88042747170001,0.7714285714285715,1.042252166000227,-0.10071238808418526,0.12245607376098633
GOOGL,1d,5,0.25,0.75,9,21,0.7759399620744336,0.39667718701234,0.7753185552007348,0.051567587370578746,15.034997655195388,0.7714285714285715,1.0303720607788067,-0.10071238808418526,0.13120627403259277
GOOGL,1d,5,0.25,0.75,10,30,0.6690638715132406,-0.2133112522286401,0.7068879980257947,0.04367394509012565,16.185576928465224,0.45714285714285713,0.567314977186372,-0.10242212541151441,0.12120366096496582
GOOGL,1d,5,0.25,0.75,12,26,0.7100390631666846,0.055259520105508386,0.7080357247023655,0.06490638986113346,10.908567341631548,0.45714285714285713,0.5534231584952867,-0.11195697778915503,0.11877989768981934
GOOGL,1d,5,0.25,0.75,20,50,0.5673117755058512,0.7328501899525564,0.5623531850864064,0.07493409950484288,7.504636591383371,0.17142857142857143,0.035969574331149584,-0.04118930339408555,0.10270047187805176
GOOGL,1d,5,0.25,1.0,8,21,0.9378056170451232,-0.6333714635473124,0.9424003969421113,0.05279913324657691,17.84878536814256,0.7714285714285715,1.1024796221903614,-0.11844718762851103,0.10689306259155273
GOOGL,1d,5,0.25,1.0,9,21,0.9128916882262686,0.05142329889851416,0.9088499351858829,0.05863314322191104,15.500617658277754,0.7714285714285715,1.0907380153628783,-0.11844718762851103,0.1086432933807373
GOOGL,1d,5,0.25,1.0,10,30,0.793893019841624,-0.4520120375795691,0.8024957039075711,0.04910300569716007,16.343107565693973,0.45714285714285713,0.588206559662677,-0.11776073336549964,0.10405468940734863
GOOGL,1d,5,0.25,1.0,12,26,0.8367391278900322,-0.2226014081385529,0.8067487572333143,0.07292992403234158,11.061971720628046,0.45714285714285713,0.5858496551371726,-0.12658253116843476,0.10613846778869629
GOOGL,1d,5,0.25,1.0,20,50,0.6460934619890896,0.3882062781914013,0.6278972093460332,0.07279981612330938,8.624983451640755,0.17142857142857143,0.03635185725673926,-0.04118930339408555,0.09904074668884277
GOOGL,1d,5,0.4,0.0,8,21,0.4086869098299849,0.8811277039523926,0.5397425346809599,0.27392539739013294,1.9703997505285793,0.2,-0.3924436730384162,-0.12269407238793772,0.11334776878356934
GOOGL,1d,5,0.4,0.0,9,21,0.5780130117370733,1.6527022437183954,0.477456062911528,0.3186287645160052,1.4984713123335878,0.2,-0.29939379944481254,-0.10448723596984022,0.11065149307250977
GOOGL,1d,5,0.4,0.0,10,30,0.5652360203725264,1.5893613026439932,0.703341711445935,0.26955587175584633,2.609261326286358,0.17142857142857143,-0.3169188822327528,-0.13542303887204776,0.10255002975463867
GOOGL,1d,5,0.4,0.0,12,26,0.5242899705986771,1.4466043107588105,0.6846957865632954,0.26424292434513974,2.5911603433096397,0.17142857142857143,-0.28634429105805,-0.13873471927222536,0.10332131385803223
GOOGL,1d,5,0.4,0.0,20,50,0.6956799606213816,2.464631334976423,0.6710441266458824,0.24925975580111615,2.692147894027896,0.08571428571428572,-0.13243908568105886,-0.04118930339408555,0.1050267219543457
GOOGL,1d,5,0.4,0.25,8,21,0.39803932071110243,0.30784301293516014,0.46721439178727675,0.09340928740343718,5.001798052150483,0.7428571428571429,0.8252004107941904,-0.07120237932801765,0.11744499206542969
GOOGL,1d,5,0.4,0.25,9,21,0.4401819788572465,1.0222382856522878,0.4438760698900083,0.10692439775016876,4.15130764568003,0.7428571428571429,0.8147473976041623,-0.07120237932801765,0.11000752449035645
GOOGL,1d,5,0.4,0.25,10,30,0.4090946450508593,0.9630721076645727,0.5092183680921646,0.12376498632614673,4.114397643532778,0.42857142857142855,0.4623106141763432,-0.07174490950354351,0.10991215705871582
GOOGL,1d,5,0.4,0.25,12,26,0.4077598656392484,0.8366413711819973,0.5080545566862767,0.12757727705607053,3.982327953770212,0.42857142857142855,0.42141256075662764,-0.0827058710305959,0.10982108116149902
GOOGL,1d,5,0.4,0.25,20,50,0.45772287982483667,1.890824854536302,0.4811304845420471,0.11015139681638961,4.367901801046057,0.17142857142857143,0.03473767848789432,-0.04118930339408555,0.10146617889404297
GOOGL,1d,5,0.4,0.5,8,21,0.6227109657704053,-0.10285881809831798,0.6539485660810542,0.05373419444434451,12.170063640916494,0.7714285714285715,0.9603473479561885,-0.08595738370610173,0.11563324928283691
GOOGL,1d,5,0.4,0.5,9,21,0.6194325110052752,0.5217260231068079,0.6252519517364776,0.056969744686472965,10.975158045335931,0.7714285714285715,0.9483112769174871,-0.08595738370610173,0.11445879936218262
GOOGL,1d,5,0.4,0.5,10,30,0.5458419795172653,0.46865575147019634,0.5986094838952638,0.05855204727137269,10.223544893671658,0.45714285714285713,0.5346582015887448,-0.08708351745752907,0.1095118522644043
GOOGL,1d,5,0.4,0.5,12,26,0.5624778076087859,0.36626444220313026,0.604167554357619,0.07195329711447482,8.396662537873874,0.45714285714285713,0.5072124102823157,-0.09733142440987574,0.11009645462036133
GOOGL,1d,5,0.4,0.5,20,50,0.49634020182540717,1.397938127958556,0.5063282669655308,0.07227609234122637,7.005473740543117,0.17142857142857143,0.03545785225182871,-0.04118930339408555,0.09465813636779785
GOOGL,1d,5,0.4,0.75,8,21,0.8204016259621125,-0.3929925778835973,0.8282220968390389,0.04682066143262352,17.689243840155438,0.7714285714285715,1.042252166000227,-0.10071238808418526,0.12215757369995117
GOOGL,1d,5,0.4,0.75,9,21,0.7918847810715862,0.12930952905762316,0.7939800005033091,0.04913396814914733,16.159492717811105,0.7714285714285715,1.0303720607788067,-0.10071238808418526,0.11156368255615234
GOOGL,1d,5,0.4,0.75,10,30,0.6879547283238424,0.0829788734974668,0.7126755274470031,0.044506130103756855,16.012974522510657,0.45714285714285713,0.567314977186372,-0.10242212541151441,0.10510826110839844
GOOGL,1d,5,0.4,0.75,12,26,0.7154651716412954,0.006879638827030465,0.722449721748364,0.06336653916655408,11.401123230818405,0.45714285714285713,0.5534231584952867,-0.11195697778915503,0.11175417900085449
GOOGL,1d,5,0.4,0.75,20,50,0.5769877734431328,0.9769091273341601,0.5725985980338284,0.0637136260364229,8.987066561028772,0.17142857142857143,0.035969574331149584,-0.04118930339408555,0.10334229469299316
GOOGL,1d,5,0.4,1.0,8,21,0.983032369303322,-0.595065814662728,0.9734152274604984,0.050942461342347464,19.108131052382376,0.7714285714285715,1.1024796221903614,-0.11844718762851103,0.1112368106842041
GOOGL,1d,5,0.4,1.0,9,21,0.9367464342170119,-0.17441656975227937,0.9345740532100502,0.05470706119674923,17.083243602666485,0.7714285714285715,1.0907380153628783,-0.11844718762851103,0.13692259788513184
GOOGL,1d,5,0.4,1.0,10,30,0.8096205435687974,-0.21410114365832067,0.8142439028471454,0.05326653931348944,15.286217451730396,0.45714285714285713,0.588206559662677,-0.11776073336549964,0.10548090934753418
GOOGL,1d,5,0.4,1.0,12,26,0.8449516010653394,-0.2651103156286311,0.8270793833724172,0.07069698752831033,11.698933890800035,0.45714285714285713,0.5858496551371726,-0.12658253116843476,0.10088229179382324
GOOGL,1d,5,0.4,1.0,20,50,0.6542515470488034,0.6193296703808739,0.6377129322055751,0.0622642340880638,10.242042507157832,0.17142857142857143,0.03635185725673926,-0.04118930339408555,0.09736514091491699
GOOGL,1d,5,0.55,0.0,8,21,0.3937291979265833,0.8184121383722205,0.5171565651542893,0.2654464293529197,1.9482521065171792,0.2,-0.3827389777379164,-0.1240774620248638,0.11198258399963379
GOOGL,1d,5,0.55,0.0,9,21,0.5658893244363683,1.581033846550942,0.4635467989732264,0.30997486528471063,1.4954335040922129,0.2,-0.25088827458877166,-0.0789882973830417,0.12285709381103516
GOOGL,1d,5,0.55,0.0,10,30,0.5137748723953767,1.328384210837716,0.6865453965306384,0.29139814382502727,2.356039017677755,0.17142857142857143,-0.25985655857370576,-0.10141738895344898,0.10820531845092773
GOOGL,1d,5,0.55,0.0,12,26,0.49959969094561424,1.317789894583549,0.6813841735230659,0.27831414584190284,2.448255626611693,0.17142857142857143,-0.19207212597617018,-0.11086169645404875,0.10276627540588379
GOOGL,1d,5,0.55,0.0,20,50,0.6686837367898425,2.2724537547133346,0.692771241908673,0.2553104084990167,2.7134469212654175,0.08571428571428572,-0.13243908568105886,-0.04118930339408555,0.09889364242553711
GOOGL,1d,5,0.55,0.25,8,21,0.39401694926785824,0.2545074873825188,0.4696577805446308,0.09046419627020255,5.191642659841201,0.8285714285714286,1.029021791093031,-0.07120237932801765,0.11350011825561523
GOOGL,1d,5,0.55,0.25,9,21,0.44332753894191623,0.9601776114636846,0.444096653033344,0.10035700433469404,4.425168487017274,0.8285714285714286,1.0323216661602463,-0.07120237932801765,0.10496830940246582
GOOGL,1d,5,0.55,0.25,10,30,0.3987950863917096,0.7180524235943861,0.5063032140377869,0.12937304554086762,3.913513915677674,0.4857142857142857,0.6150918094601654,-0.05715914058906346,0.11169004440307617
GOOGL,1d,5,0.55,0.25,12,26,0.4024509335972432,0.7189116589955249,0.508980038166926,0.12820132877028265,3.9701619558011068,0.4857142857142857,0.5027463161082496,-0.0827058710305959,0.10167908668518066
GOOGL,1d,5,0.55,0.25,20,50,0.4437129379542274,1.6908526537933493,0.49733763472188813,0.12315981500774327,4.038148601397458,0.17142857142857143,0.03473767848789432,-0.04118930339408555,0.10188484191894531
GOOGL,1d,5,0.55,0.5,8,21,0.6242384365568087,-0.14577824759004554,0.6752078182866619,0.049794524332349134,13.559880877263677,0.8571428571428571,1.1530738293060505,-0.08595738370610173,0.10674381256103516
GOOGL,1d,5,0.55,0.5,9,21,0.6356198544643045,0.4712905881061016,0.6411758728936618,0.05655950357363489,11.336306586547638,0.8571428571428571,1.1493176538566285,-0.08595738370610173,0.10615801811218262
GOOGL,1d,5,0.55,0.5,10,30,0.5606780281125925,0.2507220747556569,0.6069908932257507,0.05939531676799382,10.219507635538669,0.5142857142857142,0.6689382897427426,-0.06958176173836383,0.11261415481567383
GOOGL,1d,5,0.55,0.5,12,26,0.5690369041835697,0.2639657805518947,0.6129545681185868,0.06900174025524103,8.883175494577905,0.5142857142857142,0.5684463772576002,-0.09733142440987574,0.12739062309265137
GOOGL,1d,5,0.55,0.5,20,50,0.49318584642530994,1.1993139432378772,0.518037707552467,0.07895485474094147,6.56118878632858,0.17142857142857143,0.03545785225182871,-0.04118930339408555,0.09592175483703613
GOOGL,1d,5,0.55,0.75,8,21,0.8253891520250722,-0.42607434722502036,0.862090104798973,0.039420526371999824,21.869066299716145,0.8571428571428571,1.2369499396103811,-0.10071238808418526,0.1153566837310791
GOOGL,1d,5,0.55,0.75,9,21,0.8166713395442977,0.09049497658591776,0.8204526199609449,0.04845157870992413,16.93345483896266,0.8571428571428571,1.230889075994161,-0.10071238808418526,0.11950922012329102
GOOGL,1d,5,0.55,0.75,10,30,0.7178776018432312,-0.10277467391636341,0.7285283854337505,0.04682681121201391,15.557932871731376,0.5142857142857142,0.6953418973558334,-0.0820043828876641,0.10126638412475586
GOOGL,1d,5,0.55,0.75,12,26,0.7293795692778693,-0.07867492216102323,0.7367542305575577,0.05748834565207344,12.815714597467897,0.5142857142857142,0.6109417861248788,-0.11195697778915503,0.10787677764892578
GOOGL,1d,5,0.55,0.75,20,50,0.5803272921327214,0.7862450258325377,0.5826824566844283,0.06607969663551612,8.817874269284276,0.17142857142857143,0.035969574331149584,-0.04118930339408555,0.11153817176818848
GOOGL,1d,5,0.55,1.0,8,21,0.9905341812559987,-0.6196622878557516,1.0167526945677112,0.04123127997781804,24.659741223525263,0.8571428571428571,1.3011356822129305,-0.11546739246226934,0.11425995826721191
GOOGL,1d,5,0.55,1.0,9,21,0.9679187748764858,-0.202774086588139,0.968949724819911,0.051364440877834455,18.864212444645663,0.8571428571428571,1.2938433848469895,-0.11546739246226934,0.11102962493896484
GOOGL,1d,5,0.55,1.0,10,30,0.8503594946171193,-0.3667335863196409,0.8356433897868236,0.05842371769177582,14.303153287769213,0.5142857142857142,0.7130573326759629,-0.10217399339879518,0.10351753234863281
GOOGL,1d,5,0.55,1.0,12,26,0.8641955909223893,-0.33446913696031055,0.8455040499816775,0.06407734683602942,13.19505397352481,0.5142857142857142,0.6429374984642665,-0.12658253116843476,0.10121393203735352
GOOGL,1d,5,0.55,1.0,20,50,0.662142325685801,0.44115951890873695,0.6469732849302364,0.06207539069974211,10.42237958774417,0.17142857142857143,0.03635185725673926,-0.04118930339408555,0.09987235069274902
GOOGL,1d,5,0.7,0.0,8,21,0.37900264688066154,0.7588219535156404,0.48781184551444917,0.24819030425498656,1.9654750292472323,0.17142857142857143,-0.6957099026852607,-0.09733236273498902,0.11010479927062988
GOOGL,1d,5,0.7,0.0,9,21,0.4270820584307968,0.9765035710524232,0.4157182676645763,0.2813201225320883,1.4777409590284751,0.17142857142857143,-0.5794346057192505,-0.10206341947260078,0.10440492630004883
GOOGL,1d,5,0.7,0.0,10,30,0.6064174952467266,1.8486029406092181,0.7299916496180826,0.2693656569010772,2.7100397950365562,0.17142857142857143,-0.30196238760796834,-0.07669063338758642,0.0980069637298584
GOOGL,1d,5,0.7,0.0,12,26,0.501473822704594,1.300252669260657,0.6906860856049274,0.25248001289707905,2.7356069800522334,0.17142857142857143,-0.33330492223068675,-0.10846123951824105,0.10352110862731934
GOOGL,1d,5,0.7,0.0,20,50,0.6990920382537739,2.5316233421848375,0.702767187338541,0.25130333906177194,2.796489652554105,0.08571428571428572,-0.13243908568105886,-0.04118930339408555,0.09272527694702148
GOOGL,1d,5,0.7,0.25,8,21,0.40016007166636663,0.2099077247703749,0.4651902123891191,0.08390295260123226,5.544384291218459,0.8285714285714286,0.9797900620834866,-0.12150434074411698,0.12110280990600586
GOOGL,1d,5,0.7,0.25,9,21,0.4110192490556873,0.4123209789149884,0.43441127377088284,0.09706927636922838,4.475270549236258,0.8285714285714286,0.988998031418447,-0.12150434074411698,0.10908055305480957
GOOGL,1d,5,0.7,0.25,10,30,0.44822315279849767,1.2330730629397442,0.5204117949151089,0.11655390991691682,4.464987878022061,0.4857142857142857,0.6533138245247946,-0.06295565002838033,0.11087250709533691
GOOGL,1d,5,0.7,0.25,12,26,0.40947700087321304,0.7040962986655033,0.5120441078754486,0.11387832987161146,4.496413922233814,0.4857142857142857,0.5300964999163208,-0.13238482461065604,0.10779666900634766
GOOGL,1d,5,0.7,0.25,20,50,0.4636372089414169,1.9610493472109836,0.5058238647796347,0.1214203434314845,4.165890578830909,0.17142857142857143,0.03473767848789432,-0.04118930339408555,0.09243130683898926
GOOGL,1d,5,0.7,0.5,8,21,0.6449083420674181,-0.1779303908796438,0.6854676276248327,0.047766105394540216,14.350502766825603,0.8571428571428571,1.134977966409861,-0.1453568065978651,0.10462117195129395
GOOGL,1d,5,0.7,0.5,9,21,0.636775970801907,0.00032615794890467065,0.6524890388196106,0.0592714671166095,11.008484698647946,0.8571428571428571,1.13410451390608,-0.1453568065978651,0.12192678451538086
GOOGL,1d,5,0.7,0.5,10,30,0.6123630167899252,0.7367259000047224,0.6245313839854927,0.05956047530843791,10.485668234702882,0.5428571428571428,0.7104465003314155,-0.07185917090784777,0.1023714542388916
GOOGL,1d,5,0.7,0.5,12,26,0.5916579601359517,0.2522786077240886,0.6263063194095662,0.064805087315033,9.664462241443202,0.5428571428571428,0.6083077044304696,-0.1559917007435816,0.10730433464050293
GOOGL,1d,5,0.7,0.5,20,50,0.5070648725097262,1.4682213752005362,0.5239185534293663,0.07482275464764193,7.002128642504848,0.17142857142857143,0.03545785225182871,-0.04118930339408555,0.0936732292175293
GOOGL,1d,5,0.7,0.75,8,21,0.855980216955904,-0.44844374017895283,0.8818975199942857,0.038559684870813994,22.870973218502574,0.8571428571428571,1.2387873095857633,-0.16888976029623237,0.10658955574035645
GOOGL,1d,5,0.7,0.75,9,21,0.836501624459318,-0.2978231348670928,0.8445981821524076,0.05159941860906159,16.368366251399667,0.8571428571428571,1.2320596965055381,-0.16888976029623237,0.11117100715637207
GOOGL,1d,5,0.7,0.75,10,30,0.7759428660081027,0.3398746308401739,0.750236528723176,0.05022472849966666,14.937592519353396,0.5428571428571428,0.7406635676860199,-0.0820043828876641,0.11858463287353516
GOOGL,1d,5,0.7,0.75,12,26,0.7635337300634119,-0.08733493045621132,0.7575150713625354,0.06043858503751352,12.533633454395973,0.5428571428571428,0.6592607889309146,-0.17928186791701806,0.10785412788391113
GOOGL,1d,5,0.7,0.75,20,50,0.5916592559766788,1.044900759474575,0.5873729136241541,0.06055025220340709,9.700585749023574,0.17142857142857143,0.035969574331149584,-0.04118930339408555,0.10171771049499512
GOOGL,1d,5,0.7,1.0,8,21,1.0286283276288728,-0.6346823107191484,1.04366505512856,0.03932078441606048,26.542325404431082,0.8571428571428571,1.317731215485528,-0.19210320183922014,0.11373782157897949
GOOGL,1d,5,0.7,1.0,9,21,1.0008606286562982,-0.511617200069558,1.002422430641157,0.053335942614293266,18.79450107201297,0.8571428571428571,1.3068002112304111,-0.19210320183922014,0.11054301261901855
GOOGL,1d,5,0.7,1.0,10,30,0.9143222855079929,0.025271201603896287,0.8607668046650284,0.058332381493571984,14.756243147039724,0.5428571428571428,0.7618627161115835,-0.10217399339879518,0.10214996337890625
GOOGL,1d,5,0.7,1.0,12,26,0.9072144988390088,-0.3404761764206702,0.8718176741562086,0.06953106590710112,12.538534578500844,0.5428571428571428,0.6977805877314734,-0.20225532613096497,0.11537432670593262
GOOGL,1d,5,0.7,1.0,20,50,0.6719811745825355,0.6833636510837422,0.6509625760306668,0.05606989603929614,11.609840966611475,0.17142857142857143,0.03635185725673926,-0.04118930339408555,0.09686851501464844
GOOGL,1d,5,0.85,0.0,8,21,0.38303617677624346,0.7988166754581842,0.386303725894908,0.2329383756611807,1.6583945208616209,0.34285714285714286,-0.430001812984825,-0.10917990512238318,0.10784292221069336
GOOGL,1d,5,0.85,0.0,9,21,0.3279109991192812,0.6035900995208117,0.3409824080748495,0.29146315129762207,1.169898858764008,0.3142857142857143,-0.43839261745387964,-0.12013415076720457,0.10757565498352051
GOOGL,1d,5,0.85,0.0,10,30,0.5715500850305641,1.647151496392833,0.6888894249272753,0.29091771435789004,2.3679872036936063,0.14285714285714285,-0.2571389801641838,-0.0800934577151643,0.10479879379272461
GOOGL,1d,5,0.85,0.0,12,26,0.4466007071888898,1.0523886609400104,0.6564958647269529,0.2483096366733531,2.6438597934503907,0.14285714285714285,-0.3382010285760041,-0.09752370619465,0.1027979850769043
GOOGL,1d,5,0.85,0.0,20,50,0.6931520981255965,2.4893460857279006,0.7435012622989464,0.25864363289082287,2.8746165292721075,0.11428571428571428,-0.048024581694686784,-0.0289293462339143,0.10349559783935547
GOOGL,1d,5,0.85,0.25,8,21,0.419005475781408,0.25618898806152046,0.4563018455602882,0.0761753683480298,5.990149512313976,0.8285714285714286,0.931429600294767,-0.117001561278677,0.10618281364440918
GOOGL,1d,5,0.85,0.25,9,21,0.38980473946589583,0.08640342806803059,0.43230926640154327,0.09242607763271518,4.677351646571691,0.8,0.8412710055499306,-0.117001561278677,0.11518311500549316
GOOGL,1d,5,0.85,0.25,10,30,0.43780471400550003,1.0293765276929676,0.5092427191872335,0.11182482879617803,4.553932473399311,0.4857142857142857,0.6733721637719731,-0.06642080994008692,0.1001889705657959
GOOGL,1d,5,0.85,0.25,12,26,0.3984862297536961,0.47528161827369075,0.5020342590395322,0.10677830340611794,4.701650457304118,0.5142857142857142,0.5766873598964495,-0.12174078947330913,0.10743880271911621
GOOGL,1d,5,0.85,0.25,20,50,0.46073327868715525,1.9075070699964605,0.536366612313268,0.1394208728125383,3.847104106387662,0.2,0.12114201989679439,-0.0289293462339143,0.09858846664428711
GOOGL,1d,5,0.85,0.5,8,21,0.6774051502711496,-0.1300563098340738,0.7140888201813478,0.04695866978130972,15.206751458397704,0.8857142857142857,1.0918749335739266,-0.140976284302753,0.11638474464416504
GOOGL,1d,5,0.85,0.5,9,21,0.6434072565024458,-0.2707244209899188,0.677899842511141,0.05036141436755029,13.460699049547282,0.8571428571428571,0.990680495425211,-0.140976284302753,0.10652732849121094
GOOGL,1d,5,0.85,0.5,10,30,0.61457920441544,0.5429293407255269,0.6386265458141004,0.051681385629799945,12.356993490628522,0.5428571428571428,0.7407225754817738,-0.07529140588529093,0.10751819610595703
GOOGL,1d,5,0.85,0.5,12,26,0.6024823930618457,0.051133760039300036,0.6387902584609548,0.061547087408899914,10.378886887319766,0.5714285714285714,0.661625456076905,-0.14563727835871954,0.10379981994628906
GOOGL,1d,5,0.85,0.5,20,50,0.5109644462863708,1.4085754206740195,0.5462752938363981,0.08782213592251464,6.2202460472878505,0.2,0.1215596411832759,-0.0289293462339143,0.09984445571899414
GOOGL,1d,5,0.85,0.75,8,21,0.899207755467061,-0.4025892790662464,0.934061617929286,0.0410225222803738,22.769482859813436,0.8857142857142857,1.2075412823913891,-0.16462985749372483,0.1091756820678711
GOOGL,1d,5,0.85,0.75,9,21,0.8591943633388459,-0.5150183319332626,0.8869858254750991,0.040383193271125904,21.964231989283928,0.8571428571428571,1.0976301002828344,-0.16462985749372483,0.10839033126831055
GOOGL,1d,5,0.85,0.75,10,30,0.7859640886145169,0.16325638371964168,0.7802127238349679,0.04235350639969562,18.42144346850524,0.5428571428571428,0.7799423729468745,-0.08417533343733052,0.10806822776794434
GOOGL,1d,5,0.85,0.75,12,26,0.7876437639508695,-0.2578247680945882,0.7843465319300861,0.0562501305212829,13.943905990286002,0.5714285714285714,0.7204952142494482,-0.1692131728508799,0.10912680625915527
GOOGL,1d,5,0.85,0.75,20,50,0.6003710583673305,0.9831537071577352,0.607048428269563,0.07143471220511864,8.49794741982687,0.2,0.12184816801986315,-0.0289293462339143,0.10981059074401855
GOOGL,1d,5,0.85,1.0,8,21,1.0802777702107815,-0.5932093315248159,1.1131946465814362,0.04301075090141119,25.88177660820407,0.8857142857142857,1.2978434209838983,-0.18796228085159195,0.12634491920471191
GOOGL,1d,5,0.85,1.0,9,21,1.035034775089508,-0.6805438365695291,1.0571903716214492,0.042599852153785096,24.8167615184438,0.8571428571428571,1.181041328911138,-0.18796228085159195,0.11796307563781738
GOOGL,1d,5,0.85,1.0,10,30,0.9299781928755454,-0.1304645531858839,0.9022713342715569,0.052480634165683826,17.192462488601873,0.5428571428571428,0.8086387387055493,-0.0965685765637847,0.10242486000061035
GOOGL,1d,5,0.85,1.0,12,26,0.9409767484200814,-0.48083539464006386,0.909115725676609,0.06350206704466817,14.316317058421506,0.5714285714285714,0.7659633477274936,-0.19246847294979186,0.10315394401550293
GOOGL,1d,5,0.85,1.0,20,50,0.6842771217435768,0.6225246753755485,0.6693265820843204,0.06621707503085077,10.108066261949487,0.2,0.12205916686152771,-0.0289293462339143,0.09823751449584961
GOOGL,1d,5,1.0,0.0,8,21,0.3444972841817598,0.6529450448904464,0.38894810675253033,0.2510252850409723,1.5494379647414651,0.34285714285714286,-0.3519847753004219,-0.10962531516982199,0.11217212677001953
GOOGL,1d,5,1.0,0.0,9,21,0.31953580439136786,0.5698669760524486,0.3669808036205687,0.2523353605503609,1.4543376038148523,0.2857142857142857,-0.3975208691283545,-0.09436755109443484,0.10494112968444824
GOOGL,1d,5,1.0,0.0,10,30,0.5025480780684319,1.3026684288170518,0.6840206154646352,0.2952434863201602,2.31680171505253,0.14285714285714285,-0.3194162239741601,-0.1281838917987158,0.09984922409057617
GOOGL,1d,5,1.0,0.0,12,26,0.4628289338827604,1.1248600072043868,0.6266269435201715,0.28487012554976543,2.199693429807201,0.14285714285714285,-0.30941961858272377,-0.08067830588739588,0.09950590133666992
GOOGL,1d,5,1.0,0.0,20,50,0.6510610487500134,2.206104778139577,0.7611504168773473,0.2732833346043587,2.7852061230857337,0.11428571428571428,-0.048024581694686784,-0.0289293462339143,0.09950089454650879
GOOGL,1d,5,1.0,0.25,8,21,0.4169409346516899,0.12995962060671729,0.46828828476925527,0.07600022172902834,6.161669980896808,0.8571428571428571,0.9156644977706617,-0.13076879440781208,0.11049461364746094
GOOGL,1d,5,1.0,0.25,9,21,0.3972613313929948,0.06187284722566333,0.4440913968837908,0.07500613695411666,5.920734154799278,0.8571428571428571,0.8602481118642494,-0.08479860177599363,0.10477828979492188
GOOGL,1d,5,1.0,0.25,10,30,0.41740654536013255,0.7051402479198849,0.5139954635977614,0.11498074200600829,4.470274366214324,0.5142857142857142,0.655473306517451,-0.07518101725692916,0.09850811958312988
GOOGL,1d,5,1.0,0.25,12,26,0.40791278367143635,0.5412012368955232,0.49617430578307414,0.11282539606597103,4.397718271628776,0.5714285714285714,0.5873046348882451,-0.0819960701199064,0.11083412170410156
GOOGL,1d,5,1.0,0.25,20,50,0.4389588553961864,1.5796876015928563,0.5592777581191803,0.1483398502313288,3.770246209949746,0.2,0.12114201989679439,-0.0289293462339143,0.10140848159790039
GOOGL,1d,5,1.0,0.5,8,21,0.6916220631253022,-0.2340390506224429,0.7354473651473624,0.048000854218563996,15.32154744160643,0.8857142857142857,1.0823874257446842,-0.15166071961171956,0.11240601539611816
GOOGL,1d,5,1.0,0.5,9,21,0.6640159687759535,-0.287197196162996,0.6994118052137515,0.04316167722556183,16.204463083272763,0.8571428571428571,1.010457713167845,-0.10550199684480743,0.11302900314331055
GOOGL,1d,5,1.0,0.5,10,30,0.6109790634715012,0.25228269651654256,0.6545839818340488,0.05613659856988475,11.660556544393291,0.5428571428571428,0.7328267267347185,-0.09264534667223323,0.11111021041870117
GOOGL,1d,5,1.0,0.5,12,26,0.613257839660903,0.10821584858723354,0.6450887019171201,0.055312436457349054,11.662633997591888,0.5714285714285714,0.6718839139391158,-0.09849271784535507,0.10791778564453125
GOOGL,1d,5,1.0,0.5,20,50,0.508188979062898,1.0616026715506548,0.5659628959358886,0.08859836004129167,6.387961308449942,0.2,0.1215596411832759,-0.0289293462339143,0.09786128997802734
GOOGL,1d,5,1.0,0.75,8,21,0.92361154718838,-0.485161959314523,0.9628407840795574,0.04145946856299886,23.223664399279336,0.8857142857142857,1.2059880781154315,-0.1723010907815451,0.11179852485656738
GOOGL,1d,5,1.0,0.75,9,21,0.8890705441877089,-0.525198465645657,0.9170584869778946,0.03544299784459954,25.874179464128684,0.8571428571428571,1.1201457598679536,-0.12596854739965113,0.11288189888000488
GOOGL,1d,5,1.0,0.75,10,30,0.7911583687215433,-0.08799283222893117,0.8038011864677138,0.0417291290162602,19.262352352346106,0.5428571428571428,0.7798853320899666,-0.1099432022407949,0.11116957664489746
GOOGL,1d,5,1.0,0.75,12,26,0.800101097233898,-0.21018042524642044,0.7983184229622398,0.045136537061149326,17.68674503940582,0.5714285714285714,0.7319188424283208,-0.11485068478107952,0.12812256813049316
GOOGL,1d,5,1.0,0.75,20,50,0.6089224023926118,0.6359503924061858,0.6255403257935181,0.06844434186875134,9.13940157380799,0.2,0.12184816801986315,-0.0289293462339143,0.12418365478515625
GOOGL,1d,5,1.0,1.0,8,21,1.1121901690143492,-0.656893240680759,1.1478513628085412,0.04137984686580427,27.739381601170436,0.8857142857142857,1.3033903856651203,-0.19268990791728835,0.11481642723083496
GOOGL,1d,5,1.0,1.0,9,21,1.0719933625894427,-0.6861991120726315,1.0942353742790307,0.03599444666439489,30.40011656468747,0.8571428571428571,1.2062157735110415,-0.1461982534405235,0.11528658866882324
GOOGL,1d,5,1.0,1.0,10,30,0.941174556397279,-0.3414656230821852,0.9315127816663576,0.046918874864335505,19.85368967946905,0.5428571428571428,0.8146435979428147,-0.12707458396261473,0.10780715942382812
GOOGL,1d,5,1.0,1.0,12,26,0.9548773333908718,-0.4422241102593607,0.9286956784957325,0.053548131260521534,17.343194928268492,0.5714285714285714,0.778631972625413,-0.1310699709270804,0.12076711654663086
GOOGL,1d,5,1.0,1.0,20,50,0.7008381403828625,0.28863092579607974,0.6872024910485633,0.06255061688515719,10.986342345915881,0.2,0.12205916686152771,-0.0289293462339143,0.10740995407104492
GOOGL,1d,7,0.0,0.0,8,21,0.5323896611508133,1.4582950151666108,0.5431592659755532,0.277859099026647,1.9548010767985093,0.2,-0.48330002139191786,-0.14116689928231385,0.11156535148620605
GOOGL,1d,7,0.0,0.0,9,21,0.5545175803146727,1.5801053246626604,0.5792041044104944,0.2536340693776667,2.2836210680673457,0.2,-0.3104787383579274,-0.1313885754938907,0.11615228652954102
GOOGL,1d,7,0.0,0.0,10,30,0.6148940232789076,1.8068466297623598,0.6727042230812991,0.23054265675544242,2.9179165042541246,0.17142857142857143,-0.11878553659599468,-0.11955813826058392,0.11980652809143066
GOOGL,1d,7,0.0,0.0,12,26,0.5594937683777845,1.603871050723741,0.632765965943122,0.2640999679120159,2.395933520726235,0.11428571428571428,-0.21325184762539343,-0.13235133506150143,0.10987162590026855
GOOGL,1d,7,0.0,0.0,20,50,0.5554520454382957,1.5623113940868154,0.6312978478308269,0.22469807809004427,2.8095382621734935,0.08571428571428572,-0.0947501705190248,-0.04139254780905599,0.10932779312133789
GOOGL,1d,7,0.0,0.25,8,21,0.40177797983801916,0.83331572327039,0.4444680175335183,0.1057904159998238,4.201401547889352,0.6857142857142857,0.7217099553649918,-0.055699789858513205,0.11203503608703613
GOOGL,1d,7,0.0,0.25,9,21,0.4137934718197766,0.9652107714600726,0.46149502395459663,0.12396454315112578,3.722798569845781,0.6571428571428571,0.7342219270381234,-0.055065803978588845,0.11321353912353516
GOOGL,1d,7,0.0,0.25,10,30,0.4167997777172706,1.1919514178672306,0.4891067000623167,0.11652125665373114,4.197574881257985,0.42857142857142855,0.4323836443793048,-0.035297993809803696,0.10393738746643066
GOOGL,1d,7,0.0,0.25,12,26,0.4018442497706499,0.9795558735281551,0.4678732919503399,0.12481736635266559,3.748463099504807,0.42857142857142855,0.41045834840281625,-0.04771064682923165,0.10074138641357422
GOOGL,1d,7,0.0,0.25,20,50,0.36967342522317265,0.9276419498884989,0.46418952519027484,0.10541510178538163,4.403444262998814,0.17142857142857143,0.07309629179328012,-0.04139254780905599,0.09973597526550293
GOOGL,1d,7,0.0,0.5,8,21,0.5467074789239851,0.349777539301803,0.5746773207743452,0.05876580570805594,9.779110723492817,0.7142857142857143,0.8512067907857345,-0.07880200143940064,0.10543417930603027
GOOGL,1d,7,0.0,0.5,9,21,0.5565204559368278,0.48180428474650494,0.5814286130081089,0.074010750418249,7.856002131073443,0.6857142857142857,0.8566639909505877,-0.07880200143940064,0.10905146598815918
GOOGL,1d,7,0.0,0.5,10,30,0.5257501443119557,0.6968296956696676,0.5532794071766318,0.05997996077954271,9.22440428412781,0.42857142857142855,0.4860336414024998,-0.05123885534330819,0.10799837112426758
GOOGL,1d,7,0.0,0.5,12,26,0.5206279958555459,0.48922325647031806,0.5438068729944654,0.0640246884584091,8.493705882656911,0.42857142857142855,0.4775741542767596,-0.08526786532546282,0.10305929183959961
GOOGL,1d,7,0.0,0.5,20,50,0.42045191654667197,0.42730872243340645,0.49371893850698034,0.07104639049380068,6.949247316794524,0.17142857142857143,0.07370650224443902,-0.04139254780905599,0.10042500495910645
GOOGL,1d,7,0.0,0.75,8,21,0.6927328234053625,-0.019473177411951204,0.7087894891797706,0.049057414252779104,14.448162423065696,0.7142857142857143,0.9247148246929408,-0.11889070772725596,0.11919474601745605
GOOGL,1d,7,0.0,0.75,9,21,0.7015820325083721,0.10565196031179735,0.7102177362345751,0.057557017721903796,12.339376923003707,0.6857142857142857,0.9278717003839686,-0.11889070772725596,0.11020660400390625
GOOGL,1d,7,0.0,0.75,10,30,0.6489182677963432,0.30140386316859225,0.6474310460417426,0.042125530079386374,15.369089595350998,0.42857142857142855,0.512665210766809,-0.06717971687681279,0.11549019813537598
GOOGL,1d,7,0.0,0.75,12,26,0.6497362218561011,0.10814722289877077,0.6446490138933083,0.04790193277828006,13.45768273854721,0.42857142857142855,0.5122029437548925,-0.12742601348579352,0.10681986808776855
GOOGL,1d,7,0.0,0.75,20,50,0.5023212550465737,0.03874053629864216,0.560460936515292,0.06298859981423119,8.897815448640367,0.17142857142857143,0.07413925768452638,-0.04139254780905599,0.10068821907043457
GOOGL,1d,7,0.0,1.0,8,21,0.8170352992882073,-0.2976900744384716,0.8234243355624876,0.05228456364218366,15.748899449514415,0.7142857142857143,0.9770281550344787,-0.1589794140151113,0.11162877082824707
GOOGL,1d,7,0.0,1.0,9,21,0.8252273320816729,-0.18396676885261065,0.8212768824082264,0.054110912813319936,15.17765714360784,0.6857142857142857,0.9789701007755379,-0.1589794140151113,0.11003851890563965
GOOGL,1d,7,0.0,1.0,10,30,0.7564138183523585,-0.01170143643312771,0.7336036164639969,0.04253928791215878,17.24531962027307,0.42857142857142855,0.5305345316161646,-0.08312057841031728,0.10373115539550781
GOOGL,1d,7,0.0,1.0,12,26,0.7615019688328019,-0.1848186623178505,0.7354928701116015,0.05053024774507244,14.55549701284266,0.42857142857142855,0.5359037903947707,-0.16958416164612422,0.10746097564697266
GOOGL,1d,7,0.0,1.0,20,50,0.578884969852709,-0.25823893031840084,0.6253633467456055,0.06115678266558671,10.225576289144804,0.17142857142857143,0.07446208958753324,-0.04139254780905599,0.10164117813110352
GOOGL,1d,7,0.1,0.0,8,21,0.397765706999057,0.8421153977325964,0.5402579073412056,0.2862766910026935,1.887187900100894,0.2,-0.4409745420422396,-0.14116689928231385,0.11559152603149414
GOOGL,1d,7,0.1,0.0,9,21,0.5848350130980802,1.7445125609286984,0.5511972805890066,0.29415810809951154,1.8738129781639083,0.2,-0.267086699201937,-0.1313885754938907,0.11233234405517578
GOOGL,1d,7,0.1,0.0,10,30,0.5509098234350794,1.4863628521667014,0.7213067537831804,0.2523298740367699,2.8585864299130535,0.17142857142857143,-0.11878553659599468,-0.11955813826058392,0.11096000671386719
GOOGL,1d,7,0.1,0.0,12,26,0.44041686327183105,1.0375234439854735,0.6609492287410108,0.27035146506596397,2.444777684410712,0.11428571428571428,-0.20925231136248335,-0.13235133506150143,0.10561823844909668
GOOGL,1d,7,0.1,0.0,20,50,0.5810164600138705,1.813519586310563,0.6415442428212786,0.2139669933024461,2.998332747118826,0.08571428571428572,-0.0947501705190248,-0.04139254780905599,0.1212618350982666
GOOGL,1d,7,0.1,0.25,8,21,0.352200473815709,0.27573883201216254,0.452964275355518,0.10548551120170513,4.294089967383084,0.6857142857142857,0.7384736165105157,-0.055699789858513205,0.11242032051086426
GOOGL,1d,7,0.1,0.25,9,21,0.4298749950704328,1.1135142589626783,0.4538594038051954,0.13851724033866464,3.2765553421042894,0.6571428571428571,0.7470590680054833,-0.055065803978588845,0.10916018486022949
GOOGL,1d,7,0.1,0.25,10,30,0.3956844211311762,0.8820498266260877,0.5125580468188671,0.12737844326374081,4.023899442369543,0.42857142857142855,0.4323836443793048,-0.035297993809803696,0.10560250282287598
GOOGL,1d,7,0.1,0.25,12,26,0.35452523057752827,0.4517235649885325,0.48320166902708434,0.12544855597088397,3.8517913999682323,0.42857142857142855,0.4111152238845533,-0.04310971716513212,0.10244202613830566
GOOGL,1d,7,0.1,0.25,20,50,0.3968967028972723,1.1824911269973968,0.47301447408594643,0.10096439065635078,4.684963391656871,0.17142857142857143,0.07309629179328012,-0.04139254780905599,0.0947728157043457
GOOGL,1d,7,0.1,0.5,8,21,0.5292607368081738,-0.1284795740939314,0.5890125345474212,0.05800005486211539,10.155378920721569,0.7142857142857143,0.8604035332362495,-0.07880200143940064,0.10638213157653809
GOOGL,1d,7,0.1,0.5,9,21,0.5767026571777557,0.6086268325121063,0.584933854129481,0.08048072045203235,7.267999725202632,0.6857142857142857,0.8639126729718237,-0.07880200143940064,0.11340117454528809
GOOGL,1d,7,0.1,0.5,10,30,0.5230077585796462,0.41166562115599814,0.5721244451249128,0.06610247641743754,8.65511363767892,0.42857142857142855,0.4860336414024998,-0.05123885534330819,0.10443758964538574
GOOGL,1d,7,0.1,0.5,12,26,0.49999340568848766,0.021919058571359118,0.5595759713414048,0.06555305846526273,8.536229802884485,0.42857142857142855,0.4780083201195293,-0.08526786532546282,0.10322427749633789
GOOGL,1d,7,0.1,0.5,20,50,0.44128841268144664,0.6719509344513301,0.5005281131375003,0.07170711629894773,6.980173502596219,0.17142857142857143,0.07370650224443902,-0.04139254780905599,0.0965414047241211
GOOGL,1d,7,0.1,0.75,8,21,0.6919270671149151,-0.4130400590241641,0.7270725051725757,0.04928674126702567,14.751888367572182,0.7142857142857143,0.9313331026363166,-0.11889070772725596,0.11804819107055664
GOOGL,1d,7,0.1,0.75,9,21,0.7261713985563896,0.20970991712637765,0.7203960038119311,0.06052715366950754,11.902030082984941,0.6857142857142857,0.9331475730819853,-0.11889070772725596,0.11491513252258301
GOOGL,1d,7,0.1,0.75,10,30,0.656423835356312,0.04866151021165943,0.6657289053658648,0.044860439890409685,14.839999496041168,0.42857142857142855,0.512665210766809,-0.06717971687681279,0.09763550758361816
GOOGL,1d,7,0.1,0.75,12,26,0.6425315633749878,-0.2896708241080267,0.6624080835366559,0.050000179464869336,13.248114119311731,0.42857142857142855,0.5125544009975057,-0.12742601348579352,0.11747884750366211
GOOGL,1d,7,0.1,0.75,20,50,0.5199084715983725,0.2635963048273515,0.56635101565341,0.06622357927275165,8.552105184783342,0.17142857142857143,0.07413925768452638,-0.04139254780905599,0.12331438064575195
GOOGL,1d,7,0.1,1.0,8,21,0.8274594083844228,-0.6105534035449055,0.8446349263608918,0.053633742628496704,15.748200385928689,0.7142857142857143,0.982291645790751,-0.1589794140151113,0.13375258445739746
GOOGL,1d,7,0.1,1.0,9,21,0.85351636181789,-0.10148465404542784,0.8362398469890225,0.05584470858360342,14.974379277798777,0.6857142857142857,0.9831937392077212,-0.1589794140151113,0.10961627960205078
GOOGL,1d,7,0.1,1.0,10,30,0.7710420987959153,-0.22896411042641396,0.7520866576997394,0.04275126073982921,17.592151545581387,0.42857142857142855,0.5305345316161646,-0.08312057841031728,0.0989692211151123
GOOGL,1d,7,0.1,1.0,12,26,0.7632329917239816,-0.5127634580848643,0.7551150699726362,0.05259099452044412,14.358258041290592,0.42857142857142855,0.5362120408714556,-0.16958416164612422,0.10318160057067871
GOOGL,1d,7,0.1,1.0,20,50,0.5944212430751351,-0.059077791851651296,0.6306819864603842,0.0655581311995439,9.620194702328122,0.17142857142857143,0.07446208958753324,-0.04139254780905599,0.09845471382141113
GOOGL,1d,7,0.25,0.0,8,21,0.4021710768715572,0.8676338368114809,0.5362277602250691,0.2661384378900732,2.0148452229457914,0.2,-0.4409745420422396,-0.14116689928231385,0.12795758247375488
GOOGL,1d,7,0.25,0.0,9,21,0.6169967291004015,1.9890453109599888,0.4866178540742544,0.2858427763341751,1.702396892147996,0.2,-0.267086699201937,-0.1313885754938907,0.12648510932922363
GOOGL,1d,7,0.25,0.0,10,30,0.5472850921181592,1.467695327176708,0.7310556283175736,0.2788198083428275,2.621964460353879,0.17142857142857143,-0.11878553659599468,-0.11955813826058392,0.10587501525878906
GOOGL,1d,7,0.25,0.0,12,26,0.5312661974563597,1.4673869508025081,0.6600348871542259,0.26684797596189924,2.473449104401175,0.11428571428571428,-0.20925231136248335,-0.13235133506150143,0.10750651359558105
GOOGL,1d,7,0.25,0.0,20,50,0.5996935327226077,1.834982638044262,0.6827998903636887,0.26580831853159265,2.5687679532968963,0.08571428571428572,-0.0947501705190248,-0.04139254780905599,0.09838318824768066
GOOGL,1d,7,0.25,0.25,8,21,0.3706796831244278,0.2969673683102714,0.44738830381010486,0.09605262247297515,4.657741686709071,0.6857142857142857,0.7384736165105157,-0.055699789858513205,0.11798691749572754
GOOGL,1d,7,0.25,0.25,9,21,0.45084535523069486,1.3652945930343439,0.43957260903888135,0.12510125904712976,3.5137344930579784,0.6571428571428571,0.7470590680054833,-0.055065803978588845,0.10705137252807617
GOOGL,1d,7,0.25,0.25,10,30,0.3937601425879735,0.8657279322995999,0.5144174170503111,0.1385706665025898,3.7123110542352546,0.42857142857142855,0.4323836443793048,-0.035297993809803696,0.11742091178894043
GOOGL,1d,7,0.25,0.25,12,26,0.4005045011373224,0.8545551123146655,0.4846706035087993,0.11980289227834154,4.04556679969587,0.42857142857142855,0.4111152238845533,-0.04310971716513212,0.10725712776184082
GOOGL,1d,7,0.25,0.25,20,50,0.401826578673226,1.2235842455902461,0.4931087877901092,0.1281579689716024,3.8476638772215064,0.17142857142857143,0.07309629179328012,-0.04139254780905599,0.10230731964111328
GOOGL,1d,7,0.25,0.5,8,21,0.5653122643656385,-0.11181627176054765,0.6024488000743706,0.05480408372327543,10.992772055388075,0.7142857142857143,0.8604035332362495,-0.07880200143940064,0.11150121688842773
GOOGL,1d,7,0.25,0.5,9,21,0.5993221542770033,0.8543879012369735,0.5977950906298136,0.07233363307050275,8.264414011213148,0.6857142857142857,0.8639126729718237,-0.07880200143940064,0.11072564125061035
GOOGL,1d,7,0.25,0.5,10,30,0.5216370864152772,0.39823304156791717,0.5818946602756674,0.0721981602034398,8.059688205849096,0.42857142857142855,0.4860336414024998,-0.05123885534330819,0.11301803588867188
GOOGL,1d,7,0.25,0.5,12,26,0.5412864751142729,0.38086818690975743,0.5719361130883087,0.06399229583387801,8.937577651113454,0.42857142857142855,0.4780083201195293,-0.08526786532546282,0.11097383499145508
GOOGL,1d,7,0.25,0.5,20,50,0.4511155795174141,0.7299819208710068,0.5136205236856048,0.08408483850833487,6.1083607080329045,0.17142857142857143,0.07370650224443902,-0.04139254780905599,0.10011076927185059
GOOGL,1d,7,0.25,0.75,8,21,0.7410200200753122,-0.40056815493015496,0.7543465566193984,0.048986893553621985,15.398946573202817,0.7142857142857143,0.9313331026363166,-0.11889070772725596,0.10968661308288574
GOOGL,1d,7,0.25,0.75,9,21,0.7523967623122618,0.44003446690067705,0.7498941266465545,0.05428739381770598,13.813411805412079,0.6857142857142857,0.9331475730819853,-0.11889070772725596,0.11627364158630371
GOOGL,1d,7,0.25,0.75,10,30,0.6556606903080139,0.038159635868599606,0.6817915386406316,0.048133915847184766,14.164472734883628,0.42857142857142855,0.512665210766809,-0.06717971687681279,0.1046288013458252
GOOGL,1d,7,0.25,0.75,12,26,0.6850366822107901,0.018226766279294537,0.6825058920741439,0.05519301211737946,12.365802587882913,0.42857142857142855,0.5125544009975057,-0.12742601348579352,0.10358476638793945
GOOGL,1d,7,0.25,0.75,20,50,0.5345241610970715,0.33446722280729446,0.5768085944580297,0.0718701896010617,8.025700191689891,0.17142857142857143,0.07413925768452638,-0.04139254780905599,0.10484814643859863
GOOGL,1d,7,0.25,1.0,8,21,0.8866572602194845,-0.6016108292409319,0.8825094533882364,0.05394402787239329,16.35972485176389,0.7142857142857143,0.982291645790751,-0.1589794140151113,0.11342716217041016
GOOGL,1d,7,0.25,1.0,9,21,0.8830397262559969,0.10733938585106095,0.8777210620831759,0.05007984646435366,17.526432767878575,0.6857142857142857,0.9831937392077212,-0.1589794140151113,0.11045384407043457
GOOGL,1d,7,0.25,1.0,10,30,0.7707380962189504,-0.23678588698142367,0.7729851489859441,0.044310739868367796,17.444645503149378,0.42857142857142855,0.5305345316161646,-0.08312057841031728,0.11711335182189941
GOOGL,1d,7,0.25,1.0,12,26,0.807653748964851,-0.25669229030092244,0.7809749191018303,0.06193385533918577,12.609822444037398,0.42857142857142855,0.5362120408714556,-0.16958416164612422,0.11023855209350586
GOOGL,1d,7,0.25,1.0,20,50,0.612753167195689,0.020049263522105454,0.6396594869012304,0.06770073090188779,9.448339454831409,0.17142857142857143,0.07446208958753324,-0.04139254780905599,0.09972190856933594
GOOGL,1d,7,0.4,0.0,8,21,0.35100920628662746,0.6496951736236427,0.5079025205362379,0.29584333601887103,1.7167955424347978,0.2,-0.4409745420422396,-0.14116689928231385,0.10703325271606445
GOOGL,1d,7,0.4,0.0,9,21,0.6513501573038686,2.236345075135034,0.43007656527248644,0.31071612741680305,1.3841462586702815,0.2,-0.267086699201937,-0.1313885754938907,0.11369061470031738
GOOGL,1d,7,0.4,0.0,10,30,0.6126652739140758,1.8229043789645454,0.6939036954882883,0.30921360310777746,2.2440917492443755,0.17142857142857143,-0.11878553659599468,-0.11955813826058392,0.1088416576385498
GOOGL,1d,7,0.4,0.0,12,26,0.5374663368015332,1.512805828677918,0.6298664500391318,0.3025695618388651,2.0817244345767016,0.11428571428571428,-0.20925231136248335,-0.13235133506150143,0.10510683059692383
GOOGL,1d,7,0.4,0.0,20,50,0.6353324294362245,2.043493662717086,0.7143384013507943,0.2604822435360108,2.7423688910758304,0.08571428571428572,-0.0947501705190248,-0.04139254780905599,0.09840035438537598
GOOGL,1d,7,0.4,0.25,8,21,0.36142405458269056,0.09342620018475745,0.4453514326043918,0.0987130347731557,4.511576749998794,0.6857142857142857,0.7384736165105157,-0.055699789858513205,0.10522937774658203
GOOGL,1d,7,0.4,0.25,9,21,0.47306508224538263,1.6243496121583738,0.42388507696689876,0.11639913428588618,3.641651457009989,0.6571428571428571,0.7470590680054833,-0.055065803978588845,0.10909056663513184
GOOGL,1d,7,0.4,0.25,10,30,0.42190365959604825,1.2046582715184884,0.4951310612594231,0.14147145150078116,3.4998655630297897,0.42857142857142855,0.4323836443793048,-0.035297993809803696,0.10558557510375977
GOOGL,1d,7,0.4,0.25,12,26,0.40667124188225745,0.8960506454484176,0.47712072335716443,0.13873423969605914,3.439098555644569,0.42857142857142855,0.4111152238845533,-0.04310971716513212,0.1070551872253418
GOOGL,1d,7,0.4,0.25,20,50,0.42124783911956165,1.436355240654526,0.5149006667936213,0.11529720370262456,4.465855634466705,0.17142857142857143,0.07309629179328012,-0.04139254780905599,0.11528229713439941
GOOGL,1d,7,0.4,0.5,8,21,0.5820682477429724,-0.29080234839485464,0.6200595357722851,0.05421938261194106,11.436123133495911,0.7142857142857143,0.8604035332362495,-0.07880200143940064,0.11097359657287598
GOOGL,1d,7,0.4,0.5,9,21,0.6285790720779417,1.112653660268328,0.6035820336883005,0.06398442889313721,9.43326437587441,0.6857142857142857,0.8639126729718237,-0.07880200143940064,0.11884737014770508
GOOGL,1d,7,0.4,0.5,10,30,0.5394752601568538,0.7061014505276051,0.5786787213677445,0.0730048119089574,7.9265832790501705,0.42857142857142855,0.4860336414024998,-0.05123885534330819,0.1078946590423584
GOOGL,1d,7,0.4,0.5,12,26,0.5504026557277012,0.41681033038551374,0.5790191278132608,0.07476792441246725,7.744218290974942,0.42857142857142855,0.4780083201195293,-0.08526786532546282,0.11160564422607422
GOOGL,1d,7,0.4,0.5,20,50,0.464138626462245,0.9368764350265542,0.5307573487740794,0.0709828425778359,7.477262525688232,0.17142857142857143,0.07370650224443902,-0.04139254780905599,0.10938811302185059
GOOGL,1d,7,0.4,0.75,8,21,0.7738392528001262,-0.5506543197442194,0.7843597317536217,0.0439682383072391,17.839234910271166,0.7142857142857143,0.9313331026363166,-0.11889070772725596,0.10804104804992676
GOOGL,1d,7,0.4,0.75,9,21,0.7882231905470527,0.688178421416825,0.7686031912192582,0.047404208572025285,16.21381759915796,0.6857142857142857,0.9331475730819853,-0.11889070772725596,0.11760449409484863
GOOGL,1d,7,0.4,0.75,10,30,0.6695685515960352,0.3076288042362254,0.6880845449459606,0.04884360210484821,14.087506148070545,0.42857142857142855,0.512665210766809,-0.06717971687681279,0.11269927024841309
GOOGL,1d,7,0.4,0.75,12,26,0.6967434180327021,0.04812301496954485,0.6981253139923678,0.05632609582243405,12.394349436062145,0.42857142857142855,0.5125544009975057,-0.12742601348579352,0.10494804382324219
GOOGL,1d,7,0.4,0.75,20,50,0.5449698178264066,0.5285353017433416,0.5920119181850759,0.05947233295447616,9.954408861650657,0.17142857142857143,0.07413925768452638,-0.04139254780905599,0.10446310043334961
GOOGL,1d,7,0.4,1.0,8,21,0.9311954095823635,-0.7225032191176451,0.9215808867431659,0.04636054968401463,19.87855823592471,0.7142857142857143,0.982291645790751,-0.1589794140151113,0.11188459396362305
GOOGL,1d,7,0.4,1.0,9,21,0.9242091976159245,0.33882968467405483,0.9057467647246286,0.04498159154611417,20.135943028962778,0.6857142857142857,0.9831937392077212,-0.1589794140151113,0.11631250381469727
GOOGL,1d,7,0.4,1.0,10,30,0.7824520029775852,-0.007933947950527487,0.7859755688333787,0.04530691883554501,17.34780446417713,0.42857142857142855,0.5305345316161646,-0.08312057841031728,0.10310125350952148
GOOGL,1d,7,0.4,1.0,12,26,0.8214409188002807,-0.2326367286632376,0.8025661558405932,0.05648542462953017,14.208376074082258,0.42857142857142855,0.5362120408714556,-0.16958416164612422,0.10162544250488281
GOOGL,1d,7,0.4,1.0,20,50,0.6217170663125076,0.1969007656014905,0.653683220172724,0.056309129604522314,11.608831902815012,0.17142857142857143,0.07446208958753324,-0.04139254780905599,0.0938422679901123
GOOGL,1d,7,0.55,0.0,8,21,0.33664475602267113,0.5965352376601645,0.4836318077537629,0.2942811844320055,1.6434343523770456,0.2,-0.471965237915834,-0.08856425767886666,0.1136934757232666
GOOGL,1d,7,0.55,0.0,9,21,0.6663683635854015,2.31074031760295,0.42177020176128555,0.317211934829787,1.3296164344749626,0.2,-0.30485725569642663,-0.08509274513086074,0.10925865173339844
GOOGL,1d,7,0.55,0.0,10,30,0.5435863385860054,1.4558002778012549,0.6822797232372586,0.2901375625951998,2.351573223178882,0.17142857142857143,-0.09356218393398308,-0.094757422297718,0.12138772010803223
GOOGL,1d,7,0.55,0.0,12,26,0.4941109174661895,1.2873879435659519,0.6603145219156196,0.26095113932881936,2.530414404834502,0.11428571428571428,-0.20616038925404104,-0.10427172756175918,0.10580301284790039
GOOGL,1d,7,0.55,0.0,20,50,0.6488286788064646,2.131674495536964,0.7319034578945026,0.27769054628347534,2.635680139961813,0.08571428571428572,-0.0947501705190248,-0.04139254780905599,0.09860777854919434
GOOGL,1d,7,0.55,0.25,8,21,0.35688010332421694,0.05224664433636694,0.44703453962847456,0.09858184238694719,4.534653936308098,0.7428571428571429,0.9742604902119825,-0.061792577659035564,0.11394858360290527
GOOGL,1d,7,0.55,0.25,9,21,0.4861347512142381,1.7102266944902698,0.42765944904104564,0.1143526059477814,3.7398312482387537,0.7142857142857143,0.9475524432834466,-0.061792577659035564,0.10670852661132812
GOOGL,1d,7,0.55,0.25,10,30,0.4031283177480122,0.8495221893048521,0.4929454555310625,0.1257927755293519,3.918710382664551,0.4857142857142857,0.5758128249303095,-0.0289293462339143,0.10775923728942871
GOOGL,1d,7,0.55,0.25,12,26,0.3935895992509764,0.6901549943143983,0.4915099719674331,0.11707933602220921,4.198093264503966,0.45714285714285713,0.4910941414112444,-0.07199075861171922,0.10624861717224121
GOOGL,1d,7,0.55,0.25,20,50,0.42947559825983433,1.5271833665988832,0.5281254578172973,0.1300751858236324,4.060155320734095,0.17142857142857143,0.07309629179328012,-0.04139254780905599,0.10170793533325195
GOOGL,1d,7,0.55,0.5,8,21,0.5834095601900092,-0.32046152846852227,0.6426836727881156,0.05459586378204686,11.771654998513894,0.8285714285714286,1.0925246979038594,-0.07466637456274261,0.1133265495300293
GOOGL,1d,7,0.55,0.5,9,21,0.6561636698769584,1.2060394385241469,0.6237208908373857,0.0648441341252701,9.618771215796347,0.8,1.056956090378921,-0.07466637456274261,0.10930371284484863
GOOGL,1d,7,0.55,0.5,10,30,0.5495170231122211,0.3792920390634176,0.5889302730388165,0.05861657655233234,10.04716255499884,0.4857142857142857,0.6168162648880724,-0.03304991242558153,0.1139378547668457
GOOGL,1d,7,0.55,0.5,12,26,0.5527229789906756,0.23794253083147132,0.5966534487044873,0.06159859127113179,9.686154121256816,0.4857142857142857,0.5476778824242445,-0.08447414680194665,0.10434556007385254
GOOGL,1d,7,0.55,0.5,20,50,0.4689281662984902,1.0261877846348963,0.5399687021880661,0.08029511800907328,6.724801153253802,0.17142857142857143,0.07370650224443902,-0.04139254780905599,0.09668874740600586
GOOGL,1d,7,0.55,0.75,8,21,0.7789165890226154,-0.5706688680662202,0.8210707006008212,0.041067625357054834,19.993137987944877,0.8285714285714286,1.1702147440807016,-0.08754017146644943,0.11470222473144531
GOOGL,1d,7,0.55,0.75,9,21,0.8262966648579607,0.7853053407365038,0.8001309857584491,0.048042754847909534,16.654560886265767,0.8,1.1322141302057984,-0.08754017146644943,0.10875153541564941
GOOGL,1d,7,0.55,0.75,10,30,0.6964800483111847,0.018045024473450688,0.706463044190846,0.03977917091023013,17.759622134536816,0.4857142857142857,0.63858220467094,-0.045960294138071345,0.10587930679321289
GOOGL,1d,7,0.55,0.75,12,26,0.70775642988916,-0.10148411454825157,0.7194778141734741,0.048435833631429025,14.854246540863079,0.4857142857142857,0.5812973879858161,-0.09695753499217374,0.10512948036193848
GOOGL,1d,7,0.55,0.75,20,50,0.5485383941565277,0.6134142707576467,0.5999268309111002,0.06521753171585806,9.198858269044612,0.17142857142857143,0.07413925768452638,-0.04139254780905599,0.10520005226135254
GOOGL,1d,7,0.55,1.0,8,21,0.9389981154563115,-0.7351635180910995,0.968877618045101,0.039765804424219446,24.364592445035615,0.8285714285714286,1.2290314051167204,-0.10041396837015648,0.1109004020690918
GOOGL,1d,7,0.55,1.0,9,21,0.9702820038964594,0.43635435312547033,0.9459038178713302,0.043510012788825,21.739911281163163,0.8,1.1900593198627456,-0.10041396837015648,0.10925006866455078
GOOGL,1d,7,0.55,1.0,10,30,0.8213179597582692,-0.25674567903435297,0.8103461933527629,0.0450747737593543,17.97782053613953,0.4857142857142857,0.6538595080620215,-0.07046423685888226,0.10691189765930176
GOOGL,1d,7,0.55,1.0,12,26,0.8385197422958829,-0.35397143957053123,0.8270163771236552,0.05241526272046132,15.778159532162627,0.4857142857142857,0.6059940322672368,-0.10944092318240117,0.10390043258666992
GOOGL,1d,7,0.55,1.0,20,50,0.624663047458691,0.2754321551842851,0.6610217667852675,0.05979594210941986,11.054625840256382,0.17142857142857143,0.07446208958753324,-0.04139254780905599,0.09956026077270508
GOOGL,1d,7,0.7,0.0,8,21,0.40916243205426345,0.8642020010649021,0.4719331411436247,0.2457250551283705,1.920573955704597,0.17142857142857143,-0.8268956417620092,-0.09122941489755365,0.10717439651489258
GOOGL,1d,7,0.7,0.0,9,21,0.5154457509207878,1.4018751308493318,0.38301541015493423,0.28288400891976534,1.3539662832746735,0.17142857142857143,-0.6306122639357375,-0.09012998932925487,0.10783076286315918
GOOGL,1d,7,0.7,0.0,10,30,0.6054594417584697,1.8199218525601721,0.7302177314694446,0.25910455599333515,2.8182357838903753,0.17142857142857143,-0.14531930474875127,-0.08927571880018792,0.10932207107543945
GOOGL,1d,7,0.7,0.0,12,26,0.530987778591117,1.4390179939323944,0.7151983321451152,0.2352502739784308,3.04015940151759,0.11428571428571428,-0.3562672659762051,-0.10025976583792306,0.10504484176635742
GOOGL,1d,7,0.7,0.0,20,50,0.6777915761931009,2.3670690782504926,0.7272722435243386,0.27894308772567555,2.6072423928983284,0.08571428571428572,-0.0947501705190248,-0.04139254780905599,0.10599541664123535
GOOGL,1d,7,0.7,0.25,8,21,0.397404689600065,0.29763353582841456,0.45029593906385096,0.0841767462369997,5.349410130394473,0.7714285714285715,0.94155491379979,-0.11260415653102818,0.10770511627197266
GOOGL,1d,7,0.7,0.25,9,21,0.4397967112991351,0.8148058572798487,0.424017238684843,0.10230393229111769,4.144681726194579,0.7428571428571429,0.9616904252964458,-0.11260415653102818,0.10985922813415527
GOOGL,1d,7,0.7,0.25,10,30,0.4421994227569677,1.2104812108989957,0.5158760315438116,0.10748619836483288,4.7994629951727354,0.4857142857142857,0.6100712376215259,-0.06295565002838033,0.10563254356384277
GOOGL,1d,7,0.7,0.25,12,26,0.41550944007115465,0.831846195482332,0.5156670683098477,0.10767516834391314,4.789099253254135,0.45714285714285713,0.52496257961388,-0.12225002286384345,0.11342835426330566
GOOGL,1d,7,0.7,0.25,20,50,0.449139256172943,1.7644812333471789,0.5284774614651133,0.12466409239144195,4.239211559056701,0.17142857142857143,0.07309629179328012,-0.04139254780905599,0.10714244842529297
GOOGL,1d,7,0.7,0.5,8,21,0.6266122289568004,-0.10912015991067547,0.6617189297103903,0.04904161903449424,13.49300742385685,0.8571428571428571,1.1032985652037195,-0.13479954817359252,0.10948777198791504
GOOGL,1d,7,0.7,0.5,9,21,0.6471167814819573,0.3631549845185733,0.640830401609732,0.06010200198891273,10.662380293554094,0.8285714285714286,1.1088608739952284,-0.13479954817359252,0.1216268539428711
GOOGL,1d,7,0.7,0.5,10,30,0.5993611819935599,0.7205989215225068,0.6174348855638787,0.05257016658092177,11.744967264150764,0.5142857142857142,0.6554459081536104,-0.07185917090784777,0.11454248428344727
GOOGL,1d,7,0.7,0.5,12,26,0.5860979926044131,0.36416785376012406,0.6204887781836156,0.05922390277885855,10.476999134969446,0.5142857142857142,0.5902988225935807,-0.14396995843374039,0.10864019393920898
GOOGL,1d,7,0.7,0.5,20,50,0.49000809624617875,1.2543718789479632,0.5413096950785186,0.07214634966892841,7.502939477361345,0.17142857142857143,0.07370650224443902,-0.04139254780905599,0.11549878120422363
GOOGL,1d,7,0.7,0.75,8,21,0.8276328226410355,-0.39702682558897484,0.8510201648201446,0.04014077271078087,21.200891446506226,0.8571428571428571,1.2083140264669159,-0.15671616425694734,0.11044764518737793
GOOGL,1d,7,0.7,0.75,9,21,0.8377308862673901,0.017757987688011623,0.8305050737018492,0.04692525034865099,17.698468682239533,0.8285714285714286,1.2063427246472096,-0.15671616425694734,0.11189389228820801
GOOGL,1d,7,0.7,0.75,10,30,0.7576764120044871,0.3297435792081742,0.740794875560383,0.0411787958358216,17.98971680750224,0.5142857142857142,0.6817618255365206,-0.08076269178731532,0.10950613021850586
GOOGL,1d,7,0.7,0.75,12,26,0.7509096419602365,0.007051545938582926,0.7457501873161168,0.0509407634569044,14.639556549776039,0.5142857142857142,0.63122865323777,-0.16541957254761497,0.10452580451965332
GOOGL,1d,7,0.7,0.75,20,50,0.5719014273945333,0.8252952587330824,0.60178473756818,0.05701463201883265,10.554917505551959,0.17142857142857143,0.07413925768452638,-0.04139254780905599,0.09893345832824707
GOOGL,1d,7,0.7,1.0,8,21,0.9927631260592389,-0.5978852988628898,1.0071177639246889,0.040524314232827395,24.852185237199063,0.8571428571428571,1.2872860952886431,-0.1783540047810943,0.10636329650878906
GOOGL,1d,7,0.7,1.0,9,21,0.9959872228117741,-0.24478299182578267,0.9860790968438493,0.04448145864992716,22.168317469181375,0.8285714285714286,1.2801761455195522,-0.1783540047810943,0.1073465347290039
GOOGL,1d,7,0.7,1.0,10,30,0.8919537073103193,0.020224765154886803,0.8493708239782558,0.04756507875295609,17.857025495316115,0.5142857142857142,0.7009689292093186,-0.08966621266678265,0.10575604438781738
GOOGL,1d,7,0.7,1.0,12,26,0.8894802936502164,-0.2632366285213492,0.8556597914818959,0.056715236345964135,15.08694746967734,0.5142857142857142,0.661930035820473,-0.18659886520546642,0.10658502578735352
GOOGL,1d,7,0.7,1.0,20,50,0.650017684041107,0.4667711989735981,0.6632565328804232,0.05301703969060639,12.510252114245066,0.17142857142857143,0.07446208958753324,-0.04139254780905599,0.10053896903991699
GOOGL,1d,7,0.85,0.0,8,21,0.4141533990440109,0.9224929292424238,0.38662057380981074,0.2635820759411432,1.466793872190845,0.34285714285714286,-0.4218644402373719,-0.10917990512238318,0.10779762268066406
GOOGL,1d,7,0.85,0.0,9,21,0.3391302760002034,0.6456369118356864,0.33062898382047384,0.29286152013793504,1.1289601435680272,0.3142857142857143,-0.39370883424734776,-0.09436755109443484,0.11243581771850586
GOOGL,1d,7,0.85,0.0,10,30,0.5482208886492885,1.5028972890828074,0.6941073433432157,0.28544088110207105,2.4317026372091712,0.14285714285714285,-0.2571389801641838,-0.0800934577151643,0.10446596145629883
GOOGL,1d,7,0.85,0.0,12,26,0.46626429519529766,1.1377752222112272,0.6634748984358736,0.24697629712030417,2.6863909863896356,0.14285714285714285,-0.3161624970662909,-0.08922161558587383,0.10854005813598633
GOOGL,1d,7,0.85,0.0,20,50,0.7047642425001525,2.5768740258381,0.7684683912504543,0.28243898788088906,2.7208297162378123,0.11428571428571428,-0.048024581694686784,-0.0289293462339143,0.10393691062927246
GOOGL,1d,7,0.85,0.25,8,21,0.4267313971386491,0.3652832640820476,0.45480755301230563,0.08517620644171249,5.3396079963192316,0.8,0.9260079435853428,-0.10805575866521089,0.11416339874267578
GOOGL,1d,7,0.85,0.25,9,21,0.3952926160857905,0.12865683367843128,0.4273501062451623,0.09333734111713235,4.578554532733747,0.7714285714285715,0.843137897490361,-0.10805575866521089,0.10677027702331543
GOOGL,1d,7,0.85,0.25,10,30,0.4221754547738483,0.8939655191645772,0.5084890819137748,0.10907718709413321,4.66173629390489,0.4857142857142857,0.6733721637719731,-0.06642080994008692,0.11079668998718262
GOOGL,1d,7,0.85,0.25,12,26,0.4057340963811881,0.5527528890527231,0.5029954120526035,0.10925194990693496,4.603994825548417,0.5142857142857142,0.5962296452414413,-0.11148165243481056,0.10452508926391602
GOOGL,1d,7,0.85,0.25,20,50,0.4668613812510603,2.000096819638779,0.5502378476915285,0.1457344741770822,3.7756189865064704,0.2,0.12114201989679439,-0.0289293462339143,0.10013055801391602
GOOGL,1d,7,0.85,0.5,8,21,0.6783359000051572,-0.03845438753812136,0.7097467809412167,0.05419903065303861,13.09519326064599,0.8857142857142857,1.0849674929162685,-0.13036491404998884,0.1112518310546875
GOOGL,1d,7,0.85,0.5,9,21,0.6475243209170898,-0.23119443647635696,0.6727605223515338,0.05174553914860278,13.001324044948124,0.8571428571428571,0.988581066601996,-0.13036491404998884,0.10651421546936035
GOOGL,1d,7,0.85,0.5,10,30,0.5952662534292759,0.4218459423554797,0.6347960707411235,0.04771271815838955,13.304546360863835,0.5428571428571428,0.7407225754817738,-0.07529140588529093,0.11061358451843262
GOOGL,1d,7,0.85,0.5,12,26,0.606940397249692,0.1180401782960867,0.6355617216274108,0.061155496150915714,10.392552781503255,0.5714285714285714,0.6738224785565193,-0.13346805148292362,0.10449862480163574
GOOGL,1d,7,0.85,0.5,20,50,0.5082878774285423,1.5020648219678532,0.5559280806543483,0.08908904687668852,6.2401395024893365,0.2,0.1215596411832759,-0.0289293462339143,0.09885025024414062
GOOGL,1d,7,0.85,0.75,8,21,0.8965714128032122,-0.3284501840226458,0.927693991916265,0.0472602090744013,19.62949403071419,0.8857142857142857,1.1988021639706314,-0.1523938649955744,0.11252498626708984
GOOGL,1d,7,0.85,0.75,9,21,0.8628074481688343,-0.47994766774530906,0.8811792342452762,0.041301037622804924,21.335522906056994,0.8571428571428571,1.0927438065483592,-0.1523938649955744,0.1109309196472168
GOOGL,1d,7,0.85,0.75,10,30,0.7628925497743443,0.058820345897692805,0.7742382631271689,0.03623286923671416,21.368395035705486,0.5428571428571428,0.7799423729468745,-0.08417533343733052,0.1121983528137207
GOOGL,1d,7,0.85,0.75,12,26,0.7910215022937349,-0.20213696945239146,0.778347776070341,0.053193316857368896,14.632435464729177,0.5714285714285714,0.7271195911921029,-0.15518081273021223,0.1156320571899414
GOOGL,1d,7,0.85,0.75,20,50,0.5923256590621337,1.0743820588771578,0.6148197686567956,0.07077683389680871,8.686737380103654,0.2,0.12184816801986315,-0.0289293462339143,0.10458993911743164
GOOGL,1d,7,0.85,1.0,8,21,1.075186547899353,-0.5349369784091428,1.1052744358076498,0.04804838837810513,23.00336125969431,0.8857142857142857,1.2874902136228927,-0.17414261150196686,0.11146831512451172
GOOGL,1d,7,0.85,1.0,9,21,1.0383416280232263,-0.6507002099510649,1.0507520124913625,0.04260479442812025,24.662764522056687,0.8571428571428571,1.1739882224555587,-0.17414261150196686,0.11581563949584961
GOOGL,1d,7,0.85,1.0,10,30,0.9037483311159352,-0.21799526685822768,0.8946622008220398,0.045770173660223665,19.54683867847199,0.5428571428571428,0.8086387387055493,-0.0965685765637847,0.10706400871276855
GOOGL,1d,7,0.85,1.0,12,26,0.943742926661027,-0.4358385203824199,0.9010441850182186,0.0590803767632489,15.251158411344381,0.5714285714285714,0.7684243424172769,-0.17661993617667726,0.10172104835510254
GOOGL,1d,7,0.85,1.0,20,50,0.6724390922641067,0.7091862801172166,0.6759570045989232,0.06477996132486998,10.43466205867297,0.2,0.12205916686152771,-0.0289293462339143,0.10193181037902832
GOOGL,1d,7,1.0,0.0,8,21,0.3444972841817598,0.6529450448904464,0.38894810675253033,0.2510252850409723,1.5494379647414651,0.34285714285714286,-0.3519847753004219,-0.10962531516982199,0.11821365356445312
GOOGL,1d,7,1.0,0.0,9,21,0.31953580439136786,0.5698669760524486,0.3669808036205687,0.2523353605503609,1.4543376038148523,0.2857142857142857,-0.3975208691283545,-0.09436755109443484,0.13808870315551758
GOOGL,1d,7,1.0,0.0,10,30,0.5025480780684319,1.3026684288170518,0.6840206154646352,0.2952434863201602,2.31680171505253,0.14285714285714285,-0.3194162239741601,-0.1281838917987158,0.09811115264892578
GOOGL,1d,7,1.0,0.0,12,26,0.4628289338827604,1.1248600072043868,0.6266269435201715,0.28487012554976543,2.199693429807201,0.14285714285714285,-0.30941961858272377,-0.08067830588739588,0.0999758243560791
GOOGL,1d,7,1.0,0.0,20,50,0.6510610487500134,2.206104778139577,0.7611504168773473,0.2732833346043587,2.7852061230857337,0.11428571428571428,-0.048024581694686784,-0.0289293462339143,0.09314680099487305
GOOGL,1d,7,1.0,0.25,8,21,0.4169409346516899,0.12995962060671729,0.46828828476925527,0.07600022172902834,6.161669980896808,0.8571428571428571,0.9156644977706617,-0.13076879440781208,0.11613631248474121
GOOGL,1d,7,1.0,0.25,9,21,0.3972613313929948,0.06187284722566333,0.4440913968837908,0.07500613695411666,5.920734154799278,0.8571428571428571,0.8602481118642494,-0.08479860177599363,0.1166081428527832
GOOGL,1d,7,1.0,0.25,10,30,0.41740654536013255,0.7051402479198849,0.5139954635977614,0.11498074200600829,4.470274366214324,0.5142857142857142,0.655473306517451,-0.07518101725692916,0.11065888404846191
GOOGL,1d,7,1.0,0.25,12,26,0.40791278367143635,0.5412012368955232,0.49617430578307414,0.11282539606597103,4.397718271628776,0.5714285714285714,0.5873046348882451,-0.0819960701199064,0.10958003997802734
GOOGL,1d,7,1.0,0.25,20,50,0.4389588553961864,1.5796876015928563,0.5592777581191803,0.1483398502313288,3.770246209949746,0.2,0.12114201989679439,-0.0289293462339143,0.10582876205444336
GOOGL,1d,7,1.0,0.5,8,21,0.6916220631253022,-0.2340390506224429,0.7354473651473624,0.048000854218563996,15.32154744160643,0.8857142857142857,1.0823874257446842,-0.15166071961171956,0.1190485954284668
GOOGL,1d,7,1.0,0.5,9,21,0.6640159687759535,-0.287197196162996,0.6994118052137515,0.04316167722556183,16.204463083272763,0.8571428571428571,1.010457713167845,-0.10550199684480743,0.11424851417541504
GOOGL,1d,7,1.0,0.5,10,30,0.6109790634715012,0.25228269651654256,0.6545839818340488,0.05613659856988475,11.660556544393291,0.5428571428571428,0.7328267267347185,-0.09264534667223323,0.11221790313720703
GOOGL,1d,7,1.0,0.5,12,26,0.613257839660903,0.10821584858723354,0.6450887019171201,0.055312436457349054,11.662633997591888,0.5714285714285714,0.6718839139391158,-0.09849271784535507,0.10842752456665039
GOOGL,1d,7,1.0,0.5,20,50,0.508188979062898,1.0616026715506548,0.5659628959358886,0.08859836004129167,6.387961308449942,0.2,0.1215596411832759,-0.0289293462339143,0.10318136215209961
GOOGL,1d,7,1.0,0.75,8,21,0.92361154718838,-0.485161959314523,0.9628407840795574,0.04145946856299886,23.223664399279336,0.8857142857142857,1.2059880781154315,-0.1723010907815451,0.11337423324584961
GOOGL,1d,7,1.0,0.75,9,21,0.8890705441877089,-0.525198465645657,0.9170584869778946,0.03544299784459954,25.874179464128684,0.8571428571428571,1.1201457598679536,-0.12596854739965113,0.10987496376037598
GOOGL,1d,7,1.0,0.75,10,30,0.7911583687215433,-0.08799283222893117,0.8038011864677138,0.0417291290162602,19.262352352346106,0.5428571428571428,0.7798853320899666,-0.1099432022407949,0.10041379928588867
GOOGL,1d,7,1.0,0.75,12,26,0.800101097233898,-0.21018042524642044,0.7983184229622398,0.045136537061149326,17.68674503940582,0.5714285714285714,0.7319188424283208,-0.11485068478107952,0.10380196571350098
GOOGL,1d,7,1.0,0.75,20,50,0.6089224023926118,0.6359503924061858,0.6255403257935181,0.06844434186875134,9.13940157380799,0.2,0.12184816801986315,-0.0289293462339143,0.09529542922973633
GOOGL,1d,7,1.0,1.0,8,21,1.1121901690143492,-0.656893240680759,1.1478513628085412,0.04137984686580427,27.739381601170436,0.8857142857142857,1.3033903856651203,-0.19268990791728835,0.1073770523071289
GOOGL,1d,7,1.0,1.0,9,21,1.0719933625894427,-0.6861991120726315,1.0942353742790307,0.03599444666439489,30.40011656468747,0.8571428571428571,1.2062157735110415,-0.1461982534405235,0.12553715705871582
GOOGL,1d,7,1.0,1.0,10,30,0.941174556397279,-0.3414656230821852,0.9315127816663576,0.046918874864335505,19.85368967946905,0.5428571428571428,0.8146435979428147,-0.12707458396261473,0.09940528869628906
GOOGL,1d,7,1.0,1.0,12,26,0.9548773333908718,-0.4422241102593607,0.9286956784957325,0.053548131260521534,17.343194928268492,0.5714285714285714,0.778631972625413,-0.1310699709270804,0.10595488548278809
GOOGL,1d,7,1.0,1.0,20,50,0.7008381403828625,0.28863092579607974,0.6872024910485633,0.06255061688515719,10.986342345915881,0.2,0.12205916686152771,-0.0289293462339143,0.1022787094116211
GOOGL,1d,10,0.0,0.0,8,21,0.44379175609723825,0.9948515728057779,0.5215028458112261,0.21133639699270002,2.4676433081673093,0.17142857142857143,-0.27914322054896173,-0.062240333532927794,0.11350440979003906
GOOGL,1d,10,0.0,0.0,9,21,0.41267156420669887,0.8795288766985889,0.5935806159990255,0.18602254162980988,3.1909069234215046,0.2,-0.2404286151696022,-0.062240333532927794,0.10213971138000488
GOOGL,1d,10,0.0,0.0,10,30,0.6943246131243234,2.335460941624775,0.5635107827759934,0.19344585841401352,2.9130154938234223,0.14285714285714285,-0.22739158770098444,-0.07948872118265204,0.10653877258300781
GOOGL,1d,10,0.0,0.0,12,26,0.6869618278749693,2.4204107397230454,0.5827355194667205,0.2527926801934619,2.305191428093384,0.08571428571428572,-0.3406883322947277,-0.0975773715735122,0.111846923828125
GOOGL,1d,10,0.0,0.0,20,50,0.7754194329928734,3.2375130107906287,0.5156414556055344,0.22504924247573774,2.291238352695744,0.05714285714285714,-0.0988347242444551,-0.03257409353943741,0.10103988647460938
GOOGL,1d,10,0.0,0.25,8,21,0.3780816773758708,0.7733228253107156,0.41702363061773884,0.10882432540657884,3.8320810081725365,0.6,0.7420351705027572,-0.04577136270562765,0.10884523391723633
GOOGL,1d,10,0.0,0.25,9,21,0.3380542618419861,0.31324058960067624,0.45098017663206835,0.11591457485451882,3.890625291927966,0.5714285714285714,0.5803814064375058,-0.04513737682570329,0.10432577133178711
GOOGL,1d,10,0.0,0.25,10,30,0.44618578836012973,1.693707085264721,0.42410826258288853,0.09234510882824644,4.592644569532011,0.34285714285714286,0.27103566787691935,-0.06084742423404199,0.10169482231140137
GOOGL,1d,10,0.0,0.25,12,26,0.45725029244965204,1.805239142057018,0.4387648283924509,0.13044203769894633,3.3636765887167304,0.3142857142857143,0.27856699739811885,-0.07108016397766881,0.1017608642578125
GOOGL,1d,10,0.0,0.25,20,50,0.5105205675832273,2.662214763366826,0.39629323549179146,0.11225328614687638,3.5303486347229662,0.14285714285714285,0.07047731436648633,-0.03257409353943741,0.09967875480651855
GOOGL,1d,10,0.0,0.5,8,21,0.5106093641530488,0.5033680635704856,0.5262059761956837,0.07320112139733802,7.188496107039411,0.6,0.8033723753509567,-0.07431770182116093,0.10455131530761719
GOOGL,1d,10,0.0,0.5,9,21,0.4901484298018825,-0.09371854953641867,0.5424159369100331,0.07733952515271805,7.01343764186494,0.5714285714285714,0.6434331397451011,-0.07431770182116093,0.10874629020690918
GOOGL,1d,10,0.0,0.5,10,30,0.5132660599533464,1.1505786100189361,0.4941820985336712,0.05247139907216346,9.418123154178277,0.37142857142857144,0.31419233017445386,-0.06932946862957257,0.1307079792022705
GOOGL,1d,10,0.0,0.5,12,26,0.541585856660663,1.2834596463296637,0.5022102646928821,0.07601441924368196,6.606776315463647,0.37142857142857144,0.3279894882640075,-0.08120822617480894,0.09877634048461914
GOOGL,1d,10,0.0,0.5,20,50,0.5077330734641459,2.131462636581971,0.4367564500846958,0.07691480467863215,5.67844450635434,0.14285714285714285,0.07083294099959446,-0.03257409353943741,0.09925723075866699
GOOGL,1d,10,0.0,0.75,8,21,0.6414118297603202,0.22576990760353177,0.6449901841375695,0.06623005525661703,9.738632734616791,0.6,0.841331037551317,-0.11122655273174153,0.11149215698242188
GOOGL,1d,10,0.0,0.75,9,21,0.6351610789380268,-0.38282550233247314,0.6519851023556964,0.06364375416646545,10.24429043972447,0.5714285714285714,0.68483394283316,-0.11122655273174153,0.11460447311401367
GOOGL,1d,10,0.0,0.75,10,30,0.6125699083936467,0.6960671560998459,0.5874056900456817,0.043546701239095265,13.489097298564646,0.37142857142857144,0.3405425730740907,-0.07781151302510358,0.11182975769042969
GOOGL,1d,10,0.0,0.75,12,26,0.6516503151296159,0.8442186682164325,0.5914481493557686,0.059449399369728616,9.948765767630809,0.37142857142857144,0.35738249749312884,-0.09133628837194907,0.10892629623413086
GOOGL,1d,10,0.0,0.75,20,50,0.5642518974478585,1.64686724569472,0.5065075178703362,0.06668142373528498,7.59593136284992,0.14285714285714285,0.07108627462748636,-0.03257409353943741,0.09890866279602051
GOOGL,1d,10,0.0,1.0,8,21,0.7523138057931799,-0.03433493036155488,0.7479579486425608,0.0683740431583222,10.939209005245473,0.6,0.8694770896815391,-0.14813540364232192,0.10766458511352539
GOOGL,1d,10,0.0,1.0,9,21,0.7571721712026909,-0.5856998999148064,0.7487352733959095,0.05928757821387612,12.628872623113315,0.5714285714285714,0.7162724466386581,-0.14813540364232192,0.10737967491149902
GOOGL,1d,10,0.0,1.0,10,30,0.7034230941364347,0.32015453547182293,0.671653251563547,0.045979557158532906,14.607649422280296,0.37142857142857144,0.359922493460797,-0.08848314860327566,0.09988951683044434
GOOGL,1d,10,0.0,1.0,12,26,0.7503311794638711,0.4773043883260415,0.6729811669365734,0.05739058888315401,11.72633318516296,0.37142857142857144,0.3787150053082972,-0.10146435056908931,0.10545182228088379
GOOGL,1d,10,0.0,1.0,20,50,0.6252059421045683,1.2090730917296368,0.5726345131106486,0.06301397105685684,9.08742146394752,0.14285714285714285,0.07127589495727406,-0.03257409353943741,0.10289788246154785
GOOGL,1d,10,0.1,0.0,8,21,0.3180036389181394,0.5418494255070472,0.5104393374805102,0.22307198152247285,2.2882270287677846,0.14285714285714285,-0.4238093457874925,-0.06315566951268659,0.10666942596435547
GOOGL,1d,10,0.1,0.0,9,21,0.46754206887687993,1.098825782450732,0.577063212059784,0.20296934021041943,2.8431053254720116,0.17142857142857143,-0.3572207660479452,-0.06315566951268659,0.10442638397216797
GOOGL,1d,10,0.1,0.0,10,30,0.6309078321100812,1.916418598731764,0.641256539083913,0.24716667351600527,2.59442962095935,0.14285714285714285,-0.22739158770098444,-0.07948872118265204,0.10259318351745605
GOOGL,1d,10,0.1,0.0,12,26,0.6150807761904006,1.9401787757397275,0.6337942616520567,0.2602267516991324,2.4355461439446224,0.08571428571428572,-0.35853157356189574,-0.0975773715735122,0.1014242172241211
GOOGL,1d,10,0.1,0.0,20,50,0.7116723528646934,2.7536174593254588,0.5171118715252896,0.23484073207160813,2.201968402004516,0.05714285714285714,-0.0988347242444551,-0.03257409353943741,0.09510993957519531
GOOGL,1d,10,0.1,0.25,8,21,0.33384774231198056,0.2841418108856737,0.41725159815820867,0.10238103319789056,4.075477509117437,0.6285714285714286,0.8215950705245796,-0.07785851035094993,0.10956335067749023
GOOGL,1d,10,0.1,0.25,9,21,0.36680298598152344,0.5049764967626025,0.44649022323923343,0.11141787140418259,4.007348350961876,0.5714285714285714,0.6002198673767504,-0.07785851035094993,0.1034097671508789
GOOGL,1d,10,0.1,0.25,10,30,0.41711856582374685,1.2732426175767713,0.46546370126525555,0.12399373796488068,3.753929100815486,0.34285714285714286,0.27103566787691935,-0.06084742423404199,0.09806585311889648
GOOGL,1d,10,0.1,0.25,12,26,0.4253378872322962,1.3168543124542027,0.46662888964368643,0.13595847992049107,3.4321425917425117,0.3142857142857143,0.27243958033759363,-0.09277368054632096,0.10250234603881836
GOOGL,1d,10,0.1,0.25,20,50,0.4768141148339334,2.1510513462698797,0.400709939400486,0.12014534110679688,3.335209969101473,0.14285714285714285,0.07047731436648633,-0.03257409353943741,0.11205005645751953
GOOGL,1d,10,0.1,0.5,8,21,0.5029806061357434,0.01966300881990679,0.5357993497138706,0.06849903623934543,7.821998368585961,0.6571428571428571,0.8942912900923179,-0.09256135118921305,0.10523366928100586
GOOGL,1d,10,0.1,0.5,9,21,0.5197433249725528,0.0654186800083365,0.5480188419908376,0.07141849079172677,7.673346718974926,0.6,0.6768319292321776,-0.09256135118921305,0.1069488525390625
GOOGL,1d,10,0.1,0.5,10,30,0.505860291262225,0.7501874758221467,0.52515794645913,0.0704442970936473,7.454939123900905,0.37142857142857144,0.31419233017445386,-0.06932946862957257,0.10155868530273438
GOOGL,1d,10,0.1,0.5,12,26,0.5260729285581913,0.8102321198433446,0.5262692044563395,0.0796182104888537,6.609909984475418,0.37142857142857144,0.324233760573823,-0.10723871040230004,0.10919928550720215
GOOGL,1d,10,0.1,0.5,20,50,0.4853721397832127,1.6181538925172139,0.4416034483515475,0.08340390974779709,5.29475716050843,0.14285714285714285,0.07083294099959446,-0.03257409353943741,0.09730815887451172
GOOGL,1d,10,0.1,0.75,8,21,0.6541709658490469,-0.22151614847448187,0.6608654729722989,0.06534408627519678,10.113623292382762,0.6571428571428571,0.9395364095182135,-0.11122655273174153,0.11483907699584961
GOOGL,1d,10,0.1,0.75,9,21,0.6679562460122963,-0.25593951430469575,0.6640731090345621,0.058322177191145755,11.386288047137223,0.6,0.7261052300937071,-0.11122655273174153,0.10599422454833984
GOOGL,1d,10,0.1,0.75,10,30,0.6173149881029547,0.3298963184989905,0.6149875404435081,0.05222769423371489,11.77512332234095,0.37142857142857144,0.3405425730740907,-0.07781151302510358,0.10294675827026367
GOOGL,1d,10,0.1,0.75,12,26,0.6444326079692525,0.4019087559480887,0.6156183340354608,0.060890975745024674,10.11017357667753,0.37142857142857144,0.35446285685861934,-0.12170374025827968,0.10360932350158691
GOOGL,1d,10,0.1,0.75,20,50,0.5466321380451499,1.1510929368359197,0.5118390301037341,0.07295030947832036,7.01626948211706,0.14285714285714285,0.07108627462748636,-0.03257409353943741,0.10996603965759277
GOOGL,1d,10,0.1,1.0,8,21,0.7792685860628128,-0.42586576718167224,0.7684891884528684,0.0704118746364209,10.91419866920236,0.6571428571428571,0.9731584040871787,-0.14813540364232192,0.11324524879455566
GOOGL,1d,10,0.1,1.0,9,21,0.7929916564972797,-0.4878539109768735,0.7655705459222129,0.05493139125012834,13.936849741092699,0.6,0.7632293435757409,-0.14813540364232192,0.10591316223144531
GOOGL,1d,10,0.1,1.0,10,30,0.7165491319543585,-0.0035993134448462083,0.6976117829251918,0.048490592675078485,14.386538593159454,0.37142857142857144,0.359922493460797,-0.08848314860327566,0.10715746879577637
GOOGL,1d,10,0.1,1.0,12,26,0.7485766548086851,0.07565063092981195,0.6978708662792311,0.05721849748200473,12.196595454096155,0.37142857142857144,0.37626584987718553,-0.13616877011425943,0.11410665512084961
GOOGL,1d,10,0.1,1.0,20,50,0.6103467024666589,0.7455806108506264,0.5783522422035133,0.0688836654681797,8.396072396447586,0.14285714285714285,0.07127589495727406,-0.03257409353943741,0.11063885688781738
GOOGL,1d,10,0.25,0.0,8,21,0.28897805446868086,0.45542357498849184,0.4697813767424184,0.2483699522379394,1.891458175634571,0.14285714285714285,-0.4238093457874925,-0.06315566951268659,0.11249232292175293
GOOGL,1d,10,0.25,0.0,9,21,0.46271973590617066,1.092580860258113,0.4994187386366266,0.2101180405423702,2.376848448364999,0.17142857142857143,-0.3572207660479452,-0.06315566951268659,0.10667967796325684
GOOGL,1d,10,0.25,0.0,10,30,0.5901770669830798,1.6927114544323238,0.6662933771743931,0.2729737979570546,2.44086935142111,0.14285714285714285,-0.22739158770098444,-0.07948872118265204,0.0978546142578125
GOOGL,1d,10,0.25,0.0,12,26,0.6746372650034048,2.34730686326473,0.6564601657585806,0.26111947516174583,2.5140222319761785,0.08571428571428572,-0.35853157356189574,-0.0975773715735122,0.10326218605041504
GOOGL,1d,10,0.25,0.0,20,50,0.6916561104568525,2.4199813247736794,0.5758318170654599,0.27656103513698777,2.0821147736167376,0.05714285714285714,-0.0988347242444551,-0.03257409353943741,0.09291672706604004
GOOGL,1d,10,0.25,0.25,8,21,0.33112581613740316,0.1928695536694227,0.3982626923813089,0.1024261878855319,3.8882897099167066,0.6285714285714286,0.8215950705245796,-0.07785851035094993,0.1055605411529541
GOOGL,1d,10,0.25,0.25,9,21,0.37371495109823544,0.5018529134221017,0.42059797409319444,0.10042792446746221,4.188058015970096,0.5714285714285714,0.6002198673767504,-0.07785851035094993,0.10654687881469727
GOOGL,1d,10,0.25,0.25,10,30,0.4032279915055499,1.0612095186393633,0.4769057045152289,0.13572001915422202,3.513893583917853,0.34285714285714286,0.27103566787691935,-0.06084742423404199,0.10292172431945801
GOOGL,1d,10,0.25,0.25,12,26,0.45897943073532327,1.7252834939302981,0.4796222622987515,0.1353248693540598,3.5442285264202447,0.3142857142857143,0.27243958033759363,-0.09277368054632096,0.09993529319763184
GOOGL,1d,10,0.25,0.25,20,50,0.4536129990033535,1.8308124078724575,0.43124300270813665,0.13890819996433112,3.1045179681175865,0.14285714285714285,0.07047731436648633,-0.03257409353943741,0.09682059288024902
GOOGL,1d,10,0.25,0.5,8,21,0.5165801048870605,-0.06607078511229658,0.5446811267576168,0.06443634222755767,8.453011265507115,0.6571428571428571,0.8942912900923179,-0.09256135118921305,0.10817909240722656
GOOGL,1d,10,0.25,0.5,9,21,0.5388606363183353,0.06497833212871051,0.5568987165073742,0.063300469811103,8.797702736950198,0.6,0.6768319292321776,-0.09256135118921305,0.10615801811218262
GOOGL,1d,10,0.25,0.5,10,30,0.5087005723314739,0.5597297254897375,0.5442606131725307,0.07567960560193623,7.191641775133749,0.37142857142857144,0.31419233017445386,-0.06932946862957257,0.10711669921875
GOOGL,1d,10,0.25,0.5,12,26,0.5650262937916848,1.200950726034006,0.5473507725521232,0.08028642705722751,6.817475787806275,0.37142857142857144,0.324233760573823,-0.10723871040230004,0.10709905624389648
GOOGL,1d,10,0.25,0.5,20,50,0.4836257861417759,1.3299936726331953,0.4621605921185797,0.09140909093406825,5.055958738851564,0.14285714285714285,0.07083294099959446,-0.03257409353943741,0.09321188926696777
GOOGL,1d,10,0.25,0.75,8,21,0.6784301428209697,-0.2963580718841273,0.687795479500988,0.06056572620874966,11.35618315101826,0.6571428571428571,0.9395364095182135,-0.11122655273174153,0.10467648506164551
GOOGL,1d,10,0.25,0.75,9,21,0.6962195549390247,-0.2543914192792647,0.694154004008575,0.05155566338217278,13.464165883444021,0.6,0.7261052300937071,-0.11122655273174153,0.10546016693115234
GOOGL,1d,10,0.25,0.75,10,30,0.630112954771176,0.16585782968413398,0.6406316170644899,0.0530475480037485,12.07655473574803,0.37142857142857144,0.3405425730740907,-0.07781151302510358,0.10389876365661621
GOOGL,1d,10,0.25,0.75,12,26,0.6901753264610028,0.762801382117047,0.6436762382933335,0.06404940154373225,10.049683881180972,0.37142857142857144,0.35446285685861934,-0.12170374025827968,0.10326457023620605
GOOGL,1d,10,0.25,0.75,20,50,0.5590865433553739,0.9066027112424087,0.5283839505724328,0.07587281020313354,6.964075129915389,0.14285714285714285,0.07108627462748636,-0.03257409353943741,0.0978400707244873
GOOGL,1d,10,0.25,1.0,8,21,0.8114297180867172,-0.4877621863681392,0.8087143689583713,0.06619748160124322,12.21669388920051,0.6571428571428571,0.9731584040871787,-0.14813540364232192,0.10385560989379883
GOOGL,1d,10,0.25,1.0,9,21,0.8283190259966934,-0.4850431987539193,0.8108577449376477,0.04865898080040125,16.664092251824584,0.6,0.7632293435757409,-0.14813540364232192,0.11413073539733887
GOOGL,1d,10,0.25,1.0,10,30,0.7363930154482193,-0.13994458920349395,0.7283524887787365,0.047121873509740786,15.45678120434187,0.37142857142857144,0.359922493460797,-0.08848314860327566,0.10574054718017578
GOOGL,1d,10,0.25,1.0,12,26,0.8001206037783846,0.39986994015421784,0.7313447132408897,0.06261807085074485,11.679451367706744,0.37142857142857144,0.37626584987718553,-0.13616877011425943,0.10165643692016602
GOOGL,1d,10,0.25,1.0,20,50,0.6328010399273791,0.5506852353113314,0.5925715165479036,0.06898594747294119,8.589742378769703,0.14285714285714285,0.07127589495727406,-0.03257409353943741,0.09743928909301758
GOOGL,1d,10,0.4,0.0,8,21,0.3508390550054629,0.6351920802527442,0.4348303798695799,0.24516255075928348,1.7736411149373488,0.14285714285714285,-0.4238093457874925,-0.06315566951268659,0.1081089973449707
GOOGL,1d,10,0.4,0.0,9,21,0.43930632998053326,1.018713255705741,0.4233875361918374,0.28224426933480323,1.5000748719883041,0.17142857142857143,-0.3572207660479452,-0.06315566951268659,0.1164557933807373
GOOGL,1d,10,0.4,0.0,10,30,0.6169070291963323,1.8572895490137786,0.6137699516253013,0.3098281088158707,1.981001510712063,0.14285714285714285,-0.22739158770098444,-0.07948872118265204,0.10019373893737793
GOOGL,1d,10,0.4,0.0,12,26,0.7626109220128557,3.092125069314789,0.6316218392293554,0.2911722039731248,2.169238102438013,0.08571428571428572,-0.35853157356189574,-0.0975773715735122,0.09778761863708496
GOOGL,1d,10,0.4,0.0,20,50,0.7006011905404593,2.462457894949954,0.610756688782304,0.2676808773533513,2.2816597689796,0.05714285714285714,-0.0988347242444551,-0.03257409353943741,0.0929422378540039
GOOGL,1d,10,0.4,0.25,8,21,0.3729364068457255,0.37485114630947525,0.4006290439088218,0.09220678876405808,4.344897477494475,0.6285714285714286,0.8215950705245796,-0.07785851035094993,0.10446977615356445
GOOGL,1d,10,0.4,0.25,9,21,0.3761215945161541,0.43627103818431245,0.39810203154319035,0.10550063708714674,3.7734561850498203,0.5714285714285714,0.6002198673767504,-0.07785851035094993,0.11135601997375488
GOOGL,1d,10,0.4,0.25,10,30,0.41697918918122473,1.2233965960407076,0.4528847095762731,0.14190139698743767,3.1915451094281075,0.34285714285714286,0.27103566787691935,-0.06084742423404199,0.10138630867004395
GOOGL,1d,10,0.4,0.25,12,26,0.503088453538184,2.508756587524639,0.47478098220825327,0.14706559383739579,3.228362051379594,0.3142857142857143,0.27243958033759363,-0.09277368054632096,0.10801386833190918
GOOGL,1d,10,0.4,0.25,20,50,0.4567420254716128,1.8761028167123488,0.4555534814096537,0.1208581526639915,3.769323553009936,0.14285714285714285,0.07047731436648633,-0.03257409353943741,0.10618472099304199
GOOGL,1d,10,0.4,0.5,8,21,0.5726084703660467,0.10280376686337456,0.5751002578336917,0.0569672830063478,10.095272715913254,0.6571428571428571,0.8942912900923179,-0.09256135118921305,0.11653399467468262
GOOGL,1d,10,0.4,0.5,9,21,0.5554594299098862,0.009764483430748871,0.5652952264286055,0.06175009298430283,9.154564780530878,0.6,0.6768319292321776,-0.09256135118921305,0.1137244701385498
GOOGL,1d,10,0.4,0.5,10,30,0.5177986677978573,0.7114382202176701,0.5412930402273339,0.07528196476188788,7.190208729798828,0.37142857142857144,0.31419233017445386,-0.06932946862957257,0.10943317413330078
GOOGL,1d,10,0.4,0.5,12,26,0.6001024064882972,1.9873345493303445,0.5579433778495693,0.0841982629803012,6.62654261620699,0.37142857142857144,0.324233760573823,-0.10723871040230004,0.11880278587341309
GOOGL,1d,10,0.4,0.5,20,50,0.4862082250206329,1.3760658908469723,0.48138585674128886,0.07393038961880131,6.511339372393448,0.14285714285714285,0.07083294099959446,-0.03257409353943741,0.10670709609985352
GOOGL,1d,10,0.4,0.75,8,21,0.7476173489632485,-0.14979747784823327,0.7359156469739033,0.04800316053850141,15.33056654433524,0.6571428571428571,0.9395364095182135,-0.11122655273174153,0.11531519889831543
GOOGL,1d,10,0.4,0.75,9,21,0.7222256824146454,-0.29899958137190075,0.7211665758703695,0.05128811459184782,14.061085723455273,0.6,0.7261052300937071,-0.11122655273174153,0.1104118824005127
GOOGL,1d,10,0.4,0.75,10,30,0.6373765359968102,0.302170836575006,0.6500695283915003,0.04762522600048895,13.649689103518927,0.37142857142857144,0.3405425730740907,-0.07781151302510358,0.09706878662109375
GOOGL,1d,10,0.4,0.75,12,26,0.7230153681623626,1.5250899719788324,0.6639696053359239,0.06139214900884233,10.81522012269504,0.37142857142857144,0.35446285685861934,-0.12170374025827968,0.0986623764038086
GOOGL,1d,10,0.4,0.75,20,50,0.5614121254529976,0.9518781953957223,0.5453553359200531,0.06016506188816389,9.064319370829725,0.14285714285714285,0.07108627462748636,-0.03257409353943741,0.09295463562011719
GOOGL,1d,10,0.4,1.0,8,21,0.891411160858389,-0.36741530220372765,0.8697232903580712,0.047730585987589946,18.22150875298705,0.6571428571428571,0.9731584040871787,-0.14813540364232192,0.1027686595916748
GOOGL,1d,10,0.4,1.0,9,21,0.8613483270187421,-0.5198594989444643,0.8512668294554441,0.051748960386123505,16.44993103443507,0.6,0.7632293435757409,-0.14813540364232192,0.10210919380187988
GOOGL,1d,10,0.4,1.0,10,30,0.7426093021494713,-0.021500853281691934,0.7465342324964095,0.03787925772497199,19.708259277854197,0.37142857142857144,0.359922493460797,-0.08848314860327566,0.10570907592773438
GOOGL,1d,10,0.4,1.0,12,26,0.8322305924534644,1.1186328376932604,0.7585872162537701,0.05520887671980188,13.740312451995353,0.37142857142857144,0.37626584987718553,-0.13616877011425943,0.10475587844848633
GOOGL,1d,10,0.4,1.0,20,50,0.6349342702270309,0.5939835095830652,0.6081289594929935,0.05527437107153597,11.002005951473503,0.14285714285714285,0.07127589495727406,-0.03257409353943741,0.10454106330871582
GOOGL,1d,10,0.55,0.0,8,21,0.36877981348730554,0.6832442579014775,0.44311014696701373,0.2641580600474217,1.6774432205001297,0.17142857142857143,-0.567505023708194,-0.060254087280221746,0.10206127166748047
GOOGL,1d,10,0.55,0.0,9,21,0.4507471538713453,1.0576834571800986,0.43013321494487916,0.3101841200408462,1.3867028875889507,0.17142857142857143,-0.38431919668291914,-0.05621455164666245,0.10558962821960449
GOOGL,1d,10,0.55,0.0,10,30,0.5714970880273804,1.6100548898273814,0.6138641796059153,0.30543162090130754,2.0098252361508764,0.14285714285714285,-0.17026078826220603,-0.07948872118265204,0.09898066520690918
GOOGL,1d,10,0.55,0.0,12,26,0.6707788611317198,2.357639125995877,0.6590769242458007,0.26459195810027325,2.490918200907785,0.08571428571428572,-0.29704687203221813,-0.08916350396616968,0.1000821590423584
GOOGL,1d,10,0.55,0.0,20,50,0.7060438033744477,2.5146326034857345,0.6598297927932435,0.29175363418613215,2.2615992244068748,0.05714285714285714,-0.0988347242444551,-0.03257409353943741,0.09717297554016113
GOOGL,1d,10,0.55,0.25,8,21,0.38886455970732964,0.43034863034277127,0.420238565101669,0.09121095685257094,4.6073254749527806,0.7428571428571429,1.0276125096371096,-0.06251869211449446,0.10974955558776855
GOOGL,1d,10,0.55,0.25,9,21,0.3953390474432733,0.4786430055233786,0.40992987449772045,0.10794826579951386,3.7974660497006942,0.6857142857142857,0.8138770767445445,-0.06251869211449446,0.10502815246582031
GOOGL,1d,10,0.55,0.25,10,30,0.406461788889631,0.9868726031966024,0.4574515763831176,0.13432319197038675,3.4056038251679475,0.45714285714285713,0.5372253220117607,-0.06295565002838033,0.10063624382019043
GOOGL,1d,10,0.55,0.25,12,26,0.4693006339303218,1.7417965861736913,0.4888771839476883,0.1271846267884936,3.843838648523809,0.42857142857142855,0.5064407673774484,-0.06484284426226283,0.10518956184387207
GOOGL,1d,10,0.55,0.25,20,50,0.46095193801706036,1.9253866756166484,0.48897507530727224,0.1327383165596274,3.68375227274801,0.14285714285714285,0.07047731436648633,-0.03257409353943741,0.09542441368103027
GOOGL,1d,10,0.55,0.5,8,21,0.6004713984719793,0.16137329503509368,0.6129109837077519,0.05487129853479739,11.169974104386574,0.8,1.1176485059168617,-0.0741547966136562,0.10512614250183105
GOOGL,1d,10,0.55,0.5,9,21,0.5922869861467471,0.05234690042960555,0.595049430755944,0.06290999066612925,9.45874295092399,0.7428571428571429,0.9004382889327347,-0.0741547966136562,0.11945915222167969
GOOGL,1d,10,0.55,0.5,10,30,0.5341875927469423,0.4966752484424912,0.5577160984826284,0.06749889147557545,8.262596411445344,0.4857142857142857,0.5796013183331485,-0.07185917090784777,0.11972570419311523
GOOGL,1d,10,0.55,0.5,12,26,0.598502818180968,1.2234054110704102,0.5776589809182899,0.069498349073639,8.311837455393574,0.4857142857142857,0.5595646411847669,-0.07372394155180217,0.11070013046264648
GOOGL,1d,10,0.55,0.5,20,50,0.48892633159109755,1.4194865214606693,0.5060441884679138,0.07609921770161764,6.649794882939471,0.14285714285714285,0.07083294099959446,-0.03257409353943741,0.10431575775146484
GOOGL,1d,10,0.55,0.75,8,21,0.7851208210100796,-0.09213868872120079,0.7869818022848405,0.043374315010146686,18.143959209516957,0.8,1.180584253217448,-0.08579090111281829,0.11480593681335449
GOOGL,1d,10,0.55,0.75,9,21,0.7719527392644958,-0.2586586391899012,0.7637596244767105,0.04938825955801599,15.464396423597966,0.7428571428571429,0.9653313414313138,-0.08579090111281829,0.1078953742980957
GOOGL,1d,10,0.55,0.75,10,30,0.6702300873292433,0.11489177187080069,0.6749775582965504,0.04200672741445715,16.06832047726356,0.4857142857142857,0.6055454082635084,-0.10615957816190214,0.10699319839477539
GOOGL,1d,10,0.55,0.75,12,26,0.7399302390115648,0.7901878343309972,0.6890993468451533,0.05103780595388209,13.501743148359973,0.4857142857142857,0.5929492514287676,-0.10615957816190214,0.10621786117553711
GOOGL,1d,10,0.55,0.75,20,50,0.5636649298676399,0.9876427881004268,0.5668083920357982,0.05799394360418966,9.77357904653427,0.14285714285714285,0.07108627462748636,-0.03257409353943741,0.09908938407897949
GOOGL,1d,10,0.55,1.0,8,21,0.9365661409320045,-0.31381825184320844,0.9309575938848745,0.04051665617153494,22.977157590288034,0.8,1.2292557792382692,-0.10875970540802793,0.11550378799438477
GOOGL,1d,10,0.55,1.0,9,21,0.9209881670081419,-0.4834055093292874,0.9036775571779299,0.046480727590007036,19.44198389381953,0.7428571428571429,1.0165466587004737,-0.10875970540802793,0.11353754997253418
GOOGL,1d,10,0.55,1.0,10,30,0.7873011277297354,-0.17937533874082057,0.7778881860267218,0.03783174869609391,20.56178244034059,0.4857142857142857,0.6246777699520687,-0.1413794375492029,0.1044158935546875
GOOGL,1d,10,0.55,1.0,12,26,0.862141083262314,0.43079748040214794,0.7881031834966041,0.050083776182382835,15.735698135593509,0.4857142857142857,0.6178181999101047,-0.1413794375492029,0.1077277660369873
GOOGL,1d,10,0.55,1.0,20,50,0.6369713798352868,0.6212319015693106,0.6279339601900592,0.05149260393789939,12.194643738494058,0.14285714285714285,0.07127589495727406,-0.03257409353943741,0.10056591033935547
GOOGL,1d,10,0.7,0.0,8,21,0.47482891263921523,1.102991780242645,0.4123454477806677,0.2759536349223938,1.49425626481286,0.14285714285714285,-0.8204632133782979,-0.09200870266362793,0.11702775955200195
GOOGL,1d,10,0.7,0.0,9,21,0.4109430033752102,0.9201375226786468,0.4052146326636986,0.28767068382644545,1.4086059353485203,0.11428571428571428,-0.6424296860596116,-0.09200870266362793,0.1158895492553711
GOOGL,1d,10,0.7,0.0,10,30,0.5980535098482311,1.7779300068799575,0.6930808723231662,0.28629616999896157,2.420852756520215,0.14285714285714285,-0.17138286398680827,-0.058534471415218614,0.10634493827819824
GOOGL,1d,10,0.7,0.0,12,26,0.6328582096114762,2.0200309138973602,0.7091177866087873,0.24453762508745389,2.8998310029190226,0.08571428571428572,-0.404190586155562,-0.0968677774568173,0.10892772674560547
GOOGL,1d,10,0.7,0.0,20,50,0.7018650871224565,2.52852894769345,0.6795350096549221,0.2851932147886415,2.382718011571663,0.05714285714285714,-0.0988347242444551,-0.03257409353943741,0.10536575317382812
GOOGL,1d,10,0.7,0.25,8,21,0.4436518007678566,0.9050224352564837,0.4222290402920989,0.09516414916499516,4.4368498431067795,0.7714285714285715,0.9934869636650068,-0.11329094597045619,0.11366486549377441
GOOGL,1d,10,0.7,0.25,9,21,0.3949470199850141,0.3675369334683236,0.4129138758874733,0.10213196583423474,4.042944562113424,0.7142857142857143,0.8565520152378345,-0.11329094597045619,0.11452603340148926
GOOGL,1d,10,0.7,0.25,10,30,0.43577477197744935,1.1608600249752485,0.5019355662817222,0.12060953903458903,4.161657281003077,0.45714285714285713,0.5521511017117792,-0.06295565002838033,0.11654400825500488
GOOGL,1d,10,0.7,0.25,12,26,0.4548541147192165,1.3975364343621473,0.5072831271049358,0.11031440754712726,4.598521067053006,0.42857142857142855,0.520371674113559,-0.11548922633619152,0.1077735424041748
GOOGL,1d,10,0.7,0.25,20,50,0.46171923230541856,1.9370301650603756,0.5008541830220982,0.12475354028499228,4.014749255836152,0.14285714285714285,0.07047731436648633,-0.03257409353943741,0.11117029190063477
GOOGL,1d,10,0.7,0.5,8,21,0.6578521063948068,0.6552675287532519,0.6343997136410282,0.05650055465683573,11.228203289226917,0.8285714285714286,1.1253067801850734,-0.1343212153209582,0.11792206764221191
GOOGL,1d,10,0.7,0.5,9,21,0.6098776466212018,-0.033296225211323804,0.6177349987575174,0.061010977128994906,10.124981238235971,0.7714285714285715,0.9780965387952979,-0.1343212153209582,0.11334919929504395
GOOGL,1d,10,0.7,0.5,10,30,0.5894374503128333,0.6686385636752397,0.604222236769314,0.06261342834497537,9.650042374940517,0.4857142857142857,0.5881414644691494,-0.07185917090784777,0.10366940498352051
GOOGL,1d,10,0.7,0.5,12,26,0.607117749579843,0.8889599098811654,0.60333194300107,0.06448278456945164,9.356480912378203,0.4857142857142857,0.5717283142043722,-0.13391835954662967,0.09979557991027832
GOOGL,1d,10,0.7,0.5,20,50,0.4973477428144731,1.4281987088116406,0.5180718156047408,0.07073851145436416,7.323759080497004,0.14285714285714285,0.07083294099959446,-0.03257409353943741,0.09996652603149414
GOOGL,1d,10,0.7,0.75,8,21,0.8495052572313256,0.390992586482398,0.8215037340465701,0.045991246060384884,17.862176053416004,0.8285714285714286,1.216292505770517,-0.15509951071513384,0.1090695858001709
GOOGL,1d,10,0.7,0.75,9,21,0.8012602368047453,-0.3219486158645619,0.7996430929639382,0.04924406454798234,16.238364974621124,0.7714285714285715,1.062936457376934,-0.15509951071513384,0.10812211036682129
GOOGL,1d,10,0.7,0.75,10,30,0.7454310288432257,0.2789726616437016,0.7262119800359572,0.04379998640565408,16.580187338647473,0.4857142857142857,0.611485199980316,-0.10615957816190214,0.1029350757598877
GOOGL,1d,10,0.7,0.75,12,26,0.7634759141126277,0.4767531581430693,0.7222440643918133,0.053107062834695865,13.59977422663935,0.4857142857142857,0.6053510772363875,-0.15215517708813187,0.10777664184570312
GOOGL,1d,10,0.7,0.75,20,50,0.5770087048320207,0.9932107872171165,0.5798184965812047,0.05651710437017325,10.259168494966318,0.14285714285714285,0.07108627462748636,-0.03257409353943741,0.10810327529907227
GOOGL,1d,10,0.7,1.0,8,21,1.0074708109808892,0.13629113750766675,0.9752899661838235,0.04530393114414066,21.527711647821572,0.8285714285714286,1.2859731313257228,-0.17562583215298322,0.1128849983215332
GOOGL,1d,10,0.7,1.0,9,21,0.9590143540377376,-0.52826485893402,0.9494656381539788,0.04731992285977327,20.06481796193123,0.7714285714285715,1.1284393095928449,-0.17562583215298322,0.11486411094665527
GOOGL,1d,10,0.7,1.0,10,30,0.8779669059435976,-0.02714953886384508,0.8332837024860158,0.0425741299124141,19.572536284365505,0.4857142857142857,0.629246746193966,-0.1413794375492029,0.11011362075805664
GOOGL,1d,10,0.7,1.0,12,26,0.896645928275543,0.14533733278357097,0.8272853536805019,0.05414744383006917,15.278382415922904,0.4857142857142857,0.6309676745694126,-0.17019967896069876,0.1036229133605957
GOOGL,1d,10,0.7,1.0,20,50,0.6538485504362855,0.6237678173820886,0.6418772062360573,0.05386314449069457,11.91681644852629,0.14285714285714285,0.07127589495727406,-0.03257409353943741,0.1047978401184082
GOOGL,1d,10,0.85,0.0,8,21,0.4285942105946081,0.9827758750291486,0.33679734524998983,0.26981202265717386,1.2482666336849202,0.34285714285714286,-0.36158690485679923,-0.10917990512238318,0.1257021427154541
GOOGL,1d,10,0.85,0.0,9,21,0.24828998454293222,0.35291879287389016,0.33581925624222436,0.3016467229642263,1.1132866054110946,0.2857142857142857,-0.36951805783885383,-0.09436755109443484,0.11710429191589355
GOOGL,1d,10,0.85,0.0,10,30,0.5354107709227685,1.435322226800007,0.6715044545951738,0.2803008488114388,2.3956561581691878,0.2,-0.17272023036811093,-0.0800934577151643,0.10933518409729004
GOOGL,1d,10,0.85,0.0,12,26,0.5094660955643621,1.3340073201439995,0.6486780621652175,0.234774515166628,2.7629832893268977,0.17142857142857143,-0.2702246114461062,-0.07564268185802547,0.10781526565551758
GOOGL,1d,10,0.85,0.0,20,50,0.7124320753902661,2.632459839922032,0.7417787227625949,0.29246486115085746,2.5363003262808217,0.11428571428571428,-0.048024581694686784,-0.0289293462339143,0.1000509262084961
GOOGL,1d,10,0.85,0.25,8,21,0.42927626289332593,0.4198597293365216,0.4352275476927116,0.08671992581012948,5.018772140622312,0.8,0.9313940518143139,-0.10255450160761093,0.11458277702331543
GOOGL,1d,10,0.85,0.25,9,21,0.36275591108597705,-0.11894684822195867,0.42953213145166985,0.09332285965055323,4.602646479759084,0.7714285714285715,0.8509017507667451,-0.10255450160761093,0.11288166046142578
GOOGL,1d,10,0.85,0.25,10,30,0.416758776213495,0.8284812975617282,0.5019634823630362,0.11606068747088492,4.325008694170963,0.5142857142857142,0.6883090858365647,-0.06642080994008692,0.11071991920471191
GOOGL,1d,10,0.85,0.25,12,26,0.4186994500889336,0.7323429469988811,0.49175015040079,0.10130680333055513,4.854068376792552,0.5142857142857142,0.6010769979447916,-0.09470176547435927,0.11871337890625
GOOGL,1d,10,0.85,0.25,20,50,0.47085593490247507,2.057729618317448,0.5353059109857223,0.15171045989534684,3.5284706891995974,0.2,0.12114201989679439,-0.0289293462339143,0.09973740577697754
GOOGL,1d,10,0.85,0.5,8,21,0.6762467901729747,0.008614182950517524,0.6922667766413205,0.05509817520440698,12.564241448525326,0.8857142857142857,1.088347346989698,-0.12383940951829342,0.11761331558227539
GOOGL,1d,10,0.85,0.5,9,21,0.6267900891877017,-0.43097653476655584,0.6723338072240111,0.05001742903189144,13.441990526848684,0.8571428571428571,0.993891566761735,-0.12383940951829342,0.10556435585021973
GOOGL,1d,10,0.85,0.5,10,30,0.591734649657368,0.36137449028656965,0.6284599457562778,0.057623656985146786,10.906283610536402,0.5428571428571428,0.7504045171970003,-0.07529140588529093,0.09846854209899902
GOOGL,1d,10,0.85,0.5,12,26,0.6104595176245077,0.27449793109447373,0.6191794397545458,0.05848961365414797,10.586143437632963,0.5714285714285714,0.6768604429589372,-0.11356401368659996,0.10218000411987305
GOOGL,1d,10,0.85,0.5,20,50,0.5036854470507692,1.5590876213726035,0.5427361348748045,0.09256022405234964,5.863600055330973,0.2,0.1215596411832759,-0.0289293462339143,0.09377026557922363
GOOGL,1d,10,0.85,0.75,8,21,0.8917160171117641,-0.2892897560507032,0.9096751722669817,0.04987058978227418,18.24071414110914,0.8857142857142857,1.2014355079037684,-0.14486929252335545,0.10871648788452148
GOOGL,1d,10,0.85,0.75,9,21,0.8465486997242087,-0.6356445195919147,0.8788057488416291,0.03778868507447993,23.255790644991734,0.8571428571428571,1.0944009260046352,-0.14486929252335545,0.10268568992614746
GOOGL,1d,10,0.85,0.75,10,30,0.7600816533717873,0.00493568488038254,0.7668929418509174,0.04314893157561333,17.77316178749477,0.5428571428571428,0.787617540220149,-0.08416200183049538,0.09833860397338867
GOOGL,1d,10,0.85,0.75,12,26,0.7897668610968716,-0.07076440695218877,0.7577690028911122,0.05175936375664619,14.640230248073912,0.5714285714285714,0.7294940621336148,-0.13222942649474645,0.1086111068725586
GOOGL,1d,10,0.85,0.75,20,50,0.5823582390801302,1.1288919869526532,0.6019846867596335,0.07363002263808516,8.175804721921363,0.2,0.12184816801986315,-0.0289293462339143,0.09868454933166504
GOOGL,1d,10,0.85,1.0,8,21,1.0683140222484513,-0.5032695509586421,1.0863806144170745,0.052576942141676054,20.662681589386985,0.8857142857142857,1.2896969845746808,-0.16564415062279658,0.10817217826843262
GOOGL,1d,10,0.85,1.0,9,21,1.0246210391044455,-0.7687711374890764,1.0468311822027108,0.03765306949679404,27.802014449096717,0.8571428571428571,1.1725224958308007,-0.16564415062279658,0.10613393783569336
GOOGL,1d,10,0.85,1.0,10,30,0.901348619469957,-0.26467173460871096,0.8862702828071978,0.04740430506479464,18.69598724410785,0.5428571428571428,0.8151456219055522,-0.09303259777569894,0.1030721664428711
GOOGL,1d,10,0.85,1.0,12,26,0.9392849731375293,-0.3287430851306845,0.8771295720939338,0.05695680720674075,15.399907668808495,0.5714285714285714,0.7704238556460874,-0.15069800389880006,0.10252976417541504
GOOGL,1d,10,0.85,1.0,20,50,0.658675135380913,0.7598972989546511,0.6632249932917265,0.06765158715181412,9.803539299135892,0.2,0.12205916686152771,-0.0289293462339143,0.09551000595092773
GOOGL,1d,10,1.0,0.0,8,21,0.3444972841817598,0.6529450448904464,0.38894810675253033,0.2510252850409723,1.5494379647414651,0.34285714285714286,-0.3519847753004219,-0.10962531516982199,0.10527658462524414
GOOGL,1d,10,1.0,0.0,9,21,0.31953580439136786,0.5698669760524486,0.3669808036205687,0.2523353605503609,1.4543376038148523,0.2857142857142857,-0.3975208691283545,-0.09436755109443484,0.10496306419372559
GOOGL,1d,10,1.0,0.0,10,30,0.5025480780684319,1.3026684288170518,0.6840206154646352,0.2952434863201602,2.31680171505253,0.14285714285714285,-0.3194162239741601,-0.1281838917987158,0.10392165184020996
GOOGL,1d,10,1.0,0.0,12,26,0.4628289338827604,1.1248600072043868,0.6266269435201715,0.28487012554976543,2.199693429807201,0.14285714285714285,-0.30941961858272377,-0.08067830588739588,0.10998201370239258
GOOGL,1d,10,1.0,0.0,20,50,0.6510610487500134,2.206104778139577,0.7611504168773473,0.2732833346043587,2.7852061230857337,0.11428571428571428,-0.048024581694686784,-0.0289293462339143,0.09448552131652832
GOOGL,1d,10,1.0,0.25,8,21,0.4169409346516899,0.12995962060671729,0.46828828476925527,0.07600022172902834,6.161669980896808,0.8571428571428571,0.9156644977706617,-0.13076879440781208,0.10944581031799316
GOOGL,1d,10,1.0,0.25,9,21,0.3972613313929948,0.06187284722566333,0.4440913968837908,0.07500613695411666,5.920734154799278,0.8571428571428571,0.8602481118642494,-0.08479860177599363,0.1103215217590332
GOOGL,1d,10,1.0,0.25,10,30,0.41740654536013255,0.7051402479198849,0.5139954635977614,0.11498074200600829,4.470274366214324,0.5142857142857142,0.655473306517451,-0.07518101725692916,0.10328960418701172
GOOGL,1d,10,1.0,0.25,12,26,0.40791278367143635,0.5412012368955232,0.49617430578307414,0.11282539606597103,4.397718271628776,0.5714285714285714,0.5873046348882451,-0.0819960701199064,0.10276556015014648
GOOGL,1d,10,1.0,0.25,20,50,0.4389588553961864,1.5796876015928563,0.5592777581191803,0.1483398502313288,3.770246209949746,0.2,0.12114201989679439,-0.0289293462339143,0.09545063972473145
GOOGL,1d,10,1.0,0.5,8,21,0.6916220631253022,-0.2340390506224429,0.7354473651473624,0.048000854218563996,15.32154744160643,0.8857142857142857,1.0823874257446842,-0.15166071961171956,0.1055760383605957
GOOGL,1d,10,1.0,0.5,9,21,0.6640159687759535,-0.287197196162996,0.6994118052137515,0.04316167722556183,16.204463083272763,0.8571428571428571,1.010457713167845,-0.10550199684480743,0.1041257381439209
GOOGL,1d,10,1.0,0.5,10,30,0.6109790634715012,0.25228269651654256,0.6545839818340488,0.05613659856988475,11.660556544393291,0.5428571428571428,0.7328267267347185,-0.09264534667223323,0.10167789459228516
GOOGL,1d,10,1.0,0.5,12,26,0.613257839660903,0.10821584858723354,0.6450887019171201,0.055312436457349054,11.662633997591888,0.5714285714285714,0.6718839139391158,-0.09849271784535507,0.1105647087097168
GOOGL,1d,10,1.0,0.5,20,50,0.508188979062898,1.0616026715506548,0.5659628959358886,0.08859836004129167,6.387961308449942,0.2,0.1215596411832759,-0.0289293462339143,0.10286307334899902
GOOGL,1d,10,1.0,0.75,8,21,0.92361154718838,-0.485161959314523,0.9628407840795574,0.04145946856299886,23.223664399279336,0.8857142857142857,1.2059880781154315,-0.1723010907815451,0.11792540550231934
GOOGL,1d,10,1.0,0.75,9,21,0.8890705441877089,-0.525198465645657,0.9170584869778946,0.03544299784459954,25.874179464128684,0.8571428571428571,1.1201457598679536,-0.12596854739965113,0.11072683334350586
GOOGL,1d,10,1.0,0.75,10,30,0.7911583687215433,-0.08799283222893117,0.8038011864677138,0.0417291290162602,19.262352352346106,0.5428571428571428,0.7798853320899666,-0.1099432022407949,0.11159157752990723
GOOGL,1d,10,1.0,0.75,12,26,0.800101097233898,-0.21018042524642044,0.7983184229622398,0.045136537061149326,17.68674503940582,0.5714285714285714,0.7319188424283208,-0.11485068478107952,0.10468339920043945
GOOGL,1d,10,1.0,0.75,20,50,0.6089224023926118,0.6359503924061858,0.6255403257935181,0.06844434186875134,9.13940157380799,0.2,0.12184816801986315,-0.0289293462339143,0.10362792015075684
GOOGL,1d,10,1.0,1.0,8,21,1.1121901690143492,-0.656893240680759,1.1478513628085412,0.04137984686580427,27.739381601170436,0.8857142857142857,1.3033903856651203,-0.19268990791728835,0.11627697944641113
GOOGL,1d,10,1.0,1.0,9,21,1.0719933625894427,-0.6861991120726315,1.0942353742790307,0.03599444666439489,30.40011656468747,0.8571428571428571,1.2062157735110415,-0.1461982534405235,0.11511778831481934
GOOGL,1d,10,1.0,1.0,10,30,0.941174556397279,-0.3414656230821852,0.9315127816663576,0.046918874864335505,19.85368967946905,0.5428571428571428,0.8146435979428147,-0.12707458396261473,0.10830163955688477
GOOGL,1d,10,1.0,1.0,12,26,0.9548773333908718,-0.4422241102593607,0.9286956784957325,0.053548131260521534,17.343194928268492,0.5714285714285714,0.778631972625413,-0.1310699709270804,0.12073278427124023
GOOGL,1d,10,1.0,1.0,20,50,0.7008381403828625,0.28863092579607974,0.6872024910485633,0.06255061688515719,10.986342345915881,0.2,0.12205916686152771,-0.0289293462339143,0.10012531280517578
GOOGL,1d,14,0.0,0.0,8,21,0.49402430121164803,1.3226149643013159,0.4878063993434039,0.2100947294755482,2.3218402506388296,0.08571428571428572,-0.28159078599307713,-0.061972620804642053,0.11020565032958984
GOOGL,1d,14,0.0,0.0,9,21,0.4939507560179368,1.259372559909436,0.5428651788338082,0.23530497268975115,2.307070575807908,0.11428571428571428,-0.10885463395713048,-0.0520940247511501,0.10634803771972656
GOOGL,1d,14,0.0,0.0,10,30,0.9351323497612399,4.758740898180294,0.5853406318460361,0.22582762643704504,2.591979737294073,0.14285714285714285,0.04608666509944519,-0.058534471415218614,0.09996557235717773
GOOGL,1d,14,0.0,0.0,12,26,0.7486961917889468,2.8930392141852574,0.5982376749239611,0.24244233037212518,2.467546298559847,0.08571428571428572,-0.07931864150018643,-0.10552213307561864,0.10857415199279785
GOOGL,1d,14,0.0,0.0,20,50,0.7255633708077384,2.8630236513251095,0.5693692806318378,0.22110886508578187,2.5750631048236987,0.0,-0.15222046771848133,-0.022071241392875085,0.10062384605407715
GOOGL,1d,14,0.0,0.25,8,21,0.4094285278317834,1.1862918610972235,0.3762353688282794,0.0917558571484734,4.1003962092521204,0.42857142857142855,0.4679404988820683,-0.061972620804642053,0.10709142684936523
GOOGL,1d,14,0.0,0.25,9,21,0.3561482099987525,0.6481307068352655,0.4172592332857629,0.10668325911958512,3.911196908767494,0.4,0.4643948597137958,-0.03652952416570876,0.10459613800048828
GOOGL,1d,14,0.0,0.25,10,30,0.5889322721794793,4.337673304857946,0.43722727262452465,0.12521253153837103,3.4918811020966984,0.2857142857142857,0.3345708194983173,-0.02480449329248291,0.1036374568939209
GOOGL,1d,14,0.0,0.25,12,26,0.48111914106739334,2.2385173985372444,0.4535260513621683,0.12983381114249207,3.4931274632647527,0.2,0.14851124912364158,-0.10552213307561864,0.10275387763977051
GOOGL,1d,14,0.0,0.25,20,50,0.48320302921305747,2.258037856464107,0.4342608250934717,0.15911541471462054,2.7292190758031505,0.08571428571428572,0.018977400089670877,-0.022071241392875085,0.10052967071533203
GOOGL,1d,14,0.0,0.5,8,21,0.5153620184480834,0.9773514693550895,0.4724318333568804,0.058700729552277446,8.0481424500209,0.42857142857142855,0.5038254771811298,-0.061972620804642053,0.10708379745483398
GOOGL,1d,14,0.0,0.5,9,21,0.4604143411444695,0.18504925424782304,0.4992718906108043,0.06500041904125219,7.681056491250371,0.4,0.5103284570804997,-0.04660451271710031,0.1069953441619873
GOOGL,1d,14,0.0,0.5,10,30,0.5704838636233621,3.901832498207746,0.4724341238040089,0.08384995039999832,5.6342803013037726,0.2857142857142857,0.35236260377649564,-0.02480449329248291,0.09899735450744629
GOOGL,1d,14,0.0,0.5,12,26,0.5093490169310536,1.6547742353670887,0.49490385327893555,0.07946453127075571,6.227984301482547,0.2,0.15497847116999827,-0.10552213307561864,0.09890866279602051
GOOGL,1d,14,0.0,0.5,20,50,0.4861129288562589,1.7274440129507322,0.45735609382687975,0.11562594900550413,3.9554796977718927,0.08571428571428572,0.01901971795676361,-0.022071241392875085,0.09446215629577637
GOOGL,1d,14,0.0,0.75,8,21,0.6305069340066739,0.735178815219047,0.5808295577869608,0.053397445044879234,10.877478450491177,0.42857142857142855,0.5274271027367218,-0.061972620804642053,0.11366534233093262
GOOGL,1d,14,0.0,0.75,9,21,0.5761786448297996,-0.161166761042845,0.5995790167144593,0.05458837733491273,10.983638752181603,0.4,0.5403205190560648,-0.056679501268492194,0.10731267929077148
GOOGL,1d,14,0.0,0.75,10,30,0.622529734468561,3.4614543464142864,0.5420489510425692,0.07586868254807248,7.144567861701198,0.2857142857142857,0.36362111918180773,-0.026752585391917716,0.10422325134277344
GOOGL,1d,14,0.0,0.75,12,26,0.5854475034104647,1.1451931234719712,0.5688087894432773,0.0646808839976372,8.794078780123906,0.2,0.160110370704233,-0.10552213307561864,0.10581088066101074
GOOGL,1d,14,0.0,0.75,20,50,0.5426140509415556,1.2652591802638944,0.5155777585120653,0.09147267315516229,5.636412938730965,0.08571428571428572,0.019049006607184046,-0.022071241392875085,0.0986485481262207
GOOGL,1d,14,0.0,1.0,8,21,0.7303961217346392,0.48615408438266394,0.6757258542389157,0.055611453663527426,12.15083961529472,0.42857142857142855,0.5451974697228513,-0.06929043333958196,0.10712647438049316
GOOGL,1d,14,0.0,1.0,9,21,0.6771561364111184,-0.41633067894281495,0.6888510340809904,0.055058607326738986,12.511232439881434,0.4,0.5628116533218809,-0.06675448981988386,0.10898566246032715
GOOGL,1d,14,0.0,1.0,10,30,0.6814864049975471,3.0251279156664657,0.6091624810662106,0.0780628375519716,7.803488832450534,0.2857142857142857,0.3721439528762281,-0.03326039752235632,0.10138964653015137
GOOGL,1d,14,0.0,1.0,12,26,0.6601420456639678,0.7088105192461756,0.6390584891202244,0.06309260508140407,10.128896854008342,0.2,0.164201125865048,-0.10552213307561864,0.10435986518859863
GOOGL,1d,14,0.0,1.0,20,50,0.6025285750165347,0.8655307183804211,0.5735731512079122,0.0778029101438505,7.37212978470121,0.08571428571428572,0.019070457403972254,-0.022071241392875085,0.10524201393127441
GOOGL,1d,14,0.1,0.0,8,21,0.3960534078249138,0.8698422481432395,0.47087192472574835,0.2203924265743999,2.1365159050362914,0.05714285714285714,-0.35816607682472645,-0.061972620804642053,0.10654258728027344
GOOGL,1d,14,0.1,0.0,9,21,0.4688288892582543,1.1287818844006132,0.540471042916027,0.2658948141456254,2.0326498079801647,0.08571428571428572,-0.20750554147985906,-0.05596174697272305,0.10830926895141602
GOOGL,1d,14,0.1,0.0,10,30,0.8672207798290743,3.872920761881667,0.6744837063111504,0.27175461290803155,2.4819586283873396,0.14285714285714285,0.04608666509944519,-0.058534471415218614,0.10305953025817871
GOOGL,1d,14,0.1,0.0,12,26,0.672341125709833,2.244522574616039,0.6272307666106668,0.28601996517419964,2.192961481652701,0.08571428571428572,-0.11025116807811942,-0.10552213307561864,0.10943222045898438
GOOGL,1d,14,0.1,0.0,20,50,0.698074442378047,2.694128716570373,0.5558485264488613,0.23407408627120016,2.374669213937892,0.0,-0.15222046771848133,-0.022071241392875085,0.09816122055053711
GOOGL,1d,14,0.1,0.25,8,21,0.3670774365383289,0.6632508253094778,0.37526972330644576,0.09151077740722713,4.10082543213985,0.45714285714285713,0.6303526650674189,-0.06484284426226283,0.10639262199401855
GOOGL,1d,14,0.1,0.25,9,21,0.34942611827422093,0.5214694028521443,0.4222130439602477,0.11016641223106981,3.832502442529145,0.4,0.4877518738819011,-0.06484284426226283,0.10877704620361328
GOOGL,1d,14,0.1,0.25,10,30,0.5412262090217779,3.3188879662898225,0.48796200856427446,0.13778222332294165,3.541545467883487,0.2857142857142857,0.3345708194983173,-0.02480449329248291,0.10113787651062012
GOOGL,1d,14,0.1,0.25,12,26,0.43662513139052805,1.5781815892262445,0.46904141413924016,0.14760318819352414,3.1777187192208536,0.2,0.14978647371209416,-0.10552213307561864,0.10949492454528809
GOOGL,1d,14,0.1,0.25,20,50,0.4685777803041071,2.069497826059084,0.43047039829155603,0.1663910456238466,2.5871007461825966,0.08571428571428572,0.018977400089670877,-0.022071241392875085,0.09323954582214355
GOOGL,1d,14,0.1,0.5,8,21,0.5037780058085026,0.42006264535750737,0.4838070053625403,0.05770885416975252,8.383583634140539,0.4857142857142857,0.6780464981964391,-0.07372394155180217,0.11280083656311035
GOOGL,1d,14,0.1,0.5,9,21,0.4731015520192688,0.06939800710026112,0.5114623694165907,0.06216676964617268,8.22726309132067,0.42857142857142855,0.5457718771889392,-0.07372394155180217,0.10594534873962402
GOOGL,1d,14,0.1,0.5,10,30,0.550140151562543,2.787461334793664,0.5144225182050997,0.08097353028216538,6.352971352644637,0.2857142857142857,0.35236260377649564,-0.02480449329248291,0.09797525405883789
GOOGL,1d,14,0.1,0.5,12,26,0.4995203375373349,1.0179543802818674,0.5143134552366175,0.08750555733519183,5.877494766035594,0.22857142857142856,0.16656559423707984,-0.10552213307561864,0.10121011734008789
GOOGL,1d,14,0.1,0.5,20,50,0.4844293407332579,1.5275266438599244,0.45762888840296184,0.11927256792578285,3.8368326964144903,0.08571428571428572,0.01901971795676361,-0.022071241392875085,0.09366273880004883
GOOGL,1d,14,0.1,0.75,8,21,0.6363022783470493,0.17510934187913896,0.6004494021051672,0.05628113818435058,10.668750161703853,0.4857142857142857,0.708802550778157,-0.08260503884134218,0.1032564640045166
GOOGL,1d,14,0.1,0.75,9,21,0.6015168819177028,-0.2617834004677899,0.6171228126970976,0.05106137584964001,12.085902552143008,0.42857142857142855,0.5831042800612133,-0.08260503884134218,0.11099743843078613
GOOGL,1d,14,0.1,0.75,10,30,0.6184086547211898,2.2870918612994022,0.5825786510974603,0.0662420522159608,8.794695085806685,0.2857142857142857,0.36362111918180773,-0.026752585391917716,0.10864496231079102
GOOGL,1d,14,0.1,0.75,12,26,0.5953924217715305,0.5560803511870667,0.5927787833039531,0.0674453781266632,8.789020089570966,0.22857142857142856,0.17834298522394754,-0.10552213307561864,0.10558295249938965
GOOGL,1d,14,0.1,0.75,20,50,0.5482898472194007,1.0613569291159992,0.5181901970769369,0.09390133494985843,5.518453995927117,0.08571428571428572,0.019049006607184046,-0.022071241392875085,0.09551692008972168
GOOGL,1d,14,0.1,1.0,8,21,0.748256491915045,-0.0519566279094551,0.7014639704744802,0.06209180530057444,11.297206887105771,0.4857142857142857,0.7318206529782262,-0.09148613613088163,0.10690617561340332
GOOGL,1d,14,0.1,1.0,9,21,0.7117870199240639,-0.5002923885659336,0.7104602564246807,0.05260621129821497,13.505254206527281,0.42857142857142855,0.6109803707818574,-0.09148613613088163,0.11024856567382812
GOOGL,1d,14,0.1,1.0,10,30,0.6885380106529173,1.8235630654065673,0.6496507932365846,0.06643907124298484,9.778143810298669,0.2857142857142857,0.3721439528762281,-0.03326039752235632,0.10390710830688477
GOOGL,1d,14,0.1,1.0,12,26,0.6836482461527921,0.1821352785653847,0.6667887932241361,0.06274461026019398,10.627029006301052,0.22857142857142856,0.18741758314850854,-0.10552213307561864,0.10755109786987305
GOOGL,1d,14,0.1,1.0,20,50,0.6132184225184039,0.6640134151238115,0.5777710208077714,0.07932209850397298,7.283859500752275,0.08571428571428572,0.019070457403972254,-0.022071241392875085,0.10472702980041504
GOOGL,1d,14,0.25,0.0,8,21,0.36394364265646,0.7382798712583185,0.44184451234633526,0.27579491087839747,1.60207637965137,0.05714285714285714,-0.35816607682472645,-0.061972620804642053,0.10700201988220215
GOOGL,1d,14,0.25,0.0,9,21,0.4688802591209385,1.1424128036020615,0.42482209036761454,0.2684579824107196,1.582452816462243,0.08571428571428572,-0.20750554147985906,-0.05596174697272305,0.11092138290405273
GOOGL,1d,14,0.25,0.0,10,30,0.8410341800937785,3.574303940516363,0.7206758063208845,0.25834168149505016,2.7896226507091644,0.14285714285714285,0.04608666509944519,-0.058534471415218614,0.09858274459838867
GOOGL,1d,14,0.25,0.0,12,26,0.6704582348379486,2.321130406039105,0.6377875901571359,0.2666751553651036,2.3916273313273004,0.08571428571428572,-0.11025116807811942,-0.10552213307561864,0.10942530632019043
GOOGL,1d,14,0.25,0.0,20,50,0.6717008782339364,2.278031712831549,0.6138778530753657,0.26645991143142506,2.3038281810483547,0.0,-0.15222046771848133,-0.022071241392875085,0.10366272926330566
GOOGL,1d,14,0.25,0.25,8,21,0.3623455249810287,0.5131118937872732,0.36673186412075476,0.10830631408638275,3.386061719617357,0.45714285714285713,0.6303526650674189,-0.06484284426226283,0.11660957336425781
GOOGL,1d,14,0.25,0.25,9,21,0.368650673468097,0.5411823199384578,0.3785090446707805,0.10101299214582966,3.7471322909070692,0.4,0.4877518738819011,-0.06484284426226283,0.1112065315246582
GOOGL,1d,14,0.25,0.25,10,30,0.5231780308520285,2.998980677460848,0.5011307669299612,0.1333167674565307,3.758947778968313,0.2857142857142857,0.3345708194983173,-0.02480449329248291,0.1088266372680664
GOOGL,1d,14,0.25,0.25,12,26,0.4492873648788363,1.668180508820059,0.46898023801202415,0.12812462896385898,3.6603441649326665,0.2,0.14978647371209416,-0.10552213307561864,0.11455512046813965
GOOGL,1d,14,0.25,0.25,20,50,0.43799172761972,1.6413981287243038,0.4583209384005933,0.17516198357061152,2.61655485430053,0.08571428571428572,0.018977400089670877,-0.022071241392875085,0.10378384590148926
GOOGL,1d,14,0.25,0.5,8,21,0.5223244419469271,0.26692571289807554,0.5081761873002197,0.06298742812873562,8.067898664819174,0.4857142857142857,0.6780464981964391,-0.07372394155180217,0.10306143760681152
GOOGL,1d,14,0.25,0.5,9,21,0.5188748113489534,0.09301627143130387,0.5100451085490418,0.056135945484695214,9.085891475509207,0.42857142857142855,0.5457718771889392,-0.07372394155180217,0.10431623458862305
GOOGL,1d,14,0.25,0.5,10,30,0.5580943180447381,2.462425528830704,0.5356986684880358,0.08049190158679491,6.65531137825572,0.2857142857142857,0.35236260377649564,-0.02480449329248291,0.10561156272888184
GOOGL,1d,14,0.25,0.5,12,26,0.5337908121395699,1.1157644292979465,0.5294217083248329,0.08085502925330955,6.547789459901317,0.22857142857142856,0.16656559423707984,-0.10552213307561864,0.10549354553222656
GOOGL,1d,14,0.25,0.5,20,50,0.4748107374458378,1.1087551635823067,0.4752969031028469,0.12247963553892485,3.8806198353831185,0.08571428571428572,0.01901971795676361,-0.022071241392875085,0.09876537322998047
GOOGL,1d,14,0.25,0.75,8,21,0.6700273540012307,0.028676252769173516,0.6467295188259721,0.05401742054209483,11.972610175304226,0.4857142857142857,0.708802550778157,-0.08260503884134218,0.11275696754455566
GOOGL,1d,14,0.25,0.75,9,21,0.6664323725413225,-0.23652744845700813,0.6403828881349435,0.04837509525859655,13.237863092810004,0.42857142857142855,0.5831042800612133,-0.08260503884134218,0.10124588012695312
GOOGL,1d,14,0.25,0.75,10,30,0.6428103230084379,1.9699956617489764,0.6120108617905605,0.06632557600310036,9.227373491064025,0.2857142857142857,0.36362111918180773,-0.026752585391917716,0.09981417655944824
GOOGL,1d,14,0.25,0.75,12,26,0.644966057123823,0.6564243432469994,0.6194585462887526,0.07047212775194348,8.790121230186204,0.22857142857142856,0.17834298522394754,-0.10552213307561864,0.09928345680236816
GOOGL,1d,14,0.25,0.75,20,50,0.5528941508676382,0.6671696410335997,0.5320519069216136,0.095736706183412,5.557449468778576,0.08571428571428572,0.019049006607184046,-0.022071241392875085,0.09722113609313965
GOOGL,1d,14,0.25,1.0,8,21,0.7931665233292834,-0.18601085585711286,0.763999024387753,0.05626709994941995,13.57807715475887,0.4857142857142857,0.7318206529782262,-0.09148613613088163,0.10748457908630371
GOOGL,1d,14,0.25,1.0,9,21,0.7913019512467094,-0.4753743800232785,0.751099512265903,0.05279383776371175,14.227029973224962,0.42857142857142855,0.6109803707818574,-0.09148613613088163,0.11436176300048828
GOOGL,1d,14,0.25,1.0,10,30,0.7246229506313618,1.5244365099187758,0.6855493241994977,0.06587568310678706,10.406712945779939,0.2857142857142857,0.3721439528762281,-0.03326039752235632,0.10741066932678223
GOOGL,1d,14,0.25,1.0,12,26,0.7446745906071739,0.2805036267700265,0.7021504528965553,0.07142734689582138,9.83027486546098,0.22857142857142856,0.18741758314850854,-0.10552213307561864,0.10641598701477051
GOOGL,1d,14,0.25,1.0,20,50,0.6280090444434979,0.30453464131639607,0.5895274243047116,0.080568376180394,7.3171069376494495,0.08571428571428572,0.019070457403972254,-0.022071241392875085,0.0932302474975586
GOOGL,1d,14,0.4,0.0,8,21,0.46265000336992534,1.0329657751785968,0.39112359910029604,0.29153009833498134,1.3416233909778923,0.05714285714285714,-0.35816607682472645,-0.061972620804642053,0.10408568382263184
GOOGL,1d,14,0.4,0.0,9,21,0.4670335625756573,1.1518340669325315,0.34598695922499323,0.3450040931727148,1.0028488533084923,0.08571428571428572,-0.20750554147985906,-0.05596174697272305,0.10240364074707031
GOOGL,1d,14,0.4,0.0,10,30,0.7733503357257803,3.0749269354685724,0.6330169182827479,0.270248302155617,2.3423529888385306,0.14285714285714285,0.04608666509944519,-0.058534471415218614,0.09884214401245117
GOOGL,1d,14,0.4,0.0,12,26,0.7584276133821577,3.069630654793314,0.5774000106765287,0.2631525382300658,2.1941647021915722,0.08571428571428572,-0.11025116807811942,-0.10552213307561864,0.09835577011108398
GOOGL,1d,14,0.4,0.0,20,50,0.671698809108274,2.2535596550563275,0.6428379413131114,0.2731661752648617,2.353285287571993,0.0,-0.15222046771848133,-0.022071241392875085,0.09401416778564453
GOOGL,1d,14,0.4,0.25,8,21,0.4035724392964947,0.8255957604355368,0.3672629633191314,0.0957291312898097,3.836480686399233,0.45714285714285713,0.6303526650674189,-0.06484284426226283,0.10460400581359863
GOOGL,1d,14,0.4,0.25,9,21,0.378658928594531,0.5490151147424605,0.36111791414040256,0.1262415461779017,2.8605314579362737,0.4,0.4877518738819011,-0.06484284426226283,0.10501337051391602
GOOGL,1d,14,0.4,0.25,10,30,0.49644981941368593,2.4858493175849876,0.4530067859687247,0.12290447015566738,3.685844667772937,0.2857142857142857,0.3345708194983173,-0.02480449329248291,0.09958529472351074
GOOGL,1d,14,0.4,0.25,12,26,0.4993072988475346,2.479312440820368,0.44361577565883936,0.12159020050666434,3.648450070896337,0.2,0.14978647371209416,-0.10552213307561864,0.09868168830871582
GOOGL,1d,14,0.4,0.25,20,50,0.4364351148317903,1.6159942261043714,0.4726555099753475,0.14262827787170884,3.3138976157343163,0.08571428571428572,0.018977400089670877,-0.022071241392875085,0.10011816024780273
GOOGL,1d,14,0.4,0.5,8,21,0.5725873300049351,0.5708525600727563,0.5409988736086018,0.05173617955491676,10.45687714598918,0.4857142857142857,0.6780464981964391,-0.07372394155180217,0.11109399795532227
GOOGL,1d,14,0.4,0.5,9,21,0.5411089308587339,0.099108026268375,0.5264725146837257,0.06820520333988529,7.718949418861319,0.42857142857142855,0.5457718771889392,-0.07372394155180217,0.10768628120422363
GOOGL,1d,14,0.4,0.5,10,30,0.5542055213226323,1.957976247928653,0.5194742216510859,0.07309104390399052,7.107221266855165,0.2857142857142857,0.35236260377649564,-0.02480449329248291,0.10130620002746582
GOOGL,1d,14,0.4,0.5,12,26,0.5802401264389712,1.9526978538450903,0.5282709832630329,0.07677893225298617,6.880415860986226,0.22857142857142856,0.16656559423707984,-0.10552213307561864,0.10326743125915527
GOOGL,1d,14,0.4,0.5,20,50,0.47271270948944216,1.0836951723006023,0.4871779146881353,0.0897803887806806,5.426328859838583,0.08571428571428572,0.01901971795676361,-0.022071241392875085,0.09715604782104492
GOOGL,1d,14,0.4,0.75,8,21,0.7309683012422854,0.3050296359335123,0.6996729755475246,0.03959918199514741,17.668874463953937,0.4857142857142857,0.708802550778157,-0.08260503884134218,0.11272358894348145
GOOGL,1d,14,0.4,0.75,9,21,0.6974279921186824,-0.23205803566834915,0.6769848377019382,0.05191520646345582,13.040203127738337,0.42857142857142855,0.5831042800612133,-0.08260503884134218,0.10952639579772949
GOOGL,1d,14,0.4,0.75,10,30,0.6513257238707006,1.489588095799831,0.613954557243608,0.05862219772490833,10.473073017914873,0.2857142857142857,0.36362111918180773,-0.026752585391917716,0.09991192817687988
GOOGL,1d,14,0.4,0.75,12,26,0.6928855762155601,1.487306838125885,0.6324440241439439,0.06564027810166,9.63499915653084,0.22857142857142856,0.17834298522394754,-0.10552213307561864,0.10052061080932617
GOOGL,1d,14,0.4,0.75,20,50,0.5509168300928027,0.6433895730705186,0.5440360451950135,0.06880970865050222,7.906384954458643,0.08571428571428572,0.019049006607184046,-0.022071241392875085,0.09601235389709473
GOOGL,1d,14,0.4,1.0,8,21,0.8632010860895464,0.05132262433424062,0.8315358179390719,0.0381276800484633,21.8092424422919,0.4857142857142857,0.7318206529782262,-0.09148613613088163,0.10762763023376465
GOOGL,1d,14,0.4,1.0,9,21,0.828991254857419,-0.47227573506113707,0.802085657467934,0.05221839242417939,15.36021352309064,0.42857142857142855,0.6109803707818574,-0.09148613613088163,0.1152498722076416
GOOGL,1d,14,0.4,1.0,10,30,0.7415552990360234,1.077963514851651,0.6999759487463637,0.056476430336495353,12.394125205431685,0.2857142857142857,0.3721439528762281,-0.03326039752235632,0.10293340682983398
GOOGL,1d,14,0.4,1.0,12,26,0.7945788777711781,1.0797465791479177,0.7249660722423987,0.06496783589711665,11.1588459463304,0.22857142857142856,0.18741758314850854,-0.10552213307561864,0.10266327857971191
GOOGL,1d,14,0.4,1.0,20,50,0.6262209023324771,0.2826743649468362,0.6018635857444037,0.05924650742522534,10.158634017439967,0.08571428571428572,0.019070457403972254,-0.022071241392875085,0.10187554359436035
GOOGL,1d,14,0.55,0.0,8,21,0.439941178183711,0.9314281543861271,0.3686479561673274,0.32683846686262347,1.1279209565080883,0.05714285714285714,-0.5120880095876875,-0.07146568471719783,0.11618161201477051
GOOGL,1d,14,0.55,0.0,9,21,0.43881516214286415,1.0255710617605764,0.36637804002203894,0.31509762929213364,1.1627445145972906,0.08571428571428572,-0.24707434113312818,-0.05256797773877453,0.12233519554138184
GOOGL,1d,14,0.55,0.0,10,30,0.7394712204861842,2.8246190676357674,0.6143577484297479,0.2772395100417444,2.2159819440499047,0.14285714285714285,0.06858618484070114,-0.058534471415218614,0.12953782081604004
GOOGL,1d,14,0.55,0.0,12,26,0.7000019630902696,2.5705020134178995,0.6028020763320738,0.24354869474310958,2.4750782465407903,0.08571428571428572,-0.056128338976279855,-0.08870785789511715,0.11754894256591797
GOOGL,1d,14,0.55,0.0,20,50,0.7681155034514481,2.975906985925982,0.7085115332989584,0.25222003452800246,2.809100928975952,0.0,-0.15222046771848133,-0.022071241392875085,0.0969247817993164
GOOGL,1d,14,0.55,0.25,8,21,0.40336061083210606,0.7151030983674125,0.3813896699371391,0.0917525758112666,4.156718942928107,0.7714285714285715,1.2136276160249828,-0.06933897473130801,0.13765907287597656
GOOGL,1d,14,0.55,0.25,9,21,0.3823426566242675,0.44215215146480413,0.3737368677102615,0.11213709137894283,3.3328568015671043,0.7142857142857143,1.074310579946675,-0.05791667230562203,0.13524246215820312
GOOGL,1d,14,0.55,0.25,10,30,0.48674437230819867,2.2232921507179535,0.4421985077625396,0.11599033080076895,3.8123738824582096,0.45714285714285713,0.674661802090434,-0.02480449329248291,0.10137629508972168
GOOGL,1d,14,0.55,0.25,12,26,0.4745556495622292,1.9497870964585804,0.4552606059334526,0.10524697291733301,4.325640855163029,0.42857142857142855,0.5444911375033872,-0.08870785789511715,0.1384577751159668
GOOGL,1d,14,0.55,0.25,20,50,0.49097702434498935,2.376908273018039,0.5113201715902218,0.12462660794249722,4.102817047112003,0.08571428571428572,0.018977400089670877,-0.022071241392875085,0.11852598190307617
GOOGL,1d,14,0.55,0.5,8,21,0.5913844013159731,0.4604285996717876,0.5797419554030111,0.04626387330234105,12.531202297185846,0.8285714285714286,1.3008884012878006,-0.07697121590771083,0.10580039024353027
GOOGL,1d,14,0.55,0.5,9,21,0.5686257236751461,0.013905704282483278,0.5584707521469373,0.06383264267100901,8.748983729614238,0.7714285714285715,1.1567957686808124,-0.06397934319433318,0.11519217491149902
GOOGL,1d,14,0.55,0.5,10,30,0.5777344742361779,1.6958859813955987,0.5285601122036374,0.0663160255720815,7.97032252225557,0.45714285714285713,0.6928118096752297,-0.02480449329248291,0.11731100082397461
GOOGL,1d,14,0.55,0.5,12,26,0.5803841248643014,1.4173762471779199,0.5486190147630795,0.0627566189584862,8.742010386601509,0.42857142857142855,0.5587392588478868,-0.08870785789511715,0.10176992416381836
GOOGL,1d,14,0.55,0.5,20,50,0.5167101722900826,1.8473546818269244,0.5162394334285957,0.07614292622469951,6.779873837592758,0.08571428571428572,0.01901971795676361,-0.022071241392875085,0.0991048812866211
GOOGL,1d,14,0.55,0.75,8,21,0.7624434694123674,0.2016330240454438,0.755013054224597,0.03309703909035941,22.812102682759896,0.8285714285714286,1.3545572422238965,-0.08460345708411376,0.1139681339263916
GOOGL,1d,14,0.55,0.75,9,21,0.7405296305498048,-0.2967283694491255,0.7236647039585122,0.04915167807566848,14.723092522791148,0.7714285714285715,1.2120453936087625,-0.0715699972960615,0.11254549026489258
GOOGL,1d,14,0.55,0.75,10,30,0.6959274302284373,1.2374965449509516,0.6365375567205179,0.05590560871406707,11.385933743716686,0.45714285714285713,0.704453691984144,-0.026752585391917716,0.10317873954772949
GOOGL,1d,14,0.55,0.75,12,26,0.7074730358328098,0.9650558491247592,0.660509240525011,0.054223404859124906,12.181257194029898,0.42857142857142855,0.5699159701075998,-0.08870785789511715,0.10062098503112793
GOOGL,1d,14,0.55,0.75,20,50,0.5924350975490266,1.3825962946378558,0.5705377789815853,0.06114341227244137,9.331140637676494,0.08571428571428572,0.019049006607184046,-0.022071241392875085,0.10021734237670898
GOOGL,1d,14,0.55,1.0,8,21,0.9041519393597615,-0.0404474494238809,0.8993209090600172,0.03203875893510288,28.069779821423953,0.8285714285714286,1.394045854301564,-0.09223569826051681,0.10804557800292969
GOOGL,1d,14,0.55,1.0,9,21,0.883649417986587,-0.519232104950466,0.8601503231914716,0.047176958962284396,18.232424092428644,0.7714285714285715,1.2538688170868793,-0.07916065139778938,0.10647988319396973
GOOGL,1d,14,0.55,1.0,10,30,0.8014048470285168,0.8426140488000045,0.7326160097194379,0.058474403876276795,12.528832466074304,0.45714285714285713,0.7132791527453208,-0.03326039752235632,0.1309959888458252
GOOGL,1d,14,0.55,1.0,12,26,0.8193034886439019,0.5843648919502389,0.7592384544676634,0.056897316440640444,13.344011668103152,0.42857142857142855,0.578882079397867,-0.08870785789511715,0.10302400588989258
GOOGL,1d,14,0.55,1.0,20,50,0.6670112345296797,0.9777377417478343,0.6274716951556798,0.057050334973718565,10.998562855848924,0.08571428571428572,0.019070457403972254,-0.022071241392875085,0.10013127326965332
GOOGL,1d,14,0.7,0.0,8,21,0.3951841969095872,0.7992877114986794,0.39525140666452535,0.29668079792990704,1.332244652914498,0.02857142857142857,-0.7319123042907661,-0.08063227390356031,0.11591434478759766
GOOGL,1d,14,0.7,0.0,9,21,0.4336659643873062,1.0076937683132936,0.3331809966628685,0.27473109552706704,1.2127531323808334,0.05714285714285714,-0.48918752633122825,-0.08063227390356031,0.10996341705322266
GOOGL,1d,14,0.7,0.0,10,30,0.7146344736516423,2.516229139413478,0.6820404953236446,0.26147437286463193,2.6084410791444723,0.14285714285714285,0.008239834511762384,-0.058534471415218614,0.10097646713256836
GOOGL,1d,14,0.7,0.0,12,26,0.5532253923002648,1.5236802932576046,0.6698340285961433,0.22275595618320077,3.0070308335335953,0.08571428571428572,-0.22069047197943534,-0.0684294881269416,0.10387277603149414
GOOGL,1d,14,0.7,0.0,20,50,0.6946043912431553,2.468442550669936,0.7150010523733071,0.22965489167964223,3.1133717516050123,0.0,-0.15222046771848133,-0.022071241392875085,0.09857034683227539
GOOGL,1d,14,0.7,0.25,8,21,0.4094415465724453,0.5631726411893918,0.4053043360058083,0.09430881244492412,4.297629516250181,0.7714285714285715,1.1589972759374136,-0.09542653806995882,0.1058969497680664
GOOGL,1d,14,0.7,0.25,9,21,0.39994839759270195,0.44308793676312286,0.37599176963319164,0.098605387583627,3.8130956010320824,0.7142857142857143,1.0497445409372255,-0.09542653806995882,0.10829758644104004
GOOGL,1d,14,0.7,0.25,10,30,0.47945281124858363,1.9068903769267846,0.48374487779612513,0.10092188457517767,4.793260449231692,0.45714285714285713,0.6931799240496521,-0.06295565002838033,0.11299967765808105
GOOGL,1d,14,0.7,0.25,12,26,0.4113267944900389,0.9032640630586315,0.48617177300841685,0.09660059955801864,5.0328028524959665,0.45714285714285713,0.6433565275114966,-0.06295565002838033,0.1104433536529541
GOOGL,1d,14,0.7,0.25,20,50,0.4555605035128331,1.8476572204650736,0.5148400877167483,0.10391117348204931,4.954617202987194,0.08571428571428572,0.018977400089670877,-0.022071241392875085,0.0967111587524414
GOOGL,1d,14,0.7,0.5,8,21,0.6267091203106786,0.30034053792605797,0.6164504951310275,0.05367985855249444,11.48383233029927,0.8285714285714286,1.2770616322430859,-0.110120314512826,0.10700464248657227
GOOGL,1d,14,0.7,0.5,9,21,0.6084389828064402,0.028595873861412935,0.5836482056766605,0.059735814826370116,9.770490406351861,0.7714285714285715,1.1515924741367742,-0.110120314512826,0.11220836639404297
GOOGL,1d,14,0.7,0.5,10,30,0.6086663450182214,1.386781378855205,0.5794743178935892,0.05358294243510765,10.81452961631156,0.4857142857142857,0.7231450884305987,-0.07185917090784777,0.10486292839050293
GOOGL,1d,14,0.7,0.5,12,26,0.5639281616332563,0.420512588163525,0.5844247053569084,0.06170024035493994,9.47200046539393,0.4857142857142857,0.6831777734134589,-0.07185917090784777,0.10522627830505371
GOOGL,1d,14,0.7,0.5,20,50,0.5004509699329278,1.3208035818086872,0.522851947696082,0.06434178373989775,8.126164947644531,0.08571428571428572,0.01901971795676361,-0.022071241392875085,0.09868574142456055
GOOGL,1d,14,0.7,0.75,8,21,0.8173399393608913,0.04394179852577618,0.8018702844535099,0.040847665299661884,19.630749482765356,0.8285714285714286,1.3519108126702801,-0.12471360323216185,0.10888314247131348
GOOGL,1d,14,0.7,0.75,9,21,0.7959894157858209,-0.2732453699513342,0.7640864680711626,0.04996153641477021,15.293494213786317,0.7714285714285715,1.21834922554869,-0.12471360323216185,0.11551785469055176
GOOGL,1d,14,0.7,0.75,10,30,0.7524221248579882,0.9463838652116947,0.6963796427442019,0.0422812785741984,16.470165194322163,0.4857142857142857,0.7419279645676643,-0.08076269178731532,0.11788105964660645
GOOGL,1d,14,0.7,0.75,12,26,0.7168635454213859,0.04887971415275261,0.702983496678752,0.05669949696848256,12.398407997685025,0.4857142857142857,0.7085889947196892,-0.08076269178731532,0.1180415153503418
GOOGL,1d,14,0.7,0.75,20,50,0.5858314249529836,0.8766910828640606,0.5797705426464728,0.056230891754757754,10.310534379839668,0.08571428571428572,0.019049006607184046,-0.022071241392875085,0.10059499740600586
GOOGL,1d,14,0.7,1.0,8,21,0.9737993076059467,-0.1873453594180915,0.9541538754378742,0.03739511795814441,25.51546639071547,0.8285714285714286,1.4073200833924007,-0.1392064042279677,0.11376690864562988
GOOGL,1d,14,0.7,1.0,9,21,0.9510136572614455,-0.49121434157382915,0.9119828846967517,0.05023009169784844,18.156106307403288,0.7714285714285715,1.2686230498096691,-0.1392064042279677,0.13028693199157715
GOOGL,1d,14,0.7,1.0,10,30,0.8767975741522043,0.5763999305105976,0.7995105360867873,0.04423223079520634,18.07529309992283,0.4857142857142857,0.7559945022769593,-0.08966621266678265,0.10379314422607422
GOOGL,1d,14,0.7,1.0,12,26,0.8465350192576964,-0.23410479071589796,0.8073149163317884,0.06017722727615728,13.415621703987238,0.4857142857142857,0.7276115480558236,-0.08966621266678265,0.11255717277526855
GOOGL,1d,14,0.7,1.0,20,50,0.6667008735681142,0.5049776324340343,0.6386751497681451,0.05629888782004789,11.344365306284336,0.08571428571428572,0.019070457403972254,-0.022071241392875085,0.11195993423461914
GOOGL,1d,14,0.85,0.0,8,21,0.41863310135039433,0.9416626320404553,0.34016918257643314,0.24992521225276584,1.3610838999004136,0.34285714285714286,-0.3583100803721579,-0.10917990512238318,0.12006878852844238
GOOGL,1d,14,0.85,0.0,9,21,0.2581238208105294,0.38161355159922783,0.2967574464035522,0.3157512128523557,0.9398457846694483,0.2857142857142857,-0.36130012915578996,-0.09436755109443484,0.11577630043029785
GOOGL,1d,14,0.85,0.0,10,30,0.5481116502567527,1.4942082670496903,0.643343334849596,0.28840854394235294,2.2306666995905204,0.14285714285714285,-0.20293400976423098,-0.0800934577151643,0.10426998138427734
GOOGL,1d,14,0.85,0.0,12,26,0.4994528770054085,1.2800618781042612,0.6467511006459211,0.24064531191436905,2.687569915661022,0.17142857142857143,-0.26624751265950125,-0.05855489466235997,0.10405302047729492
GOOGL,1d,14,0.85,0.0,20,50,0.7124703270541698,2.630545194421192,0.7662252281657713,0.27335248793734274,2.803066597079606,0.11428571428571428,-0.048024581694686784,-0.0289293462339143,0.10266232490539551
GOOGL,1d,14,0.85,0.25,8,21,0.42581479135337874,0.3824167389477906,0.434603850552073,0.08130264427027994,5.345506956788388,0.8,0.8987747662040919,-0.07430520666946949,0.11547160148620605
GOOGL,1d,14,0.85,0.25,9,21,0.3598742328349135,-0.09775994078347605,0.41629010952662676,0.09900762447160763,4.20462678251619,0.7714285714285715,0.8534245840918988,-0.07430520666946949,0.11211061477661133
GOOGL,1d,14,0.85,0.25,10,30,0.42147342842387436,0.8858609250188516,0.48286706831373216,0.10242772887943613,4.7142221505477,0.5142857142857142,0.680161837514116,-0.06642080994008692,0.10837292671203613
GOOGL,1d,14,0.85,0.25,12,26,0.41205234140516295,0.6805046784475397,0.48936682434614287,0.10196855676538381,4.799193397157825,0.5428571428571428,0.6329828309542702,-0.06642080994008692,0.10561990737915039
GOOGL,1d,14,0.85,0.25,20,50,0.47060759223042503,2.056363630752988,0.5390820513673974,0.14503701046797848,3.716858542712564,0.2,0.12114201989679439,-0.0289293462339143,0.11957597732543945
GOOGL,1d,14,0.85,0.5,8,21,0.6739782675372246,-0.02385410567039359,0.6908550144567791,0.05421703822648281,12.742396800999076,0.8857142857142857,1.0560205371226983,-0.08475205114573026,0.1038360595703125
GOOGL,1d,14,0.85,0.5,9,21,0.6165958973588935,-0.41635960820641904,0.6619545236607607,0.05456134733086789,12.132297973629075,0.8571428571428571,0.9956456274670172,-0.08475205114573026,0.10928130149841309
GOOGL,1d,14,0.85,0.5,10,30,0.5949042784302787,0.414643666299354,0.6096264481667659,0.04318992700381108,14.115014552188812,0.5428571428571428,0.7449191621316525,-0.07529140588529093,0.11815738677978516
GOOGL,1d,14,0.85,0.5,12,26,0.6021908931208554,0.22720154560228667,0.616483580400524,0.058967531839858554,10.45462750712957,0.5714285714285714,0.7048825820910439,-0.07529140588529093,0.10796332359313965
GOOGL,1d,14,0.85,0.5,20,50,0.5108733790981013,1.5583781986721275,0.5402658804502571,0.08903788634793788,6.067820145000216,0.2,0.1215596411832759,-0.0289293462339143,0.10193157196044922
GOOGL,1d,14,0.85,0.75,8,21,0.8898850318568716,-0.31643666108262924,0.9077349780422651,0.05073265592658062,17.892518368364605,0.8857142857142857,1.169697302882924,-0.09955116406780218,0.13487648963928223
GOOGL,1d,14,0.85,0.75,9,21,0.8313647570333774,-0.6261700906831054,0.8686487238465826,0.04182890536587326,20.766709438093084,0.8571428571428571,1.0958878983204974,-0.09955116406780218,0.1242835521697998
GOOGL,1d,14,0.85,0.75,10,30,0.7626850699115887,0.052645472877473676,0.7471442978056981,0.031976909367682965,23.365119161915928,0.5428571428571428,0.7832336452123,-0.08416200183049538,0.11525511741638184
GOOGL,1d,14,0.85,0.75,12,26,0.7797257296146597,-0.11226027757134549,0.7545360728491299,0.05205506444917354,14.494959920486844,0.5714285714285714,0.7544849761894641,-0.08416200183049538,0.10943222045898438
GOOGL,1d,14,0.85,0.75,20,50,0.594410311326679,1.1288577191968008,0.5962337140908717,0.07032633043091352,8.47810074032789,0.2,0.12184816801986315,-0.0289293462339143,0.09865355491638184
GOOGL,1d,14,0.85,1.0,8,21,1.0667296668873698,-0.5253194462441958,1.0840366962708905,0.0537226473485089,20.17839309441586,0.8857142857142857,1.2585780562452122,-0.11446059923583385,0.10857987403869629
GOOGL,1d,14,0.85,1.0,9,21,1.0056677166149237,-0.7630249165439341,1.03641775015337,0.041136720061900986,25.19446734192244,0.8571428571428571,1.1738361082115307,-0.11446059923583385,0.10889720916748047
GOOGL,1d,14,0.85,1.0,10,30,0.903629810308177,-0.22314077345246175,0.8655948631079108,0.04091996356217469,21.153363487059487,0.5428571428571428,0.8114349730017113,-0.09303259777569894,0.11046433448791504
GOOGL,1d,14,0.85,1.0,12,26,0.9277167017580437,-0.3640171520149439,0.8734275516381219,0.05697384918483233,15.330323721056347,0.5714285714285714,0.7928931254861675,-0.09303259777569894,0.10755515098571777
GOOGL,1d,14,0.85,1.0,20,50,0.674220687157611,0.7604943261032442,0.6553118675510701,0.06363980640982159,10.29720083262125,0.2,0.12205916686152771,-0.0289293462339143,0.10405325889587402
GOOGL,1d,14,1.0,0.0,8,21,0.3444972841817598,0.6529450448904464,0.38894810675253033,0.2510252850409723,1.5494379647414651,0.34285714285714286,-0.3519847753004219,-0.10962531516982199,0.11328387260437012
GOOGL,1d,14,1.0,0.0,9,21,0.31953580439136786,0.5698669760524486,0.3669808036205687,0.2523353605503609,1.4543376038148523,0.2857142857142857,-0.3975208691283545,-0.09436755109443484,0.11632204055786133
GOOGL,1d,14,1.0,0.0,10,30,0.5025480780684319,1.3026684288170518,0.6840206154646352,0.2952434863201602,2.31680171505253,0.14285714285714285,-0.3194162239741601,-0.1281838917987158,0.1130061149597168
GOOGL,1d,14,1.0,0.0,12,26,0.4628289338827604,1.1248600072043868,0.6266269435201715,0.28487012554976543,2.199693429807201,0.14285714285714285,-0.30941961858272377,-0.08067830588739588,0.11205530166625977
GOOGL,1d,14,1.0,0.0,20,50,0.6510610487500134,2.206104778139577,0.7611504168773473,0.2732833346043587,2.7852061230857337,0.11428571428571428,-0.048024581694686784,-0.0289293462339143,0.11430597305297852
GOOGL,1d,14,1.0,0.25,8,21,0.4169409346516899,0.12995962060671729,0.46828828476925527,0.07600022172902834,6.161669980896808,0.8571428571428571,0.9156644977706617,-0.13076879440781208,0.11651611328125
GOOGL,1d,14,1.0,0.25,9,21,0.3972613313929948,0.06187284722566333,0.4440913968837908,0.07500613695411666,5.920734154799278,0.8571428571428571,0.8602481118642494,-0.08479860177599363,0.1231074333190918
GOOGL,1d,14,1.0,0.25,10,30,0.41740654536013255,0.7051402479198849,0.5139954635977614,0.11498074200600829,4.470274366214324,0.5142857142857142,0.655473306517451,-0.07518101725692916,0.12252640724182129
GOOGL,1d,14,1.0,0.25,12,26,0.40791278367143635,0.5412012368955232,0.49617430578307414,0.11282539606597103,4.397718271628776,0.5714285714285714,0.5873046348882451,-0.0819960701199064,0.12345623970031738
GOOGL,1d,14,1.0,0.25,20,50,0.4389588553961864,1.5796876015928563,0.5592777581191803,0.1483398502313288,3.770246209949746,0.2,0.12114201989679439,-0.0289293462339143,0.10344457626342773
GOOGL,1d,14,1.0,0.5,8,21,0.6916220631253022,-0.2340390506224429,0.7354473651473624,0.048000854218563996,15.32154744160643,0.8857142857142857,1.0823874257446842,-0.15166071961171956,0.11014366149902344
GOOGL,1d,14,1.0,0.5,9,21,0.6640159687759535,-0.287197196162996,0.6994118052137515,0.04316167722556183,16.204463083272763,0.8571428571428571,1.010457713167845,-0.10550199684480743,0.10716104507446289
GOOGL,1d,14,1.0,0.5,10,30,0.6109790634715012,0.25228269651654256,0.6545839818340488,0.05613659856988475,11.660556544393291,0.5428571428571428,0.7328267267347185,-0.09264534667223323,0.11062288284301758
GOOGL,1d,14,1.0,0.5,12,26,0.613257839660903,0.10821584858723354,0.6450887019171201,0.055312436457349054,11.662633997591888,0.5714285714285714,0.6718839139391158,-0.09849271784535507,0.10579228401184082
GOOGL,1d,14,1.0,0.5,20,50,0.508188979062898,1.0616026715506548,0.5659628959358886,0.08859836004129167,6.387961308449942,0.2,0.1215596411832759,-0.0289293462339143,0.10211563110351562
GOOGL,1d,14,1.0,0.75,8,21,0.92361154718838,-0.485161959314523,0.9628407840795574,0.04145946856299886,23.223664399279336,0.8857142857142857,1.2059880781154315,-0.1723010907815451,0.1080174446105957
GOOGL,1d,14,1.0,0.75,9,21,0.8890705441877089,-0.525198465645657,0.9170584869778946,0.03544299784459954,25.874179464128684,0.8571428571428571,1.1201457598679536,-0.12596854739965113,0.10863733291625977
GOOGL,1d,14,1.0,0.75,10,30,0.7911583687215433,-0.08799283222893117,0.8038011864677138,0.0417291290162602,19.262352352346106,0.5428571428571428,0.7798853320899666,-0.1099432022407949,0.10987424850463867
GOOGL,1d,14,1.0,0.75,12,26,0.800101097233898,-0.21018042524642044,0.7983184229622398,0.045136537061149326,17.68674503940582,0.5714285714285714,0.7319188424283208,-0.11485068478107952,0.11319780349731445
GOOGL,1d,14,1.0,0.75,20,50,0.6089224023926118,0.6359503924061858,0.6255403257935181,0.06844434186875134,9.13940157380799,0.2,0.12184816801986315,-0.0289293462339143,0.10044503211975098
GOOGL,1d,14,1.0,1.0,8,21,1.1121901690143492,-0.656893240680759,1.1478513628085412,0.04137984686580427,27.739381601170436,0.8857142857142857,1.3033903856651203,-0.19268990791728835,0.11333060264587402
GOOGL,1d,14,1.0,1.0,9,21,1.0719933625894427,-0.6861991120726315,1.0942353742790307,0.03599444666439489,30.40011656468747,0.8571428571428571,1.2062157735110415,-0.1461982534405235,0.11518716812133789
GOOGL,1d,14,1.0,1.0,10,30,0.941174556397279,-0.3414656230821852,0.9315127816663576,0.046918874864335505,19.85368967946905,0.5428571428571428,0.8146435979428147,-0.12707458396261473,0.10498571395874023
GOOGL,1d,14,1.0,1.0,12,26,0.9548773333908718,-0.4422241102593607,0.9286956784957325,0.053548131260521534,17.343194928268492,0.5714285714285714,0.778631972625413,-0.1310699709270804,0.1111595630645752
GOOGL,1d,14,1.0,1.0,20,50,0.7008381403828625,0.28863092579607974,0.6872024910485633,0.06255061688515719,10.986342345915881,0.2,0.12205916686152771,-0.0289293462339143,0.09971261024475098
GOOGL,1d,19,0.0,0.0,8,21,0.6755139677472376,2.645469810771089,0.4518861855336171,0.24122652833437333,1.8732856152008304,0.08571428571428572,-0.15585509190447577,-0.05840459050605584,0.10761332511901855
GOOGL,1d,19,0.0,0.0,9,21,0.30553805779094995,0.5377674756911932,0.5746926622158324,0.21729702721778157,2.6447332003297874,0.14285714285714285,-0.07239380987390637,-0.04453251672063152,0.12100028991699219
GOOGL,1d,19,0.0,0.0,10,30,0.7493334785490233,2.8942185234810243,0.5994629654720175,0.27843284092246456,2.152989437186939,0.08571428571428572,-0.10915472346637649,-0.07284669194799531,0.11194658279418945
GOOGL,1d,19,0.0,0.0,12,26,0.5977309348280189,1.8004645088946547,0.6217618668409087,0.28526405974851693,2.1796011295255404,0.11428571428571428,-0.04059298873833309,-0.08717171253510503,0.11798667907714844
GOOGL,1d,19,0.0,0.0,20,50,0.5791837925150476,1.844359571831347,0.635150271396547,0.34518667509464446,1.8400196682632646,0.02857142857142857,-0.10962384595147603,-0.013484228549621613,0.10085701942443848
GOOGL,1d,19,0.0,0.25,8,21,0.4702297288306831,2.041099401842322,0.3696013521105955,0.1125308948176743,3.284443376278434,0.2857142857142857,0.34932945068214655,-0.04741096520281485,0.11910891532897949
GOOGL,1d,19,0.0,0.25,9,21,0.25977592146936107,0.08077053367092257,0.4246074877869107,0.12020703047720242,3.532301614150918,0.34285714285714286,0.32280052903142453,-0.03713753091635197,0.11394238471984863
GOOGL,1d,19,0.0,0.25,10,30,0.48551517782035647,2.304883041746691,0.44446908375989913,0.16644275849030857,2.670402051680603,0.22857142857142856,0.18314512045405987,-0.030278025454613777,0.1051020622253418
GOOGL,1d,19,0.0,0.25,12,26,0.3993117973854407,1.173224164542543,0.47350259002269224,0.17762067762044903,2.665807812277927,0.22857142857142856,0.24367391414508205,-0.019492678359530946,0.10934972763061523
GOOGL,1d,19,0.0,0.25,20,50,0.3973414390520804,1.2102635398639583,0.5186839987600208,0.2742549426501792,1.8912475879117283,0.08571428571428572,0.0046510606236165606,-0.013484228549621613,0.11155056953430176
GOOGL,1d,19,0.0,0.5,8,21,0.49575813203650976,1.5123087473561942,0.4538848042175016,0.07590983229176891,5.979262376353813,0.3142857142857143,0.372177385364149,-0.06371772422917621,0.1155996322631836
GOOGL,1d,19,0.0,0.5,9,21,0.37197017482451367,-0.2518870158243909,0.4834795184720875,0.0801289184878841,6.0337706735077425,0.34285714285714286,0.3486209767034824,-0.05362015425687505,0.11804509162902832
GOOGL,1d,19,0.0,0.5,10,30,0.5069817702036362,1.7879628267247156,0.4625674855086143,0.11103240117305366,4.166058561479389,0.22857142857142856,0.20779417709502826,-0.04119891863292824,0.11984467506408691
GOOGL,1d,19,0.0,0.5,12,26,0.4619331990326045,0.6698824648701658,0.4874888338258393,0.1171682508027833,4.160588132756003,0.22857142857142856,0.2603757517564677,-0.019492678359530946,0.12091994285583496
GOOGL,1d,19,0.0,0.5,20,50,0.4152206623195554,0.6955397024006496,0.5051038967590143,0.18691285362679516,2.702349715164824,0.08571428571428572,0.004652871697574182,-0.013484228549621613,0.1010427474975586
GOOGL,1d,19,0.0,0.75,8,21,0.5684399301734488,1.054198627191413,0.5515417789580765,0.06849513895128935,8.05227622576703,0.3142857142857143,0.3857695374761005,-0.08002448325553768,0.11707830429077148
GOOGL,1d,19,0.0,0.75,9,21,0.4842958990879191,-0.490723360958358,0.5685027845002968,0.06813350613002879,8.343953170637405,0.34285714285714286,0.36630148304935783,-0.07010277759739791,0.12065243721008301
GOOGL,1d,19,0.0,0.75,10,30,0.5783643483301409,1.3373554371561172,0.5203263547036943,0.09046449014405572,5.751719308594192,0.22857142857142856,0.222016085482758,-0.05211981181124259,0.11132287979125977
GOOGL,1d,19,0.0,0.75,12,26,0.5544020566333943,0.26991369535392007,0.5418564406383278,0.09271428290125493,5.844368566334385,0.22857142857142856,0.268576277744228,-0.02046214070805963,0.10234785079956055
GOOGL,1d,19,0.0,0.75,20,50,0.4767614246837476,0.2822854381521138,0.5348335996831024,0.13232794058289774,4.041728431102215,0.08571428571428572,0.004654162926755106,-0.013484228549621613,0.09694886207580566
GOOGL,1d,19,0.0,1.0,8,21,0.6404999417728783,0.6613189161640751,0.6378295495070091,0.06849614629494993,9.311904158234881,0.3142857142857143,0.3956861210637408,-0.09633124228189893,0.10691523551940918
GOOGL,1d,19,0.0,1.0,9,21,0.5804484271583507,-0.6596484951089732,0.6466425481687422,0.06623534819823822,9.762801370551898,0.34285714285714286,0.37986756165859054,-0.08658540093792089,0.10796618461608887
GOOGL,1d,19,0.0,1.0,10,30,0.6495103395524162,0.9470006319560986,0.5788943001419691,0.08288366607059135,6.98441957971465,0.22857142857142856,0.2321566981285825,-0.06304070498955672,0.1128840446472168
GOOGL,1d,19,0.0,1.0,12,26,0.639337197162972,-0.044709263021113554,0.5978228619481744,0.08301763564239682,7.201154999442893,0.22857142857142856,0.2740512062426945,-0.028034730581814937,0.10619878768920898
GOOGL,1d,19,0.0,1.0,20,50,0.5392523326908618,-0.0456040551629503,0.5718437954523845,0.09723154868863021,5.881257710741917,0.08571428571428572,0.004655130038204227,-0.013484228549621613,0.09876012802124023
GOOGL,1d,19,0.1,0.0,8,21,0.5456380105069831,1.677510618903626,0.4370116528885924,0.23024830406600877,1.8980016146538377,0.05714285714285714,-0.24795044567387223,-0.05840459050605584,0.10856962203979492
GOOGL,1d,19,0.1,0.0,9,21,0.36378103575328535,0.7332138026594921,0.5637577882180044,0.22813341806917706,2.4711758276775377,0.11428571428571428,-0.16448916364330282,-0.04453251672063152,0.11998414993286133
GOOGL,1d,19,0.1,0.0,10,30,0.6208400160154797,1.9142854884521303,0.6569354660998795,0.3147700354123573,2.08703304696483,0.08571428571428572,-0.10915472346637649,-0.07284669194799531,0.11345720291137695
GOOGL,1d,19,0.1,0.0,12,26,0.6037077235549767,1.800092495391231,0.6422909033938461,0.3366183192752186,1.9080687728961954,0.08571428571428572,-0.05661355394862469,-0.08717171253510503,0.10977029800415039
GOOGL,1d,19,0.1,0.0,20,50,0.597806903517587,2.0121376041940726,0.6137986905593327,0.3235836110560144,1.8968781779652004,0.02857142857142857,-0.10962384595147603,-0.013484228549621613,0.11065196990966797
GOOGL,1d,19,0.1,0.25,8,21,0.39342251840707626,1.05474570877848,0.3708574755711515,0.11089483789489449,3.3442266800790867,0.37142857142857144,0.5443041905394858,-0.04741096520281485,0.1100764274597168
GOOGL,1d,19,0.1,0.25,9,21,0.2957419985387275,0.25514261435947305,0.42591035299958857,0.12180183015922155,3.4967483858233566,0.37142857142857144,0.4007386372955136,-0.03713753091635197,0.10800504684448242
GOOGL,1d,19,0.1,0.25,10,30,0.4109669416077254,1.2830634935183212,0.4721836814265994,0.17657840842216202,2.6740737196911812,0.22857142857142856,0.18314512045405987,-0.030278025454613777,0.10260391235351562
GOOGL,1d,19,0.1,0.25,12,26,0.40450768348504273,1.1735891674323375,0.4806246528638673,0.20189446546449857,2.380573691101904,0.22857142857142856,0.29243258430065394,-0.019492678359530946,0.10455131530761719
GOOGL,1d,19,0.1,0.25,20,50,0.4141883992461943,1.3753157796475,0.49822204929910346,0.25687056629839716,1.9395840343978419,0.08571428571428572,0.0046510606236165606,-0.013484228549621613,0.09772515296936035
GOOGL,1d,19,0.1,0.5,8,21,0.4710354112662588,0.557426258126769,0.46795697773895445,0.07318119609622477,6.394497530808945,0.4,0.5709923867486255,-0.06371772422917621,0.10916757583618164
GOOGL,1d,19,0.1,0.5,9,21,0.40945835775604983,-0.10455392722210821,0.49422007682586633,0.07760712872218915,6.3682304056761305,0.37142857142857144,0.4308375019444873,-0.05362015425687505,0.10719084739685059
GOOGL,1d,19,0.1,0.5,10,30,0.47577538198108343,0.7713691998333267,0.48974774105536073,0.11294199597121019,4.336276659925519,0.22857142857142856,0.20779417709502826,-0.04119891863292824,0.10348320007324219
GOOGL,1d,19,0.1,0.5,12,26,0.48558402441602744,0.6711344535708561,0.5022364667111879,0.12829964049245543,3.914558643994966,0.22857142857142856,0.31063898264370593,-0.019492678359530946,0.11259126663208008
GOOGL,1d,19,0.1,0.5,20,50,0.4278884793215583,0.8495005845580337,0.4907024657201397,0.1748023198080974,2.807185089184433,0.08571428571428572,0.004652871697574182,-0.013484228549621613,0.11658239364624023
GOOGL,1d,19,0.1,0.75,8,21,0.5726955295455244,0.16522783319467993,0.5741711943205068,0.06599319502526733,8.700460617199536,0.4,0.5855915702243102,-0.08002448325553768,0.10970282554626465
GOOGL,1d,19,0.1,0.75,9,21,0.5257932709655545,-0.37147873888613914,0.5857362493740658,0.06310637817766088,9.281728191167394,0.37142857142857144,0.4498434350551801,-0.07010277759739791,0.10695362091064453
GOOGL,1d,19,0.1,0.75,10,30,0.5711021557975814,0.3603134146893927,0.5509914457079303,0.08779654491769996,6.275775957065588,0.22857142857142856,0.222016085482758,-0.05211981181124259,0.1036834716796875
GOOGL,1d,19,0.1,0.75,12,26,0.5905399317386935,0.2720523855975323,0.5642581094440973,0.09814443348174685,5.749262484143223,0.22857142857142856,0.31917396684991767,-0.02046214070805963,0.10498189926147461
GOOGL,1d,19,0.1,0.75,20,50,0.4872367944369131,0.42001054576294217,0.5249180759737525,0.12349693640220002,4.250454232032281,0.08571428571428572,0.004654162926755106,-0.013484228549621613,0.09873461723327637
GOOGL,1d,19,0.1,1.0,8,21,0.6643558403681039,-0.14010403955713158,0.6667855943076433,0.06751732493529607,9.87577032926948,0.4,0.5959538276145163,-0.09633124228189893,0.10415530204772949
GOOGL,1d,19,0.1,1.0,9,21,0.6256468988819257,-0.566642550927482,0.6686936689672025,0.05962163736812621,11.215620678755242,0.37142857142857144,0.46409682053015044,-0.08658540093792089,0.10954904556274414
GOOGL,1d,19,0.1,1.0,10,30,0.658451330791989,0.033219366280266005,0.6128738648578393,0.07654068891601072,8.007164209488044,0.22857142857142856,0.2321566981285825,-0.06304070498955672,0.1074988842010498
GOOGL,1d,19,0.1,1.0,12,26,0.6846654821549141,-0.041801479547771137,0.6262987069849426,0.08520999020193046,7.350061952838408,0.22857142857142856,0.3248001554385004,-0.028034730581814937,0.10468387603759766
GOOGL,1d,19,0.1,1.0,20,50,0.5483477705548833,0.0732396842002423,0.565220244425139,0.09061801272097154,6.237393951305789,0.08571428571428572,0.004655130038204227,-0.013484228549621613,0.09609794616699219
GOOGL,1d,19,0.25,0.0,8,21,0.4341587131677424,1.0431203380769807,0.44950069323625774,0.27625111170194255,1.6271452826631174,0.05714285714285714,-0.24795044567387223,-0.05840459050605584,0.10914373397827148
GOOGL,1d,19,0.25,0.0,9,21,0.3168231344903592,0.5709678099056326,0.4721306067924763,0.2218059305246604,2.128575217424066,0.11428571428571428,-0.16448916364330282,-0.04453251672063152,0.11175131797790527
GOOGL,1d,19,0.25,0.0,10,30,0.5863677088554308,1.6949441316947902,0.7008095384379447,0.28288091510312896,2.4774012703630177,0.08571428571428572,-0.10915472346637649,-0.07284669194799531,0.10774660110473633
GOOGL,1d,19,0.25,0.0,12,26,0.5319030190732903,1.4633146032501436,0.6179517182693093,0.2846217565772303,2.171133105566482,0.08571428571428572,-0.05661355394862469,-0.08717171253510503,0.10728287696838379
GOOGL,1d,19,0.25,0.0,20,50,0.5616939838768877,1.6315726930934198,0.6426967896249371,0.34033878710802357,1.8884030089140122,0.02857142857142857,-0.10962384595147603,-0.013484228549621613,0.11057281494140625
GOOGL,1d,19,0.25,0.25,8,21,0.38069748017453325,0.8284179174741044,0.37126454116801577,0.12512538582384589,2.967140030966136,0.37142857142857144,0.5443041905394858,-0.04741096520281485,0.11116647720336914
GOOGL,1d,19,0.25,0.25,9,21,0.2953025697814669,0.10885359915071802,0.3844351763630761,0.11041758534650846,3.481648101220975,0.37142857142857144,0.4007386372955136,-0.03713753091635197,0.10265135765075684
GOOGL,1d,19,0.25,0.25,10,30,0.3955366989322961,1.0706304271880676,0.49145486769109603,0.16034046786486414,3.0650706851204714,0.22857142857142856,0.18314512045405987,-0.030278025454613777,0.10049200057983398
GOOGL,1d,19,0.25,0.25,12,26,0.38802693112240866,0.8543543078786868,0.4673777670487055,0.14673254223218443,3.1852359397490932,0.22857142857142856,0.29243258430065394,-0.019492678359530946,0.09903502464294434
GOOGL,1d,19,0.25,0.25,20,50,0.3774877976900609,1.0137681801650005,0.510002059713379,0.2708569599684685,1.8829202682210946,0.08571428571428572,0.0046510606236165606,-0.013484228549621613,0.09640979766845703
GOOGL,1d,19,0.25,0.5,8,21,0.5048671717987001,0.5635984641708618,0.4943686313587204,0.07618285415495564,6.489237464812968,0.4,0.5709923867486255,-0.06371772422917621,0.11741828918457031
GOOGL,1d,19,0.25,0.5,9,21,0.44620353834418836,-0.22912659475605668,0.4926490612759259,0.07208425601801967,6.83435036289718,0.37142857142857144,0.4308375019444873,-0.05362015425687505,0.10517096519470215
GOOGL,1d,19,0.25,0.5,10,30,0.47957847352434896,0.5760015389605466,0.5176597126254384,0.10136820563989697,5.106726604832941,0.22857142857142856,0.20779417709502826,-0.04119891863292824,0.10552358627319336
GOOGL,1d,19,0.25,0.5,12,26,0.5063883682889859,0.38345340143669415,0.5164244321928921,0.09948246611402095,5.191110075628773,0.22857142857142856,0.31063898264370593,-0.019492678359530946,0.10761499404907227
GOOGL,1d,19,0.25,0.5,20,50,0.4169693627193,0.5243674869683441,0.49882986326067397,0.1852633834020636,2.692544279935231,0.08571428571428572,0.004652871697574182,-0.013484228549621613,0.10584783554077148
GOOGL,1d,19,0.25,0.75,8,21,0.6311867255181713,0.2877529951571107,0.620633698325247,0.06400080010206081,9.697280304863918,0.4,0.5855915702243102,-0.08002448325553768,0.11798858642578125
GOOGL,1d,19,0.25,0.75,9,21,0.5867297902321373,-0.47280397289324716,0.6084757290519941,0.06186710032657556,9.835206852108081,0.37142857142857144,0.4498434350551801,-0.07010277759739791,0.11901688575744629
GOOGL,1d,19,0.25,0.75,10,30,0.5863883466848281,0.18766850384387168,0.5875745784322431,0.08000007132365594,7.344675682289022,0.22857142857142856,0.222016085482758,-0.05211981181124259,0.10434365272521973
GOOGL,1d,19,0.25,0.75,12,26,0.634069720587678,0.022610683928506292,0.5967636062479149,0.08548772445458838,6.9806935446611345,0.22857142857142856,0.31917396684991767,-0.02046214070805963,0.09872603416442871
GOOGL,1d,19,0.25,0.75,20,50,0.4927937418569852,0.14031078331883284,0.5325948202317927,0.13150568153339132,4.049975742656858,0.08571428571428572,0.004654162926755106,-0.013484228549621613,0.09725093841552734
GOOGL,1d,19,0.25,1.0,8,21,0.739114905494604,0.026092452426839108,0.7287685916627661,0.06381557852709206,11.419916711299216,0.4,0.5959538276145163,-0.09633124228189893,0.10762834548950195
GOOGL,1d,19,0.25,1.0,9,21,0.7043853685471321,-0.6458324662731199,0.7087207469649244,0.060798938307228635,11.656794784534283,0.37142857142857144,0.46409682053015044,-0.08658540093792089,0.10383796691894531
GOOGL,1d,19,0.25,1.0,10,30,0.6817570470338393,-0.1143445895050077,0.6562812777340612,0.07185623935275817,9.133253892013904,0.22857142857142856,0.2321566981285825,-0.06304070498955672,0.10866832733154297
GOOGL,1d,19,0.25,1.0,12,26,0.7444399729001615,-0.251334034521556,0.6717665555556112,0.08160682098034354,8.231745183621577,0.22857142857142856,0.3248001554385004,-0.028034730581814937,0.10825467109680176
GOOGL,1d,19,0.25,1.0,20,50,0.5653389096634226,-0.158038609117242,0.5729769979603997,0.09702304881672562,5.905576097105962,0.08571428571428572,0.004655130038204227,-0.013484228549621613,0.11440324783325195
GOOGL,1d,19,0.4,0.0,8,21,0.4828041545601992,1.1337469199585097,0.39702640363429315,0.3143849522726268,1.26286707033612,0.05714285714285714,-0.24795044567387223,-0.05840459050605584,0.1106107234954834
GOOGL,1d,19,0.4,0.0,9,21,0.3465194102639249,0.6796972901170899,0.3555107841577026,0.2694582686510221,1.319353775771965,0.11428571428571428,-0.16448916364330282,-0.04453251672063152,0.12376141548156738
GOOGL,1d,19,0.4,0.0,10,30,0.5547308611166129,1.5116153950563866,0.6406898666057425,0.24993401355477185,2.563436074559489,0.08571428571428572,-0.10915472346637649,-0.07284669194799531,0.10753989219665527
GOOGL,1d,19,0.4,0.0,12,26,0.6583586052080994,2.230126196762037,0.5727690921122888,0.24040719109412756,2.382495671221541,0.08571428571428572,-0.05661355394862469,-0.08717171253510503,0.10652589797973633
GOOGL,1d,19,0.4,0.0,20,50,0.656805643666904,2.173997006278974,0.6651391205279148,0.36833707782126385,1.8057892093357883,0.02857142857142857,-0.10962384595147603,-0.013484228549621613,0.10364842414855957
GOOGL,1d,19,0.4,0.25,8,21,0.40790203620159593,0.9287846518135834,0.37031176745885325,0.12166816361344576,3.0436209149615983,0.37142857142857144,0.5443041905394858,-0.04741096520281485,0.11039090156555176
GOOGL,1d,19,0.4,0.25,9,21,0.31680050283461314,0.20908390717746972,0.3447922409945808,0.11347197508709077,3.038567370753436,0.37142857142857144,0.4007386372955136,-0.03713753091635197,0.1242218017578125
GOOGL,1d,19,0.4,0.25,10,30,0.3786767059007829,0.8814937792849662,0.46291141935906416,0.14439606191149087,3.205845181863829,0.22857142857142856,0.18314512045405987,-0.030278025454613777,0.10465216636657715
GOOGL,1d,19,0.4,0.25,12,26,0.4479265252375678,1.6046262660637831,0.44799198721796396,0.12973208244787127,3.4532089423445074,0.22857142857142856,0.29243258430065394,-0.019492678359530946,0.1093587875366211
GOOGL,1d,19,0.4,0.25,20,50,0.43054688914578154,1.5546852154577993,0.529366486073803,0.2621269123047553,2.019504527098493,0.08571428571428572,0.0046510606236165606,-0.013484228549621613,0.0969691276550293
GOOGL,1d,19,0.4,0.5,8,21,0.5652005369641712,0.6644831318607021,0.5268719629188204,0.06538751031977011,8.057685027954324,0.4,0.5709923867486255,-0.06371772422917621,0.13324332237243652
GOOGL,1d,19,0.4,0.5,9,21,0.4714007815486581,-0.14164043097005463,0.4964166141104229,0.07663928197724602,6.477312956269705,0.37142857142857144,0.4308375019444873,-0.05362015425687505,0.11924505233764648
GOOGL,1d,19,0.4,0.5,10,30,0.4727287513741546,0.39126716902242586,0.5179776250306264,0.09620289975448013,5.384220500136269,0.22857142857142856,0.20779417709502826,-0.04119891863292824,0.10237574577331543
GOOGL,1d,19,0.4,0.5,12,26,0.5460696318153422,1.0835540604486589,0.5209975402564047,0.09016286963323408,5.77840459576904,0.22857142857142856,0.31063898264370593,-0.019492678359530946,0.103546142578125
GOOGL,1d,19,0.4,0.5,20,50,0.4542622048849191,1.037507835941092,0.5167658255789662,0.17041144001686284,3.0324597076806015,0.08571428571428572,0.004652871697574182,-0.013484228549621613,0.10056042671203613
GOOGL,1d,19,0.4,0.75,8,21,0.7163113237127575,0.38154842440385317,0.6738589132175381,0.04419249099720597,15.24826725110703,0.4,0.5855915702243102,-0.08002448325553768,0.12034869194030762
GOOGL,1d,19,0.4,0.75,9,21,0.616472714461727,-0.3996589395936605,0.6374357116059224,0.06821629018802469,9.344332707758765,0.37142857142857144,0.4498434350551801,-0.07010277759739791,0.12085533142089844
GOOGL,1d,19,0.4,0.75,10,30,0.5852065194256205,0.014640672189283332,0.6048896301120743,0.07657842258794945,7.898956516339384,0.22857142857142856,0.222016085482758,-0.05211981181124259,0.10496711730957031
GOOGL,1d,19,0.4,0.75,12,26,0.6657291754994886,0.6532273342333379,0.615746067875053,0.0783624428813099,7.857668102660868,0.22857142857142856,0.31917396684991767,-0.02046214070805963,0.10659384727478027
GOOGL,1d,19,0.4,0.75,20,50,0.5231261500753073,0.6088806448636801,0.5507842527256598,0.11719461762538923,4.699740174811041,0.08571428571428572,0.004654162926755106,-0.013484228549621613,0.0978093147277832
GOOGL,1d,19,0.4,1.0,8,21,0.8432638188146192,0.10753744143735888,0.7969373744500154,0.03670750273243163,21.710476472863114,0.4,0.5959538276145163,-0.09633124228189893,0.10921001434326172
GOOGL,1d,19,0.4,1.0,9,21,0.7380254373758022,-0.5868890147295724,0.7553806508950572,0.06793671321231189,11.118887199243586,0.37142857142857144,0.46409682053015044,-0.08658540093792089,0.1089024543762207
GOOGL,1d,19,0.4,1.0,10,30,0.6845722760576538,-0.2709272154779929,0.6853522824499281,0.06707926627321839,10.217050968602457,0.22857142857142856,0.2321566981285825,-0.06304070498955672,0.10694742202758789
GOOGL,1d,19,0.4,1.0,12,26,0.7714880664115055,0.30091415912941866,0.700846646308611,0.07535447159834693,9.300664332758531,0.22857142857142856,0.3248001554385004,-0.028034730581814937,0.10980558395385742
GOOGL,1d,19,0.4,1.0,20,50,0.5914433583806601,0.25651016887317457,0.591514067651673,0.08510471441784245,6.950426562123101,0.08571428571428572,0.004655130038204227,-0.013484228549621613,0.10004186630249023
GOOGL,1d,19,0.55,0.0,8,21,0.36017860222693054,0.654446100151872,0.37785969846432343,0.2868616098023239,1.3172194729183395,0.05714285714285714,-0.4174665053788183,-0.060254087280221746,0.11368417739868164
GOOGL,1d,19,0.55,0.0,9,21,0.4452802104685325,1.1198334496087199,0.33357778367751784,0.3242375777087864,1.0288066732879442,0.11428571428571428,-0.15934900163019128,-0.04501025046227125,0.10855865478515625
GOOGL,1d,19,0.55,0.0,10,30,0.5815514881006981,1.6868077346955999,0.6318562853396079,0.23572260639392656,2.680507801121479,0.08571428571428572,-0.06174780442894688,-0.07284669194799531,0.10739636421203613
GOOGL,1d,19,0.55,0.0,12,26,0.6283596469145319,2.0109181549855664,0.6081269006377056,0.2284561543965381,2.6618976505319343,0.08571428571428572,-0.037210732822394454,-0.11086169645404875,0.11680412292480469
GOOGL,1d,19,0.55,0.0,20,50,0.7000448076949064,2.4597494516483547,0.6955246716092127,0.3166774303655488,2.1963190455548123,0.02857142857142857,-0.10962384595147603,-0.013484228549621613,0.10178732872009277
GOOGL,1d,19,0.55,0.25,8,21,0.3694410864221662,0.4071402153643333,0.38380605333566536,0.09834872364743895,3.902501619762097,0.7714285714285715,1.2577876389618254,-0.06666637274990872,0.11657166481018066
GOOGL,1d,19,0.55,0.25,9,21,0.3806318861027241,0.5293108475966934,0.35154070065131576,0.12365609738797147,2.842890145144687,0.7428571428571429,1.055541056231191,-0.04847045792590232,0.1082308292388916
GOOGL,1d,19,0.55,0.25,10,30,0.40492565861189006,1.0541228045951576,0.4531496303754518,0.12357680753615838,3.666947216150255,0.4,0.5259110060913239,-0.019492678359530946,0.10049867630004883
GOOGL,1d,19,0.55,0.25,12,26,0.4377114824943655,1.38491707990197,0.4596903570582477,0.10713988591488577,4.290562316105466,0.45714285714285713,0.6655562665044275,-0.019492678359530946,0.10557770729064941
GOOGL,1d,19,0.55,0.25,20,50,0.4573080238357353,1.8746236554292017,0.5404372114761994,0.22282531573074033,2.4253851484687576,0.08571428571428572,0.0046510606236165606,-0.013484228549621613,0.10486745834350586
GOOGL,1d,19,0.55,0.5,8,21,0.5648503375974605,0.14362907726723662,0.5707193970351891,0.05681285405159401,10.045603350905346,0.8,1.3128800224705504,-0.07376430735957329,0.11258959770202637
GOOGL,1d,19,0.55,0.5,9,21,0.5477413917984271,0.09010704978826878,0.5333953780357137,0.07899704205751965,6.752093042260186,0.7428571428571429,1.1077820851947153,-0.05193066538953339,0.11076807975769043
GOOGL,1d,19,0.55,0.5,10,30,0.5152420379536349,0.5526631741741319,0.5255333000403518,0.08362734015073561,6.284228328834742,0.4,0.5499092391831623,-0.023009975715201136,0.11151719093322754
GOOGL,1d,19,0.55,0.5,12,26,0.55492405238937,0.8738892297064373,0.5401899535350767,0.07121662679264004,7.5851662436629645,0.45714285714285713,0.6926740272200625,-0.019492678359530946,0.10760879516601562
GOOGL,1d,19,0.55,0.5,20,50,0.48742342198453986,1.3749362179143896,0.529279903247387,0.14428592061094753,3.668271311617002,0.08571428571428572,0.004652871697574182,-0.013484228549621613,0.09930968284606934
GOOGL,1d,19,0.55,0.75,8,21,0.7375884493617934,-0.10509424574586623,0.7380265044806781,0.04415686724530395,16.713742403434804,0.8,1.3439874203158424,-0.08086224196923786,0.10999250411987305
GOOGL,1d,19,0.55,0.75,9,21,0.7072860013687307,-0.2330220659138983,0.6954525180480917,0.06430786267795402,10.814424381211884,0.7428571428571429,1.1439761840476539,-0.055390872853164574,0.11501502990722656
GOOGL,1d,19,0.55,0.75,10,30,0.6401815647500182,0.15953200303975557,0.6244616412844655,0.07128664249811899,8.759868881480045,0.4,0.5641444182997611,-0.03090038907250081,0.10560798645019531
GOOGL,1d,19,0.55,0.75,12,26,0.6867920946128652,0.4603403931632952,0.642903955847882,0.06454230728890666,9.960969522984227,0.45714285714285713,0.7081603463145473,-0.04169323255556312,0.1027979850769043
GOOGL,1d,19,0.55,0.75,20,50,0.5631529406208554,0.9504369476499446,0.5670169861553612,0.09802762381267932,5.784257172640155,0.08571428571428572,0.004654162926755106,-0.013484228549621613,0.10119962692260742
GOOGL,1d,19,0.55,1.0,8,21,0.8797575911480008,-0.3228539553708889,0.8762326088998986,0.04161571016659449,21.055332358674075,0.8,1.3663634045806556,-0.08796017657890287,0.11834549903869629
GOOGL,1d,19,0.55,1.0,9,21,0.8412893131838117,-0.46801586513714377,0.8293458534629616,0.05919337409765419,14.010788641558925,0.7428571428571429,1.1718277286298568,-0.08142929293469603,0.12420296669006348
GOOGL,1d,19,0.55,1.0,10,30,0.7491603774344173,-0.1451855003983813,0.713883246559332,0.0677421212290905,10.538247601446072,0.4,0.5743794993142154,-0.038790802429800264,0.11166048049926758
GOOGL,1d,19,0.55,1.0,12,26,0.8014693547337519,0.12858201893995425,0.7346549901978785,0.0664535738047164,11.05516149299615,0.45714285714285713,0.7192822601339994,-0.06661405680035404,0.11603951454162598
GOOGL,1d,19,0.55,1.0,20,50,0.637009906029311,0.5917698424863871,0.6109076073618874,0.07088817100455141,8.617906185259931,0.08571428571428572,0.004655130038204227,-0.013484228549621613,0.10317873954772949
GOOGL,1d,19,0.7,0.0,8,21,0.4617958373100929,1.042973975213108,0.3702037946410851,0.2691263603535553,1.3755761202832115,0.05714285714285714,-0.646472332790608,-0.06614667923969564,0.11028599739074707
GOOGL,1d,19,0.7,0.0,9,21,0.3565953439033682,0.7030365722981697,0.31275395198704914,0.2682368166837022,1.1659620623810205,0.08571428571428572,-0.42477880737553664,-0.06614667923969564,0.10863327980041504
GOOGL,1d,19,0.7,0.0,10,30,0.642679814866712,2.0267443235993268,0.7019683209345657,0.2509978079558386,2.796710961946219,0.08571428571428572,-0.1255804700578424,-0.058534471415218614,0.12164711952209473
GOOGL,1d,19,0.7,0.0,12,26,0.5175907502585151,1.3334210100195256,0.6815292274542236,0.21981290849066756,3.1004968367595156,0.08571428571428572,-0.1831769049078071,-0.0684294881269416,0.11100316047668457
GOOGL,1d,19,0.7,0.0,20,50,0.7179503452887213,2.631625484383046,0.6997797792261109,0.27187015234517903,2.5739485309061725,0.02857142857142857,-0.10962384595147603,-0.013484228549621613,0.11690402030944824
GOOGL,1d,19,0.7,0.25,8,21,0.42717574414530873,0.8383581713169048,0.39248896907142183,0.09200984825098152,4.26572781644855,0.8,1.1946743683025118,-0.07086931122270124,0.10856318473815918
GOOGL,1d,19,0.7,0.25,9,21,0.3632989354469312,0.17278719574524226,0.36188639439818066,0.10564808635656979,3.425394693632106,0.7428571428571429,1.080376729819453,-0.07086931122270124,0.11718440055847168
GOOGL,1d,19,0.7,0.25,10,30,0.44587378817782697,1.3966486406565553,0.4973182666275286,0.11108263102115964,4.477011950975456,0.4,0.559379785610759,-0.06295565002838033,0.10804557800292969
GOOGL,1d,19,0.7,0.25,12,26,0.3973426626396614,0.7217643497065627,0.4900940983399428,0.10455785187305419,4.687300758005013,0.45714285714285713,0.6817595459290724,-0.06295565002838033,0.11491870880126953
GOOGL,1d,19,0.7,0.25,20,50,0.46985703566403175,2.0488076187758586,0.5293303393005944,0.15616708729301604,3.389512787079218,0.08571428571428572,0.0046510606236165606,-0.013484228549621613,0.11006832122802734
GOOGL,1d,19,0.7,0.5,8,21,0.6295560264315713,0.5866241599092421,0.5986568494656858,0.05576006326816905,10.73630147416695,0.8285714285714286,1.2933386886516094,-0.08135493118482151,0.11517024040222168
GOOGL,1d,19,0.7,0.5,9,21,0.5755531930602108,-0.19977687308284997,0.5663934303935203,0.0665965226342388,8.50484992293463,0.7714285714285715,1.165811186375316,-0.08135493118482151,0.1162567138671875
GOOGL,1d,19,0.7,0.5,10,30,0.5804790694991339,0.8814638959966947,0.5835077361260695,0.06841020851401418,8.529541844716567,0.42857142857142855,0.5892265769814864,-0.07185917090784777,0.11528253555297852
GOOGL,1d,19,0.7,0.5,12,26,0.558995363285652,0.2559690683615783,0.5790878676857002,0.06858600393047533,8.443236731982715,0.4857142857142857,0.720805485642036,-0.07185917090784777,0.11792182922363281
GOOGL,1d,19,0.7,0.5,20,50,0.49597036058925575,1.5430452606642717,0.5232352852603777,0.09364661214087981,5.587338113985742,0.08571428571428572,0.004652871697574182,-0.013484228549621613,0.1159052848815918
GOOGL,1d,19,0.7,0.75,8,21,0.8123420695386787,0.3240797913241875,0.7794897459456388,0.04407031539845516,17.687410196591493,0.8285714285714286,1.3561920976225486,-0.091840551146942,0.11406397819519043
GOOGL,1d,19,0.7,0.75,9,21,0.7623555688984466,-0.45925200361665597,0.7439503611837324,0.05323514849604548,13.974796393007075,0.7714285714285715,1.2215762552670395,-0.091840551146942,0.11654138565063477
GOOGL,1d,19,0.7,0.75,10,30,0.725309793916566,0.46395740773337213,0.6947082465443433,0.05669112057177236,12.254269090779841,0.42857142857142855,0.6079476880036343,-0.08076269178731532,0.10562610626220703
GOOGL,1d,19,0.7,0.75,12,26,0.7165282453255688,-0.09464162438118351,0.6916703282525184,0.06017596020397327,11.494130312304499,0.4857142857142857,0.7459217284900376,-0.08076269178731532,0.10533881187438965
GOOGL,1d,19,0.7,0.75,20,50,0.5698465124384212,1.1068140570859217,0.5682914958327107,0.07033228727809798,8.080094048209364,0.08571428571428572,0.004654162926755106,-0.013484228549621613,0.10213136672973633
GOOGL,1d,19,0.7,1.0,8,21,0.9633732367947223,0.07375454915110202,0.9279929085492654,0.04016672465100677,23.1035245370948,0.8285714285714286,1.4027222055110384,-0.10232617110906228,0.11586976051330566
GOOGL,1d,19,0.7,1.0,9,21,0.916014783736882,-0.6383078578337176,0.8895374060948258,0.04895540096574649,18.17036299462085,0.7714285714285715,1.263473558999215,-0.10232617110906228,0.1330106258392334
GOOGL,1d,19,0.7,1.0,10,30,0.8498765226980213,0.12862681071937243,0.7937472502559855,0.054716700612323865,14.50648963430389,0.42857142857142855,0.6219828484224587,-0.08966621266678265,0.1020972728729248
GOOGL,1d,19,0.7,1.0,12,26,0.8493391492468672,-0.3554169848640387,0.7916013195396682,0.06038346147385377,13.109571730703681,0.4857142857142857,0.7647891551180873,-0.08966621266678265,0.1075584888458252
GOOGL,1d,19,0.7,1.0,20,50,0.6425945558068341,0.7329277195949233,0.6182756971642102,0.06357976108969597,9.724410513150085,0.08571428571428572,0.004655130038204227,-0.013484228549621613,0.10993552207946777
GOOGL,1d,19,0.85,0.0,8,21,0.40397752394038666,0.8832474939962933,0.3468140927137366,0.2706348694261314,1.2814834003066184,0.34285714285714286,-0.3422367751541596,-0.10917990512238318,0.11268019676208496
GOOGL,1d,19,0.85,0.0,9,21,0.21482340241550077,0.2601762912585164,0.2723235476604251,0.32164077884405184,0.8466698427952187,0.2857142857142857,-0.32769416597917633,-0.09436755109443484,0.11339044570922852
GOOGL,1d,19,0.85,0.0,10,30,0.47945261386652765,1.1603636163482225,0.6646654228516803,0.3047955105568707,2.180692955868399,0.14285714285714285,-0.21958578805123116,-0.0800934577151643,0.10946297645568848
GOOGL,1d,19,0.85,0.0,12,26,0.49663223192191724,1.2633154885832996,0.6572588493899924,0.26660135526196216,2.465324486982336,0.14285714285714285,-0.28040689666653534,-0.05855489466235997,0.11800956726074219
GOOGL,1d,19,0.85,0.0,20,50,0.7170523096265463,2.667600918369673,0.7763910861409241,0.28053601797693145,2.7675272920027223,0.11428571428571428,-0.048024581694686784,-0.0289293462339143,0.09980607032775879
GOOGL,1d,19,0.85,0.25,8,21,0.4180686824089603,0.32972611950738906,0.43405995397376096,0.087804951587457,4.943456446660882,0.8,0.8960773947228097,-0.07430520666946949,0.11182951927185059
GOOGL,1d,19,0.85,0.25,9,21,0.3438755943634616,-0.19580278097849546,0.40680160757678163,0.09922388540133183,4.0998354975859606,0.8,0.8567254802642872,-0.07430520666946949,0.1165916919708252
GOOGL,1d,19,0.85,0.25,10,30,0.3931657567478648,0.5692632537527815,0.4912708823104084,0.11505304901418087,4.269951005382367,0.5142857142857142,0.6782415953562378,-0.06642080994008692,0.10775017738342285
GOOGL,1d,19,0.85,0.25,12,26,0.4103872128909297,0.6648662517245256,0.4930867138090961,0.11467583265776317,4.299831118564072,0.5428571428571428,0.631786322816242,-0.06642080994008692,0.10297083854675293
GOOGL,1d,19,0.85,0.25,20,50,0.473608113126558,2.0953829050044552,0.5538366646870231,0.1553100807768961,3.5660059019775603,0.2,0.12114201989679439,-0.0289293462339143,0.09713196754455566
GOOGL,1d,19,0.85,0.5,8,21,0.6650716250117135,-0.06912592517410665,0.6846816802217421,0.05696052026840593,12.020284874425768,0.8857142857142857,1.0449764354546907,-0.08475205114573026,0.12873625755310059
GOOGL,1d,19,0.85,0.5,9,21,0.606075922381998,-0.49166067004461567,0.6530189402788455,0.05409103233195216,12.07259155771557,0.8571428571428571,0.9883634834321573,-0.08475205114573026,0.11078166961669922
GOOGL,1d,19,0.85,0.5,10,30,0.5764255586695675,0.12856125149005249,0.6096184187259707,0.058652400466876704,10.393750534903443,0.5428571428571428,0.7437331065321846,-0.07529140588529093,0.11925816535949707
GOOGL,1d,19,0.85,0.5,12,26,0.600812063525822,0.2132914158478718,0.6128621425928372,0.06974338831409192,8.787386982588083,0.5714285714285714,0.704156646662537,-0.07529140588529093,0.10958456993103027
GOOGL,1d,19,0.85,0.5,20,50,0.5056471352016056,1.5975985249171853,0.5435154068146999,0.09277963833279332,5.858132415489189,0.2,0.1215596411832759,-0.0289293462339143,0.10948371887207031
GOOGL,1d,19,0.85,0.75,8,21,0.879496066404219,-0.3539579527265184,0.8977769578691767,0.0528106445120431,16.999924279743354,0.8857142857142857,1.151693356377219,-0.09519889562199124,0.11949586868286133
GOOGL,1d,19,0.85,0.75,9,21,0.8229479218722585,-0.6818665760259908,0.8591908579593165,0.040261540892826034,21.340237827619028,0.8571428571428571,1.0808319346165933,-0.09519889562199124,0.11356759071350098
GOOGL,1d,19,0.85,0.75,10,30,0.7479312775707139,-0.1967735054325378,0.7422462864092569,0.04581382439640717,16.2013605322909,0.5428571428571428,0.7823003840496169,-0.08416200183049538,0.1138315200805664
GOOGL,1d,19,0.85,0.75,12,26,0.7784180070536801,-0.1241929187875791,0.746287961210388,0.060720839073371224,12.290475108695727,0.5714285714285714,0.7539187343679934,-0.08416200183049538,0.13664937019348145
GOOGL,1d,19,0.85,0.75,20,50,0.5840457417799014,1.166958545873361,0.5919592452166313,0.07088941385602074,8.350460428674506,0.2,0.12184816801986315,-0.0289293462339143,0.10402989387512207
GOOGL,1d,19,0.85,1.0,8,21,1.0550509207270784,-0.5555420714088983,1.0712171190550488,0.05628895528624843,19.03068041692276,0.8857142857142857,1.234936604996539,-0.1056457400982519,0.12630820274353027
GOOGL,1d,19,0.85,1.0,9,21,0.9984668275653613,-0.8029811727246782,1.0263691220052928,0.03869488368642302,26.524672623978393,0.8571428571428571,1.1526856619369203,-0.1056457400982519,0.12094306945800781
GOOGL,1d,19,0.85,1.0,10,30,0.8909926942303867,-0.4345076320368354,0.857232067651206,0.048927099214268625,17.520598633838713,0.5428571428571428,0.8106342718693164,-0.09303259777569894,0.10730338096618652
GOOGL,1d,19,0.85,1.0,12,26,0.9264492236637579,-0.37396166797995634,0.8617927773242583,0.0630973176423746,13.658152351400428,0.5714285714285714,0.7924117009345916,-0.09303259777569894,0.1077570915222168
GOOGL,1d,19,0.85,1.0,20,50,0.6602110579479374,0.7965280118563367,0.6457447374715201,0.06335937797686293,10.191778361639344,0.2,0.12205916686152771,-0.0289293462339143,0.09997296333312988
GOOGL,1d,19,1.0,0.0,8,21,0.3444972841817598,0.6529450448904464,0.38894810675253033,0.2510252850409723,1.5494379647414651,0.34285714285714286,-0.3519847753004219,-0.10962531516982199,0.12204289436340332
GOOGL,1d,19,1.0,0.0,9,21,0.31953580439136786,0.5698669760524486,0.3669808036205687,0.2523353605503609,1.4543376038148523,0.2857142857142857,-0.3975208691283545,-0.09436755109443484,0.12012124061584473
GOOGL,1d,19,1.0,0.0,10,30,0.5025480780684319,1.3026684288170518,0.6840206154646352,0.2952434863201602,2.31680171505253,0.14285714285714285,-0.3194162239741601,-0.1281838917987158,0.1129295825958252
GOOGL,1d,19,1.0,0.0,12,26,0.4628289338827604,1.1248600072043868,0.6266269435201715,0.28487012554976543,2.199693429807201,0.14285714285714285,-0.30941961858272377,-0.08067830588739588,0.11367321014404297
GOOGL,1d,19,1.0,0.0,20,50,0.6510610487500134,2.206104778139577,0.7611504168773473,0.2732833346043587,2.7852061230857337,0.11428571428571428,-0.048024581694686784,-0.0289293462339143,0.11085987091064453
GOOGL,1d,19,1.0,0.25,8,21,0.4169409346516899,0.12995962060671729,0.46828828476925527,0.07600022172902834,6.161669980896808,0.8571428571428571,0.9156644977706617,-0.13076879440781208,0.1248025894165039
GOOGL,1d,19,1.0,0.25,9,21,0.3972613313929948,0.06187284722566333,0.4440913968837908,0.07500613695411666,5.920734154799278,0.8571428571428571,0.8602481118642494,-0.08479860177599363,0.12475848197937012
GOOGL,1d,19,1.0,0.25,10,30,0.41740654536013255,0.7051402479198849,0.5139954635977614,0.11498074200600829,4.470274366214324,0.5142857142857142,0.655473306517451,-0.07518101725692916,0.10585284233093262
GOOGL,1d,19,1.0,0.25,12,26,0.40791278367143635,0.5412012368955232,0.49617430578307414,0.11282539606597103,4.397718271628776,0.5714285714285714,0.5873046348882451,-0.0819960701199064,0.11210322380065918
GOOGL,1d,19,1.0,0.25,20,50,0.4389588553961864,1.5796876015928563,0.5592777581191803,0.1483398502313288,3.770246209949746,0.2,0.12114201989679439,-0.0289293462339143,0.11445045471191406
GOOGL,1d,19,1.0,0.5,8,21,0.6916220631253022,-0.2340390506224429,0.7354473651473624,0.048000854218563996,15.32154744160643,0.8857142857142857,1.0823874257446842,-0.15166071961171956,0.11723446846008301
GOOGL,1d,19,1.0,0.5,9,21,0.6640159687759535,-0.287197196162996,0.6994118052137515,0.04316167722556183,16.204463083272763,0.8571428571428571,1.010457713167845,-0.10550199684480743,0.12716412544250488
GOOGL,1d,19,1.0,0.5,10,30,0.6109790634715012,0.25228269651654256,0.6545839818340488,0.05613659856988475,11.660556544393291,0.5428571428571428,0.7328267267347185,-0.09264534667223323,0.11285543441772461
GOOGL,1d,19,1.0,0.5,12,26,0.613257839660903,0.10821584858723354,0.6450887019171201,0.055312436457349054,11.662633997591888,0.5714285714285714,0.6718839139391158,-0.09849271784535507,0.1175086498260498
GOOGL,1d,19,1.0,0.5,20,50,0.508188979062898,1.0616026715506548,0.5659628959358886,0.08859836004129167,6.387961308449942,0.2,0.1215596411832759,-0.0289293462339143,0.11119890213012695
GOOGL,1d,19,1.0,0.75,8,21,0.92361154718838,-0.485161959314523,0.9628407840795574,0.04145946856299886,23.223664399279336,0.8857142857142857,1.2059880781154315,-0.1723010907815451,0.12125968933105469
GOOGL,1d,19,1.0,0.75,9,21,0.8890705441877089,-0.525198465645657,0.9170584869778946,0.03544299784459954,25.874179464128684,0.8571428571428571,1.1201457598679536,-0.12596854739965113,0.11454057693481445
GOOGL,1d,19,1.0,0.75,10,30,0.7911583687215433,-0.08799283222893117,0.8038011864677138,0.0417291290162602,19.262352352346106,0.5428571428571428,0.7798853320899666,-0.1099432022407949,0.11260843276977539
GOOGL,1d,19,1.0,0.75,12,26,0.800101097233898,-0.21018042524642044,0.7983184229622398,0.045136537061149326,17.68674503940582,0.5714285714285714,0.7319188424283208,-0.11485068478107952,0.1171104907989502
GOOGL,1d,19,1.0,0.75,20,50,0.6089224023926118,0.6359503924061858,0.6255403257935181,0.06844434186875134,9.13940157380799,0.2,0.12184816801986315,-0.0289293462339143,0.10876774787902832
GOOGL,1d,19,1.0,1.0,8,21,1.1121901690143492,-0.656893240680759,1.1478513628085412,0.04137984686580427,27.739381601170436,0.8857142857142857,1.3033903856651203,-0.19268990791728835,0.11126518249511719
GOOGL,1d,19,1.0,1.0,9,21,1.0719933625894427,-0.6861991120726315,1.0942353742790307,0.03599444666439489,30.40011656468747,0.8571428571428571,1.2062157735110415,-0.1461982534405235,0.11623668670654297
GOOGL,1d,19,1.0,1.0,10,30,0.941174556397279,-0.3414656230821852,0.9315127816663576,0.046918874864335505,19.85368967946905,0.5428571428571428,0.8146435979428147,-0.12707458396261473,0.11179614067077637
GOOGL,1d,19,1.0,1.0,12,26,0.9548773333908718,-0.4422241102593607,0.9286956784957325,0.053548131260521534,17.343194928268492,0.5714285714285714,0.778631972625413,-0.1310699709270804,0.10512542724609375
GOOGL,1d,19,1.0,1.0,20,50,0.7008381403828625,0.28863092579607974,0.6872024910485633,0.06255061688515719,10.986342345915881,0.2,0.12205916686152771,-0.0289293462339143,0.09905838966369629
