ticker,timeframe,n_mu,x_zero,bear_alloc,fast_period,slow_period,in_sample_sharpe,in_sample_return,mc_sharpe_mean,mc_sharpe_std,mc_robust_sharpe,wf_pos_sharpe_frac,wf_mean_sharpe,wf_worst_return,runtime_s
GOOGL,1h,1,0.0,0.0,8,21,0.3710037984888592,0.7878145865587454,0.3808964591476499,0.46335230195514693,0.8220450347185739,0.35526315789473684,0.25926781811929245,-0.04419941807556549,0.20893025398254395
GOOGL,1h,1,0.0,0.0,9,21,0.3702861678672616,0.7821758061295316,0.3783791235034889,0.4382945856701215,0.8632986486131786,0.3684210526315789,0.33903837799682285,-0.04451034561035927,0.1989150047302246
GOOGL,1h,1,0.0,0.0,10,30,0.3216770958709935,0.6501442484949509,0.3565930370987219,0.5150500982878964,0.6923463140461298,0.3157894736842105,0.29495509676209813,-0.029318534598564483,0.1914372444152832
GOOGL,1h,1,0.0,0.0,12,26,0.30058445097770364,0.5896797520313899,0.3561146209402266,0.5044669478648922,0.7059226029523786,0.35526315789473684,0.36670989651649616,-0.03703261207532249,0.1934373378753662
GOOGL,1h,1,0.0,0.0,20,50,0.36921467106145767,0.8215333744132374,0.49209739011636183,0.36261742079617243,1.3570704601998982,0.07894736842105263,0.011485985964991844,-0.006916614154593659,0.1752791404724121
GOOGL,1h,1,0.0,0.25,8,21,0.3735516612373401,1.0158580436948474,0.385735561991028,0.06635374272853488,5.8133203362641,0.7631578947368421,1.1259508195824441,-0.06180646117788735,0.18712663650512695
GOOGL,1h,1,0.0,0.25,9,21,0.37107399518728384,1.0262376537697149,0.38003364907082415,0.0659239130676057,5.764731360547355,0.7368421052631579,1.068551632785767,-0.06585318034199295,0.1841292381286621
GOOGL,1h,1,0.0,0.25,10,30,0.34621858669609046,0.8439092340561594,0.36121916051318503,0.08862769088755834,4.075691884734565,0.5657894736842105,0.8032307792505792,-0.05308583212583706,0.1809699535369873
GOOGL,1h,1,0.0,0.25,12,26,0.34034552715144134,0.7594055412514258,0.363571807283587,0.08326747073572964,4.366312607686548,0.6578947368421053,0.9089294325699006,-0.06115135536383576,0.18729233741760254
GOOGL,1h,1,0.0,0.25,20,50,0.30202766021539235,1.0674632146679381,0.3346998613563942,0.09336800610616337,3.584738234377912,0.18421052631578946,0.2442098531857246,-0.006916614154593659,0.19629907608032227
GOOGL,1h,1,0.0,0.5,8,21,0.5983229006633217,1.1730816960189205,0.6080709358595595,0.05315410691009681,11.439773353506467,0.7763157894736842,1.2077529232937687,-0.0860561732155044,0.20989489555358887
GOOGL,1h,1,0.0,0.5,9,21,0.5926900790288376,1.2024964450267768,0.5985433105997213,0.05632019760136554,10.627507290301287,0.75,1.1503532824614537,-0.09091191244252117,0.20408987998962402
GOOGL,1h,1,0.0,0.5,10,30,0.5518819643135906,0.9722888080462464,0.5537633659107991,0.055069952841403216,10.055635375348706,0.5789473684210527,0.8503125137097276,-0.07822162142606992,0.20729732513427734
GOOGL,1h,1,0.0,0.5,12,26,0.5457341304213105,0.8634606818024517,0.5538006648223808,0.051408142980561164,10.772625360768002,0.6710526315789473,0.9612782431739745,-0.08527009865234925,0.20160937309265137
GOOGL,1h,1,0.0,0.5,20,50,0.4389402431878594,1.2462700029640201,0.44421449129187973,0.06473567469393861,6.861973608710574,0.18421052631578946,0.24458926229787747,-0.006916614154593659,0.18287062644958496
GOOGL,1h,1,0.0,0.75,8,21,0.7837272516556908,1.2678924712338766,0.7929405001834214,0.06338267030853283,12.51036752354488,0.7763157894736842,1.269268839402036,-0.11030588525312168,0.20228290557861328
GOOGL,1h,1,0.0,0.75,9,21,0.7756135398180373,1.317810961138563,0.7803205120158354,0.06589671966975613,11.841568380435943,0.75,1.2119226855900924,-0.11597064454304962,0.18703532218933105
GOOGL,1h,1,0.0,0.75,10,30,0.7216738357593919,1.0444785728673902,0.7166033152820963,0.056582684041353234,12.664710545692204,0.5789473684210527,0.8865513281167704,-0.10335741072630245,0.184098482131958
GOOGL,1h,1,0.0,0.75,12,26,0.7148218258409763,0.9122974036767992,0.7147018198616086,0.05284704375929666,13.523969725097082,0.6710526315789473,1.0019657881798645,-0.10938884194086274,0.18857908248901367
GOOGL,1h,1,0.0,0.75,20,50,0.5596868226207639,1.365307723963431,0.5500370957415042,0.06366388373153316,8.639703761413271,0.18421052631578946,0.24474692854800853,-0.006916614154593659,0.19835972785949707
GOOGL,1h,1,0.0,1.0,8,21,0.9329927628096124,1.3085786087431712,0.9421068713879045,0.07514534713290612,12.53712847612033,0.7763157894736842,1.317392655286224,-0.13455559729073863,0.1954662799835205
GOOGL,1h,1,0.0,1.0,9,21,0.922899874753113,1.379171681420396,0.9270048674810696,0.07638792342981857,12.135489824288202,0.75,1.2601007667991677,-0.14102937664357773,0.1936664581298828
GOOGL,1h,1,0.0,1.0,10,30,0.8584115691403186,1.0691223839337214,0.8485769081197014,0.06440004080191679,13.176651715637494,0.5789473684210527,0.9151431215065359,-0.1284932000265352,0.18788743019104004
GOOGL,1h,1,0.0,1.0,12,26,0.8508926672335356,0.9155168796293776,0.8450747806340067,0.06010645674500472,14.059633962772867,0.6710526315789473,1.0341683541293736,-0.133507585229376,0.19362282752990723
GOOGL,1h,1,0.0,1.0,20,50,0.6585390605338559,1.4318911653684556,0.6385386856084,0.06871254537590561,9.292898147130883,0.18421052631578946,0.24484032079282506,-0.006916614154593659,0.1825563907623291
GOOGL,1h,1,0.1,0.0,8,21,0.3807605555918443,0.8173172957076955,0.3817800925945375,0.46792250586426004,0.8159045307927298,0.35526315789473684,0.2638730452822413,-0.037556749140270074,0.2006995677947998
GOOGL,1h,1,0.1,0.0,9,21,0.41001138862078473,0.9314465662470952,0.3793223029424634,0.4552760123926104,0.833169972977518,0.3684210526315789,0.3412896354786216,-0.04135586370550837,0.20641136169433594
GOOGL,1h,1,0.1,0.0,10,30,0.3249583684438453,0.657991079345527,0.357161703400079,0.5071364251836561,0.7042714458357734,0.3157894736842105,0.3088282409307503,-0.029318534598564483,0.19605040550231934
GOOGL,1h,1,0.1,0.0,12,26,0.29428775024842013,0.5711124144657902,0.3527474568493432,0.5039165769905384,0.7000116149303944,0.35526315789473684,0.36670989651649616,-0.03703261207532249,0.18798398971557617
GOOGL,1h,1,0.1,0.0,20,50,0.34544421080883697,0.7440743150970281,0.4840324604671099,0.36549373713840716,1.3243249097967822,0.07894736842105263,0.011485985964991844,-0.006916614154593659,0.18874454498291016
GOOGL,1h,1,0.1,0.25,8,21,0.37677540121268055,1.0574920097783687,0.38671318681087097,0.0685879617638619,5.638207884676129,0.7631578947368421,1.1270797399641999,-0.06180646117788735,0.20941638946533203
GOOGL,1h,1,0.1,0.25,9,21,0.37861961172765046,1.242729558422237,0.3808913377591236,0.06884554261462142,5.532548997271319,0.7368421052631579,1.0690132771098024,-0.06585318034199295,0.2140653133392334
GOOGL,1h,1,0.1,0.25,10,30,0.34773377836965946,0.8550069112920218,0.36171596849718973,0.08807369422427051,4.106969415590966,0.5657894736842105,0.8039654965611093,-0.05308583212583706,0.18553638458251953
GOOGL,1h,1,0.1,0.25,12,26,0.3390038911036087,0.7338936332189434,0.3635510932783502,0.08375524624348572,4.3406366715401585,0.6578947368421053,0.9089294325699006,-0.06115135536383576,0.19339632987976074
GOOGL,1h,1,0.1,0.25,20,50,0.2975948399663596,0.9583805376885928,0.3332816290144748,0.09295977590744531,3.5852241010811396,0.18421052631578946,0.2442098531857246,-0.006916614154593659,0.1836075782775879
GOOGL,1h,1,0.1,0.5,8,21,0.6026988240688526,1.227016545503211,0.6092776737726144,0.05364888495969782,11.356763038604003,0.7763157894736842,1.2083396517359837,-0.0860561732155044,0.2091078758239746
GOOGL,1h,1,0.1,0.5,9,21,0.597317551132022,1.4908245919923488,0.5996150426817932,0.05589345108924574,10.727822866481812,0.75,1.1506265946491323,-0.09091191244252117,0.18970608711242676
GOOGL,1h,1,0.1,0.5,10,30,0.5549847306777781,0.986705176628695,0.5553454370446448,0.05419174310438552,10.247786936377452,0.5789473684210527,0.8507454904155471,-0.07822162142606992,0.19272875785827637
GOOGL,1h,1,0.1,0.5,12,26,0.5449137682831651,0.8312445845695302,0.5550788196112908,0.05059276556074898,10.97150577674555,0.6710526315789473,0.9612782431739745,-0.08527009865234925,0.18932533264160156
GOOGL,1h,1,0.1,0.5,20,50,0.43904408819980006,1.104756421693085,0.44494104410103474,0.06436869281856085,6.912382784519356,0.18421052631578946,0.24458926229787747,-0.006916614154593659,0.17840790748596191
GOOGL,1h,1,0.1,0.75,8,21,0.7891707492873897,1.3336683329200998,0.794454121189016,0.06323526273030658,12.563466757105136,0.7763157894736842,1.2696693839619528,-0.11030588525312168,0.18934059143066406
GOOGL,1h,1,0.1,0.75,9,21,0.7791831166035701,1.6794373343099611,0.781729539279764,0.06397453070064948,12.219386851583854,0.75,1.2121255251491294,-0.11597064454304962,0.20393753051757812
GOOGL,1h,1,0.1,0.75,10,30,0.7261107490564113,1.062116034501282,0.7189943272759453,0.05480660209860795,13.118753941036735,0.5789473684210527,0.8868725348286611,-0.10335741072630245,0.2037663459777832
GOOGL,1h,1,0.1,0.75,12,26,0.714238657978779,0.8739611083340615,0.7168653620794911,0.05076673673700859,14.120768994728419,0.6710526315789473,1.0019657881798645,-0.10938884194086274,0.19425082206726074
GOOGL,1h,1,0.1,0.75,20,50,0.5624379255980164,1.1923047177516448,0.5520536165194571,0.06373582822632573,8.66159006452566,0.18421052631578946,0.24474692854800853,-0.006916614154593659,0.1718120574951172
GOOGL,1h,1,0.1,1.0,8,21,0.9393074294124434,1.3852371932342158,0.943881949071872,0.07474235123714813,12.628475468707862,0.7763157894736842,1.3176972137529561,-0.13455559729073863,0.20453858375549316
GOOGL,1h,1,0.1,1.0,9,21,0.9258832712523043,1.8127754323255196,0.9287107202391203,0.07371823008570287,12.598114729008357,0.75,1.2602642416545549,-0.14102937664357773,0.20470976829528809
GOOGL,1h,1,0.1,1.0,10,30,0.8639239345306571,1.0897511308640064,0.8515966574102686,0.06199183118227462,13.737239909986178,0.5789473684210527,0.9154020899836496,-0.1284932000265352,0.19693851470947266
GOOGL,1h,1,0.1,1.0,12,26,0.8504557198723139,0.8718808636778128,0.8479088209194503,0.05733452337210981,14.788800378026911,0.6710526315789473,1.0341683541293736,-0.133507585229376,0.19386076927185059
GOOGL,1h,1,0.1,1.0,20,50,0.663198298133662,1.2296964483564725,0.6414935247680821,0.06917838278732204,9.27303442088625,0.18421052631578946,0.24484032079282506,-0.006916614154593659,0.18120455741882324
GOOGL,1h,1,0.25,0.0,8,21,0.37253366369301716,0.7950697076210951,0.36988220909613867,0.45806838090347557,0.8074825168386387,0.35526315789473684,0.2638730452822413,-0.037556749140270074,0.2190110683441162
GOOGL,1h,1,0.25,0.0,9,21,0.43265964712639415,1.0064471240992048,0.37849799585024024,0.43256809014847597,0.8750021198288654,0.3684210526315789,0.3412896354786216,-0.04135586370550837,0.2419750690460205
GOOGL,1h,1,0.25,0.0,10,30,0.3222346915904706,0.6509492718895082,0.3629306810602457,0.508540537057809,0.713671093281968,0.3157894736842105,0.3088282409307503,-0.029318534598564483,0.1813185214996338
GOOGL,1h,1,0.25,0.0,12,26,0.30029506256878247,0.5894142151424955,0.340890297573481,0.5122892976277404,0.6654253742017308,0.35526315789473684,0.36670989651649616,-0.03703261207532249,0.18805694580078125
GOOGL,1h,1,0.25,0.0,20,50,0.3657910275681842,0.8109865918728107,0.4915428734952255,0.36064650034545204,1.3629492398356615,0.07894736842105263,0.011485985964991844,-0.006916614154593659,0.18159055709838867
GOOGL,1h,1,0.25,0.25,8,21,0.37996706773227146,1.0196612040523378,0.38680759967671197,0.06633213262473366,5.8313759014055995,0.7631578947368421,1.1270797399641999,-0.06180646117788735,0.21301555633544922
GOOGL,1h,1,0.25,0.25,9,21,0.3829635044813153,1.3529964677639836,0.3807275939121783,0.06777626414750322,5.61741781877489,0.7368421052631579,1.0690132771098024,-0.06585318034199295,0.19014549255371094
GOOGL,1h,1,0.25,0.25,10,30,0.3471861245592645,0.8448918145640794,0.3636655150370159,0.08608642850032304,4.224423307741838,0.5657894736842105,0.8039654965611093,-0.05308583212583706,0.18308353424072266
GOOGL,1h,1,0.25,0.25,12,26,0.3414875443434319,0.7587235088946709,0.3591720763898393,0.08746778613374195,4.106335512375378,0.6578947368421053,0.9089294325699006,-0.06115135536383576,0.1798410415649414
GOOGL,1h,1,0.25,0.25,20,50,0.3028879163689229,1.053735606113578,0.3344216811576993,0.08811507461205204,3.7952834135370344,0.18421052631578946,0.2442098531857246,-0.006916614154593659,0.20747923851013184
GOOGL,1h,1,0.25,0.5,8,21,0.6112076383126672,1.1726109586354339,0.6136455647969792,0.052446576928736104,11.700393061510855,0.7763157894736842,1.2083396517359837,-0.0860561732155044,0.24316763877868652
GOOGL,1h,1,0.25,0.5,9,21,0.6020123304890836,1.6397191843494925,0.6027653555978646,0.05839508929843896,10.322192548029513,0.75,1.1506265946491323,-0.09091191244252117,0.2126936912536621
GOOGL,1h,1,0.25,0.5,10,30,0.5548141358156888,0.9733271908108223,0.5582932097460379,0.05221978063231427,10.691220893420585,0.5789473684210527,0.8507454904155471,-0.07822162142606992,0.18157505989074707
GOOGL,1h,1,0.25,0.5,12,26,0.5486729167548662,0.8616500619976639,0.5552334700072732,0.05237103289243967,10.60191940738727,0.6710526315789473,0.9612782431739745,-0.08527009865234925,0.19905781745910645
GOOGL,1h,1,0.25,0.5,20,50,0.44258634553385057,1.2296360568639066,0.44736972541922937,0.062443955670691526,7.164339936734746,0.18421052631578946,0.24458926229787747,-0.006916614154593659,0.1942610740661621
GOOGL,1h,1,0.25,0.75,8,21,0.8015383837967976,1.2628079951816145,0.8017549639389792,0.062232619677745626,12.883194827578286,0.7763157894736842,1.2696693839619528,-0.11030588525312168,0.21282672882080078
GOOGL,1h,1,0.25,0.75,9,21,0.784765166311687,1.8688102670312778,0.7871943514812629,0.06627998697648424,11.876803050075356,0.75,1.2121255251491294,-0.11597064454304962,0.22078871726989746
GOOGL,1h,1,0.25,0.75,10,30,0.7261758953107523,1.045415270881716,0.7229116308236418,0.053157804826795496,13.599350710194122,0.5789473684210527,0.8868725348286611,-0.10335741072630245,0.19658923149108887
GOOGL,1h,1,0.25,0.75,12,26,0.7191854099516667,0.9089540884249427,0.7202582840093579,0.05064612143067197,14.221390773137463,0.6710526315789473,1.0019657881798645,-0.10938884194086274,0.18955636024475098
GOOGL,1h,1,0.25,0.75,20,50,0.565308479293698,1.346425471347247,0.555590749597827,0.06271601200702176,8.858834160814025,0.18421052631578946,0.24474692854800853,-0.006916614154593659,0.176713228225708
GOOGL,1h,1,0.25,1.0,8,21,0.9546693201485833,1.2989291030288697,0.9534160516305983,0.07380107187301643,12.918729056822706,0.7763157894736842,1.3176972137529561,-0.13455559729073863,0.20666289329528809
GOOGL,1h,1,0.25,1.0,9,21,0.9322850466162141,2.043077273520485,0.9359424972151915,0.07531436044333979,12.427145257634049,0.75,1.2602642416545549,-0.14102937664357773,0.20483064651489258
GOOGL,1h,1,0.25,1.0,10,30,0.8641429482549972,1.06977855452589,0.8563164683325761,0.06054354030770563,14.143812270977968,0.5789473684210527,0.9154020899836496,-0.1284932000265352,0.19456791877746582
GOOGL,1h,1,0.25,1.0,12,26,0.8563870754439309,0.9104727675656383,0.8538308003375779,0.05588908777636251,15.277236296182549,0.6710526315789473,1.0341683541293736,-0.133507585229376,0.1857898235321045
GOOGL,1h,1,0.25,1.0,20,50,0.6656754573519098,1.4116591247814232,0.6459195467358037,0.06785405545330751,9.519247485218933,0.18421052631578946,0.24484032079282506,-0.006916614154593659,0.19780540466308594
GOOGL,1h,1,0.4,0.0,8,21,0.3832822590830543,0.8288110671721933,0.37093900075743186,0.46100227427281115,0.8046359453270684,0.35526315789473684,0.2638730452822413,-0.037556749140270074,0.1880505084991455
GOOGL,1h,1,0.4,0.0,9,21,0.4252333855705706,0.9800491482906171,0.39540245110469324,0.44314428507268105,0.8922657121480027,0.3684210526315789,0.3412896354786216,-0.04135586370550837,0.18982172012329102
GOOGL,1h,1,0.4,0.0,10,30,0.32846153339310435,0.6696248369042337,0.37052277927550437,0.5088862445550271,0.7281053147732289,0.3157894736842105,0.3088282409307503,-0.029318534598564483,0.19321775436401367
GOOGL,1h,1,0.4,0.0,12,26,0.29827684537429067,0.5835686087373324,0.33714084684239515,0.5185723935457619,0.6501326546466918,0.35526315789473684,0.36670989651649616,-0.03703261207532249,0.2056593894958496
GOOGL,1h,1,0.4,0.0,20,50,0.3620633565593154,0.798118989939903,0.49136133096766776,0.3567228093114824,1.3774317709485797,0.07894736842105263,0.011485985964991844,-0.006916614154593659,0.1787738800048828
GOOGL,1h,1,0.4,0.25,8,21,0.3807779732912651,1.0674829783546067,0.3884044639852265,0.06591572633075243,5.8924400231332905,0.7631578947368421,1.1270797399641999,-0.06180646117788735,0.19560694694519043
GOOGL,1h,1,0.4,0.25,9,21,0.3812555989749492,1.3150655950523373,0.38426530471581605,0.06881492780003938,5.584039931457955,0.7368421052631579,1.0690132771098024,-0.06585318034199295,0.2065443992614746
GOOGL,1h,1,0.4,0.25,10,30,0.3478741492066081,0.8703420003999176,0.3652149917075296,0.08501119773291696,4.29608100399832,0.5657894736842105,0.8039654965611093,-0.05308583212583706,0.2034895420074463
GOOGL,1h,1,0.4,0.25,12,26,0.34065489287897177,0.7482251155187702,0.35850964047373723,0.08908745448036319,4.0242438462843335,0.6578947368421053,0.9089294325699006,-0.06115135536383576,0.19731593132019043
GOOGL,1h,1,0.4,0.25,20,50,0.3016251175455128,1.0354587683406526,0.3343598609488664,0.08698894692096051,3.8437051232804422,0.18421052631578946,0.2442098531857246,-0.006916614154593659,0.19589948654174805
GOOGL,1h,1,0.4,0.5,8,21,0.6114580848768649,1.234811830702995,0.616961405508912,0.0548437800746363,11.249432564081031,0.7763157894736842,1.2083396517359837,-0.0860561732155044,0.1911160945892334
GOOGL,1h,1,0.4,0.5,9,21,0.6009252620252877,1.5896474071908866,0.6049986539098058,0.05684890752989561,10.642221287922728,0.75,1.1506265946491323,-0.09091191244252117,0.18887686729431152
GOOGL,1h,1,0.4,0.5,10,30,0.5550534978548616,1.004434669398266,0.5598045942488815,0.05148552238100009,10.873048739920495,0.5789473684210527,0.8507454904155471,-0.07822162142606992,0.20096063613891602
GOOGL,1h,1,0.4,0.5,12,26,0.5481271500564626,0.8462871856319425,0.5548093819859482,0.052870176290185436,10.493806166652414,0.6710526315789473,0.9612782431739745,-0.08527009865234925,0.1923377513885498
GOOGL,1h,1,0.4,0.5,20,50,0.4415850329369416,1.205778743904177,0.4472617727834728,0.0616254837465495,7.257740557834008,0.18421052631578946,0.24458926229787747,-0.006916614154593659,0.19133377075195312
GOOGL,1h,1,0.4,0.75,8,21,0.8017201777626907,1.3389499497009347,0.8065011158685789,0.06712167074775131,12.015510145739302,0.7763157894736842,1.2696693839619528,-0.11030588525312168,0.21909832954406738
GOOGL,1h,1,0.4,0.75,9,21,0.7840428585312894,1.806618228900176,0.7889884771349504,0.06441478651362871,12.248561546781161,0.75,1.2121255251491294,-0.11597064454304962,0.18775320053100586
GOOGL,1h,1,0.4,0.75,10,30,0.7263016200057997,1.0810941483875025,0.7246328112027283,0.05296199537372331,13.682128214569675,0.5789473684210527,0.8868725348286611,-0.10335741072630245,0.18933558464050293
GOOGL,1h,1,0.4,0.75,12,26,0.7188419443269736,0.8888562840769554,0.7199614651599514,0.05061417557163862,14.224502464550225,0.6710526315789473,1.0019657881798645,-0.10938884194086274,0.19716787338256836
GOOGL,1h,1,0.4,0.75,20,50,0.5644735767253166,1.3170779950254428,0.5554866137998816,0.06215149686805799,8.937622451461298,0.18421052631578946,0.24474692854800853,-0.006916614154593659,0.17217111587524414
GOOGL,1h,1,0.4,1.0,8,21,0.9548629470225152,1.3879801850436944,0.9593133810900024,0.08031598525866786,11.944239717665313,0.7763157894736842,1.3176972137529561,-0.13455559729073863,0.21333527565002441
GOOGL,1h,1,0.4,1.0,9,21,0.931809031679919,1.969329968424029,0.9375021616982625,0.07355081495115512,12.74631915799784,0.75,1.2602642416545549,-0.14102937664357773,0.20051002502441406
GOOGL,1h,1,0.4,1.0,10,30,0.8642285607920556,1.108992693095101,0.8582489401343594,0.060627916877359425,14.156002454619374,0.5789473684210527,0.9154020899836496,-0.1284932000265352,0.18604445457458496
GOOGL,1h,1,0.4,1.0,12,26,0.8561871636291278,0.8860217631806637,0.8536183503903191,0.055653776246782326,15.338013122508858,0.6710526315789473,1.0341683541293736,-0.133507585229376,0.21095824241638184
GOOGL,1h,1,0.4,1.0,20,50,0.6649616343466107,1.3771225939422633,0.6458249905786995,0.06745643640440858,9.573956541476772,0.18421052631578946,0.24484032079282506,-0.006916614154593659,0.17093229293823242
GOOGL,1h,1,0.55,0.0,8,21,0.3788140592983366,0.8154948638553097,0.3653881654317265,0.4777653513763796,0.7647858187687552,0.35526315789473684,0.2672529252254647,-0.03814977188714186,0.19569802284240723
GOOGL,1h,1,0.55,0.0,9,21,0.43267513266267077,1.0097273085843068,0.40471102853275953,0.4443390762003021,0.9108157490751977,0.3684210526315789,0.3501561505675281,-0.03814977188714186,0.20882439613342285
GOOGL,1h,1,0.55,0.0,10,30,0.2902656566856292,0.5571276831333389,0.3655688611572886,0.5027648223032802,0.7271170235867623,0.3157894736842105,0.32692900339248665,-0.03075727853886312,0.2021486759185791
GOOGL,1h,1,0.55,0.0,12,26,0.2626924211289012,0.48305177032562296,0.34730549228603397,0.4968721266220381,0.6989836492684226,0.35526315789473684,0.3696243142591556,-0.03075727853886312,0.2073688507080078
GOOGL,1h,1,0.55,0.0,20,50,0.36057275932059896,0.7951175642168955,0.49207301714731433,0.36537359685331744,1.3467667652648188,0.07894736842105263,0.006119606489598438,-0.006916614154593659,0.17826390266418457
GOOGL,1h,1,0.55,0.25,8,21,0.3815426050936272,1.0481177071658547,0.3915921928519791,0.06888198029070429,5.684972923242524,0.7763157894736842,1.1036990319239732,-0.05230505272519814,0.21447396278381348
GOOGL,1h,1,0.55,0.25,9,21,0.3828817052569357,1.3578502180602885,0.38700010419903913,0.06847584195754386,5.6516297300730605,0.7368421052631579,1.074011058579382,-0.056383735022278114,0.21687579154968262
GOOGL,1h,1,0.55,0.25,10,30,0.3451122799644051,0.7136167375659124,0.3647897657947098,0.08261047818398079,4.415780828459689,0.5657894736842105,0.8066640690192933,-0.05334432814902257,0.18828749656677246
GOOGL,1h,1,0.55,0.25,12,26,0.3384117460103668,0.6103240382549606,0.36061088611838826,0.08473137832479156,4.255930839884344,0.6710526315789473,0.9361925722772189,-0.051644772538179784,0.20816302299499512
GOOGL,1h,1,0.55,0.25,20,50,0.3030408507225269,1.030502478655471,0.3341613385778323,0.08586474184279268,3.8917177342667477,0.18421052631578946,0.24472580198970356,-0.006916614154593659,0.1880655288696289
GOOGL,1h,1,0.55,0.5,8,21,0.6141694711707424,1.2089964087502256,0.6222895175852434,0.05305237710526768,11.729719789001782,0.7763157894736842,1.188893169644644,-0.0746552432609725,0.2086648941040039
GOOGL,1h,1,0.55,0.5,9,21,0.6036505986371374,1.6463067525679973,0.6074681685984116,0.056510841758789045,10.749586268619561,0.75,1.153779960237052,-0.07954933569025202,0.20789146423339844
GOOGL,1h,1,0.55,0.5,10,30,0.5601318215786106,0.8039070683545249,0.5616385231554826,0.04987871260734764,11.260084589126855,0.5789473684210527,0.8519773998612812,-0.07873861347244093,0.2013401985168457
GOOGL,1h,1,0.55,0.5,12,26,0.5536787834851771,0.6725259999997844,0.558941131672056,0.05181479057150653,10.787289218137326,0.6710526315789473,0.9869295817450879,-0.07386295986424873,0.20116019248962402
GOOGL,1h,1,0.55,0.5,20,50,0.4454893536642927,1.1984454648105376,0.44868112228057966,0.06102850390335715,7.351992816194498,0.18421052631578946,0.24483670992137674,-0.006916614154593659,0.19911932945251465
GOOGL,1h,1,0.55,0.75,8,21,0.8058092708608409,1.3065950275840583,0.8135774085887272,0.06483128650162694,12.549147988422387,0.7763157894736842,1.2530500172208743,-0.09700543379674709,0.20673680305480957
GOOGL,1h,1,0.55,0.75,9,21,0.7879811956703813,1.8773071439012692,0.7915484148524335,0.06429633265689245,12.310941886474469,0.75,1.214674551834015,-0.10271493635822615,0.21177434921264648
GOOGL,1h,1,0.55,0.75,10,30,0.736359688357425,0.8394392743104366,0.7279146764371334,0.050747184159380024,14.343942200832178,0.5789473684210527,0.8876285676649834,-0.10413289879585919,0.19860291481018066
GOOGL,1h,1,0.55,0.75,12,26,0.7293842823503679,0.6826335837066537,0.7256322942847826,0.04928856407004987,14.722122828603808,0.6710526315789473,1.0271048172484778,-0.09608114719031724,0.20571017265319824
GOOGL,1h,1,0.55,0.75,20,50,0.5701813085305087,1.3070412191867562,0.5581095706781537,0.06188830994470738,9.018012790731937,0.18421052631578946,0.24490700219688422,-0.006916614154593659,0.19311904907226562
GOOGL,1h,1,0.55,1.0,8,21,0.9600049122947786,1.3492743199566304,0.9677846651312176,0.07834143224508348,12.353420628098785,0.7763157894736842,1.3032539362042064,-0.11935562433252145,0.19995641708374023
GOOGL,1h,1,0.55,1.0,9,21,0.9367752097446017,2.053677007124623,0.9401815849077118,0.07363087566163307,12.768849704141347,0.75,1.2625022679036597,-0.12588053702619972,0.19358277320861816
GOOGL,1h,1,0.55,1.0,10,30,0.8779988512597733,0.8305507686392883,0.8625950786048193,0.05777225753315189,14.930956750475431,0.5789473684210527,0.9159285144598854,-0.12952718411927755,0.1872103214263916
GOOGL,1h,1,0.55,1.0,12,26,0.8704532559134822,0.6520066836087699,0.8604765227569022,0.053289532734448135,16.147195867616635,0.6710526315789473,1.0590511527607032,-0.11829933451638575,0.19434642791748047
GOOGL,1h,1,0.55,1.0,20,50,0.6720708796718459,1.364166070607145,0.6493818522011189,0.0671030859447623,9.67737687556836,0.18421052631578946,0.24495765204786898,-0.006916614154593659,0.18438243865966797
GOOGL,1h,1,0.7,0.0,8,21,0.33961058953898166,0.6899101138044237,0.390796666776443,0.4903121346141787,0.7970364981563359,0.35526315789473684,0.2622698791095744,-0.044291506550259485,0.2026512622833252
GOOGL,1h,1,0.7,0.0,9,21,0.4210509641157052,0.9758089938980921,0.40801488262921926,0.460653809293893,0.8857299655345071,0.3815789473684211,0.3373602456820888,-0.044291506550259485,0.18889665603637695
GOOGL,1h,1,0.7,0.0,10,30,0.3057131279907614,0.6011297024059714,0.36584780603132316,0.5168018434674521,0.7079073162291537,0.3157894736842105,0.31768984979122605,-0.03075727853886312,0.18899083137512207
GOOGL,1h,1,0.7,0.0,12,26,0.257536947749904,0.4692841655859785,0.34768824544400145,0.4989963075295165,0.6967751869054363,0.35526315789473684,0.37071475566240647,-0.03075727853886312,0.19514679908752441
GOOGL,1h,1,0.7,0.0,20,50,0.3826385187478895,0.8696608696564689,0.5088100136548307,0.3709668783614978,1.3715780123070942,0.07894736842105263,0.006119606489598438,-0.006916614154593659,0.1910247802734375
GOOGL,1h,1,0.7,0.25,8,21,0.3815809598188699,0.871889645270856,0.4004942429819763,0.06707275730026088,5.971041882013378,0.7763157894736842,1.0984523396401005,-0.05230505272519814,0.2301025390625
GOOGL,1h,1,0.7,0.25,9,21,0.3841350803326851,1.3086370490841333,0.38488772776313723,0.07237646046088853,5.317857840963727,0.7368421052631579,1.0746016456660148,-0.056383735022278114,0.205092191696167
GOOGL,1h,1,0.7,0.25,10,30,0.3490930292894187,0.7738229260270832,0.36573866263899985,0.08343475035152935,4.383529178166899,0.5657894736842105,0.8064486145267924,-0.05334432814902257,0.2104792594909668
GOOGL,1h,1,0.7,0.25,12,26,0.3404507463983532,0.5914728364459803,0.3618336165932416,0.0855471321945514,4.229640518753558,0.6710526315789473,0.9362521485345185,-0.051644772538179784,0.20090246200561523
GOOGL,1h,1,0.7,0.25,20,50,0.310161572260123,1.1363222058783262,0.3391320724678144,0.0852326204897929,3.9788999859323515,0.18421052631578946,0.24472580198970356,-0.006916614154593659,0.19149208068847656
GOOGL,1h,1,0.7,0.5,8,21,0.6244768478434021,0.9819605440966561,0.6322314216763688,0.04451448742996048,14.202823803624106,0.7763157894736842,1.1858653246093585,-0.0746552432609725,0.20345592498779297
GOOGL,1h,1,0.7,0.5,9,21,0.6088968379460357,1.5807501937194441,0.6055743507206532,0.056312408443959315,10.753835033060351,0.75,1.1561525390299272,-0.07954933569025202,0.1938481330871582
GOOGL,1h,1,0.7,0.5,10,30,0.5650364139447589,0.8799104495016878,0.5629051929283642,0.04889686919636879,11.51209069578154,0.5789473684210527,0.851837585601873,-0.07873861347244093,0.1952524185180664
GOOGL,1h,1,0.7,0.5,12,26,0.5595155377483854,0.6488278044263125,0.5615150243114364,0.05230863979799447,10.734651607839458,0.6710526315789473,0.9869641207619964,-0.07386295986424873,0.19694995880126953
GOOGL,1h,1,0.7,0.5,20,50,0.45312792665433904,1.3365172492537143,0.4526614734869675,0.059843330010684995,7.564109039489364,0.18421052631578946,0.24483670992137674,-0.006916614154593659,0.19326043128967285
GOOGL,1h,1,0.7,0.75,8,21,0.8230138326986988,1.0312725412739878,0.8252216201478207,0.05558224040156694,14.846857812600096,0.7763157894736842,1.2519730324407687,-0.09700543379674709,0.19759321212768555
GOOGL,1h,1,0.7,0.75,9,21,0.7959988031510538,1.7950822123337384,0.7902043836145628,0.06284404068348981,12.574054357745377,0.75,1.2182487095932542,-0.10271493635822615,0.19392633438110352
GOOGL,1h,1,0.7,0.75,10,30,0.7424168297523658,0.9300722069172005,0.7295565522328098,0.04954113495388834,14.726278534229444,0.5789473684210527,0.8875167847200809,-0.10413289879585919,0.19423818588256836
GOOGL,1h,1,0.7,0.75,12,26,0.7380063039334351,0.6545837015248166,0.7292723736592175,0.04954605659037971,14.719080060971377,0.6710526315789473,1.0271301943311582,-0.09608114719031724,0.19544076919555664
GOOGL,1h,1,0.7,0.75,20,50,0.5789002324099529,1.4768411210001107,0.5618928541749822,0.06139455635704242,9.15216083503027,0.18421052631578946,0.24490700219688422,-0.006916614154593659,0.19221091270446777
GOOGL,1h,1,0.7,1.0,8,21,0.9824479536742781,1.0302538814585436,0.9809525182021522,0.06948948773205585,14.116559931836049,0.7763157894736842,1.303728529936137,-0.11935562433252145,0.21050071716308594
GOOGL,1h,1,0.7,1.0,9,21,0.9469088767849212,1.9550972030057858,0.93936191262966,0.07186466921154958,13.071261900120072,0.75,1.2669931135615469,-0.12588053702619972,0.1969616413116455
GOOGL,1h,1,0.7,1.0,10,30,0.885033638690099,0.9341075143880242,0.8645439703307499,0.05689405316454347,15.195682540500316,0.5789473684210527,0.9158331173501479,-0.12952718411927755,0.19889044761657715
GOOGL,1h,1,0.7,1.0,12,26,0.8812425766123214,0.6202735506829684,0.8649574771491265,0.053492442500951316,16.16971364008559,0.6710526315789473,1.0590715351772573,-0.11829933451638575,0.2024989128112793
GOOGL,1h,1,0.7,1.0,20,50,0.6817768083713446,1.5639664423390345,0.6531319971263276,0.06741346593939361,9.688450045181026,0.18421052631578946,0.24495765204786898,-0.006916614154593659,0.20495343208312988
GOOGL,1h,1,0.85,0.0,8,21,0.40897576825142423,0.9328381484300314,0.4067195330291368,0.471187163287567,0.8631804189897139,0.3684210526315789,0.19359315982006445,-0.03915423527437245,0.21034455299377441
GOOGL,1h,1,0.85,0.0,9,21,0.41486518298152547,0.9522912698705233,0.4265030933762091,0.473025108524618,0.9016500090375484,0.34210526315789475,0.24019859934700016,-0.04083329514719003,0.20057892799377441
GOOGL,1h,1,0.85,0.0,10,30,0.2808008926583333,0.5312069403520534,0.3270729044195134,0.5122948326149734,0.638446620181571,0.3026315789473684,0.2991895814435404,-0.02536738199299482,0.21006202697753906
GOOGL,1h,1,0.85,0.0,12,26,0.2851344000323987,0.5449092163541842,0.33616371863062405,0.5009184215561027,0.6710947415076726,0.35526315789473684,0.34241630843708526,-0.025868236810078327,0.23239541053771973
GOOGL,1h,1,0.85,0.0,20,50,0.39752079676393115,0.9215683215280617,0.5266620023610729,0.35319751868877447,1.4911259974766395,0.11842105263157894,0.08628015842749735,-0.01866074765358472,0.17714691162109375
GOOGL,1h,1,0.85,0.25,8,21,0.398299603171924,1.2177996999068972,0.40342342567150824,0.06332243791567148,6.370939574511647,0.7894736842105263,1.094945333536491,-0.048830582118575716,0.1996593475341797
GOOGL,1h,1,0.85,0.25,9,21,0.3846042961120865,1.2736169335003877,0.389972533409748,0.07519667463276249,5.186034293594156,0.7368421052631579,1.0252801303996217,-0.05292421781579282,0.20157480239868164
GOOGL,1h,1,0.85,0.25,10,30,0.3496109311902219,0.6772855844139776,0.36165460342746514,0.08222489250266247,4.3983590907796515,0.5921052631578947,0.8013905448217437,-0.043748080607899587,0.19282984733581543
GOOGL,1h,1,0.85,0.25,12,26,0.34691088840810524,0.6946300246882033,0.3610478783798673,0.08473570369571917,4.2608707148567335,0.6578947368421053,0.8830176237983998,-0.04816788119046478,0.2032158374786377
GOOGL,1h,1,0.85,0.25,20,50,0.3136481821567063,1.2143433116754307,0.3441305113150718,0.08096282401773199,4.250475641013985,0.2236842105263158,0.3313888273183987,-0.0006119750817544789,0.1997079849243164
GOOGL,1h,1,0.85,0.5,8,21,0.641369835498829,1.4342973495429074,0.6415488748583276,0.04207504149035172,15.247730058815081,0.7894736842105263,1.1928589666313163,-0.0712627136632078,0.2127838134765625
GOOGL,1h,1,0.85,0.5,9,21,0.6116744436932539,1.532995190330455,0.6102925182592103,0.056397621727330094,10.821245640637796,0.7368421052631579,1.1137155322042362,-0.07617474897626031,0.20826411247253418
GOOGL,1h,1,0.85,0.5,10,30,0.5723595924070732,0.7575074223456126,0.5665081302877499,0.04813881611679495,11.768218996355902,0.5921052631578947,0.850567712589961,-0.06722388419967451,0.18630743026733398
GOOGL,1h,1,0.85,0.5,12,26,0.5658843801384239,0.7780881800169603,0.5640387653480783,0.05034275495826987,11.203970974882512,0.6578947368421053,0.9361240346624221,-0.07046752557085123,0.19495201110839844
GOOGL,1h,1,0.85,0.5,20,50,0.4551925948377248,1.4426151558161049,0.45649776611325404,0.057350041974829916,7.959850601567199,0.2236842105263158,0.33209788515184924,-0.0006119750817544789,0.18964672088623047
GOOGL,1h,1,0.85,0.75,8,21,0.8418073433195536,1.5883791324975505,0.8395856228921159,0.05358568956953755,15.668094031011677,0.7894736842105263,1.2664760777536905,-0.09369484520783955,0.20485305786132812
GOOGL,1h,1,0.85,0.75,9,21,0.8003231059714281,1.7338569660394185,0.7954267596358019,0.062232677057533464,12.78149675130379,0.7368421052631579,1.1808700544398312,-0.09942528013672791,0.20246458053588867
GOOGL,1h,1,0.85,0.75,10,30,0.7542398559325666,0.7839003920653864,0.7379068672282427,0.04736263701533547,15.57993629006166,0.5921052631578947,0.8896035836643996,-0.09069968779144899,0.1975104808807373
GOOGL,1h,1,0.85,0.75,12,26,0.7450618589796709,0.8071682563344054,0.7340636782408151,0.04551867367717768,16.126649107723512,0.6578947368421053,0.9784909003389565,-0.09276716995123746,0.2029256820678711
GOOGL,1h,1,0.85,0.75,20,50,0.5804948673438777,1.6116566371999719,0.5655914279559545,0.05989447021183827,9.443132662423386,0.2236842105263158,0.3323055176577416,-0.0006119750817544789,0.1793203353881836
GOOGL,1h,1,0.85,1.0,8,21,1.0030905696814045,1.6863034966282395,0.9993332111224976,0.06783304338746214,14.732247901871501,0.7894736842105263,1.323927656183812,-0.11612697675247163,0.20038938522338867
GOOGL,1h,1,0.85,1.0,9,21,0.9523831058008154,1.8801361945604684,0.9451269762964939,0.07113485072824627,13.286412589900921,0.7368421052631579,1.233497872856809,-0.12267581129719485,0.19921588897705078
GOOGL,1h,1,0.85,1.0,10,30,0.9002480726188404,0.7672108433676945,0.8763803043298358,0.05320358259397566,16.472204720083454,0.5921052631578947,0.920658188708832,-0.1141754913832238,0.19253921508789062
GOOGL,1h,1,0.85,1.0,12,26,0.8889876715401325,0.7925257595857189,0.8714656953246651,0.04770050707901937,18.26952686018659,0.6578947368421053,1.0122439276775506,-0.11506681433162358,0.18796992301940918
GOOGL,1h,1,0.85,1.0,20,50,0.6831259579356881,1.7270150487623153,0.6568736742392454,0.06647208806947305,9.881947345368726,0.2236842105263158,0.3323970273538616,-0.0006119750817544789,0.18212509155273438
GOOGL,1h,1,1.0,0.0,8,21,0.4040345663354865,0.9155529454898477,0.38150972954917617,0.4732526822923154,0.8061438293413157,0.35526315789473684,0.18701557867918903,-0.04963010305785076,0.211442232131958
GOOGL,1h,1,1.0,0.0,9,21,0.412952473554037,0.9448590997843112,0.42037942459050076,0.45555653447674865,0.9227821198379862,0.32894736842105265,0.26183762639543245,-0.04083329514719003,0.23961687088012695
GOOGL,1h,1,1.0,0.0,10,30,0.28325898517231374,0.539023855839009,0.3217285904195861,0.5045398354798498,0.6376673709293966,0.3026315789473684,0.28451364872395035,-0.02536738199299482,0.20140647888183594
GOOGL,1h,1,1.0,0.0,12,26,0.3032094553139221,0.5959751143000998,0.342186203378954,0.4959670223352918,0.6899374110959008,0.35526315789473684,0.3401133176396408,-0.028737864121652912,0.21063995361328125
GOOGL,1h,1,1.0,0.0,20,50,0.40536958158476855,0.9491370152512608,0.5190995786161477,0.3548424543004775,1.462901556239882,0.11842105263157894,0.08628015842749735,-0.01866074765358472,0.183671236038208
GOOGL,1h,1,1.0,0.25,8,21,0.39969559378950087,1.192317876605176,0.40507173219565756,0.06186627369440871,6.547537260713776,0.7894736842105263,1.0885009215137924,-0.052768239195191136,0.20240163803100586
GOOGL,1h,1,1.0,0.25,9,21,0.3840871624536414,1.2626431746706657,0.39047554673369067,0.07477111254934819,5.222278142190016,0.7368421052631579,1.0271005466043857,-0.048830582118575716,0.2113206386566162
GOOGL,1h,1,1.0,0.25,10,30,0.3496355683081614,0.688239519195389,0.36211931936535807,0.08141654256474505,4.44773639309713,0.5921052631578947,0.7992960221118393,-0.043748080607899587,0.19386601448059082
GOOGL,1h,1,1.0,0.25,12,26,0.3500631460277805,0.7654818589068364,0.3638720387412284,0.08247798230637259,4.411747578760958,0.6578947368421053,0.8979460368246233,-0.05175455662651918,0.19766974449157715
GOOGL,1h,1,1.0,0.25,20,50,0.3156025099977591,1.2542014800260515,0.3429540890358922,0.0812606988365567,4.220417667410062,0.2236842105263158,0.3313888273183987,-0.0006119750817544789,0.18405604362487793
GOOGL,1h,1,1.0,0.5,8,21,0.6460878145921751,1.399846916184321,0.6505531580952859,0.041436908485796474,15.699847837786429,0.7894736842105263,1.189639745922015,-0.07598758711107556,0.21874547004699707
GOOGL,1h,1,1.0,0.5,9,21,0.6113653606632827,1.5181101976492428,0.6145164630673003,0.05813132472763418,10.571175970039,0.7368421052631579,1.114602387559495,-0.0712627136632078,0.22138285636901855
GOOGL,1h,1,1.0,0.5,10,30,0.5723585928624518,0.7716040656770269,0.5707282480237155,0.04894375867621906,11.660899437644185,0.5921052631578947,0.8499855188733999,-0.06722388419967451,0.20116686820983887
GOOGL,1h,1,1.0,0.5,12,26,0.5680231757226846,0.8684166759745011,0.5688940319188804,0.04985050680297497,11.412000968562472,0.6578947368421053,0.9509461998366704,-0.07477124913138511,0.22784638404846191
GOOGL,1h,1,1.0,0.5,20,50,0.4564947858549153,1.4955737046294852,0.459326741637384,0.05544919912761549,8.283739871161178,0.2236842105263158,0.33209788515184924,-0.0006119750817544789,0.21019244194030762
GOOGL,1h,1,1.0,0.75,8,21,0.8489901237199419,1.5445682672538368,0.8535674181714524,0.05264417885013732,16.21389936770238,0.7894736842105263,1.2663105090504232,-0.09920693502696032,0.19666528701782227
GOOGL,1h,1,1.0,0.75,9,21,0.8001413436762568,1.714834869794574,0.8022048258317863,0.06388255437507283,12.557494509718746,0.7368421052631579,1.1814620210779745,-0.09369484520783955,0.21097850799560547
GOOGL,1h,1,1.0,0.75,10,30,0.7543391241894174,0.8009859769759229,0.7446418081961997,0.04708300597697424,15.815511196552826,0.5921052631578947,0.890202965968707,-0.09069968779144899,0.210723876953125
GOOGL,1h,1,1.0,0.75,12,26,0.7469181575796578,0.9156895175584094,0.7406067505711775,0.04682801882447154,15.81546196406987,0.6578947368421053,0.9930856592270164,-0.09778794163625104,0.19720244407653809
GOOGL,1h,1,1.0,0.75,20,50,0.5815447397479756,1.6779684258208696,0.571007695200825,0.055151515954576354,10.35343608090693,0.2236842105263158,0.3323055176577416,-0.0006119750817544789,0.17657184600830078
GOOGL,1h,1,1.0,1.0,8,21,1.0122018335903225,1.6330949268435893,1.0170936912104822,0.06661316247277668,15.26865942787427,0.7894736842105263,1.3262387941935816,-0.12242628294284452,0.19471049308776855
GOOGL,1h,1,1.0,1.0,9,21,0.9522873286598081,1.8568859304860008,0.953846362201805,0.07233163506624349,13.187125679216898,0.7368421052631579,1.233953062901478,-0.11612697675247163,0.18957805633544922
GOOGL,1h,1,1.0,1.0,10,30,0.9004371276529589,0.7870103117286973,0.8850022823184147,0.05142248130645795,17.21041575267724,0.5921052631578947,0.9222037102163304,-0.1141754913832238,0.19570684432983398
GOOGL,1h,1,1.0,1.0,12,26,0.8907047050595327,0.917254971904625,0.8793474247441877,0.05020076258791275,17.516614876203402,0.6578947368421053,1.026585349898522,-0.12080463414111697,0.1863100528717041
GOOGL,1h,1,1.0,1.0,20,50,0.6840276403993513,1.806451092899771,0.6642106613060693,0.059500758061286844,11.163062168416753,0.2236842105263158,0.3323970273538616,-0.0006119750817544789,0.17687630653381348
GOOGL,1h,2,0.0,0.0,8,21,0.3560140059123343,0.7408692482608892,0.35180046449100644,0.44760793240508967,0.7859567246735554,0.35526315789473684,0.3255795878066876,-0.03967852099480762,0.20120930671691895
GOOGL,1h,2,0.0,0.0,9,21,0.38033362260723663,0.8261692076629226,0.3757490525198528,0.48486637411605643,0.7749538276496658,0.3684210526315789,0.332537839951572,-0.07059044291137773,0.19583535194396973
GOOGL,1h,2,0.0,0.0,10,30,0.3713716917454627,0.8291533774885333,0.3326468165604764,0.5008041009451752,0.6642254245375926,0.3026315789473684,0.2947663454780242,-0.04199742847549892,0.1871349811553955
GOOGL,1h,2,0.0,0.0,12,26,0.23452967970389477,0.409928668754604,0.3334118783155873,0.4942890043634913,0.6745282119818351,0.3157894736842105,0.2665390202237143,-0.04199742847549892,0.19278669357299805
GOOGL,1h,2,0.0,0.0,20,50,0.34374077373469414,0.7373080452740464,0.4671438770538924,0.3736521413361852,1.2502106247360967,0.07894736842105263,0.03476562930166169,-0.006916614154593659,0.1786041259765625
GOOGL,1h,2,0.0,0.25,8,21,0.36611410328768795,0.9482457273779916,0.37673728645293625,0.06288519364817789,5.990874236003124,0.7631578947368421,1.1624417200330353,-0.05493333330957906,0.18874454498291016
GOOGL,1h,2,0.0,0.25,9,21,0.3676195113797447,1.0919499886293047,0.38237835230347006,0.06881927198987453,5.556268487695276,0.7368421052631579,1.1026623290245325,-0.059009698401855326,0.2063913345336914
GOOGL,1h,2,0.0,0.25,10,30,0.34855640491597756,1.0992720143293324,0.36000627750076336,0.08043831919693403,4.475556937227566,0.5526315789473685,0.8429092675228816,-0.056012835302155395,0.18477392196655273
GOOGL,1h,2,0.0,0.25,12,26,0.32468138497412125,0.514164924955965,0.36167874471183253,0.07986966079856676,4.528362097642998,0.6447368421052632,0.931298729767282,-0.054273428244796085,0.20563435554504395
GOOGL,1h,2,0.0,0.25,20,50,0.2959095692496841,0.946770712508072,0.32817872878872234,0.09605673512919592,3.416509298877619,0.18421052631578946,0.24463033846522778,-0.006916614154593659,0.17217278480529785
GOOGL,1h,2,0.0,0.5,8,21,0.5867494741287628,1.0837400307992757,0.5928717953281971,0.05373512272766874,11.033226784144324,0.7763157894736842,1.2378215974966693,-0.07936069672157386,0.19802188873291016
GOOGL,1h,2,0.0,0.5,9,21,0.5816503718095203,1.2932771503459626,0.5890549725840339,0.05441383130337313,10.825464012998443,0.75,1.179166473205884,-0.0842520086904841,0.1954939365386963
GOOGL,1h,2,0.0,0.5,10,30,0.541264716484463,1.307014947373681,0.5470386485736347,0.05159603131438854,10.602339649737413,0.5657894736842105,0.8766983911934134,-0.08128021756831483,0.19051074981689453
GOOGL,1h,2,0.0,0.5,12,26,0.5311776622931458,0.5564835077209456,0.5497214508275048,0.055839815398748875,9.844614401068053,0.6578947368421053,0.9787882604798883,-0.07856886344151959,0.19299674034118652
GOOGL,1h,2,0.0,0.5,20,50,0.43531962831712284,1.0872913661284804,0.440475026126719,0.06622716859742062,6.650971730412682,0.18421052631578946,0.24474251818122406,-0.006916614154593659,0.19228219985961914
GOOGL,1h,2,0.0,0.75,8,21,0.7686952036169843,1.1568143665371569,0.77230073834307,0.06351868158359353,12.158639302465472,0.7763157894736842,1.293766983173687,-0.10378806013356878,0.19394659996032715
GOOGL,1h,2,0.0,0.75,9,21,0.7591573465389649,1.4357926405893169,0.7622693664090614,0.06341711217004985,12.019931850019816,0.75,1.2355132134900757,-0.10949431897911277,0.19420385360717773
GOOGL,1h,2,0.0,0.75,10,30,0.7028934318285235,1.4582372817582225,0.7049971570286158,0.05452019917187837,12.930935098128819,0.5657894736842105,0.9018523876937818,-0.10654759983447415,0.19937562942504883
GOOGL,1h,2,0.0,0.75,12,26,0.6992928469639079,0.5505037229708418,0.708458819954008,0.0624295820561951,11.348126907469904,0.6578947368421053,1.0152590235911887,-0.10286429863824309,0.18651127815246582
GOOGL,1h,2,0.0,0.75,20,50,0.5569392747635534,1.1682168038412097,0.5472702111849014,0.06419862610072657,8.524640548011783,0.18421052631578946,0.2448221709676084,-0.006916614154593659,0.18051767349243164
GOOGL,1h,2,0.0,1.0,8,21,0.9151874923417451,1.1766674031538176,0.9170104656903775,0.07387868433611584,12.412382190218482,0.7763157894736842,1.337332453872156,-0.1282154235455637,0.19743108749389648
GOOGL,1h,2,0.0,1.0,9,21,0.9022545983611521,1.5253290580087246,0.9022742882274188,0.0737776988830756,12.229634454408256,0.75,1.2793221342624481,-0.13473662926774155,0.1875455379486084
GOOGL,1h,2,0.0,1.0,10,30,0.8335520057830033,1.5587950140697302,0.8329241197240324,0.06188404428644447,13.459432545627632,0.5657894736842105,0.9215963750221974,-0.1318149821006337,0.1913459300994873
GOOGL,1h,2,0.0,1.0,12,26,0.8342113388412599,0.5078659175832636,0.8370026470178231,0.07217740061432665,11.596464265737005,0.6578947368421053,1.044082141023439,-0.1271597338349667,0.20159173011779785
GOOGL,1h,2,0.0,1.0,20,50,0.6562597957538846,1.1984656423638516,0.6362858169946228,0.06869457290514186,9.26253399774753,0.18421052631578946,0.2448816525837723,-0.006916614154593659,0.18196392059326172
GOOGL,1h,2,0.1,0.0,8,21,0.35193775362087726,0.7264361386091704,0.360583883469229,0.44879157563891736,0.8034551070970697,0.35526315789473684,0.3131250654864227,-0.036760714863223076,0.2049715518951416
GOOGL,1h,2,0.1,0.0,9,21,0.3813089109332935,0.8279893423974534,0.3738961004115892,0.4950997647190836,0.7551934520181713,0.3684210526315789,0.3202196468775518,-0.07059044291137773,0.20686960220336914
GOOGL,1h,2,0.1,0.0,10,30,0.3710641755591936,0.8258037047002229,0.33114439249885785,0.4949590696572769,0.6690338914855146,0.3026315789473684,0.30862991347342594,-0.04199742847549892,0.19659686088562012
GOOGL,1h,2,0.1,0.0,12,26,0.23396018922642983,0.40803413853475057,0.32999079532780656,0.49336414534388406,0.6688584860535352,0.3157894736842105,0.2665390202237143,-0.04199742847549892,0.20984792709350586
GOOGL,1h,2,0.1,0.0,20,50,0.30895507548702006,0.6296784419659516,0.46296286520095703,0.37250381955537487,1.2428405855101168,0.07894736842105263,0.03476562930166169,-0.006916614154593659,0.19103765487670898
GOOGL,1h,2,0.1,0.25,8,21,0.3684893851917479,0.9275800509941992,0.3799550529861965,0.0653087831913422,5.817824715444492,0.7631578947368421,1.1608097290367188,-0.05493333330957906,0.20501327514648438
GOOGL,1h,2,0.1,0.25,9,21,0.3691173913893236,1.0945989928268984,0.3823198152339532,0.06891719045666475,5.547524684343546,0.7368421052631579,1.1010276553670324,-0.059009698401855326,0.18511962890625
GOOGL,1h,2,0.1,0.25,10,30,0.3491585870413897,1.0947503359169302,0.36081051536874875,0.07948277764713102,4.53948045160916,0.5526315789473685,0.8435115469617893,-0.056012835302155395,0.18073081970214844
GOOGL,1h,2,0.1,0.25,12,26,0.32435501293533964,0.5117044184021613,0.362108843192844,0.08073889158720073,4.484937012068765,0.6447368421052632,0.931298729767282,-0.054273428244796085,0.19226884841918945
GOOGL,1h,2,0.1,0.25,20,50,0.2889309401598069,0.7977615944900471,0.32784404458696687,0.09570866129985645,3.425437574137907,0.18421052631578946,0.24463033846522778,-0.006916614154593659,0.17534828186035156
GOOGL,1h,2,0.1,0.5,8,21,0.5927862003181927,1.0566206780266434,0.5962019603890345,0.05389362186762119,11.06256992438705,0.7763157894736842,1.237569303235211,-0.07936069672157386,0.20454859733581543
GOOGL,1h,2,0.1,0.5,9,21,0.5848145699923133,1.296825590987917,0.5899508108774135,0.054111925777475055,10.902417579878295,0.75,1.1789131516849185,-0.0842520086904841,0.18522000312805176
GOOGL,1h,2,0.1,0.5,10,30,0.5437602808905415,1.3014188296126061,0.5494723783921851,0.04936242311420395,11.131389906061468,0.5657894736842105,0.877066249185898,-0.08128021756831483,0.18755507469177246
GOOGL,1h,2,0.1,0.5,12,26,0.5309822627103069,0.5535475358109168,0.5519544729166407,0.054569358348354025,10.114732692899427,0.6578947368421053,0.9787882604798883,-0.07856886344151959,0.20288467407226562
GOOGL,1h,2,0.1,0.5,20,50,0.43390557097303284,0.8978486666995082,0.4418714606267159,0.06617962107753127,6.676850870890469,0.18421052631578946,0.24474251818122406,-0.006916614154593659,0.1937563419342041
GOOGL,1h,2,0.1,0.75,8,21,0.7773722106213491,1.1233628580621509,0.7760578447219058,0.06268826892894659,12.379634307680771,0.7763157894736842,1.2946366574115429,-0.10378806013356878,0.18946456909179688
GOOGL,1h,2,0.1,0.75,9,21,0.7636104660496472,1.4402782673397958,0.7639189335682264,0.06371361783723886,11.98988472950498,0.75,1.2363822699636895,-0.10949431897911277,0.1912095546722412
GOOGL,1h,2,0.1,0.75,10,30,0.7069059299261372,1.4517281181211166,0.7086226684862371,0.05144879223965576,13.773358666718012,0.5657894736842105,0.902131774999754,-0.10654759983447415,0.18234515190124512
GOOGL,1h,2,0.1,0.75,12,26,0.6991912044273649,0.547203553462323,0.711951995775747,0.059768266825609,11.911872864794129,0.6578947368421053,1.0152590235911887,-0.10286429863824309,0.18708014488220215
GOOGL,1h,2,0.1,0.75,20,50,0.5585456620671532,0.9413433907970161,0.5497938415743182,0.06460029035340431,8.510702329147428,0.18421052631578946,0.2448221709676084,-0.006916614154593659,0.18035650253295898
GOOGL,1h,2,0.1,1.0,8,21,0.9259055983913592,1.1372938512639594,0.9211649120072417,0.07255187385572134,12.69663846090448,0.7763157894736842,1.3391085979694484,-0.1282154235455637,0.21084189414978027
GOOGL,1h,2,0.1,1.0,9,21,0.9077252102514686,1.5307604256855214,0.9045166811530458,0.07465773575359849,12.115511835750366,0.75,1.2810978474261667,-0.13473662926774155,0.19782423973083496
GOOGL,1h,2,0.1,1.0,10,30,0.8387707629667595,1.5515747332550682,0.8374726595761064,0.05847024184412243,14.323057903689707,0.5657894736842105,0.9218251592446516,-0.1318149821006337,0.18478727340698242
GOOGL,1h,2,0.1,1.0,12,26,0.834175892302253,0.5043189064328448,0.8414591232139621,0.06881757210908532,12.227387532360684,0.6578947368421053,1.044082141023439,-0.1271597338349667,0.18720102310180664
GOOGL,1h,2,0.1,1.0,20,50,0.6599783556686208,0.9386338284200904,0.6396545919488328,0.06946153294921323,9.208760083318575,0.18421052631578946,0.2448816525837723,-0.006916614154593659,0.18871021270751953
GOOGL,1h,2,0.25,0.0,8,21,0.3306718254936806,0.6663909347365455,0.35756817894060305,0.4322672443820784,0.8271923991181499,0.35526315789473684,0.3131250654864227,-0.036760714863223076,0.1980123519897461
GOOGL,1h,2,0.25,0.0,9,21,0.41587647298483726,0.9402161995643366,0.38392175072641643,0.46727159225607073,0.8216244194789879,0.3684210526315789,0.3202196468775518,-0.07059044291137773,0.18556928634643555
GOOGL,1h,2,0.25,0.0,10,30,0.33325081091716985,0.6852198823746756,0.34158856331735993,0.49321995578887917,0.6925684155885524,0.3026315789473684,0.30862991347342594,-0.04199742847549892,0.19276189804077148
GOOGL,1h,2,0.25,0.0,12,26,0.26585742192010703,0.49281220198268283,0.33071276026382285,0.5044476835957389,0.6555937731867035,0.3157894736842105,0.2665390202237143,-0.04199742847549892,0.1898791790008545
GOOGL,1h,2,0.25,0.0,20,50,0.3408549899437815,0.7298441707215408,0.4748807641511245,0.36957995107925157,1.2849202527474024,0.07894736842105263,0.03476562930166169,-0.006916614154593659,0.17145371437072754
GOOGL,1h,2,0.25,0.25,8,21,0.37125132628222846,0.8389249756784032,0.38271014225586053,0.06391715865263876,5.987596293754536,0.7631578947368421,1.1608097290367188,-0.05493333330957906,0.1944732666015625
GOOGL,1h,2,0.25,0.25,9,21,0.37577093391050514,1.2576775415920776,0.37966765429133054,0.06878111123082906,5.519940685709014,0.7368421052631579,1.1010276553670324,-0.059009698401855326,0.20058560371398926
GOOGL,1h,2,0.25,0.25,10,30,0.34202084011341805,0.8916340326067118,0.3639313716870557,0.07694120643706198,4.729993049754842,0.5526315789473685,0.8435115469617893,-0.056012835302155395,0.1924147605895996
GOOGL,1h,2,0.25,0.25,12,26,0.3319642842739797,0.6261642757580439,0.35880917018948494,0.08336944553692296,4.303844986357433,0.6447368421052632,0.931298729767282,-0.054273428244796085,0.1872844696044922
GOOGL,1h,2,0.25,0.25,20,50,0.2968906082310507,0.9382249162203364,0.3300601786206906,0.09132141292213627,3.614269294126133,0.18421052631578946,0.24463033846522778,-0.006916614154593659,0.19606566429138184
GOOGL,1h,2,0.25,0.5,8,21,0.6033159609046399,0.9396268562552215,0.6046054612347814,0.05441677303464981,11.110645257295937,0.7763157894736842,1.237569303235211,-0.07936069672157386,0.19388699531555176
GOOGL,1h,2,0.25,0.5,9,21,0.5910872385549407,1.514596551751692,0.5916193124309462,0.058582890924468875,10.098841199109192,0.75,1.1789131516849185,-0.0842520086904841,0.20312166213989258
GOOGL,1h,2,0.25,0.5,10,30,0.5417544469411043,1.0316616837458485,0.5536446125519991,0.04930169782292465,11.229727108800736,0.5657894736842105,0.877066249185898,-0.08128021756831483,0.18949031829833984
GOOGL,1h,2,0.25,0.5,12,26,0.5380923856371009,0.6949395270648384,0.5503456572086067,0.05407807368145528,10.176872431706716,0.6578947368421053,0.9787882604798883,-0.07856886344151959,0.18721699714660645
GOOGL,1h,2,0.25,0.5,20,50,0.43891887251715384,1.078855673068833,0.44496723374694735,0.06489499894784452,6.856726110814227,0.18421052631578946,0.24474251818122406,-0.006916614154593659,0.18580007553100586
GOOGL,1h,2,0.25,0.75,8,21,0.7933047916556276,0.9801270861239813,0.7885532033495278,0.0632284813469638,12.471487319494095,0.7763157894736842,1.2946366574115429,-0.10378806013356878,0.1935884952545166
GOOGL,1h,2,0.25,0.75,9,21,0.7704988008093674,1.714297748625767,0.7688762640609295,0.06761550997681975,11.37130022866823,0.75,1.2363822699636895,-0.10949431897911277,0.1863389015197754
GOOGL,1h,2,0.25,0.75,10,30,0.7075661716480665,1.1140221111630728,0.7139572722418063,0.053362506106681425,13.37938047389444,0.5657894736842105,0.902131774999754,-0.10654759983447415,0.18350744247436523
GOOGL,1h,2,0.25,0.75,12,26,0.7068315231531374,0.7117254258470205,0.7118320100254626,0.05762028666121316,12.353843607387486,0.6578947368421053,1.0152590235911887,-0.10286429863824309,0.1898822784423828
GOOGL,1h,2,0.25,0.75,20,50,0.5624753638613755,1.161139249114699,0.5538477954449903,0.06431200915257719,8.611887620102378,0.18421052631578946,0.2448221709676084,-0.006916614154593659,0.18085598945617676
GOOGL,1h,2,0.25,1.0,8,21,0.9459789411511443,0.9712232714466726,0.9368324832202145,0.07287713023422303,12.854958478871042,0.7763157894736842,1.3391085979694484,-0.1282154235455637,0.19849634170532227
GOOGL,1h,2,0.25,1.0,9,21,0.9152777173270411,1.8605499510465497,0.9120748002113972,0.07741333102531592,11.781882889306598,0.75,1.2810978474261667,-0.13473662926774155,0.1999056339263916
GOOGL,1h,2,0.25,1.0,10,30,0.8412551073758211,1.1470291410481557,0.8437949287650911,0.06143641189030411,13.734443513265441,0.5657894736842105,0.9218251592446516,-0.1318149821006337,0.1920771598815918
GOOGL,1h,2,0.25,1.0,12,26,0.8424268951455681,0.6875572162576957,0.8425748419947127,0.06597728956489449,12.77067984379634,0.6578947368421053,1.044082141023439,-0.1271597338349667,0.1983199119567871
GOOGL,1h,2,0.25,1.0,20,50,0.6633003646774033,1.1939369681075265,0.6445140838423274,0.06887702765747149,9.357460763950566,0.18421052631578946,0.2448816525837723,-0.006916614154593659,0.18285679817199707
GOOGL,1h,2,0.4,0.0,8,21,0.35161071185736564,0.7293808480690209,0.35831609889987664,0.43924152769016417,0.8157609795780253,0.35526315789473684,0.3131250654864227,-0.036760714863223076,0.1954500675201416
GOOGL,1h,2,0.4,0.0,9,21,0.4044234771734069,0.90077519732743,0.3909960791521305,0.46007270473247225,0.8498571532938275,0.3684210526315789,0.3202196468775518,-0.07059044291137773,0.19515609741210938
GOOGL,1h,2,0.4,0.0,10,30,0.32620130257769636,0.6636494341014982,0.3451131355744414,0.4988318484132552,0.6918426252698562,0.3026315789473684,0.30862991347342594,-0.04199742847549892,0.19350028038024902
GOOGL,1h,2,0.4,0.0,12,26,0.2850960447352337,0.5446061993506783,0.3267332585581587,0.509416109423471,0.6413877624088828,0.3157894736842105,0.2665390202237143,-0.04199742847549892,0.1958937644958496
GOOGL,1h,2,0.4,0.0,20,50,0.34190682999799843,0.7327523355589471,0.47744697872027253,0.3653959263001507,1.306656545284193,0.07894736842105263,0.03476562930166169,-0.006916614154593659,0.1896073818206787
GOOGL,1h,2,0.4,0.25,8,21,0.3737423304096976,0.9267789287046058,0.3844543307756002,0.06408299714237117,5.9993188196468115,0.7631578947368421,1.1608097290367188,-0.05493333330957906,0.2042398452758789
GOOGL,1h,2,0.4,0.25,9,21,0.3749226514991603,1.200597399143816,0.38213876391895,0.06896486972948968,5.541064101445635,0.7368421052631579,1.1010276553670324,-0.059009698401855326,0.19292068481445312
GOOGL,1h,2,0.4,0.25,10,30,0.3419897874149562,0.8611722979180607,0.36493024308743033,0.07601225174632506,4.800939778830766,0.5526315789473685,0.8435115469617893,-0.056012835302155395,0.1949326992034912
GOOGL,1h,2,0.4,0.25,12,26,0.33657742733611234,0.695205033724104,0.3586580934119194,0.08381592746117338,4.279116204710173,0.6447368421052632,0.931298729767282,-0.054273428244796085,0.19720029830932617
GOOGL,1h,2,0.4,0.25,20,50,0.29683145923857673,0.942280533867736,0.3305741517818631,0.09007050626042219,3.6701709084000167,0.18421052631578946,0.24463033846522778,-0.006916614154593659,0.17906498908996582
GOOGL,1h,2,0.4,0.5,8,21,0.604602411020977,1.0520452050873708,0.6086713627576656,0.05633152813411312,10.805163341362787,0.7763157894736842,1.237569303235211,-0.07936069672157386,0.20662593841552734
GOOGL,1h,2,0.4,0.5,9,21,0.592794486027384,1.43796916931218,0.5955051677164444,0.05766798152054889,10.326443756389278,0.75,1.1789131516849185,-0.0842520086904841,0.19915342330932617
GOOGL,1h,2,0.4,0.5,10,30,0.5440018213515212,0.9918223448017807,0.5554099836622515,0.04771677661379741,11.639721353299741,0.5657894736842105,0.877066249185898,-0.08128021756831483,0.1847705841064453
GOOGL,1h,2,0.4,0.5,12,26,0.5432591661771738,0.7800494682599646,0.5513979470625017,0.054118845539382204,10.188649472599156,0.6578947368421053,0.9787882604798883,-0.07856886344151959,0.20180749893188477
GOOGL,1h,2,0.4,0.5,20,50,0.4387119388492265,1.084054177965582,0.4452563339683052,0.06407487941390166,6.948999951948447,0.18421052631578946,0.24474251818122406,-0.006916614154593659,0.17164325714111328
GOOGL,1h,2,0.4,0.75,8,21,0.7942820225776229,1.115473210664419,0.7944423012611165,0.06711727520949454,11.836629225209267,0.7763157894736842,1.2946366574115429,-0.10378806013356878,0.20967960357666016
GOOGL,1h,2,0.4,0.75,9,21,0.7739055701792986,1.6173927336070264,0.7739834633366656,0.0667117929503438,11.60189869147681,0.75,1.2363822699636895,-0.10949431897911277,0.20212197303771973
GOOGL,1h,2,0.4,0.75,10,30,0.7113836936425119,1.0649513637717014,0.7164262222449832,0.0521268491513127,13.743900387406047,0.5657894736842105,0.902131774999754,-0.10654759983447415,0.1968073844909668
GOOGL,1h,2,0.4,0.75,12,26,0.7129832881272047,0.8109537549640189,0.7137278399877037,0.057650502122753376,12.380253661416267,0.6578947368421053,1.0152590235911887,-0.10286429863824309,0.19860434532165527
GOOGL,1h,2,0.4,0.75,20,50,0.5622686708052002,1.1674196672764259,0.5540630350255988,0.06379605203619351,8.684911014732721,0.18421052631578946,0.2448221709676084,-0.006916614154593659,0.1851813793182373
GOOGL,1h,2,0.4,1.0,8,21,0.9468323552747887,1.1268613343874532,0.9441698197673567,0.07822760785225023,12.069521818315417,0.7763157894736842,1.3391085979694484,-0.1282154235455637,0.20688867568969727
GOOGL,1h,2,0.4,1.0,9,21,0.919955674168928,1.743655996390053,0.918165694868455,0.07669004305246702,11.972423776582023,0.75,1.2810978474261667,-0.13473662926774155,0.204728364944458
GOOGL,1h,2,0.4,1.0,10,30,0.8462761056962529,1.0893646380366864,0.8468379884653283,0.06050468227407978,13.996238913035562,0.5657894736842105,0.9218251592446516,-0.1318149821006337,0.19567418098449707
GOOGL,1h,2,0.4,1.0,12,26,0.8494654498643676,0.798469183989492,0.8451187707828629,0.06599970339119551,12.804887406442548,0.6578947368421053,1.044082141023439,-0.1271597338349667,0.19192242622375488
GOOGL,1h,2,0.4,1.0,20,50,0.6631157381607471,1.2011965300867202,0.6446912458801662,0.06854850947073067,9.404890797157902,0.18421052631578946,0.2448816525837723,-0.006916614154593659,0.18608641624450684
GOOGL,1h,2,0.55,0.0,8,21,0.3513742483305687,0.7291642996002321,0.3617080028219589,0.44946653729928726,0.8047495704471268,0.35526315789473684,0.28143723069193777,-0.036760714863223076,0.23571991920471191
GOOGL,1h,2,0.55,0.0,9,21,0.42605178481442946,0.9809736481829885,0.3919628952190084,0.46100849710845043,0.8502292206705263,0.3684210526315789,0.32998590488563895,-0.036760714863223076,0.1929469108581543
GOOGL,1h,2,0.55,0.0,10,30,0.26726534280130754,0.49440915098607574,0.355943163165641,0.5021700724172414,0.7088099883218372,0.3026315789473684,0.33142797227664395,-0.03679527087318357,0.17914700508117676
GOOGL,1h,2,0.55,0.0,12,26,0.2637117087386747,0.4854817899294577,0.34426704058332736,0.503761507956267,0.6833929054643337,0.32894736842105265,0.27997793942143806,-0.03679527087318357,0.18760967254638672
GOOGL,1h,2,0.55,0.0,20,50,0.34339524688463174,0.7393251391281828,0.48028303448539694,0.3698944620996001,1.2984326171287013,0.07894736842105263,0.03476562930166169,-0.006916614154593659,0.18469738960266113
GOOGL,1h,2,0.55,0.25,8,21,0.37533197354793346,0.9262857507533351,0.3863610402118685,0.0686816866577367,5.625386606144835,0.7763157894736842,1.126234982131273,-0.04536231832846893,0.20901179313659668
GOOGL,1h,2,0.55,0.25,9,21,0.38070750820426097,1.3171400730018759,0.3848798864114401,0.06786478928907101,5.671275052104544,0.75,1.0928367455820558,-0.04947088071297423,0.19405078887939453
GOOGL,1h,2,0.55,0.25,10,30,0.33531179061787425,0.6265788742197651,0.3686879749074345,0.07680433172157448,4.800353920713424,0.5657894736842105,0.8398624743232415,-0.056838241485735796,0.20306801795959473
GOOGL,1h,2,0.55,0.25,12,26,0.3353806210391741,0.6143672297496738,0.3634521530733584,0.08202566548670705,4.430956468524585,0.6710526315789473,0.9405055788793667,-0.04469720098369323,0.19935274124145508
GOOGL,1h,2,0.55,0.25,20,50,0.2990169315259413,0.9508334987795457,0.3310212898953154,0.08803931426042128,3.7599258090101735,0.18421052631578946,0.24476909812243344,-0.006916614154593659,0.1841745376586914
GOOGL,1h,2,0.55,0.5,8,21,0.6079219118105307,1.051181692371809,0.6139384721402419,0.053042235807702405,11.574520998058876,0.7763157894736842,1.2078766702106745,-0.06787624450201624,0.26505446434020996
GOOGL,1h,2,0.55,0.5,9,21,0.6004409596227325,1.5935765642356454,0.6004024773796414,0.05693444815901619,10.545504466869257,0.75,1.170706362715937,-0.07280619064555993,0.1974341869354248
GOOGL,1h,2,0.55,0.5,10,30,0.546814779541364,0.6931956965049435,0.560962962590848,0.04851134471585291,11.563541804017076,0.5789473684210527,0.876859456165681,-0.08293102993547552,0.22046852111816406
GOOGL,1h,2,0.55,0.5,12,26,0.5471574993049464,0.6785409475733011,0.5578609711878737,0.051269272228965004,10.88100039135538,0.6710526315789473,0.9889522787135692,-0.06707815690299457,0.20902204513549805
GOOGL,1h,2,0.55,0.5,20,50,0.4430882777692244,1.0942584654245318,0.44701644521515094,0.06287914618154355,7.109136690955265,0.18421052631578946,0.2448580888860023,-0.006916614154593659,0.18267416954040527
GOOGL,1h,2,0.55,0.75,8,21,0.7988975722955675,1.1141675846961943,0.802566562807181,0.0622427961919024,12.894127704879564,0.7763157894736842,1.269467851033072,-0.09039017067556332,0.19771742820739746
GOOGL,1h,2,0.55,0.75,9,21,0.7836870292502398,1.8131709964169578,0.7805114766099265,0.0662574404938657,11.779982305265602,0.75,1.2296070633760419,-0.09614150057814574,0.19574332237243652
GOOGL,1h,2,0.55,0.75,10,30,0.7198247450969568,0.7069485025278877,0.7235913483084973,0.05268074221768543,13.735405346388243,0.5789473684210527,0.905909296353299,-0.10902381838521524,0.199446439743042
GOOGL,1h,2,0.55,0.75,12,26,0.7202167098108595,0.6908986180910748,0.7217750116545366,0.053350711699954305,13.52887316131445,0.6710526315789473,1.0271610397579483,-0.08945911282229557,0.19989013671875
GOOGL,1h,2,0.55,0.75,20,50,0.5683374728409345,1.1788611615124553,0.5569331619611804,0.0631530430075885,8.818785848438988,0.18421052631578946,0.24492119242804375,-0.006916614154593659,0.18297553062438965
GOOGL,1h,2,0.55,1.0,8,21,0.9524510478327245,1.1250691639069594,0.9546170789330576,0.07357733801615203,12.974335640187142,0.7763157894736842,1.317673142514552,-0.11290409684911051,0.20287418365478516
GOOGL,1h,2,0.55,1.0,9,21,0.9315598891870257,1.9792859705503902,0.9259555881123192,0.07647647328268681,12.107718208835637,0.75,1.275746067234006,-0.11947681051073178,0.1950087547302246
GOOGL,1h,2,0.55,1.0,10,30,0.8588106160814911,0.6790503060218063,0.8553099615481884,0.060947006650196915,14.033666435124669,0.5789473684210527,0.9290557460290891,-0.1351166068349553,0.20343399047851562
GOOGL,1h,2,0.55,1.0,12,26,0.8592023727732304,0.6627058890882751,0.8544605361319263,0.06077460408689491,14.059499835000608,0.6710526315789473,1.05757430814068,-0.11184006874159691,0.1872560977935791
GOOGL,1h,2,0.55,1.0,20,50,0.67052389260183,1.2134297394394893,0.6484496245501249,0.06794911026225557,9.543165790506697,0.18421052631578946,0.24496827021087803,-0.006916614154593659,0.1907815933227539
GOOGL,1h,2,0.7,0.0,8,21,0.3160752379052448,0.6211907213897812,0.39052672192070126,0.4676513973435401,0.8350808404274209,0.3684210526315789,0.27825078666573405,-0.04085454421951351,0.19609618186950684
GOOGL,1h,2,0.7,0.0,9,21,0.4133212453985012,0.9460973954143117,0.39305077884031736,0.46664454358618424,0.842291599125331,0.3815789473684211,0.31683700420610245,-0.04085454421951351,0.19370675086975098
GOOGL,1h,2,0.7,0.0,10,30,0.2996855539811847,0.5835416330104297,0.3576060337819252,0.5151177563331174,0.6942219121459827,0.3026315789473684,0.30305620459345356,-0.03679527087318357,0.2160344123840332
GOOGL,1h,2,0.7,0.0,12,26,0.26234311474718386,0.48142539968501086,0.347272385724653,0.5053822954680799,0.6871479053357279,0.32894736842105265,0.28011539252874285,-0.03679527087318357,0.19716978073120117
GOOGL,1h,2,0.7,0.0,20,50,0.3677090748733454,0.8167994304903616,0.49594216036685007,0.37078522141365916,1.3375456510268031,0.07894736842105263,0.03476562930166169,-0.006916614154593659,0.1989140510559082
GOOGL,1h,2,0.7,0.25,8,21,0.37599087887848537,0.7766585910217143,0.3967335694980372,0.06716153808279526,5.907154315152115,0.7763157894736842,1.1217675055500709,-0.04536231832846893,0.2139444351196289
GOOGL,1h,2,0.7,0.25,9,21,0.38137979666281013,1.2659269544537146,0.3801903442889102,0.07287186257981676,5.217244774997848,0.75,1.0935053203306107,-0.04947088071297423,0.20200634002685547
GOOGL,1h,2,0.7,0.25,10,30,0.34280533589059387,0.7496294949136579,0.36244690165902427,0.08442486322752515,4.293129864862549,0.5657894736842105,0.8326286511311425,-0.056838241485735796,0.18586277961730957
GOOGL,1h,2,0.7,0.25,12,26,0.3400506386574614,0.6088913594965883,0.3610557677938969,0.08543151603823407,4.226259635054467,0.6710526315789473,0.9406681941268382,-0.04469720098369323,0.21642112731933594
GOOGL,1h,2,0.7,0.25,20,50,0.30638330936457325,1.059081604162404,0.3354921899609495,0.08437499728440873,3.9762038608437806,0.18421052631578946,0.24476909812243344,-0.006916614154593659,0.19476318359375
GOOGL,1h,2,0.7,0.5,8,21,0.6186229194262841,0.8608407810331695,0.6258932590725083,0.04436172747557475,14.108856771123726,0.7763157894736842,1.2052753696796723,-0.06787624450201624,0.20027780532836914
GOOGL,1h,2,0.7,0.5,9,21,0.605066921436572,1.5245059751245043,0.5986805147209725,0.055927738700029796,10.704536400658258,0.75,1.1731079313428603,-0.07280619064555993,0.21910548210144043
GOOGL,1h,2,0.7,0.5,10,30,0.554073121439884,0.8493405549362945,0.5564521091512956,0.047759122604342494,11.65122135431986,0.5789473684210527,0.8726788345988092,-0.08293102993547552,0.20874357223510742
GOOGL,1h,2,0.7,0.5,12,26,0.5571459005016723,0.6717609354292264,0.556382024609475,0.050326001149323694,11.055557999901843,0.6710526315789473,0.9890352365939187,-0.06707815690299457,0.19643473625183105
GOOGL,1h,2,0.7,0.5,20,50,0.4507904459401922,1.23326093300212,0.4504979290091501,0.05971847099351854,7.5436949659686405,0.18421052631578946,0.2448580888860023,-0.006916614154593659,0.1883559226989746
GOOGL,1h,2,0.7,0.75,8,21,0.8164358342911149,0.8862831316276578,0.816765509106615,0.052836657210332705,15.458311563035235,0.7763157894736842,1.2686806557269446,-0.09039017067556332,0.19601726531982422
GOOGL,1h,2,0.7,0.75,9,21,0.7911320088704066,1.725423229625335,0.7813997420514478,0.06241454599834245,12.51951335306035,0.75,1.2331918404488562,-0.09614150057814574,0.20471930503845215
GOOGL,1h,2,0.7,0.75,10,30,0.7277823617889919,0.8936837318025428,0.7207563763843088,0.04779660195865398,15.079657273707294,0.5789473684210527,0.9039867467460119,-0.10902381838521524,0.19524669647216797
GOOGL,1h,2,0.7,0.75,12,26,0.7342159502832556,0.6830028090876294,0.7212531473664295,0.05000910957820976,14.422435301281546,0.6710526315789473,1.0272168334275191,-0.08945911282229557,0.211653470993042
GOOGL,1h,2,0.7,0.75,20,50,0.5770861420752851,1.3470795586017297,0.5602783457980612,0.061401973196955735,9.124761251578791,0.18421052631578946,0.24492119242804375,-0.006916614154593659,0.18548274040222168
GOOGL,1h,2,0.7,1.0,8,21,0.9752054935689958,0.8644216846361767,0.9707939456801803,0.06467335459819375,15.010725076990106,0.7763157894736842,1.3183662780546583,-0.11290409684911051,0.19632744789123535
GOOGL,1h,2,0.7,1.0,9,21,0.9411788739466215,1.872685229277574,0.9290025277410588,0.07147412527654286,12.997746025524972,0.75,1.2802382783405186,-0.11947681051073178,0.21283316612243652
GOOGL,1h,2,0.7,1.0,10,30,0.8674793994455503,0.8926840595705452,0.8539068075239774,0.05532241244443541,15.435097093454162,0.5789473684210527,0.928850758621182,-0.1351166068349553,0.2023756504058838
GOOGL,1h,2,0.7,1.0,12,26,0.8763456114069211,0.6539266407745958,0.8547629630943234,0.05687320043551333,15.029274887800824,0.6710526315789473,1.0576163889207846,-0.11184006874159691,0.20078635215759277
GOOGL,1h,2,0.7,1.0,20,50,0.6802535517348539,1.4081903101864715,0.6518179692146905,0.0674162289921958,9.668561694397736,0.18421052631578946,0.24496827021087803,-0.006916614154593659,0.20802736282348633
GOOGL,1h,2,0.85,0.0,8,21,0.39470340793768127,0.883683803150912,0.40379029376085984,0.46925834926321763,0.8604861147273156,0.3684210526315789,0.19392532838693097,-0.03915423527437245,0.199432373046875
GOOGL,1h,2,0.85,0.0,9,21,0.41956098695521116,0.9692157248070714,0.42206228638567617,0.469204972205734,0.8995264572784898,0.34210526315789475,0.23982423770022243,-0.04083329514719003,0.20299267768859863
GOOGL,1h,2,0.85,0.0,10,30,0.2790225446338779,0.5263419908517191,0.3280734254394691,0.5099254178766459,0.6433753132087094,0.3026315789473684,0.305230301044889,-0.02536738199299482,0.17797589302062988
GOOGL,1h,2,0.85,0.0,12,26,0.27423078633944015,0.5133919350402802,0.3365828272833745,0.5038293421882575,0.6680492760138,0.35526315789473684,0.34845702803843387,-0.025868236810078327,0.1921708583831787
GOOGL,1h,2,0.85,0.0,20,50,0.38850728123109907,0.8881990776856064,0.5172014702365597,0.3437176494394708,1.5047277062437834,0.11842105263157894,0.08628015842749735,-0.01866074765358472,0.18068909645080566
GOOGL,1h,2,0.85,0.25,8,21,0.39433586094555395,1.147331484001497,0.40072514926760194,0.06525025500095345,6.141357597173321,0.7894736842105263,1.0951821881469541,-0.048830582118575716,0.19803476333618164
GOOGL,1h,2,0.85,0.25,9,21,0.3854514932762654,1.298475692392334,0.38882945353679255,0.07474260616143162,5.202246396078102,0.7368421052631579,1.0254452028640102,-0.05292421781579282,0.19657611846923828
GOOGL,1h,2,0.85,0.25,10,30,0.3475403495071896,0.6706428824376665,0.3610574490592901,0.08240181813205846,4.381668478244663,0.5921052631578947,0.8088528156708119,-0.043748080607899587,0.19717907905578613
GOOGL,1h,2,0.85,0.25,12,26,0.3449233578281461,0.6518360131537346,0.3608967160440451,0.08537425514756533,4.227231211800938,0.6578947368421053,0.8904488870957887,-0.04816788119046478,0.18250346183776855
GOOGL,1h,2,0.85,0.25,20,50,0.31140429373280437,1.1653902584684763,0.34104141192355397,0.07800137117707036,4.372248933282958,0.2236842105263158,0.3313888273183987,-0.0006119750817544789,0.17188715934753418
GOOGL,1h,2,0.85,0.5,8,21,0.6367391202109025,1.3415136144330586,0.6373499607032516,0.041752838266265,15.264829582093599,0.7894736842105263,1.1930157109944894,-0.0712627136632078,0.19085049629211426
GOOGL,1h,2,0.85,0.5,9,21,0.612195354829813,1.5665295504823518,0.6084774479221773,0.055281541750902184,11.006882743320867,0.7368421052631579,1.1138287547274315,-0.07617474897626031,0.18760037422180176
GOOGL,1h,2,0.85,0.5,10,30,0.5687524670696156,0.7491775017641458,0.5644647027877705,0.046743910586432715,12.075684205839739,0.5921052631578947,0.8548496264820294,-0.06722388419967451,0.19245100021362305
GOOGL,1h,2,0.85,0.5,12,26,0.5646885467514087,0.7247652881457334,0.5619958757280085,0.04971023922839646,11.305434945623318,0.6578947368421053,0.9403747248382778,-0.07046752557085123,0.21051812171936035
GOOGL,1h,2,0.85,0.5,20,50,0.4538743607003917,1.3766046765093645,0.45453678225407446,0.05646770980804234,8.049499152688103,0.2236842105263158,0.33209788515184924,-0.0006119750817544789,0.20062851905822754
GOOGL,1h,2,0.85,0.75,8,21,0.8363661491212637,1.4733088340594356,0.8341329153640695,0.051071044858274184,16.33279518127832,0.7894736842105263,1.2666027833395923,-0.09369484520783955,0.2052464485168457
GOOGL,1h,2,0.85,0.75,9,21,0.8007125959880573,1.776467298770379,0.7930606065451455,0.060894540734240506,13.023509118925237,0.7368421052631579,1.1809645922564425,-0.09942528013672791,0.19902491569519043
GOOGL,1h,2,0.85,0.75,10,30,0.7494313858350953,0.7740619942500686,0.7348259061448957,0.04469213332881945,16.44195189203572,0.5921052631578947,0.8915805588838065,-0.09069968779144899,0.1797010898590088
GOOGL,1h,2,0.85,0.75,12,26,0.7441542632551319,0.7446421819106472,0.7307693031881196,0.04574008188832878,15.976563071580019,0.6578947368421053,0.9804375957679269,-0.09276716995123746,0.20279765129089355
GOOGL,1h,2,0.85,0.75,20,50,0.579505090493816,1.5277557502418615,0.5640766428310094,0.05971265046643176,9.446518257435457,0.2236842105263158,0.3323055176577416,-0.0006119750817544789,0.18764662742614746
GOOGL,1h,2,0.85,1.0,8,21,0.9969484866366634,1.5498411235351992,0.9928699515433902,0.06407981587155304,15.494269732821675,0.7894736842105263,1.3240367577889394,-0.11612697675247163,0.19594287872314453
GOOGL,1h,2,0.85,1.0,9,21,0.9526953465616584,1.9319090998705137,0.9423176894532537,0.06972611044417332,13.514559803356976,0.7368421052631579,1.2335814798154248,-0.12267581129719485,0.194411039352417
GOOGL,1h,2,0.85,1.0,10,30,0.8944864677121492,0.7561002819475591,0.8724926479658925,0.04999036021720996,17.453217863901756,0.5921052631578947,0.9208957492717977,-0.1141754913832238,0.1811981201171875
GOOGL,1h,2,0.85,1.0,12,26,0.8882394168129959,0.7224893166917166,0.8672300191145089,0.049298075448391536,17.591559330188907,0.6578947368421053,1.0124526459564356,-0.11506681433162358,0.1867353916168213
GOOGL,1h,2,0.85,1.0,20,50,0.6823137686334052,1.6249728756829067,0.6556165645891102,0.06651898302924912,9.856082199886137,0.2236842105263158,0.3323970273538616,-0.0006119750817544789,0.17316770553588867
GOOGL,1h,2,1.0,0.0,8,21,0.4040345663354865,0.9155529454898477,0.38150972954917617,0.4732526822923154,0.8061438293413157,0.35526315789473684,0.18701557867918903,-0.04963010305785076,0.19406414031982422
GOOGL,1h,2,1.0,0.0,9,21,0.412952473554037,0.9448590997843112,0.42037942459050076,0.45555653447674865,0.9227821198379862,0.32894736842105265,0.26183762639543245,-0.04083329514719003,0.1849822998046875
GOOGL,1h,2,1.0,0.0,10,30,0.28325898517231374,0.539023855839009,0.3217285904195861,0.5045398354798498,0.6376673709293966,0.3026315789473684,0.28451364872395035,-0.02536738199299482,0.19132089614868164
GOOGL,1h,2,1.0,0.0,12,26,0.3032094553139221,0.5959751143000998,0.342186203378954,0.4959670223352918,0.6899374110959008,0.35526315789473684,0.3401133176396408,-0.028737864121652912,0.18120694160461426
GOOGL,1h,2,1.0,0.0,20,50,0.40536958158476855,0.9491370152512608,0.5190995786161477,0.3548424543004775,1.462901556239882,0.11842105263157894,0.08628015842749735,-0.01866074765358472,0.18114328384399414
GOOGL,1h,2,1.0,0.25,8,21,0.39969559378950087,1.192317876605176,0.40507173219565756,0.06186627369440871,6.547537260713776,0.7894736842105263,1.0885009215137924,-0.052768239195191136,0.18968677520751953
GOOGL,1h,2,1.0,0.25,9,21,0.3840871624536414,1.2626431746706657,0.39047554673369067,0.07477111254934819,5.222278142190016,0.7368421052631579,1.0271005466043857,-0.048830582118575716,0.19227218627929688
GOOGL,1h,2,1.0,0.25,10,30,0.3496355683081614,0.688239519195389,0.36211931936535807,0.08141654256474505,4.44773639309713,0.5921052631578947,0.7992960221118393,-0.043748080607899587,0.1890120506286621
GOOGL,1h,2,1.0,0.25,12,26,0.3500631460277805,0.7654818589068364,0.3638720387412284,0.08247798230637259,4.411747578760958,0.6578947368421053,0.8979460368246233,-0.05175455662651918,0.18082547187805176
GOOGL,1h,2,1.0,0.25,20,50,0.3156025099977591,1.2542014800260515,0.3429540890358922,0.0812606988365567,4.220417667410062,0.2236842105263158,0.3313888273183987,-0.0006119750817544789,0.18396925926208496
GOOGL,1h,2,1.0,0.5,8,21,0.6460878145921751,1.399846916184321,0.6505531580952859,0.041436908485796474,15.699847837786429,0.7894736842105263,1.189639745922015,-0.07598758711107556,0.1881256103515625
GOOGL,1h,2,1.0,0.5,9,21,0.6113653606632827,1.5181101976492428,0.6145164630673003,0.05813132472763418,10.571175970039,0.7368421052631579,1.114602387559495,-0.0712627136632078,0.1945784091949463
GOOGL,1h,2,1.0,0.5,10,30,0.5723585928624518,0.7716040656770269,0.5707282480237155,0.04894375867621906,11.660899437644185,0.5921052631578947,0.8499855188733999,-0.06722388419967451,0.19484496116638184
GOOGL,1h,2,1.0,0.5,12,26,0.5680231757226846,0.8684166759745011,0.5688940319188804,0.04985050680297497,11.412000968562472,0.6578947368421053,0.9509461998366704,-0.07477124913138511,0.19839739799499512
GOOGL,1h,2,1.0,0.5,20,50,0.4564947858549153,1.4955737046294852,0.459326741637384,0.05544919912761549,8.283739871161178,0.2236842105263158,0.33209788515184924,-0.0006119750817544789,0.1764814853668213
GOOGL,1h,2,1.0,0.75,8,21,0.8489901237199419,1.5445682672538368,0.8535674181714524,0.05264417885013732,16.21389936770238,0.7894736842105263,1.2663105090504232,-0.09920693502696032,0.21343064308166504
GOOGL,1h,2,1.0,0.75,9,21,0.8001413436762568,1.714834869794574,0.8022048258317863,0.06388255437507283,12.557494509718746,0.7368421052631579,1.1814620210779745,-0.09369484520783955,0.20935463905334473
GOOGL,1h,2,1.0,0.75,10,30,0.7543391241894174,0.8009859769759229,0.7446418081961997,0.04708300597697424,15.815511196552826,0.5921052631578947,0.890202965968707,-0.09069968779144899,0.18622612953186035
GOOGL,1h,2,1.0,0.75,12,26,0.7469181575796578,0.9156895175584094,0.7406067505711775,0.04682801882447154,15.81546196406987,0.6578947368421053,0.9930856592270164,-0.09778794163625104,0.18782973289489746
GOOGL,1h,2,1.0,0.75,20,50,0.5815447397479756,1.6779684258208696,0.571007695200825,0.055151515954576354,10.35343608090693,0.2236842105263158,0.3323055176577416,-0.0006119750817544789,0.18559050559997559
GOOGL,1h,2,1.0,1.0,8,21,1.0122018335903225,1.6330949268435893,1.0170936912104822,0.06661316247277668,15.26865942787427,0.7894736842105263,1.3262387941935816,-0.12242628294284452,0.2033977508544922
GOOGL,1h,2,1.0,1.0,9,21,0.9522873286598081,1.8568859304860008,0.953846362201805,0.07233163506624349,13.187125679216898,0.7368421052631579,1.233953062901478,-0.11612697675247163,0.20261216163635254
GOOGL,1h,2,1.0,1.0,10,30,0.9004371276529589,0.7870103117286973,0.8850022823184147,0.05142248130645795,17.21041575267724,0.5921052631578947,0.9222037102163304,-0.1141754913832238,0.18326735496520996
GOOGL,1h,2,1.0,1.0,12,26,0.8907047050595327,0.917254971904625,0.8793474247441877,0.05020076258791275,17.516614876203402,0.6578947368421053,1.026585349898522,-0.12080463414111697,0.18291902542114258
GOOGL,1h,2,1.0,1.0,20,50,0.6840276403993513,1.806451092899771,0.6642106613060693,0.059500758061286844,11.163062168416753,0.2236842105263158,0.3323970273538616,-0.0006119750817544789,0.18457579612731934
GOOGL,1h,3,0.0,0.0,8,21,0.3147146547617317,0.6206525582980147,0.3267453277001039,0.4384317275804922,0.7452593121014863,0.3815789473684211,0.3748288756469444,-0.07059044291137773,0.18948674201965332
GOOGL,1h,3,0.0,0.0,9,21,0.3257311115339504,0.6619377586032278,0.35337413091295095,0.48873007217655007,0.7230456053976911,0.3815789473684211,0.4040067456629333,-0.07401938266517916,0.20050621032714844
GOOGL,1h,3,0.0,0.0,10,30,0.37883437050801455,0.8422866084343259,0.3839170609615588,0.49210731514514133,0.7801490633162543,0.3026315789473684,0.33065374863061303,-0.03741252930851857,0.18135881423950195
GOOGL,1h,3,0.0,0.0,12,26,0.20205006040577186,0.3328699784155291,0.3957549513108075,0.4569904982696135,0.8660025816933321,0.35526315789473684,0.35397289999227965,-0.03944098159698517,0.1987619400024414
GOOGL,1h,3,0.0,0.0,20,50,0.3506285545661618,0.7620417239363122,0.4670003062667041,0.38724578025239803,1.2059532474758636,0.07894736842105263,0.03476562930166169,-0.006916614154593659,0.1710813045501709
GOOGL,1h,3,0.0,0.25,8,21,0.3581228660015227,0.7830425515941783,0.3698152623856691,0.06599154657844634,5.603979320988596,0.7631578947368421,1.1503403804287753,-0.06415287160949035,0.19837594032287598
GOOGL,1h,3,0.0,0.25,9,21,0.35649596148200724,0.8589692201157988,0.37432569577191177,0.07110749994883508,5.26422242437514,0.7368421052631579,1.0876646120752353,-0.06818946997903974,0.19516468048095703
GOOGL,1h,3,0.0,0.25,10,30,0.3475690386151646,1.117982164759447,0.35722075165429434,0.08522098447864866,4.191699425201932,0.5394736842105263,0.8195008681106937,-0.022367741792130302,0.18157672882080078
GOOGL,1h,3,0.0,0.25,12,26,0.3164466632324182,0.40838668427134195,0.36617358610788103,0.07807728556847834,4.689886225446777,0.6447368421052632,0.9738128413698507,-0.06349940420697375,0.19873309135437012
GOOGL,1h,3,0.0,0.25,20,50,0.29772839198782064,0.9791443931993942,0.3146656144640102,0.09555008106939215,3.2932009156066324,0.18421052631578946,0.24460738114075156,-0.006916614154593659,0.17766714096069336
GOOGL,1h,3,0.0,0.5,8,21,0.5797029009506782,0.875402140834328,0.5841479264167944,0.05500598510798609,10.619715750386304,0.7763157894736842,1.2186046296346382,-0.0883419354173618,0.21402406692504883
GOOGL,1h,3,0.0,0.5,9,21,0.5722942931311878,0.9901877756894366,0.5762144427377851,0.05299669083950206,10.872649473206224,0.75,1.1571911418978285,-0.09318553050065548,0.19797587394714355
GOOGL,1h,3,0.0,0.5,10,30,0.538167749988112,1.332240975990194,0.5329062883901596,0.04908854761577686,10.856020686562045,0.5394736842105263,0.8431085330758082,-0.023557770355607355,0.20743060111999512
GOOGL,1h,3,0.0,0.5,12,26,0.5233043552026021,0.4237911587768819,0.5478230267666333,0.0549587250961464,9.967899106252112,0.6578947368421053,1.011921857060171,-0.08755782681696223,0.1833198070526123
GOOGL,1h,3,0.0,0.5,20,50,0.43640946561042937,1.126011648146489,0.4255538750895186,0.06034374061371682,7.052162672739339,0.18421052631578946,0.2447234179723898,-0.006916614154593659,0.17957353591918945
GOOGL,1h,3,0.0,0.75,8,21,0.7613225640680603,0.9095614191793941,0.7616369404924199,0.06306648921411541,12.076729654422431,0.7763157894736842,1.269149777445257,-0.11253099922523335,0.1860349178314209
GOOGL,1h,3,0.0,0.75,9,21,0.749868432744538,1.0646482930953938,0.7454764097548638,0.06323823275217098,11.788381447602541,0.75,1.2075471651076217,-0.11818159102227133,0.20174908638000488
GOOGL,1h,3,0.0,0.75,10,30,0.6983265069702593,1.4904140398156636,0.683732438749701,0.050751824165932595,13.472076127042143,0.5394736842105263,0.8605531968164853,-0.03235119131003461,0.2035524845123291
GOOGL,1h,3,0.0,0.75,12,26,0.6908991541630002,0.39434145292532574,0.7028370152824449,0.05966375516190162,11.779966134804107,0.6578947368421053,1.0410546239990521,-0.11161624942695048,0.1869053840637207
GOOGL,1h,3,0.0,0.75,20,50,0.5577313690186078,1.2118905695877733,0.5315123288432158,0.05521666890624879,9.625939763690912,0.18421052631578946,0.24480581843919202,-0.006916614154593659,0.1713423728942871
GOOGL,1h,3,0.0,1.0,8,21,0.9073341487548762,0.8963521584504603,0.9046950862591243,0.07221444189742184,12.5278969481508,0.7763157894736842,1.3085853035349937,-0.13672006303310458,0.20624756813049316
GOOGL,1h,3,0.0,1.0,9,21,0.8927445506604624,1.090916417634129,0.8823044847744848,0.07488174169350117,11.782638395162463,0.75,1.2465494669764983,-0.14317765154388706,0.19773316383361816
GOOGL,1h,3,0.0,1.0,10,30,0.8278532284937988,1.5979503498257128,0.8063973378291001,0.05907244176343428,13.650990440829524,0.5394736842105263,0.8741747143528684,-0.04114461226446142,0.19635009765625
GOOGL,1h,3,0.0,1.0,12,26,0.8252466787568061,0.33264628230884563,0.8286860875026395,0.06748880699909257,12.278867035148238,0.6578947368421053,1.0640230635456782,-0.13567467203693928,0.18452692031860352
GOOGL,1h,3,0.0,1.0,20,50,0.6568791905964362,1.2456891265128953,0.619984958600666,0.05832960147345293,10.628993563119657,0.18421052631578946,0.2448673567200415,-0.006916614154593659,0.16907072067260742
GOOGL,1h,3,0.1,0.0,8,21,0.3272393790475631,0.6577038240336737,0.3294045223120422,0.43741609882932064,0.7530690415685307,0.3815789473684211,0.3696532257853978,-0.07059044291137773,0.20769309997558594
GOOGL,1h,3,0.1,0.0,9,21,0.32639285504090004,0.6632079376369482,0.34962564797359846,0.4985383283116845,0.7013014408693843,0.3815789473684211,0.3963965273319394,-0.07401938266517916,0.18554449081420898
GOOGL,1h,3,0.1,0.0,10,30,0.39354552745906174,0.8905925961861003,0.39060071045616407,0.49252905131094077,0.7930511092016218,0.3026315789473684,0.3422743547900666,-0.03741252930851857,0.2046976089477539
GOOGL,1h,3,0.1,0.0,12,26,0.21209379400624775,0.35699532271900214,0.39868647341614527,0.45452507618166116,0.8771495662360359,0.35526315789473684,0.35397289999227965,-0.03944098159698517,0.18164873123168945
GOOGL,1h,3,0.1,0.0,20,50,0.3007316462388421,0.6064096240211629,0.4609212425560817,0.38848815863482045,1.186448627355328,0.07894736842105263,0.03476562930166169,-0.006916614154593659,0.1811213493347168
GOOGL,1h,3,0.1,0.25,8,21,0.3618180468859565,0.8328811530929754,0.3716261743349162,0.06571242373807855,5.655341154606796,0.7631578947368421,1.1444142582351993,-0.06415287160949035,0.19084382057189941
GOOGL,1h,3,0.1,0.25,9,21,0.3564973029651118,0.8608866449789536,0.37453155182606584,0.07120555447586051,5.259864270181848,0.7368421052631579,1.081207253456716,-0.06818946997903974,0.19978880882263184
GOOGL,1h,3,0.1,0.25,10,30,0.3515452155328202,1.1875182873435763,0.35929266581532004,0.0858692506302528,4.18418308274763,0.5394736842105263,0.820512118836486,-0.022367741792130302,0.20380568504333496
GOOGL,1h,3,0.1,0.25,12,26,0.3183149694150219,0.44038346722169464,0.3678407732106759,0.07864709110637903,4.677105892106421,0.6447368421052632,0.9738128413698507,-0.06349940420697375,0.19548392295837402
GOOGL,1h,3,0.1,0.25,20,50,0.2869346240287648,0.7646015769796306,0.3139476239566268,0.09646713971822701,3.2544514626809016,0.18421052631578946,0.24460738114075156,-0.006916614154593659,0.17969274520874023
GOOGL,1h,3,0.1,0.5,8,21,0.5843256588884156,0.9369192455283057,0.5871017613063784,0.05397370081406307,10.877552445938756,0.7763157894736842,1.2151124947862908,-0.0883419354173618,0.1915569305419922
GOOGL,1h,3,0.1,0.5,9,21,0.5723045906669785,0.9928314462647168,0.5783740958099088,0.05423221673741726,10.66476958908564,0.75,1.1534596330617992,-0.09318553050065548,0.19706988334655762
GOOGL,1h,3,0.1,0.5,10,30,0.5429763718285351,1.4242808275219159,0.5355877968451299,0.04851959418544815,11.038587725982296,0.5394736842105263,0.8436795857730323,-0.023557770355607355,0.18113994598388672
GOOGL,1h,3,0.1,0.5,12,26,0.5245525499774449,0.46276459418485194,0.5509204215184021,0.0540711745019614,10.18880071670013,0.6578947368421053,1.011921857060171,-0.08755782681696223,0.17998647689819336
GOOGL,1h,3,0.1,0.5,20,50,0.4325961754447658,0.8548957774696226,0.4267012632710109,0.061250214289580364,6.966526863949267,0.18421052631578946,0.2447234179723898,-0.006916614154593659,0.17026305198669434
GOOGL,1h,3,0.1,0.75,8,21,0.7669654939387169,0.9810152458689239,0.7655495056912069,0.061974071185857814,12.352738670263472,0.7763157894736842,1.267699089097281,-0.11253099922523335,0.1865530014038086
GOOGL,1h,3,0.1,0.75,9,21,0.749904659946822,1.0680649893549568,0.7490997127828747,0.06571661592094864,11.398939252805961,0.75,1.205950891633553,-0.11818159102227133,0.18938469886779785
GOOGL,1h,3,0.1,0.75,10,30,0.7041959488303459,1.6052683564395682,0.6870590620476352,0.04896527061366572,14.031558560525628,0.5394736842105263,0.8609655171091861,-0.03235119131003461,0.18467974662780762
GOOGL,1h,3,0.1,0.75,12,26,0.6919441143187677,0.4390467054298035,0.707052575972016,0.05745340746725008,12.306538587377156,0.6578947368421053,1.0410546239990521,-0.11161624942695048,0.2082815170288086
GOOGL,1h,3,0.1,0.75,20,50,0.5574876834628936,0.889240820575772,0.5338442530551213,0.0565274184845703,9.443987844603926,0.18421052631578946,0.24480581843919202,-0.006916614154593659,0.17699170112609863
GOOGL,1h,3,0.1,1.0,8,21,0.913838475223196,0.9756331847815412,0.9093723113438571,0.07123013566386785,12.766679480088996,0.7763157894736842,1.3087388458372005,-0.13672006303310458,0.19560837745666504
GOOGL,1h,3,0.1,1.0,9,21,0.8928016913811795,1.0951211047965264,0.887072197673304,0.07816884613225188,11.348155199483042,0.75,1.2466024182089925,-0.14317765154388706,0.1864023208618164
GOOGL,1h,3,0.1,1.0,10,30,0.8346470020399344,1.7351067922599683,0.8102635463017887,0.05668479258020411,14.294196193014825,0.5394736842105263,0.8745019168540413,-0.04114461226446142,0.21889758110046387
GOOGL,1h,3,0.1,1.0,12,26,0.8261816210316968,0.3816668481772585,0.8337815720027202,0.06446055601368299,12.934756129403135,0.6578947368421053,1.0640230635456782,-0.13567467203693928,0.19453954696655273
GOOGL,1h,3,0.1,1.0,20,50,0.6590628704991001,0.8784164891508699,0.6231970940170745,0.0600202895636281,10.38310708841911,0.18421052631578946,0.2448673567200415,-0.006916614154593659,0.20214462280273438
GOOGL,1h,3,0.25,0.0,8,21,0.3225395994612801,0.6426800394513079,0.33242303843701276,0.4139883493243954,0.8029767962782228,0.3815789473684211,0.3696532257853978,-0.07059044291137773,0.19469285011291504
GOOGL,1h,3,0.25,0.0,9,21,0.3401957770449749,0.7014809600139915,0.3538114160434637,0.47848984059057637,0.7394334968675025,0.3815789473684211,0.3963965273319394,-0.07401938266517916,0.20680546760559082
GOOGL,1h,3,0.25,0.0,10,30,0.33514847169396067,0.6882949495332167,0.3980783966164508,0.4962302942258077,0.8022049464704925,0.3026315789473684,0.3422743547900666,-0.03741252930851857,0.19697999954223633
GOOGL,1h,3,0.25,0.0,12,26,0.22629462868308478,0.3923108325335627,0.40864312652020035,0.4577135111427456,0.8927923615362933,0.35526315789473684,0.35397289999227965,-0.03944098159698517,0.18829584121704102
GOOGL,1h,3,0.25,0.0,20,50,0.33275770816618866,0.7058831115858637,0.47409238756517846,0.37850538535644335,1.2525380243103268,0.07894736842105263,0.03476562930166169,-0.006916614154593659,0.16751575469970703
GOOGL,1h,3,0.25,0.25,8,21,0.36690520624057166,0.8059828390854749,0.37624047066450145,0.06502536292807808,5.786057220174931,0.7631578947368421,1.1444142582351993,-0.06415287160949035,0.18690991401672363
GOOGL,1h,3,0.25,0.25,9,21,0.35938270428143726,0.9151503701457462,0.37163017802047293,0.0744603975316276,4.990977624886038,0.7368421052631579,1.081207253456716,-0.06818946997903974,0.20242047309875488
GOOGL,1h,3,0.25,0.25,10,30,0.34227549332469764,0.8966124154454767,0.3618944883754337,0.08351654397002448,4.333207184738438,0.5394736842105263,0.820512118836486,-0.022367741792130302,0.19315314292907715
GOOGL,1h,3,0.25,0.25,12,26,0.32428298833271624,0.4873428514406821,0.3660945719556793,0.0815681134971449,4.488206926208898,0.6447368421052632,0.9738128413698507,-0.06349940420697375,0.1948394775390625
GOOGL,1h,3,0.25,0.25,20,50,0.2949445978919858,0.9030265333866834,0.3164476061867624,0.09085632308074482,3.4829453301288957,0.18421052631578946,0.24460738114075156,-0.006916614154593659,0.21896862983703613
GOOGL,1h,3,0.25,0.5,8,21,0.5963144024274456,0.8976272955368865,0.5977132473613149,0.056624514617667474,10.555732819912276,0.7763157894736842,1.2151124947862908,-0.0883419354173618,0.20701336860656738
GOOGL,1h,3,0.25,0.5,9,21,0.5761358719313047,1.0635284438638823,0.5812831133918759,0.060121256098721945,9.668512454852598,0.75,1.1534596330617992,-0.09318553050065548,0.19491124153137207
GOOGL,1h,3,0.25,0.5,10,30,0.5419264916224563,1.0395864026166168,0.5401278475112583,0.048268119054505995,11.190157356273353,0.5394736842105263,0.8436795857730323,-0.023557770355607355,0.1886577606201172
GOOGL,1h,3,0.25,0.5,12,26,0.5330759731018141,0.5198715917148509,0.5502700773325455,0.05428285147740598,10.137088645049959,0.6578947368421053,1.011921857060171,-0.08755782681696223,0.1818864345550537
GOOGL,1h,3,0.25,0.5,20,50,0.4376776200969366,1.0319006256940364,0.4298953223160499,0.05944707439763995,7.231563986488067,0.18421052631578946,0.2447234179723898,-0.006916614154593659,0.18107151985168457
GOOGL,1h,3,0.25,0.75,8,21,0.7840782124867519,0.9297355034839134,0.7807068619064826,0.0655440421532237,11.911179662697759,0.7763157894736842,1.267699089097281,-0.11253099922523335,0.1865859031677246
GOOGL,1h,3,0.25,0.75,9,21,0.7548745377736353,1.154846169579618,0.756247300982974,0.06852852648702865,11.03551089962688,0.75,1.205950891633553,-0.11818159102227133,0.19174766540527344
GOOGL,1h,3,0.25,0.75,10,30,0.7076896725301537,1.1256143449349834,0.6933377468845816,0.05080084881545793,13.648152797667613,0.5394736842105263,0.8609655171091861,-0.03235119131003461,0.1851508617401123
GOOGL,1h,3,0.25,0.75,12,26,0.7028363056566064,0.504449352005504,0.7076611035764532,0.056137445305755186,12.605865830234068,0.6578947368421053,1.0410546239990521,-0.11161624942695048,0.1956648826599121
GOOGL,1h,3,0.25,0.75,20,50,0.5615077103362082,1.1025071631387893,0.5379349258826511,0.05642649145677233,9.533375405677257,0.18421052631578946,0.24480581843919202,-0.006916614154593659,0.19706225395202637
GOOGL,1h,3,0.25,1.0,8,21,0.9349544501123537,0.9134663307804769,0.9280972172283629,0.07525270016137324,12.333075294815131,0.7763157894736842,1.3087388458372005,-0.13672006303310458,0.1831822395324707
GOOGL,1h,3,0.25,1.0,9,21,0.8987467935773482,1.1969973161434146,0.8975246570765822,0.07831353437094966,11.460658292157456,0.75,1.2466024182089925,-0.14317765154388706,0.19139790534973145
GOOGL,1h,3,0.25,1.0,10,30,0.8413449851016219,1.1627354847154403,0.8179621291661492,0.059446824808410105,13.75955960309641,0.5394736842105263,0.8745019168540413,-0.04114461226446142,0.21314764022827148
GOOGL,1h,3,0.25,1.0,12,26,0.8390275483076977,0.4533529952448927,0.835492797653815,0.06254709173171488,13.357820076391711,0.6578947368421053,1.0640230635456782,-0.13567467203693928,0.22095108032226562
GOOGL,1h,3,0.25,1.0,20,50,0.6624910182893571,1.1241963954399656,0.6280650493529041,0.059985553554080855,10.47027179280196,0.18421052631578946,0.2448673567200415,-0.006916614154593659,0.18318414688110352
GOOGL,1h,3,0.4,0.0,8,21,0.3425771149163328,0.701812683439963,0.329306550432728,0.4265077997604977,0.7720997145131875,0.3815789473684211,0.3696532257853978,-0.07059044291137773,0.2116560935974121
GOOGL,1h,3,0.4,0.0,9,21,0.3307291842872377,0.6721826356944625,0.36156480761878734,0.4631859631160305,0.780603982872023,0.3815789473684211,0.3963965273319394,-0.07401938266517916,0.19662857055664062
GOOGL,1h,3,0.4,0.0,10,30,0.34640682175912424,0.7225603002564494,0.3939518518588738,0.5186491083897572,0.7595729858323111,0.3026315789473684,0.3422743547900666,-0.03741252930851857,0.18613791465759277
GOOGL,1h,3,0.4,0.0,12,26,0.25316018122781236,0.461608803773105,0.41241787246657263,0.46634530277065717,0.884361587897015,0.35526315789473684,0.35397289999227965,-0.03944098159698517,0.19310522079467773
GOOGL,1h,3,0.4,0.0,20,50,0.3305024368282081,0.6975536900392294,0.471780396273967,0.37587814030197625,1.2551418816080764,0.07894736842105263,0.03476562930166169,-0.006916614154593659,0.19091200828552246
GOOGL,1h,3,0.4,0.25,8,21,0.3692166776062384,0.8881181463620582,0.3778438754002657,0.06486402899469516,5.825168144136826,0.7631578947368421,1.1444142582351993,-0.06415287160949035,0.20186424255371094
GOOGL,1h,3,0.4,0.25,9,21,0.36039282858503635,0.8739427053299784,0.3740427886694043,0.07242677816696781,5.1644267235953984,0.7368421052631579,1.081207253456716,-0.06818946997903974,0.1865243911743164
GOOGL,1h,3,0.4,0.25,10,30,0.3457756850236281,0.9444569190561778,0.36676323371788805,0.08196703839499868,4.474520989162231,0.5394736842105263,0.820512118836486,-0.022367741792130302,0.18744754791259766
GOOGL,1h,3,0.4,0.25,12,26,0.33066831242568184,0.5813661354555155,0.367494752002715,0.08373909989082651,4.388568213437096,0.6447368421052632,0.9738128413698507,-0.06349940420697375,0.1868743896484375
GOOGL,1h,3,0.4,0.25,20,50,0.2937793374719335,0.89150182891204,0.31564904241508873,0.09169087107070852,3.442535104412654,0.18421052631578946,0.24460738114075156,-0.006916614154593659,0.18573212623596191
GOOGL,1h,3,0.4,0.5,8,21,0.5974988715843856,1.0022861797883258,0.6023409720288806,0.057830001391317574,10.415717750947769,0.7763157894736842,1.2151124947862908,-0.0883419354173618,0.2011713981628418
GOOGL,1h,3,0.4,0.5,9,21,0.5812468469427239,1.0095002184435828,0.5861850405413438,0.06013269428148623,9.748191853791916,0.75,1.1534596330617992,-0.09318553050065548,0.19353008270263672
GOOGL,1h,3,0.4,0.5,10,30,0.5464455576102716,1.1000639289723306,0.5463205785621941,0.046652556104831315,11.710410407836525,0.5394736842105263,0.8436795857730323,-0.023557770355607355,0.18451571464538574
GOOGL,1h,3,0.4,0.5,12,26,0.539479594373611,0.6366235742144435,0.5523827420340863,0.05597654006331297,9.868111559044323,0.6578947368421053,1.011921857060171,-0.08755782681696223,0.20071959495544434
GOOGL,1h,3,0.4,0.5,20,50,0.4365851682357094,1.0172552155745511,0.4293046114858227,0.0602370088098241,7.126924460030743,0.18421052631578946,0.2447234179723898,-0.006916614154593659,0.17924141883850098
GOOGL,1h,3,0.4,0.75,8,21,0.7849970638054066,1.0551974820443277,0.7876018904419162,0.06813405651550257,11.559591938617553,0.7763157894736842,1.267699089097281,-0.11253099922523335,0.2188882827758789
GOOGL,1h,3,0.4,0.75,9,21,0.7628964427493059,1.0881090332956762,0.7630777806540878,0.06968692108671637,10.95008602409821,0.75,1.205950891633553,-0.11818159102227133,0.2028954029083252
GOOGL,1h,3,0.4,0.75,10,30,0.7133110415906827,1.197556544560317,0.7003722800882158,0.050937934746430935,13.74952250370317,0.5394736842105263,0.8609655171091861,-0.03235119131003461,0.2158060073852539
GOOGL,1h,3,0.4,0.75,12,26,0.7100191461528177,0.6407249907536796,0.7104318967402896,0.05759392051673616,12.335189033256485,0.6578947368421053,1.0410546239990521,-0.11161624942695048,0.19800758361816406
GOOGL,1h,3,0.4,0.75,20,50,0.5605208497181123,1.0849794287479813,0.5374429253813918,0.05695694155891706,9.435951276025826,0.18421052631578946,0.24480581843919202,-0.006916614154593659,0.18494057655334473
GOOGL,1h,3,0.4,1.0,8,21,0.9357781920538145,1.057103167468008,0.9367692358190203,0.0788818468571276,11.875599686651807,0.7763157894736842,1.3087388458372005,-0.13672006303310458,0.19299602508544922
GOOGL,1h,3,0.4,1.0,9,21,0.9090054955836855,1.1184466581700958,0.9058745526445489,0.08021837374369103,11.292606797776095,0.75,1.2466024182089925,-0.14317765154388706,0.18792033195495605
GOOGL,1h,3,0.4,1.0,10,30,0.8479028572488916,1.2448053332122777,0.8255937539268909,0.060629414137707116,13.617049837422579,0.5394736842105263,0.8745019168540413,-0.04114461226446142,0.18020009994506836
GOOGL,1h,3,0.4,1.0,12,26,0.8469734165452792,0.6052511496505746,0.838801975481044,0.06384855881936488,13.137367404863653,0.6578947368421053,1.0640230635456782,-0.13567467203693928,0.19504618644714355
GOOGL,1h,3,0.4,1.0,20,50,0.6616001140149943,1.1041417305673513,0.6276365588473468,0.06029990798656452,10.408582364457192,0.18421052631578946,0.2448673567200415,-0.006916614154593659,0.1815638542175293
GOOGL,1h,3,0.55,0.0,8,21,0.36579610054355083,0.7757983935302895,0.3375665583670759,0.43740805352457746,0.7717428969288705,0.3684210526315789,0.3487043582499736,-0.035365489728983346,0.19785094261169434
GOOGL,1h,3,0.55,0.0,9,21,0.3981963209197273,0.8833811522182826,0.3705563961026732,0.4602406952546119,0.8051360949245828,0.39473684210526316,0.4067973671174686,-0.03563604383754759,0.19738292694091797
GOOGL,1h,3,0.55,0.0,10,30,0.29236481341406,0.561364443468233,0.38854361704481827,0.5072934653079435,0.7659148867785233,0.3026315789473684,0.3324755402104571,-0.03732646820344099,0.20073843002319336
GOOGL,1h,3,0.55,0.0,12,26,0.21635332954418968,0.3664814438456865,0.39329229112221126,0.4650561434421008,0.8456877662367144,0.35526315789473684,0.35088184096518266,-0.03732646820344099,0.19692111015319824
GOOGL,1h,3,0.55,0.0,20,50,0.32182005465370245,0.6718983872310089,0.47325098635225793,0.3700407152685747,1.2789159863361887,0.07894736842105263,0.03476562930166169,-0.006916614154593659,0.18592381477355957
GOOGL,1h,3,0.55,0.25,8,21,0.37630194795456484,0.9913990300482549,0.3824404820809356,0.06790319811767677,5.632142412764761,0.7763157894736842,1.1119980076621172,-0.05467522606177333,0.2208850383758545
GOOGL,1h,3,0.55,0.25,9,21,0.3741547413801295,1.1741001820575745,0.37908305959000865,0.07000049488602048,5.415433993820433,0.7368421052631579,1.079062872978249,-0.05874370762489678,0.2006978988647461
GOOGL,1h,3,0.55,0.25,10,30,0.34005169792049184,0.7187361190733161,0.3684036316587176,0.07719976393886366,4.772082359610131,0.5657894736842105,0.8306523225395811,-0.04636714964480937,0.1932048797607422
GOOGL,1h,3,0.55,0.25,12,26,0.32660653449204613,0.4537568032279333,0.3666966603703762,0.08177476732035086,4.484227499344022,0.6578947368421053,0.9550068357954244,-0.05401659722733265,0.18567276000976562
GOOGL,1h,3,0.55,0.25,20,50,0.2934194663728442,0.8553992251316089,0.3228763077553615,0.0950241486811832,3.3978342583067827,0.18421052631578946,0.24476909812243344,-0.006916614154593659,0.18250727653503418
GOOGL,1h,3,0.55,0.5,8,21,0.6063516085619306,1.134607556802104,0.6114515786377491,0.05341160457101384,11.447916301124948,0.7763157894736842,1.1870021499944092,-0.07696951904757365,0.20259404182434082
GOOGL,1h,3,0.55,0.5,9,21,0.5941344036367362,1.4014334144008807,0.593097175170724,0.05860780422041623,10.119764476078368,0.75,1.1483218465845493,-0.08185137141224563,0.21802139282226562
GOOGL,1h,3,0.55,0.5,10,30,0.5498508140024363,0.8097562176645059,0.5525110935210965,0.04504209433019998,12.266549807179967,0.5657894736842105,0.864207553689077,-0.07036655749748821,0.22483181953430176
GOOGL,1h,3,0.55,0.5,12,26,0.541587012210091,0.4794090344315547,0.5565366968871948,0.053313015317879055,10.439039952417671,0.6578947368421053,0.9959415375014788,-0.07617921714182119,0.19160223007202148
GOOGL,1h,3,0.55,0.5,20,50,0.43934037080724775,0.970606651893396,0.4385161448418843,0.06676545826706928,6.568009210507786,0.18421052631578946,0.2448580888860023,-0.006916614154593659,0.18149399757385254
GOOGL,1h,3,0.55,0.75,8,21,0.7957666427110732,1.2147548587081278,0.8005859787276283,0.06308041590820987,12.69151395407069,0.7763157894736842,1.243911516743636,-0.09926381203337442,0.19425129890441895
GOOGL,1h,3,0.55,0.75,9,21,0.7768927898023988,1.5703259739714999,0.7716641465159785,0.06905373978163012,11.174834975719286,0.75,1.2012185177828314,-0.10495903519959482,0.2049856185913086
GOOGL,1h,3,0.55,0.75,10,30,0.7221958145856524,0.8458612134731296,0.7097787051744858,0.05099002130669157,13.919953100340036,0.5657894736842105,0.8907019810472068,-0.09436596535016695,0.2080225944519043
GOOGL,1h,3,0.55,0.75,12,26,0.7158569094725156,0.45830350541757237,0.7177682484845628,0.05372498415756021,13.360045791350094,0.6578947368421053,1.0288464255945882,-0.09834183705630983,0.19973134994506836
GOOGL,1h,3,0.55,0.75,20,50,0.5653273613307572,1.0282237382201678,0.5481733591965394,0.06459128908568887,8.486800108127818,0.18421052631578946,0.24492119242804375,-0.006916614154593659,0.1902909278869629
GOOGL,1h,3,0.55,1.0,8,21,0.9481708471757316,1.2409269289330767,0.9529099235862463,0.07478100231757691,12.742673861731182,0.7763157894736842,1.288552079379669,-0.12155810501917474,0.20360827445983887
GOOGL,1h,3,0.55,1.0,9,21,0.92423225430622,1.685969619636778,0.9158121716209393,0.0802514646468829,11.411781400509442,0.75,1.2427859764456235,-0.12806669898694412,0.1915452480316162
GOOGL,1h,3,0.55,1.0,10,30,0.8607923110781368,0.8373964102620259,0.8374657252330445,0.0611924588168148,13.6857668645098,0.5657894736842105,0.9118404768373466,-0.11836537320284612,0.1835956573486328
GOOGL,1h,3,0.55,1.0,12,26,0.8555377385322922,0.4028770994723687,0.8485047473434302,0.058975035300656245,14.38752419592004,0.6578947368421053,1.055164733721823,-0.12050445697079848,0.18182682991027832
GOOGL,1h,3,0.55,1.0,20,50,0.6679537187623192,1.0381333013606167,0.6395210669519592,0.06786979281912693,9.422764390283074,0.18421052631578946,0.24496827021087803,-0.006916614154593659,0.17856884002685547
GOOGL,1h,3,0.7,0.0,8,21,0.31427068945422765,0.6180544506519483,0.3710384300495039,0.45467330189307026,0.8160550190755744,0.3684210526315789,0.3323134838605791,-0.035365489728983346,0.18953990936279297
GOOGL,1h,3,0.7,0.0,9,21,0.3685497332583237,0.7926154483882628,0.3852504493525018,0.4621397479097316,0.8336232732522969,0.39473684210526316,0.3910461238560881,-0.03601651877898959,0.1875748634338379
GOOGL,1h,3,0.7,0.0,10,30,0.302220745377564,0.5903806672746585,0.37261529189800946,0.5195511085641457,0.7171869826777687,0.3026315789473684,0.3033737986023282,-0.03732646820344099,0.17975258827209473
GOOGL,1h,3,0.7,0.0,12,26,0.21861842965331407,0.3725416867399407,0.37908914870479193,0.4784315360200726,0.79235819582112,0.35526315789473684,0.350289320147549,-0.03732646820344099,0.18702030181884766
GOOGL,1h,3,0.7,0.0,20,50,0.36001185612348086,0.7911497770775322,0.49715248207172513,0.37216945694600423,1.3358228967828865,0.07894736842105263,0.03476562930166169,-0.006916614154593659,0.1725003719329834
GOOGL,1h,3,0.7,0.25,8,21,0.37590454620333474,0.7725358215096718,0.39343190868591627,0.06526249993554221,6.028452925868561,0.7763157894736842,1.1287114332542203,-0.05467522606177333,0.18475580215454102
GOOGL,1h,3,0.7,0.25,9,21,0.3735033700825494,1.0438271704793833,0.3771391821169461,0.0747714468720176,5.0438930620464735,0.7368421052631579,1.1036851831834311,-0.05874370762489678,0.1857450008392334
GOOGL,1h,3,0.7,0.25,10,30,0.34331795147542876,0.7593942092637649,0.3609866280972181,0.08489809563191364,4.251999122127792,0.5789473684210527,0.8549890898479546,-0.04636714964480937,0.18218016624450684
GOOGL,1h,3,0.7,0.25,12,26,0.3319247062749231,0.4619558245746347,0.3629602244393285,0.08351082173784069,4.3462657519853245,0.6710526315789473,0.9867400415433686,-0.05401659722733265,0.19553351402282715
GOOGL,1h,3,0.7,0.25,20,50,0.30437325556919287,1.021118715778072,0.33589381867979823,0.08891763780720212,3.777583693891063,0.18421052631578946,0.24476909812243344,-0.006916614154593659,0.17194819450378418
GOOGL,1h,3,0.7,0.5,8,21,0.6185993022301832,0.8558821245964605,0.623838627595102,0.044467087758157255,14.029221589413893,0.7763157894736842,1.2069239074343652,-0.07696951904757365,0.18993425369262695
GOOGL,1h,3,0.7,0.5,9,21,0.6002342677177928,1.2296684724745002,0.5938132358339342,0.05624355078212959,10.55789023943716,0.75,1.175829866158268,-0.08185137141224563,0.18401360511779785
GOOGL,1h,3,0.7,0.5,10,30,0.5543894377755821,0.8621349688205575,0.5491493536180937,0.04565226099336649,12.028962896227371,0.5789473684210527,0.8918981760234199,-0.07036655749748821,0.18252992630004883
GOOGL,1h,3,0.7,0.5,12,26,0.5518855453517371,0.4896030449471349,0.5552706784062658,0.051026531020530265,10.8819993697564,0.6710526315789473,1.027895739283043,-0.07617921714182119,0.1867377758026123
GOOGL,1h,3,0.7,0.5,20,50,0.44942462479472545,1.1821930365462245,0.44982445108383917,0.0640285935950615,7.025368289809414,0.18421052631578946,0.2448580888860023,-0.006916614154593659,0.18124794960021973
GOOGL,1h,3,0.7,0.75,8,21,0.8164279809258582,0.880690149556066,0.8151537553112049,0.05386105871844964,15.13438047276967,0.7763157894736842,1.2667291641212177,-0.09926381203337442,0.19260549545288086
GOOGL,1h,3,0.7,0.75,9,21,0.7874491497608745,1.3569592864340936,0.7750473875412125,0.06293347636116309,12.315343635132516,0.75,1.2309237440353897,-0.10495903519959482,0.18963909149169922
GOOGL,1h,3,0.7,0.75,10,30,0.7280059220747443,0.9094620555424964,0.7094922126060216,0.04782194572333462,14.836121823872723,0.5789473684210527,0.9207436059569303,-0.09436596535016695,0.19353723526000977
GOOGL,1h,3,0.7,0.75,12,26,0.7300556678879567,0.4702481109521699,0.718363978280727,0.05068108808398321,14.174201964455301,0.6710526315789473,1.0608663937811693,-0.09834183705630983,0.1863241195678711
GOOGL,1h,3,0.7,0.75,20,50,0.575958799242447,1.2827351784568037,0.5589605613529385,0.06513727590178532,8.581270150071138,0.18421052631578946,0.24492119242804375,-0.006916614154593659,0.17582035064697266
GOOGL,1h,3,0.7,1.0,8,21,0.9752029685545746,0.8584202238710064,0.9694194535367574,0.06619890271252828,14.644041121746461,0.7763157894736842,1.3137315824362594,-0.12155810501917474,0.19594454765319824
GOOGL,1h,3,0.7,1.0,9,21,0.9381500840851125,1.4324711055678598,0.9214625466454229,0.07242636746222474,12.722749724070148,0.75,1.274239717890262,-0.12806669898694412,0.19044065475463867
GOOGL,1h,3,0.7,1.0,10,30,0.8676446372173295,0.9112768712086323,0.8396358380212764,0.05750734805992454,14.60049656865325,0.5789473684210527,0.9436447317521469,-0.11836537320284612,0.19238805770874023
GOOGL,1h,3,0.7,1.0,12,26,0.8728270774251193,0.41626635746590535,0.8505833822418799,0.05664367448217435,15.016387796479496,0.6710526315789473,1.0872160568246354,-0.12050445697079848,0.20323586463928223
GOOGL,1h,3,0.7,1.0,20,50,0.6792646632339879,1.3309200632016145,0.650038615316535,0.07060363857358681,9.206871323480454,0.18421052631578946,0.24496827021087803,-0.006916614154593659,0.1826934814453125
GOOGL,1h,3,0.85,0.0,8,21,0.40477006701663,0.9191994892290078,0.40594118600774537,0.4688942181931819,0.8657415047086373,0.3684210526315789,0.2052140757489465,-0.03915423527437245,0.1947333812713623
GOOGL,1h,3,0.85,0.0,9,21,0.4166950628938333,0.9595002032696116,0.4111131804211411,0.46250080286142414,0.8888918200306779,0.34210526315789475,0.2506250451328819,-0.04083329514719003,0.18945550918579102
GOOGL,1h,3,0.85,0.0,10,30,0.28760718351153547,0.5499727860583976,0.34010307264711503,0.5062327846896391,0.6718313845588354,0.3026315789473684,0.305230301044889,-0.02536738199299482,0.19079041481018066
GOOGL,1h,3,0.85,0.0,12,26,0.263492916797648,0.48491159983228105,0.35606132105703575,0.48647237850695035,0.7319250522503172,0.35526315789473684,0.34845702803843387,-0.025868236810078327,0.19125103950500488
GOOGL,1h,3,0.85,0.0,20,50,0.38783637670872945,0.885799194591153,0.5030454910536125,0.3540271699287655,1.420923403011219,0.11842105263157894,0.08628015842749735,-0.01866074765358472,0.1883392333984375
GOOGL,1h,3,0.85,0.25,8,21,0.39608221324076814,1.1980177693951521,0.40019757614396656,0.06568173812195002,6.092980904386656,0.7894736842105263,1.1020641243118987,-0.048830582118575716,0.21288299560546875
GOOGL,1h,3,0.85,0.25,9,21,0.3849143253872639,1.284289086194212,0.38569817456065264,0.0744434150402384,5.181091898486573,0.7368421052631579,1.0335281581501117,-0.05292421781579282,0.1913766860961914
GOOGL,1h,3,0.85,0.25,10,30,0.3490490842928808,0.7031623341198951,0.3603071767908194,0.0835864200364211,4.310594671165757,0.5921052631578947,0.8088365297478629,-0.043748080607899587,0.1887834072113037
GOOGL,1h,3,0.85,0.25,12,26,0.3429833777150193,0.6124601949365209,0.3633163521361603,0.08273909098876275,4.391108819233998,0.6578947368421053,0.8904488870957887,-0.04816788119046478,0.20030736923217773
GOOGL,1h,3,0.85,0.25,20,50,0.3111544586112374,1.1614317288048697,0.33777716189372087,0.0835938668471863,4.040693111029236,0.2236842105263158,0.3313888273183987,-0.0006119750817544789,0.18003320693969727
GOOGL,1h,3,0.85,0.5,8,21,0.6378418646172794,1.4079453009047826,0.6353931573048336,0.041500074502857975,15.310651002833167,0.7894736842105263,1.1948574776068661,-0.0712627136632078,0.19450664520263672
GOOGL,1h,3,0.85,0.5,9,21,0.6118469388682062,1.5475044707227879,0.6052690166791515,0.055742483942246936,10.858307234859716,0.7368421052631579,1.115711083640243,-0.07617474897626031,0.19931292533874512
GOOGL,1h,3,0.85,0.5,10,30,0.569654084519421,0.7902797422048147,0.5595231572540719,0.04550524279195404,12.29579544959605,0.5921052631578947,0.8548332265367705,-0.06722388419967451,0.19554638862609863
GOOGL,1h,3,0.85,0.5,12,26,0.5634736501957249,0.6747521367882288,0.5629629467771264,0.04866427963883362,11.568299191012528,0.6578947368421053,0.9403747248382778,-0.07046752557085123,0.21090984344482422
GOOGL,1h,3,0.85,0.5,20,50,0.4536429221618452,1.3706836617352298,0.4524436943114024,0.05992067051302853,7.550711472980392,0.2236842105263158,0.33209788515184924,-0.0006119750817544789,0.18107843399047852
GOOGL,1h,3,0.85,0.75,8,21,0.8372193387270679,1.5553137685223422,0.8311995971330036,0.05087271664899154,16.338808931083115,0.7894736842105263,1.264913188829287,-0.09369484520783955,0.18750405311584473
GOOGL,1h,3,0.85,0.75,9,21,0.800450624928508,1.7524359494743456,0.7895044826830906,0.06224557647212044,12.683704247428839,0.7368421052631579,1.1782552421820676,-0.09942528013672791,0.19057250022888184
GOOGL,1h,3,0.85,0.75,10,30,0.7500985271971484,0.8229948064658028,0.7271300755450862,0.044240207362020306,16.43595541031118,0.5921052631578947,0.89156465466814,-0.09069968779144899,0.19158935546875
GOOGL,1h,3,0.85,0.75,12,26,0.7432146282930078,0.6847912328799317,0.7310227417904337,0.04524885341995617,16.155608077088417,0.6578947368421053,0.9804375957679269,-0.09276716995123746,0.1985182762145996
GOOGL,1h,3,0.85,0.75,20,50,0.5792834480770794,1.5194980717921536,0.5624215111588382,0.06182637659083283,9.096789140352598,0.2236842105263158,0.3323055176577416,-0.0006119750817544789,0.1800541877746582
GOOGL,1h,3,0.85,1.0,8,21,0.9976564552081991,1.646630979216292,0.9891912438960944,0.06407604739648126,15.437769401962454,0.7894736842105263,1.3196840141693524,-0.11612697675247163,0.18524956703186035
GOOGL,1h,3,0.85,1.0,9,21,0.9524877698924474,1.9028834777092833,0.9384289736440741,0.07166483978928775,13.094691572649655,0.7368421052631579,1.2273299074031565,-0.12267581129719485,0.18092918395996094
GOOGL,1h,3,0.85,1.0,10,30,0.8950197838443332,0.8118041701251715,0.8627302838495756,0.050748075283142284,17.000256246883932,0.5921052631578947,0.9208806001449269,-0.1141754913832238,0.18186664581298828
GOOGL,1h,3,0.85,1.0,12,26,0.887457814067633,0.6539821454892709,0.8670061352315723,0.04879701193629216,17.767607089620736,0.6578947368421053,1.0124526459564356,-0.11506681433162358,0.1774449348449707
GOOGL,1h,3,0.85,1.0,20,50,0.6821012779073584,1.6140508117329695,0.6542104000315543,0.06790923816401452,9.633599458905783,0.2236842105263158,0.3323970273538616,-0.0006119750817544789,0.1782090663909912
GOOGL,1h,3,1.0,0.0,8,21,0.4040345663354865,0.9155529454898477,0.38150972954917617,0.4732526822923154,0.8061438293413157,0.35526315789473684,0.18701557867918903,-0.04963010305785076,0.20811891555786133
GOOGL,1h,3,1.0,0.0,9,21,0.412952473554037,0.9448590997843112,0.42037942459050076,0.45555653447674865,0.9227821198379862,0.32894736842105265,0.26183762639543245,-0.04083329514719003,0.20412111282348633
GOOGL,1h,3,1.0,0.0,10,30,0.28325898517231374,0.539023855839009,0.3217285904195861,0.5045398354798498,0.6376673709293966,0.3026315789473684,0.28451364872395035,-0.02536738199299482,0.19432401657104492
GOOGL,1h,3,1.0,0.0,12,26,0.3032094553139221,0.5959751143000998,0.342186203378954,0.4959670223352918,0.6899374110959008,0.35526315789473684,0.3401133176396408,-0.028737864121652912,0.2420482635498047
GOOGL,1h,3,1.0,0.0,20,50,0.40536958158476855,0.9491370152512608,0.5190995786161477,0.3548424543004775,1.462901556239882,0.11842105263157894,0.08628015842749735,-0.01866074765358472,0.19262456893920898
GOOGL,1h,3,1.0,0.25,8,21,0.39969559378950087,1.192317876605176,0.40507173219565756,0.06186627369440871,6.547537260713776,0.7894736842105263,1.0885009215137924,-0.052768239195191136,0.21503162384033203
GOOGL,1h,3,1.0,0.25,9,21,0.3840871624536414,1.2626431746706657,0.39047554673369067,0.07477111254934819,5.222278142190016,0.7368421052631579,1.0271005466043857,-0.048830582118575716,0.2040400505065918
GOOGL,1h,3,1.0,0.25,10,30,0.3496355683081614,0.688239519195389,0.36211931936535807,0.08141654256474505,4.44773639309713,0.5921052631578947,0.7992960221118393,-0.043748080607899587,0.20296764373779297
GOOGL,1h,3,1.0,0.25,12,26,0.3500631460277805,0.7654818589068364,0.3638720387412284,0.08247798230637259,4.411747578760958,0.6578947368421053,0.8979460368246233,-0.05175455662651918,0.1985187530517578
GOOGL,1h,3,1.0,0.25,20,50,0.3156025099977591,1.2542014800260515,0.3429540890358922,0.0812606988365567,4.220417667410062,0.2236842105263158,0.3313888273183987,-0.0006119750817544789,0.18946433067321777
GOOGL,1h,3,1.0,0.5,8,21,0.6460878145921751,1.399846916184321,0.6505531580952859,0.041436908485796474,15.699847837786429,0.7894736842105263,1.189639745922015,-0.07598758711107556,0.20937371253967285
GOOGL,1h,3,1.0,0.5,9,21,0.6113653606632827,1.5181101976492428,0.6145164630673003,0.05813132472763418,10.571175970039,0.7368421052631579,1.114602387559495,-0.0712627136632078,0.19028854370117188
GOOGL,1h,3,1.0,0.5,10,30,0.5723585928624518,0.7716040656770269,0.5707282480237155,0.04894375867621906,11.660899437644185,0.5921052631578947,0.8499855188733999,-0.06722388419967451,0.18773818016052246
GOOGL,1h,3,1.0,0.5,12,26,0.5680231757226846,0.8684166759745011,0.5688940319188804,0.04985050680297497,11.412000968562472,0.6578947368421053,0.9509461998366704,-0.07477124913138511,0.1951754093170166
GOOGL,1h,3,1.0,0.5,20,50,0.4564947858549153,1.4955737046294852,0.459326741637384,0.05544919912761549,8.283739871161178,0.2236842105263158,0.33209788515184924,-0.0006119750817544789,0.17804861068725586
GOOGL,1h,3,1.0,0.75,8,21,0.8489901237199419,1.5445682672538368,0.8535674181714524,0.05264417885013732,16.21389936770238,0.7894736842105263,1.2663105090504232,-0.09920693502696032,0.2053205966949463
GOOGL,1h,3,1.0,0.75,9,21,0.8001413436762568,1.714834869794574,0.8022048258317863,0.06388255437507283,12.557494509718746,0.7368421052631579,1.1814620210779745,-0.09369484520783955,0.20185136795043945
GOOGL,1h,3,1.0,0.75,10,30,0.7543391241894174,0.8009859769759229,0.7446418081961997,0.04708300597697424,15.815511196552826,0.5921052631578947,0.890202965968707,-0.09069968779144899,0.17822504043579102
GOOGL,1h,3,1.0,0.75,12,26,0.7469181575796578,0.9156895175584094,0.7406067505711775,0.04682801882447154,15.81546196406987,0.6578947368421053,0.9930856592270164,-0.09778794163625104,0.20209670066833496
GOOGL,1h,3,1.0,0.75,20,50,0.5815447397479756,1.6779684258208696,0.571007695200825,0.055151515954576354,10.35343608090693,0.2236842105263158,0.3323055176577416,-0.0006119750817544789,0.173095703125
GOOGL,1h,3,1.0,1.0,8,21,1.0122018335903225,1.6330949268435893,1.0170936912104822,0.06661316247277668,15.26865942787427,0.7894736842105263,1.3262387941935816,-0.12242628294284452,0.21036052703857422
GOOGL,1h,3,1.0,1.0,9,21,0.9522873286598081,1.8568859304860008,0.953846362201805,0.07233163506624349,13.187125679216898,0.7368421052631579,1.233953062901478,-0.11612697675247163,0.23092389106750488
GOOGL,1h,3,1.0,1.0,10,30,0.9004371276529589,0.7870103117286973,0.8850022823184147,0.05142248130645795,17.21041575267724,0.5921052631578947,0.9222037102163304,-0.1141754913832238,0.2053983211517334
GOOGL,1h,3,1.0,1.0,12,26,0.8907047050595327,0.917254971904625,0.8793474247441877,0.05020076258791275,17.516614876203402,0.6578947368421053,1.026585349898522,-0.12080463414111697,0.1833481788635254
GOOGL,1h,3,1.0,1.0,20,50,0.6840276403993513,1.806451092899771,0.6642106613060693,0.059500758061286844,11.163062168416753,0.2236842105263158,0.3323970273538616,-0.0006119750817544789,0.19349002838134766
GOOGL,1h,5,0.0,0.0,8,21,0.2697982504344942,0.5049818467046239,0.2699684941698072,0.4779136925095453,0.5648896409562804,0.34210526315789475,0.2746207448692291,-0.04890598959239301,0.20181012153625488
GOOGL,1h,5,0.0,0.0,9,21,0.3638112570844095,0.7919446964369781,0.26328609884750914,0.5129265356078736,0.5133017704679415,0.35526315789473684,0.3058781714624845,-0.05393336958976924,0.21721386909484863
GOOGL,1h,5,0.0,0.0,10,30,0.3025878634934773,0.6092733277308457,0.3264162574643804,0.4696749407886246,0.6949833365950916,0.2894736842105263,0.33441803224555927,-0.04568119315302832,0.2096576690673828
GOOGL,1h,5,0.0,0.0,12,26,0.20479320143344726,0.34302134605229884,0.3452746994122452,0.458752920536109,0.752637605028758,0.3026315789473684,0.3402067559766098,-0.04586168175772498,0.19845819473266602
GOOGL,1h,5,0.0,0.0,20,50,0.28678503341412787,0.5644629753025874,0.4387569583267047,0.42636525532597513,1.0290635853788217,0.039473684210526314,-0.013417667423336067,-0.013565509768731387,0.1999812126159668
GOOGL,1h,5,0.0,0.25,8,21,0.3353837155577772,0.6278106002682557,0.344512424034534,0.07480429509208664,4.605516616531544,0.7368421052631579,1.0665609687382547,-0.07364684767773277,0.21756482124328613
GOOGL,1h,5,0.0,0.25,9,21,0.3516608210034382,1.0443025035522684,0.34551573543315517,0.07939271143319913,4.351983062373067,0.7236842105263158,1.0719894352833133,-0.07250023853895127,0.2039179801940918
GOOGL,1h,5,0.0,0.25,10,30,0.3226396262702222,0.787219598200547,0.33697034484066335,0.08330612253384126,4.044964938846801,0.5263157894736842,0.8018693550943384,-0.012450578545192714,0.19402599334716797
GOOGL,1h,5,0.0,0.25,12,26,0.30330181889552443,0.42390418093556015,0.34161764878344214,0.08165993819416538,4.183417919949526,0.631578947368421,0.995884195415656,-0.0699778383920252,0.2060842514038086
GOOGL,1h,5,0.0,0.25,20,50,0.27952937518046617,0.7080907742044289,0.3078855007306247,0.106925842772081,2.8794301989922264,0.14473684210526316,0.19631044130426079,-0.013565509768731387,0.19856834411621094
GOOGL,1h,5,0.0,0.5,8,21,0.5444991192563414,0.6835210334615267,0.5485912215192361,0.053994632130097545,10.160106660184871,0.75,1.12961609962319,-0.09849651261907644,0.21528387069702148
GOOGL,1h,5,0.0,0.5,9,21,0.5506548534064459,1.2328505308390407,0.5410931314155587,0.057065962311609965,9.481889194488783,0.7368421052631579,1.127358645378484,-0.0971206733904435,0.21566557884216309
GOOGL,1h,5,0.0,0.5,10,30,0.5071971579984307,0.9000540987912427,0.5072672296343611,0.05238123542807996,9.684140236265424,0.5263157894736842,0.8187617422965107,-0.020961227619147427,0.20421767234802246
GOOGL,1h,5,0.0,0.5,12,26,0.4969981100957529,0.4456872796920497,0.5120189303646359,0.05308209430270572,9.645793691650502,0.6447368421052632,1.0229818558400783,-0.09409399502632543,0.1998457908630371
GOOGL,1h,5,0.0,0.5,20,50,0.42158077292198226,0.7829500399799212,0.4173511592425309,0.06747332610606062,6.18542442366782,0.14473684210526316,0.19644395224970126,-0.013565509768731387,0.19124531745910645
GOOGL,1h,5,0.0,0.75,8,21,0.715672931990509,0.685858002178293,0.7175436563497288,0.06322905269807437,11.34832210401883,0.75,1.1754866164801991,-0.12334617756042043,0.20830941200256348
GOOGL,1h,5,0.0,0.75,9,21,0.7165962515892761,1.3641422708517164,0.7032056529802975,0.06579975713471188,10.68705544825377,0.7368421052631579,1.166394574454967,-0.12174110824193585,0.20483708381652832
GOOGL,1h,5,0.0,0.75,10,30,0.6608050908069895,0.9582412403881542,0.6528027293084521,0.05774575928885924,11.304773499348476,0.5263157894736842,0.8313726076945579,-0.02947187669310225,0.1904761791229248
GOOGL,1h,5,0.0,0.75,12,26,0.6547798432816384,0.4231689868733286,0.6579523030097063,0.05774647193642798,11.39380954275499,0.6447368421052632,1.0432308153371777,-0.11821015166062587,0.19517779350280762
GOOGL,1h,5,0.0,0.75,20,50,0.5433504763379026,0.8020114745339193,0.5217401356724116,0.062233144788200766,8.383637649166849,0.14473684210526316,0.1965392003176377,-0.013565509768731387,0.1904737949371338
GOOGL,1h,5,0.0,1.0,8,21,0.8532485967081932,0.6468337452930797,0.8537727235009159,0.07434159725374774,11.484454935596304,0.75,1.2111481103732216,-0.14819584250176454,0.18419790267944336
GOOGL,1h,5,0.0,1.0,9,21,0.8505582113742663,1.4446903182892439,0.8339062047018475,0.07673041093238393,10.868001286174513,0.7368421052631579,1.196449378241395,-0.14636154309342864,0.20035886764526367
GOOGL,1h,5,0.0,1.0,10,30,0.7847629800348427,0.9712804265491541,0.7710805844094839,0.06726394346165729,11.463505478964755,0.5263157894736842,0.8412898035436285,-0.037982525767057185,0.20556640625
GOOGL,1h,5,0.0,1.0,12,26,0.7814550922128137,0.3685213942270502,0.7765927946970234,0.06646036967232767,11.685050783284703,0.6447368421052632,1.0591768232713148,-0.1423263082949261,0.20239830017089844
GOOGL,1h,5,0.0,1.0,20,50,0.6423943968074913,0.7768596262919345,0.6088948225355261,0.0658062710196258,9.252838872361142,0.14473684210526316,0.19661057250747457,-0.013565509768731387,0.17315173149108887
GOOGL,1h,5,0.1,0.0,8,21,0.2788475903783674,0.5302723857387734,0.2903768898873811,0.4634872347936437,0.6265046113226058,0.34210526315789475,0.27910963487361556,-0.04879718273638878,0.20317864418029785
GOOGL,1h,5,0.1,0.0,9,21,0.3768097387049044,0.8337881210064857,0.2648002434635587,0.5128637534976616,0.5163169392604893,0.35526315789473684,0.3054444718200151,-0.05393336958976924,0.20171356201171875
GOOGL,1h,5,0.1,0.0,10,30,0.3585163814542078,0.7836875719566934,0.3502977630625362,0.4571050754274956,0.7663396927608588,0.2894736842105263,0.33183924516980756,-0.04568119315302832,0.19324445724487305
GOOGL,1h,5,0.1,0.0,12,26,0.21131236110394946,0.3553688211243373,0.3401939126759579,0.4731182627688311,0.71904625005393,0.3026315789473684,0.3402067559766098,-0.04586168175772498,0.20244884490966797
GOOGL,1h,5,0.1,0.0,20,50,0.2456636997575684,0.44898307692774897,0.42666539328899616,0.42322434873414383,1.0081305448638398,0.039473684210526314,-0.013417667423336067,-0.013565509768731387,0.19039678573608398
GOOGL,1h,5,0.1,0.25,8,21,0.3403329377842093,0.6604304634549465,0.35010525323513925,0.07533673945108865,4.647204747458447,0.75,1.1097966480553354,-0.07364684767773277,0.20629429817199707
GOOGL,1h,5,0.1,0.25,9,21,0.3554972189883319,1.1042881748685733,0.3472996600229121,0.07958861863984737,4.363684983584208,0.7236842105263158,1.0536091054575665,-0.07250023853895127,0.19870734214782715
GOOGL,1h,5,0.1,0.25,10,30,0.3334044160519721,1.0330549285355235,0.34340704078020456,0.0838563604268829,4.095181796968548,0.5263157894736842,0.8020308847633706,-0.012450578545192714,0.19158172607421875
GOOGL,1h,5,0.1,0.25,12,26,0.3039449423996126,0.4395350505287947,0.34339333209182044,0.0845691053493999,4.060505673710041,0.631578947368421,0.995884195415656,-0.0699778383920252,0.2034165859222412
GOOGL,1h,5,0.1,0.25,20,50,0.27116112226999606,0.5531203746002988,0.30637786297420627,0.10697894257905892,2.863908126104245,0.14473684210526316,0.19631044130426079,-0.013565509768731387,0.198744535446167
GOOGL,1h,5,0.1,0.5,8,21,0.5523770001470405,0.7220763332781279,0.5544888051276112,0.05573547849789146,9.948578895731346,0.7631578947368421,1.1755887871118873,-0.09849651261907644,0.18900632858276367
GOOGL,1h,5,0.1,0.5,9,21,0.5554287145188321,1.3118951521417754,0.5455852142563463,0.060231521983738844,9.05813428396583,0.7368421052631579,1.1140143460456948,-0.0971206733904435,0.20110511779785156
GOOGL,1h,5,0.1,0.5,10,30,0.5137214290874756,1.2185386346310594,0.5148383356679488,0.05355773415938922,9.612772902897207,0.5263157894736842,0.8188379335713711,-0.020961227619147427,0.21058440208435059
GOOGL,1h,5,0.1,0.5,12,26,0.4973899325591231,0.4638443208723477,0.5186163313855398,0.05193092467879409,9.986656979310748,0.6447368421052632,1.0229818558400783,-0.09409399502632543,0.1818981170654297
GOOGL,1h,5,0.1,0.5,20,50,0.41952256559167805,0.5926558861815046,0.4189960151177036,0.067453020300065,6.211671667981632,0.14473684210526316,0.19644395224970126,-0.013565509768731387,0.18115735054016113
GOOGL,1h,5,0.1,0.75,8,21,0.7260269242236871,0.7286767892528763,0.7242577024599193,0.06531450955053485,11.088771965738331,0.7631578947368421,1.2235918375137,-0.12334617756042043,0.2078559398651123
GOOGL,1h,5,0.1,0.75,9,21,0.7224278515788796,1.4623160838746654,0.7098169898944199,0.0703864851856128,10.084563649152189,0.7368421052631579,1.1573703447172656,-0.12174110824193585,0.20211338996887207
GOOGL,1h,5,0.1,0.75,10,30,0.6658707618342828,1.3471749903073449,0.6617912063005984,0.05804638080635847,11.401076124079472,0.5263157894736842,0.8314203752168757,-0.02947187669310225,0.19598031044006348
GOOGL,1h,5,0.1,0.75,12,26,0.6551370288334184,0.44301019557236265,0.667900847733861,0.05435355695209302,12.288079845860793,0.6447368421052632,1.0432308153371777,-0.11821015166062587,0.21468281745910645
GOOGL,1h,5,0.1,0.75,20,50,0.5445509813747591,0.5820506447918568,0.5253119341749144,0.062297448036506296,8.432318670053414,0.14473684210526316,0.1965392003176377,-0.013565509768731387,0.19128727912902832
GOOGL,1h,5,0.1,1.0,8,21,0.8655963623109756,0.6921835707375894,0.8612447556594391,0.07671301923570814,11.226839514857076,0.7631578947368421,1.2608965982511462,-0.14819584250176454,0.19963765144348145
GOOGL,1h,5,0.1,1.0,9,21,0.8572931530238919,1.5613527982718054,0.8421959839416069,0.08206637362261054,10.262376010599901,0.7368421052631579,1.1908893262288316,-0.14636154309342864,0.1997683048248291
GOOGL,1h,5,0.1,1.0,10,30,0.7890473028902666,1.4258011267274853,0.7812893219987161,0.0669003061327467,11.678411761650919,0.5263157894736842,0.84132380154223,-0.037982525767057185,0.19783735275268555
GOOGL,1h,5,0.1,1.0,12,26,0.7818105110426095,0.3892211570401003,0.789105880659571,0.06218424803135918,12.689803376919976,0.6447368421052632,1.0591768232713148,-0.1423263082949261,0.19948673248291016
GOOGL,1h,5,0.1,1.0,20,50,0.6458234643884653,0.5336861765474015,0.6138801287472303,0.06597695811204968,9.304462441336993,0.14473684210526316,0.19661057250747457,-0.013565509768731387,0.185319185256958
GOOGL,1h,5,0.25,0.0,8,21,0.3009725756648392,0.5933833359355869,0.2799795912111884,0.4271640241123293,0.6554381347844114,0.34210526315789475,0.27910963487361556,-0.04879718273638878,0.19449138641357422
GOOGL,1h,5,0.25,0.0,9,21,0.37607294465181895,0.8261589977884123,0.29232885530071917,0.4813526934494268,0.6073069898204124,0.35526315789473684,0.3054444718200151,-0.05393336958976924,0.18323302268981934
GOOGL,1h,5,0.25,0.0,10,30,0.34662016661978096,0.7264833535641557,0.37055508581107016,0.4602143317158338,0.8051793702936546,0.2894736842105263,0.33183924516980756,-0.04568119315302832,0.1933891773223877
GOOGL,1h,5,0.25,0.0,12,26,0.24420611338170134,0.4411416972765638,0.36511819611242885,0.4704465291387059,0.7761098732748389,0.3026315789473684,0.3402067559766098,-0.04586168175772498,0.1992952823638916
GOOGL,1h,5,0.25,0.0,20,50,0.2910322685588591,0.5770761510121558,0.4371708542000844,0.41896052901883984,1.0434654911857477,0.039473684210526314,-0.013417667423336067,-0.013565509768731387,0.20085883140563965
GOOGL,1h,5,0.25,0.25,8,21,0.3540161191248954,0.7401628309195067,0.35428251056369414,0.07218788332029077,4.907783609498236,0.75,1.1097966480553354,-0.07364684767773277,0.20618486404418945
GOOGL,1h,5,0.25,0.25,9,21,0.357364274443164,1.093226667425213,0.350458624870804,0.077847984205404,4.501833007597338,0.7236842105263158,1.0536091054575665,-0.07250023853895127,0.19483184814453125
GOOGL,1h,5,0.25,0.25,10,30,0.33121819212121945,0.9511794815795036,0.34860829041555286,0.07935425819255003,4.393063439263314,0.5263157894736842,0.8020308847633706,-0.012450578545192714,0.20414304733276367
GOOGL,1h,5,0.25,0.25,12,26,0.3185511672175429,0.5548592707854274,0.34534177828183604,0.08691450227937278,3.9733504677020424,0.631578947368421,0.995884195415656,-0.0699778383920252,0.20224785804748535
GOOGL,1h,5,0.25,0.25,20,50,0.28269136140054957,0.7273702610342321,0.30854190724213637,0.10371037101753061,2.9750342633523332,0.14473684210526316,0.19631044130426079,-0.013565509768731387,0.19246840476989746
GOOGL,1h,5,0.25,0.5,8,21,0.5747952007797135,0.8171177101291771,0.5696673044845634,0.05942636437220051,9.586103920418395,0.7631578947368421,1.1755887871118873,-0.09849651261907644,0.20543241500854492
GOOGL,1h,5,0.25,0.5,9,21,0.561078675812962,1.2971156755556885,0.5558151303921938,0.06197902469558046,8.967794074239881,0.7368421052631579,1.1140143460456948,-0.0971206733904435,0.20759916305541992
GOOGL,1h,5,0.25,0.5,10,30,0.515025213721128,1.1107540199399595,0.5219965730290312,0.050523744097405794,10.331708038554368,0.5263157894736842,0.8188379335713711,-0.020961227619147427,0.19276738166809082
GOOGL,1h,5,0.25,0.5,12,26,0.5169501483199356,0.6059536005349464,0.5217424399899271,0.05189711092947795,10.05340048117348,0.6447368421052632,1.0229818558400783,-0.09409399502632543,0.1997983455657959
GOOGL,1h,5,0.25,0.5,20,50,0.4268658197936037,0.8104139122233929,0.4219063881765643,0.06584744784149209,6.407330914209112,0.14473684210526316,0.19644395224970126,-0.013565509768731387,0.1725451946258545
GOOGL,1h,5,0.25,0.75,8,21,0.7556547970566783,0.8372253484360301,0.747077843326515,0.06893921105071343,10.836762300295916,0.7631578947368421,1.2235918375137,-0.12334617756042043,0.21061992645263672
GOOGL,1h,5,0.25,0.75,9,21,0.730977007109193,1.4436623360687437,0.7256948317580053,0.06926892464013783,10.476484737248281,0.7368421052631579,1.1573703447172656,-0.12174110824193585,0.20172739028930664
GOOGL,1h,5,0.25,0.75,10,30,0.6692850534417238,1.2133353647330738,0.6709283050135861,0.05590733683156775,12.00072017443604,0.5263157894736842,0.8314203752168757,-0.02947187669310225,0.2218008041381836
GOOGL,1h,5,0.25,0.75,12,26,0.6793954100699475,0.6080587717478985,0.6727477899429468,0.052585530502199496,12.793401217371152,0.6447368421052632,1.0432308153371777,-0.11821015166062587,0.18889474868774414
GOOGL,1h,5,0.25,0.75,20,50,0.5503351502242094,0.8383972346982558,0.5291504928126695,0.06154720056593121,8.597474587748756,0.14473684210526316,0.1965392003176377,-0.013565509768731387,0.17455315589904785
GOOGL,1h,5,0.25,1.0,8,21,0.9010152235945816,0.8121080707320967,0.8899160232987441,0.07948373980377108,11.196202210612672,0.7631578947368421,1.2608965982511462,-0.14819584250176454,0.20165538787841797
GOOGL,1h,5,0.25,1.0,9,21,0.8681187387512886,1.538783278078112,0.862577167295244,0.0782166921609264,11.0280445703398,0.7368421052631579,1.1908893262288316,-0.14636154309342864,0.20513606071472168
GOOGL,1h,5,0.25,1.0,10,30,0.7939898259440132,1.2666637933093843,0.7920760764708488,0.06500811944975655,12.184263799278614,0.5263157894736842,0.84132380154223,-0.037982525767057185,0.19872021675109863
GOOGL,1h,5,0.25,1.0,12,26,0.8099589382092696,0.5727618101062879,0.7954962696865782,0.05970097862609848,13.32467721624289,0.6447368421052632,1.0591768232713148,-0.1423263082949261,0.20334124565124512
GOOGL,1h,5,0.25,1.0,20,50,0.6507247584523833,0.8222537535785566,0.6185221201133014,0.0651404893094046,9.49520224165714,0.14473684210526316,0.19661057250747457,-0.013565509768731387,0.2013709545135498
GOOGL,1h,5,0.4,0.0,8,21,0.32151989720182433,0.6522114984500265,0.2768957561361512,0.42389118093461536,0.6532236776562285,0.34210526315789475,0.27910963487361556,-0.04879718273638878,0.19173049926757812
GOOGL,1h,5,0.4,0.0,9,21,0.3313215656062995,0.6834471475384876,0.29851684290918423,0.47069568949343416,0.6342034770500025,0.35526315789473684,0.3054444718200151,-0.05393336958976924,0.18598079681396484
GOOGL,1h,5,0.4,0.0,10,30,0.3356776311585738,0.6953723355521046,0.3681027733238281,0.46507761273378095,0.7914867610162456,0.2894736842105263,0.33183924516980756,-0.04568119315302832,0.1812286376953125
GOOGL,1h,5,0.4,0.0,12,26,0.2806922400521294,0.5384900106057913,0.3810120866380006,0.4687277305520019,0.8128644025163562,0.3026315789473684,0.3402067559766098,-0.04586168175772498,0.19572162628173828
GOOGL,1h,5,0.4,0.0,20,50,0.27622890819673745,0.5332376564279329,0.42583914836686115,0.4060256604959534,1.0487986100354,0.039473684210526314,-0.013417667423336067,-0.013565509768731387,0.17673921585083008
GOOGL,1h,5,0.4,0.25,8,21,0.36142354840099045,0.8215023172665135,0.35803904796657576,0.06659656339951336,5.376239098385549,0.75,1.1097966480553354,-0.07364684767773277,0.1959073543548584
GOOGL,1h,5,0.4,0.25,9,21,0.35507125788780963,0.8889333705712998,0.3532684111612706,0.0753684258954428,4.687220237972771,0.7236842105263158,1.0536091054575665,-0.07250023853895127,0.20151734352111816
GOOGL,1h,5,0.4,0.25,10,30,0.33707466602702185,0.9076090231243472,0.35501133060857715,0.07376477723312944,4.812748630509434,0.5263157894736842,0.8020308847633706,-0.012450578545192714,0.19295763969421387
GOOGL,1h,5,0.4,0.25,12,26,0.3271379483151456,0.6890754598274653,0.3492732295436806,0.08736910761111882,3.997674224833575,0.631578947368421,0.995884195415656,-0.0699778383920252,0.19414448738098145
GOOGL,1h,5,0.4,0.25,20,50,0.2803579819476162,0.6676933689531344,0.30438342869782975,0.10175736680323139,2.991266757977505,0.14473684210526316,0.19631044130426079,-0.013565509768731387,0.19074511528015137
GOOGL,1h,5,0.4,0.5,8,21,0.5858574738601121,0.9202733017335409,0.5803140039139582,0.059463679101729096,9.759133855831058,0.7631578947368421,1.1755887871118873,-0.09849651261907644,0.19329071044921875
GOOGL,1h,5,0.4,0.5,9,21,0.5689028441942565,1.0277025534560682,0.5617006581604672,0.06155979044752409,9.124473200396649,0.7368421052631579,1.1140143460456948,-0.0971206733904435,0.19377613067626953
GOOGL,1h,5,0.4,0.5,10,30,0.5309675954132126,1.0546500777714352,0.5304345481817199,0.04948665927238019,10.718738261601938,0.5263157894736842,0.8188379335713711,-0.020961227619147427,0.19347214698791504
GOOGL,1h,5,0.4,0.5,12,26,0.5249208423105772,0.7752584295985201,0.5254117915302652,0.053510593315371696,9.818836962499779,0.6447368421052632,1.0229818558400783,-0.09409399502632543,0.2524571418762207
GOOGL,1h,5,0.4,0.5,20,50,0.42830331012295864,0.7357898069523827,0.4191183097244077,0.06604333510499104,6.346110611436006,0.14473684210526316,0.19644395224970126,-0.013565509768731387,0.1799333095550537
GOOGL,1h,5,0.4,0.75,8,21,0.7700892895158399,0.9602901318052948,0.7627128814359101,0.07189596915342436,10.608562488507502,0.7631578947368421,1.2235918375137,-0.12334617756042043,0.18521618843078613
GOOGL,1h,5,0.4,0.75,9,21,0.7453107602209352,1.1088035438126362,0.7339206743700599,0.070161355771889,10.460468819277208,0.7368421052631579,1.1573703447172656,-0.12174110824193585,0.20328831672668457
GOOGL,1h,5,0.4,0.75,10,30,0.6925876185048968,1.145252225763922,0.6808642095692647,0.05825715033166312,11.687221322928506,0.5263157894736842,0.8314203752168757,-0.02947187669310225,0.19500136375427246
GOOGL,1h,5,0.4,0.75,12,26,0.6879324506525151,0.8088546759216753,0.676737491591308,0.05476289246617725,12.357592178120901,0.6447368421052632,1.0432308153371777,-0.11821015166062587,0.19958043098449707
GOOGL,1h,5,0.4,0.75,20,50,0.5541554776711206,0.7505008785409661,0.5269193916947266,0.06239667824227573,8.44467055840357,0.14473684210526316,0.1965392003176377,-0.013565509768731387,0.19899296760559082
GOOGL,1h,5,0.4,1.0,8,21,0.918227913432247,0.952317716842592,0.9094198592958506,0.08426902275676267,10.791864312000328,0.7631578947368421,1.2608965982511462,-0.14819584250176454,0.20000267028808594
GOOGL,1h,5,0.4,1.0,9,21,0.8873167096789877,1.1408061116590265,0.8726367419269995,0.08003953708532488,10.90257107555156,0.7368421052631579,1.1908893262288316,-0.14636154309342864,0.20377302169799805
GOOGL,1h,5,0.4,1.0,10,30,0.8230335343735056,1.1876313084935357,0.8031489075604815,0.06877722779039082,11.677541147895658,0.5263157894736842,0.84132380154223,-0.037982525767057185,0.19766688346862793
GOOGL,1h,5,0.4,1.0,12,26,0.8191441805255193,0.8002894042706679,0.7998424804741868,0.06205134084894953,12.890011231525666,0.6447368421052632,1.0591768232713148,-0.1423263082949261,0.2046501636505127
GOOGL,1h,5,0.4,1.0,20,50,0.6563101415254208,0.7232627272680181,0.6166196060476554,0.06611119670560472,9.327007175403015,0.14473684210526316,0.19661057250747457,-0.013565509768731387,0.19606733322143555
GOOGL,1h,5,0.55,0.0,8,21,0.3508666051330371,0.7489226920601466,0.29344989059271304,0.42962750241648234,0.6830332996425394,0.35526315789473684,0.3183297698466564,-0.04128407868822248,0.19133210182189941
GOOGL,1h,5,0.55,0.0,9,21,0.40076121395500136,0.9010497630203975,0.3317141179810962,0.46708006758173376,0.7101868416233582,0.35526315789473684,0.3385106846261879,-0.04035945369329519,0.1937410831451416
GOOGL,1h,5,0.55,0.0,10,30,0.29520441916688706,0.571698302045559,0.3549941337659041,0.47337570546226687,0.7499204747299837,0.2894736842105263,0.3219209565314034,-0.03536482614506531,0.1867067813873291
GOOGL,1h,5,0.55,0.0,12,26,0.2296905201626633,0.4006520363382009,0.358451819718833,0.4653874399411576,0.7702223759286557,0.3026315789473684,0.3532464091314192,-0.03832539156682879,0.18458843231201172
GOOGL,1h,5,0.55,0.0,20,50,0.26252087360835935,0.4941312055614844,0.4363023310465809,0.4007767278270648,1.0886418815087622,0.039473684210526314,-0.013417667423336067,-0.013565509768731387,0.21510052680969238
GOOGL,1h,5,0.55,0.25,8,21,0.3702301265925492,0.9560388385378622,0.3680854426714478,0.06506888648663134,5.656857870882306,0.7631578947368421,1.1136223445802467,-0.06425640675553079,0.20056867599487305
GOOGL,1h,5,0.55,0.25,9,21,0.37361661550991526,1.2000878147208498,0.36520484456611246,0.07390554716855448,4.941507891595731,0.7236842105263158,1.0582939173647694,-0.06310074108999619,0.18670129776000977
GOOGL,1h,5,0.55,0.25,10,30,0.33370107024857587,0.7385185706903707,0.3571650137853517,0.07322959680049274,4.877331425959025,0.5657894736842105,0.8446704707746943,-0.02805263025282867,0.19017243385314941
GOOGL,1h,5,0.55,0.25,12,26,0.32565802883161277,0.5019124735886638,0.350977198452749,0.08425613674040469,4.165598044616248,0.6447368421052632,0.9717932281660843,-0.06055841768967907,0.1983637809753418
GOOGL,1h,5,0.55,0.25,20,50,0.27878714195862453,0.6141886824029996,0.3132962217021352,0.10369316359945578,3.02137779219786,0.14473684210526316,0.19685054375319216,-0.013565509768731387,0.1880502700805664
GOOGL,1h,5,0.55,0.5,8,21,0.596050811354725,1.092090068086823,0.5959746628088942,0.05466828464050279,10.90165288206879,0.7763157894736842,1.181254656653478,-0.087228734822839,0.2103595733642578
GOOGL,1h,5,0.55,0.5,9,21,0.5914755786416949,1.4363787887289976,0.5770035803890974,0.061611179796128665,9.365241540551596,0.7368421052631579,1.1180980938772613,-0.08584202848669698,0.21554136276245117
GOOGL,1h,5,0.55,0.5,10,30,0.5361549494055264,0.8407589443120052,0.5389073127594225,0.047155299198996456,11.42835104248244,0.5657894736842105,0.8771124121058329,-0.048390599535193424,0.18628311157226562
GOOGL,1h,5,0.55,0.5,12,26,0.5361894693122629,0.5416639085635035,0.5351284025597955,0.04964877761637438,10.778279511625033,0.6578947368421053,1.007558425994029,-0.08279144381252879,0.1869509220123291
GOOGL,1h,5,0.55,0.5,20,50,0.4303274493567579,0.6685417561021205,0.4297236008822075,0.07192838106944624,5.9743260517335015,0.14473684210526316,0.1968943266555437,-0.013565509768731387,0.19504880905151367
GOOGL,1h,5,0.55,0.75,8,21,0.782102222509589,1.1668744321582052,0.7829754615582377,0.06696363772864367,11.692546703198598,0.7763157894736842,1.2326780436124647,-0.11020106289014764,0.20657896995544434
GOOGL,1h,5,0.55,0.75,9,21,0.7727720698229849,1.6144414594823853,0.7526238661343403,0.07162678733090695,10.507575366424165,0.7368421052631579,1.1640754451677828,-0.10858331588339776,0.19833087921142578
GOOGL,1h,5,0.55,0.75,10,30,0.7031126293335198,0.889250723333914,0.6937126144273972,0.05650416688896009,12.277193924311028,0.5657894736842105,0.9032676147823965,-0.0687285688175584,0.1914503574371338
GOOGL,1h,5,0.55,0.75,12,26,0.7074541908252729,0.5340312862554693,0.691821968663745,0.05124921720256375,13.499171429864035,0.6578947368421053,1.0363380287478499,-0.10502446993537884,0.20002150535583496
GOOGL,1h,5,0.55,0.75,20,50,0.5583868077455424,0.6708820195679972,0.5388811584557975,0.06930768511056631,7.77520065193524,0.14473684210526316,0.19692541037189334,-0.013565509768731387,0.18825721740722656
GOOGL,1h,5,0.55,1.0,8,21,0.931817124221538,1.1897077214915566,0.9333615062598524,0.07989020160301503,11.68305358519245,0.7763157894736842,1.2731150889862595,-0.13317339095745584,0.1957237720489502
GOOGL,1h,5,0.55,1.0,9,21,0.9190021689027079,1.739082158721494,0.8941800865574168,0.0825265944749811,10.83505374535354,0.7368421052631579,1.2003418592370665,-0.13132460328009887,0.19530057907104492
GOOGL,1h,5,0.55,1.0,10,30,0.8375057297545911,0.8937408110839569,0.8193430916756361,0.06788495226975592,12.069583380125163,0.5657894736842105,0.9242537136431238,-0.0890665380999236,0.18773484230041504
GOOGL,1h,5,0.55,1.0,12,26,0.8448508161483086,0.4908795216063646,0.818986341527941,0.059174497933034684,13.840190793925347,0.6578947368421053,1.05946452583191,-0.1272574960582289,0.1847856044769287
GOOGL,1h,5,0.55,1.0,20,50,0.6621690154400732,0.6331217660320183,0.6296204281040649,0.0727823143561758,8.650733817323848,0.14473684210526316,0.19694862004545577,-0.013565509768731387,0.18132519721984863
GOOGL,1h,5,0.7,0.0,8,21,0.3299705216144976,0.6832464861387888,0.3336005003537839,0.45411133229480316,0.7346227161255136,0.35526315789473684,0.29775683906774103,-0.04128407868822248,0.21041035652160645
GOOGL,1h,5,0.7,0.0,9,21,0.361183887688828,0.7677922261110286,0.35500187778874903,0.46550840632887197,0.7626110999549761,0.35526315789473684,0.31649121141587677,-0.04035945369329519,0.19928312301635742
GOOGL,1h,5,0.7,0.0,10,30,0.301867809416182,0.5916443365925923,0.3576065761289663,0.4920268141493016,0.726803023423137,0.2894736842105263,0.2932179216832063,-0.03536482614506531,0.199937105178833
GOOGL,1h,5,0.7,0.0,12,26,0.25438500366570765,0.46487682137789155,0.3635752100290315,0.46548064791915006,0.7810748130009936,0.3026315789473684,0.35265388831378547,-0.03832539156682879,0.19922828674316406
GOOGL,1h,5,0.7,0.0,20,50,0.32970756191275924,0.6904110625305961,0.4684056587331201,0.393898496368241,1.189153203304501,0.039473684210526314,-0.013417667423336067,-0.013565509768731387,0.19041061401367188
GOOGL,1h,5,0.7,0.25,8,21,0.37334425305653557,0.8647785340606333,0.38220586319580585,0.06280361449693862,6.085730355765377,0.7631578947368421,1.1292001793503457,-0.06425640675553079,0.20024514198303223
GOOGL,1h,5,0.7,0.25,9,21,0.37054099468033397,1.00864995824922,0.36756649622965015,0.07767007184059666,4.732408346216183,0.7236842105263158,1.0824416082114008,-0.06310074108999619,0.2002277374267578
GOOGL,1h,5,0.7,0.25,10,30,0.34161088120402744,0.7617230737221821,0.3537177558521031,0.08018518782987664,4.411260551045432,0.5789473684210527,0.8688935253500769,-0.02805263025282867,0.19838285446166992
GOOGL,1h,5,0.7,0.25,12,26,0.3354149191701478,0.5877473282894077,0.35071700371978987,0.08361455205324421,4.1944493525057664,0.6578947368421053,1.0035264339140284,-0.06055841768967907,0.19077515602111816
GOOGL,1h,5,0.7,0.25,20,50,0.29674968288181974,0.8823892308408012,0.32863478439095245,0.09471421049366274,3.4697516104295794,0.14473684210526316,0.19685054375319216,-0.013565509768731387,0.19185900688171387
GOOGL,1h,5,0.7,0.5,8,21,0.6084924017602283,0.9756048160231878,0.6120777332465217,0.045172816980081965,13.549691477429999,0.7763157894736842,1.2004915367850433,-0.087228734822839,0.20547747611999512
GOOGL,1h,5,0.7,0.5,9,21,0.5960748776710405,1.183782267352048,0.5836794098974372,0.05810327140770777,10.045551580078646,0.7368421052631579,1.1452858911250896,-0.08584202848669698,0.19142675399780273
GOOGL,1h,5,0.7,0.5,10,30,0.5508806010308158,0.8658222422417012,0.5411317657774257,0.045828005140752366,11.807883937244009,0.5789473684210527,0.9047501889025218,-0.048390599535193424,0.19408869743347168
GOOGL,1h,5,0.7,0.5,12,26,0.5495124366100215,0.6470834137929626,0.5377182863729346,0.04718885177940605,11.395027980053612,0.6710526315789473,1.0395126277755928,-0.08279144381252879,0.2012031078338623
GOOGL,1h,5,0.7,0.5,20,50,0.44456911584521125,1.0051759420086515,0.4425211238274972,0.06717834504934585,6.587258490849147,0.14473684210526316,0.1968943266555437,-0.013565509768731387,0.18132400512695312
GOOGL,1h,5,0.7,0.75,8,21,0.8011722538888532,1.026873182929684,0.8019397154773692,0.05793375090005554,13.842357917767764,0.7763157894736842,1.2549944165439986,-0.11020106289014764,0.196441650390625
GOOGL,1h,5,0.7,0.75,9,21,0.7822038150667937,1.3004965985481785,0.7635395892070103,0.06516155661434202,11.717638879101848,0.7368421052631579,1.1935235584859087,-0.10858331588339776,0.20165061950683594
GOOGL,1h,5,0.7,0.75,10,30,0.7231700850150966,0.914735581292542,0.7003561269346991,0.04990540451301881,14.03367298128998,0.5789473684210527,0.9332758262067721,-0.0687285688175584,0.1923213005065918
GOOGL,1h,5,0.7,0.75,12,26,0.7241675957146956,0.6560515495226911,0.6967978978594663,0.04730621845502347,14.729520148010755,0.6710526315789473,1.0683579969344312,-0.10502446993537884,0.1893150806427002
GOOGL,1h,5,0.7,0.75,20,50,0.5721375467109617,1.0688566115808689,0.5508664460580402,0.06844339845007036,8.048496400422003,0.14473684210526316,0.19692541037189334,-0.013565509768731387,0.17848706245422363
GOOGL,1h,5,0.7,1.0,8,21,0.9560107084956565,1.0288872024665388,0.9548530364396599,0.07191741137215452,13.277077389486887,0.7763157894736842,1.297894442592429,-0.13317339095745584,0.19038033485412598
GOOGL,1h,5,0.7,1.0,9,21,0.9320199415946607,1.3659620574261493,0.908677818785762,0.07515082646821886,12.091388232038142,0.7368421052631579,1.2315768343691602,-0.13132460328009887,0.19550013542175293
GOOGL,1h,5,0.7,1.0,10,30,0.8617750181444148,0.9182847856245737,0.8295095584330028,0.05974046953360555,13.885219933974277,0.5789473684210527,0.9560338739486417,-0.0890665380999236,0.18655872344970703
GOOGL,1h,5,0.7,1.0,12,26,0.8643671911354809,0.6260052425167817,0.8258979930954536,0.054969464993522024,15.02466857177495,0.6710526315789473,1.091515848934722,-0.1272574960582289,0.18879985809326172
GOOGL,1h,5,0.7,1.0,20,50,0.6760302321058219,1.0829554087006872,0.6411765520854782,0.07449318027056227,8.607184573899232,0.14473684210526316,0.19694862004545577,-0.013565509768731387,0.1801011562347412
GOOGL,1h,5,0.85,0.0,8,21,0.418961329584862,0.9688220342272735,0.38404622087985774,0.47940416229805505,0.8010907102660669,0.3684210526315789,0.19310034559376582,-0.043626193718764084,0.20088768005371094
GOOGL,1h,5,0.85,0.0,9,21,0.41397521791631486,0.9475401566325876,0.41883803557310884,0.45743282559993625,0.9156274148532974,0.34210526315789475,0.2562835721135209,-0.04083329514719003,0.20096993446350098
GOOGL,1h,5,0.85,0.0,10,30,0.3146361809032566,0.6298818029761635,0.31958676751893816,0.49403484692706584,0.6468911444340254,0.3026315789473684,0.304331105664962,-0.02536738199299482,0.18561601638793945
GOOGL,1h,5,0.85,0.0,12,26,0.28354654388463224,0.5396546830647317,0.34127292080518634,0.4757676541397794,0.7173100521560912,0.35526315789473684,0.3484771550364485,-0.026679168776750917,0.18307089805603027
GOOGL,1h,5,0.85,0.0,20,50,0.3685525586965071,0.8187348115819,0.4945625922630466,0.3608460665521483,1.3705638999713858,0.11842105263157894,0.08628015842749735,-0.01866074765358472,0.18773388862609863
GOOGL,1h,5,0.85,0.25,8,21,0.39406039496816986,1.2693816916231335,0.39542990306971537,0.06566187011818748,6.0222150596375785,0.7894736842105263,1.0864877292725306,-0.05292421781579282,0.21631145477294922
GOOGL,1h,5,0.85,0.25,9,21,0.38289810609559893,1.2667165030155658,0.38222466882914075,0.07904252502103973,4.835683940099323,0.7368421052631579,1.0175949764745655,-0.05175455662651918,0.20442819595336914
GOOGL,1h,5,0.85,0.25,10,30,0.3507772941606837,0.8135361650947004,0.355671239734467,0.08207042657962213,4.333732070825854,0.5921052631578947,0.8087623093876938,-0.043748080607899587,0.19710063934326172
GOOGL,1h,5,0.85,0.25,12,26,0.3449855202858411,0.6889187785150004,0.3533001952228033,0.08652520032156594,4.0832057471093215,0.6578947368421053,0.8898238540931901,-0.049181444782309236,0.19393658638000488
GOOGL,1h,5,0.85,0.25,20,50,0.30631367941523513,1.0646623850615446,0.33586410308501885,0.08510662457695611,3.9463920083132877,0.2236842105263158,0.3313888273183987,-0.0006119750817544789,0.1874074935913086
GOOGL,1h,5,0.85,0.5,8,21,0.6303768397957609,1.502194911901988,0.6307533221638811,0.04262075222904188,14.799206705086831,0.7894736842105263,1.1787841795383904,-0.07617474897626031,0.21598172187805176
GOOGL,1h,5,0.85,0.5,9,21,0.6084469045470126,1.5237903701337516,0.5991514751979985,0.05987116972198312,10.007345404811856,0.7368421052631579,1.1001588152370256,-0.07477124913138511,0.20302176475524902
GOOGL,1h,5,0.85,0.5,10,30,0.5661534415700077,0.9302882263291703,0.5560169203944652,0.04544582385944269,12.234719786666085,0.5921052631578947,0.8547900191546568,-0.06722388419967451,0.1935133934020996
GOOGL,1h,5,0.85,0.5,12,26,0.5624191267257913,0.7728635323227586,0.5509754977250058,0.04882010949789969,11.285830846993687,0.6578947368421053,0.9399717210346125,-0.07168372078786789,0.20370936393737793
GOOGL,1h,5,0.85,0.5,20,50,0.45058166341021566,1.2423701655486687,0.4512100751403157,0.060359586608463245,7.475367219911506,0.2236842105263158,0.33209788515184924,-0.0006119750817544789,0.22733592987060547
GOOGL,1h,5,0.85,0.75,8,21,0.8259930378522226,1.672545959780933,0.8261399991907113,0.05313618523064516,15.547597096116956,0.7894736842105263,1.248238093240579,-0.09942528013672791,0.23128509521484375
GOOGL,1h,5,0.85,0.75,9,21,0.7959212257125989,1.722290975984155,0.7813122691545173,0.06545378780556745,11.936853394572523,0.7368421052631579,1.1630411114125303,-0.09778794163625104,0.2110919952392578
GOOGL,1h,5,0.85,0.75,10,30,0.7433798982961434,0.9902633800139276,0.7238530183243419,0.04484179958538611,16.142372184372476,0.5921052631578947,0.8915362096832515,-0.09069968779144899,0.20181941986083984
GOOGL,1h,5,0.85,0.75,12,26,0.740374785374678,0.8034165872191827,0.7173128512313274,0.04484437624704091,15.995603267615074,0.6578947368421053,0.9801211510767615,-0.09418599679342643,0.2069835662841797
GOOGL,1h,5,0.85,0.75,20,50,0.5768926264215143,1.3591689995825424,0.5614192667836952,0.06193891482567547,9.064079801265274,0.2236842105263158,0.3323055176577416,-0.0006119750817544789,0.18078374862670898
GOOGL,1h,5,0.85,1.0,8,21,0.9835415286402175,1.7860512784287526,0.9836921552754887,0.06691516662303526,14.700585904793321,0.7894736842105263,1.302523482872029,-0.12267581129719485,0.19809913635253906
GOOGL,1h,5,0.85,1.0,9,21,0.9470514648715374,1.8662389706333489,0.9285912152883503,0.07407961196683635,12.535044267025294,0.7368421052631579,1.2124399076803218,-0.12080463414111697,0.20581865310668945
GOOGL,1h,5,0.85,1.0,10,30,0.8859234363434998,1.0028700788959624,0.8594988689220067,0.051643749140915206,16.642844162548634,0.5921052631578947,0.9208609122472509,-0.1141754913832238,0.18743634223937988
GOOGL,1h,5,0.85,1.0,12,26,0.8833257325725261,0.791181902782202,0.8519171424181271,0.04938209694985425,17.251538412457826,0.6578947368421053,1.0121867631725319,-0.11668827279898464,0.23056530952453613
GOOGL,1h,5,0.85,1.0,20,50,0.6800922963077157,1.422408164446558,0.6533349814457237,0.06792136271891641,9.618991069856243,0.2236842105263158,0.3323970273538616,-0.0006119750817544789,0.1954348087310791
GOOGL,1h,5,1.0,0.0,8,21,0.4040345663354865,0.9155529454898477,0.38150972954917617,0.4732526822923154,0.8061438293413157,0.35526315789473684,0.18701557867918903,-0.04963010305785076,0.20189929008483887
GOOGL,1h,5,1.0,0.0,9,21,0.412952473554037,0.9448590997843112,0.42037942459050076,0.45555653447674865,0.9227821198379862,0.32894736842105265,0.26183762639543245,-0.04083329514719003,0.1921088695526123
GOOGL,1h,5,1.0,0.0,10,30,0.28325898517231374,0.539023855839009,0.3217285904195861,0.5045398354798498,0.6376673709293966,0.3026315789473684,0.28451364872395035,-0.02536738199299482,0.17792057991027832
GOOGL,1h,5,1.0,0.0,12,26,0.3032094553139221,0.5959751143000998,0.342186203378954,0.4959670223352918,0.6899374110959008,0.35526315789473684,0.3401133176396408,-0.028737864121652912,0.17834687232971191
GOOGL,1h,5,1.0,0.0,20,50,0.40536958158476855,0.9491370152512608,0.5190995786161477,0.3548424543004775,1.462901556239882,0.11842105263157894,0.08628015842749735,-0.01866074765358472,0.1773514747619629
GOOGL,1h,5,1.0,0.25,8,21,0.39969559378950087,1.192317876605176,0.40507173219565756,0.06186627369440871,6.547537260713776,0.7894736842105263,1.0885009215137924,-0.052768239195191136,0.18511319160461426
GOOGL,1h,5,1.0,0.25,9,21,0.3840871624536414,1.2626431746706657,0.39047554673369067,0.07477111254934819,5.222278142190016,0.7368421052631579,1.0271005466043857,-0.048830582118575716,0.18531131744384766
GOOGL,1h,5,1.0,0.25,10,30,0.3496355683081614,0.688239519195389,0.36211931936535807,0.08141654256474505,4.44773639309713,0.5921052631578947,0.7992960221118393,-0.043748080607899587,0.18480587005615234
GOOGL,1h,5,1.0,0.25,12,26,0.3500631460277805,0.7654818589068364,0.3638720387412284,0.08247798230637259,4.411747578760958,0.6578947368421053,0.8979460368246233,-0.05175455662651918,0.18920111656188965
GOOGL,1h,5,1.0,0.25,20,50,0.3156025099977591,1.2542014800260515,0.3429540890358922,0.0812606988365567,4.220417667410062,0.2236842105263158,0.3313888273183987,-0.0006119750817544789,0.17845439910888672
GOOGL,1h,5,1.0,0.5,8,21,0.6460878145921751,1.399846916184321,0.6505531580952859,0.041436908485796474,15.699847837786429,0.7894736842105263,1.189639745922015,-0.07598758711107556,0.19554519653320312
GOOGL,1h,5,1.0,0.5,9,21,0.6113653606632827,1.5181101976492428,0.6145164630673003,0.05813132472763418,10.571175970039,0.7368421052631579,1.114602387559495,-0.0712627136632078,0.20233678817749023
GOOGL,1h,5,1.0,0.5,10,30,0.5723585928624518,0.7716040656770269,0.5707282480237155,0.04894375867621906,11.660899437644185,0.5921052631578947,0.8499855188733999,-0.06722388419967451,0.2078688144683838
GOOGL,1h,5,1.0,0.5,12,26,0.5680231757226846,0.8684166759745011,0.5688940319188804,0.04985050680297497,11.412000968562472,0.6578947368421053,0.9509461998366704,-0.07477124913138511,0.180250883102417
GOOGL,1h,5,1.0,0.5,20,50,0.4564947858549153,1.4955737046294852,0.459326741637384,0.05544919912761549,8.283739871161178,0.2236842105263158,0.33209788515184924,-0.0006119750817544789,0.1793684959411621
GOOGL,1h,5,1.0,0.75,8,21,0.8489901237199419,1.5445682672538368,0.8535674181714524,0.05264417885013732,16.21389936770238,0.7894736842105263,1.2663105090504232,-0.09920693502696032,0.20518898963928223
GOOGL,1h,5,1.0,0.75,9,21,0.8001413436762568,1.714834869794574,0.8022048258317863,0.06388255437507283,12.557494509718746,0.7368421052631579,1.1814620210779745,-0.09369484520783955,0.22223329544067383
GOOGL,1h,5,1.0,0.75,10,30,0.7543391241894174,0.8009859769759229,0.7446418081961997,0.04708300597697424,15.815511196552826,0.5921052631578947,0.890202965968707,-0.09069968779144899,0.21048593521118164
GOOGL,1h,5,1.0,0.75,12,26,0.7469181575796578,0.9156895175584094,0.7406067505711775,0.04682801882447154,15.81546196406987,0.6578947368421053,0.9930856592270164,-0.09778794163625104,0.19723892211914062
GOOGL,1h,5,1.0,0.75,20,50,0.5815447397479756,1.6779684258208696,0.571007695200825,0.055151515954576354,10.35343608090693,0.2236842105263158,0.3323055176577416,-0.0006119750817544789,0.20241832733154297
GOOGL,1h,5,1.0,1.0,8,21,1.0122018335903225,1.6330949268435893,1.0170936912104822,0.06661316247277668,15.26865942787427,0.7894736842105263,1.3262387941935816,-0.12242628294284452,0.19742155075073242
GOOGL,1h,5,1.0,1.0,9,21,0.9522873286598081,1.8568859304860008,0.953846362201805,0.07233163506624349,13.187125679216898,0.7368421052631579,1.233953062901478,-0.11612697675247163,0.19040656089782715
GOOGL,1h,5,1.0,1.0,10,30,0.9004371276529589,0.7870103117286973,0.8850022823184147,0.05142248130645795,17.21041575267724,0.5921052631578947,0.9222037102163304,-0.1141754913832238,0.1999049186706543
GOOGL,1h,5,1.0,1.0,12,26,0.8907047050595327,0.917254971904625,0.8793474247441877,0.05020076258791275,17.516614876203402,0.6578947368421053,1.026585349898522,-0.12080463414111697,0.19643640518188477
GOOGL,1h,5,1.0,1.0,20,50,0.6840276403993513,1.806451092899771,0.6642106613060693,0.059500758061286844,11.163062168416753,0.2236842105263158,0.3323970273538616,-0.0006119750817544789,0.1730208396911621
GOOGL,1h,7,0.0,0.0,8,21,0.22087755453819544,0.37827560565317686,0.2719557860360512,0.5274383510703841,0.5156162525613539,0.3157894736842105,0.2661231196440871,-0.04561168829994289,0.18525266647338867
GOOGL,1h,7,0.0,0.0,9,21,0.4002048523571756,0.9377461531034639,0.280866606473818,0.49025565437812235,0.5728982500570863,0.3026315789473684,0.2568862637023508,-0.044691237029396924,0.17971444129943848
GOOGL,1h,7,0.0,0.0,10,30,0.27572640495570505,0.5314559169951978,0.32891041689660755,0.44521574901002514,0.7387663568235573,0.23684210526315788,0.22868810073377038,-0.047614731350957396,0.18158888816833496
GOOGL,1h,7,0.0,0.0,12,26,0.2051451781233744,0.33978781430457494,0.33594527890050635,0.46082128375227766,0.72901424206157,0.25,0.2176648709207376,-0.047614731350957396,0.24185872077941895
GOOGL,1h,7,0.0,0.0,20,50,0.3193872024057826,0.6671638157122926,0.412308517845063,0.46632720739693795,0.884161402776797,0.05263157894736842,0.02234885553903008,-0.0066321141934051475,0.1977376937866211
GOOGL,1h,7,0.0,0.25,8,21,0.3095116310886944,0.45938178523120654,0.3298934169677414,0.08152978622779963,4.046293167579236,0.7105263157894737,1.1280228932084828,-0.07054457257998259,0.20788884162902832
GOOGL,1h,7,0.0,0.25,9,21,0.34129875010195254,1.2473348885545201,0.33507569517902835,0.06506919336017075,5.149528953345381,0.6578947368421053,1.061666289856795,-0.06939412354820862,0.20793914794921875
GOOGL,1h,7,0.0,0.25,10,30,0.3055557197417076,0.6773605780455749,0.32713096863782887,0.08975344565872959,3.644773370391619,0.47368421052631576,0.714061101608629,-0.0042057834897129,0.19276881217956543
GOOGL,1h,7,0.0,0.25,12,26,0.2932966861051119,0.4164343211586239,0.3255129199592801,0.09294651198435583,3.5021531524934297,0.5789473684210527,0.915966153093875,-0.06686327610540799,0.1941819190979004
GOOGL,1h,7,0.0,0.25,20,50,0.26103256355842563,0.4735253552352052,0.3005499893487916,0.12313222486123651,2.4408719138105037,0.13157894736842105,0.1793390509479546,-0.0066321141934051475,0.21755623817443848
GOOGL,1h,7,0.0,0.5,8,21,0.5058792767263786,0.4776736858553152,0.5199783847680746,0.052019346488574945,9.995865382166572,0.7236842105263158,1.168296895622059,-0.09547745686002218,0.2647550106048584
GOOGL,1h,7,0.0,0.5,9,21,0.5161745239773651,1.4924533974138123,0.5212106691500549,0.048408138419508466,10.767005015421272,0.6710526315789473,1.1002659752951816,-0.09409701006702065,0.18424606323242188
GOOGL,1h,7,0.0,0.5,10,30,0.48017415002576996,0.7582129651964546,0.48733273796447757,0.06461635795131071,7.541940669755626,0.47368421052631576,0.7218702652000906,-0.010922805656067625,0.18288087844848633
GOOGL,1h,7,0.0,0.5,12,26,0.47755963855492933,0.43262333037921175,0.4856771550501481,0.06265461106614649,7.751658605579772,0.5921052631578947,0.93417002178269,-0.09106019562370382,0.18782424926757812
GOOGL,1h,7,0.0,0.5,20,50,0.3966947154249303,0.2963352410197666,0.4073228469688611,0.07592742775639633,5.364633822124274,0.13157894736842105,0.1794898996858283,-0.0066321141934051475,0.18960309028625488
GOOGL,1h,7,0.0,0.75,8,21,0.6660839825532132,0.4487736463339591,0.6787477756896845,0.06174181532291081,10.993323927063392,0.7236842105263158,1.1966936724775936,-0.12041034114006177,0.19318556785583496
GOOGL,1h,7,0.0,0.75,9,21,0.6654862077013087,1.67677907371487,0.6767086401629018,0.05966652984571844,11.341511596412392,0.6710526315789473,1.1267265569327882,-0.11879989658583257,0.17966485023498535
GOOGL,1h,7,0.0,0.75,10,30,0.6255942513479892,0.7861820428244144,0.6251798039060115,0.06848741979242305,9.12838891873653,0.47368421052631576,0.7271908645478677,-0.01763982782242257,0.17563080787658691
GOOGL,1h,7,0.0,0.75,12,26,0.628093911318489,0.403557834169612,0.6239142086418881,0.06510472173055663,9.583240540125932,0.5921052631578947,0.9472312093590225,-0.11525711514199954,0.18848657608032227
GOOGL,1h,7,0.0,0.75,20,50,0.5153647218578382,0.13516194998275255,0.5091778665502068,0.06642710130378526,7.665212790508924,0.13157894736842105,0.17959762673053095,-0.0066321141934051475,0.18872642517089844
GOOGL,1h,7,0.0,1.0,8,21,0.7947596559788379,0.38568239348452926,0.8070941163010035,0.07448847171765102,10.83515472515396,0.7236842105263158,1.2185198757854425,-0.14534322542010136,0.19653916358947754
GOOGL,1h,7,0.0,1.0,9,21,0.7867138251568387,1.8047041884221895,0.802353573521161,0.07079838248944272,11.332936506576347,0.6710526315789473,1.1468678773017473,-0.14350278310464415,0.20105886459350586
GOOGL,1h,7,0.0,1.0,10,30,0.7429802192236299,0.7719935307792387,0.7374126267945373,0.07554607897940194,9.761097289981086,0.47368421052631576,0.7312616916420156,-0.024356849988777407,0.1903078556060791
GOOGL,1h,7,0.0,1.0,12,26,0.7490480398772543,0.34185069104807475,0.7365692921853674,0.07228586978895782,10.189671845075917,0.5921052631578947,0.9574022387023274,-0.1394540346602955,0.19237256050109863
GOOGL,1h,7,0.0,1.0,20,50,0.6125012175317914,-0.01059229616849433,0.5942564362811302,0.06752256686536519,8.800856718999322,0.13157894736842105,0.17967840983148545,-0.0066321141934051475,0.1826937198638916
GOOGL,1h,7,0.1,0.0,8,21,0.2326390655722613,0.4091970464871253,0.2902526872687402,0.4911676284760235,0.5909442529209943,0.3157894736842105,0.2793249828554916,-0.04561168829994289,0.1873326301574707
GOOGL,1h,7,0.1,0.0,9,21,0.4129380115908554,0.9808243106351351,0.2734509299124151,0.4839056926059072,0.565091368195814,0.3026315789473684,0.2611667369334776,-0.044691237029396924,0.20273685455322266
GOOGL,1h,7,0.1,0.0,10,30,0.3378384952496798,0.7189658887301178,0.33096763315485295,0.4672751418709274,0.7082928311351819,0.23684210526315788,0.21860933766053076,-0.047614731350957396,0.19674229621887207
GOOGL,1h,7,0.1,0.0,12,26,0.20492836416484228,0.3349380865498346,0.33160932259614123,0.47909990759117327,0.6921506711688012,0.25,0.2176648709207376,-0.047614731350957396,0.18568682670593262
GOOGL,1h,7,0.1,0.0,20,50,0.26192255908458484,0.4965652393347819,0.4091750236615234,0.45275146764954655,0.903751954213976,0.05263157894736842,0.02234885553903008,-0.0066321141934051475,0.17601966857910156
GOOGL,1h,7,0.1,0.25,8,21,0.3194936327458278,0.49894187138746116,0.3363473045373029,0.07554396515445373,4.452338500496004,0.7236842105263158,1.1785323248257487,-0.07054457257998259,0.18846964836120605
GOOGL,1h,7,0.1,0.25,9,21,0.3453845116564977,1.3103165871719624,0.3350495125830594,0.06652736310964161,5.036266235757384,0.6578947368421053,1.0498651646109034,-0.06939412354820862,0.19232583045959473
GOOGL,1h,7,0.1,0.25,10,30,0.3183780562854652,0.9389984681073731,0.33002660238042325,0.09472795481049606,3.4839409659022387,0.47368421052631576,0.713791177938572,-0.0042057834897129,0.18533039093017578
GOOGL,1h,7,0.1,0.25,12,26,0.29857032497760216,0.4094327743631456,0.3279964963816586,0.09812917069257797,3.342497384485353,0.5789473684210527,0.915966153093875,-0.06686327610540799,0.19422602653503418
GOOGL,1h,7,0.1,0.25,20,50,0.2734250969364379,0.6111092072817448,0.30144645840344353,0.12124572802709556,2.48624395521859,0.13157894736842105,0.1793390509479546,-0.0066321141934051475,0.20035219192504883
GOOGL,1h,7,0.1,0.5,8,21,0.5223410721439066,0.5240843662653596,0.5293086958550636,0.051940053361232905,10.190761495253485,0.7368421052631579,1.218446885682568,-0.09547745686002218,0.20632719993591309
GOOGL,1h,7,0.1,0.5,9,21,0.5214115948429544,1.5769989392111867,0.5254069167852742,0.05291714797727847,9.928859299274274,0.6710526315789473,1.0906770777177306,-0.09409701006702065,0.1866469383239746
GOOGL,1h,7,0.1,0.5,10,30,0.48794326413154443,1.0937123422418034,0.4936452980526207,0.06452989315692861,7.649870066453344,0.47368421052631576,0.7216989801520606,-0.010922805656067625,0.1783466339111328
GOOGL,1h,7,0.1,0.5,12,26,0.4889046372738773,0.42342256140940027,0.4931176283348173,0.06283800548637118,7.847442396015715,0.5921052631578947,0.93417002178269,-0.09106019562370382,0.1817641258239746
GOOGL,1h,7,0.1,0.5,20,50,0.41766361551690623,0.6585711706275097,0.41146653523687704,0.07505112176082154,5.48248348036914,0.13157894736842105,0.1794898996858283,-0.0066321141934051475,0.17174124717712402
GOOGL,1h,7,0.1,0.75,8,21,0.6877922423641348,0.4999693749250851,0.6906498637607206,0.062393863261605786,11.069195392901943,0.7368421052631579,1.2467080194080895,-0.12041034114006177,0.18937015533447266
GOOGL,1h,7,0.1,0.75,9,21,0.6719050629107199,1.7836385185088433,0.6838360801150543,0.0646915982832473,10.570709307890793,0.6710526315789473,1.1192894653554522,-0.11879989658583257,0.18408536911010742
GOOGL,1h,7,0.1,0.75,10,30,0.6316072039254268,1.191666531333948,0.6340142396615908,0.06571422680900312,9.648051425825013,0.47368421052631576,0.7270587502338177,-0.01763982782242257,0.17873907089233398
GOOGL,1h,7,0.1,0.75,12,26,0.6439844165029514,0.3922566625011934,0.6348414828322385,0.062040773704538234,10.232649351789117,0.5921052631578947,0.9472312093590225,-0.11525711514199954,0.18203425407409668
GOOGL,1h,7,0.1,0.75,20,50,0.5401627153822207,0.6531666238584064,0.5155633943017243,0.06592115109592521,7.82091006802205,0.13157894736842105,0.17959762673053095,-0.0066321141934051475,0.16865062713623047
GOOGL,1h,7,0.1,1.0,8,21,0.8206576914908087,0.43958059174455877,0.8210844111278522,0.07481219383507509,10.975275139477242,0.7368421052631579,1.268457570167227,-0.14534322542010136,0.18361997604370117
GOOGL,1h,7,0.1,1.0,9,21,0.7941229300699694,1.9338026384930131,0.8117220194925541,0.07601431038066182,10.678542177487907,0.6710526315789473,1.141230956760954,-0.14350278310464415,0.1842794418334961
GOOGL,1h,7,0.1,1.0,10,30,0.7480476918062292,1.240915126726097,0.7481986645132789,0.07156094271088723,10.455405367367366,0.47368421052631576,0.7311524363428525,-0.024356849988777407,0.17992377281188965
GOOGL,1h,7,0.1,1.0,12,26,0.7684945400755588,0.3286658458911442,0.750167113480059,0.0676001077810132,11.097128955920954,0.5921052631578947,0.9574022387023274,-0.1394540346602955,0.19675564765930176
GOOGL,1h,7,0.1,1.0,20,50,0.6395959711239978,0.6072940488266108,0.6023557850794822,0.06710837232015793,8.975866412104102,0.13157894736842105,0.17967840983148545,-0.0066321141934051475,0.1884446144104004
GOOGL,1h,7,0.25,0.0,8,21,0.2366531640870654,0.41967137250493747,0.246467688043608,0.4603716595029732,0.5353667693395802,0.3157894736842105,0.2793249828554916,-0.04561168829994289,0.1985456943511963
GOOGL,1h,7,0.25,0.0,9,21,0.4492909943462933,1.1119731263996693,0.2850684354297919,0.4612079249157095,0.61809093042339,0.3026315789473684,0.2611667369334776,-0.044691237029396924,0.1955094337463379
GOOGL,1h,7,0.25,0.0,10,30,0.36268820026134124,0.7784592961809578,0.3372265387026274,0.4612793108662718,0.7310679901713429,0.23684210526315788,0.21860933766053076,-0.047614731350957396,0.1894218921661377
GOOGL,1h,7,0.25,0.0,12,26,0.24885539225339512,0.4516374810657158,0.3423143667726619,0.4749129182897849,0.7207939678823113,0.25,0.2176648709207376,-0.047614731350957396,0.22343993186950684
GOOGL,1h,7,0.25,0.0,20,50,0.3078281677045334,0.6316574999539057,0.4187584287141356,0.4421957221539045,0.9469979190987929,0.05263157894736842,0.02234885553903008,-0.0066321141934051475,0.1896960735321045
GOOGL,1h,7,0.25,0.25,8,21,0.33210512969955913,0.5065548604591772,0.3415910474837969,0.07398711543778819,4.616899110913745,0.7236842105263158,1.1785323248257487,-0.07054457257998259,0.20420002937316895
GOOGL,1h,7,0.25,0.25,9,21,0.35500870053270694,1.503748360168418,0.3426275411901382,0.07475124027465006,4.583569984006425,0.6578947368421053,1.0498651646109034,-0.06939412354820862,0.22648286819458008
GOOGL,1h,7,0.25,0.25,10,30,0.3274989968946747,1.0213671692590514,0.3343553230333676,0.08852637541066427,3.776900629697415,0.47368421052631576,0.713791177938572,-0.0042057834897129,0.19044733047485352
GOOGL,1h,7,0.25,0.25,12,26,0.31766748153043856,0.5677765417697795,0.3341164374359387,0.093887748228955,3.5586798462900737,0.5789473684210527,0.915966153093875,-0.06686327610540799,0.20644402503967285
GOOGL,1h,7,0.25,0.25,20,50,0.28521279606495276,0.7957647628752071,0.303670436339038,0.11542180764169169,2.6309624025447054,0.13157894736842105,0.1793390509479546,-0.0066321141934051475,0.17966318130493164
GOOGL,1h,7,0.25,0.5,8,21,0.5470558607641239,0.528631237487853,0.5507184385524423,0.05815963605165847,9.469083301403122,0.7368421052631579,1.218446885682568,-0.09547745686002218,0.1956462860107422
GOOGL,1h,7,0.25,0.5,9,21,0.5324558674412827,1.8389544618052436,0.54235207701452,0.06156235003128824,8.809801392228804,0.6710526315789473,1.0906770777177306,-0.09409701006702065,0.19577789306640625
GOOGL,1h,7,0.25,0.5,10,30,0.5020481790739275,1.198444265081302,0.5017491786658692,0.06034981040302663,8.314014166989095,0.47368421052631576,0.7216989801520606,-0.010922805656067625,0.18756794929504395
GOOGL,1h,7,0.25,0.5,12,26,0.5139507215101227,0.6204851225456225,0.5038785198441871,0.05974416008731329,8.433937628511176,0.5921052631578947,0.93417002178269,-0.09106019562370382,0.20018601417541504
GOOGL,1h,7,0.25,0.5,20,50,0.42517777311395377,0.8903493075156974,0.4143034329890393,0.07099444120041228,5.83571651503658,0.13157894736842105,0.1794898996858283,-0.0066321141934051475,0.19182276725769043
GOOGL,1h,7,0.25,0.75,8,21,0.7218603739996646,0.5017305647504755,0.7225985252277934,0.06686427377009155,10.806944942113653,0.7368421052631579,1.2467080194080895,-0.12041034114006177,0.20162725448608398
GOOGL,1h,7,0.25,0.75,9,21,0.6851007578165011,2.1176761774184247,0.7077469709417453,0.06937303299076472,10.202047401271386,0.6710526315789473,1.1192894653554522,-0.11879989658583257,0.20244526863098145
GOOGL,1h,7,0.25,0.75,10,30,0.649922505489023,1.317089326759902,0.6451672300545828,0.06317284638699117,10.212730104044171,0.47368421052631576,0.7270587502338177,-0.01763982782242257,0.19612455368041992
GOOGL,1h,7,0.25,0.75,12,26,0.6748782648396737,0.6233565217806667,0.6493755342068088,0.05947300628098164,10.918828134209637,0.5921052631578947,0.9472312093590225,-0.11525711514199954,0.191209077835083
GOOGL,1h,7,0.25,0.75,20,50,0.5461033743219956,0.9271002122106564,0.519301715258483,0.06325928732006982,8.209098414767121,0.13157894736842105,0.17959762673053095,-0.0066321141934051475,0.18686842918395996
GOOGL,1h,7,0.25,1.0,8,21,0.8621134576837963,0.4391211867836733,0.8609137082560588,0.0771546235291058,11.15829057128751,0.7368421052631579,1.268457570167227,-0.14534322542010136,0.20645594596862793
GOOGL,1h,7,0.25,1.0,9,21,0.8092187179148763,2.3409730948346947,0.8410574090670735,0.07812791529634802,10.76513312657643,0.6710526315789473,1.141230956760954,-0.14350278310464415,0.19790005683898926
GOOGL,1h,7,0.25,1.0,10,30,0.7697434677791833,1.3845250768703448,0.761778506772391,0.07007890398882939,10.870297099592465,0.47368421052631576,0.7311524363428525,-0.024356849988777407,0.19348740577697754
GOOGL,1h,7,0.25,1.0,12,26,0.8042660427077475,0.5880319607787776,0.7677040150384294,0.06524754945702493,11.766020661727303,0.5921052631578947,0.9574022387023274,-0.1394540346602955,0.19311237335205078
GOOGL,1h,7,0.25,1.0,20,50,0.6446514657009994,0.9167388089567652,0.6068926340280709,0.06502041411442189,9.333878325660475,0.13157894736842105,0.17967840983148545,-0.0066321141934051475,0.1908271312713623
GOOGL,1h,7,0.4,0.0,8,21,0.2589861740737796,0.4759168465050423,0.2647759667364974,0.45350795316450554,0.5838397428070077,0.3157894736842105,0.2793249828554916,-0.04561168829994289,0.19755911827087402
GOOGL,1h,7,0.4,0.0,9,21,0.37537803207954856,0.8139180827787011,0.2964702776551023,0.45942655687250494,0.6453050508731812,0.3026315789473684,0.2611667369334776,-0.044691237029396924,0.2163558006286621
GOOGL,1h,7,0.4,0.0,10,30,0.31776690187085965,0.6373333450348992,0.33006890780639864,0.4614564449094762,0.715276406793166,0.23684210526315788,0.21860933766053076,-0.047614731350957396,0.21199870109558105
GOOGL,1h,7,0.4,0.0,12,26,0.2717303523826183,0.5161314907818226,0.3514132413968819,0.4715854652285325,0.7451740295400865,0.25,0.2176648709207376,-0.047614731350957396,0.22766494750976562
GOOGL,1h,7,0.4,0.0,20,50,0.30004127570835504,0.6063813804715965,0.40509934114443225,0.4303720246885354,0.941277122827876,0.05263157894736842,0.02234885553903008,-0.0066321141934051475,0.20795297622680664
GOOGL,1h,7,0.4,0.25,8,21,0.34546353805914287,0.580409589707717,0.3487304773347405,0.06921365289260914,5.038463695534542,0.7236842105263158,1.1785323248257487,-0.07054457257998259,0.22558355331420898
GOOGL,1h,7,0.4,0.25,9,21,0.3475082872378284,1.0664801144801719,0.3457942474760368,0.07424883206963577,4.657234839084428,0.6578947368421053,1.0498651646109034,-0.06939412354820862,0.22942709922790527
GOOGL,1h,7,0.4,0.25,10,30,0.3260505934794137,0.822220735182682,0.34045539318237117,0.07908421473887906,4.304972797750977,0.47368421052631576,0.713791177938572,-0.0042057834897129,0.23282623291015625
GOOGL,1h,7,0.4,0.25,12,26,0.3239732637622159,0.6581773815448746,0.33621305901468085,0.09367724606058062,3.58905788922588,0.5789473684210527,0.915966153093875,-0.06686327610540799,0.20188188552856445
GOOGL,1h,7,0.4,0.25,20,50,0.2847146534081429,0.7617121759208254,0.29812013095721124,0.11176544122547757,2.6673730957298187,0.13157894736842105,0.1793390509479546,-0.0066321141934051475,0.19672775268554688
GOOGL,1h,7,0.4,0.5,8,21,0.5690762907719668,0.6176044907581253,0.5638778294255599,0.05882834170374994,9.585138949949632,0.7368421052631579,1.218446885682568,-0.09547745686002218,0.19370722770690918
GOOGL,1h,7,0.4,0.5,9,21,0.5427123891548554,1.2493253065290326,0.5479202730604631,0.06224462811966987,8.802691727984078,0.6710526315789473,1.0906770777177306,-0.09409701006702065,0.19487285614013672
GOOGL,1h,7,0.4,0.5,10,30,0.5139097626622863,0.9404053936640799,0.5117232259177291,0.05569938990068232,9.187232155148983,0.47368421052631576,0.7216989801520606,-0.010922805656067625,0.1913280487060547
GOOGL,1h,7,0.4,0.5,12,26,0.520467528441604,0.7360567482022591,0.5066916222233246,0.06040383229979175,8.388401909808486,0.5921052631578947,0.93417002178269,-0.09106019562370382,0.20308732986450195
GOOGL,1h,7,0.4,0.5,20,50,0.42787180961287347,0.8482693455201569,0.4118493733859586,0.07115401107308425,5.788139940037066,0.13157894736842105,0.1794898996858283,-0.0066321141934051475,0.18626689910888672
GOOGL,1h,7,0.4,0.75,8,21,0.7510938116693122,0.6025790246346923,0.7404908998676648,0.0701468340338797,10.556298228798475,0.7368421052631579,1.2467080194080895,-0.12041034114006177,0.20070290565490723
GOOGL,1h,7,0.4,0.75,9,21,0.7062911590322939,1.3690516430041408,0.7152562735388435,0.07100287018423851,10.073624794080773,0.6710526315789473,1.1192894653554522,-0.11879989658583257,0.1971125602722168
GOOGL,1h,7,0.4,0.75,10,30,0.6705120241914322,1.0020774802697323,0.6577653536628447,0.06123108463387015,10.742343657570945,0.47368421052631576,0.7270587502338177,-0.01763982782242257,0.19387078285217285
GOOGL,1h,7,0.4,0.75,12,26,0.6822652660473739,0.7620227255365981,0.6529359957049458,0.05886358335305914,11.092358951181872,0.5921052631578947,0.9472312093590225,-0.11525711514199954,0.21384310722351074
GOOGL,1h,7,0.4,0.75,20,50,0.5509392052222742,0.8781981128921565,0.5183531554389009,0.0635236835592322,8.159998387933003,0.13157894736842105,0.17959762673053095,-0.0066321141934051475,0.19626426696777344
GOOGL,1h,7,0.4,1.0,8,21,0.8971564125541303,0.5482972109785347,0.8825568843078522,0.08205233960691585,10.75602339355434,0.7368421052631579,1.268457570167227,-0.14534322542010136,0.22075676918029785
GOOGL,1h,7,0.4,1.0,9,21,0.8384604755798694,1.432658100196964,0.8501128255563865,0.08051868330326414,10.557957366919881,0.6710526315789473,1.141230956760954,-0.14350278310464415,0.21148419380187988
GOOGL,1h,7,0.4,1.0,10,30,0.796908608234453,1.0166505491328293,0.7763336323909761,0.06920478551492801,11.217918336348502,0.47368421052631576,0.7311524363428525,-0.024356849988777407,0.2004685401916504
GOOGL,1h,7,0.4,1.0,12,26,0.8124749272352743,0.7468077805592013,0.7718803600870634,0.0632912601675839,12.195686387713925,0.5921052631578947,0.9574022387023274,-0.1394540346602955,0.20080232620239258
GOOGL,1h,7,0.4,1.0,20,50,0.6511071201789431,0.8624937869334577,0.6069218902368959,0.06427295677931616,9.442881122161335,0.13157894736842105,0.17967840983148545,-0.0066321141934051475,0.21033143997192383
GOOGL,1h,7,0.55,0.0,8,21,0.328449987132498,0.6807348793827186,0.3004819167698324,0.4466462317282146,0.6727514874740428,0.3157894736842105,0.25787501451577544,-0.038073423528204975,0.2095189094543457
GOOGL,1h,7,0.55,0.0,9,21,0.4169058474641356,0.9540987391293905,0.3164538540572337,0.4852148778614023,0.6521932209746176,0.2894736842105263,0.25941653902195294,-0.03714570204562684,0.21560430526733398
GOOGL,1h,7,0.55,0.0,10,30,0.2579538072975461,0.4665199146708614,0.3296923596757725,0.45649253424198766,0.7222294669577266,0.23684210526315788,0.20318627762419209,-0.03924706858983629,0.19637036323547363
GOOGL,1h,7,0.55,0.0,12,26,0.2156542701667245,0.3667248950600208,0.3415231252547935,0.4477824843185614,0.7626987146996735,0.25,0.22793291084674444,-0.03924706858983629,0.19079995155334473
GOOGL,1h,7,0.55,0.0,20,50,0.2224939033992169,0.3903219878138413,0.414659587967769,0.42083029072359,0.9853368379324339,0.05263157894736842,0.02234885553903008,-0.0066321141934051475,0.19516658782958984
GOOGL,1h,7,0.55,0.25,8,21,0.3616536307198676,0.8584702168088445,0.36521548443973983,0.06585780626759226,5.545515484615488,0.7631578947368421,1.1868581300216574,-0.06112268389840636,0.1989436149597168
GOOGL,1h,7,0.55,0.25,9,21,0.36080687421869445,1.2695782960540725,0.3583785612164975,0.07531903197517895,4.758140828663326,0.7105263157894737,1.1145444381610283,-0.05996314801036906,0.1921701431274414
GOOGL,1h,7,0.55,0.25,10,30,0.3225995971434198,0.5923894421476865,0.34570259069878795,0.07489577412326337,4.615782328784412,0.5526315789473685,0.8310919920638955,-0.019035205872370287,0.21364521980285645
GOOGL,1h,7,0.55,0.25,12,26,0.3214733213556014,0.4563237642032556,0.3410174885629648,0.08684107488114967,3.9269146429806394,0.631578947368421,0.9978302945115639,-0.05741231059295637,0.19858288764953613
GOOGL,1h,7,0.55,0.25,20,50,0.2690284572792782,0.46962291556366553,0.3076056462093262,0.11043497195877326,2.7854006819883033,0.14473684210526316,0.20607775129621256,-0.0066321141934051475,0.19900727272033691
GOOGL,1h,7,0.55,0.5,8,21,0.5839804484287129,0.9640568306195598,0.5876550635853108,0.05399612776525776,10.88328159641515,0.7763157894736842,1.2420665103542397,-0.08417194426860819,0.20415925979614258
GOOGL,1h,7,0.55,0.5,9,21,0.5604186191151429,1.519228870969648,0.5652546812030785,0.06140367120468108,9.20555188498219,0.7236842105263158,1.1662087732792024,-0.0827805939751115,0.2082972526550293
GOOGL,1h,7,0.55,0.5,10,30,0.5243437944250545,0.6542742281080809,0.5241808624981847,0.05352732515251341,9.792771467743918,0.5526315789473685,0.8556935591662892,-0.03757041174474074,0.19733452796936035
GOOGL,1h,7,0.55,0.5,12,26,0.5311915682174255,0.4853883029730004,0.5198973799679276,0.0563645668581609,9.223833499443504,0.6447368421052632,1.0258385811982387,-0.07971979316161826,0.20622849464416504
GOOGL,1h,7,0.55,0.5,20,50,0.4239564460896026,0.4856392930931932,0.4230055770267668,0.0734474718431433,5.759293906400898,0.14473684210526316,0.20615843090549182,-0.0066321141934051475,0.1875166893005371
GOOGL,1h,7,0.55,0.75,8,21,0.7668465884087496,1.0088529117355653,0.7706744385932086,0.06648825189387846,11.591137030091842,0.7763157894736842,1.2825448530019168,-0.10722120463880958,0.21168303489685059
GOOGL,1h,7,0.55,0.75,9,21,0.7285135555092843,1.7064826156783988,0.7369939503764543,0.07262665908696887,10.147705534601554,0.7236842105263158,1.204089902966232,-0.10559803993985406,0.20017194747924805
GOOGL,1h,7,0.55,0.75,10,30,0.6897050116405684,0.665063375229735,0.6755664766475034,0.061084717173044326,11.05950077060551,0.5526315789473685,0.8750676924553471,-0.05610561761711097,0.19057679176330566
GOOGL,1h,7,0.55,0.75,12,26,0.7014540321203666,0.4685833308308225,0.6721083591650222,0.05687437558083451,11.817419572541361,0.6447368421052632,1.0478518328528437,-0.10202727573028025,0.18542981147766113
GOOGL,1h,7,0.55,0.75,20,50,0.5532203942108936,0.45424844681743237,0.5308874410355748,0.06695668912420327,7.928818583768227,0.14473684210526316,0.20621595767558434,-0.0066321141934051475,0.1991863250732422
GOOGL,1h,7,0.55,1.0,8,21,0.9139444040072446,1.0034808978662886,0.9179546618364757,0.0797419210538239,11.511569444343811,0.7763157894736842,1.3140644772002483,-0.13027046500901107,0.20285558700561523
GOOGL,1h,7,0.55,1.0,9,21,0.8644731206112304,1.8355618315514426,0.8754794605680415,0.08464509157344223,10.342944219139188,0.7236842105263158,1.2335901927666817,-0.12841548590459595,0.220900297164917
GOOGL,1h,7,0.55,1.0,10,30,0.8226094419184012,0.6359966736437195,0.7983027205620241,0.07046264807078698,11.32944535039397,0.5526315789473685,0.8905106191746932,-0.07464082348948142,0.19677066802978516
GOOGL,1h,7,0.55,1.0,12,26,0.8379816388728634,0.4180799648746176,0.7956403948792394,0.06268724362310421,12.692221716795913,0.6447368421052632,1.0654388417067437,-0.12433475829894236,0.19624614715576172
GOOGL,1h,7,0.55,1.0,20,50,0.6576775718316549,0.3887090918335172,0.6205113809255226,0.06779009426598899,9.153422600222578,0.14473684210526316,0.2062590477122961,-0.0066321141934051475,0.18072938919067383
GOOGL,1h,7,0.7,0.0,8,21,0.3096650672591159,0.6309549402707917,0.32951022435472227,0.4529821920704609,0.7274242346009648,0.3157894736842105,0.22412837180344122,-0.038073423528204975,0.18808197975158691
GOOGL,1h,7,0.7,0.0,9,21,0.3539708326312581,0.7457068914967211,0.34501905256287396,0.46093812439397036,0.7485148966935555,0.2894736842105263,0.20598414780307708,-0.038892381819653266,0.19599127769470215
GOOGL,1h,7,0.7,0.0,10,30,0.2913844530177797,0.5577312882778602,0.3298364838461158,0.47759522044096664,0.6906193147024707,0.23684210526315788,0.174483242775995,-0.03924706858983629,0.19165325164794922
GOOGL,1h,7,0.7,0.0,12,26,0.24967720090060722,0.45301057918441967,0.34600835190369283,0.44606409517360185,0.7756920040135292,0.25,0.22734039002911074,-0.03924706858983629,0.19913077354431152
GOOGL,1h,7,0.7,0.0,20,50,0.32935358251077756,0.689116228843818,0.45182144591545786,0.4003330902518086,1.1286137891605794,0.05263157894736842,0.02234885553903008,-0.0066321141934051475,0.19106030464172363
GOOGL,1h,7,0.7,0.25,8,21,0.36898672245884484,0.7912098262965213,0.3775383331262501,0.06107328038772631,6.181726783454762,0.7631578947368421,1.1686358995130275,-0.06112268389840636,0.19390606880187988
GOOGL,1h,7,0.7,0.25,9,21,0.36141618027538563,0.9749837057027217,0.36129058143847326,0.07515086029923156,4.807537531838043,0.7105263157894737,1.1041229729481024,-0.05996314801036906,0.19342660903930664
GOOGL,1h,7,0.7,0.25,10,30,0.33573572804204405,0.713148087672087,0.3432939156240994,0.08068674123523727,4.254650892681946,0.5657894736842105,0.8553150466392782,-0.019035205872370287,0.19565963745117188
GOOGL,1h,7,0.7,0.25,12,26,0.3345000979731082,0.571925234432854,0.34332007179212765,0.0812866851272531,4.22357082534077,0.6447368421052632,1.029563500259508,-0.05741231059295637,0.1984701156616211
GOOGL,1h,7,0.7,0.25,20,50,0.29463961271623246,0.8753770023641723,0.32483237494996064,0.09564562751923936,3.396207263992489,0.14473684210526316,0.20607775129621256,-0.0066321141934051475,0.19497942924499512
GOOGL,1h,7,0.7,0.5,8,21,0.6036355897924703,0.8806317549671818,0.6031376448639324,0.043897918757789624,13.739549890549343,0.7763157894736842,1.2309212562159781,-0.08417194426860819,0.21230030059814453
GOOGL,1h,7,0.7,0.5,9,21,0.5792501400178133,1.1368774271793827,0.5726513980777547,0.056304311912894346,10.170649078594117,0.7236842105263158,1.1625788559374761,-0.0827805939751115,0.20421195030212402
GOOGL,1h,7,0.7,0.5,10,30,0.5424495921662592,0.8020271005443069,0.5289245307121575,0.04999197691528862,10.580188329187697,0.5657894736842105,0.8833313359629779,-0.03757041174474074,0.19153714179992676
GOOGL,1h,7,0.7,0.5,12,26,0.5488526317157847,0.6277104033313292,0.5279691693350143,0.04890845063166255,10.795049986580754,0.6578947368421053,1.0577927829798026,-0.07971979316161826,0.1976490020751953
GOOGL,1h,7,0.7,0.5,20,50,0.4401698684250815,0.9917969033307454,0.43790351656419035,0.0647159244923549,6.76654965526949,0.14473684210526316,0.20615843090549182,-0.0066321141934051475,0.18978285789489746
GOOGL,1h,7,0.7,0.75,8,21,0.7955093857004604,0.9114969079238455,0.7897125690087148,0.05755369256936321,13.721318889434592,0.7763157894736842,1.277606074384221,-0.10722120463880958,0.19691872596740723
GOOGL,1h,7,0.7,0.75,9,21,0.7594177692546098,1.2392256105364283,0.7488141640998387,0.06404617392898444,11.691786068753107,0.7236842105263158,1.2059668595970343,-0.10559803993985406,0.20714187622070312
GOOGL,1h,7,0.7,0.75,10,30,0.7125021028387658,0.8359375479440159,0.6858891510186147,0.053324582547798434,12.862532030209628,0.5657894736842105,0.9050759038797228,-0.05610561761711097,0.1985940933227539
GOOGL,1h,7,0.7,0.75,12,26,0.7235930458956655,0.6337132878595739,0.6847786279441264,0.04955564818887403,13.818376975601122,0.6578947368421053,1.0798718010394253,-0.10202727573028025,0.1880042552947998
GOOGL,1h,7,0.7,0.75,20,50,0.5660301262443846,1.0489969833815502,0.5452699151949468,0.0638058342764554,8.545768915620204,0.14473684210526316,0.20621595767558434,-0.0066321141934051475,0.1891484260559082
GOOGL,1h,7,0.7,1.0,8,21,0.9496252014428881,0.8949866266488962,0.9400227991019705,0.07191286079222206,13.071692444804551,0.7763157894736842,1.3141205287880304,-0.13027046500901107,0.20685529708862305
GOOGL,1h,7,0.7,1.0,9,21,0.904506736549596,1.2897475646354266,0.8910284775908057,0.07428015185104803,11.995512332521358,0.7236842105263158,1.2398515266672796,-0.12841548590459595,0.19811630249023438
GOOGL,1h,7,0.7,1.0,10,30,0.8492746423170191,0.8253465146909809,0.8130744441361737,0.06167744751385988,13.18268632879892,0.5657894736842105,0.9222907794802112,-0.07464082348948142,0.21122264862060547
GOOGL,1h,7,0.7,1.0,12,26,0.8638419697667378,0.6013823384669967,0.8119906101292873,0.05634426558752355,14.411237801439876,0.6578947368421053,1.0974901648095556,-0.12433475829894236,0.20784640312194824
GOOGL,1h,7,0.7,1.0,20,50,0.6685866336979919,1.056923488487851,0.6347264320111222,0.068611520008045,9.251018370336318,0.14473684210526316,0.2062590477122961,-0.0066321141934051475,0.1854863166809082
GOOGL,1h,7,0.85,0.0,8,21,0.4103169794812554,0.9396546577832399,0.3703222264281951,0.4755698860136112,0.7786914969161781,0.3684210526315789,0.19252054054110274,-0.043626193718764084,0.20556402206420898
GOOGL,1h,7,0.85,0.0,9,21,0.43837768580113196,1.0368776201792183,0.4076533848113856,0.4534099639849671,0.8990834282258989,0.32894736842105265,0.23771075574042128,-0.04083329514719003,0.22751474380493164
GOOGL,1h,7,0.85,0.0,10,30,0.3224635285721404,0.6520046092440153,0.3007503749404469,0.4604037466319037,0.6532318147725654,0.3026315789473684,0.304331105664962,-0.02536738199299482,0.2002546787261963
GOOGL,1h,7,0.85,0.0,12,26,0.2947608420128883,0.5714731393328136,0.32883548592564116,0.46203773864911124,0.7117069849901831,0.35526315789473684,0.3484771550364485,-0.026679168776750917,0.20139670372009277
GOOGL,1h,7,0.85,0.0,20,50,0.3698274099136163,0.8227269451932029,0.4918216782126598,0.3642033458391167,1.350404063640638,0.11842105263157894,0.08628015842749735,-0.01866074765358472,0.18136096000671387
GOOGL,1h,7,0.85,0.25,8,21,0.3925473831718432,1.2258071527969645,0.3906920867979101,0.06527893187357374,5.9849644530729575,0.7894736842105263,1.0879374807822024,-0.05292421781579282,0.21868205070495605
GOOGL,1h,7,0.85,0.25,9,21,0.3826876810458607,1.3976544391750458,0.37890791705586835,0.07628025435719694,4.967313235238562,0.7368421052631579,1.0176617071043,-0.05175455662651918,0.2125535011291504
GOOGL,1h,7,0.85,0.25,10,30,0.35004304667293756,0.8449673294532354,0.3498146242105869,0.07612778852049217,4.595097677327424,0.5921052631578947,0.8087718435569506,-0.043748080607899587,0.20221519470214844
GOOGL,1h,7,0.85,0.25,12,26,0.34713112667322377,0.7331649427189608,0.34937952113472964,0.08377465895947264,4.170467841638695,0.6578947368421053,0.8898238540931901,-0.049181444782309236,0.20568609237670898
GOOGL,1h,7,0.85,0.25,20,50,0.30662452097822807,1.0708591247694175,0.33439706133447944,0.08599836628520229,3.888411789422784,0.2236842105263158,0.3313888273183987,-0.0006119750817544789,0.18891048431396484
GOOGL,1h,7,0.85,0.5,8,21,0.6293711230566065,1.4425050194271667,0.6245539611287889,0.041921453827889886,14.8981942203846,0.7894736842105263,1.178898179480719,-0.07617474897626031,0.203948974609375
GOOGL,1h,7,0.85,0.5,9,21,0.601691862206496,1.7000573336952804,0.5942323824776619,0.05705239290545147,10.415555811347604,0.7368421052631579,1.0993871059600742,-0.07477124913138511,0.20386528968811035
GOOGL,1h,7,0.85,0.5,10,30,0.5632336414135749,0.971307935765269,0.5506118543545471,0.04385528720908874,12.55519891431554,0.5921052631578947,0.8547996113362437,-0.06722388419967451,0.18648743629455566
GOOGL,1h,7,0.85,0.5,12,26,0.5638003925953203,0.8293975496210984,0.5473026588296201,0.04762159760395392,11.49274040281628,0.6578947368421053,0.9399717210346125,-0.07168372078786789,0.20789504051208496
GOOGL,1h,7,0.85,0.5,20,50,0.4507446873691046,1.251176237691411,0.4487379509119602,0.060235802749455496,7.44968823240289,0.2236842105263158,0.33209788515184924,-0.0006119750817544789,0.2053542137145996
GOOGL,1h,7,0.85,0.75,8,21,0.825189477615396,1.5956467484875634,0.8185407198271987,0.051990770802941226,15.743961999134125,0.7894736842105263,1.2472467322149412,-0.09942528013672791,0.19822311401367188
GOOGL,1h,7,0.85,0.75,9,21,0.7849129860200833,1.945811812921467,0.7749899629626034,0.06304308637907258,12.29302065420237,0.7368421052631579,1.1613411541396303,-0.09778794163625104,0.1973729133605957
GOOGL,1h,7,0.85,0.75,10,30,0.7390679135055491,1.0406932271835112,0.7181082673733132,0.04475138604614412,16.04661510668868,0.5921052631578947,0.8915455050825936,-0.09069968779144899,0.19591021537780762
GOOGL,1h,7,0.85,0.75,12,26,0.7414696132086289,0.871485067401718,0.713405394195326,0.04365153816913897,16.34319027730605,0.6578947368421053,0.9801211510767615,-0.09418599679342643,0.20073771476745605
GOOGL,1h,7,0.85,0.75,20,50,0.5769734248675283,1.370922876335424,0.5581368123032415,0.060596583160167604,9.210697752181606,0.2236842105263158,0.3323055176577416,-0.0006119750817544789,0.18432354927062988
GOOGL,1h,7,0.85,1.0,8,21,0.9828592948632157,1.69145149540959,0.974931863906581,0.06528955515137927,14.932432326213899,0.7894736842105263,1.300636324004737,-0.12267581129719485,0.21724987030029297
GOOGL,1h,7,0.85,1.0,9,21,0.932841565448407,2.1372923858266097,0.9211284032203343,0.07198816252913237,12.795553752987784,0.7368421052631579,1.2099432471265543,-0.12080463414111697,0.202866792678833
GOOGL,1h,7,0.85,1.0,10,30,0.8805677281888548,1.062159966889086,0.8533379654867754,0.05172473180890734,16.497677912364257,0.5921052631578947,0.9208697611105962,-0.1141754913832238,0.20549631118774414
GOOGL,1h,7,0.85,1.0,12,26,0.8842557713226276,0.8695848995759783,0.8477357808322896,0.04773441423669556,17.7594256552246,0.6578947368421053,1.0121867631725319,-0.11668827279898464,0.20445966720581055
GOOGL,1h,7,0.85,1.0,20,50,0.6801199957352092,1.437372746146417,0.6494041487754835,0.0656565492527218,9.890927198684027,0.2236842105263158,0.3323970273538616,-0.0006119750817544789,0.21333575248718262
GOOGL,1h,7,1.0,0.0,8,21,0.4040345663354865,0.9155529454898477,0.38150972954917617,0.4732526822923154,0.8061438293413157,0.35526315789473684,0.18701557867918903,-0.04963010305785076,0.2134687900543213
GOOGL,1h,7,1.0,0.0,9,21,0.412952473554037,0.9448590997843112,0.42037942459050076,0.45555653447674865,0.9227821198379862,0.32894736842105265,0.26183762639543245,-0.04083329514719003,0.19725751876831055
GOOGL,1h,7,1.0,0.0,10,30,0.28325898517231374,0.539023855839009,0.3217285904195861,0.5045398354798498,0.6376673709293966,0.3026315789473684,0.28451364872395035,-0.02536738199299482,0.18493938446044922
GOOGL,1h,7,1.0,0.0,12,26,0.3032094553139221,0.5959751143000998,0.342186203378954,0.4959670223352918,0.6899374110959008,0.35526315789473684,0.3401133176396408,-0.028737864121652912,0.19751858711242676
GOOGL,1h,7,1.0,0.0,20,50,0.40536958158476855,0.9491370152512608,0.5190995786161477,0.3548424543004775,1.462901556239882,0.11842105263157894,0.08628015842749735,-0.01866074765358472,0.19251179695129395
GOOGL,1h,7,1.0,0.25,8,21,0.39969559378950087,1.192317876605176,0.40507173219565756,0.06186627369440871,6.547537260713776,0.7894736842105263,1.0885009215137924,-0.052768239195191136,0.20939016342163086
GOOGL,1h,7,1.0,0.25,9,21,0.3840871624536414,1.2626431746706657,0.39047554673369067,0.07477111254934819,5.222278142190016,0.7368421052631579,1.0271005466043857,-0.048830582118575716,0.20016860961914062
GOOGL,1h,7,1.0,0.25,10,30,0.3496355683081614,0.688239519195389,0.36211931936535807,0.08141654256474505,4.44773639309713,0.5921052631578947,0.7992960221118393,-0.043748080607899587,0.22110390663146973
GOOGL,1h,7,1.0,0.25,12,26,0.3500631460277805,0.7654818589068364,0.3638720387412284,0.08247798230637259,4.411747578760958,0.6578947368421053,0.8979460368246233,-0.05175455662651918,0.1961503028869629
GOOGL,1h,7,1.0,0.25,20,50,0.3156025099977591,1.2542014800260515,0.3429540890358922,0.0812606988365567,4.220417667410062,0.2236842105263158,0.3313888273183987,-0.0006119750817544789,0.17771625518798828
GOOGL,1h,7,1.0,0.5,8,21,0.6460878145921751,1.399846916184321,0.6505531580952859,0.041436908485796474,15.699847837786429,0.7894736842105263,1.189639745922015,-0.07598758711107556,0.19888067245483398
GOOGL,1h,7,1.0,0.5,9,21,0.6113653606632827,1.5181101976492428,0.6145164630673003,0.05813132472763418,10.571175970039,0.7368421052631579,1.114602387559495,-0.0712627136632078,0.20849919319152832
GOOGL,1h,7,1.0,0.5,10,30,0.5723585928624518,0.7716040656770269,0.5707282480237155,0.04894375867621906,11.660899437644185,0.5921052631578947,0.8499855188733999,-0.06722388419967451,0.2068030834197998
GOOGL,1h,7,1.0,0.5,12,26,0.5680231757226846,0.8684166759745011,0.5688940319188804,0.04985050680297497,11.412000968562472,0.6578947368421053,0.9509461998366704,-0.07477124913138511,0.21203994750976562
GOOGL,1h,7,1.0,0.5,20,50,0.4564947858549153,1.4955737046294852,0.459326741637384,0.05544919912761549,8.283739871161178,0.2236842105263158,0.33209788515184924,-0.0006119750817544789,0.21042871475219727
GOOGL,1h,7,1.0,0.75,8,21,0.8489901237199419,1.5445682672538368,0.8535674181714524,0.05264417885013732,16.21389936770238,0.7894736842105263,1.2663105090504232,-0.09920693502696032,0.19341707229614258
GOOGL,1h,7,1.0,0.75,9,21,0.8001413436762568,1.714834869794574,0.8022048258317863,0.06388255437507283,12.557494509718746,0.7368421052631579,1.1814620210779745,-0.09369484520783955,0.20015525817871094
GOOGL,1h,7,1.0,0.75,10,30,0.7543391241894174,0.8009859769759229,0.7446418081961997,0.04708300597697424,15.815511196552826,0.5921052631578947,0.890202965968707,-0.09069968779144899,0.1984233856201172
GOOGL,1h,7,1.0,0.75,12,26,0.7469181575796578,0.9156895175584094,0.7406067505711775,0.04682801882447154,15.81546196406987,0.6578947368421053,0.9930856592270164,-0.09778794163625104,0.19874787330627441
GOOGL,1h,7,1.0,0.75,20,50,0.5815447397479756,1.6779684258208696,0.571007695200825,0.055151515954576354,10.35343608090693,0.2236842105263158,0.3323055176577416,-0.0006119750817544789,0.18842291831970215
GOOGL,1h,7,1.0,1.0,8,21,1.0122018335903225,1.6330949268435893,1.0170936912104822,0.06661316247277668,15.26865942787427,0.7894736842105263,1.3262387941935816,-0.12242628294284452,0.19594883918762207
GOOGL,1h,7,1.0,1.0,9,21,0.9522873286598081,1.8568859304860008,0.953846362201805,0.07233163506624349,13.187125679216898,0.7368421052631579,1.233953062901478,-0.11612697675247163,0.1906743049621582
GOOGL,1h,7,1.0,1.0,10,30,0.9004371276529589,0.7870103117286973,0.8850022823184147,0.05142248130645795,17.21041575267724,0.5921052631578947,0.9222037102163304,-0.1141754913832238,0.19232869148254395
GOOGL,1h,7,1.0,1.0,12,26,0.8907047050595327,0.917254971904625,0.8793474247441877,0.05020076258791275,17.516614876203402,0.6578947368421053,1.026585349898522,-0.12080463414111697,0.1836564540863037
GOOGL,1h,7,1.0,1.0,20,50,0.6840276403993513,1.806451092899771,0.6642106613060693,0.059500758061286844,11.163062168416753,0.2236842105263158,0.3323970273538616,-0.0006119750817544789,0.17957735061645508
GOOGL,1h,10,0.0,0.0,8,21,0.32336588994743426,0.6519662501289156,0.29789517161810775,0.5315283251088021,0.5604502291710034,0.2631578947368421,0.23766150366238667,-0.046799325400212144,0.18517422676086426
GOOGL,1h,10,0.0,0.0,9,21,0.3370942744534904,0.7294267672615056,0.30299320799101265,0.5273953296692838,0.5745087052268968,0.2631578947368421,0.244200532407111,-0.04398306129580598,0.1840355396270752
GOOGL,1h,10,0.0,0.0,10,30,0.2208566890014316,0.3793441346016937,0.3257890838939718,0.5511514657223474,0.5911062641682132,0.18421052631578946,0.16523537109590963,-0.03274193892640731,0.18133759498596191
GOOGL,1h,10,0.0,0.0,12,26,0.3230368780431757,0.6654070019198823,0.318806037442535,0.49544551630673117,0.643473453587905,0.23684210526315788,0.2048389066492872,-0.03274193892640731,0.1853039264678955
GOOGL,1h,10,0.0,0.0,20,50,0.33774652729877314,0.7284543230884204,0.3580763474329888,0.480572950037815,0.7451030013337469,0.039473684210526314,-0.04505950281578228,-0.009489671745050998,0.1775500774383545
GOOGL,1h,10,0.0,0.25,8,21,0.3117590604473394,0.8283239329662764,0.3302173518387689,0.09464745313199902,3.488919573760056,0.6447368421052632,1.0305305257784187,-0.07144769983893595,0.20193219184875488
GOOGL,1h,10,0.0,0.25,9,21,0.3135506860710309,0.9488240483711505,0.319175075841848,0.09832783197732026,3.2460298312635136,0.5921052631578947,0.9466736994956975,-0.06792772174144168,0.18387150764465332
GOOGL,1h,10,0.0,0.25,10,30,0.25873403513104715,0.17372211359021072,0.31313952769543446,0.1239316255477395,2.526712018110426,0.3815789473684211,0.5813252797720565,-0.03274193892640731,0.18334674835205078
GOOGL,1h,10,0.0,0.25,12,26,0.30194237359678644,0.8503623201156949,0.30565782519622114,0.11444339048195999,2.6708211274499316,0.5263157894736842,0.7535486389745213,-0.03274193892640731,0.19474411010742188
GOOGL,1h,10,0.0,0.25,20,50,0.25711170670868916,0.5451509417093978,0.2941583682607874,0.1291832962410861,2.277061948565079,0.11842105263157894,0.11219810418185798,-0.009489671745050998,0.19301342964172363
GOOGL,1h,10,0.0,0.5,8,21,0.48096561061202175,0.9347561041972621,0.4965935729928317,0.05646040176885071,8.795431088604175,0.6578947368421053,1.0593115654475938,-0.09609607427765976,0.18470025062561035
GOOGL,1h,10,0.0,0.5,9,21,0.4761078729780505,1.099346079074932,0.4803990592336628,0.058452147495473845,8.21867253501442,0.6052631578947368,0.9717750715270895,-0.09187238218707683,0.19237422943115234
GOOGL,1h,10,0.0,0.5,10,30,0.42695820831424386,-0.005143430118900283,0.4595851046924782,0.07706126436579729,5.963892605121329,0.3815789473684211,0.5872459863456289,-0.03274193892640731,0.19566988945007324
GOOGL,1h,10,0.0,0.5,12,26,0.45754972659416093,0.9635944688551599,0.45412582533880375,0.06988224052105554,6.498443981657621,0.5263157894736842,0.7611194848511991,-0.03274193892640731,0.19736385345458984
GOOGL,1h,10,0.0,0.5,20,50,0.3799135033825293,0.37529947980444245,0.3973082808856689,0.07692875876567266,5.164626171805033,0.11842105263157894,0.11230412886106386,-0.009489671745050998,0.19224071502685547
GOOGL,1h,10,0.0,0.75,8,21,0.6235819282976374,0.9820076652987539,0.6387365886982583,0.06267468936466417,10.19130043041548,0.6578947368421053,1.0798423963092918,-0.12074444871638335,0.2064378261566162
GOOGL,1h,10,0.0,0.75,9,21,0.6147442036848958,1.1894794789237828,0.6185888312218077,0.0590472787970631,10.476161540785098,0.6052631578947368,0.9896988633708833,-0.11581704263271209,0.19453215599060059
GOOGL,1h,10,0.0,0.75,10,30,0.5664067067363925,-0.16005772223264925,0.5874682159299909,0.06865286260977427,8.55708259783987,0.3815789473684211,0.5917771292266811,-0.03274193892640731,0.2095351219177246
GOOGL,1h,10,0.0,0.75,12,26,0.5902304999535707,1.0154928083874362,0.5831347802966886,0.06007954011595173,9.706046004534253,0.5263157894736842,0.7678272007503788,-0.03383322068819039,0.1984996795654297
GOOGL,1h,10,0.0,0.75,20,50,0.4900412442025868,0.2188111872597811,0.49533325045246207,0.06608570373676163,7.495316270301318,0.11842105263157894,0.11237990135121165,-0.009489671745050998,0.20198678970336914
GOOGL,1h,10,0.0,1.0,8,21,0.7390558469100887,0.9801822274109055,0.7542782022177398,0.07411107063985038,10.177672454405963,0.6578947368421053,1.0956955067826453,-0.14539282315510715,0.19353127479553223
GOOGL,1h,10,0.0,1.0,9,21,0.7273242761873998,1.2275797942966786,0.7310337574366018,0.06635158821780911,11.017577379412128,0.6052631578947368,1.0035373842100381,-0.13976170307834745,0.19442224502563477
GOOGL,1h,10,0.0,1.0,10,30,0.678994924319391,-0.2936490421087772,0.6920261468685617,0.06971629641701609,9.926318270395882,0.3815789473684211,0.5953104658778132,-0.03274193892640731,0.1982250213623047
GOOGL,1h,10,0.0,1.0,12,26,0.6979873268834631,1.0161081246964292,0.6884855414666929,0.059548475878388366,11.56176596144523,0.5263157894736842,0.773346079240484,-0.04494429425092017,0.20263385772705078
GOOGL,1h,10,0.0,1.0,20,50,0.580759937311607,0.0754337479659648,0.5771698823990319,0.0673444625772046,8.570413368988676,0.11842105263157894,0.11243675276705678,-0.009489671745050998,0.18381047248840332
GOOGL,1h,10,0.1,0.0,8,21,0.2645689659062372,0.49217190701370894,0.305821316998893,0.48657906082529717,0.6285131063391485,0.2631578947368421,0.235539008063424,-0.046799325400212144,0.21147704124450684
GOOGL,1h,10,0.1,0.0,9,21,0.32639424867173705,0.6956068444547558,0.2881417452973511,0.5133057247700059,0.5613452790273422,0.25,0.2164684531869241,-0.04398306129580598,0.19691801071166992
GOOGL,1h,10,0.1,0.0,10,30,0.24387359528052013,0.43969103431524603,0.33057247833809617,0.5345196133654522,0.6184477988688566,0.18421052631578946,0.18179670209485632,-0.03274193892640731,0.18785524368286133
GOOGL,1h,10,0.1,0.0,12,26,0.29929660216969917,0.5830466518451742,0.3057521663115154,0.5039642889610316,0.6066941110884094,0.23684210526315788,0.2048389066492872,-0.03274193892640731,0.1928262710571289
GOOGL,1h,10,0.1,0.0,20,50,0.27073330240143867,0.5229709994889833,0.37293227088392383,0.45573385192557,0.8183115415021458,0.039473684210526314,-0.04505950281578228,-0.009489671745050998,0.19021010398864746
GOOGL,1h,10,0.1,0.25,8,21,0.3093322098194983,0.612293880024456,0.33210498297979024,0.08319991919729157,3.991650306682045,0.6578947368421053,1.0848405826376044,-0.07144769983893595,0.2244102954864502
GOOGL,1h,10,0.1,0.25,9,21,0.31468924408724097,0.9011982320282974,0.3174563007064924,0.09234526438797348,3.437710669956521,0.5921052631578947,0.9314574436788537,-0.06792772174144168,0.19248414039611816
GOOGL,1h,10,0.1,0.25,10,30,0.26303604677417036,0.23877428286949187,0.31608026874425577,0.12071883872857526,2.6183176716513317,0.3815789473684211,0.5820643427433938,-0.03274193892640731,0.1757817268371582
GOOGL,1h,10,0.1,0.25,12,26,0.3010606328006691,0.7358590258372433,0.3073871608196952,0.11648922397559963,2.6387604821204915,0.5263157894736842,0.7535486389745213,-0.03274193892640731,0.17752456665039062
GOOGL,1h,10,0.1,0.25,20,50,0.26734974213121765,0.649775623326247,0.29942758088439114,0.124533919930183,2.4043857372534174,0.11842105263157894,0.11219810418185798,-0.009489671745050998,0.18788599967956543
GOOGL,1h,10,0.1,0.5,8,21,0.493101638340758,0.6664519066744576,0.5029152959982468,0.0558689840651222,9.001690372820041,0.6710526315789473,1.113987427401199,-0.09609607427765976,0.20789098739624023
GOOGL,1h,10,0.1,0.5,9,21,0.4824634429698949,1.037794199107834,0.48614696831370957,0.060841327986397,7.990406922452499,0.6052631578947368,0.9600374892153358,-0.09187238218707683,0.2171778678894043
GOOGL,1h,10,0.1,0.5,10,30,0.4293765121399939,0.06191772678546825,0.46838614362806147,0.07755421377191975,6.039467371889614,0.3815789473684211,0.5876909170520297,-0.03274193892640731,0.20314550399780273
GOOGL,1h,10,0.1,0.5,12,26,0.46571987354219885,0.8176413033191725,0.46353981682757156,0.07062304809021169,6.563577038411882,0.5263157894736842,0.7611194848511991,-0.03274193892640731,0.21721458435058594
GOOGL,1h,10,0.1,0.5,20,50,0.40027888321258565,0.7091828952878743,0.4035391943586538,0.07446870610441302,5.418909706754527,0.11842105263157894,0.11230412886106386,-0.009489671745050998,0.19988346099853516
GOOGL,1h,10,0.1,0.75,8,21,0.6449918298587602,0.6681353436613127,0.6482195555794616,0.06330272925673869,10.239993807383234,0.6710526315789473,1.1346417749482733,-0.12074444871638335,0.21899056434631348
GOOGL,1h,10,0.1,0.75,9,21,0.6246464970869792,1.114600198778164,0.6292228807338486,0.06453974580110082,9.749385792020213,0.6052631578947368,0.9805718348733592,-0.11581704263271209,0.199967622756958
GOOGL,1h,10,0.1,0.75,10,30,0.5682599411494491,-0.09310552711545783,0.6004372554959239,0.0702146488593118,8.551452798674708,0.3815789473684211,0.5921116232064838,-0.03274193892640731,0.19737958908081055
GOOGL,1h,10,0.1,0.75,12,26,0.6042718146459678,0.8405608994456819,0.5977397590335667,0.0599134541384356,9.97672004776145,0.5263157894736842,0.7678272007503788,-0.03383322068819039,0.2018265724182129
GOOGL,1h,10,0.1,0.75,20,50,0.5148470299509751,0.7146511576693391,0.5026963579031357,0.0644716337744237,7.797171073126402,0.11842105263157894,0.11237990135121165,-0.009489671745050998,0.18653392791748047
GOOGL,1h,10,0.1,1.0,8,21,0.7673715771089834,0.6291374333675261,0.7661723981540647,0.07368565887381326,10.397849593312797,0.6710526315789473,1.1505570611519726,-0.14539282315510715,0.20841097831726074
GOOGL,1h,10,0.1,1.0,9,21,0.739921695055109,1.1405295413855443,0.7453252686789574,0.07257824750321819,10.26926516303537,0.6052631578947368,0.9964642523868236,-0.13976170307834745,0.1947634220123291
GOOGL,1h,10,0.1,1.0,10,30,0.6805802550777071,-0.22842456437907155,0.7081822174632622,0.07138786862726433,9.920203965758889,0.3815789473684211,0.5955829496882583,-0.03274193892640731,0.18766164779663086
GOOGL,1h,10,0.1,1.0,12,26,0.7164208550171637,0.8159698610051396,0.7070211132130908,0.05897395113265124,11.9887017850097,0.5263157894736842,0.773346079240484,-0.04494429425092017,0.19280219078063965
GOOGL,1h,10,0.1,1.0,20,50,0.6082117549893759,0.6780659062080177,0.5855072334147453,0.0661698660286249,8.848547965345078,0.11842105263157894,0.11243675276705678,-0.009489671745050998,0.17125821113586426
GOOGL,1h,10,0.25,0.0,8,21,0.24149877528027835,0.4314950690035144,0.27088674532803175,0.43126657301432403,0.6281190388456899,0.2631578947368421,0.235539008063424,-0.046799325400212144,0.19149470329284668
GOOGL,1h,10,0.25,0.0,9,21,0.3790184447794018,0.8647523639573658,0.29099526401741954,0.4923629061973131,0.5910178454848992,0.25,0.2164684531869241,-0.04398306129580598,0.19352436065673828
GOOGL,1h,10,0.25,0.0,10,30,0.27763977974121695,0.5263340299443775,0.34845588953423634,0.5359630134959401,0.6501491348467386,0.18421052631578946,0.18179670209485632,-0.03274193892640731,0.17718052864074707
GOOGL,1h,10,0.25,0.0,12,26,0.29709509202765366,0.5860810433393207,0.3197096608010223,0.5109959578153708,0.625659862688263,0.23684210526315788,0.2048389066492872,-0.03274193892640731,0.18067264556884766
GOOGL,1h,10,0.25,0.0,20,50,0.2821310177070657,0.5583559718169533,0.3910293338940212,0.4466595264323532,0.8754528018630379,0.039473684210526314,-0.04505950281578228,-0.009489671745050998,0.1825709342956543
GOOGL,1h,10,0.25,0.25,8,21,0.31697941502738053,0.5217413994292854,0.3323297877891337,0.07952899907908292,4.178724636766369,0.6578947368421053,1.0848405826376044,-0.07144769983893595,0.20766949653625488
GOOGL,1h,10,0.25,0.25,9,21,0.33060196127811714,1.1404525792792422,0.3263145814015407,0.09192445720227972,3.5498124365693626,0.5921052631578947,0.9314574436788537,-0.06792772174144168,0.18957161903381348
GOOGL,1h,10,0.25,0.25,10,30,0.2785628944277175,0.3321381861434278,0.32519539181977897,0.1143193343021439,2.844622861083966,0.3815789473684211,0.5820643427433938,-0.03274193892640731,0.19159412384033203
GOOGL,1h,10,0.25,0.25,12,26,0.3088985080140846,0.7421603901393843,0.3171647600512384,0.11232195742046332,2.823711118779487,0.5263157894736842,0.7535486389745213,-0.03274193892640731,0.1892547607421875
GOOGL,1h,10,0.25,0.25,20,50,0.2747898854969081,0.6981342431776962,0.30380883054996305,0.11699500043447451,2.5967676347000617,0.11842105263157894,0.11219810418185798,-0.009489671745050998,0.1849515438079834
GOOGL,1h,10,0.25,0.5,8,21,0.5157770040898267,0.5469183590938829,0.5226473463554708,0.060211380547659586,8.680208651614883,0.6710526315789473,1.113987427401199,-0.09609607427765976,0.20020675659179688
GOOGL,1h,10,0.25,0.5,9,21,0.500658470016773,1.3484588378427023,0.5090062375885904,0.06469580462910138,7.867685401034953,0.6052631578947368,0.9600374892153358,-0.09187238218707683,0.19788765907287598
GOOGL,1h,10,0.25,0.5,10,30,0.4509833275280004,0.1581082120651831,0.4815272174608055,0.07329184451954711,6.569997257094288,0.3815789473684211,0.5876909170520297,-0.03274193892640731,0.19225549697875977
GOOGL,1h,10,0.25,0.5,12,26,0.48191890073188076,0.8284664504133596,0.47942871303907914,0.06751335010863084,7.10124312106665,0.5263157894736842,0.7611194848511991,-0.03274193892640731,0.19324278831481934
GOOGL,1h,10,0.25,0.5,20,50,0.4118647979129611,0.7698652912602792,0.407897943731117,0.06942391852366199,5.8754670206651,0.11842105263157894,0.11230412886106386,-0.009489671745050998,0.19336652755737305
GOOGL,1h,10,0.25,0.75,8,21,0.6784108129705001,0.5224381355539482,0.6808029623310522,0.06534855901197972,10.418025624807536,0.6710526315789473,1.1346417749482733,-0.12074444871638335,0.19955229759216309
GOOGL,1h,10,0.25,0.75,9,21,0.6461311341891571,1.4943981010414515,0.6622048529625773,0.06681001982686038,9.911759563590843,0.6052631578947368,0.9805718348733592,-0.11581704263271209,0.1872105598449707
GOOGL,1h,10,0.25,0.75,10,30,0.5954062604090611,0.0028523538895111056,0.6172997511014073,0.07086255224215969,8.71122661503779,0.3815789473684211,0.5921116232064838,-0.03274193892640731,0.20603585243225098
GOOGL,1h,10,0.25,0.75,12,26,0.626761701818937,0.8570758662760616,0.6187554287457007,0.06062108820312155,10.206933710468087,0.5263157894736842,0.7678272007503788,-0.03383322068819039,0.19753623008728027
GOOGL,1h,10,0.25,0.75,20,50,0.5299205284729349,0.7863430501714095,0.5076958084290031,0.06179318868004702,8.216048067332343,0.11842105263157894,0.11237990135121165,-0.009489671745050998,0.1908550262451172
GOOGL,1h,10,0.25,1.0,8,21,0.8091012610972441,0.461366080303526,0.8084152695858086,0.072868544229042,11.094159738456968,0.6710526315789473,1.1505570611519726,-0.14539282315510715,0.19600343704223633
GOOGL,1h,10,0.25,1.0,9,21,0.7643032653647616,1.5843551051159923,0.786118903778782,0.07318118962816186,10.74208970601736,0.6052631578947368,0.9964642523868236,-0.13976170307834745,0.19165658950805664
GOOGL,1h,10,0.25,1.0,10,30,0.7122526306148597,-0.1350353163692949,0.7281110416515817,0.07642601020969338,9.527005788393659,0.3815789473684211,0.5955829496882583,-0.03274193892640731,0.20325708389282227
GOOGL,1h,10,0.25,1.0,12,26,0.7438411431175259,0.8391426887380844,0.7321669003592903,0.06338714346753108,11.550716128016237,0.5263157894736842,0.773346079240484,-0.04494429425092017,0.19886064529418945
GOOGL,1h,10,0.25,1.0,20,50,0.6260767363097756,0.7590123994747302,0.5911437409324943,0.06488304775988586,9.110912038536679,0.11842105263157894,0.11243675276705678,-0.009489671745050998,0.18387651443481445
GOOGL,1h,10,0.4,0.0,8,21,0.2685864906331511,0.5008009015437114,0.28737529130317735,0.42091294688524006,0.6827428175582559,0.2631578947368421,0.235539008063424,-0.046799325400212144,0.20036721229553223
GOOGL,1h,10,0.4,0.0,9,21,0.32774085163480454,0.6722080377296777,0.3167443903430361,0.4592703191549072,0.6896687574452236,0.25,0.2164684531869241,-0.04398306129580598,0.18352174758911133
GOOGL,1h,10,0.4,0.0,10,30,0.25355877227348794,0.4571677512831369,0.33651132069682477,0.5336098631965962,0.6306317478484181,0.18421052631578946,0.18179670209485632,-0.03274193892640731,0.19156980514526367
GOOGL,1h,10,0.4,0.0,12,26,0.33110869708165236,0.6921939731448117,0.3160492420865476,0.5119120287491437,0.6173897551476052,0.23684210526315788,0.2048389066492872,-0.03274193892640731,0.19104933738708496
GOOGL,1h,10,0.4,0.0,20,50,0.2827762402165815,0.5578972229860855,0.3878796975943481,0.42441021443185944,0.913926395748007,0.039473684210526314,-0.04505950281578228,-0.009489671745050998,0.18151116371154785
GOOGL,1h,10,0.4,0.25,8,21,0.33353400256122934,0.6143497699729252,0.34012061476658595,0.07801142873339355,4.359881882550294,0.6578947368421053,1.0848405826376044,-0.07144769983893595,0.19226670265197754
GOOGL,1h,10,0.4,0.25,9,21,0.327618896857287,0.8655574841930869,0.33691320564410876,0.08059081217175511,4.1805411381892945,0.5921052631578947,0.9314574436788537,-0.06792772174144168,0.18567156791687012
GOOGL,1h,10,0.4,0.25,10,30,0.30484496246933707,0.5708372584085533,0.33610007721614593,0.10141890464050655,3.3139785763561487,0.3815789473684211,0.5820643427433938,-0.03274193892640731,0.177947998046875
GOOGL,1h,10,0.4,0.25,12,26,0.32004424475772575,0.8936463423721894,0.3192465325363368,0.10929799690244622,2.9208818238570267,0.5263157894736842,0.7535486389745213,-0.03274193892640731,0.20116758346557617
GOOGL,1h,10,0.4,0.25,20,50,0.27660704477108344,0.6981677161795465,0.30106416592329804,0.10823000186496606,2.781707112034636,0.11842105263157894,0.11219810418185798,-0.009489671745050998,0.18737268447875977
GOOGL,1h,10,0.4,0.5,8,21,0.5430920370173622,0.6605077383422975,0.5379790688482007,0.06368000038770355,8.448163718166105,0.6710526315789473,1.113987427401199,-0.09609607427765976,0.22405052185058594
GOOGL,1h,10,0.4,0.5,9,21,0.5144789434656907,0.9883701012263493,0.5253415063932257,0.05940830522110953,8.842896703381404,0.6052631578947368,0.9600374892153358,-0.09187238218707683,0.19455862045288086
GOOGL,1h,10,0.4,0.5,10,30,0.4897445132492038,0.6191961071446201,0.49769111987824444,0.06764528649902811,7.357365836352766,0.3815789473684211,0.5876909170520297,-0.03274193892640731,0.19912314414978027
GOOGL,1h,10,0.4,0.5,12,26,0.494554652948359,1.0253226676061087,0.4853879007963979,0.0628864393964972,7.718482799384476,0.5263157894736842,0.7611194848511991,-0.03274193892640731,0.1962130069732666
GOOGL,1h,10,0.4,0.5,20,50,0.4162260316538921,0.7707753927287266,0.40785344654115513,0.06742632312168405,6.048875686207944,0.11842105263157894,0.11230412886106386,-0.009489671745050998,0.18001866340637207
GOOGL,1h,10,0.4,0.75,8,21,0.714674638288741,0.6535665711051961,0.7019587238304129,0.07123928797676271,9.853533685785607,0.6710526315789473,1.1346417749482733,-0.12074444871638335,0.20013880729675293
GOOGL,1h,10,0.4,0.75,9,21,0.6707657593625992,1.050437028817829,0.6834067659380945,0.0655369809468515,10.42780360133337,0.6052631578947368,0.9805718348733592,-0.11581704263271209,0.20373034477233887
GOOGL,1h,10,0.4,0.75,10,30,0.6423245613632481,0.616116750323582,0.6368368829030523,0.06920606743400289,9.202038296864076,0.3815789473684211,0.5921116232064838,-0.03274193892640731,0.18499469757080078
GOOGL,1h,10,0.4,0.75,12,26,0.6415991545323863,1.0967695390604884,0.6274224583875461,0.05322427171700378,11.78827700496465,0.5263157894736842,0.7678272007503788,-0.03383322068819039,0.19282054901123047
GOOGL,1h,10,0.4,0.75,20,50,0.5361792636608734,0.7884927098070873,0.5092575132768226,0.06275623853020491,8.114850813305425,0.11842105263157894,0.11237990135121165,-0.009489671745050998,0.1765611171722412
GOOGL,1h,10,0.4,1.0,8,21,0.8525632430504126,0.6059804265750299,0.8341659495137342,0.08036083892267742,10.380254371365663,0.6710526315789473,1.1505570611519726,-0.14539282315510715,0.1933274269104004
GOOGL,1h,10,0.4,1.0,9,21,0.7970174979355674,1.0612747463001155,0.811248548299444,0.0743175484576255,10.915975636117802,0.6052631578947368,0.9964642523868236,-0.13976170307834745,0.22015976905822754
GOOGL,1h,10,0.4,1.0,10,30,0.7651950237762061,0.5736350786383266,0.7500954403878394,0.07621146217470313,9.84229168400365,0.3815789473684211,0.5955829496882583,-0.03274193892640731,0.2095649242401123
GOOGL,1h,10,0.4,1.0,12,26,0.7606129836805575,1.1172610000515442,0.7428939986727571,0.05411248163410963,13.728699483715348,0.5263157894736842,0.773346079240484,-0.04494429425092017,0.21250486373901367
GOOGL,1h,10,0.4,1.0,20,50,0.6338148521295313,0.7627107011049681,0.5938466680311446,0.06685211909978889,8.882989440390379,0.11842105263157894,0.11243675276705678,-0.009489671745050998,0.1892240047454834
GOOGL,1h,10,0.55,0.0,8,21,0.3621335101283984,0.7980947364316857,0.30694930582845714,0.4342392064233347,0.7068668634430395,0.2631578947368421,0.2032666921611005,-0.03927044121581447,0.1972804069519043
GOOGL,1h,10,0.55,0.0,9,21,0.383095248502619,0.8465079644015381,0.3423651315668865,0.4707880365107614,0.7272171444803922,0.2631578947368421,0.2180839932463901,-0.03643193276471446,0.2056889533996582
GOOGL,1h,10,0.55,0.0,10,30,0.18324743820033718,0.28157520685029924,0.33460547153981707,0.49568878437080166,0.675031354531343,0.17105263157894737,0.1803307591328517,-0.022809917698075388,0.19825005531311035
GOOGL,1h,10,0.55,0.0,12,26,0.2619613635950638,0.47887015656541343,0.3063701957022872,0.48602898068593214,0.6303537605307142,0.2236842105263158,0.20579744120031265,-0.02550934718123321,0.20531773567199707
GOOGL,1h,10,0.55,0.0,20,50,0.23177275596782,0.4151480627967272,0.4020480239606748,0.4467627693759657,0.8999138950684094,0.039473684210526314,-0.04505950281578228,-0.009489671745050998,0.19280433654785156
GOOGL,1h,10,0.55,0.25,8,21,0.3555568797417008,1.0238769860425774,0.3516788176236389,0.07335580438266108,4.7941512002118305,0.7368421052631579,1.1957718307192797,-0.06203753571896187,0.18394017219543457
GOOGL,1h,10,0.55,0.25,9,21,0.34598146258681234,1.1143433306762538,0.35631338574736804,0.08113852505857684,4.391420542709305,0.6842105263157895,1.1035688403833999,-0.05848975496864306,0.18631672859191895
GOOGL,1h,10,0.55,0.25,10,30,0.3037631624114366,0.34374408746562835,0.3404019219051489,0.09322507457440833,3.651398762180173,0.5263157894736842,0.8992564420325939,-0.017464342865675553,0.19445466995239258
GOOGL,1h,10,0.55,0.25,12,26,0.3169184872594299,0.6029308796374988,0.3249327296006956,0.10088911559741796,3.2206916244294197,0.631578947368421,1.0367110244684246,-0.017464342865675553,0.19060540199279785
GOOGL,1h,10,0.55,0.25,20,50,0.2695946682943347,0.5047424776810701,0.31277965580738565,0.11391379763805726,2.7457574261652886,0.13157894736842105,0.13893680453011595,-0.009489671745050998,0.18850445747375488
GOOGL,1h,10,0.55,0.5,8,21,0.5618371238913175,1.1785690481439919,0.560799607721808,0.05482175984502869,10.229507577047658,0.75,1.2405944992948903,-0.08480463022210938,0.20663738250732422
GOOGL,1h,10,0.55,0.5,9,21,0.5383451916368951,1.3140759178922292,0.5505470827437579,0.06158201204979773,8.940063249290443,0.6973684210526315,1.144538956615686,-0.0805475771725721,0.20033597946166992
GOOGL,1h,10,0.55,0.5,10,30,0.5072523173026586,0.34723915356970925,0.5117492434707849,0.06387840068667863,8.011303319582114,0.5263157894736842,0.9148133963969682,-0.030790667879937783,0.18878769874572754
GOOGL,1h,10,0.55,0.5,12,26,0.5108647667103904,0.6614436359517148,0.5007784520554109,0.05857368536184053,8.549546591815735,0.631578947368421,1.0545775919768199,-0.030790667879937783,0.18531465530395508
GOOGL,1h,10,0.55,0.5,20,50,0.42127958685151806,0.5301364393282308,0.4207125535392377,0.07102329260232088,5.923585603034825,0.13157894736842105,0.1389726600807274,-0.009489671745050998,0.18093657493591309
GOOGL,1h,10,0.55,0.75,8,21,0.7336166913134522,1.2706468733444796,0.7337882395506429,0.0623027808650543,11.777776679663837,0.75,1.273372741639893,-0.10757172472525678,0.20676946640014648
GOOGL,1h,10,0.55,0.75,9,21,0.7004042414119155,1.451565963550638,0.7138275994060177,0.07127688423698735,10.014854143071462,0.6973684210526315,1.1746466018891202,-0.10260539937650082,0.1979668140411377
GOOGL,1h,10,0.55,0.75,10,30,0.6718285846485916,0.3079384303639743,0.657741006830445,0.06599344471954172,9.966762753872088,0.5263157894736842,0.9270875498913228,-0.04411699289419979,0.19025516510009766
GOOGL,1h,10,0.55,0.75,12,26,0.67038019107878,0.6677492512599355,0.6497228102602042,0.05209694356908303,12.471418969111705,0.631578947368421,1.0689928681588183,-0.04411699289419979,0.19243097305297852
GOOGL,1h,10,0.55,0.75,20,50,0.5484103173394256,0.5066348150298825,0.5232786128325475,0.06431868143144931,8.135717355932686,0.13157894736842105,0.138998232296265,-0.009489671745050998,0.18108606338500977
GOOGL,1h,10,0.55,1.0,8,21,0.872209737738452,1.3084781846465563,0.8731904560004683,0.07241447017887179,12.058231646846146,0.75,1.2988566865909015,-0.13033881922840418,0.2024521827697754
GOOGL,1h,10,0.55,1.0,9,21,0.8315167685907078,1.5330828805211407,0.8459044268820037,0.0829297828135106,10.20024891159117,0.6973684210526315,1.1980956643506306,-0.12466322158042986,0.19561004638671875
GOOGL,1h,10,0.55,1.0,10,30,0.8036859741213241,0.2387906013172454,0.7762426195199689,0.07268422797119814,10.67965693778247,0.5263157894736842,0.9368350408400528,-0.05744331790846202,0.18386435508728027
GOOGL,1h,10,0.55,1.0,12,26,0.7987107702566724,0.63355059281975,0.7705095130678494,0.0554191341474161,13.90331200444737,0.631578947368421,1.0805921594011716,-0.05744331790846202,0.19695258140563965
GOOGL,1h,10,0.55,1.0,20,50,0.6512643752271339,0.44719470469943445,0.6087977841003992,0.06695429337904474,9.09273705054051,0.13157894736842105,0.13901739064786742,-0.009489671745050998,0.18369364738464355
GOOGL,1h,10,0.7,0.0,8,21,0.34642859588538033,0.7539566668545556,0.33675145252610383,0.45690121489873814,0.737033392657398,0.2631578947368421,0.1433325946546912,-0.03927044121581447,0.21059608459472656
GOOGL,1h,10,0.7,0.0,9,21,0.35509923371977725,0.7464325883429803,0.32870407299801163,0.4635356793778952,0.7091235639922278,0.2631578947368421,0.15757577796488278,-0.03844310242679816,0.22558212280273438
GOOGL,1h,10,0.7,0.0,10,30,0.2677979000194303,0.49207775583055824,0.331298642262523,0.5108987472612563,0.6484624282962043,0.17105263157894737,0.15185914397369318,-0.022809917698075388,0.21661114692687988
GOOGL,1h,10,0.7,0.0,12,26,0.27056982525672857,0.5001506153365065,0.3162344113489102,0.48597811807146896,0.6507173874491282,0.2236842105263158,0.20520492038267896,-0.02550934718123321,0.20037579536437988
GOOGL,1h,10,0.7,0.0,20,50,0.32478288977353914,0.6751271184064116,0.4298933820460452,0.4300304542919766,0.9996812499101788,0.039473684210526314,-0.04505950281578228,-0.009489671745050998,0.17603349685668945
GOOGL,1h,10,0.7,0.25,8,21,0.36816381943856996,0.9626615317894425,0.36635218192860436,0.06912988418551039,5.299476286485545,0.7368421052631579,1.1762076779614956,-0.06203753571896187,0.1998729705810547
GOOGL,1h,10,0.7,0.25,9,21,0.35776967450045694,0.9742119900887998,0.35443897900925525,0.07975741723428509,4.443962596834111,0.6842105263157895,1.0924211912586996,-0.05848975496864306,0.19342517852783203
GOOGL,1h,10,0.7,0.25,10,30,0.3294791783859927,0.6226654491958965,0.33807921531891333,0.09227234346046785,3.6639279185941156,0.5394736842105263,0.9234532404176541,-0.017464342865675553,0.19206738471984863
GOOGL,1h,10,0.7,0.25,12,26,0.33289391778607863,0.6339283614299822,0.33020174961097737,0.09078676390284332,3.6371133347626228,0.6447368421052632,1.0684442302163686,-0.017464342865675553,0.1943216323852539
GOOGL,1h,10,0.7,0.25,20,50,0.2917303427651526,0.858050293208634,0.3273262945167938,0.0973577834292379,3.3620968245923843,0.13157894736842105,0.13893680453011595,-0.009489671745050998,0.18292784690856934
GOOGL,1h,10,0.7,0.5,8,21,0.5922971078193312,1.0999599708280203,0.5824478446664367,0.044099744071776525,13.20751076737424,0.75,1.2286668579115334,-0.08480463022210938,0.21668219566345215
GOOGL,1h,10,0.7,0.5,9,21,0.5720695447367863,1.1338946749012386,0.5613848356079205,0.05519600904406747,10.170750482335077,0.6973684210526315,1.1405322357786865,-0.0805475771725721,0.2067105770111084
GOOGL,1h,10,0.7,0.5,10,30,0.5360650072331705,0.6875060889063271,0.5187483671657607,0.05720546744033233,9.06816062130489,0.5394736842105263,0.9424389302049787,-0.030790667879937783,0.20001959800720215
GOOGL,1h,10,0.7,0.5,12,26,0.5409123501715287,0.7025917037276121,0.5143484806310654,0.049452776284765285,10.400800910939324,0.6447368421052632,1.0865317937583838,-0.030790667879937783,0.21638154983520508
GOOGL,1h,10,0.7,0.5,20,50,0.43516377489911595,0.9711590628344722,0.4383652817091702,0.06323927009751412,6.931852328991412,0.13157894736842105,0.1389726600807274,-0.009489671745050998,0.17356610298156738
GOOGL,1h,10,0.7,0.75,8,21,0.7772345461146426,1.1755674137636727,0.7616854066484259,0.049961954211488684,15.245308528649932,0.75,1.267832188788969,-0.10757172472525678,0.18511152267456055
GOOGL,1h,10,0.7,0.75,9,21,0.7496542690316812,1.2333919483147717,0.7339001265524134,0.06089146642494736,12.052594060236544,0.6973684210526315,1.1762631200789422,-0.10260539937650082,0.19497966766357422
GOOGL,1h,10,0.7,0.75,10,30,0.7053576962399554,0.6994251017977695,0.6718076516706074,0.05592049191406603,12.013621995725389,0.5394736842105263,0.9570880112001503,-0.04411699289419979,0.19358491897583008
GOOGL,1h,10,0.7,0.75,12,26,0.7112640475782468,0.718867988954697,0.6698939632996508,0.04334151843721051,15.456171990608402,0.6447368421052632,1.1010128363453997,-0.04411699289419979,0.19199419021606445
GOOGL,1h,10,0.7,0.75,20,50,0.5593485265266607,1.0251412389238568,0.5437370455702429,0.06379211250025354,8.523577982592782,0.13157894736842105,0.138998232296265,-0.009489671745050998,0.1692674160003662
GOOGL,1h,10,0.7,1.0,8,21,0.9260994517089093,1.1987585436639248,0.9061915349610541,0.05970876113192069,15.176860443627564,0.75,1.2984095704942926,-0.13033881922840418,0.18341374397277832
GOOGL,1h,10,0.7,1.0,9,21,0.8927430359313606,1.2805321690731546,0.8731841842506812,0.07055422555000355,12.376072126705347,0.6973684210526315,1.2041547113093434,-0.12466322158042986,0.19657516479492188
GOOGL,1h,10,0.7,1.0,10,30,0.8413986723468576,0.6697628911142695,0.7958908319459568,0.061525749224094796,12.93589825370658,0.5394736842105263,0.9686096092048959,-0.05744331790846202,0.1934642791748047
GOOGL,1h,10,0.7,1.0,12,26,0.848140756343095,0.6939461651268348,0.7959466684006443,0.04711391565169285,16.894088665543663,0.6447368421052632,1.1126434825039837,-0.05744331790846202,0.19431495666503906
GOOGL,1h,10,0.7,1.0,20,50,0.6605765470098888,1.0300273914991944,0.6315123453394957,0.07075474236025231,8.925371279342805,0.13157894736842105,0.13901739064786742,-0.009489671745050998,0.1725912094116211
GOOGL,1h,10,0.85,0.0,8,21,0.41909127563265064,0.9744356270098946,0.3565377192395267,0.4504216178758532,0.7915644034159055,0.3684210526315789,0.20699054442678144,-0.04118436978557516,0.19967937469482422
GOOGL,1h,10,0.85,0.0,9,21,0.41949551919129796,0.9696255864856904,0.3938454849121681,0.45419455426236727,0.8671294739581172,0.32894736842105265,0.23692541767169503,-0.04083329514719003,0.18192577362060547
GOOGL,1h,10,0.85,0.0,10,30,0.32629911755460544,0.6638456248409268,0.2792387798409298,0.4822516371784551,0.5790312739521063,0.3026315789473684,0.3027811222093561,-0.02536738199299482,0.17762160301208496
GOOGL,1h,10,0.85,0.0,12,26,0.2755698980148071,0.5185903518197832,0.3098573259271721,0.4891238523345132,0.6334946137839538,0.35526315789473684,0.3874438471215271,-0.02536738199299482,0.18625998497009277
GOOGL,1h,10,0.85,0.0,20,50,0.3621039999859921,0.7963437612582502,0.4907472028580428,0.35776491800917654,1.3717029763255193,0.11842105263157894,0.08628015842749735,-0.01866074765358472,0.1822199821472168
GOOGL,1h,10,0.85,0.25,8,21,0.39136127778406304,1.2773238369022653,0.38309091834445685,0.06454685884416082,5.935082282925265,0.7894736842105263,1.088320104513948,-0.05175455662651918,0.19869709014892578
GOOGL,1h,10,0.85,0.25,9,21,0.37927580110699466,1.2984118097976443,0.37329272334963143,0.0788359795829314,4.7350553050076165,0.7368421052631579,1.0179706264359782,-0.04816788119046478,0.2120974063873291
GOOGL,1h,10,0.85,0.25,10,30,0.3493456062683988,0.8612810408310441,0.3431090024248416,0.0808281811652896,4.244918015947937,0.5921052631578947,0.8087333859098721,-0.043748080607899587,0.19452905654907227
GOOGL,1h,10,0.85,0.25,12,26,0.34379165724799715,0.6605898815692361,0.3395919351419711,0.08601419915490416,3.9480915764895435,0.6578947368421053,0.9064409900707503,-0.011569414766344321,0.19285154342651367
GOOGL,1h,10,0.85,0.25,20,50,0.3046932451297936,1.0335930095538695,0.33358124081038176,0.08247577854203676,4.044596446462885,0.2236842105263158,0.3313888273183987,-0.0006119750817544789,0.18019342422485352
GOOGL,1h,10,0.85,0.5,8,21,0.6244890299944023,1.5124912534937103,0.6151282236881656,0.04225434115814448,14.557752099031374,0.7894736842105263,1.179195664394654,-0.07477124913138511,0.1875755786895752
GOOGL,1h,10,0.85,0.5,9,21,0.599480002813467,1.5655514231904895,0.586739913088495,0.05724567126486461,10.249507082793446,0.7368421052631579,1.0996462164317018,-0.07046752557085123,0.18854212760925293
GOOGL,1h,10,0.85,0.5,10,30,0.5605347996029065,0.9919444319798489,0.5429179244090808,0.04557645204101796,11.912246348628997,0.5921052631578947,0.8548344702290755,-0.06722388419967451,0.20442652702331543
GOOGL,1h,10,0.85,0.5,12,26,0.5617662570950003,0.7378877107562614,0.5370046403586114,0.04472212790389294,12.007582499487164,0.6578947368421053,0.9524415188167648,-0.011084899967391815,0.1919536590576172
GOOGL,1h,10,0.85,0.5,20,50,0.44954368750473017,1.2028425655498545,0.44730992266061875,0.05895221380536227,7.587669635909951,0.2236842105263158,0.33209788515184924,-0.0006119750817544789,0.1783604621887207
GOOGL,1h,10,0.85,0.75,8,21,0.8177622379488169,1.685088446613336,0.807116715244488,0.05055388881020915,15.965472374926263,0.7894736842105263,1.2475087596115504,-0.09778794163625104,0.1952812671661377
GOOGL,1h,10,0.85,0.75,9,21,0.7831563342102177,1.7740986350814567,0.7656923017971198,0.06207823311055861,12.334312099918428,0.7368421052631579,1.161580385378261,-0.09276716995123746,0.18423938751220703
GOOGL,1h,10,0.85,0.75,10,30,0.7349412830257538,1.0652735737744004,0.7089828048691318,0.04307821789287924,16.458034699395622,0.5921052631578947,0.8916023941705795,-0.09069968779144899,0.1846005916595459
GOOGL,1h,10,0.85,0.75,12,26,0.7399129333503139,0.7627634095593516,0.7022487225273147,0.03743048559179143,18.76141095752493,0.6578947368421053,0.9896853714855584,-0.014311885701574822,0.18799448013305664
GOOGL,1h,10,0.85,0.75,20,50,0.5760580350163731,1.3118992956923852,0.5562451237858814,0.0607218217347915,9.160547359981004,0.2236842105263158,0.3323055176577416,-0.0006119750817544789,0.18581056594848633
GOOGL,1h,10,0.85,1.0,8,21,0.973477296036202,1.800623224455364,0.9618004798858667,0.06243531297588626,15.404751478659726,0.7894736842105263,1.3008710185603387,-0.12080463414111697,0.19142961502075195
GOOGL,1h,10,0.85,1.0,9,21,0.9313492496260344,1.9276718598639797,0.9103305716483128,0.07043977788964718,12.923529842391904,0.7368421052631579,1.2101665972779232,-0.11506681433162358,0.19856476783752441
GOOGL,1h,10,0.85,1.0,10,30,0.875337259967103,1.0901459974017933,0.842941364744827,0.04814288435381059,17.509157917292647,0.5921052631578947,0.920934532985793,-0.1141754913832238,0.19407963752746582
GOOGL,1h,10,0.85,1.0,12,26,0.8829652357031473,0.7460252162192353,0.8358269907875723,0.04065693016740734,20.558044774802344,0.6578947368421053,1.0195056216957874,-0.018938595976699113,0.19075298309326172
GOOGL,1h,10,0.85,1.0,20,50,0.679369089926134,1.3684840777600313,0.6471483329164298,0.06654868548657494,9.724434497612743,0.2236842105263158,0.3323970273538616,-0.0006119750817544789,0.18910717964172363
GOOGL,1h,10,1.0,0.0,8,21,0.4040345663354865,0.9155529454898477,0.38150972954917617,0.4732526822923154,0.8061438293413157,0.35526315789473684,0.18701557867918903,-0.04963010305785076,0.2034773826599121
GOOGL,1h,10,1.0,0.0,9,21,0.412952473554037,0.9448590997843112,0.42037942459050076,0.45555653447674865,0.9227821198379862,0.32894736842105265,0.26183762639543245,-0.04083329514719003,0.20249247550964355
GOOGL,1h,10,1.0,0.0,10,30,0.28325898517231374,0.539023855839009,0.3217285904195861,0.5045398354798498,0.6376673709293966,0.3026315789473684,0.28451364872395035,-0.02536738199299482,0.1864778995513916
GOOGL,1h,10,1.0,0.0,12,26,0.3032094553139221,0.5959751143000998,0.342186203378954,0.4959670223352918,0.6899374110959008,0.35526315789473684,0.3401133176396408,-0.028737864121652912,0.18961644172668457
GOOGL,1h,10,1.0,0.0,20,50,0.40536958158476855,0.9491370152512608,0.5190995786161477,0.3548424543004775,1.462901556239882,0.11842105263157894,0.08628015842749735,-0.01866074765358472,0.1731421947479248
GOOGL,1h,10,1.0,0.25,8,21,0.39969559378950087,1.192317876605176,0.40507173219565756,0.06186627369440871,6.547537260713776,0.7894736842105263,1.0885009215137924,-0.052768239195191136,0.19928812980651855
GOOGL,1h,10,1.0,0.25,9,21,0.3840871624536414,1.2626431746706657,0.39047554673369067,0.07477111254934819,5.222278142190016,0.7368421052631579,1.0271005466043857,-0.048830582118575716,0.18538331985473633
GOOGL,1h,10,1.0,0.25,10,30,0.3496355683081614,0.688239519195389,0.36211931936535807,0.08141654256474505,4.44773639309713,0.5921052631578947,0.7992960221118393,-0.043748080607899587,0.18763232231140137
GOOGL,1h,10,1.0,0.25,12,26,0.3500631460277805,0.7654818589068364,0.3638720387412284,0.08247798230637259,4.411747578760958,0.6578947368421053,0.8979460368246233,-0.05175455662651918,0.1819777488708496
GOOGL,1h,10,1.0,0.25,20,50,0.3156025099977591,1.2542014800260515,0.3429540890358922,0.0812606988365567,4.220417667410062,0.2236842105263158,0.3313888273183987,-0.0006119750817544789,0.17010927200317383
GOOGL,1h,10,1.0,0.5,8,21,0.6460878145921751,1.399846916184321,0.6505531580952859,0.041436908485796474,15.699847837786429,0.7894736842105263,1.189639745922015,-0.07598758711107556,0.20564866065979004
GOOGL,1h,10,1.0,0.5,9,21,0.6113653606632827,1.5181101976492428,0.6145164630673003,0.05813132472763418,10.571175970039,0.7368421052631579,1.114602387559495,-0.0712627136632078,0.20164155960083008
GOOGL,1h,10,1.0,0.5,10,30,0.5723585928624518,0.7716040656770269,0.5707282480237155,0.04894375867621906,11.660899437644185,0.5921052631578947,0.8499855188733999,-0.06722388419967451,0.1982741355895996
GOOGL,1h,10,1.0,0.5,12,26,0.5680231757226846,0.8684166759745011,0.5688940319188804,0.04985050680297497,11.412000968562472,0.6578947368421053,0.9509461998366704,-0.07477124913138511,0.1896374225616455
GOOGL,1h,10,1.0,0.5,20,50,0.4564947858549153,1.4955737046294852,0.459326741637384,0.05544919912761549,8.283739871161178,0.2236842105263158,0.33209788515184924,-0.0006119750817544789,0.17780470848083496
GOOGL,1h,10,1.0,0.75,8,21,0.8489901237199419,1.5445682672538368,0.8535674181714524,0.05264417885013732,16.21389936770238,0.7894736842105263,1.2663105090504232,-0.09920693502696032,0.19888019561767578
GOOGL,1h,10,1.0,0.75,9,21,0.8001413436762568,1.714834869794574,0.8022048258317863,0.06388255437507283,12.557494509718746,0.7368421052631579,1.1814620210779745,-0.09369484520783955,0.20064473152160645
GOOGL,1h,10,1.0,0.75,10,30,0.7543391241894174,0.8009859769759229,0.7446418081961997,0.04708300597697424,15.815511196552826,0.5921052631578947,0.890202965968707,-0.09069968779144899,0.18628478050231934
GOOGL,1h,10,1.0,0.75,12,26,0.7469181575796578,0.9156895175584094,0.7406067505711775,0.04682801882447154,15.81546196406987,0.6578947368421053,0.9930856592270164,-0.09778794163625104,0.1895768642425537
GOOGL,1h,10,1.0,0.75,20,50,0.5815447397479756,1.6779684258208696,0.571007695200825,0.055151515954576354,10.35343608090693,0.2236842105263158,0.3323055176577416,-0.0006119750817544789,0.18842768669128418
GOOGL,1h,10,1.0,1.0,8,21,1.0122018335903225,1.6330949268435893,1.0170936912104822,0.06661316247277668,15.26865942787427,0.7894736842105263,1.3262387941935816,-0.12242628294284452,0.20392227172851562
GOOGL,1h,10,1.0,1.0,9,21,0.9522873286598081,1.8568859304860008,0.953846362201805,0.07233163506624349,13.187125679216898,0.7368421052631579,1.233953062901478,-0.11612697675247163,0.21888089179992676
GOOGL,1h,10,1.0,1.0,10,30,0.9004371276529589,0.7870103117286973,0.8850022823184147,0.05142248130645795,17.21041575267724,0.5921052631578947,0.9222037102163304,-0.1141754913832238,0.20717692375183105
GOOGL,1h,10,1.0,1.0,12,26,0.8907047050595327,0.917254971904625,0.8793474247441877,0.05020076258791275,17.516614876203402,0.6578947368421053,1.026585349898522,-0.12080463414111697,0.20326733589172363
GOOGL,1h,10,1.0,1.0,20,50,0.6840276403993513,1.806451092899771,0.6642106613060693,0.059500758061286844,11.163062168416753,0.2236842105263158,0.3323970273538616,-0.0006119750817544789,0.19314980506896973
GOOGL,1h,14,0.0,0.0,8,21,0.3319634774675775,0.6869721990430513,0.32643882967312327,0.4584893653204221,0.7119877893895895,0.23684210526315788,0.10556835898253458,-0.04247757710288924,0.191605806350708
GOOGL,1h,14,0.0,0.0,9,21,0.39918929482091314,0.9242134466090879,0.24352025760931256,0.4612299794393223,0.5279801150509323,0.23684210526315788,0.1138191210078769,-0.0336853355989134,0.20441651344299316
GOOGL,1h,14,0.0,0.0,10,30,0.2850825302832117,0.5538565262638493,0.3926022727816594,0.5157159720336809,0.7612761560078634,0.11842105263157894,0.04560359580627766,-0.0381783368908577,0.18153643608093262
GOOGL,1h,14,0.0,0.0,12,26,0.3581039664390534,0.794047581648895,0.35646265679038597,0.508746017128531,0.7006691842077425,0.19736842105263158,0.18843816496267407,-0.018243172057911705,0.19135451316833496
GOOGL,1h,14,0.0,0.0,20,50,0.3139090887461363,0.6576290712681907,0.4166435726450489,0.4222079828354741,0.9868206892890665,0.039473684210526314,-0.006074057581875964,-0.0023412423329393084,0.19199299812316895
GOOGL,1h,14,0.0,0.25,8,21,0.30117796384914136,0.8783853013076246,0.3087156098424949,0.09139744149340666,3.3777270435383624,0.5526315789473685,0.748717105969758,-0.05251892196544228,0.20041632652282715
GOOGL,1h,14,0.0,0.25,9,21,0.28669363726097435,0.7783120611801264,0.2837371191371114,0.09650600842235955,2.940097966702062,0.5131578947368421,0.6382116907987907,-0.0336853355989134,0.19248509407043457
GOOGL,1h,14,0.0,0.25,10,30,0.2581183701530076,0.35457230763235326,0.30496828859217545,0.12782331656122992,2.3858580484108276,0.27631578947368424,0.38340340208275714,-0.009828379576325097,0.18770456314086914
GOOGL,1h,14,0.0,0.25,12,26,0.2767568955739272,0.6163889744228794,0.29718707186041793,0.1279609509198538,2.3224825208321254,0.4473684210526316,0.6512953515949698,-0.018243172057911705,0.19325661659240723
GOOGL,1h,14,0.0,0.25,20,50,0.24564193489799852,0.45623288136125706,0.3119932968560817,0.13329119043031304,2.340689552316642,0.09210526315789473,0.09837981461604275,-0.0023412423329393084,0.18001294136047363
GOOGL,1h,14,0.0,0.5,8,21,0.45389482286392024,1.0014258675020877,0.4549525119735184,0.06729645876842379,6.760422766658071,0.5657894736842105,0.7732544909003729,-0.07708780110528024,0.20452070236206055
GOOGL,1h,14,0.0,0.5,9,21,0.4226965121219486,0.6368354933388685,0.43867396926868246,0.06362590307532735,6.894581421490111,0.5131578947368421,0.6565996490133251,-0.0336853355989134,0.19174957275390625
GOOGL,1h,14,0.0,0.5,10,30,0.40481454216065466,0.17632963557449544,0.42425139642267995,0.07236711646499364,5.862488615639458,0.27631578947368424,0.39005766491626875,-0.009828379576325097,0.18434739112854004
GOOGL,1h,14,0.0,0.5,12,26,0.41613365827461074,0.4490040323797102,0.4228798651501,0.07165334950809736,5.9017459484195,0.4473684210526316,0.6558060659647181,-0.018243172057911705,0.17884135246276855
GOOGL,1h,14,0.0,0.5,20,50,0.3649752575603152,0.273167161349843,0.3927384152563972,0.07378607394461133,5.322663129511572,0.09210526315789473,0.09851430054091263,-0.0023412423329393084,0.17110943794250488
GOOGL,1h,14,0.0,0.75,8,21,0.5847437219598485,1.0661236652277055,0.5824709277322233,0.07433435004875945,7.835824586481927,0.5657894736842105,0.7911705517062254,-0.10165668024511776,0.18591809272766113
GOOGL,1h,14,0.0,0.75,9,21,0.5443042251526812,0.500572569216553,0.5698605727627772,0.06114157914877765,9.320344366247367,0.5131578947368421,0.670968724270558,-0.0336853355989134,0.18648242950439453
GOOGL,1h,14,0.0,0.75,10,30,0.5303470376369203,0.01758921865916907,0.5351396507454043,0.06056788392398093,8.835369771495746,0.27631578947368424,0.3949692569968944,-0.009828379576325097,0.21571564674377441
GOOGL,1h,14,0.0,0.75,12,26,0.5389373891413372,0.2924520115574156,0.5371069907351305,0.05925220155014548,9.064760071076408,0.4473684210526316,0.6601130779097765,-0.018243172057911705,0.19051146507263184
GOOGL,1h,14,0.0,0.75,20,50,0.47188230623401706,0.10776164688823497,0.47743358465088204,0.06324474762076096,7.548983949050623,0.09210526315789473,0.09861045930040109,-0.0023412423329393084,0.17515969276428223
GOOGL,1h,14,0.0,1.0,8,21,0.6911350559269172,1.0818579841825309,0.6866894689858811,0.08425099881093472,8.150520215515327,0.5657894736842105,0.8051548502792972,-0.12622555938495594,0.1864469051361084
GOOGL,1h,14,0.0,1.0,9,21,0.6442919293956766,0.3701652962851987,0.6763436432676162,0.06513722956678561,10.383365208588689,0.5131578947368421,0.6823780356880434,-0.0336955061096228,0.19606351852416992
GOOGL,1h,14,0.0,1.0,10,30,0.63252941251217,-0.12317887265048577,0.6272325747382764,0.0612604707210354,10.238781507157103,0.27631578947368424,0.3987588787953288,-0.009828379576325097,0.22018909454345703
GOOGL,1h,14,0.0,1.0,12,26,0.639599342708346,0.14705564443115504,0.6314886284900232,0.059583739809233545,10.59833824650535,0.4473684210526316,0.6637077015841031,-0.018243172057911705,0.1930217742919922
GOOGL,1h,14,0.0,1.0,20,50,0.5599703085702842,-0.04081154584509494,0.5497706640451885,0.06770384051455947,8.1202286290829,0.09210526315789473,0.0986826314446724,-0.0023412423329393084,0.19263458251953125
GOOGL,1h,14,0.1,0.0,8,21,0.2872708469033374,0.5624684023226929,0.33880328122227393,0.41714672605334874,0.8121921138581453,0.23684210526315788,0.1088274607635256,-0.04247757710288924,0.18909096717834473
GOOGL,1h,14,0.1,0.0,9,21,0.39434528726894785,0.9111164549055195,0.2278332036018856,0.45961135594884994,0.4957083863420492,0.2236842105263158,0.07452712296213311,-0.0336853355989134,0.18282008171081543
GOOGL,1h,14,0.1,0.0,10,30,0.33054778228712905,0.6910185898300376,0.36539866467132737,0.5402920643256618,0.6762984111702274,0.11842105263157894,0.04799108728087673,-0.017225429146074056,0.18999028205871582
GOOGL,1h,14,0.1,0.0,12,26,0.3576952390216802,0.7747438403713314,0.3541786971444613,0.5061406918925101,0.6997633322469137,0.19736842105263158,0.18843816496267407,-0.018243172057911705,0.19276785850524902
GOOGL,1h,14,0.1,0.0,20,50,0.2614491661326083,0.5002036888259651,0.42478806694399474,0.39724760898684025,1.069328190614904,0.039473684210526314,-0.006074057581875964,-0.0023412423329393084,0.18622183799743652
GOOGL,1h,14,0.1,0.25,8,21,0.2992853383400776,0.707288726916987,0.313572716908199,0.0869993159330423,3.6043124425200705,0.5789473684210527,0.834274069547487,-0.05251892196544228,0.2043921947479248
GOOGL,1h,14,0.1,0.25,9,21,0.28963335129770146,0.7630882804903636,0.28171014880793466,0.09717667943137015,2.898948085655561,0.5263157894736842,0.6391883805383539,-0.0336853355989134,0.20766997337341309
GOOGL,1h,14,0.1,0.25,10,30,0.2706485968215553,0.5072501214143053,0.3037390229039818,0.13035866813003047,2.33002551545715,0.27631578947368424,0.38443297975969176,-0.009828379576325097,0.21472978591918945
GOOGL,1h,14,0.1,0.25,12,26,0.2814426769149298,0.5937867466106483,0.30293779079941086,0.1253483084402426,2.4167680806305465,0.4473684210526316,0.6512953515949698,-0.018243172057911705,0.18395638465881348
GOOGL,1h,14,0.1,0.25,20,50,0.26262728027200094,0.6071937172509576,0.3142459152183008,0.12561496004309364,2.5016599544393054,0.09210526315789473,0.09837981461604275,-0.0023412423329393084,0.17616629600524902
GOOGL,1h,14,0.1,0.5,8,21,0.46454482053686674,0.7853449973532054,0.4666892945664417,0.06729806396042498,6.934661520736779,0.5921052631578947,0.8626454856277362,-0.07708780110528024,0.18790531158447266
GOOGL,1h,14,0.1,0.5,9,21,0.4309836331520482,0.6199150819281578,0.4447726718637651,0.06730389850027109,6.608423609547279,0.5263157894736842,0.6645548639353903,-0.0336853355989134,0.18982481956481934
GOOGL,1h,14,0.1,0.5,10,30,0.41559337578843,0.3389248719398299,0.4326886706909228,0.07360196646183079,5.878765085920777,0.27631578947368424,0.3906685493238187,-0.009828379576325097,0.18206095695495605
GOOGL,1h,14,0.1,0.5,12,26,0.42885083538869767,0.4237868017582964,0.4365792274933599,0.06929353707928824,6.300432131120825,0.4473684210526316,0.6558060659647181,-0.018243172057911705,0.2123415470123291
GOOGL,1h,14,0.1,0.5,20,50,0.3937009991042882,0.645725708041917,0.3964089230984926,0.06963767943905434,5.692448776174724,0.09210526315789473,0.09851430054091263,-0.0023412423329393084,0.1858217716217041
GOOGL,1h,14,0.1,0.75,8,21,0.6033888508032483,0.8089830356778054,0.5992238074835031,0.07341227135831375,8.16244745457862,0.5921052631578947,0.8832683289319605,-0.10165668024511776,0.18465638160705566
GOOGL,1h,14,0.1,0.75,9,21,0.5563303644458577,0.4823613305443315,0.5812273123564442,0.06576327365948577,8.838174865898077,0.5263157894736842,0.6841421848323865,-0.03935390947381845,0.20085406303405762
GOOGL,1h,14,0.1,0.75,10,30,0.5415019306723433,0.18535638955701605,0.5497244417208341,0.06211150358193758,8.850605926736854,0.27631578947368424,0.3954253636135052,-0.009828379576325097,0.18844223022460938
GOOGL,1h,14,0.1,0.75,12,26,0.5572545885571476,0.2652959812110942,0.5565083648121985,0.05697556243195135,9.767492255594021,0.4473684210526316,0.6601130779097765,-0.018243172057911705,0.20827651023864746
GOOGL,1h,14,0.1,0.75,20,50,0.5065741396465148,0.6308282867837183,0.48220827197996485,0.06045210330691124,7.9766996614133685,0.09210526315789473,0.09861045930040109,-0.0023412423329393084,0.1697700023651123
GOOGL,1h,14,0.1,1.0,8,21,0.71572712998472,0.7891808643343621,0.7073078014192788,0.08208561270100866,8.616708557632384,0.5921052631578947,0.8993419540953163,-0.12622555938495594,0.20302796363830566
GOOGL,1h,14,0.1,1.0,9,21,0.659179620395232,0.35104051804105985,0.6916460906613696,0.06976367494236002,9.914129254699095,0.5263157894736842,0.6996549458709057,-0.05026793851863065,0.19144773483276367
GOOGL,1h,14,0.1,1.0,10,30,0.6443304628940028,0.04580176262228952,0.6463649174503107,0.06364124673437872,10.15638364452636,0.27631578947368424,0.3991294679710426,-0.009828379576325097,0.19019126892089844
GOOGL,1h,14,0.1,1.0,12,26,0.6621893557921359,0.11861000117391352,0.6552715438233767,0.05777141947020586,11.342486472248035,0.4473684210526316,0.6637077015841031,-0.018243172057911705,0.19803380966186523
GOOGL,1h,14,0.1,1.0,20,50,0.5985651806650072,0.5755756962300818,0.5553985730783639,0.06561689088844751,8.464262258670157,0.09210526315789473,0.0986826314446724,-0.0023412423329393084,0.18904829025268555
GOOGL,1h,14,0.25,0.0,8,21,0.234898115142276,0.40962462156260293,0.34731592602454414,0.3901311974231675,0.8902541717211544,0.23684210526315788,0.1088274607635256,-0.04247757710288924,0.20139384269714355
GOOGL,1h,14,0.25,0.0,9,21,0.4093807689708235,0.9523346557806711,0.25335702793501613,0.4727446186017842,0.5359278941859962,0.2236842105263158,0.07452712296213311,-0.0336853355989134,0.19373154640197754
GOOGL,1h,14,0.25,0.0,10,30,0.39711083227342403,0.9004130752619461,0.3532898441004423,0.5258533604894566,0.671840993412318,0.11842105263157894,0.04799108728087673,-0.017225429146074056,0.20190954208374023
GOOGL,1h,14,0.25,0.0,12,26,0.26646722768930614,0.49624152746123196,0.3281653308223575,0.5025651721466646,0.6529806461132733,0.19736842105263158,0.18843816496267407,-0.018243172057911705,0.19390368461608887
GOOGL,1h,14,0.25,0.0,20,50,0.2767053290145865,0.5482956711909475,0.44886128305820316,0.3937300080345963,1.1400230459923761,0.039473684210526314,-0.006074057581875964,-0.0023412423329393084,0.19557785987854004
GOOGL,1h,14,0.25,0.25,8,21,0.2995199571204678,0.4915552419243636,0.3257726162099513,0.08894230235257863,3.6627409859320608,0.5789473684210527,0.834274069547487,-0.05251892196544228,0.20668554306030273
GOOGL,1h,14,0.25,0.25,9,21,0.3045705326864223,0.806011094002894,0.29766381974019007,0.10581774565309096,2.8129858361946236,0.5263157894736842,0.6391883805383539,-0.0336853355989134,0.20743131637573242
GOOGL,1h,14,0.25,0.25,10,30,0.29391012859270615,0.7437244356538004,0.30778637870839176,0.12001780940777604,2.5645058864776287,0.27631578947368424,0.38443297975969176,-0.009828379576325097,0.20277905464172363
GOOGL,1h,14,0.25,0.25,12,26,0.2952057144844212,0.6077910577189265,0.30541424242051673,0.11707804514598966,2.6086380417411528,0.4473684210526316,0.6512953515949698,-0.018243172057911705,0.20528578758239746
GOOGL,1h,14,0.25,0.25,20,50,0.2714610386576689,0.6737943384545326,0.32066450025487514,0.11743795042661562,2.7305015039005753,0.09210526315789473,0.09837981461604275,-0.0023412423329393084,0.19425487518310547
GOOGL,1h,14,0.25,0.5,8,21,0.483769051170437,0.5086923941262904,0.4954442782016237,0.06727000131741583,7.365010680821199,0.5921052631578947,0.8626454856277362,-0.07708780110528024,0.20416808128356934
GOOGL,1h,14,0.25,0.5,9,21,0.4614282442475723,0.6622207128718787,0.4701657303810401,0.07392171368149056,6.360319680992001,0.5263157894736842,0.6645548639353903,-0.0336853355989134,0.19638776779174805
GOOGL,1h,14,0.25,0.5,10,30,0.4431212394245995,0.59449073783742,0.44688106499528235,0.06609341704344152,6.761355139219974,0.27631578947368424,0.3906685493238187,-0.009828379576325097,0.19878554344177246
GOOGL,1h,14,0.25,0.5,12,26,0.4644990236377316,0.6493268373220864,0.4510684393124397,0.06360772224661243,7.09141002665698,0.4473684210526316,0.6558060659647181,-0.018243172057911705,0.20067763328552246
GOOGL,1h,14,0.25,0.5,20,50,0.40618043730309367,0.7303370798397442,0.40298044450707204,0.06177173504878191,6.523702858416287,0.09210526315789473,0.09851430054091263,-0.0023412423329393084,0.1726245880126953
GOOGL,1h,14,0.25,0.75,8,21,0.6351940284923572,0.4768985354588615,0.640097997177595,0.07071123515401419,9.052281377682277,0.5921052631578947,0.8832683289319605,-0.10165668024511776,0.18501591682434082
GOOGL,1h,14,0.25,0.75,9,21,0.598479244169434,0.5222364490333788,0.6144908810292059,0.07066806035303429,8.69545418339505,0.5263157894736842,0.6841421848323865,-0.03935390947381845,0.1987013816833496
GOOGL,1h,14,0.25,0.75,10,30,0.5741314924419703,0.4530281241834173,0.571028739349066,0.06055634102865327,9.429710079062966,0.27631578947368424,0.3954253636135052,-0.009828379576325097,0.189225435256958
GOOGL,1h,14,0.25,0.75,12,26,0.6056601151586178,0.6357381606809598,0.5792257588113475,0.05709899671024481,10.144237065157078,0.4473684210526316,0.6601130779097765,-0.018243172057911705,0.18683171272277832
GOOGL,1h,14,0.25,0.75,20,50,0.5223413892494779,0.731945055608288,0.4897716013106003,0.055221985097771625,8.869141528386745,0.09210526315789473,0.09861045930040109,-0.0023412423329393084,0.18777108192443848
GOOGL,1h,14,0.25,1.0,8,21,0.7570377080435767,0.40955786902325686,0.7575911025483365,0.07771460458723228,9.748374923505704,0.5921052631578947,0.8993419540953163,-0.12622555938495594,0.19298720359802246
GOOGL,1h,14,0.25,1.0,9,21,0.7104810669800924,0.3871363785504791,0.7312259524369907,0.07360329496889079,9.934690461154641,0.5263157894736842,0.6996549458709057,-0.05026793851863065,0.1835477352142334
GOOGL,1h,14,0.25,1.0,10,30,0.6813218667257962,0.31954914083479213,0.6731177357376972,0.06715472708933738,10.023385767650193,0.27631578947368424,0.3991294679710426,-0.009828379576325097,0.18051457405090332
GOOGL,1h,14,0.25,1.0,12,26,0.7196744875036396,0.5802356972252496,0.6842531573596831,0.06267652952372883,10.917215145114731,0.4473684210526316,0.6637077015841031,-0.018243172057911705,0.18300914764404297
GOOGL,1h,14,0.25,1.0,20,50,0.6170149409838939,0.6909678651856965,0.5639191118943834,0.06299240199670912,8.952176675590874,0.09210526315789473,0.0986826314446724,-0.0023412423329393084,0.1795496940612793
GOOGL,1h,14,0.4,0.0,8,21,0.2590020120942274,0.4691915549663237,0.3597815450682872,0.3768897044257914,0.9546069867215682,0.23684210526315788,0.1088274607635256,-0.04247757710288924,0.21444916725158691
GOOGL,1h,14,0.4,0.0,9,21,0.35825397240534507,0.7493375214316242,0.3044373490660158,0.4161811285745652,0.7315020508227374,0.2236842105263158,0.07452712296213311,-0.0336853355989134,0.19716286659240723
GOOGL,1h,14,0.4,0.0,10,30,0.3542636074700766,0.7541703885833397,0.3276414779665256,0.5312311863677824,0.6167587415315873,0.11842105263157894,0.04799108728087673,-0.017225429146074056,0.1991875171661377
GOOGL,1h,14,0.4,0.0,12,26,0.30610081095435315,0.6120444865275232,0.3077780445852429,0.5101545326346039,0.6033035578372243,0.19736842105263158,0.18843816496267407,-0.018243172057911705,0.20750832557678223
GOOGL,1h,14,0.4,0.0,20,50,0.26726312782732187,0.5185298093372979,0.44504247599499325,0.3794746656195135,1.1727857385905767,0.039473684210526314,-0.006074057581875964,-0.0023412423329393084,0.17548799514770508
GOOGL,1h,14,0.4,0.25,8,21,0.3199960968993871,0.5694875539494373,0.3326154277357807,0.08326020452879918,3.9948908319187604,0.5789473684210527,0.834274069547487,-0.05251892196544228,0.1851024627685547
GOOGL,1h,14,0.4,0.25,9,21,0.32558675634430545,0.9661449419072905,0.31689692634710853,0.09325641984624126,3.398124513782535,0.5263157894736842,0.6391883805383539,-0.0336853355989134,0.19608020782470703
GOOGL,1h,14,0.4,0.25,10,30,0.3194285015328924,0.9695976781087103,0.32542841172747033,0.10259326591233046,3.172025072343055,0.27631578947368424,0.38443297975969176,-0.009828379576325097,0.19285035133361816
GOOGL,1h,14,0.4,0.25,12,26,0.3083177061193723,0.7790011489964737,0.30657627456892694,0.1112742241991595,2.7551418738288778,0.4473684210526316,0.6512953515949698,-0.018243172057911705,0.22762537002563477
GOOGL,1h,14,0.4,0.25,20,50,0.2702737935779089,0.6340973633058602,0.31505551334864074,0.1029026180783026,3.06168607983232,0.09210526315789473,0.09837981461604275,-0.0023412423329393084,0.19772768020629883
GOOGL,1h,14,0.4,0.5,8,21,0.5196910909810286,0.6022362725422796,0.511558721500302,0.06568040494080496,7.788604865657403,0.5921052631578947,0.8626454856277362,-0.07708780110528024,0.20735454559326172
GOOGL,1h,14,0.4,0.5,9,21,0.5028066588153584,1.109908581370691,0.49277994931332164,0.07177776802375103,6.865356263937635,0.5263157894736842,0.6645548639353903,-0.0336853355989134,0.21002602577209473
GOOGL,1h,14,0.4,0.5,10,30,0.4882940844295632,1.1148813449325266,0.47340317247837405,0.05723687406347845,8.270947360845511,0.27631578947368424,0.3906685493238187,-0.009828379576325097,0.1952381134033203
GOOGL,1h,14,0.4,0.5,12,26,0.4786327731428957,0.8748393582966132,0.45986350887994404,0.05604065163353801,8.205891535435587,0.4473684210526316,0.6558060659647181,-0.018243172057911705,0.20675134658813477
GOOGL,1h,14,0.4,0.5,20,50,0.4085187573615568,0.6817741989575865,0.4040133946026252,0.060613177899085845,6.665438252969714,0.09210526315789473,0.09851430054091263,-0.0023412423329393084,0.19007086753845215
GOOGL,1h,14,0.4,0.75,8,21,0.6835315600136752,0.5825187988425988,0.6630415544845187,0.06863913571182398,9.659817939262036,0.5921052631578947,0.8832683289319605,-0.10165668024511776,0.20991277694702148
GOOGL,1h,14,0.4,0.75,9,21,0.6526242161790443,1.1892982908165033,0.6406822230149197,0.07282316883939308,8.797780064032974,0.5263157894736842,0.6841421848323865,-0.03935390947381845,0.19774365425109863
GOOGL,1h,14,0.4,0.75,10,30,0.6318968999191282,1.1991741626512677,0.6031808442712291,0.05736623494701574,10.514562178053612,0.27631578947368424,0.3954253636135052,-0.009828379576325097,0.19533729553222656
GOOGL,1h,14,0.4,0.75,12,26,0.6218464783550819,0.9108687180995856,0.5931075872482183,0.046353206132691546,12.795395113562966,0.4473684210526316,0.6601130779097765,-0.018243172057911705,0.19832277297973633
GOOGL,1h,14,0.4,0.75,20,50,0.5270282022093974,0.6760703843825526,0.4950347255781091,0.059560763428528646,8.311423445270943,0.09210526315789473,0.09861045930040109,-0.0023412423329393084,0.20065522193908691
GOOGL,1h,14,0.4,1.0,8,21,0.8152782997122929,0.5234202483506434,0.7858338594306037,0.07451794248947548,10.545565714479983,0.5921052631578947,0.8993419540953163,-0.12622555938495594,0.1976945400238037
GOOGL,1h,14,0.4,1.0,9,21,0.7739553000350268,1.2131692480357699,0.7603975187281442,0.07756544741580075,9.80330216690331,0.5263157894736842,0.6996549458709057,-0.05026793851863065,0.19807982444763184
GOOGL,1h,14,0.4,1.0,10,30,0.7483730670517239,1.2312870782999,0.7093455589000996,0.06572087023015788,10.7933074595016,0.27631578947368424,0.3991294679710426,-0.009828379576325097,0.1946263313293457
GOOGL,1h,14,0.4,1.0,12,26,0.7377181603672581,0.8978295563464724,0.7019504335077,0.05029650754188675,13.956246026090744,0.4473684210526316,0.6637077015841031,-0.018243172057911705,0.20153284072875977
GOOGL,1h,14,0.4,1.0,20,50,0.6234683608676203,0.629597591505251,0.5722355464338476,0.06763365197841405,8.460810997112535,0.09210526315789473,0.0986826314446724,-0.0023412423329393084,0.1834101676940918
GOOGL,1h,14,0.55,0.0,8,21,0.3152181416560293,0.6473109117922449,0.3575120725467594,0.43639059945373326,0.8192478779201184,0.23684210526315788,0.09757126378778064,-0.04247757710288924,0.19802308082580566
GOOGL,1h,14,0.55,0.0,9,21,0.3905185620410553,0.8563372757460816,0.32492456137728765,0.44617438448858,0.7282456650883871,0.2236842105263158,0.090239355780943,-0.0364913001903282,0.19801807403564453
GOOGL,1h,14,0.55,0.0,10,30,0.24973071664826327,0.4465579184761963,0.3086262791803624,0.514033678750992,0.6004008918837145,0.11842105263157894,0.06020498047072977,-0.010347672889853832,0.19300246238708496
GOOGL,1h,14,0.55,0.0,12,26,0.2154726907101902,0.35721449174539543,0.30447312109383795,0.4859724577781131,0.6265234093427889,0.19736842105263158,0.18460151421215445,-0.018734050471882813,0.19576120376586914
GOOGL,1h,14,0.55,0.0,20,50,0.24084193727157877,0.4396986618205396,0.4286062314826439,0.40961318075181896,1.0463682606501197,0.039473684210526314,-0.006074057581875964,-0.0023412423329393084,0.18494224548339844
GOOGL,1h,14,0.55,0.25,8,21,0.339459872590212,0.8121249715127759,0.3422808094776665,0.08143610267698907,4.203059800581331,0.6973684210526315,1.0749153750002551,-0.04292267442431941,0.20573806762695312
GOOGL,1h,14,0.55,0.25,9,21,0.3400516271020513,1.1198466315262352,0.3398299463602369,0.08696089596403328,3.9078478043831257,0.631578947368421,0.9425454231517935,-0.020272277016125106,0.19616055488586426
GOOGL,1h,14,0.55,0.25,10,30,0.31395287443062747,0.5645671707900017,0.32754641127076034,0.09578310824301982,3.419667802382371,0.4605263157894737,0.7512590100376677,-0.017499137959346656,0.19579505920410156
GOOGL,1h,14,0.55,0.25,12,26,0.29908805312208586,0.4380171908116044,0.313380409540016,0.10073717602053622,3.1108714966968147,0.5921052631578947,0.9717217928446881,-0.017499137959346656,0.21663999557495117
GOOGL,1h,14,0.55,0.25,20,50,0.2691714967180739,0.5276838710267697,0.31956352374248925,0.10724987732191563,2.979616683227563,0.10526315789473684,0.12511851496430068,-0.0023412423329393084,0.18835091590881348
GOOGL,1h,14,0.55,0.5,8,21,0.5419842669021323,0.9056120955471825,0.5362112321583681,0.05633096910571079,9.518942078772215,0.6973684210526315,1.1103170608311423,-0.06557307183251371,0.2073688507080078
GOOGL,1h,14,0.55,0.5,9,21,0.5247127383507173,1.3122603857775097,0.5246650816344276,0.06969354327927657,7.528173442581117,0.631578947368421,0.9727485396040719,-0.028439880429006692,0.2118816375732422
GOOGL,1h,14,0.55,0.5,10,30,0.5089141984175222,0.6186798018715334,0.4880864159576322,0.05460873224121076,8.937882201727717,0.4605263157894737,0.7613433424224588,-0.03083241920845703,0.1977686882019043
GOOGL,1h,14,0.55,0.5,12,26,0.4890938893371305,0.456155731858471,0.4760782512224179,0.053261627262258866,8.938484903553942,0.5921052631578947,0.980499569885516,-0.03083241920845703,0.18440699577331543
GOOGL,1h,14,0.55,0.5,20,50,0.417551219375025,0.5499585749133766,0.41660192933821466,0.06254059753592073,6.661303948989866,0.10526315789473684,0.12518283176057618,-0.0023412423329393084,0.1743638515472412
GOOGL,1h,14,0.55,0.75,8,21,0.7097209977374749,0.9394969659781718,0.6989615309333977,0.05731370774580291,12.195364048569738,0.6973684210526315,1.1359469955921488,-0.08822346924070812,0.19904255867004395
GOOGL,1h,14,0.55,0.75,9,21,0.681093484944948,1.439712504365358,0.6801964819493431,0.07793625973526193,8.727599762419585,0.631578947368421,0.995199180930267,-0.03935390947381845,0.2020711898803711
GOOGL,1h,14,0.55,0.75,10,30,0.668921539561764,0.6221948818559357,0.626297339155656,0.05627850899474993,11.12853468122408,0.4605263157894737,0.7691164040986156,-0.0441657004575674,0.2032003402709961
GOOGL,1h,14,0.55,0.75,12,26,0.6442930700238875,0.4270806927878652,0.6160805431131668,0.04928142045975724,12.50127405755791,0.5921052631578947,0.9877494909097162,-0.0441657004575674,0.20067524909973145
GOOGL,1h,14,0.55,0.75,20,50,0.5425480801795732,0.5224262404654019,0.5125212932794229,0.05805361252142946,8.828413444387026,0.10526315789473684,0.12522879024545447,-0.0023412423329393084,0.19176220893859863
GOOGL,1h,14,0.55,1.0,8,21,0.8448832371980771,0.9246750378000896,0.8306051776947678,0.06306361130746427,13.17091045809577,0.6973684210526315,1.1558301055591194,-0.11087386664890209,0.19630718231201172
GOOGL,1h,14,0.55,1.0,9,21,0.8077665900262414,1.5089028703746323,0.8060548841534656,0.08832172179325379,9.126349303292612,0.631578947368421,1.0127399636111196,-0.05026793851863065,0.21329092979431152
GOOGL,1h,14,0.55,1.0,10,30,0.7975684294815772,0.5866555022994782,0.7388259435788834,0.06519444098261827,11.332652484524939,0.4605263157894737,0.7752140135520446,-0.057498981706677776,0.2010359764099121
GOOGL,1h,14,0.55,1.0,12,26,0.7689469533186089,0.3637924784098092,0.7301170428221239,0.0561387222274645,13.005587121556035,0.5921052631578947,0.9936070343278093,-0.057498981706677776,0.1941969394683838
GOOGL,1h,14,0.55,1.0,20,50,0.643823304312514,0.45853021270203453,0.5932233763195238,0.06402406008779314,9.265631943773402,0.10526315789473684,0.12526326932548307,-0.0023412423329393084,0.18521356582641602
GOOGL,1h,14,0.7,0.0,8,21,0.3849530134871401,0.8846327284690494,0.37079143331892384,0.4669860087701081,0.7940097269626342,0.23684210526315788,0.10295714889685645,-0.02983960529968721,0.19846343994140625
GOOGL,1h,14,0.7,0.0,9,21,0.35076511444670083,0.7250689705669016,0.32242911565186316,0.4606339984126948,0.6999681238530507,0.2236842105263158,0.08908493731062682,-0.0364913001903282,0.19771838188171387
GOOGL,1h,14,0.7,0.0,10,30,0.24543781356929298,0.4311210665558809,0.30276380504088907,0.5307967959478692,0.5703949371062598,0.11842105263157894,0.03107758343468942,-0.021249544245894092,0.18835163116455078
GOOGL,1h,14,0.7,0.0,12,26,0.24853242833289776,0.4381635628918281,0.29544633125469527,0.503220652554307,0.5871109020566501,0.19736842105263158,0.18400899339452073,-0.018734050471882813,0.1882319450378418
GOOGL,1h,14,0.7,0.0,20,50,0.32805484823219416,0.6809299227702836,0.4596696571064278,0.4093478885691753,1.1229315453736577,0.039473684210526314,-0.006074057581875964,-0.0023412423329393084,0.18585991859436035
GOOGL,1h,14,0.7,0.25,8,21,0.36554486345448417,1.1457174549101898,0.36644204254029983,0.07740094599270854,4.734335450820201,0.6973684210526315,1.0873123650341907,-0.04292267442431941,0.20625090599060059
GOOGL,1h,14,0.7,0.25,9,21,0.35323999324520655,0.9367013360584375,0.34445554386176,0.08775843462644144,3.925042023914773,0.631578947368421,0.9632585322365896,-0.023048612805734114,0.20378351211547852
GOOGL,1h,14,0.7,0.25,10,30,0.32329790251828555,0.5384101721767622,0.3265312901437301,0.09370173792653264,3.4847943844942213,0.47368421052631576,0.7755092823767584,-0.017499137959346656,0.2038440704345703
GOOGL,1h,14,0.7,0.25,12,26,0.3226381606726349,0.5495014243183916,0.3171593660672124,0.09283912746577273,3.4162251921652373,0.6052631578947368,1.0034549985926322,-0.017499137959346656,0.1957228183746338
GOOGL,1h,14,0.7,0.25,20,50,0.2895745759345226,0.8543106744354865,0.33529972571154354,0.09622753545228167,3.4844467764407776,0.10526315789473684,0.12511851496430068,-0.0023412423329393084,0.20485281944274902
GOOGL,1h,14,0.7,0.5,8,21,0.5770063895564753,1.3353556475931287,0.5731037990770378,0.04902719544570832,11.689508116198096,0.6973684210526315,1.1269533770367546,-0.06557307183251371,0.20460009574890137
GOOGL,1h,14,0.7,0.5,9,21,0.5646965772615409,1.0777664480818498,0.543893677871844,0.06197291848226673,8.7763121568573,0.631578947368421,0.9973253403726936,-0.03499308765538123,0.18601179122924805
GOOGL,1h,14,0.7,0.5,10,30,0.5297813208418017,0.5806380199206362,0.5010562812289724,0.05114620532384086,9.79654850357812,0.47368421052631576,0.7889938695364386,-0.03083241920845703,0.2038896083831787
GOOGL,1h,14,0.7,0.5,12,26,0.527074582791582,0.596924737045039,0.49276812000067416,0.0458780657364763,10.74082161247022,0.6052631578947368,1.01245377166708,-0.03083241920845703,0.19946503639221191
GOOGL,1h,14,0.7,0.5,20,50,0.43028779306440434,0.9560470318660119,0.43740029175273554,0.06154270111634613,7.107265099168019,0.10526315789473684,0.12518283176057618,-0.0023412423329393084,0.17981624603271484
GOOGL,1h,14,0.7,0.75,8,21,0.7535006622218651,1.4605260450611741,0.7462470280304883,0.05180709247209545,14.404341035591505,0.6973684210526315,1.156409254620628,-0.08822346924070812,0.190812349319458
GOOGL,1h,14,0.7,0.75,9,21,0.7399396905193452,1.1571487593676424,0.710570589967978,0.06633981083172769,10.711073502611502,0.631578947368421,1.0228554130802607,-0.04691303309165362,0.1945950984954834
GOOGL,1h,14,0.7,0.75,10,30,0.6983379870619699,0.5718609626172029,0.6495848405140514,0.0514192420735626,12.633108041241199,0.47368421052631576,0.7991326996171744,-0.0441657004575674,0.1953721046447754
GOOGL,1h,14,0.7,0.75,12,26,0.6941072753715543,0.5942326997948231,0.6421664416158124,0.042722271039908465,15.03118691925204,0.6052631578947368,1.0197694590962976,-0.0441657004575674,0.2004256248474121
GOOGL,1h,14,0.7,0.75,20,50,0.5525771584492117,0.9978000350024003,0.5377664938970436,0.06622297536571285,8.120542620250099,0.10526315789473684,0.12522879024545447,-0.0023412423329393084,0.19726085662841797
GOOGL,1h,14,0.7,1.0,8,21,0.8959619611213685,1.528409481054907,0.8861874148025173,0.05983066604186228,14.811592005050892,0.6973684210526315,1.179358180103214,-0.11087386664890209,0.20502948760986328
GOOGL,1h,14,0.7,1.0,9,21,0.8811408693318995,1.1836069621912135,0.8452410526693381,0.07527378486005597,11.228890034435684,0.631578947368421,1.0428158672569932,-0.05880844911455063,0.19837546348571777
GOOGL,1h,14,0.7,1.0,10,30,0.833661593709746,0.5242920408991099,0.7701781700186132,0.06015932604440955,12.80230715101543,0.47368421052631576,0.807000011427275,-0.057498981706677776,0.19297003746032715
GOOGL,1h,14,0.7,1.0,12,26,0.8282411268555118,0.5532975022728432,0.763506754464082,0.05066721975634501,15.069047761762551,0.6052631578947368,1.0256583574306213,-0.057498981706677776,0.18610692024230957
GOOGL,1h,14,0.7,1.0,20,50,0.6523690997136345,0.9904034100213719,0.6220460468162681,0.07658938782554778,8.121830771557274,0.10526315789473684,0.12526326932548307,-0.0023412423329393084,0.19181489944458008
GOOGL,1h,14,0.85,0.0,8,21,0.3974422726989387,0.9029535579365011,0.36753854680889286,0.4734026723337419,0.7763761556246215,0.3684210526315789,0.2090541250978891,-0.04012457523392721,0.2043144702911377
GOOGL,1h,14,0.85,0.0,9,21,0.45936386073825264,1.1174714504752759,0.3871872993819001,0.4622975421226997,0.8375283537179949,0.34210526315789475,0.2478587620788247,-0.04083329514719003,0.2010664939880371
GOOGL,1h,14,0.85,0.0,10,30,0.35315574885279255,0.7465408450502484,0.27184133556581225,0.47577254066009755,0.5713682744040954,0.3026315789473684,0.304712586610687,-0.02536738199299482,0.19776701927185059
GOOGL,1h,14,0.85,0.0,12,26,0.2521910438172147,0.4559021102939427,0.32005281900215005,0.4610044693484846,0.694251011176671,0.3684210526315789,0.39865306472284834,-0.031305776420163745,0.2006978988647461
GOOGL,1h,14,0.85,0.0,20,50,0.34878245384148876,0.7521450675829928,0.5033052437494105,0.3522468730965112,1.4288423324385657,0.11842105263157894,0.08628015842749735,-0.01866074765358472,0.18724799156188965
GOOGL,1h,14,0.85,0.25,8,21,0.38619970878077986,1.1734872552360454,0.3838630623336918,0.07070004354728093,5.429460055098578,0.7894736842105263,1.0822463103834878,-0.049181444782309236,0.2077031135559082
GOOGL,1h,14,0.85,0.25,9,21,0.3820812777722855,1.5154707956877487,0.36927061318890486,0.0837626326529472,4.408536378254725,0.7368421052631579,1.0319421578607422,-0.040560173275313915,0.21114420890808105
GOOGL,1h,14,0.85,0.25,10,30,0.3527436390165812,0.9774358634951579,0.339032582582331,0.08047156087542316,4.21307327575244,0.5921052631578947,0.8090283855000561,-0.043748080607899587,0.2351977825164795
GOOGL,1h,14,0.85,0.25,12,26,0.33910509243564546,0.5754218600495078,0.33709312699357913,0.0825571413957716,4.083149213919419,0.6578947368421053,0.9067186637442889,-0.011569414766344321,0.19051551818847656
GOOGL,1h,14,0.85,0.25,20,50,0.30133754412705815,0.9707580208278497,0.3365943486293105,0.07982744088595141,4.21652435420295,0.2236842105263158,0.3313888273183987,-0.0006119750817544789,0.17194533348083496
GOOGL,1h,14,0.85,0.5,8,21,0.6189658628248603,1.3739775317134235,0.6122244747818293,0.04491288249601383,13.631377920047022,0.7894736842105263,1.171306607566656,-0.07168372078786789,0.18918967247009277
GOOGL,1h,14,0.85,0.5,9,21,0.5946506797787502,1.858253135634584,0.5807902631199966,0.06027565792099374,9.635569036529917,0.7368421052631579,1.1104492571431646,-0.05185764452912345,0.18404173851013184
GOOGL,1h,14,0.85,0.5,10,30,0.5603736601922521,1.1418025052632332,0.5378255204580188,0.04698834797101162,11.445933804478887,0.5921052631578947,0.85502187718079,-0.06722388419967451,0.18662452697753906
GOOGL,1h,14,0.85,0.5,12,26,0.5586271571476611,0.6315637908720699,0.531009430002343,0.04555210521259742,11.657187467495849,0.6578947368421053,0.9526309268912967,-0.011084899967391815,0.1930553913116455
GOOGL,1h,14,0.85,0.5,20,50,0.4473503760102054,1.1207889374027382,0.4473560604372528,0.057142962824949205,7.828716578936865,0.2236842105263158,0.33209788515184924,-0.0006119750817544789,0.1861720085144043
GOOGL,1h,14,0.85,0.75,8,21,0.8115161090571783,1.5110721019751994,0.8018750644453532,0.05290869129909726,15.155828744889687,0.7894736842105263,1.2378138517436215,-0.09418599679342643,0.2028665542602539
GOOGL,1h,14,0.85,0.75,9,21,0.7736286262006795,2.145907449820271,0.7580509242800042,0.06324453246844618,11.98603096098796,0.7368421052631579,1.169835485128157,-0.06315511578293331,0.19046974182128906
GOOGL,1h,14,0.85,0.75,10,30,0.7328119901071976,1.2473971898830052,0.7028454003994412,0.04408928586469243,15.941410404251835,0.5921052631578947,0.891750744477083,-0.09069968779144899,0.19069385528564453
GOOGL,1h,14,0.85,0.75,12,26,0.7373730329316502,0.6376766764591006,0.6937808097231376,0.039201983922878665,17.697594363795456,0.6578947368421053,0.9898428838820391,-0.013136370072880488,0.19576358795166016
GOOGL,1h,14,0.85,0.75,20,50,0.5742802133811618,1.2109728655098286,0.5546560825060041,0.060648188003016974,9.145468327568375,0.2236842105263158,0.3323055176577416,-0.0006119750817544789,0.19053101539611816
GOOGL,1h,14,0.85,1.0,8,21,0.9665731956196886,1.5916033721695304,0.9548148409304659,0.06545502459867801,14.587342175557753,0.7894736842105263,1.2897103719269558,-0.11668827279898464,0.2101600170135498
GOOGL,1h,14,0.85,1.0,9,21,0.9183449836521768,2.3793291467874735,0.9013125372753079,0.07041736969094572,12.7995768832473,0.7368421052631579,1.2163804228318111,-0.07445258703674296,0.19860363006591797
GOOGL,1h,14,0.85,1.0,10,30,0.8718089021891281,1.3018046614354306,0.8359271395441707,0.048079921881146216,17.38620003606883,0.5921052631578947,0.921060841752707,-0.1141754913832238,0.1975102424621582
GOOGL,1h,14,0.85,1.0,12,26,0.8807812961802044,0.6052379318055776,0.8254525295779069,0.04155200329124012,19.865529076715458,0.6578947368421053,1.0196451498786565,-0.01878853122213875,0.20827460289001465
GOOGL,1h,14,0.85,1.0,20,50,0.6778246238362639,1.2497851882759305,0.6444208449973299,0.06774582836073209,9.512332502097786,0.2236842105263158,0.3323970273538616,-0.0006119750817544789,0.18996834754943848
GOOGL,1h,14,1.0,0.0,8,21,0.4040345663354865,0.9155529454898477,0.38150972954917617,0.4732526822923154,0.8061438293413157,0.35526315789473684,0.18701557867918903,-0.04963010305785076,0.19995570182800293
GOOGL,1h,14,1.0,0.0,9,21,0.412952473554037,0.9448590997843112,0.42037942459050076,0.45555653447674865,0.9227821198379862,0.32894736842105265,0.26183762639543245,-0.04083329514719003,0.20022916793823242
GOOGL,1h,14,1.0,0.0,10,30,0.28325898517231374,0.539023855839009,0.3217285904195861,0.5045398354798498,0.6376673709293966,0.3026315789473684,0.28451364872395035,-0.02536738199299482,0.2159101963043213
GOOGL,1h,14,1.0,0.0,12,26,0.3032094553139221,0.5959751143000998,0.342186203378954,0.4959670223352918,0.6899374110959008,0.35526315789473684,0.3401133176396408,-0.028737864121652912,0.20077204704284668
GOOGL,1h,14,1.0,0.0,20,50,0.40536958158476855,0.9491370152512608,0.5190995786161477,0.3548424543004775,1.462901556239882,0.11842105263157894,0.08628015842749735,-0.01866074765358472,0.1787123680114746
GOOGL,1h,14,1.0,0.25,8,21,0.39969559378950087,1.192317876605176,0.40507173219565756,0.06186627369440871,6.547537260713776,0.7894736842105263,1.0885009215137924,-0.052768239195191136,0.19539833068847656
GOOGL,1h,14,1.0,0.25,9,21,0.3840871624536414,1.2626431746706657,0.39047554673369067,0.07477111254934819,5.222278142190016,0.7368421052631579,1.0271005466043857,-0.048830582118575716,0.20793414115905762
GOOGL,1h,14,1.0,0.25,10,30,0.3496355683081614,0.688239519195389,0.36211931936535807,0.08141654256474505,4.44773639309713,0.5921052631578947,0.7992960221118393,-0.043748080607899587,0.19777631759643555
GOOGL,1h,14,1.0,0.25,12,26,0.3500631460277805,0.7654818589068364,0.3638720387412284,0.08247798230637259,4.411747578760958,0.6578947368421053,0.8979460368246233,-0.05175455662651918,0.19561982154846191
GOOGL,1h,14,1.0,0.25,20,50,0.3156025099977591,1.2542014800260515,0.3429540890358922,0.0812606988365567,4.220417667410062,0.2236842105263158,0.3313888273183987,-0.0006119750817544789,0.18396735191345215
GOOGL,1h,14,1.0,0.5,8,21,0.6460878145921751,1.399846916184321,0.6505531580952859,0.041436908485796474,15.699847837786429,0.7894736842105263,1.189639745922015,-0.07598758711107556,0.20294404029846191
GOOGL,1h,14,1.0,0.5,9,21,0.6113653606632827,1.5181101976492428,0.6145164630673003,0.05813132472763418,10.571175970039,0.7368421052631579,1.114602387559495,-0.0712627136632078,0.20182204246520996
GOOGL,1h,14,1.0,0.5,10,30,0.5723585928624518,0.7716040656770269,0.5707282480237155,0.04894375867621906,11.660899437644185,0.5921052631578947,0.8499855188733999,-0.06722388419967451,0.19786429405212402
GOOGL,1h,14,1.0,0.5,12,26,0.5680231757226846,0.8684166759745011,0.5688940319188804,0.04985050680297497,11.412000968562472,0.6578947368421053,0.9509461998366704,-0.07477124913138511,0.20021939277648926
GOOGL,1h,14,1.0,0.5,20,50,0.4564947858549153,1.4955737046294852,0.459326741637384,0.05544919912761549,8.283739871161178,0.2236842105263158,0.33209788515184924,-0.0006119750817544789,0.1907961368560791
GOOGL,1h,14,1.0,0.75,8,21,0.8489901237199419,1.5445682672538368,0.8535674181714524,0.05264417885013732,16.21389936770238,0.7894736842105263,1.2663105090504232,-0.09920693502696032,0.20432448387145996
GOOGL,1h,14,1.0,0.75,9,21,0.8001413436762568,1.714834869794574,0.8022048258317863,0.06388255437507283,12.557494509718746,0.7368421052631579,1.1814620210779745,-0.09369484520783955,0.20473599433898926
GOOGL,1h,14,1.0,0.75,10,30,0.7543391241894174,0.8009859769759229,0.7446418081961997,0.04708300597697424,15.815511196552826,0.5921052631578947,0.890202965968707,-0.09069968779144899,0.20735406875610352
GOOGL,1h,14,1.0,0.75,12,26,0.7469181575796578,0.9156895175584094,0.7406067505711775,0.04682801882447154,15.81546196406987,0.6578947368421053,0.9930856592270164,-0.09778794163625104,0.1961839199066162
GOOGL,1h,14,1.0,0.75,20,50,0.5815447397479756,1.6779684258208696,0.571007695200825,0.055151515954576354,10.35343608090693,0.2236842105263158,0.3323055176577416,-0.0006119750817544789,0.18602514266967773
GOOGL,1h,14,1.0,1.0,8,21,1.0122018335903225,1.6330949268435893,1.0170936912104822,0.06661316247277668,15.26865942787427,0.7894736842105263,1.3262387941935816,-0.12242628294284452,0.20093321800231934
GOOGL,1h,14,1.0,1.0,9,21,0.9522873286598081,1.8568859304860008,0.953846362201805,0.07233163506624349,13.187125679216898,0.7368421052631579,1.233953062901478,-0.11612697675247163,0.19272184371948242
GOOGL,1h,14,1.0,1.0,10,30,0.9004371276529589,0.7870103117286973,0.8850022823184147,0.05142248130645795,17.21041575267724,0.5921052631578947,0.9222037102163304,-0.1141754913832238,0.2023019790649414
GOOGL,1h,14,1.0,1.0,12,26,0.8907047050595327,0.917254971904625,0.8793474247441877,0.05020076258791275,17.516614876203402,0.6578947368421053,1.026585349898522,-0.12080463414111697,0.19829964637756348
GOOGL,1h,14,1.0,1.0,20,50,0.6840276403993513,1.806451092899771,0.6642106613060693,0.059500758061286844,11.163062168416753,0.2236842105263158,0.3323970273538616,-0.0006119750817544789,0.1853933334350586
GOOGL,1h,19,0.0,0.0,8,21,0.30632194586086203,0.5923301563910341,0.46767076295014964,0.4569706602367811,1.0234152947758708,0.23684210526315788,0.0965548657593567,-0.03483887701721966,0.21080780029296875
GOOGL,1h,19,0.0,0.0,9,21,0.3758036956529011,0.7858578022261686,0.34132711561821155,0.539703446403319,0.6324345673404106,0.21052631578947367,0.08785100352812364,-0.027950042825604426,0.19700145721435547
GOOGL,1h,19,0.0,0.0,10,30,0.34064204080641336,0.7327779674309478,0.4453103374902784,0.4507401325998668,0.9879536018275777,0.10526315789473684,-0.008219261234226689,-0.02037878340340582,0.19316887855529785
GOOGL,1h,19,0.0,0.0,12,26,0.3393352397376015,0.7188693350197841,0.39735938862197273,0.47833353098720843,0.8307161486293523,0.14473684210526316,0.007125456411098729,-0.027950042825604426,0.18757319450378418
GOOGL,1h,19,0.0,0.0,20,50,0.3405314539500259,0.7482384033293585,0.4345940517931711,0.40213565096178033,1.0807150541210675,0.02631578947368421,0.016019633440299507,-0.0004999999999999449,0.18526768684387207
GOOGL,1h,19,0.0,0.25,8,21,0.28353387763154875,0.7449836746482188,0.32934702601026006,0.12191460626728925,2.7014566678597127,0.5263157894736842,0.6739491539039703,-0.027950042825604426,0.1936638355255127
GOOGL,1h,19,0.0,0.25,9,21,0.269409515345061,0.6090311219860087,0.2992422488671452,0.13260130648870497,2.2567066403122866,0.4605263157894737,0.56149271982913,-0.027950042825604426,0.1938934326171875
GOOGL,1h,19,0.0,0.25,10,30,0.25767313889321886,0.5517829910919403,0.31378611210360313,0.1505710873616953,2.0839732089457508,0.2236842105263158,0.22874413163137142,-0.02037878340340582,0.24401330947875977
GOOGL,1h,19,0.0,0.25,12,26,0.2601691595025471,0.5350324579862293,0.3127646185513493,0.15392967588282946,2.0318669337641184,0.35526315789473684,0.41587779297033295,-0.027950042825604426,0.1973860263824463
GOOGL,1h,19,0.0,0.25,20,50,0.24496474295321496,0.5646834622014241,0.31038862697429687,0.13024209833134762,2.383166663858872,0.06578947368421052,0.09461702768791995,-0.0004999999999999449,0.18135404586791992
GOOGL,1h,19,0.0,0.5,8,21,0.42726780904246925,0.8285573967997626,0.4301157305104047,0.06811661943435818,6.314402183814972,0.5263157894736842,0.6846156824760053,-0.027950042825604426,0.19058942794799805
GOOGL,1h,19,0.0,0.5,9,21,0.40161244443375865,0.44366042083516244,0.41639000162918044,0.07801220189579232,5.337498385001218,0.4605263157894737,0.5701561718225495,-0.027950042825604426,0.1966712474822998
GOOGL,1h,19,0.0,0.5,10,30,0.38050669993853226,0.3845911945333902,0.3984819216504349,0.07905120885445585,5.040807438936132,0.2236842105263158,0.2287260171331278,-0.02037878340340582,0.21135616302490234
GOOGL,1h,19,0.0,0.5,12,26,0.3888148530515101,0.3654719540415785,0.4087292966497123,0.08184280197706456,4.9940775092750815,0.35526315789473684,0.41804793374090543,-0.027950042825604426,0.1904301643371582
GOOGL,1h,19,0.0,0.5,20,50,0.3490595827750651,0.39471702463236635,0.3806884408669248,0.07550955822467514,5.0415927442484065,0.06578947368421052,0.09467535112808541,-0.0004999999999999449,0.18319940567016602
GOOGL,1h,19,0.0,0.75,8,21,0.5505719821828202,0.8549646622294664,0.5305057133926389,0.05979094632822785,8.872676315915445,0.5263157894736842,0.6922409231042937,-0.027950042825604426,0.19679760932922363
GOOGL,1h,19,0.0,0.75,9,21,0.5192050442579429,0.28990984180592605,0.5243778047668517,0.07127177381022695,7.357440073865645,0.4605263157894737,0.5771517086940743,-0.027950042825604426,0.2066030502319336
GOOGL,1h,19,0.0,0.75,10,30,0.4906657115118965,0.23085139459338144,0.4871415870461722,0.06299483126373999,7.733040588785137,0.2236842105263158,0.2287125735434227,-0.02037878340340582,0.1914682388305664
GOOGL,1h,19,0.0,0.75,12,26,0.5031692559249215,0.20988144073297232,0.5037725379196412,0.06760897676079518,7.451267007072451,0.35526315789473684,0.4200068202952899,-0.027950042825604426,0.19225025177001953
GOOGL,1h,19,0.0,0.75,20,50,0.4462873943921488,0.23819246383478254,0.45857087203676594,0.06680352685381401,6.864470988788593,0.06578947368421052,0.09471701216422294,-0.0004999999999999449,0.18026375770568848
GOOGL,1h,19,0.0,1.0,8,21,0.6508683941079614,0.8351196735500663,0.6151141641260292,0.06350165339434947,9.686585013875614,0.5263157894736842,0.6981729856717646,-0.035173421180122566,0.1841740608215332
GOOGL,1h,19,0.0,1.0,9,21,0.6158000540130549,0.14776918585805565,0.6139123846515784,0.07686613779809667,7.986772878639153,0.4605263157894737,0.5827808838955025,-0.035173421180122566,0.18386292457580566
GOOGL,1h,19,0.0,1.0,10,30,0.5813972954924835,0.09011174796170396,0.5628788407766049,0.06517204570584154,8.63681406161772,0.2236842105263158,0.22870221215905645,-0.02037878340340582,0.17801570892333984
GOOGL,1h,19,0.0,1.0,12,26,0.5971337577981318,0.06782215102817579,0.5839929722253899,0.07187093728185917,8.125578910083236,0.35526315789473684,0.4216314964578228,-0.027950042825604426,0.20547056198120117
GOOGL,1h,19,0.0,1.0,20,50,0.5271927040856405,0.09480602337337318,0.5258288629904793,0.07003416426898687,7.508176451865384,0.06578947368421052,0.09474825870731123,-0.0004999999999999449,0.18840336799621582
GOOGL,1h,19,0.1,0.0,8,21,0.24368500713995717,0.43129419528646795,0.4571150753640749,0.4412490036123099,1.035957184315152,0.23684210526315788,0.08934085461491018,-0.03483887701721966,0.18732142448425293
GOOGL,1h,19,0.1,0.0,9,21,0.3634733562451249,0.7536805567741813,0.3028234551653553,0.5232204173312531,0.5787684217484129,0.21052631578947367,0.07705372496643595,-0.027950042825604426,0.20119810104370117
GOOGL,1h,19,0.1,0.0,10,30,0.4483215230682918,1.0999148138426702,0.4100379347217621,0.46867195788878885,0.8748932549087137,0.10526315789473684,0.023454908793003423,-0.014427662514800432,0.18368124961853027
GOOGL,1h,19,0.1,0.0,12,26,0.381195931312668,0.8391974403275917,0.3825836741520946,0.4955932057893485,0.7719711845983447,0.14473684210526316,0.007125456411098729,-0.027950042825604426,0.19201207160949707
GOOGL,1h,19,0.1,0.0,20,50,0.2865242407364578,0.5763639933399909,0.4524910094201758,0.39175402273049864,1.1550385782035997,0.02631578947368421,0.016019633440299507,-0.0004999999999999449,0.18892693519592285
GOOGL,1h,19,0.1,0.25,8,21,0.27977786117875025,0.5291696254995939,0.32833375769608814,0.109455801262882,2.999692605671242,0.5526315789473685,0.7741774278967334,-0.027950042825604426,0.20438766479492188
GOOGL,1h,19,0.1,0.25,9,21,0.2689812875097545,0.5725949839307611,0.28527238133932836,0.12410020549327026,2.2987260996501586,0.4868421052631579,0.615005346323692,-0.027950042825604426,0.20043706893920898
GOOGL,1h,19,0.1,0.25,10,30,0.2872002957598796,0.9735795840504171,0.30795369089061475,0.13841611230103948,2.224839910406168,0.23684210526315788,0.30885386110127266,-0.014427662514800432,0.1909322738647461
GOOGL,1h,19,0.1,0.25,12,26,0.27395105320191365,0.6701557800174984,0.3114526592466932,0.1426146863980277,2.1838750770551805,0.35526315789473684,0.41587779297033295,-0.027950042825604426,0.1987934112548828
GOOGL,1h,19,0.1,0.25,20,50,0.2617440895196162,0.7175335174869055,0.31750524538968217,0.1297853820932943,2.446386798487431,0.06578947368421052,0.09461702768791995,-0.0004999999999999449,0.18596911430358887
GOOGL,1h,19,0.1,0.5,8,21,0.44041294794329566,0.5628962532765678,0.44138991250153714,0.06377210187953701,6.921363723204628,0.5526315789473685,0.7857042919165855,-0.027950042825604426,0.20395493507385254
GOOGL,1h,19,0.1,0.5,9,21,0.40473035402723717,0.40421279206850325,0.416415242349591,0.07643449789310507,5.448001279892683,0.4868421052631579,0.6276104959303045,-0.033494149169112974,0.21732568740844727
GOOGL,1h,19,0.1,0.5,10,30,0.4026656837884343,0.848289186663969,0.41212687141610405,0.076291122627779,5.402029190563269,0.23684210526315788,0.3089823789901251,-0.014427662514800432,0.22640228271484375
GOOGL,1h,19,0.1,0.5,12,26,0.4045487329086549,0.5106042528625581,0.4221121167402936,0.07994678070803989,5.279913875229296,0.35526315789473684,0.41804793374090543,-0.027950042825604426,0.221299409866333
GOOGL,1h,19,0.1,0.5,20,50,0.3788208346302888,0.7893671219058918,0.38784919644130483,0.07778783244788938,4.98598796542027,0.06578947368421052,0.09467535112808541,-0.0004999999999999449,0.21486926078796387
GOOGL,1h,19,0.1,0.75,8,21,0.5743456540972068,0.5470052202316802,0.5499131996264592,0.06026185861729848,9.125393943103571,0.5526315789473685,0.7936081708228203,-0.027950042825604426,0.19743728637695312
GOOGL,1h,19,0.1,0.75,9,21,0.5245651563379099,0.24855618168960558,0.5323956750642682,0.0696008532170715,7.6492693761070685,0.4868421052631579,0.6373744106577577,-0.044939260293798244,0.1940138339996338
GOOGL,1h,19,0.1,0.75,10,30,0.5111151385497621,0.7248287004560963,0.513183600239341,0.06277777272333813,8.174606679675351,0.23684210526315788,0.30899092687901286,-0.014427662514800432,0.2274763584136963
GOOGL,1h,19,0.1,0.75,12,26,0.5214706257072443,0.3608763108752462,0.5268487567412133,0.0669951365769432,7.863985113846781,0.35526315789473684,0.4200068202952899,-0.027950042825604426,0.22020483016967773
GOOGL,1h,19,0.1,0.75,20,50,0.48259219087222155,0.8048389244186369,0.4663228604790336,0.067677654548905,6.890351971965296,0.06578947368421052,0.09471701216422294,-0.0004999999999999449,0.18088102340698242
GOOGL,1h,19,0.1,1.0,8,21,0.6825173161201014,0.4939014225108276,0.6405986439280187,0.06635576536005082,9.654001283115154,0.5526315789473685,0.7996775895179508,-0.035173421180122566,0.1883080005645752
GOOGL,1h,19,0.1,1.0,9,21,0.6228201805138516,0.1054735123216648,0.6275905122673325,0.07287958742769057,8.611334592007854,0.4868421052631579,0.6451453077933131,-0.056384371418483625,0.18670082092285156
GOOGL,1h,19,0.1,1.0,10,30,0.6013166007890156,0.6039026421136189,0.5979869572640222,0.06404592031647288,9.336846973377279,0.23684210526315788,0.3089798713518784,-0.014427662514800432,0.1876528263092041
GOOGL,1h,19,0.1,1.0,12,26,0.6176683062672578,0.22114397905406058,0.6142321968044298,0.06919801269974418,8.87644273065519,0.35526315789473684,0.4216314964578228,-0.027950042825604426,0.20513248443603516
GOOGL,1h,19,0.1,1.0,20,50,0.5677624096404809,0.7756206742606571,0.5341519612936725,0.06902130719465506,7.738942987377044,0.06578947368421052,0.09474825870731123,-0.0004999999999999449,0.21634697914123535
GOOGL,1h,19,0.25,0.0,8,21,0.17074473686165603,0.2513879425899659,0.4099961497264094,0.40628484196007936,1.009134743369763,0.23684210526315788,0.08934085461491018,-0.03483887701721966,0.21737122535705566
GOOGL,1h,19,0.25,0.0,9,21,0.4493173038620463,1.0415441747577678,0.26850255956876207,0.511977402160222,0.5244422086518867,0.21052631578947367,0.07705372496643595,-0.027950042825604426,0.1967325210571289
GOOGL,1h,19,0.25,0.0,10,30,0.5008882237882282,1.281916831030884,0.3898612032057992,0.4776411085731546,0.8162220466542796,0.10526315789473684,0.023454908793003423,-0.014427662514800432,0.19118165969848633
GOOGL,1h,19,0.25,0.0,12,26,0.2853477111530505,0.5420619415442163,0.3450978147721097,0.4901116348602399,0.7041208374302678,0.14473684210526316,0.007125456411098729,-0.027950042825604426,0.18934011459350586
GOOGL,1h,19,0.25,0.0,20,50,0.24038312040266138,0.4560933565397889,0.478073283457623,0.397952928176765,1.2013312369579292,0.02631578947368421,0.016019633440299507,-0.0004999999999999449,0.17184662818908691
GOOGL,1h,19,0.25,0.25,8,21,0.2838595654283023,0.28496385882055963,0.3304950882014116,0.10775605231785795,3.0670675205000997,0.5526315789473685,0.7741774278967334,-0.027950042825604426,0.1978611946105957
GOOGL,1h,19,0.25,0.25,9,21,0.3003259740226007,0.899782070250206,0.2888206127488711,0.11998925849533737,2.407053901079773,0.4868421052631579,0.615005346323692,-0.027950042825604426,0.21161746978759766
GOOGL,1h,19,0.25,0.25,10,30,0.305507867963124,1.188448754673376,0.3026762389282279,0.12410580733663994,2.438856371218886,0.23684210526315788,0.30885386110127266,-0.014427662514800432,0.19020652770996094
GOOGL,1h,19,0.25,0.25,12,26,0.28701190945757216,0.6722140157175365,0.29757586283336346,0.12518412773838408,2.377105374375033,0.35526315789473684,0.41587779297033295,-0.027950042825604426,0.19342708587646484
GOOGL,1h,19,0.25,0.25,20,50,0.25581578027245705,0.549690314600084,0.32735198384347897,0.12336248036241511,2.653578161542976,0.06578947368421052,0.09461702768791995,-0.0004999999999999449,0.19476532936096191
GOOGL,1h,19,0.25,0.5,8,21,0.47133582104021854,0.2612462367080013,0.4746251296176265,0.06991980944325607,6.788135342428414,0.5526315789473685,0.7857042919165855,-0.027950042825604426,0.22639703750610352
GOOGL,1h,19,0.25,0.5,9,21,0.4435203388457812,0.7597743376905675,0.44397383155999187,0.07786570432000607,5.7017891950913935,0.4868421052631579,0.6276104959303045,-0.033494149169112974,0.18992090225219727
GOOGL,1h,19,0.25,0.5,10,30,0.42786539388363676,1.090927310198146,0.4210684054646313,0.06441167099348816,6.537144572870965,0.23684210526315788,0.3089823789901251,-0.014427662514800432,0.19090509414672852
GOOGL,1h,19,0.25,0.5,12,26,0.4416284428216806,0.7327943890559991,0.4246273816385101,0.06168286861717013,6.88404075812243,0.35526315789473684,0.41804793374090543,-0.027950042825604426,0.19235873222351074
GOOGL,1h,19,0.25,0.5,20,50,0.38560003433411427,0.5740867782367627,0.3975554567618893,0.06841500987390187,5.810939112552025,0.06578947368421052,0.09467535112808541,-0.0004999999999999449,0.17281627655029297
GOOGL,1h,19,0.25,0.75,8,21,0.6231827465273777,0.19800264337201345,0.6030906905313816,0.06702705797259878,8.997719857821153,0.5526315789473685,0.7936081708228203,-0.027950042825604426,0.19008350372314453
GOOGL,1h,19,0.25,0.75,9,21,0.5714640998700873,0.6227045891578775,0.5760049998268222,0.07066511650243593,8.151192955394993,0.4868421052631579,0.6373744106577577,-0.044939260293798244,0.18910837173461914
GOOGL,1h,19,0.25,0.75,10,30,0.5427275296464871,0.9902412090950965,0.5318126704180839,0.05555546607234716,9.572643486160846,0.23684210526315788,0.30899092687901286,-0.014427662514800432,0.1951742172241211
GOOGL,1h,19,0.25,0.75,12,26,0.5724089121819677,0.7375406840586476,0.5403371355580735,0.050718198099163524,10.653713180062386,0.35526315789473684,0.4200068202952899,-0.027950042825604426,0.1897575855255127
GOOGL,1h,19,0.25,0.75,20,50,0.4971357664002861,0.544608470058306,0.4770952308409798,0.060257762132814786,7.917573005605636,0.06578947368421052,0.09471701216422294,-0.0004999999999999449,0.18333935737609863
GOOGL,1h,19,0.25,1.0,8,21,0.7449262110794987,0.1092896399419796,0.7085734213214143,0.07188932248266768,9.856448730508616,0.5526315789473685,0.7996775895179508,-0.035173421180122566,0.19304728507995605
GOOGL,1h,19,0.25,1.0,9,21,0.6765819161916398,0.48959581091469295,0.683285209155226,0.07237631724217622,9.440729166543607,0.4868421052631579,0.6451453077933131,-0.056384371418483625,0.19905734062194824
GOOGL,1h,19,0.25,1.0,10,30,0.6381751807983774,0.8872612941726388,0.623943393448271,0.06124343450281005,10.187922975149972,0.23684210526315788,0.3089798713518784,-0.014427662514800432,0.19384002685546875
GOOGL,1h,19,0.25,1.0,12,26,0.6784297344825894,0.6986946288646612,0.6360157333206012,0.05695325493948315,11.167328961205339,0.35526315789473684,0.4216314964578228,-0.027950042825604426,0.18680787086486816
GOOGL,1h,19,0.25,1.0,20,50,0.5879996347926214,0.4746808517734771,0.5460174224702884,0.06505667118553875,8.392950523291775,0.06578947368421052,0.09474825870731123,-0.0004999999999999449,0.18628954887390137
GOOGL,1h,19,0.4,0.0,8,21,0.2717245351921182,0.49902561416715874,0.37894158735204075,0.4178863828339922,0.9068053014366287,0.23684210526315788,0.08934085461491018,-0.03483887701721966,0.19484448432922363
GOOGL,1h,19,0.4,0.0,9,21,0.38015768395524524,0.8041543463307959,0.2890945365260635,0.4700625974912159,0.6150128473718137,0.21052631578947367,0.07705372496643595,-0.027950042825604426,0.197723388671875
GOOGL,1h,19,0.4,0.0,10,30,0.42552671302101513,0.9884547005787154,0.3421444907502972,0.4878597445580752,0.7013173244294356,0.10526315789473684,0.023454908793003423,-0.014427662514800432,0.1896076202392578
GOOGL,1h,19,0.4,0.0,12,26,0.29693399835132817,0.5785000247281127,0.2998757381873577,0.5107250229499193,0.5871569332070165,0.14473684210526316,0.007125456411098729,-0.027950042825604426,0.19406366348266602
GOOGL,1h,19,0.4,0.0,20,50,0.2474577611439086,0.47366125895197597,0.4719800674849914,0.36390780483713087,1.2969770398198217,0.02631578947368421,0.016019633440299507,-0.0004999999999999449,0.18683409690856934
GOOGL,1h,19,0.4,0.25,8,21,0.3167510681797353,0.6099881283597592,0.3290769052977314,0.09566242801499625,3.4399806917523,0.5526315789473685,0.7741774278967334,-0.027950042825604426,0.19275450706481934
GOOGL,1h,19,0.4,0.25,9,21,0.3216684662248561,1.0327057304615335,0.30526541496249715,0.10341424192761954,2.9518701609412257,0.4868421052631579,0.615005346323692,-0.027950042825604426,0.1989896297454834
GOOGL,1h,19,0.4,0.25,10,30,0.32275026012912067,1.3025614507890664,0.32191537893941324,0.10991261545857373,2.9288301219685176,0.23684210526315788,0.30885386110127266,-0.014427662514800432,0.19182872772216797
GOOGL,1h,19,0.4,0.25,12,26,0.29631955807289173,0.7366759503152318,0.29756208294078934,0.11993260851180504,2.4810773869852096,0.35526315789473684,0.41587779297033295,-0.027950042825604426,0.18817448616027832
GOOGL,1h,19,0.4,0.25,20,50,0.263872480775321,0.5744143198564309,0.31658978513575364,0.0991824706810714,3.1919933327106924,0.06578947368421052,0.09461702768791995,-0.0004999999999999449,0.17949938774108887
GOOGL,1h,19,0.4,0.5,8,21,0.5100874344318929,0.6528488676085298,0.4897706266701852,0.06369021423218856,7.689888196712311,0.5526315789473685,0.7857042919165855,-0.027950042825604426,0.20362234115600586
GOOGL,1h,19,0.4,0.5,9,21,0.48919905593320534,1.1876252486242675,0.4669711300568428,0.07047171969869372,6.626362064859597,0.4868421052631579,0.6276104959303045,-0.033494149169112974,0.19147253036499023
GOOGL,1h,19,0.4,0.5,10,30,0.47003617284761234,1.5498828769006683,0.4538834942814317,0.06395294266833576,7.097147923830525,0.23684210526315788,0.3089823789901251,-0.014427662514800432,0.18666601181030273
GOOGL,1h,19,0.4,0.5,12,26,0.4567792056576196,0.8260990827412904,0.4373059506778628,0.06245093752921152,7.002392085360005,0.35526315789473684,0.41804793374090543,-0.027950042825604426,0.1887068748474121
GOOGL,1h,19,0.4,0.5,20,50,0.4009585148876723,0.6059426458195096,0.39590610346426225,0.06146129929784181,6.441551154746973,0.06578947368421052,0.09467535112808541,-0.0004999999999999449,0.16899657249450684
GOOGL,1h,19,0.4,0.75,8,21,0.6694430468237542,0.6420597746447168,0.6290528281528388,0.06373301777550784,9.870124624705586,0.5526315789473685,0.7936081708228203,-0.027950042825604426,0.1848599910736084
GOOGL,1h,19,0.4,0.75,9,21,0.6324001400725814,1.2774623517890347,0.6044103849830422,0.0688586867256816,8.777547375988814,0.4868421052631579,0.6373744106577577,-0.044939260293798244,0.18882155418395996
GOOGL,1h,19,0.4,0.75,10,30,0.5999572917276885,1.7346646381373554,0.5725251129272861,0.06193614257375263,9.243796741870577,0.23684210526315788,0.30899092687901286,-0.014427662514800432,0.1875288486480713
GOOGL,1h,19,0.4,0.75,12,26,0.5923469785438802,0.8583817184763867,0.5606364281559769,0.051476282204974466,10.891160047719982,0.35526315789473684,0.4200068202952899,-0.027950042825604426,0.19566702842712402
GOOGL,1h,19,0.4,0.75,20,50,0.5181375810992319,0.5831332818268604,0.48088426082214797,0.05893850602353476,8.159084667502869,0.06578947368421052,0.09471701216422294,-0.0004999999999999449,0.20882534980773926
GOOGL,1h,19,0.4,1.0,8,21,0.7977324032708875,0.5903043637216256,0.7426300242760394,0.06994601916741826,10.617187841648692,0.5526315789473685,0.7996775895179508,-0.035173421180122566,0.20991897583007812
GOOGL,1h,19,0.4,1.0,9,21,0.7486927737338144,1.3108979648284174,0.7159909458043854,0.07330057327936483,9.767876481341888,0.4868421052631579,0.6451453077933131,-0.056384371418483625,0.21911239624023438
GOOGL,1h,19,0.4,1.0,10,30,0.7062729673939462,1.8616620825451902,0.6701852363995182,0.06870457495038859,9.754594026430661,0.23684210526315788,0.3089798713518784,-0.014427662514800432,0.2035982608795166
GOOGL,1h,19,0.4,1.0,12,26,0.7021698874772347,0.8442331796092843,0.6617955934294397,0.05481879287163915,12.072421860493463,0.35526315789473684,0.4216314964578228,-0.027950042825604426,0.1894237995147705
GOOGL,1h,19,0.4,1.0,20,50,0.6134413634826931,0.5190593066375755,0.5536238697981789,0.06349948573963099,8.7185567465573,0.06578947368421052,0.09474825870731123,-0.0004999999999999449,0.1821444034576416
GOOGL,1h,19,0.55,0.0,8,21,0.4035172910154198,0.9252242308556817,0.32804407979487255,0.4814895328346739,0.6813109266645492,0.23684210526315788,0.07204100851061028,-0.03483887701721966,0.19333553314208984
GOOGL,1h,19,0.55,0.0,9,21,0.47229447319129664,1.1402933004236466,0.3073456720496614,0.4693683020824664,0.6548070474423768,0.21052631578947367,0.08682631561504081,-0.022464049902648497,0.19888591766357422
GOOGL,1h,19,0.55,0.0,10,30,0.29109252821137827,0.5550846481081086,0.3544249223418644,0.4643077038802036,0.7633406023202877,0.09210526315789473,0.01555454550564644,-0.014427662514800432,0.19159770011901855
GOOGL,1h,19,0.55,0.0,12,26,0.3040708971076956,0.5897869970062459,0.3423317860338568,0.4727357008141156,0.7241504829110951,0.14473684210526316,0.03948184103180128,-0.020272277016125106,0.19348716735839844
GOOGL,1h,19,0.55,0.0,20,50,0.26444733994302105,0.5049070709383376,0.44778314948193565,0.39928566845851493,1.1214606104212317,0.02631578947368421,0.016019633440299507,-0.0004999999999999449,0.18177509307861328
GOOGL,1h,19,0.55,0.25,8,21,0.34790073058101534,1.2027278266354657,0.33800178433417305,0.09107995651416084,3.711044638911543,0.6842105263157895,1.0744279734002977,-0.020272277016125106,0.20664405822753906
GOOGL,1h,19,0.55,0.25,9,21,0.34778655910407097,1.5198464255022284,0.33002888717726336,0.09836143760645029,3.355267015288326,0.618421052631579,0.9342546383051626,-0.024106983674373583,0.2035372257232666
GOOGL,1h,19,0.55,0.25,10,30,0.3108920128398477,0.7115531021957184,0.3298792890633218,0.09738857275964895,3.387248418533153,0.4342105263157895,0.7167455708549851,-0.014427662514800432,0.2002577781677246
GOOGL,1h,19,0.55,0.25,12,26,0.3098903664276887,0.7542999571890296,0.3138474385357157,0.10432157618593832,3.0084614325259755,0.5263157894736842,0.8111720571363509,-0.020272277016125106,0.2090294361114502
GOOGL,1h,19,0.55,0.25,20,50,0.27324706176551866,0.6201246620410812,0.31847126111871665,0.10751374668938621,2.9621445715104655,0.07894736842105263,0.12135572803617792,-0.0004999999999999449,0.18490004539489746
GOOGL,1h,19,0.55,0.5,8,21,0.5349616546330751,1.409808384013429,0.5232894049461663,0.05856089096299097,8.935816999042453,0.6842105263157895,1.093134072258766,-0.020272277016125106,0.18613862991333008
GOOGL,1h,19,0.55,0.5,9,21,0.516218700128388,1.835283619189441,0.5047019223288393,0.07196613940365801,7.01304705950623,0.618421052631579,0.9506011767288423,-0.03552801034356001,0.19953346252441406
GOOGL,1h,19,0.55,0.5,10,30,0.4910702081783508,0.8013930699623852,0.4740720489929937,0.0560426362071911,8.459131851691218,0.4342105263157895,0.7186038325692181,-0.014427662514800432,0.20187926292419434
GOOGL,1h,19,0.55,0.5,12,26,0.4851153428316912,0.8509728228726419,0.46208482832368186,0.05439307807276445,8.495287354496227,0.5263157894736842,0.8145285575102215,-0.020272277016125106,0.2124490737915039
GOOGL,1h,19,0.55,0.5,20,50,0.41699372863394274,0.6676170783338751,0.4089829409721449,0.06580787503410351,6.214802419318331,0.07894736842105263,0.12134388234774895,-0.0004999999999999449,0.19888758659362793
GOOGL,1h,19,0.55,0.75,8,21,0.6934962734474456,1.5521458914644675,0.6794481332410298,0.06064620627769774,11.203472977845484,0.6842105263157895,1.1062237131120871,-0.024873578564585608,0.1978745460510254
GOOGL,1h,19,0.55,0.75,9,21,0.6629530610593658,2.0876232190202577,0.6525431542847062,0.07654181004055399,8.525316476563209,0.618421052631579,0.9629860383948665,-0.04694903701274644,0.19647502899169922
GOOGL,1h,19,0.55,0.75,10,30,0.6411568722248209,0.8359694530970554,0.6016174424293355,0.054983914770370935,10.94169894853554,0.4342105263157895,0.7196064082998577,-0.014427662514800432,0.2047114372253418
GOOGL,1h,19,0.55,0.75,12,26,0.6318343882897658,0.8910426181820557,0.5925720183036277,0.047110860369741735,12.578246579513195,0.5263157894736842,0.8171562807171558,-0.020272277016125106,0.2013707160949707
GOOGL,1h,19,0.55,0.75,20,50,0.5394135686130215,0.6617548660162633,0.500619463871955,0.05921303119706029,8.454548834122326,0.07894736842105263,0.1213353431092763,-0.0004999999999999449,0.19723200798034668
GOOGL,1h,19,0.55,1.0,8,21,0.8219508783754488,1.635911221289018,0.8059039742641199,0.06891629565143334,11.693953754279573,0.6842105263157895,1.1162618813806577,-0.03311812177085083,0.1887974739074707
GOOGL,1h,19,0.55,1.0,9,21,0.7826088775403607,2.2789208076520193,0.7723745709515557,0.08523122404605032,9.062108160434757,0.618421052631579,0.9727158191924662,-0.058370063681933204,0.20186328887939453
GOOGL,1h,19,0.55,1.0,10,30,0.7622844555200641,0.8256302671959341,0.7061419348027239,0.061660504667291303,11.452094636800904,0.4342105263157895,0.7202870969728821,-0.014427662514800432,0.20455026626586914
GOOGL,1h,19,0.55,1.0,12,26,0.7503938713779478,0.8848426057565044,0.699451783680918,0.052050574617694405,13.437926263414235,0.5263157894736842,0.8192435391863757,-0.020272277016125106,0.19512701034545898
GOOGL,1h,19,0.55,1.0,20,50,0.6388554159232631,0.6151075008275828,0.5781065659639509,0.06126199559801652,9.43662641611153,0.07894736842105263,0.12132889658812189,-0.0004999999999999449,0.170698881149292
GOOGL,1h,19,0.7,0.0,8,21,0.40045665293726673,0.9352160909723699,0.3934224262686584,0.47998313145496496,0.8196588598355186,0.23684210526315788,0.06491531635242939,-0.02983960529968721,0.18737578392028809
GOOGL,1h,19,0.7,0.0,9,21,0.37539922390632435,0.8046663307223332,0.30618896631357645,0.49873053800198963,0.6139366711736327,0.21052631578947367,0.0718697381275307,-0.026857691504842185,0.18839764595031738
GOOGL,1h,19,0.7,0.0,10,30,0.2725863147665635,0.5019241168690993,0.3763021748519716,0.461819645705058,0.8148249611111124,0.09210526315789473,-0.022046548160510968,-0.01491281878322015,0.18859124183654785
GOOGL,1h,19,0.7,0.0,12,26,0.31837975723753437,0.6303363621587035,0.3538048713642907,0.46510129041739695,0.7607049876098488,0.14473684210526316,0.03888932021416758,-0.020272277016125106,0.20197677612304688
GOOGL,1h,19,0.7,0.0,20,50,0.3506253791728197,0.7379268534927341,0.46407593957639487,0.40077263960302145,1.1579531477899225,0.02631578947368421,0.016019633440299507,-0.0004999999999999449,0.1845238208770752
GOOGL,1h,19,0.7,0.25,8,21,0.36174406877095605,1.215434271460314,0.3668263496062112,0.08051055645442845,4.55625157446088,0.6842105263157895,1.0577772065932602,-0.020272277016125106,0.22884416580200195
GOOGL,1h,19,0.7,0.25,9,21,0.352474360583507,1.038311794627818,0.33635018590778815,0.09615757018735992,3.497906459703804,0.618421052631579,0.9254406437995973,-0.02520860396460778,0.20105648040771484
GOOGL,1h,19,0.7,0.25,10,30,0.32108882834546804,0.6345254998921368,0.3325630651000099,0.09068739807521603,3.667136472745446,0.4473684210526316,0.7340224341288508,-0.014427662514800432,0.20931267738342285
GOOGL,1h,19,0.7,0.25,12,26,0.32912130482765123,0.8136369493931028,0.3235194563188051,0.09163848737760533,3.5303884380556347,0.5394736842105263,0.8429052628842948,-0.020272277016125106,0.20536327362060547
GOOGL,1h,19,0.7,0.25,20,50,0.2945040048158231,0.9412780212407126,0.3297527115057202,0.10024150365504647,3.2895826527151204,0.07894736842105263,0.12135572803617792,-0.0004999999999999449,0.18670940399169922
GOOGL,1h,19,0.7,0.5,8,21,0.5651759388468465,1.4233183225440764,0.5633715741576281,0.046019074811456076,12.242131691386835,0.6842105263157895,1.0828549599765913,-0.020272277016125106,0.20143485069274902
GOOGL,1h,19,0.7,0.5,9,21,0.5568413380880644,1.201063620021861,0.5292830820239279,0.06455900814281369,8.198438873984536,0.618421052631579,0.9479504477057498,-0.037705466059286374,0.19978117942810059
GOOGL,1h,19,0.7,0.5,10,30,0.5183364910813913,0.7003461875070707,0.48942725872159343,0.05021857257765048,9.745941264356258,0.4473684210526316,0.742225349321361,-0.014427662514800432,0.2107245922088623
GOOGL,1h,19,0.7,0.5,12,26,0.5211468541290117,0.9304077841664076,0.48712339086254436,0.04442889968586101,10.964111069749626,0.5394736842105263,0.8464827592917855,-0.020272277016125106,0.19370198249816895
GOOGL,1h,19,0.7,0.5,20,50,0.43370128025295834,1.0740313556295478,0.42553731760165786,0.06678576972427207,6.3716764717769525,0.07894736842105263,0.12134388234774895,-0.0004999999999999449,0.18197369575500488
GOOGL,1h,19,0.7,0.75,8,21,0.7360978091226891,1.5646798118410343,0.7299570248483345,0.051300909715503364,14.228929445821079,0.6842105263157895,1.1018946385517487,-0.024873578564585608,0.19337797164916992
GOOGL,1h,19,0.7,0.75,9,21,0.7274848695104295,1.3012068130772065,0.6909080538442723,0.06745939026074833,10.241836624578587,0.618421052631579,0.9656120101822642,-0.05017654328922394,0.20293211936950684
GOOGL,1h,19,0.7,0.75,10,30,0.6806953640202846,0.7121377463666367,0.6269314266264127,0.04883824575479541,12.836894874850302,0.4473684210526316,0.7478183415846293,-0.014427662514800432,0.18561458587646484
GOOGL,1h,19,0.7,0.75,12,26,0.6807873375366948,0.9908674012320846,0.6293103767238207,0.04115949524345512,15.289555253326121,0.5394736842105263,0.8491762489037371,-0.020272277016125106,0.19453787803649902
GOOGL,1h,19,0.7,0.75,20,50,0.5554549941509784,1.1460064612324148,0.521277825334599,0.06725715325157346,7.750518720064975,0.07894736842105263,0.1213353431092763,-0.0004999999999999449,0.19103240966796875
GOOGL,1h,19,0.7,1.0,8,21,0.8742845805705902,1.6458443931166111,0.8649783763616747,0.06295893109367125,13.73877162994948,0.6842105263157895,1.1167928498157529,-0.03311812177085083,0.21396374702453613
GOOGL,1h,19,0.7,1.0,9,21,0.8652420374819384,1.3469477890514607,0.8215910532701018,0.07613204548572185,10.791658729623741,0.618421052631579,0.9795975668477289,-0.06262183565441926,0.2051105499267578
GOOGL,1h,19,0.7,1.0,10,30,0.8113161506444508,0.6812926001168784,0.7393531481163341,0.055804299776563496,13.24903548788628,0.4473684210526316,0.751968943671121,-0.014427662514800432,0.2037973403930664
GOOGL,1h,19,0.7,1.0,12,26,0.8095298725101362,1.004445701581186,0.7453918012434911,0.04956354512447982,15.039113916718929,0.5394736842105263,0.8512948622891877,-0.020272277016125106,0.21559691429138184
GOOGL,1h,19,0.7,1.0,20,50,0.654936175824283,1.1666046339744263,0.6019611883044916,0.07315323891799771,8.2287701434419,0.07894736842105263,0.12132889658812189,-0.0004999999999999449,0.18099522590637207
GOOGL,1h,19,0.85,0.0,8,21,0.3641191589918183,0.7951767163025827,0.40818629196241857,0.49209968913629454,0.8294788657128477,0.39473684210526316,0.2404741787375716,-0.06174292996842767,0.19018149375915527
GOOGL,1h,19,0.85,0.0,9,21,0.4867262543739838,1.2228074517819882,0.3959534337416756,0.46806221472102544,0.8459418882544746,0.35526315789473684,0.2505102498766148,-0.041645005037218796,0.19060373306274414
GOOGL,1h,19,0.85,0.0,10,30,0.3782511522951474,0.8302944245121855,0.3009727338377729,0.46545257775862614,0.6466238414385815,0.3026315789473684,0.3061973668429177,-0.02536738199299482,0.1948401927947998
GOOGL,1h,19,0.85,0.0,12,26,0.26571517501477787,0.493388513452216,0.3353407420877411,0.4612455738192518,0.7270329757552341,0.3684210526315789,0.39611483280182097,-0.03144721547501861,0.18832921981811523
GOOGL,1h,19,0.85,0.0,20,50,0.32135600183424246,0.6635852219254617,0.4911555240139826,0.3468227123159001,1.4161573235336973,0.11842105263157894,0.08628015842749735,-0.01866074765358472,0.1860370635986328
GOOGL,1h,19,0.85,0.25,8,21,0.37935645151475367,1.0214106694322393,0.38662401613307795,0.07402896664660585,5.222604524235977,0.7894736842105263,1.093790974053192,-0.03989957141766953,0.19820261001586914
GOOGL,1h,19,0.85,0.25,9,21,0.3838943031617692,1.6731350482034757,0.36765237776096893,0.08522582797393974,4.313861026652499,0.7368421052631579,1.0270929628993597,-0.04070009116075379,0.20516562461853027
GOOGL,1h,19,0.85,0.25,10,30,0.3543151298765949,1.0971551721800954,0.338260643831217,0.08029211891437442,4.212874792754527,0.5921052631578947,0.8241805291467512,-0.043748080607899587,0.20246624946594238
GOOGL,1h,19,0.85,0.25,12,26,0.33847905049405236,0.625482698053182,0.33515294202022006,0.08523321758497025,3.932186904549287,0.6578947368421053,0.9198078239498039,-0.011569414766344321,0.19663095474243164
GOOGL,1h,19,0.85,0.25,20,50,0.2944498130090361,0.8458516403824787,0.3303425767427045,0.0776583359187962,4.253794172052936,0.2236842105263158,0.3313888273183987,-0.0006119750817544789,0.18351054191589355
GOOGL,1h,19,0.85,0.5,8,21,0.6125773756267285,1.176943177051403,0.6072364158867387,0.044591217009253045,13.617848011655123,0.7894736842105263,1.176501115262984,-0.04220154966229572,0.20275402069091797
GOOGL,1h,19,0.85,0.5,9,21,0.5911636893395299,2.0749617938570735,0.575583584549801,0.06287004344089768,9.155132604463532,0.7368421052631579,1.1032460851113037,-0.052998351811145206,0.19568109512329102
GOOGL,1h,19,0.85,0.5,10,30,0.5565804328970263,1.298979944647492,0.5299008696322695,0.04930687791024826,10.74699701321246,0.5921052631578947,0.8665679167991212,-0.06722388419967451,0.20040011405944824
GOOGL,1h,19,0.85,0.5,12,26,0.5536777484099209,0.6929327283117899,0.5233057549389633,0.047936938289545074,10.916545228193995,0.6578947368421053,0.9636951064500228,-0.011084899967391815,0.1957995891571045
GOOGL,1h,19,0.85,0.5,20,50,0.44302068151504564,0.9589486028064982,0.4372912922156152,0.05803756615902832,7.534624918925726,0.2236842105263158,0.33209788515184924,-0.0006119750817544789,0.17209482192993164
GOOGL,1h,19,0.85,0.75,8,21,0.804683287046183,1.2706788191535652,0.7921399716129718,0.053246532906098855,14.876836638545532,0.7894736842105263,1.237951678327301,-0.04729836286448308,0.19117116928100586
GOOGL,1h,19,0.85,0.75,9,21,0.7669161811979281,2.426436788338793,0.7503707105503372,0.06663394368365963,11.261088104175164,0.7368421052631579,1.160436562420891,-0.06527123737257212,0.19646239280700684
GOOGL,1h,19,0.85,0.75,10,30,0.7257138021016475,1.4417719464051153,0.690183063543184,0.04704148854956118,14.671794724693555,0.5921052631578947,0.9000152375153364,-0.09069968779144899,0.19081521034240723
GOOGL,1h,19,0.85,0.75,12,26,0.7295004486730758,0.70849653625806,0.6821194114619702,0.04150807794004483,16.433413574274343,0.6578947368421053,0.9988235419010785,-0.013136370072880488,0.20097684860229492
GOOGL,1h,19,0.85,0.75,20,50,0.570900563304402,1.0134322932115931,0.5415045981434142,0.062462938836261396,8.669214228983034,0.2236842105263158,0.3323055176577416,-0.0006119750817544789,0.18929338455200195
GOOGL,1h,19,0.85,1.0,8,21,0.9592248686136728,1.3112271434147762,0.9415813935679218,0.06690097416587823,14.07425534990431,0.7894736842105263,1.2858026472217592,-0.055353307984810085,0.19179129600524902
GOOGL,1h,19,0.85,1.0,9,21,0.9092616026445227,2.7265385392104124,0.8917384642771351,0.07421560473750483,12.015511662690736,0.7368421052631579,1.205153671383983,-0.07751874784503465,0.19072580337524414
GOOGL,1h,19,0.85,1.0,10,30,0.8622692733361818,1.5316601497493458,0.8196739449182531,0.05069898312715334,16.167463218394463,0.5921052631578947,0.9266146503702901,-0.1141754913832238,0.19310283660888672
GOOGL,1h,19,0.85,1.0,12,26,0.8706802049240235,0.6833338021679412,0.810769903127275,0.04413586753905607,18.369864428513164,0.6578947368421053,1.0268617388395531,-0.01878853122213875,0.19942784309387207
GOOGL,1h,19,0.85,1.0,20,50,0.6749807623251611,1.0192039646700133,0.6288099074025395,0.06964638314254662,9.028608220983163,0.2236842105263158,0.3323970273538616,-0.0006119750817544789,0.20586133003234863
GOOGL,1h,19,1.0,0.0,8,21,0.4040345663354865,0.9155529454898477,0.38150972954917617,0.4732526822923154,0.8061438293413157,0.35526315789473684,0.18701557867918903,-0.04963010305785076,0.2010653018951416
GOOGL,1h,19,1.0,0.0,9,21,0.412952473554037,0.9448590997843112,0.42037942459050076,0.45555653447674865,0.9227821198379862,0.32894736842105265,0.26183762639543245,-0.04083329514719003,0.1954953670501709
GOOGL,1h,19,1.0,0.0,10,30,0.28325898517231374,0.539023855839009,0.3217285904195861,0.5045398354798498,0.6376673709293966,0.3026315789473684,0.28451364872395035,-0.02536738199299482,0.199476957321167
GOOGL,1h,19,1.0,0.0,12,26,0.3032094553139221,0.5959751143000998,0.342186203378954,0.4959670223352918,0.6899374110959008,0.35526315789473684,0.3401133176396408,-0.028737864121652912,0.21224308013916016
GOOGL,1h,19,1.0,0.0,20,50,0.40536958158476855,0.9491370152512608,0.5190995786161477,0.3548424543004775,1.462901556239882,0.11842105263157894,0.08628015842749735,-0.01866074765358472,0.19455170631408691
GOOGL,1h,19,1.0,0.25,8,21,0.39969559378950087,1.192317876605176,0.40507173219565756,0.06186627369440871,6.547537260713776,0.7894736842105263,1.0885009215137924,-0.052768239195191136,0.2066633701324463
GOOGL,1h,19,1.0,0.25,9,21,0.3840871624536414,1.2626431746706657,0.39047554673369067,0.07477111254934819,5.222278142190016,0.7368421052631579,1.0271005466043857,-0.048830582118575716,0.2015535831451416
GOOGL,1h,19,1.0,0.25,10,30,0.3496355683081614,0.688239519195389,0.36211931936535807,0.08141654256474505,4.44773639309713,0.5921052631578947,0.7992960221118393,-0.043748080607899587,0.20354700088500977
GOOGL,1h,19,1.0,0.25,12,26,0.3500631460277805,0.7654818589068364,0.3638720387412284,0.08247798230637259,4.411747578760958,0.6578947368421053,0.8979460368246233,-0.05175455662651918,0.20769977569580078
GOOGL,1h,19,1.0,0.25,20,50,0.3156025099977591,1.2542014800260515,0.3429540890358922,0.0812606988365567,4.220417667410062,0.2236842105263158,0.3313888273183987,-0.0006119750817544789,0.17737150192260742
GOOGL,1h,19,1.0,0.5,8,21,0.6460878145921751,1.399846916184321,0.6505531580952859,0.041436908485796474,15.699847837786429,0.7894736842105263,1.189639745922015,-0.07598758711107556,0.19801831245422363
GOOGL,1h,19,1.0,0.5,9,21,0.6113653606632827,1.5181101976492428,0.6145164630673003,0.05813132472763418,10.571175970039,0.7368421052631579,1.114602387559495,-0.0712627136632078,0.20064806938171387
GOOGL,1h,19,1.0,0.5,10,30,0.5723585928624518,0.7716040656770269,0.5707282480237155,0.04894375867621906,11.660899437644185,0.5921052631578947,0.8499855188733999,-0.06722388419967451,0.21869826316833496
GOOGL,1h,19,1.0,0.5,12,26,0.5680231757226846,0.8684166759745011,0.5688940319188804,0.04985050680297497,11.412000968562472,0.6578947368421053,0.9509461998366704,-0.07477124913138511,0.2116410732269287
GOOGL,1h,19,1.0,0.5,20,50,0.4564947858549153,1.4955737046294852,0.459326741637384,0.05544919912761549,8.283739871161178,0.2236842105263158,0.33209788515184924,-0.0006119750817544789,0.18303322792053223
GOOGL,1h,19,1.0,0.75,8,21,0.8489901237199419,1.5445682672538368,0.8535674181714524,0.05264417885013732,16.21389936770238,0.7894736842105263,1.2663105090504232,-0.09920693502696032,0.22097301483154297
GOOGL,1h,19,1.0,0.75,9,21,0.8001413436762568,1.714834869794574,0.8022048258317863,0.06388255437507283,12.557494509718746,0.7368421052631579,1.1814620210779745,-0.09369484520783955,0.2094571590423584
GOOGL,1h,19,1.0,0.75,10,30,0.7543391241894174,0.8009859769759229,0.7446418081961997,0.04708300597697424,15.815511196552826,0.5921052631578947,0.890202965968707,-0.09069968779144899,0.20032572746276855
GOOGL,1h,19,1.0,0.75,12,26,0.7469181575796578,0.9156895175584094,0.7406067505711775,0.04682801882447154,15.81546196406987,0.6578947368421053,0.9930856592270164,-0.09778794163625104,0.20696783065795898
GOOGL,1h,19,1.0,0.75,20,50,0.5815447397479756,1.6779684258208696,0.571007695200825,0.055151515954576354,10.35343608090693,0.2236842105263158,0.3323055176577416,-0.0006119750817544789,0.19367122650146484
GOOGL,1h,19,1.0,1.0,8,21,1.0122018335903225,1.6330949268435893,1.0170936912104822,0.06661316247277668,15.26865942787427,0.7894736842105263,1.3262387941935816,-0.12242628294284452,0.21837735176086426
GOOGL,1h,19,1.0,1.0,9,21,0.9522873286598081,1.8568859304860008,0.953846362201805,0.07233163506624349,13.187125679216898,0.7368421052631579,1.233953062901478,-0.11612697675247163,0.1997535228729248
GOOGL,1h,19,1.0,1.0,10,30,0.9004371276529589,0.7870103117286973,0.8850022823184147,0.05142248130645795,17.21041575267724,0.5921052631578947,0.9222037102163304,-0.1141754913832238,0.22550582885742188
GOOGL,1h,19,1.0,1.0,12,26,0.8907047050595327,0.917254971904625,0.8793474247441877,0.05020076258791275,17.516614876203402,0.6578947368421053,1.026585349898522,-0.12080463414111697,0.21436786651611328
GOOGL,1h,19,1.0,1.0,20,50,0.6840276403993513,1.806451092899771,0.6642106613060693,0.059500758061286844,11.163062168416753,0.2236842105263158,0.3323970273538616,-0.0006119750817544789,0.21368765830993652
