ticker,timeframe,n_mu,x_zero,bear_alloc,fast_period,slow_period,in_sample_sharpe,in_sample_return,mc_sharpe_mean,mc_sharpe_std,mc_robust_sharpe,wf_pos_sharpe_frac,wf_mean_sharpe,wf_worst_return,runtime_s
IWM,1h,1,0.0,0.0,8,21,0.03379220468994342,0.005696858689911988,0.012904366252500016,0.2383886908665642,0.054131620948927955,0.2631578947368421,-0.37034818865898034,-0.05235049800768177,0.20799565315246582
IWM,1h,1,0.0,0.0,9,21,0.06358713740201209,0.041204959658429186,0.046331678976009844,0.24093416905440046,0.19230015882698906,0.27631578947368424,-0.3219968806738133,-0.05235049800768177,0.2064807415008545
IWM,1h,1,0.0,0.0,10,30,0.18321996927187353,0.1846595830513622,0.11303219890224707,0.22772709015886825,0.49634937513755134,0.14473684210526316,-0.07375363391983514,-0.0233567667820479,0.1910390853881836
IWM,1h,1,0.0,0.0,12,26,0.20163101218467536,0.20813351789837653,0.12632772371832096,0.2231563919391348,0.5660950269924442,0.18421052631578946,-0.094064540422021,-0.023677885582670144,0.19324994087219238
IWM,1h,1,0.0,0.0,20,50,0.12959136202294583,0.1175743704772636,0.07566137720802557,0.2935495566261187,0.2577465218398956,0.039473684210526314,0.016488252759145047,-0.012900375893882932,0.198441743850708
IWM,1h,1,0.0,0.25,8,21,0.3697848661485317,0.0934923495055382,0.3790823432839702,0.042827437350140996,8.85138982715066,0.7894736842105263,0.974000857319611,-0.038802531998233025,0.21857428550720215
IWM,1h,1,0.0,0.25,9,21,0.36437810156990597,0.14229390886752813,0.36797174154962337,0.04149541184017111,8.867769356451964,0.7894736842105263,1.00638852819504,-0.05181850798486465,0.20142889022827148
IWM,1h,1,0.0,0.25,10,30,0.3274410810756478,0.35203986668434073,0.32194722024074046,0.0428248076316018,7.517773880276938,0.5,0.814271510101047,-0.010278656699111322,0.18137049674987793
IWM,1h,1,0.0,0.25,12,26,0.3240819331504896,0.38513359201808606,0.3243627231165646,0.05084184139549619,6.379838224059646,0.5526315789473685,0.8594319470150855,-0.022949912456486254,0.18264508247375488
IWM,1h,1,0.0,0.25,20,50,0.26903141565453886,0.2526995735541526,0.26300909840228315,0.04645109926912445,5.662064031649354,0.14473684210526316,0.2572089284536993,-0.0065451929791707775,0.1668105125427246
IWM,1h,1,0.0,0.5,8,21,0.6500425327303377,0.13809584162234323,0.6611906180523036,0.05079583946560866,13.016629413122761,0.7894736842105263,1.0884661952044503,-0.04763796489824179,0.19191431999206543
IWM,1h,1,0.0,0.5,9,21,0.6369972611726189,0.19977077302823298,0.640815980132263,0.045331199957486815,14.136311872027273,0.7894736842105263,1.1112787527082801,-0.06053429660127241,0.20439386367797852
IWM,1h,1,0.0,0.5,10,30,0.5547564862811594,0.4769584981874171,0.5507009889727308,0.04816090614379434,11.434606054306768,0.5,0.842033155218699,-0.014655871413157384,0.1990664005279541
IWM,1h,1,0.0,0.5,12,26,0.5457515998109987,0.5197359021068373,0.5488982850789531,0.059943520881923854,9.156924334827902,0.5526315789473685,0.9007384470101089,-0.02671504920510892,0.19194555282592773
IWM,1h,1,0.0,0.5,20,50,0.45229270575300407,0.33956964029270376,0.4484571382236496,0.04280691106764337,10.476278877375636,0.14473684210526316,0.25789718430059755,-0.0065451929791707775,0.18686628341674805
IWM,1h,1,0.0,0.75,8,21,0.8699671505018889,0.14851200066736525,0.8821018771113103,0.0628590898444516,14.033004284569211,0.7894736842105263,1.1713597372248525,-0.05643447546064506,0.19292998313903809
IWM,1h,1,0.0,0.75,9,21,0.8513795228446088,0.22201270814021234,0.8549335134769815,0.05466831159379668,15.638557119331129,0.7894736842105263,1.1862988870828963,-0.06921168994368931,0.2072615623474121
IWM,1h,1,0.0,0.75,10,30,0.7356634759363828,0.5642906981592821,0.7317867475460976,0.05638257724051215,12.978951714542989,0.5,0.861055565236253,-0.01903308612720367,0.20226597785949707
IWM,1h,1,0.0,0.75,12,26,0.722586190444247,0.6163429948465742,0.7269147133990291,0.07151457130062742,10.164567866082582,0.5526315789473685,0.9295728335466709,-0.030480185953731365,0.19206714630126953
IWM,1h,1,0.0,0.75,20,50,0.5981931544834903,0.38629614485021535,0.5956484178305212,0.0456323726173968,13.053198500650334,0.14473684210526316,0.258094959516768,-0.0065451929791707775,0.18800711631774902
IWM,1h,1,0.0,1.0,8,21,1.0447707323115756,0.13243137550259276,1.0575415987447259,0.0739168442636781,14.307180038317597,0.7894736842105263,1.2355252648818156,-0.06519206368544384,0.19013738632202148
IWM,1h,1,0.0,1.0,9,21,1.0218547223738428,0.21628532755001806,1.0250722848311995,0.06383291161407648,16.058679745467696,0.7894736842105263,1.2441757356663912,-0.07785068801211559,0.1998755931854248
IWM,1h,1,0.0,1.0,10,30,0.8799035440553923,0.6187174166723652,0.8759703563914144,0.06398654700526359,13.689914480294684,0.5,0.8756060874039197,-0.023410300841249843,0.20270514488220215
IWM,1h,1,0.0,1.0,12,26,0.8636603020494577,0.6792810252585193,0.8686794395773025,0.08172978292571871,10.628676701207127,0.5526315789473685,0.9516744728063439,-0.03424532270235403,0.19717073440551758
IWM,1h,1,0.0,1.0,20,50,0.7145363527193357,0.400097274796841,0.7129488939504897,0.0493186727407537,14.45596270804254,0.14473684210526316,0.258179362556226,-0.0065451929791707775,0.18280959129333496
IWM,1h,1,0.1,0.0,8,21,0.035684975567413936,0.007881530729984432,0.02601897098035174,0.24305843379489375,0.10704821295075075,0.2631578947368421,-0.3571683368100734,-0.05235049800768177,0.20033836364746094
IWM,1h,1,0.1,0.0,9,21,0.058168151983206434,0.03470484647846317,0.044423616076138005,0.24881870375705745,0.1785380898033795,0.27631578947368424,-0.30850693650629746,-0.054813916223198644,0.19276142120361328
IWM,1h,1,0.1,0.0,10,30,0.1985217068778707,0.2041309630285757,0.11861879439160346,0.231889046837771,0.5115325454530367,0.14473684210526316,-0.07375363391983514,-0.0233567667820479,0.17731285095214844
IWM,1h,1,0.1,0.0,12,26,0.1901360492746597,0.19366454036307856,0.11836403447243812,0.24118293271856728,0.49076455426701077,0.18421052631578946,-0.094064540422021,-0.023677885582670144,0.18651461601257324
IWM,1h,1,0.1,0.0,20,50,0.11885469257605814,0.1046261793819363,0.07277679002140076,0.29609061028794664,0.24579229294243982,0.039473684210526314,0.016488252759145047,-0.012900375893882932,0.19082403182983398
IWM,1h,1,0.1,0.25,8,21,0.3694852495050754,0.09647452943389001,0.3806871616432923,0.043321108469757355,8.787567425913203,0.7894736842105263,0.9747313433049445,-0.038802531998233025,0.22630572319030762
IWM,1h,1,0.1,0.25,9,21,0.36860087661554386,0.1334587008494672,0.3689020853675052,0.04189796484408868,8.804773375992582,0.7894736842105263,1.0091615922391193,-0.06645104138446101,0.2183680534362793
IWM,1h,1,0.1,0.25,10,30,0.3288148724565006,0.37986334992903803,0.32353215523102274,0.04280536420092158,7.558215220700242,0.5,0.814271510101047,-0.010278656699111322,0.19650626182556152
IWM,1h,1,0.1,0.25,12,26,0.32404225885125765,0.36453155900700374,0.32555228152026455,0.051957479340700684,6.265744328848618,0.5526315789473685,0.8594319470150855,-0.022949912456486254,0.19111943244934082
IWM,1h,1,0.1,0.25,20,50,0.26723330172106624,0.23445082725351174,0.26253057106710426,0.04721781467749932,5.559989865270233,0.14473684210526316,0.2572089284536993,-0.0065451929791707775,0.18782424926757812
IWM,1h,1,0.1,0.5,8,21,0.649810500891715,0.14183814095720848,0.6626577550352268,0.051479711117626066,12.87221199670525,0.7894736842105263,1.088872281765676,-0.04763796489824179,0.20802593231201172
IWM,1h,1,0.1,0.5,9,21,0.6454441733477667,0.18873486735619505,0.642899409891623,0.04561643324787341,14.093592245544412,0.7894736842105263,1.1164052856384465,-0.07802858452574957,0.19882631301879883
IWM,1h,1,0.1,0.5,10,30,0.5555335854119882,0.5134921906134644,0.5529204313649906,0.0472490413373826,11.702257140348154,0.5,0.842033155218699,-0.014655871413157384,0.19551706314086914
IWM,1h,1,0.1,0.5,12,26,0.5478742790748088,0.4927892446336013,0.5519204533465699,0.060799846459578956,9.07766195945081,0.5526315789473685,0.9007384470101089,-0.02671504920510892,0.18639659881591797
IWM,1h,1,0.1,0.5,20,50,0.451050943049489,0.31601585822699163,0.4481788199538599,0.04343321354322618,10.318804053211892,0.14473684210526316,0.25789718430059755,-0.0065451929791707775,0.18141651153564453
IWM,1h,1,0.1,0.75,8,21,0.8698195451349848,0.15294062895086102,0.8836659758935153,0.06388922159172834,13.831221509324546,0.7894736842105263,1.1716493083072101,-0.05643447546064506,0.19318103790283203
IWM,1h,1,0.1,0.75,9,21,0.8630586494232827,0.20901830599427607,0.8578859916723974,0.05497099314956085,15.60615776648472,0.7894736842105263,1.1932666933210685,-0.08954654564706466,0.19538331031799316
IWM,1h,1,0.1,0.75,10,30,0.7362417668000425,0.609509414409652,0.7345869980357767,0.055276042390234974,13.28942822732816,0.5,0.861055565236253,-0.01903308612720367,0.1922307014465332
IWM,1h,1,0.1,0.75,12,26,0.7262321917317426,0.5831308480706068,0.7312955939310161,0.0726468545603827,10.066445386471303,0.5526315789473685,0.9295728335466709,-0.030480185953731365,0.18531584739685059
IWM,1h,1,0.1,0.75,20,50,0.5971875925240462,0.35769350398663424,0.5954537147831593,0.04614843836667084,12.903008982709279,0.14473684210526316,0.258094959516768,-0.0065451929791707775,0.17187952995300293
IWM,1h,1,0.1,1.0,8,21,1.0446919258440606,0.13744937029949633,1.059221315995966,0.07524802847096272,14.076399575102574,0.7894736842105263,1.2357529566650856,-0.06519206368544384,0.1897728443145752
IWM,1h,1,0.1,1.0,9,21,1.0360922188264616,0.20164133380717075,1.0287066319582612,0.06414810645515194,16.03643020511391,0.7894736842105263,1.2526216789224796,-0.10100492474840506,0.19223856925964355
IWM,1h,1,0.1,1.0,10,30,0.8803797061950576,0.6722842142874439,0.8792446349872979,0.06287150715427452,13.984786985141005,0.5,0.8756060874039197,-0.023410300841249843,0.18191099166870117
IWM,1h,1,0.1,1.0,12,26,0.8684827105851152,0.6401162575840258,0.8741228579494724,0.0831258071538919,10.515661596298214,0.5526315789473685,0.9516744728063439,-0.03424532270235403,0.1818528175354004
IWM,1h,1,0.1,1.0,20,50,0.7136790929818118,0.36689356363480874,0.7128036625167311,0.04975479720015833,14.326330376731248,0.14473684210526316,0.258179362556226,-0.0065451929791707775,0.17007946968078613
IWM,1h,1,0.25,0.0,8,21,0.021998238999849914,-0.008222241149026366,0.0127939993632856,0.25200801157149966,0.050768224722314785,0.2631578947368421,-0.3571683368100734,-0.05235049800768177,0.22106266021728516
IWM,1h,1,0.25,0.0,9,21,0.06170228375466706,0.03894508530957186,0.015498170038703648,0.2502970496206835,0.06191910796467872,0.27631578947368424,-0.30850693650629746,-0.054813916223198644,0.19472885131835938
IWM,1h,1,0.25,0.0,10,30,0.19161604013999847,0.19505030383290878,0.1242061521827719,0.22975724801853092,0.5405973184913588,0.14473684210526316,-0.07375363391983514,-0.0233567667820479,0.19223856925964355
IWM,1h,1,0.25,0.0,12,26,0.09752346623515697,0.08027522208963589,0.097252440849899,0.2132359713708974,0.45607896371640083,0.18421052631578946,-0.094064540422021,-0.023677885582670144,0.1915569305419922
IWM,1h,1,0.25,0.0,20,50,0.13561115496135034,0.12467307903630864,0.07183044513812906,0.28919781192834937,0.248378245530867,0.039473684210526314,0.016488252759145047,-0.012900375893882932,0.16995501518249512
IWM,1h,1,0.25,0.25,8,21,0.3723721736971993,0.07472812639490845,0.3808680455158344,0.0440911826577819,8.63819073468679,0.7894736842105263,0.9747313433049445,-0.038802531998233025,0.2153916358947754
IWM,1h,1,0.25,0.25,9,21,0.37174814338894074,0.1394253468734281,0.3774302231583014,0.04017616991533974,9.394380398968645,0.7894736842105263,1.0091615922391193,-0.06645104138446101,0.19733405113220215
IWM,1h,1,0.25,0.25,10,30,0.3277661993905646,0.36694670745541313,0.3261626695686251,0.04071496989797647,8.010878317874807,0.5,0.814271510101047,-0.010278656699111322,0.20058727264404297
IWM,1h,1,0.25,0.25,12,26,0.32483167260902196,0.20401692781833458,0.3257591650512838,0.052322148184587906,6.226028103854497,0.5526315789473685,0.8594319470150855,-0.022949912456486254,0.19480466842651367
IWM,1h,1,0.25,0.25,20,50,0.26904000870887135,0.2598974656654982,0.26219213184917833,0.0463278216174193,5.659496231322775,0.14473684210526316,0.2572089284536993,-0.0065451929791707775,0.18565940856933594
IWM,1h,1,0.25,0.5,8,21,0.6572008114566251,0.11485646344888867,0.6653554966115203,0.05263730812025971,12.640378476258551,0.7894736842105263,1.088872281765676,-0.04763796489824179,0.19965314865112305
IWM,1h,1,0.25,0.5,9,21,0.6512185470279828,0.19644830217188525,0.6559257013304995,0.045486543764741434,14.420214134601618,0.7894736842105263,1.1164052856384465,-0.07802858452574957,0.20906662940979004
IWM,1h,1,0.25,0.5,10,30,0.5549063849541286,0.4966128993396981,0.5572818367028737,0.047347661752322634,11.769996998331946,0.5,0.842033155218699,-0.014655871413157384,0.19266867637634277
IWM,1h,1,0.25,0.5,12,26,0.5620183303290159,0.2839693299731092,0.5565679006728036,0.06260199835161978,8.890577223217393,0.5526315789473685,0.9007384470101089,-0.02671504920510892,0.19357800483703613
IWM,1h,1,0.25,0.5,20,50,0.4521158285766935,0.34635196271998137,0.4479468510712685,0.04300712782028107,10.41564209875062,0.14473684210526316,0.25789718430059755,-0.0065451929791707775,0.17718791961669922
IWM,1h,1,0.25,0.75,8,21,0.8805486721539606,0.12138797329869289,0.8881665934396846,0.0660060360593455,13.455838987833493,0.7894736842105263,1.1716493083072101,-0.05643447546064506,0.19947576522827148
IWM,1h,1,0.25,0.75,9,21,0.8709502982166846,0.21841602875165544,0.8739076178245492,0.056422280650555406,15.48869715559693,0.7894736842105263,1.1932666933210685,-0.08954654564706466,0.19229602813720703
IWM,1h,1,0.25,0.75,10,30,0.7358338274171964,0.5887219606029142,0.7404220445101951,0.0567453050575046,13.048163962813588,0.5,0.861055565236253,-0.01903308612720367,0.19290781021118164
IWM,1h,1,0.25,0.75,12,26,0.7492262494611281,0.32709560656056746,0.739010151807293,0.07407510328027139,9.976498433099255,0.5526315789473685,0.9295728335466709,-0.030480185953731365,0.1994764804840088
IWM,1h,1,0.25,0.75,20,50,0.5980263112963368,0.39224174643517995,0.5952847732855798,0.045910389817141545,12.966232167850567,0.14473684210526316,0.258094959516768,-0.0065451929791707775,0.1883680820465088
IWM,1h,1,0.25,1.0,8,21,1.0580414866766388,0.10214020516788569,1.0651225363979735,0.07821391627244484,13.618069355941733,0.7894736842105263,1.2357529566650856,-0.06519206368544384,0.20435810089111328
IWM,1h,1,0.25,1.0,9,21,1.0456780919444915,0.21259774249406282,1.0469643202892507,0.0669503721814858,15.63791635767447,0.7894736842105263,1.2526216789224796,-0.10100492474840506,0.20418977737426758
IWM,1h,1,0.25,1.0,10,30,0.8801141818768029,0.6477881847725897,0.8862749962037382,0.06527442449820775,13.577676142178362,0.5,0.8756060874039197,-0.023410300841249843,0.18678808212280273
IWM,1h,1,0.25,1.0,12,26,0.8981817084429495,0.33972888837188253,0.8841934836176728,0.08392597547680075,10.535397159155881,0.5526315789473685,0.9516744728063439,-0.03424532270235403,0.1826033592224121
IWM,1h,1,0.25,1.0,20,50,0.714407852105449,0.4048792617917296,0.7126784497335964,0.04960889701786093,14.365940236022732,0.14473684210526316,0.258179362556226,-0.0065451929791707775,0.18660640716552734
IWM,1h,1,0.4,0.0,8,21,0.013208429912904206,-0.01832303425145143,-0.00031751668148931046,0.26417514019188204,-0.0012019173388483266,0.2631578947368421,-0.3571683368100734,-0.05235049800768177,0.19551610946655273
IWM,1h,1,0.4,0.0,9,21,0.07508841357034354,0.055238438092653386,-0.002220514061063211,0.2657135014648775,-0.008356798012978362,0.27631578947368424,-0.30850693650629746,-0.054813916223198644,0.20577430725097656
IWM,1h,1,0.4,0.0,10,30,0.19401289170398173,0.1983190492285687,0.13835139570429095,0.23865961117212234,0.5797017560902307,0.14473684210526316,-0.07375363391983514,-0.0233567667820479,0.19508004188537598
IWM,1h,1,0.4,0.0,12,26,0.1579766758071342,0.15472862901301054,0.09098369086983313,0.23069160635561167,0.394395324160956,0.18421052631578946,-0.094064540422021,-0.023677885582670144,0.19620299339294434
IWM,1h,1,0.4,0.0,20,50,0.1494359925146343,0.1415892310139737,0.07101368040218024,0.2771242122609434,0.2562521687398174,0.039473684210526314,0.016488252759145047,-0.012900375893882932,0.1858818531036377
IWM,1h,1,0.4,0.25,8,21,0.3725050406548702,0.0609799014975545,0.3803354173933452,0.04455354894179471,8.536590831186533,0.7894736842105263,0.9747313433049445,-0.038802531998233025,0.20639824867248535
IWM,1h,1,0.4,0.25,9,21,0.3741534465740118,0.16192621762715542,0.3794237174133709,0.0413254662640999,9.181353574780653,0.7894736842105263,1.0091615922391193,-0.06645104138446101,0.20266222953796387
IWM,1h,1,0.4,0.25,10,30,0.32761126557635084,0.37147411963853694,0.32751159794863755,0.041514020366400305,7.889180451761584,0.5,0.814271510101047,-0.010278656699111322,0.20126867294311523
IWM,1h,1,0.4,0.25,12,26,0.3310156499312285,0.3083556572003634,0.32560057315614677,0.052538369231948344,6.1973863657372625,0.5526315789473685,0.8594319470150855,-0.022949912456486254,0.2007455825805664
IWM,1h,1,0.4,0.25,20,50,0.2708545062225905,0.2839600403291169,0.25663142156016855,0.043719119276096,5.870004378164249,0.14473684210526316,0.2572089284536993,-0.0065451929791707775,0.1830892562866211
IWM,1h,1,0.4,0.5,8,21,0.6591407700146494,0.09765930898187314,0.6666680217392232,0.05475228316470059,12.17607710958493,0.7894736842105263,1.088872281765676,-0.04763796489824179,0.20352387428283691
IWM,1h,1,0.4,0.5,9,21,0.654566711809709,0.22501068077802056,0.6621752931587996,0.050059134175366775,13.227861489554977,0.7894736842105263,1.1164052856384465,-0.07802858452574957,0.19183707237243652
IWM,1h,1,0.4,0.5,10,30,0.5547305023888649,0.5023726957336723,0.5580707489608349,0.04696378652604115,11.883001568695656,0.5,0.842033155218699,-0.014655871413157384,0.18633437156677246
IWM,1h,1,0.4,0.5,12,26,0.5658582982278996,0.41829447819025467,0.5576047753479131,0.061281857403957724,9.0990188445545,0.5526315789473685,0.9007384470101089,-0.02671504920510892,0.18891429901123047
IWM,1h,1,0.4,0.5,20,50,0.4533135069148986,0.3777008437394802,0.44294815410701044,0.038719774442662704,11.439843348337169,0.14473684210526316,0.25789718430059755,-0.0065451929791707775,0.17621779441833496
IWM,1h,1,0.4,0.75,8,21,0.8837735393052325,0.10110864281438592,0.8907522951654064,0.06919074669784861,12.873864464207367,0.7894736842105263,1.1716493083072101,-0.05643447546064506,0.20060324668884277
IWM,1h,1,0.4,0.75,9,21,0.8752493605870162,0.2526033250143467,0.8832949964396398,0.06268422415463139,14.09118495685135,0.7894736842105263,1.1932666933210685,-0.08954654564706466,0.19026637077331543
IWM,1h,1,0.4,0.75,10,30,0.73570496135881,0.5956260870089385,0.7410415012772261,0.05611376268537932,13.206056158310476,0.5,0.861055565236253,-0.01903308612720367,0.1947460174560547
IWM,1h,1,0.4,0.75,12,26,0.752261519631744,0.49006580804143307,0.740872915173955,0.07216124788397174,10.266908304651363,0.5526315789473685,0.9295728335466709,-0.030480185953731365,0.19005918502807617
IWM,1h,1,0.4,0.75,20,50,0.5990225918299935,0.43066998230828113,0.5907874648812591,0.04153382557269977,14.224248711382472,0.14473684210526316,0.258094959516768,-0.0065451929791707775,0.176347017288208
IWM,1h,1,0.4,1.0,8,21,1.0622550722960191,0.07925043688819478,1.0686861677051478,0.08211467246096389,13.01455800378654,0.7894736842105263,1.2357529566650856,-0.06519206368544384,0.19054245948791504
IWM,1h,1,0.4,1.0,9,21,1.0507742844441168,0.25177327841116504,1.0588105933625018,0.0741679478850086,14.275851274786541,0.7894736842105263,1.2526216789224796,-0.10100492474840506,0.18759679794311523
IWM,1h,1,0.4,1.0,10,30,0.8800323195783754,0.6557048977854616,0.8868127792415109,0.0645966221468824,13.728469845142062,0.5,0.8756060874039197,-0.023410300841249843,0.18418240547180176
IWM,1h,1,0.4,1.0,12,26,0.900781124296209,0.5289262178835994,0.8866906987484728,0.08163539759503417,10.861595886958842,0.5526315789473685,0.9516744728063439,-0.03424532270235403,0.19302725791931152
IWM,1h,1,0.4,1.0,20,50,0.715295449585646,0.4499134480279827,0.7086194264117246,0.04556952596487752,15.550291810318358,0.14473684210526316,0.258179362556226,-0.0065451929791707775,0.16735577583312988
IWM,1h,1,0.55,0.0,8,21,-0.012837073651989217,-0.04804355075093847,-0.027548934226987565,0.27728395904716646,-0.0993527873796026,0.2631578947368421,-0.3688177129416408,-0.04971330668552221,0.20053768157958984
IWM,1h,1,0.55,0.0,9,21,0.059574382687124366,0.036405603416133525,-0.004917319552102337,0.26728197221466743,-0.018397498010651436,0.27631578947368424,-0.3111383973118219,-0.052695322174618475,0.1963200569152832
IWM,1h,1,0.55,0.0,10,30,0.2377462717652072,0.25610277642503476,0.1121347760264251,0.23778961075874178,0.47157138475740884,0.14473684210526316,-0.045801966980309694,-0.022268326298671592,0.17790579795837402
IWM,1h,1,0.55,0.0,12,26,0.1792443698740514,0.18219168185611712,0.06859320373461031,0.2276737400289563,0.30127850373032217,0.18421052631578946,-0.06447213230361215,-0.022268326298671592,0.19292140007019043
IWM,1h,1,0.55,0.0,20,50,0.17281081980340512,0.17263883335326424,0.0667477222045855,0.2722681575414297,0.24515434638892294,0.039473684210526314,0.01269347106426885,-0.014600465307294752,0.19669008255004883
IWM,1h,1,0.55,0.25,8,21,0.37264165416442857,0.020979977289074414,0.3800586470113133,0.04547468103276573,8.357587967191476,0.7894736842105263,0.9700211119403636,-0.0380193099099837,0.20369791984558105
IWM,1h,1,0.55,0.25,9,21,0.3771605868928473,0.1361360603252051,0.383208631244998,0.04165607062242483,9.19934659028315,0.7894736842105263,0.9860130656941278,-0.06382619460341665,0.19337081909179688
IWM,1h,1,0.55,0.25,10,30,0.33225111314825756,0.45411618759499195,0.32668245485791336,0.04112618020264269,7.943418359016998,0.5,0.7539203517890626,-0.024352972849215893,0.19312620162963867
IWM,1h,1,0.55,0.25,12,26,0.33505147707900107,0.3474107969203044,0.3254956202521654,0.0532100311300841,6.117185300200574,0.5526315789473685,0.8241727304241112,-0.024352972849215893,0.1951143741607666
IWM,1h,1,0.55,0.25,20,50,0.27400100547245493,0.3286474323547759,0.2558164204825973,0.04348318091508322,5.8831119319944,0.14473684210526316,0.25762334199421916,-0.0065451929791707775,0.17088675498962402
IWM,1h,1,0.55,0.5,8,21,0.6629527956467346,0.048136601906559884,0.6701749113647224,0.055552982859132925,12.063707057172817,0.7894736842105263,1.0820068271703496,-0.046701564321085076,0.18699908256530762
IWM,1h,1,0.55,0.5,9,21,0.6622275174586831,0.1925449458624342,0.6702196815125034,0.05031565935387222,13.320300083892755,0.7894736842105263,1.0928165379243537,-0.07490673369308842,0.1941699981689453
IWM,1h,1,0.55,0.5,10,30,0.5576394124199768,0.6110096047329745,0.5605484993045667,0.04650873782180032,12.052541641794836,0.5,0.7914258005795703,-0.026437619399760193,0.2011585235595703
IWM,1h,1,0.55,0.5,12,26,0.5706406925558605,0.469462460505252,0.5617940073979496,0.060987073149834495,9.211689926777117,0.5526315789473685,0.8693814643295262,-0.027938901432025043,0.1983475685119629
IWM,1h,1,0.55,0.5,20,50,0.4552613188688219,0.43662077610849015,0.4424910595239214,0.038973436720253225,11.353657689981782,0.14473684210526316,0.25809924810686063,-0.0065451929791707775,0.18435215950012207
IWM,1h,1,0.55,0.75,8,21,0.8900760687991686,0.043306032956788254,0.8967943154909737,0.07039121948984783,12.740144608807547,0.7894736842105263,1.1667360239551747,-0.0553460304379475,0.19179081916809082
IWM,1h,1,0.55,0.75,9,21,0.8863143425433772,0.21406486131214497,0.8946193601602819,0.06312902622860504,14.171284013167808,0.7894736842105263,1.1731812968686726,-0.08593693944363301,0.19551396369934082
IWM,1h,1,0.55,0.75,10,30,0.7380010003826918,0.7302758502921081,0.7456140103740457,0.055263304185873455,13.492027329133922,0.5,0.8192275697688243,-0.028522265950304604,0.2037057876586914
IWM,1h,1,0.55,0.75,12,26,0.7579746798947467,0.553344979015959,0.7478927299672395,0.07027939317964009,10.64170727905351,0.5526315789473685,0.9029767686569549,-0.03601182329714914,0.20740604400634766
IWM,1h,1,0.55,0.75,20,50,0.600562724073328,0.5037840636215245,0.5904996421792644,0.04190416159063079,14.091670606560763,0.14473684210526316,0.25822537079837843,-0.0065451929791707775,0.2081584930419922
IWM,1h,1,0.55,1.0,8,21,1.0704555581661714,0.01468688101957838,1.0766549053601264,0.08369743243113434,12.863655121631007,0.7894736842105263,1.2331427967283632,-0.06395270826057153,0.20096111297607422
IWM,1h,1,0.55,1.0,9,21,1.0644886958092643,0.20797448517643802,1.0727298350154624,0.07480413240334258,14.340515698134453,0.7894736842105263,1.236117566245075,-0.09691681185505074,0.2224714756011963
IWM,1h,1,0.55,1.0,10,30,0.881988872488471,0.8154738642120507,0.8929422605211526,0.06333529520919909,14.098651590266178,0.5,0.8409516472894554,-0.030606912500848682,0.19551968574523926
IWM,1h,1,0.55,1.0,12,26,0.9073009127856475,0.6038831901593047,0.8958447076735343,0.07832969124302624,11.436847170686276,0.5526315789473685,0.929222825716126,-0.04406404856770718,0.2044980525970459
IWM,1h,1,0.55,1.0,20,50,0.716616705756999,0.536673717732586,0.708436148350462,0.04595583771931639,15.415585560149381,0.14473684210526316,0.2582744680824521,-0.0065451929791707775,0.18022894859313965
IWM,1h,1,0.7,0.0,8,21,-0.004050922517170385,-0.03832484814408188,-0.029430500874488542,0.2805015494802864,-0.10492099216213746,0.2631578947368421,-0.4001903411676493,-0.04971330668552221,0.19427132606506348
IWM,1h,1,0.7,0.0,9,21,0.08370853647141019,0.06602816551727253,-0.01668054294187644,0.2816909932984051,-0.05921574824441107,0.27631578947368424,-0.33066151998296,-0.04971330668552221,0.1907942295074463
IWM,1h,1,0.7,0.0,10,30,0.14844824203003282,0.14534479773354203,0.10641584080015758,0.25086473209782395,0.4241960992693905,0.14473684210526316,-0.045801966980309694,-0.022268326298671592,0.18512678146362305
IWM,1h,1,0.7,0.0,12,26,0.1978546610073408,0.2062199836164782,0.07590581659693767,0.23629138757559184,0.3212381855121769,0.18421052631578946,-0.06418133796472848,-0.022268326298671592,0.18430328369140625
IWM,1h,1,0.7,0.0,20,50,0.13926388088066188,0.1303095938380372,0.05539263709868841,0.2670636857204464,0.207413587321908,0.039473684210526314,0.01269347106426885,-0.014600465307294752,0.1845688819885254
IWM,1h,1,0.7,0.25,8,21,0.3761822793977001,0.03417476177025769,0.3860622195913355,0.04097349339550014,9.422243201594675,0.7894736842105263,0.9667768302578604,-0.05286232522572032,0.18573212623596191
IWM,1h,1,0.7,0.25,9,21,0.38052750120672474,0.17692102371176044,0.3851888575995491,0.04240919799951913,9.082672527877483,0.7894736842105263,0.9845380330770294,-0.05758166787160546,0.21776151657104492
IWM,1h,1,0.7,0.25,10,30,0.3295153653076122,0.2979587287640495,0.32655342422548717,0.041112554862676585,7.942912458645176,0.5,0.7539203517890626,-0.024352972849215893,0.2043759822845459
IWM,1h,1,0.7,0.25,12,26,0.3423303930396146,0.38194565329644514,0.3300897123812144,0.052546230996231985,6.281891319757731,0.5526315789473685,0.8251340255595954,-0.024352972849215893,0.19539475440979004
IWM,1h,1,0.7,0.25,20,50,0.2692622557702582,0.268775219447672,0.2538134312220777,0.04303575351168617,5.897734105042585,0.14473684210526316,0.25762334199421916,-0.0065451929791707775,0.1706693172454834
IWM,1h,1,0.7,0.5,8,21,0.6689403422762437,0.06459557180024111,0.6783825731317956,0.04982772214175582,13.614561211565167,0.7894736842105263,1.080632966744748,-0.06444749911649694,0.19779324531555176
IWM,1h,1,0.7,0.5,9,21,0.6662020010860404,0.2441688424335231,0.675741998900014,0.05068340607648102,13.332608267887965,0.7894736842105263,1.092584178105009,-0.06747983124755774,0.19219589233398438
IWM,1h,1,0.7,0.5,10,30,0.5648378990164781,0.4085402810378589,0.5615490865763182,0.046287377510455356,12.13179740955244,0.5,0.7914258005795703,-0.026437619399760193,0.1900475025177002
IWM,1h,1,0.7,0.5,12,26,0.5818398710130956,0.5150531677532697,0.5691944434080871,0.06000270605330783,9.486146223178688,0.5526315789473685,0.8698562616247535,-0.03257840105154319,0.19945812225341797
IWM,1h,1,0.7,0.5,20,50,0.4522918910568243,0.3590351843747013,0.4411912595669751,0.038780571828031275,11.37660531472809,0.14473684210526316,0.25809924810686063,-0.0065451929791707775,0.20749545097351074
IWM,1h,1,0.7,0.75,8,21,0.898111509636931,0.06265677506344236,0.9066247775960449,0.06461324824175722,14.031561672984052,0.7894736842105263,1.166685236477146,-0.07597339320595742,0.24871468544006348
IWM,1h,1,0.7,0.75,9,21,0.8911314155036631,0.2756876415431646,0.9027116895018901,0.06334930021432038,14.249749980629277,0.7894736842105263,1.174038243892832,-0.07734966395333909,0.2040398120880127
IWM,1h,1,0.7,0.75,10,30,0.7515273828865241,0.48270483182297386,0.7473982642319255,0.055436833809263154,13.481979631149855,0.5,0.8192275697688243,-0.028522265950304604,0.18506360054016113
IWM,1h,1,0.7,0.75,12,26,0.7724995067043854,0.6100571024770609,0.7576161981380641,0.06977040107936358,10.858704929562874,0.5526315789473685,0.9032870243644642,-0.041387862341901616,0.19923901557922363
IWM,1h,1,0.7,0.75,20,50,0.5982827357002973,0.4091560277530424,0.5895097170345832,0.04178576640827166,14.107907254224429,0.14473684210526316,0.25822537079837843,-0.0065451929791707775,0.19972610473632812
IWM,1h,1,0.7,1.0,8,21,1.0801368243565208,0.0364591495795803,1.0877279756239007,0.07810426040647202,13.926615141902904,0.7894736842105263,1.2341282567060952,-0.08744000749410119,0.20842552185058594
IWM,1h,1,0.7,1.0,9,21,1.0700425976609385,0.278407076148355,1.0828225276029009,0.07492029774986178,14.452992848722342,0.7894736842105263,1.2378711689891435,-0.0871911659889486,0.19964861869812012
IWM,1h,1,0.7,1.0,10,30,0.9002463263446587,0.5256371530280106,0.895324130943373,0.06389799842205657,14.011771151728619,0.5,0.8409516472894554,-0.030606912500848682,0.1872565746307373
IWM,1h,1,0.7,1.0,12,26,0.9245205401898396,0.6713796312092852,0.9074362629753854,0.07838263675030142,11.577006089577559,0.5526315789473685,0.9294508087423118,-0.050166214951662735,0.19479131698608398
IWM,1h,1,0.7,1.0,20,50,0.7147379990418657,0.4263014685926021,0.70763945520888,0.045873869388752396,15.425763395105776,0.14473684210526316,0.2582744680824521,-0.0065451929791707775,0.1766526699066162
IWM,1h,1,0.85,0.0,8,21,-0.009486261050390073,-0.044638759685208695,-0.049118325909974864,0.29029085634655694,-0.16920383414121767,0.2894736842105263,-0.3483952277036126,-0.0593646809916889,0.19419384002685547
IWM,1h,1,0.85,0.0,9,21,0.04858960540866481,0.023201364993049145,-0.029302464604513745,0.27197858045292883,-0.10773813347990874,0.2894736842105263,-0.33830404572132217,-0.0593646809916889,0.2008380889892578
IWM,1h,1,0.85,0.0,10,30,0.13182785774023945,0.1245833353944017,0.1136791059932825,0.2430043164415024,0.46780694128389316,0.17105263157894737,-0.10823635773727851,-0.05871497765676015,0.18813014030456543
IWM,1h,1,0.85,0.0,12,26,0.0863810538283972,0.06825404771384513,0.07555741270993258,0.22898656688852512,0.32996438933780475,0.21052631578947367,-0.09197377120036616,-0.05871497765676015,0.18971824645996094
IWM,1h,1,0.85,0.0,20,50,0.12223155206393276,0.10954794837784698,0.03256675744484831,0.2571042348726335,0.12666752634775352,0.039473684210526314,0.022795522269304296,-0.015781549597613354,0.18042755126953125
IWM,1h,1,0.85,0.25,8,21,0.3779995552834106,0.025818664281575865,0.38944648205184773,0.04102762521340369,9.492298908995004,0.8026315789473685,0.9934074835853174,-0.05019927123814627,0.1985187530517578
IWM,1h,1,0.85,0.25,9,21,0.38467964931986787,0.11811404867441255,0.389969822592319,0.0415756760706162,9.379759018950313,0.8026315789473685,1.03683789547559,-0.0553435021934523,0.1963517665863037
IWM,1h,1,0.85,0.25,10,30,0.3312770643210987,0.26836349171038276,0.32881599728241573,0.0426243841929713,7.714269742731838,0.5263157894736842,0.7205970648030764,-0.02838363693465451,0.1937088966369629
IWM,1h,1,0.85,0.25,12,26,0.33726354209708526,0.1892390287436243,0.33148678237673895,0.04706381229070769,7.0433474519485095,0.5789473684210527,0.8331698000690876,-0.02838363693465451,0.21155834197998047
IWM,1h,1,0.85,0.25,20,50,0.2668830202469436,0.23955796839545518,0.2506940220533517,0.04170483855651975,6.0111495627444524,0.14473684210526316,0.27042627445256234,-0.00590144198506537,0.19156169891357422
IWM,1h,1,0.85,0.5,8,21,0.6736270809575247,0.05444147404821287,0.6874689266481574,0.0476510035276261,14.427165762618012,0.8026315789473685,1.1130932887020961,-0.06127966190933232,0.1972661018371582
IWM,1h,1,0.85,0.5,9,21,0.6780703367232157,0.16989888843700474,0.6860522033286657,0.05123616240589931,13.389999779719528,0.8026315789473685,1.149750854703784,-0.06526517288965639,0.19314193725585938
IWM,1h,1,0.85,0.5,10,30,0.5705776160364333,0.36980779038153533,0.5659568226444386,0.045133862268040364,12.539516766443384,0.5263157894736842,0.7667256722679068,-0.03045967124147908,0.19136714935302734
IWM,1h,1,0.85,0.5,12,26,0.5873957068255765,0.26762885119074564,0.5759575547122638,0.0517244087824817,11.135121082473006,0.5789473684210527,0.8844943769244743,-0.03690622643442021,0.20683693885803223
IWM,1h,1,0.85,0.5,20,50,0.45086173035998994,0.32136832897269074,0.43930690572526576,0.03811515179618289,11.525781350010547,0.14473684210526316,0.2709517686998333,-0.00590144198506537,0.1866929531097412
IWM,1h,1,0.85,0.75,8,21,0.9049782440788225,0.051031782988352425,0.9199203923773913,0.06176420670882463,14.894069581662038,0.8026315789473685,1.202348206912279,-0.07230997454784471,0.21051406860351562
IWM,1h,1,0.85,0.75,9,21,0.9085224694016542,0.1872113013043979,0.9172261735005934,0.06548026431266057,14.007673657530551,0.8026315789473685,1.2339637647184505,-0.07515844563268914,0.19249963760375977
IWM,1h,1,0.85,0.75,10,30,0.7600649568585092,0.43493554947160007,0.7535291294940137,0.05219700601346346,14.43625194325613,0.5263157894736842,0.8006712140501717,-0.03253570554830376,0.19382834434509277
IWM,1h,1,0.85,0.75,12,26,0.7845450387733011,0.3104941623898969,0.7685900302735494,0.059399393615742854,12.939358190179352,0.5789473684210527,0.9228043591102267,-0.046424698374341045,0.2058260440826416
IWM,1h,1,0.85,0.75,20,50,0.5972376646470082,0.36345416109143414,0.588108275942268,0.041318587322083114,14.233503952056655,0.14473684210526316,0.2710877518173042,-0.00590144198506537,0.1814424991607666
IWM,1h,1,0.85,1.0,8,21,1.0887245751959425,0.023726663625908362,1.1043179048250238,0.07493410953983475,14.737185930500338,0.8026315789473685,1.2720605138689485,-0.08329020915368335,0.18410968780517578
IWM,1h,1,0.85,1.0,9,21,1.0917228930809895,0.17747709820241675,1.100653352802097,0.0783773203585623,14.04300820399069,0.8026315789473685,1.2997382965965807,-0.08502332042254901,0.21256136894226074
IWM,1h,1,0.85,1.0,10,30,0.9109275175698601,0.46925052952180146,0.9028244298347528,0.059135107324080435,15.267147903984833,0.5263157894736842,0.8270954033069765,-0.03461173985512889,0.18291783332824707
IWM,1h,1,0.85,1.0,12,26,0.9413366570317224,0.3241298229483076,0.9217734038512738,0.06647991672321799,13.865441614329614,0.5789473684210527,0.9527207910411469,-0.0559086188732032,0.2075042724609375
IWM,1h,1,0.85,1.0,20,50,0.7139188525886794,0.37327637568501726,0.7065166768377853,0.04549627600243774,15.52911004847802,0.14473684210526316,0.2711387350267961,-0.00590144198506537,0.18232035636901855
IWM,1h,1,1.0,0.0,8,21,-0.02667572639508317,-0.0634479482324426,-0.07908561848680282,0.27557444668476355,-0.28698458597386145,0.27631578947368424,-0.36237508909383737,-0.0593646809916889,0.20897126197814941
IWM,1h,1,1.0,0.0,9,21,-0.014412962760029438,-0.04953116106135347,-0.045178217864569895,0.2576506580908327,-0.17534679786706647,0.2894736842105263,-0.3601217366608052,-0.0593646809916889,0.2228236198425293
IWM,1h,1,1.0,0.0,10,30,0.1385019927403712,0.13319637657079797,0.09005718074161236,0.2207276248389801,0.4080014035728818,0.17105263157894737,-0.12616147584905776,-0.05871497765676015,0.18359375
IWM,1h,1,1.0,0.0,12,26,0.10714354699104507,0.09369909205771276,0.06123552954320781,0.22311271456877765,0.2744600623122762,0.21052631578947367,-0.08833126194080822,-0.05871497765676015,0.19776105880737305
IWM,1h,1,1.0,0.0,20,50,0.12927593614665933,0.118181643090298,0.031649992099739774,0.2605560114288968,0.12147097250288064,0.039473684210526314,0.022795522269304296,-0.015781549597613354,0.17777466773986816
IWM,1h,1,1.0,0.25,8,21,0.38414055009960824,0.0008830199838869568,0.39121922175084944,0.04000432221433397,9.779423824625416,0.8026315789473685,1.002313249441599,-0.04892406271568339,0.20046472549438477
IWM,1h,1,1.0,0.25,9,21,0.3845012863813673,0.01971573001365967,0.3921098605088329,0.04025892100581621,9.73970118206061,0.8026315789473685,0.9490673049310356,-0.05457129263548177,0.20830440521240234
IWM,1h,1,1.0,0.25,10,30,0.3338215372615376,0.28078415702392867,0.32865098321465736,0.043015311630837515,7.640325520251461,0.5263157894736842,0.7204358840230034,-0.022950476146534782,0.1910231113433838
IWM,1h,1,1.0,0.25,12,26,0.3392615018591689,0.2248164009274385,0.3336060467141767,0.04567164231082846,7.304446037734904,0.5789473684210527,0.8422985487429343,-0.022950476146534782,0.1951594352722168
IWM,1h,1,1.0,0.25,20,50,0.26781981999324067,0.25171607362401494,0.2506762073846628,0.04128783447716179,6.071430254433019,0.14473684210526316,0.27042627445256234,-0.00590144198506537,0.1881570816040039
IWM,1h,1,1.0,0.5,8,21,0.6866283606480099,0.02405878373181336,0.6947055934012968,0.04672439698362413,14.868155358854086,0.8026315789473685,1.1237653465765294,-0.058751285104422735,0.21336960792541504
IWM,1h,1,1.0,0.5,9,21,0.6852312980635104,0.047476764723731746,0.6917346818134056,0.049461611421399695,13.985283979529319,0.8026315789473685,1.0673290985619763,-0.06434016365381323,0.19049739837646484
IWM,1h,1,1.0,0.5,10,30,0.5744069223865553,0.38626070951634084,0.5690250337987882,0.0474850268627077,11.98325180364742,0.5263157894736842,0.7691276561750545,-0.02394031299206789,0.19211864471435547
IWM,1h,1,1.0,0.5,12,26,0.5885895954625626,0.3133574212678232,0.5825970303668133,0.051031106649770216,11.41650786382538,0.5789473684210527,0.8962649619736753,-0.026830739268879356,0.18986725807189941
IWM,1h,1,1.0,0.5,20,50,0.4514851678895857,0.3370501288296748,0.4393510982286254,0.03749727693535183,11.716880108016918,0.14473684210526316,0.2709517686998333,-0.00590144198506537,0.1864032745361328
IWM,1h,1,1.0,0.75,8,21,0.9231213233748945,0.016128627542923546,0.9309690127819354,0.0596544663324073,15.606023656206716,0.8026315789473685,1.21419266415939,-0.06855046970050316,0.1968998908996582
IWM,1h,1,1.0,0.75,9,21,0.9205146977761469,0.043581046328158735,0.9254551951659513,0.063175161868991,14.649035598596594,0.8026315789473685,1.1573364572873042,-0.07408116336026449,0.20629620552062988
IWM,1h,1,1.0,0.75,10,30,0.765004381525129,0.45547364381876454,0.7587921644485353,0.05591740539508925,13.56987433675121,0.5263157894736842,0.8051568186385603,-0.024930149837601334,0.1934070587158203
IWM,1h,1,1.0,0.75,12,26,0.7854651077073476,0.3659215470857491,0.7785304389989471,0.059287104617272136,13.131530777641274,0.5789473684210527,0.9364742951390089,-0.03134754712166654,0.19790911674499512
IWM,1h,1,1.0,0.75,20,50,0.5977632630326227,0.3824869704181242,0.588207935270362,0.04075249554176881,14.43366663686853,0.14473684210526316,0.2710877518173042,-0.00590144198506537,0.20115041732788086
IWM,1h,1,1.0,1.0,8,21,1.1109112355030877,-0.01465671731113194,1.1183010825217128,0.07172102919093007,15.592373605580308,0.8026315789473685,1.2847593832459914,-0.0783216165039261,0.2054290771484375
IWM,1h,1,1.0,1.0,9,21,1.107371625587086,0.016149679073818035,1.110854813112129,0.07567943613208974,14.67842349106909,0.8026315789473685,1.2280921573041301,-0.0837942917548341,0.21374106407165527
IWM,1h,1,1.0,1.0,10,30,0.9167679504472519,0.49378247098564554,0.9097584101308076,0.06389310193303444,14.238757903541982,0.5263157894736842,0.833212993167107,-0.027100527456994317,0.19823789596557617
IWM,1h,1,1.0,1.0,12,26,0.9421111618973675,0.3884568268577895,0.9342870616549546,0.06684413018453815,13.977099545998227,0.5789473684210527,0.9677658796795496,-0.03585385653048545,0.18586373329162598
IWM,1h,1,1.0,1.0,20,50,0.7143928320716112,0.3953619606067116,0.7066552529807828,0.0450008789053964,15.70314336451865,0.14473684210526316,0.2711387350267961,-0.00590144198506537,0.18771910667419434
IWM,1h,2,0.0,0.0,8,21,0.025687811225936833,-0.003126892818951177,0.004764234755655378,0.29319605949412897,0.016249313731826528,0.25,-0.2968683628942027,-0.057975626027101934,0.21679902076721191
IWM,1h,2,0.0,0.0,9,21,0.063414177364272,0.04083766585420934,0.008249279846122207,0.22894449456763039,0.03603178954663775,0.25,-0.25416157815946383,-0.057975626027101934,0.20392179489135742
IWM,1h,2,0.0,0.0,10,30,0.18194455902831888,0.18249398034036934,0.05640325087364204,0.23589677325846017,0.23910140903811283,0.14473684210526316,-0.04555031886470667,-0.023980148717119842,0.23296737670898438
IWM,1h,2,0.0,0.0,12,26,0.1569619834333314,0.15039695956438393,0.11371792393163416,0.21149184369880678,0.537694134879187,0.18421052631578946,-0.024119886426180296,-0.023980148717119842,0.18903613090515137
IWM,1h,2,0.0,0.0,20,50,0.18507469151934658,0.18684366048434708,0.07728232575585238,0.28799639654891473,0.2683447663996253,0.039473684210526314,0.005143691960752565,-0.015829164553927244,0.18318891525268555
IWM,1h,2,0.0,0.25,8,21,0.3621749724882004,0.08147290900485782,0.368703534871383,0.04080434323604007,9.035889457613642,0.7631578947368421,0.9751838060145245,-0.03077207041817176,0.20636558532714844
IWM,1h,2,0.0,0.25,9,21,0.35458540928126814,0.1423982187581132,0.3528293544927549,0.042944252659994936,8.215985437824044,0.7763157894736842,1.0425798028091153,-0.028846360634527834,0.2381458282470703
IWM,1h,2,0.0,0.25,10,30,0.31799369499492663,0.3479220759239219,0.29723510589001967,0.04274601913963869,6.953515482202913,0.4868421052631579,0.7704273450096201,-0.02277205586295883,0.20007801055908203
IWM,1h,2,0.0,0.25,12,26,0.3113205719699399,0.30230980859509304,0.31451204415570577,0.049559543704653625,6.346144872317967,0.5526315789473685,0.9118616434522517,-0.020843363945911575,0.19349908828735352
IWM,1h,2,0.0,0.25,20,50,0.2764257476040659,0.35059965607372057,0.2597129228426784,0.04700549907231351,5.52516041672347,0.14473684210526316,0.2569330488285891,-0.0065451929791707775,0.1871051788330078
IWM,1h,2,0.0,0.5,8,21,0.6374622928066268,0.1231726889537792,0.6423561550834676,0.04613323673277579,13.92393425166068,0.7631578947368421,1.0725628068672115,-0.038025641536767796,0.21553421020507812
IWM,1h,2,0.0,0.5,9,21,0.6190346333643482,0.20059011681299643,0.6172923366318964,0.04451265631915405,13.867793739513857,0.7763157894736842,1.135888658081089,-0.028462574396207363,0.21839404106140137
IWM,1h,2,0.0,0.5,10,30,0.5372057800080066,0.4703793861516903,0.5164523917861135,0.048431285021541925,10.663611166963642,0.4868421052631579,0.7906607938800061,-0.02277205586295883,0.1848287582397461
IWM,1h,2,0.0,0.5,12,26,0.5282092109714301,0.41059483660081364,0.5325852060713948,0.05721587638284173,9.308346559401997,0.5526315789473685,0.9396863344441331,-0.024616618439275317,0.20155072212219238
IWM,1h,2,0.0,0.5,20,50,0.4568731394121636,0.466332166053967,0.4421087194944934,0.04345306465322194,10.174396743308002,0.14473684210526316,0.2577051831528135,-0.0065451929791707775,0.18541502952575684
IWM,1h,2,0.0,0.75,8,21,0.8533656945296084,0.13104238255616374,0.8566100762354839,0.05566065430674358,15.38986716747419,0.7631578947368421,1.1412691016002068,-0.045252007691734764,0.21484756469726562
IWM,1h,2,0.0,0.75,9,21,0.8269922575464975,0.22366966971461477,0.8243210313254611,0.05221792126327352,15.786170942527189,0.7763157894736842,1.2013848907322144,-0.030452678549614642,0.20864486694335938
IWM,1h,2,0.0,0.75,10,30,0.7118167318426287,0.5548280906868699,0.6893217393676923,0.05715321855294058,12.060943492258076,0.4868421052631579,0.8043537127136768,-0.02277205586295883,0.25281262397766113
IWM,1h,2,0.0,0.75,12,26,0.70058943614577,0.4808139382267238,0.7053605835731879,0.0671942548516845,10.497334707113062,0.5526315789473685,0.9583521752003318,-0.02838987293263895,0.2440197467803955
IWM,1h,2,0.0,0.75,20,50,0.6017069588299852,0.5407784091014345,0.5869485157494959,0.046781350837820104,12.54663461481281,0.14473684210526316,0.25794059647347056,-0.0065451929791707775,0.19000697135925293
IWM,1h,2,0.0,1.0,8,21,1.0249427190021743,0.11281162783589238,1.0267332470031625,0.06458804655404718,15.896644995200369,0.7631578947368421,1.1939284869411568,-0.05245116888307322,0.22857308387756348
IWM,1h,2,0.0,1.0,9,21,0.9923440796342209,0.21881239279797193,0.9887059212775109,0.06029582686943859,16.39758458605108,0.7763157894736842,1.2515336365877432,-0.03358491830300725,0.21508526802062988
IWM,1h,2,0.0,1.0,10,30,0.8510608467226807,0.6060520645533194,0.8268502026213893,0.06510810607575536,12.699650664992815,0.4868421052631579,0.8147953126329586,-0.026813810965792828,0.20191526412963867
IWM,1h,2,0.0,1.0,12,26,0.8379805101707627,0.5182520931948749,0.842930694312594,0.07610911357047183,11.075292494795619,0.5526315789473685,0.972449767921672,-0.032163127426002136,0.20313024520874023
IWM,1h,2,0.0,1.0,20,50,0.7174408243006426,0.5801352070773302,0.7023822116752722,0.05094688830933115,13.786557628616304,0.14473684210526316,0.25804865793606724,-0.0065451929791707775,0.1845686435699463
IWM,1h,2,0.1,0.0,8,21,0.03678538944558483,0.009573846713043066,0.009431742062160535,0.2779601430530087,0.03393199456068003,0.25,-0.2830137002914938,-0.057975626027101934,0.21697354316711426
IWM,1h,2,0.1,0.0,9,21,0.09064808144193158,0.07375082239950603,0.021738398029120594,0.22909579918514378,0.09488780722492736,0.25,-0.22901703904888804,-0.057975626027101934,0.19581961631774902
IWM,1h,2,0.1,0.0,10,30,0.20260197444188774,0.2086627255629483,0.06069673675908507,0.2422127230332674,0.25059268563174736,0.14473684210526316,-0.04555031886470667,-0.023980148717119842,0.19338130950927734
IWM,1h,2,0.1,0.0,12,26,0.14902506106627697,0.1408611812215259,0.10247497181096081,0.217332119699906,0.4715132395177441,0.18421052631578946,-0.024119886426180296,-0.023980148717119842,0.20610260963439941
IWM,1h,2,0.1,0.0,20,50,0.16577223450712714,0.16216463627131872,0.06396850509397045,0.31217085109587095,0.20491504850440073,0.039473684210526314,0.005143691960752565,-0.015829164553927244,0.16596055030822754
IWM,1h,2,0.1,0.25,8,21,0.362804115223228,0.09884002812334569,0.36964358308955414,0.04065727819388611,9.091695251384039,0.7631578947368421,0.9758740816324342,-0.03077207041817176,0.22407841682434082
IWM,1h,2,0.1,0.25,9,21,0.3637258666921235,0.18779501995174508,0.3545648566533315,0.04454798045294071,7.959167913972762,0.7763157894736842,1.0456729871591868,-0.028846360634527834,0.20021772384643555
IWM,1h,2,0.1,0.25,10,30,0.32006338318843885,0.385352053252507,0.30178587032715376,0.04206044751683648,7.175051340249082,0.4868421052631579,0.7704273450096201,-0.02277205586295883,0.19142770767211914
IWM,1h,2,0.1,0.25,12,26,0.31391497899913823,0.2890104682039294,0.3161299078904457,0.05103350512820543,6.194556048938241,0.5526315789473685,0.9118616434522517,-0.020843363945911575,0.2148427963256836
IWM,1h,2,0.1,0.25,20,50,0.27348850556027265,0.3153860816307381,0.2588173665957245,0.04722307586618718,5.480739275203455,0.14473684210526316,0.2569330488285891,-0.0065451929791707775,0.18177175521850586
IWM,1h,2,0.1,0.5,8,21,0.6378086897362839,0.14500202394388784,0.6439482640099309,0.04628716311826451,13.912027020637057,0.7631578947368421,1.0729599643267542,-0.038025641536767796,0.1996169090270996
IWM,1h,2,0.1,0.5,9,21,0.632650496386452,0.25815472438156584,0.6193937398656073,0.045354614838100445,13.65668614046484,0.7763157894736842,1.1397210623322707,-0.028462574396207363,0.19054436683654785
IWM,1h,2,0.1,0.5,10,30,0.5384448066840107,0.5195667845896093,0.5241615410683907,0.04810913675682709,10.89525974489675,0.4868421052631579,0.7906607938800061,-0.02277205586295883,0.17848896980285645
IWM,1h,2,0.1,0.5,12,26,0.5345057881590646,0.39356381848926913,0.5371438488671683,0.05909315306107714,9.089781489777511,0.5526315789473685,0.9396863344441331,-0.024616618439275317,0.19206547737121582
IWM,1h,2,0.1,0.5,20,50,0.4549029345300849,0.4203129140349966,0.44219807389931776,0.04388081957156948,10.077251934141614,0.14473684210526316,0.2577051831528135,-0.0065451929791707775,0.18114781379699707
IWM,1h,2,0.1,0.75,8,21,0.8536626819281715,0.15691269286254617,0.858744918916336,0.055962132842355426,15.34510704471198,0.7631578947368421,1.1415595124254125,-0.045252007691734764,0.20172595977783203
IWM,1h,2,0.1,0.75,9,21,0.8445454497121193,0.2925030669971185,0.8268626738776519,0.052933629299117,15.620744030325634,0.7763157894736842,1.2060394915806245,-0.030452678549614642,0.20058226585388184
IWM,1h,2,0.1,0.75,10,30,0.7127677268968582,0.615748599613102,0.6995754022857916,0.05752920360420659,12.16035262888009,0.4868421052631579,0.8043537127136768,-0.02277205586295883,0.2051846981048584
IWM,1h,2,0.1,0.75,12,26,0.7096408433402468,0.4602713819532649,0.7120483960956051,0.06945820716967373,10.251465235147817,0.5526315789473685,0.9583521752003318,-0.02838987293263895,0.19106340408325195
IWM,1h,2,0.1,0.75,20,50,0.6001242108694578,0.48418904735304746,0.5875891879321256,0.04799973262157212,12.241509605160804,0.14473684210526316,0.25794059647347056,-0.0065451929791707775,0.1878499984741211
IWM,1h,2,0.1,1.0,8,21,1.0252313893408127,0.14216085881496476,1.0293029276365986,0.06501221909414187,15.83245337535859,0.7631578947368421,1.1941611049306835,-0.05245116888307322,0.21094417572021484
IWM,1h,2,0.1,1.0,9,21,1.0131237556623778,0.2976157689861463,0.991626890519899,0.06107068174174792,16.237364022121646,0.7763157894736842,1.2568966875286158,-0.03358491830300725,0.23150849342346191
IWM,1h,2,0.1,1.0,10,30,0.8518571026925779,0.6782560334722361,0.8391374028051427,0.06608525658265499,12.69780048074121,0.4868421052631579,0.8147953126329586,-0.026813810965792828,0.19410395622253418
IWM,1h,2,0.1,1.0,12,26,0.8491926950444436,0.4945562203925373,0.8512728948663458,0.07866997352057353,10.820810746093915,0.5526315789473685,0.972449767921672,-0.032163127426002136,0.20723390579223633
IWM,1h,2,0.1,1.0,20,50,0.7160921276240361,0.5136052355599805,0.7034150069192311,0.05292142631733731,13.29168648443606,0.14473684210526316,0.25804865793606724,-0.0065451929791707775,0.1826012134552002
IWM,1h,2,0.25,0.0,8,21,0.02374110581831785,-0.005618410590634504,-0.006187503413029321,0.30404520111676114,-0.0203506037599099,0.25,-0.2830137002914938,-0.057975626027101934,0.2003002166748047
IWM,1h,2,0.25,0.0,9,21,0.05642018470960373,0.032615578230640985,0.0027073860590590996,0.2501830394314627,0.010821621102739798,0.25,-0.22901703904888804,-0.057975626027101934,0.19243860244750977
IWM,1h,2,0.25,0.0,10,30,0.2021379381813309,0.2079260553486859,0.0830737388641462,0.230505076537317,0.36039873877006434,0.14473684210526316,-0.04555031886470667,-0.023980148717119842,0.1851956844329834
IWM,1h,2,0.25,0.0,12,26,0.05348231276968621,0.02932857064874117,0.09510195229347716,0.2027927638378915,0.4689612710712882,0.18421052631578946,-0.024119886426180296,-0.023980148717119842,0.1881699562072754
IWM,1h,2,0.25,0.0,20,50,0.16772650886351176,0.164205299271309,0.07100565532986011,0.3017657029337285,0.23530061448187117,0.039473684210526314,0.005143691960752565,-0.015829164553927244,0.18063616752624512
IWM,1h,2,0.25,0.25,8,21,0.3708835084265885,0.07842102029493536,0.37056522104984285,0.040502011203101436,9.149304196070808,0.7631578947368421,0.9758740816324342,-0.03077207041817176,0.18841958045959473
IWM,1h,2,0.25,0.25,9,21,0.36329067127119863,0.13174031164143418,0.36461458596464363,0.04793453293941435,7.606511706820824,0.7763157894736842,1.0456729871591868,-0.028846360634527834,0.235792875289917
IWM,1h,2,0.25,0.25,10,30,0.31994026288387994,0.38433168667193085,0.3065810578563811,0.04092476609647953,7.4913331730136425,0.4868421052631579,0.7704273450096201,-0.02277205586295883,0.18373441696166992
IWM,1h,2,0.25,0.25,12,26,0.3145199115485239,0.132999490722719,0.3174873479597693,0.05245255012775593,6.052848663915901,0.5526315789473685,0.9118616434522517,-0.020843363945911575,0.17777419090270996
IWM,1h,2,0.25,0.25,20,50,0.2730021444678598,0.31549256211397303,0.25977968674975277,0.04604035321316922,5.642434703898977,0.14473684210526316,0.2569330488285891,-0.0065451929791707775,0.17635250091552734
IWM,1h,2,0.25,0.5,8,21,0.6543224749964177,0.11978697266894156,0.6481060603273426,0.04783996296249295,13.547377970076289,0.7631578947368421,1.0729599643267542,-0.038025641536767796,0.21843433380126953
IWM,1h,2,0.25,0.5,9,21,0.636310468628016,0.18792965391055438,0.6341614916095222,0.05064552886619734,12.521569145520061,0.7763157894736842,1.1397210623322707,-0.028462574396207363,0.19637727737426758
IWM,1h,2,0.25,0.5,10,30,0.5384512415160504,0.5182708354381675,0.5305126619838207,0.051020910952569005,10.397945706555605,0.4868421052631579,0.7906607938800061,-0.02277205586295883,0.19866490364074707
IWM,1h,2,0.25,0.5,12,26,0.5487775186001507,0.19304584955228488,0.5416092897558992,0.05999808639290581,9.027109401608168,0.5526315789473685,0.9396863344441331,-0.024616618439275317,0.18918371200561523
IWM,1h,2,0.25,0.5,20,50,0.454412524615541,0.4179861665743121,0.44338510689220856,0.04456315469594441,9.949589743307829,0.14473684210526316,0.2577051831528135,-0.0065451929791707775,0.18293380737304688
IWM,1h,2,0.25,0.75,8,21,0.8766104476090367,0.12756837724991654,0.8652440102449439,0.05974389782057121,14.482550382693985,0.7631578947368421,1.1415595124254125,-0.045252007691734764,0.20127058029174805
IWM,1h,2,0.25,0.75,9,21,0.8508946929474934,0.20953888133729448,0.8448908484969356,0.059549604484932794,14.188017801372794,0.7763157894736842,1.2060394915806245,-0.030452678549614642,0.20363855361938477
IWM,1h,2,0.25,0.75,10,30,0.7128615446132741,0.6142006830520796,0.7075011885207346,0.06271435822931413,11.281327091537266,0.4868421052631579,0.8043537127136768,-0.02277205586295883,0.19890093803405762
IWM,1h,2,0.25,0.75,12,26,0.7329542967807267,0.21741182292399674,0.7187624755609006,0.06942322758629413,10.353342829926307,0.5526315789473685,0.9583521752003318,-0.02838987293263895,0.20160841941833496
IWM,1h,2,0.25,0.75,20,50,0.5997027375446567,0.4791199235113204,0.5890927242871339,0.04960310160074742,11.87612680006803,0.14473684210526316,0.25794059647347056,-0.0065451929791707775,0.1918635368347168
IWM,1h,2,0.25,1.0,8,21,1.0532679748932323,0.10948672271931281,1.0376262045932634,0.07059399050729513,14.698506163722758,0.7631578947368421,1.1941611049306835,-0.05245116888307322,0.19471454620361328
IWM,1h,2,0.25,1.0,9,21,1.0215014550718273,0.20377448324311387,1.0121185801218187,0.06865227670026375,14.74268048736001,0.7763157894736842,1.2568966875286158,-0.03358491830300725,0.20467400550842285
IWM,1h,2,0.25,1.0,10,30,0.8520087515385562,0.6764910800018529,0.8483863011275297,0.07281116908551391,11.651870335046162,0.4868421052631579,0.8147953126329586,-0.026813810965792828,0.19432353973388672
IWM,1h,2,0.25,1.0,12,26,0.8793533402512226,0.21314291252221174,0.8597341859016796,0.07778672180286952,11.052454274656993,0.5526315789473685,0.972449767921672,-0.032163127426002136,0.20032191276550293
IWM,1h,2,0.25,1.0,20,50,0.7157397580352852,0.5056469348376964,0.7051989306252626,0.05499634331480923,12.822651254985693,0.14473684210526316,0.25804865793606724,-0.0065451929791707775,0.1910254955291748
IWM,1h,2,0.4,0.0,8,21,0.01023227066378563,-0.02093946204806374,-0.018059187597108915,0.3091971891575404,-0.05840670041766615,0.25,-0.2830137002914938,-0.057975626027101934,0.20931077003479004
IWM,1h,2,0.4,0.0,9,21,0.08698594715660318,0.06970612109075791,0.00924933463323806,0.2762706244432488,0.033479254813564334,0.25,-0.22901703904888804,-0.057975626027101934,0.2059190273284912
IWM,1h,2,0.4,0.0,10,30,0.1590995667005831,0.15358113280230268,0.08674025311646683,0.23481173887598789,0.36940339325316834,0.14473684210526316,-0.04555031886470667,-0.023980148717119842,0.18983078002929688
IWM,1h,2,0.4,0.0,12,26,0.12578185898396732,0.11410012616712328,0.09158377683271762,0.23498124226763542,0.38974930913169187,0.18421052631578946,-0.024119886426180296,-0.023980148717119842,0.18565654754638672
IWM,1h,2,0.4,0.0,20,50,0.18139533742720526,0.18131125406676318,0.07119832198560143,0.29742700843420555,0.23938082274512523,0.039473684210526314,0.005143691960752565,-0.015829164553927244,0.18076181411743164
IWM,1h,2,0.4,0.25,8,21,0.3705998095216326,0.05755686848446784,0.3677933303746452,0.045038948756371926,8.166117117078832,0.7631578947368421,0.9758740816324342,-0.03077207041817176,0.1980741024017334
IWM,1h,2,0.4,0.25,9,21,0.3691119040407656,0.18281223692860982,0.3697889396668717,0.048060345745966876,7.694262992227925,0.7763157894736842,1.0456729871591868,-0.028846360634527834,0.20277643203735352
IWM,1h,2,0.4,0.25,10,30,0.31837794402064656,0.3069159555289591,0.3078085249133737,0.04132777864649364,7.447981357679116,0.4868421052631579,0.7704273450096201,-0.02277205586295883,0.2106633186340332
IWM,1h,2,0.4,0.25,12,26,0.32207700112113796,0.25075900950285734,0.3180447880080511,0.054132658709544396,5.875284820473357,0.5526315789473685,0.9118616434522517,-0.020843363945911575,0.20522427558898926
IWM,1h,2,0.4,0.25,20,50,0.2746020236483731,0.34006102341636146,0.2544420112063933,0.04479037754948691,5.68072932462495,0.14473684210526316,0.2569330488285891,-0.0065451929791707775,0.18742108345031738
IWM,1h,2,0.4,0.5,8,21,0.6560318324934702,0.09367425396174256,0.6487617290425626,0.055413049463921775,11.707742766709801,0.7631578947368421,1.0729599643267542,-0.038025641536767796,0.2103276252746582
IWM,1h,2,0.4,0.5,9,21,0.6438129587377681,0.25259228954135393,0.6434424058223629,0.05549878247289356,11.593811200031817,0.7763157894736842,1.1397210623322707,-0.028462574396207363,0.21340537071228027
IWM,1h,2,0.4,0.5,10,30,0.5420868260021844,0.41694858913485855,0.532462529839133,0.05031005874824742,10.583619719141783,0.4868421052631579,0.7906607938800061,-0.02277205586295883,0.1884002685546875
IWM,1h,2,0.4,0.5,12,26,0.5534999098572126,0.343292797358121,0.5437035479857919,0.05952237910788161,9.134439115754327,0.5526315789473685,0.9396863344441331,-0.024616618439275317,0.20375752449035645
IWM,1h,2,0.4,0.5,20,50,0.4554048085449564,0.45030522565065745,0.4385306161039494,0.04075374012667194,10.760499888866542,0.14473684210526316,0.2577051831528135,-0.0065451929791707775,0.18098759651184082
IWM,1h,2,0.4,0.75,8,21,0.8796788324703415,0.09675905373870242,0.8684881994473941,0.06935394681493824,12.5225490304804,0.7631578947368421,1.1415595124254125,-0.045252007691734764,0.20350933074951172
IWM,1h,2,0.4,0.75,9,21,0.8601901904608044,0.28675616538092985,0.8575495472485581,0.06754906243038342,12.69521021305596,0.7763157894736842,1.2060394915806245,-0.030452678549614642,0.20200729370117188
IWM,1h,2,0.4,0.75,10,30,0.7198207412448123,0.4892139750447142,0.7100985831864106,0.06170190244914978,11.508536284948786,0.4868421052631579,0.8043537127136768,-0.02277205586295883,0.2056107521057129
IWM,1h,2,0.4,0.75,12,26,0.7366975181851703,0.39803341511242496,0.7219887792908789,0.06815575401492494,10.593218279600807,0.5526315789473685,0.9583521752003318,-0.02838987293263895,0.19467544555664062
IWM,1h,2,0.4,0.75,20,50,0.6005107259422566,0.519123986346322,0.5847050559297623,0.04546683104688327,12.860035381107643,0.14473684210526316,0.25794059647347056,-0.0065451929791707775,0.17156386375427246
IWM,1h,2,0.4,1.0,8,21,1.0573681300320386,0.07469455421705073,1.0429344833736434,0.08159856649305415,12.781284380313473,0.7631578947368421,1.1941611049306835,-0.05245116888307322,0.1839284896850586
IWM,1h,2,0.4,1.0,9,21,1.032316953619864,0.2920730016346138,1.0275010921745549,0.07873582355056359,13.049982153481901,0.7763157894736842,1.2568966875286158,-0.03358491830300725,0.24926972389221191
IWM,1h,2,0.4,1.0,10,30,0.8614535084002118,0.5289478958298108,0.8515120997090208,0.07168951402902997,11.877777541694721,0.4868421052631579,0.8147953126329586,-0.026813810965792828,0.20190834999084473
IWM,1h,2,0.4,1.0,12,26,0.8825629509357975,0.4208765674056474,0.86384635416516,0.07605000204899352,11.358926112962445,0.5526315789473685,0.972449767921672,-0.032163127426002136,0.206099271774292
IWM,1h,2,0.4,1.0,20,50,0.7164561452844243,0.5529876359727595,0.7012287265394551,0.05109842961517182,13.723097398892486,0.14473684210526316,0.25804865793606724,-0.0065451929791707775,0.21686887741088867
IWM,1h,2,0.55,0.0,8,21,-0.04219449755006722,-0.0798117774632836,-0.02489644677994937,0.3145229616133411,-0.07915621375381753,0.2631578947368421,-0.33294225490897833,-0.05871497765676015,0.20935654640197754
IWM,1h,2,0.55,0.0,9,21,0.06812213609829619,0.046734393998932866,-0.009904612318597244,0.27430418788869226,-0.036108133801502,0.2631578947368421,-0.26192897010908583,-0.05871497765676015,0.2150430679321289
IWM,1h,2,0.55,0.0,10,30,0.2006792685052611,0.20632458759118388,0.08083827299190596,0.24666994534723516,0.3277183723299189,0.14473684210526316,-0.033618057677242665,-0.02419481504535259,0.24929523468017578
IWM,1h,2,0.55,0.0,12,26,0.14393580706181314,0.13681126596143245,0.07631950253214459,0.22289400749962215,0.34240266657807733,0.18421052631578946,-0.011434335857136982,-0.02419481504535259,0.19171547889709473
IWM,1h,2,0.55,0.0,20,50,0.18460892294641387,0.18777764560221466,0.06153447412625981,0.28445731147963826,0.21632235011355827,0.039473684210526314,0.008364271573451538,-0.00969585399344508,0.1679401397705078
IWM,1h,2,0.55,0.25,8,21,0.3682294465821232,-0.02130569077964861,0.3747662839199143,0.048880159955327684,7.667042911938481,0.7894736842105263,1.0033742683516258,-0.03206693750886247,0.2102358341217041
IWM,1h,2,0.55,0.25,9,21,0.37327056509142126,0.15111380399123764,0.3727371667226823,0.046491009328975076,8.017403194780231,0.7894736842105263,1.0186564744531073,-0.060736749500996945,0.20459723472595215
IWM,1h,2,0.55,0.25,10,30,0.32473038966460754,0.3817994680565038,0.31002697751322006,0.04164987368967777,7.443647484339313,0.5,0.7742212870062837,-0.026275354080278368,0.19180083274841309
IWM,1h,2,0.55,0.25,12,26,0.33125981903073914,0.2828300971838109,0.32077109651786273,0.053749427937822135,5.967897870260757,0.5526315789473685,0.8470052564038826,-0.026275354080278368,0.1958296298980713
IWM,1h,2,0.55,0.25,20,50,0.27532520803411065,0.34968130411369436,0.2528864454508789,0.04451467227661402,5.680968375537922,0.14473684210526316,0.2581803726126061,-0.0065451929791707775,0.19995951652526855
IWM,1h,2,0.55,0.5,8,21,0.658331288030186,-0.0035906289261554702,0.6599546989563054,0.05512477761942648,11.972015624489908,0.7894736842105263,1.110990416776212,-0.037082999796239635,0.20603299140930176
IWM,1h,2,0.55,0.5,9,21,0.6540928871257531,0.2123731376361473,0.6520773597887111,0.054982359483811596,11.859755854615544,0.7894736842105263,1.1206823629042455,-0.07121136940928185,0.2124166488647461
IWM,1h,2,0.55,0.5,10,30,0.5484424197107358,0.5146527740989022,0.5374813499038236,0.04980188677921147,10.792389298153688,0.5,0.8080947619320926,-0.028355893115204256,0.20404362678527832
IWM,1h,2,0.55,0.5,12,26,0.5682627324832027,0.3850426684324364,0.5520737837849435,0.05955886869146824,9.269379958253433,0.5526315789473685,0.8885679331286468,-0.028355893115204256,0.19118547439575195
IWM,1h,2,0.55,0.5,20,50,0.4560180688791121,0.4633977351872727,0.4376265003289263,0.041253971677744326,10.608105899413724,0.14473684210526316,0.2583709410444339,-0.0065451929791707775,0.19610857963562012
IWM,1h,2,0.55,0.75,8,21,0.884841886440188,-0.016349531794480843,0.8827515028117954,0.06797237367894593,12.986915934130792,0.7894736842105263,1.1922069543860065,-0.044156291842510687,0.21375441551208496
IWM,1h,2,0.55,0.75,9,21,0.8749818873001044,0.2386262727085291,0.8703210355560197,0.06775849078694347,12.84445721042718,0.7894736842105263,1.1973845874498268,-0.08163956222862867,0.2024996280670166
IWM,1h,2,0.55,0.75,10,30,0.726872563386069,0.6093913145858763,0.7172148893850065,0.060973594958733404,11.76271285743302,0.5,0.8332870474854485,-0.03043643215012981,0.1902024745941162
IWM,1h,2,0.55,0.75,12,26,0.7561043409321165,0.4493563129577798,0.7343661073158428,0.06751051455185988,10.877803438332872,0.5526315789473685,0.9195482593639582,-0.030822341588658264,0.20487308502197266
IWM,1h,2,0.55,0.75,20,50,0.6011392762630574,0.5358706978460439,0.584077213300998,0.046088072012450534,12.673066756691657,0.14473684210526316,0.2584049822619664,-0.0065451929791707775,0.2031552791595459
IWM,1h,2,0.55,1.0,8,21,1.0646415449422948,-0.05116942132308655,1.0595693651899372,0.08000789451809613,13.24331019547433,0.7894736842105263,1.2557671315951962,-0.05120351587738803,0.2062242031097412
IWM,1h,2,0.55,1.0,9,21,1.050637310794062,0.23691988883528792,1.043495587518237,0.07945034989501952,13.133933190943068,0.7894736842105263,1.257391207020925,-0.09202132795903728,0.22718429565429688
IWM,1h,2,0.55,1.0,10,30,0.8691935506507454,0.6704369010418925,0.8602707212395162,0.07078982538095804,12.152462823717077,0.5,0.8529935439744989,-0.03251697118505592,0.18849396705627441
IWM,1h,2,0.55,1.0,12,26,0.9057141156159816,0.48132309246115557,0.8793142236540243,0.0746171579906029,11.784343538851521,0.5526315789473685,0.9437703345004537,-0.037994781722654136,0.22585201263427734
IWM,1h,2,0.55,1.0,20,50,0.7171036269258427,0.5734459958535971,0.7007650632056242,0.05170524852835583,13.5530740717998,0.14473684210526316,0.25840860734027293,-0.0065451929791707775,0.16627764701843262
IWM,1h,2,0.7,0.0,8,21,0.00023611407885378274,-0.033318075961848104,-0.031586701683834574,0.305332062059209,-0.10345032706623972,0.2631578947368421,-0.370372136859343,-0.05871497765676015,0.19808411598205566
IWM,1h,2,0.7,0.0,9,21,0.07791445145760874,0.05875495425177957,-0.006985801774810929,0.3013528205200572,-0.02318147134894984,0.2631578947368421,-0.2868848952446765,-0.05871497765676015,0.1892096996307373
IWM,1h,2,0.7,0.0,10,30,0.0802071837734364,0.060508816114635655,0.07742834650114395,0.25811624036670616,0.29997471833287737,0.14473684210526316,-0.033618057677242665,-0.02419481504535259,0.17701292037963867
IWM,1h,2,0.7,0.0,12,26,0.18862905638605684,0.19365338141214883,0.08626174392900837,0.2166600959876383,0.3981432000008442,0.18421052631578946,-0.015484295787800651,-0.02419481504535259,0.1965494155883789
IWM,1h,2,0.7,0.0,20,50,0.15615711634378807,0.1512012380909027,0.04245044324558936,0.2743617749844536,0.15472433522488607,0.039473684210526314,0.008364271573451538,-0.00969585399344508,0.17086029052734375
IWM,1h,2,0.7,0.25,8,21,0.3767802377078635,0.041105961161621796,0.3814768571747785,0.04578029200608379,8.332774660416836,0.7894736842105263,1.0001014139849147,-0.05284845640688818,0.1950080394744873
IWM,1h,2,0.7,0.25,9,21,0.37839648737300685,0.16766186947077188,0.3784467930078704,0.04664795388602416,8.112827283540382,0.7894736842105263,1.0171914110253504,-0.05453984372390286,0.22954607009887695
IWM,1h,2,0.7,0.25,10,30,0.3201930881934747,0.17830772384992621,0.3131643474238043,0.04005400644619637,7.8185523798841645,0.5,0.7742212870062837,-0.026275354080278368,0.19394588470458984
IWM,1h,2,0.7,0.25,12,26,0.3394837500490811,0.36382541499737164,0.3270406162282774,0.05182851424781952,6.310051927487702,0.5526315789473685,0.8478672259116566,-0.026275354080278368,0.20137476921081543
IWM,1h,2,0.7,0.25,20,50,0.27139932310604986,0.29778732012834674,0.25177269898834276,0.043119114338994985,5.8390044148158875,0.14473684210526316,0.2581803726126061,-0.0065451929791707775,0.1756575107574463
IWM,1h,2,0.7,0.5,8,21,0.6693724322533133,0.07340724882513583,0.6699467507309357,0.051682740286131054,12.962678585189384,0.7894736842105263,1.1095704311690506,-0.06442000118244995,0.22430634498596191
IWM,1h,2,0.7,0.5,9,21,0.66296497198751,0.23332307592199775,0.662861352818872,0.05545518776339047,11.95309906166199,0.7894736842105263,1.120465566018272,-0.06383611122183008,0.21021270751953125
IWM,1h,2,0.7,0.5,10,30,0.5568902041959374,0.2535366613731549,0.5441067922212417,0.048957287445557746,11.113908073977912,0.5,0.8080947619320926,-0.028355893115204256,0.18850040435791016
IWM,1h,2,0.7,0.5,12,26,0.5778523164892738,0.49105453917179487,0.5622794346725153,0.05854577243744445,9.604099685819417,0.5526315789473685,0.8889803414834434,-0.0319777594418138,0.19016742706298828
IWM,1h,2,0.7,0.5,20,50,0.4535770076506049,0.39595094933361374,0.43917805307311253,0.039001247842751594,11.2606154255327,0.14473684210526316,0.2583709410444339,-0.0065451929791707775,0.19162225723266602
IWM,1h,2,0.7,0.75,8,21,0.898474970107065,0.07321056272578663,0.8951573047538413,0.06522761957653823,13.723593020337983,0.7894736842105263,1.1921021752283738,-0.07593250586031253,0.21172761917114258
IWM,1h,2,0.7,0.75,9,21,0.8869406482637131,0.2636452293521374,0.8850774251063266,0.06887649068149121,12.850210809944306,0.7894736842105263,1.1982581472167748,-0.07310612255148818,0.24332404136657715
IWM,1h,2,0.7,0.75,10,30,0.7434518419938086,0.2934259078927903,0.7264930809413898,0.060909674629877925,11.92738403801987,0.5,0.8332870474854485,-0.03043643215012981,0.2034285068511963
IWM,1h,2,0.7,0.75,12,26,0.7674783522194846,0.5801083257653779,0.7478237155611841,0.06751056190253986,11.077136591467916,0.5526315789473685,0.9198093431842246,-0.04048905077579534,0.20685815811157227
IWM,1h,2,0.7,0.75,20,50,0.5992606737131814,0.45337190370665215,0.5872964722474985,0.04270446577096735,13.75257743293846,0.14473684210526316,0.2584049822619664,-0.0065451929791707775,0.17975521087646484
IWM,1h,2,0.7,1.0,8,21,1.0804562108824363,0.048550792891840944,1.0738387319365341,0.07807297492031096,13.754295042972306,0.7894736842105263,1.2566948855956201,-0.08738597044047713,0.19286799430847168
IWM,1h,2,0.7,1.0,9,21,1.0650765415874144,0.26553492180617244,1.0614110293579926,0.0810893489024076,13.089401305163008,0.7894736842105263,1.2591621861335636,-0.08234987771287738,0.19557857513427734
IWM,1h,2,0.7,1.0,10,30,0.8918183804931954,0.30438368648054626,0.8716360583030598,0.07129436600287768,12.22587572021999,0.5,0.8529935439744989,-0.03251697118505592,0.19309568405151367
IWM,1h,2,0.7,1.0,12,26,0.9186484161091371,0.635622426455486,0.895387753587584,0.0755044822269474,11.858736424365835,0.5526315789473685,0.9439565345040882,-0.04897066732817179,0.18480181694030762
IWM,1h,2,0.7,1.0,20,50,0.7155468319082434,0.47695295545357097,0.705219458585407,0.04741840517980069,14.872272821309828,0.14473684210526316,0.25840860734027293,-0.0065451929791707775,0.1845102310180664
IWM,1h,2,0.85,0.0,8,21,0.00098813739903271,-0.032624198307722674,-0.038882087729915714,0.30569485166383725,-0.1271924846568011,0.2894736842105263,-0.34968101513674266,-0.0593646809916889,0.20299458503723145
IWM,1h,2,0.85,0.0,9,21,0.041553591393161435,0.014840974671406437,-0.033349435257349555,0.28498457941624805,-0.11702189404655267,0.2894736842105263,-0.32631225854522694,-0.0593646809916889,0.20810556411743164
IWM,1h,2,0.85,0.0,10,30,0.11251544858392033,0.1000210067392795,0.102158519057133,0.25287232361952794,0.40399248757187384,0.17105263157894737,-0.10823635773727851,-0.05871497765676015,0.19503116607666016
IWM,1h,2,0.85,0.0,12,26,0.06948729110159899,0.04800275047794167,0.08333568591586238,0.23249128008999803,0.3584465012348115,0.21052631578947367,-0.0997074546613946,-0.05871497765676015,0.19586443901062012
IWM,1h,2,0.85,0.0,20,50,0.12464736491998064,0.11246174327008451,0.024680945828256973,0.2706492752759523,0.0911916198670491,0.039473684210526314,0.022795522269304296,-0.015781549597613354,0.17935562133789062
IWM,1h,2,0.85,0.25,8,21,0.37921886668878024,0.04204819664097337,0.38878634911852783,0.04292045482156812,9.058299841761167,0.8026315789473685,1.0041732850686484,-0.050185402419313574,0.212646484375
IWM,1h,2,0.85,0.25,9,21,0.3841669196248724,0.10671907964832505,0.3870154261932524,0.04375190681951885,8.84568135029477,0.8026315789473685,1.0480966311262339,-0.05229445396470822,0.2280724048614502
IWM,1h,2,0.85,0.25,10,30,0.3274551959517725,0.2338767322322992,0.3198021574389084,0.04027064194178502,7.941322562009622,0.5263157894736842,0.7203295347610689,-0.02838363693465451,0.19040966033935547
IWM,1h,2,0.85,0.25,12,26,0.33539597351490175,0.1610203051692578,0.33021187088323334,0.04587668605825119,7.197814385807033,0.5789473684210527,0.8327543522221318,-0.02838363693465451,0.1899127960205078
IWM,1h,2,0.85,0.25,20,50,0.26723566233653057,0.24357993039425363,0.24993844467603585,0.042809678548034746,5.838363032686441,0.14473684210526316,0.27042627445256234,-0.00590144198506537,0.1808619499206543
IWM,1h,2,0.85,0.5,8,21,0.6744425228459295,0.07459040954158569,0.684691008074825,0.048810246752307274,14.027608005125675,0.8026315789473685,1.122777255348468,-0.061252163975285545,0.20376110076904297
IWM,1h,2,0.85,0.5,9,21,0.6777923055037006,0.1557511463759067,0.6808537421400856,0.053272289963720514,12.78063591040972,0.8026315789473685,1.159747102596694,-0.061612799329904266,0.2067577838897705
IWM,1h,2,0.85,0.5,10,30,0.5660544020998832,0.3252939350957773,0.554311438494677,0.0462155008720665,11.994058877109628,0.5263157894736842,0.7664553198910863,-0.03045967124147908,0.18744230270385742
IWM,1h,2,0.85,0.5,12,26,0.5862075550889315,0.2314841211867531,0.5723277122856957,0.051176777716753,11.183347952333879,0.5789473684210527,0.8842333283102066,-0.036305584824690484,0.19121217727661133
IWM,1h,2,0.85,0.5,20,50,0.4510872406270169,0.32645689589155924,0.4388474246134355,0.038561612273561564,11.380422102172219,0.14473684210526316,0.2709517686998333,-0.00590144198506537,0.18622946739196777
IWM,1h,2,0.85,0.75,8,21,0.9056330966308812,0.07461633138494705,0.9156901507553161,0.06302927832049808,14.528012618185409,0.8026315789473685,1.2110745607377253,-0.07226908720220016,0.19793367385864258
IWM,1h,2,0.85,0.75,9,21,0.9083194495656871,0.17065919529804296,0.9102280783485457,0.06825123069785233,13.336434655341504,0.8026315789473685,1.2429326069940816,-0.07090482617060156,0.20086026191711426
IWM,1h,2,0.85,0.75,10,30,0.754649907710981,0.38075053350102306,0.7397937034020725,0.056023430502048596,13.205076818261256,0.5263157894736842,0.8004068334837999,-0.03253570554830376,0.19693374633789062
IWM,1h,2,0.85,0.75,12,26,0.7836077648448667,0.2668369835870106,0.7632826153708758,0.059506213417782096,12.826939768659283,0.5789473684210527,0.9225997678824387,-0.04552588680823455,0.1966838836669922
IWM,1h,2,0.85,0.75,20,50,0.5974124419306955,0.36951642381597893,0.5877586199673878,0.04153188467263484,14.151985266266019,0.14473684210526316,0.2710877518173042,-0.00590144198506537,0.1845870018005371
IWM,1h,2,0.85,1.0,8,21,1.0892820035283686,0.05015335915627461,1.0989721960537406,0.07640879042239396,14.38279797361709,0.8026315789473685,1.2799528930266775,-0.08323617210005907,0.18753290176391602
IWM,1h,2,0.85,1.0,9,21,1.0915565466353565,0.15890845777177431,1.0922127614801904,0.0818622577664561,13.342079625951092,0.8026315789473685,1.3078322421923703,-0.08017053448679934,0.20401978492736816
IWM,1h,2,0.85,1.0,10,30,0.9047301748299363,0.406094518052756,0.8874464535843867,0.06490307088956072,13.673412388983389,0.5263157894736842,0.8268414352488603,-0.03461173985512889,0.18621492385864258
IWM,1h,2,0.85,1.0,12,26,0.9405427218052095,0.2736429338745592,0.9151669489598877,0.06710855372429933,13.637113276493023,0.5789473684210527,0.9525486916002203,-0.05471307124971225,0.19150328636169434
IWM,1h,2,0.85,1.0,20,50,0.7140635064847138,0.380186178122375,0.7062288006755264,0.045607539409534756,15.484913455512611,0.14473684210526316,0.2711387350267961,-0.00590144198506537,0.17468738555908203
IWM,1h,2,1.0,0.0,8,21,-0.02667572639508317,-0.0634479482324426,-0.07908561848680282,0.27557444668476355,-0.28698458597386145,0.27631578947368424,-0.36237508909383737,-0.0593646809916889,0.20001578330993652
IWM,1h,2,1.0,0.0,9,21,-0.014412962760029438,-0.04953116106135347,-0.045178217864569895,0.2576506580908327,-0.17534679786706647,0.2894736842105263,-0.3601217366608052,-0.0593646809916889,0.2026834487915039
IWM,1h,2,1.0,0.0,10,30,0.1385019927403712,0.13319637657079797,0.09005718074161236,0.2207276248389801,0.4080014035728818,0.17105263157894737,-0.12616147584905776,-0.05871497765676015,0.19168329238891602
IWM,1h,2,1.0,0.0,12,26,0.10714354699104507,0.09369909205771276,0.06123552954320781,0.22311271456877765,0.2744600623122762,0.21052631578947367,-0.08833126194080822,-0.05871497765676015,0.1921401023864746
IWM,1h,2,1.0,0.0,20,50,0.12927593614665933,0.118181643090298,0.031649992099739774,0.2605560114288968,0.12147097250288064,0.039473684210526314,0.022795522269304296,-0.015781549597613354,0.18407773971557617
IWM,1h,2,1.0,0.25,8,21,0.38414055009960824,0.0008830199838869568,0.39121922175084944,0.04000432221433397,9.779423824625416,0.8026315789473685,1.002313249441599,-0.04892406271568339,0.20008039474487305
IWM,1h,2,1.0,0.25,9,21,0.3845012863813673,0.01971573001365967,0.3921098605088329,0.04025892100581621,9.73970118206061,0.8026315789473685,0.9490673049310356,-0.05457129263548177,0.19516801834106445
IWM,1h,2,1.0,0.25,10,30,0.3338215372615376,0.28078415702392867,0.32865098321465736,0.043015311630837515,7.640325520251461,0.5263157894736842,0.7204358840230034,-0.022950476146534782,0.1796121597290039
IWM,1h,2,1.0,0.25,12,26,0.3392615018591689,0.2248164009274385,0.3336060467141767,0.04567164231082846,7.304446037734904,0.5789473684210527,0.8422985487429343,-0.022950476146534782,0.17809629440307617
IWM,1h,2,1.0,0.25,20,50,0.26781981999324067,0.25171607362401494,0.2506762073846628,0.04128783447716179,6.071430254433019,0.14473684210526316,0.27042627445256234,-0.00590144198506537,0.16952276229858398
IWM,1h,2,1.0,0.5,8,21,0.6866283606480099,0.02405878373181336,0.6947055934012968,0.04672439698362413,14.868155358854086,0.8026315789473685,1.1237653465765294,-0.058751285104422735,0.19540905952453613
IWM,1h,2,1.0,0.5,9,21,0.6852312980635104,0.047476764723731746,0.6917346818134056,0.049461611421399695,13.985283979529319,0.8026315789473685,1.0673290985619763,-0.06434016365381323,0.18842625617980957
IWM,1h,2,1.0,0.5,10,30,0.5744069223865553,0.38626070951634084,0.5690250337987882,0.0474850268627077,11.98325180364742,0.5263157894736842,0.7691276561750545,-0.02394031299206789,0.18946504592895508
IWM,1h,2,1.0,0.5,12,26,0.5885895954625626,0.3133574212678232,0.5825970303668133,0.051031106649770216,11.41650786382538,0.5789473684210527,0.8962649619736753,-0.026830739268879356,0.18177223205566406
IWM,1h,2,1.0,0.5,20,50,0.4514851678895857,0.3370501288296748,0.4393510982286254,0.03749727693535183,11.716880108016918,0.14473684210526316,0.2709517686998333,-0.00590144198506537,0.1671297550201416
IWM,1h,2,1.0,0.75,8,21,0.9231213233748945,0.016128627542923546,0.9309690127819354,0.0596544663324073,15.606023656206716,0.8026315789473685,1.21419266415939,-0.06855046970050316,0.2055814266204834
IWM,1h,2,1.0,0.75,9,21,0.9205146977761469,0.043581046328158735,0.9254551951659513,0.063175161868991,14.649035598596594,0.8026315789473685,1.1573364572873042,-0.07408116336026449,0.20607900619506836
IWM,1h,2,1.0,0.75,10,30,0.765004381525129,0.45547364381876454,0.7587921644485353,0.05591740539508925,13.56987433675121,0.5263157894736842,0.8051568186385603,-0.024930149837601334,0.19780755043029785
IWM,1h,2,1.0,0.75,12,26,0.7854651077073476,0.3659215470857491,0.7785304389989471,0.059287104617272136,13.131530777641274,0.5789473684210527,0.9364742951390089,-0.03134754712166654,0.20908451080322266
IWM,1h,2,1.0,0.75,20,50,0.5977632630326227,0.3824869704181242,0.588207935270362,0.04075249554176881,14.43366663686853,0.14473684210526316,0.2710877518173042,-0.00590144198506537,0.21014809608459473
IWM,1h,2,1.0,1.0,8,21,1.1109112355030877,-0.01465671731113194,1.1183010825217128,0.07172102919093007,15.592373605580308,0.8026315789473685,1.2847593832459914,-0.0783216165039261,0.1927800178527832
IWM,1h,2,1.0,1.0,9,21,1.107371625587086,0.016149679073818035,1.110854813112129,0.07567943613208974,14.67842349106909,0.8026315789473685,1.2280921573041301,-0.0837942917548341,0.2229020595550537
IWM,1h,2,1.0,1.0,10,30,0.9167679504472519,0.49378247098564554,0.9097584101308076,0.06389310193303444,14.238757903541982,0.5263157894736842,0.833212993167107,-0.027100527456994317,0.22844886779785156
IWM,1h,2,1.0,1.0,12,26,0.9421111618973675,0.3884568268577895,0.9342870616549546,0.06684413018453815,13.977099545998227,0.5789473684210527,0.9677658796795496,-0.03585385653048545,0.20380258560180664
IWM,1h,2,1.0,1.0,20,50,0.7143928320716112,0.3953619606067116,0.7066552529807828,0.0450008789053964,15.70314336451865,0.14473684210526316,0.2711387350267961,-0.00590144198506537,0.18532681465148926
IWM,1h,3,0.0,0.0,8,21,0.009403606401604859,-0.020999881210002513,0.02063472393771158,0.28603385581003254,0.07214084458385231,0.2631578947368421,-0.3351550250814207,-0.02723031688317601,0.2049238681793213
IWM,1h,3,0.0,0.0,9,21,0.13283968188559267,0.12498138777440881,0.019679393221293535,0.23773413606010152,0.0827789965186926,0.23684210526315788,-0.35862428438075594,-0.029145724126657835,0.2534327507019043
IWM,1h,3,0.0,0.0,10,30,0.15925814944832742,0.15300068203117467,0.10450156083266075,0.23338837465136614,0.44775820984556075,0.14473684210526316,-0.0037747612970509227,-0.02921636374058889,0.19493603706359863
IWM,1h,3,0.0,0.0,12,26,0.15161063617388187,0.14371548031528047,0.06350933269317799,0.24173147089084965,0.2627267871209649,0.18421052631578946,-0.023110125895397616,-0.02921636374058889,0.1869523525238037
IWM,1h,3,0.0,0.0,20,50,0.16488931648320315,0.16169191100463642,0.06645746585624102,0.23811406020684298,0.27909929299643743,0.039473684210526314,0.014824769985450856,-0.011152236504166746,0.1700124740600586
IWM,1h,3,0.0,0.25,8,21,0.34391120281469684,0.0569146683427737,0.35171489140506035,0.04087131990061523,8.605420433211066,0.7631578947368421,0.9752862923486549,-0.02636389047631371,0.18742990493774414
IWM,1h,3,0.0,0.25,9,21,0.34554219587025853,0.2579605569111385,0.3389279930055357,0.037879701325386546,8.947483246875287,0.7763157894736842,1.0927283461999289,-0.027006037168031072,0.18724441528320312
IWM,1h,3,0.0,0.25,10,30,0.30733845197688936,0.3018304863582142,0.2948271659224632,0.0435984143289384,6.762336898265862,0.4868421052631579,0.7929055361456152,-0.01742663792433974,0.1800830364227295
IWM,1h,3,0.0,0.25,12,26,0.3026810028879299,0.29311804719866075,0.3031577731233392,0.049957981813186746,6.068255003914483,0.5526315789473685,0.8898743504105224,-0.024015777743783273,0.1858077049255371
IWM,1h,3,0.0,0.25,20,50,0.26666192756305146,0.3161235093142025,0.24260835538930953,0.04122107669161669,5.885541447748012,0.13157894736842105,0.19934309668610597,-0.011152236504166746,0.17131590843200684
IWM,1h,3,0.0,0.5,8,21,0.6061810689404654,0.09218551039877165,0.6134669620802203,0.04642841918994136,13.21317789370539,0.7631578947368421,1.064600240239288,-0.03186994887930528,0.18943333625793457
IWM,1h,3,0.0,0.5,9,21,0.5945070907831601,0.34678080492991525,0.5934602639904978,0.048422907062804894,12.255775210289938,0.7763157894736842,1.1755284182045689,-0.030129231996381844,0.1897602081298828
IWM,1h,3,0.0,0.5,10,30,0.5208364510890516,0.40625637272062565,0.5053723214586673,0.04992943043502441,10.121732153871308,0.4868421052631579,0.8132577174340883,-0.01742663792433974,0.19286012649536133
IWM,1h,3,0.0,0.5,12,26,0.5129627522377885,0.39913182702578975,0.5177735742350198,0.05378718464732811,9.626337158748099,0.5526315789473685,0.9187938165967416,-0.02747613083995981,0.2129497528076172
IWM,1h,3,0.0,0.5,20,50,0.4420673975471321,0.42277131206126595,0.41921782845784283,0.0491647026331392,8.526804923157846,0.13157894736842105,0.19929206490593887,-0.011152236504166746,0.18308782577514648
IWM,1h,3,0.0,0.75,8,21,0.8115899484477511,0.09419982629195411,0.8186416082432577,0.05489797822473913,14.912053862747653,0.7631578947368421,1.1284452876781896,-0.03829338849257813,0.21800875663757324
IWM,1h,3,0.0,0.75,9,21,0.7914787065053536,0.39823917800020947,0.7930877713126361,0.060954716119041755,13.011097775663037,0.7763157894736842,1.2329281788351314,-0.03325242682473328,0.19000792503356934
IWM,1h,3,0.0,0.75,10,30,0.6906358672816209,0.47213225747743337,0.6723312640341971,0.05955148748020382,11.289915541701527,0.4868421052631579,0.8269863467243362,-0.01742663792433974,0.20156598091125488
IWM,1h,3,0.0,0.75,12,26,0.6801482499453938,0.46735278664235635,0.6870436031546988,0.061464272742089196,11.177934310515782,0.5526315789473685,0.9382420917802904,-0.03093648393613624,0.20090699195861816
IWM,1h,3,0.0,0.75,20,50,0.5826807561505971,0.48870279909203296,0.5593832282059307,0.06011075069686084,9.30587659812978,0.13157894736842105,0.1992555468497781,-0.011152236504166746,0.18391036987304688
IWM,1h,3,0.0,1.0,8,21,0.9747445328005926,0.070899290565974,0.9816074793276593,0.06274468833003034,15.644471356117176,0.7631578947368421,1.1776765686173938,-0.04469615546835459,0.1986403465270996
IWM,1h,3,0.0,1.0,9,21,0.9483310114095378,0.4185050235227816,0.9516839108854642,0.07183907878138945,13.24744034902639,0.7763157894736842,1.2767425122158869,-0.036375621653083945,0.18758392333984375
IWM,1h,3,0.0,1.0,10,30,0.8259872995146139,0.504993109556392,0.8053515036991188,0.06824878821438957,11.800231546518779,0.4868421052631579,0.8374419920363657,-0.020013649336547257,0.20073509216308594
IWM,1h,3,0.0,1.0,12,26,0.8134080966294702,0.503083814162073,0.8216626550100047,0.06882121433434465,11.939089755351219,0.5526315789473685,0.9530356464366377,-0.034396837032312666,0.1903233528137207
IWM,1h,3,0.0,1.0,20,50,0.695002455728589,0.5203550630637597,0.6711152626409633,0.06954141945922589,9.650583319405168,0.13157894736842105,0.19922812209768398,-0.011152236504166746,0.17982053756713867
IWM,1h,3,0.1,0.0,8,21,0.027480689715535654,-0.0008410423566427294,0.027368221012996678,0.2602727093950455,0.10515209634006159,0.2631578947368421,-0.3088130269397568,-0.02723031688317601,0.1987137794494629
IWM,1h,3,0.1,0.0,9,21,0.1602012543478861,0.16114277143592215,0.016956859818594683,0.217835702079002,0.07784242737420966,0.23684210526315788,-0.32472944487627725,-0.029145724126657835,0.19299793243408203
IWM,1h,3,0.1,0.0,10,30,0.16550065113088305,0.1602372269876653,0.09796907135118255,0.23846113339695674,0.4108387390245996,0.14473684210526316,-0.0037747612970509227,-0.02921636374058889,0.19254374504089355
IWM,1h,3,0.1,0.0,12,26,0.13562501476582242,0.12448891981098442,0.04428556319830138,0.26209167899790564,0.16896974130435963,0.18421052631578946,-0.023110125895397616,-0.02921636374058889,0.1917421817779541
IWM,1h,3,0.1,0.0,20,50,0.1576444821603905,0.15216812265500068,0.06662746155356031,0.26209430101989417,0.25421179054367526,0.039473684210526314,0.014824769985450856,-0.011152236504166746,0.1886601448059082
IWM,1h,3,0.1,0.25,8,21,0.34539054439507944,0.0843003257879742,0.3542415163555733,0.03979475172099787,8.901714448155643,0.7631578947368421,0.9765669610142725,-0.02636389047631371,0.19268226623535156
IWM,1h,3,0.1,0.25,9,21,0.35334784205842223,0.3087149258097466,0.3453748753821197,0.04241226421888875,8.14327840644507,0.7763157894736842,1.094569303881212,-0.027006037168031072,0.1996173858642578
IWM,1h,3,0.1,0.25,10,30,0.31172414299291945,0.3121233002794319,0.2992998333222692,0.04287683419834456,6.980455505127404,0.4868421052631579,0.7929055361456152,-0.01742663792433974,0.1952981948852539
IWM,1h,3,0.1,0.25,12,26,0.30465406618753627,0.2661083230707977,0.30485463068528934,0.05007476349821585,6.087989425974048,0.5526315789473685,0.8898743504105224,-0.024015777743783273,0.20128583908081055
IWM,1h,3,0.1,0.25,20,50,0.2676115699321251,0.30255177268920663,0.24420032402176134,0.041758415503974015,5.847930796093582,0.13157894736842105,0.19934309668610597,-0.011152236504166746,0.19834208488464355
IWM,1h,3,0.1,0.5,8,21,0.6070711252047496,0.12637505339487887,0.6177176460326479,0.04564942980608464,13.531771342088305,0.7631578947368421,1.0653556823360208,-0.03186994887930528,0.19782447814941406
IWM,1h,3,0.1,0.5,9,21,0.6056471516484707,0.412264847936352,0.6024188949122227,0.05167246227462899,11.658412786882199,0.7763157894736842,1.1765995400058948,-0.030129231996381844,0.18752217292785645
IWM,1h,3,0.1,0.5,10,30,0.5283741534237846,0.41970470992963205,0.5144338337515442,0.04947630339267129,10.397580224793936,0.4868421052631579,0.8132577174340883,-0.01742663792433974,0.19289326667785645
IWM,1h,3,0.1,0.5,12,26,0.5190885110649799,0.36427341660365875,0.5230523837264671,0.05415839758379977,9.65782606320919,0.5526315789473685,0.9187938165967416,-0.02747613083995981,0.1825110912322998
IWM,1h,3,0.1,0.5,20,50,0.4454600145368614,0.4050549115315012,0.42164325719062834,0.04943784861883591,8.528754162453207,0.13157894736842105,0.19929206490593887,-0.011152236504166746,0.17166781425476074
IWM,1h,3,0.1,0.75,8,21,0.8123049470740253,0.13443526256584448,0.824285186655666,0.054138735565596556,15.2254236831396,0.7631578947368421,1.1290076382451615,-0.03829338849257813,0.19200611114501953
IWM,1h,3,0.1,0.75,9,21,0.8056687394494965,0.4779040430619106,0.8038600783238964,0.06307923718905413,12.743655664615215,0.7763157894736842,1.233717867620309,-0.03325242682473328,0.21162009239196777
IWM,1h,3,0.1,0.75,10,30,0.7007190856659765,0.48869037752748823,0.6848490031049514,0.05977130556376004,11.457822388945482,0.4868421052631579,0.8269863467243362,-0.01742663792433974,0.2048637866973877
IWM,1h,3,0.1,0.75,12,26,0.6892201983465266,0.424958609089783,0.6948674782865245,0.06274675888545737,11.074157305160377,0.5526315789473685,0.9382420917802904,-0.03093648393613624,0.20790672302246094
IWM,1h,3,0.1,0.75,20,50,0.5878115088791882,0.4669396870558762,0.562502877085707,0.06109464137712387,9.207073884164402,0.13157894736842105,0.1992555468497781,-0.011152236504166746,0.17893481254577637
IWM,1h,3,0.1,1.0,8,21,0.9753756335140747,0.11621556921955967,0.9883623222510017,0.06199935505287145,15.941493607605302,0.7631578947368421,1.178132618041686,-0.04469615546835459,0.20590734481811523
IWM,1h,3,0.1,1.0,9,21,0.9650364956265136,0.5112851832601615,0.9638412759214375,0.07318561606485902,13.16981843901206,0.7763157894736842,1.2773785654246343,-0.036375621653083945,0.2035672664642334
IWM,1h,3,0.1,1.0,10,30,0.8381108505913629,0.5244992671433453,0.8205830416671709,0.06909352546047387,11.876410071687534,0.4868421052631579,0.8374419920363657,-0.020013649336547257,0.20859527587890625
IWM,1h,3,0.1,1.0,12,26,0.8247580113001657,0.4537540432481211,0.8314540482779794,0.07093011208936222,11.7221589503547,0.5526315789473685,0.9530356464366377,-0.034396837032312666,0.2012920379638672
IWM,1h,3,0.1,1.0,20,50,0.7014798054662029,0.4947939640198906,0.6747925535191194,0.07123869510106688,9.472275601929345,0.13157894736842105,0.19922812209768398,-0.011152236504166746,0.1797168254852295
IWM,1h,3,0.25,0.0,8,21,0.09622633920750807,0.08085605695951026,0.006361460627423539,0.2814452860786158,0.02260283238727473,0.2631578947368421,-0.3088130269397568,-0.02723031688317601,0.19248485565185547
IWM,1h,3,0.25,0.0,9,21,0.05546143516332519,0.03147476347665168,0.01190463596095229,0.2506793849832264,0.04748948926035087,0.23684210526315788,-0.32472944487627725,-0.029145724126657835,0.20348143577575684
IWM,1h,3,0.25,0.0,10,30,0.1257415657632044,0.11214303831727879,0.11479792193028963,0.21670685215882712,0.5297383113947538,0.14473684210526316,-0.0037747612970509227,-0.02921636374058889,0.19962763786315918
IWM,1h,3,0.25,0.0,12,26,0.043897831208859435,0.018672725692331804,0.061747471318019595,0.244164969418815,0.2528924254162949,0.18421052631578946,-0.023110125895397616,-0.02921636374058889,0.19483709335327148
IWM,1h,3,0.25,0.0,20,50,0.1569655330625283,0.15086112674195795,0.07948328600518674,0.2767601929298492,0.28719190127654476,0.039473684210526314,0.014824769985450856,-0.011152236504166746,0.18285608291625977
IWM,1h,3,0.25,0.25,8,21,0.3601408783132355,0.19695450912382406,0.36106931519567453,0.04120995707275909,8.761700832596869,0.7631578947368421,0.9765669610142725,-0.02636389047631371,0.18947768211364746
IWM,1h,3,0.25,0.25,9,21,0.3507608153067202,0.12911731658058967,0.35855929035805423,0.04193625941074093,8.550101878333436,0.7763157894736842,1.094569303881212,-0.027006037168031072,0.19400691986083984
IWM,1h,3,0.25,0.25,10,30,0.3090503734602122,0.2445904506198,0.3041247393147416,0.04162690286887793,7.305966054518036,0.4868421052631579,0.7929055361456152,-0.01742663792433974,0.18851566314697266
IWM,1h,3,0.25,0.25,12,26,0.3078805996793322,0.11833060016392172,0.3092417686940278,0.0500395756011034,6.179943874008573,0.5526315789473685,0.8898743504105224,-0.024015777743783273,0.1897904872894287
IWM,1h,3,0.25,0.25,20,50,0.26919528046669317,0.29668973154728073,0.2472622480965188,0.04498396311805583,5.496675502947666,0.13157894736842105,0.19934309668610597,-0.011152236504166746,0.17584633827209473
IWM,1h,3,0.25,0.5,8,21,0.6262365858993263,0.26916374474783944,0.6297432742448543,0.05023725787444566,12.53538311781917,0.7631578947368421,1.0653556823360208,-0.03186994887930528,0.19829034805297852
IWM,1h,3,0.25,0.5,9,21,0.6142233232421381,0.18357302648149743,0.6206481382374296,0.05026549704788029,12.347398806108146,0.7763157894736842,1.1765995400058948,-0.030129231996381844,0.20637917518615723
IWM,1h,3,0.25,0.5,10,30,0.5291458498819908,0.33260294310916483,0.5216784839813473,0.05099088356955832,10.230818677023095,0.4868421052631579,0.8132577174340883,-0.01742663792433974,0.2193152904510498
IWM,1h,3,0.25,0.5,12,26,0.537769535249228,0.1744881639988758,0.5300951285138832,0.054982194583769704,9.6412144427273,0.5526315789473685,0.9187938165967416,-0.02747613083995981,0.19426441192626953
IWM,1h,3,0.25,0.5,20,50,0.44921869594942243,0.3937079446675027,0.4242992728478597,0.049556792378689526,8.5618792597706,0.13157894736842105,0.19929206490593887,-0.011152236504166746,0.16527104377746582
IWM,1h,3,0.25,0.75,8,21,0.8360337284020868,0.3050757105421902,0.840057276599906,0.06198793629206656,13.551947795807159,0.7631578947368421,1.1290076382451615,-0.03829338849257813,0.19903826713562012
IWM,1h,3,0.25,0.75,9,21,0.8213308637471486,0.20329411567163924,0.825812469177378,0.0616722529437504,13.390340546348765,0.7763157894736842,1.233717867620309,-0.03325242682473328,0.1982264518737793
IWM,1h,3,0.25,0.75,10,30,0.7034863825616839,0.38283733923374985,0.6942195003031696,0.062340617174954815,11.13590996949691,0.4868421052631579,0.8269863467243362,-0.01742663792433974,0.18838143348693848
IWM,1h,3,0.25,0.75,12,26,0.7183586307492641,0.1952794952482313,0.7042027521908847,0.06282427712312497,11.209086430246803,0.5526315789473685,0.9382420917802904,-0.03093648393613624,0.1875312328338623
IWM,1h,3,0.25,0.75,20,50,0.5932386743574635,0.44960942438531926,0.5652387331117429,0.06039632431244222,9.35882670918267,0.13157894736842105,0.1992555468497781,-0.011152236504166746,0.1900651454925537
IWM,1h,3,0.25,1.0,8,21,1.002965536870727,0.3114245012413175,1.0070291251196886,0.07246776631997812,13.896235198877214,0.7631578947368421,1.178132618041686,-0.04469615546835459,0.20076513290405273
IWM,1h,3,0.25,1.0,9,21,0.9859979013313224,0.19557918976768884,0.9886644903534494,0.07205239278952047,13.721466450691475,0.7763157894736842,1.2773785654246343,-0.036375621653083945,0.20299339294433594
IWM,1h,3,0.25,1.0,10,30,0.8423136085699696,0.40142884306178783,0.8316854545054871,0.072283740921536,11.505844106882648,0.4868421052631579,0.8374419920363657,-0.020013649336547257,0.1874527931213379
IWM,1h,3,0.25,1.0,12,26,0.8618709160755101,0.18787919838866562,0.8426535572481828,0.07002341955731678,12.033881843751425,0.5526315789473685,0.9530356464366377,-0.034396837032312666,0.19317317008972168
IWM,1h,3,0.25,1.0,20,50,0.7082227127484081,0.47133758221601263,0.6776738062193526,0.07023966801802038,9.648021201431241,0.13157894736842105,0.19922812209768398,-0.011152236504166746,0.1754741668701172
IWM,1h,3,0.4,0.0,8,21,0.08369938010400245,0.06546063953663639,-0.026519981217947047,0.2890231088837491,-0.09175730383764544,0.2631578947368421,-0.3088130269397568,-0.02723031688317601,0.18885302543640137
IWM,1h,3,0.4,0.0,9,21,0.0885394690233444,0.07168061637536138,0.004821610026388273,0.27636145454057653,0.017446752964894185,0.23684210526315788,-0.32472944487627725,-0.029145724126657835,0.19237923622131348
IWM,1h,3,0.4,0.0,10,30,0.08535443415138372,0.0651298909932565,0.12446421305142638,0.22947424312309458,0.5423885982038572,0.14473684210526316,-0.0037747612970509227,-0.02921636374058889,0.19268274307250977
IWM,1h,3,0.4,0.0,12,26,0.11820117786826667,0.10483948654521957,0.06298757084306582,0.25768497501159976,0.24443633487063193,0.18421052631578946,-0.023110125895397616,-0.02921636374058889,0.1858680248260498
IWM,1h,3,0.4,0.0,20,50,0.1696602331016183,0.16653193958542456,0.08841915053830876,0.25643027202168106,0.3448077710997903,0.039473684210526314,0.014824769985450856,-0.011152236504166746,0.1754295825958252
IWM,1h,3,0.4,0.25,8,21,0.3614481021992462,0.1757178946707305,0.3586237104128781,0.043828406628427616,8.182449192215685,0.7631578947368421,0.9765669610142725,-0.02636389047631371,0.19368958473205566
IWM,1h,3,0.4,0.25,9,21,0.3570470237389443,0.1844969259427176,0.36347749198451484,0.041991140445844156,8.656051922507098,0.7763157894736842,1.094569303881212,-0.027006037168031072,0.19060015678405762
IWM,1h,3,0.4,0.25,10,30,0.30794223666532083,0.17926935140042666,0.3065576338475984,0.04448676563135389,6.8909849816445,0.4868421052631579,0.7929055361456152,-0.01742663792433974,0.2130262851715088
IWM,1h,3,0.4,0.25,12,26,0.3176106919683998,0.2373081735962621,0.3102644766780254,0.051300412348880865,6.047991867355701,0.5526315789473685,0.8898743504105224,-0.024015777743783273,0.19454622268676758
IWM,1h,3,0.4,0.25,20,50,0.2709214192657846,0.3191608848453382,0.24954701686665234,0.04670757653503739,5.342752405050522,0.13157894736842105,0.19934309668610597,-0.011152236504166746,0.19330239295959473
IWM,1h,3,0.4,0.5,8,21,0.630941079786283,0.2422394368109202,0.6332415883951195,0.056322185683136926,11.243199828175602,0.7631578947368421,1.0653556823360208,-0.03186994887930528,0.19095134735107422
IWM,1h,3,0.4,0.5,9,21,0.6221728691832737,0.2537036456228421,0.6314723714421808,0.05484134315817064,11.51453146617726,0.7763157894736842,1.1765995400058948,-0.030129231996381844,0.196746826171875
IWM,1h,3,0.4,0.5,10,30,0.5331003115515147,0.24923018594736623,0.5249878235423193,0.051977848433080245,10.10022229408406,0.4868421052631579,0.8132577174340883,-0.01742663792433974,0.18629217147827148
IWM,1h,3,0.4,0.5,12,26,0.5461260533246161,0.3253888902725861,0.532414905335132,0.055538902690033275,9.586341817132741,0.5526315789473685,0.9187938165967416,-0.02747613083995981,0.18735504150390625
IWM,1h,3,0.4,0.5,20,50,0.4503998605573817,0.4232202107900347,0.4280112653505309,0.050261519732171904,8.515684914249919,0.13157894736842105,0.19929206490593887,-0.011152236504166746,0.1681811809539795
IWM,1h,3,0.4,0.75,8,21,0.843212503569877,0.2728942915673531,0.8478324903437586,0.07020533215407292,12.07646861470724,0.7631578947368421,1.1290076382451615,-0.03829338849257813,0.1876542568206787
IWM,1h,3,0.4,0.75,9,21,0.8311156943101742,0.2870463786568602,0.8411602316646082,0.06901999998676615,12.187195477048562,0.7763157894736842,1.233717867620309,-0.03325242682473328,0.19563651084899902
IWM,1h,3,0.4,0.75,10,30,0.7107042602980598,0.28255930886342706,0.6983994530441132,0.06287579709334769,11.107603964165163,0.4868421052631579,0.8269863467243362,-0.01742663792433974,0.18039155006408691
IWM,1h,3,0.4,0.75,12,26,0.7269312571012192,0.3756248121162724,0.7075411279317518,0.06359432993758399,11.125852393227245,0.5526315789473685,0.9382420917802904,-0.03093648393613624,0.18690133094787598
IWM,1h,3,0.4,0.75,20,50,0.5942463252210475,0.48607942584254227,0.5701416253988557,0.05990655086674215,9.517183298819775,0.13157894736842105,0.1992555468497781,-0.011152236504166746,0.17701148986816406
IWM,1h,3,0.4,1.0,8,21,1.0120696378367355,0.27460691525916925,1.01815325568032,0.08209795834422919,12.40168788864757,0.7631578947368421,1.178132618041686,-0.04469615546835459,0.19082951545715332
IWM,1h,3,0.4,1.0,9,21,0.9973451103468444,0.29134327231647794,1.0075926197166227,0.08127629663095967,12.397127594182383,0.7763157894736842,1.2773785654246343,-0.036375621653083945,0.1900920867919922
IWM,1h,3,0.4,1.0,10,30,0.851981230319459,0.2860284261683754,0.8365921789298613,0.0727193792211158,11.504391097537543,0.4868421052631579,0.8374419920363657,-0.020013649336547257,0.18387961387634277
IWM,1h,3,0.4,1.0,12,26,0.8708729559285069,0.3940944699339668,0.8468022831991912,0.07112480935462275,11.90586366252458,0.5526315789473685,0.9530356464366377,-0.034396837032312666,0.18450498580932617
IWM,1h,3,0.4,1.0,20,50,0.7091360795763709,0.5144243346029744,0.6835378444390409,0.06892453843291407,9.917191467366079,0.13157894736842105,0.19922812209768398,-0.011152236504166746,0.17254400253295898
IWM,1h,3,0.55,0.0,8,21,-0.003084389442208802,-0.036538217204842516,-0.03046715295090015,0.28562304035600755,-0.10666910103934593,0.2631578947368421,-0.3134321713447129,-0.029520716520947787,0.1928846836090088
IWM,1h,3,0.55,0.0,9,21,0.0680853643388024,0.0466654380488567,-0.01720579293729754,0.2843486637651367,-0.06050949109262915,0.25,-0.33682701168190887,-0.05087212934400509,0.22435903549194336
IWM,1h,3,0.55,0.0,10,30,0.15638287739406806,0.14984540761489362,0.1010043477152058,0.2413569886087035,0.41848528313782385,0.14473684210526316,0.012182524814121866,-0.025052409447260837,0.19627594947814941
IWM,1h,3,0.55,0.0,12,26,0.13048049899103603,0.12022941253389896,0.05584143780984365,0.2505937256327224,0.2228365361856127,0.18421052631578946,-0.0033378218719045203,-0.025052409447260837,0.20247960090637207
IWM,1h,3,0.55,0.0,20,50,0.17149527954778776,0.1707748998297498,0.07403103509880593,0.2613191470108009,0.2832974006904518,0.039473684210526314,0.018879313083193988,-0.0065451929791707775,0.18896007537841797
IWM,1h,3,0.55,0.25,8,21,0.36261365535985823,0.037083417527519424,0.3668486304877788,0.04489705379031091,8.17088426784359,0.7894736842105263,1.0085495615437317,-0.029592699813215106,0.20173096656799316
IWM,1h,3,0.55,0.25,9,21,0.36140013684733674,0.15038757018903204,0.3668431193643652,0.04078628355149044,8.994276688662891,0.7894736842105263,1.0339647950922344,-0.029592699813215106,0.19016098976135254
IWM,1h,3,0.55,0.25,10,30,0.3175894001421211,0.2975895596797058,0.30814932909315823,0.04501120836613937,6.846057688266153,0.5,0.7814647501816531,-0.02713111998336637,0.18457293510437012
IWM,1h,3,0.55,0.25,12,26,0.3279398448327104,0.2593160347732266,0.3145260266153504,0.05347661630146485,5.8815618557888225,0.5526315789473685,0.82911049310045,-0.02713111998336637,0.19115567207336426
IWM,1h,3,0.55,0.25,20,50,0.27140985159178327,0.32561805130324206,0.24903460056194032,0.048231939735094605,5.163271515301247,0.14473684210526316,0.2586486622821627,-0.0065451929791707775,0.18503522872924805
IWM,1h,3,0.55,0.5,8,21,0.6434882365648239,0.06881849993858125,0.6463642917643195,0.05482418236687839,11.789766191840474,0.7894736842105263,1.1113316039158476,-0.03092351050704445,0.19266748428344727
IWM,1h,3,0.55,0.5,9,21,0.6329676377871256,0.21094160823564723,0.6409405340361327,0.05537941535852495,11.573624060252348,0.7894736842105263,1.1316002314765707,-0.02985343607445745,0.20121502876281738
IWM,1h,3,0.55,0.5,10,30,0.5414761214286216,0.40104142357868167,0.5313942850715969,0.05285657800704722,10.053512828635021,0.5,0.8146083406676752,-0.029209830519472124,0.1918010711669922
IWM,1h,3,0.55,0.5,12,26,0.5639119079580514,0.3544140449986415,0.5424051546065083,0.05742997165681574,9.444635596335631,0.5526315789473685,0.8697995033633891,-0.029209830519472124,0.19202256202697754
IWM,1h,3,0.55,0.5,20,50,0.4507965118562818,0.4321882976492568,0.42966777273683326,0.048443408519844224,8.869478549611664,0.14473684210526316,0.25860178113677273,-0.0065451929791707775,0.1851668357849121
IWM,1h,3,0.55,0.75,8,21,0.8633306101684642,0.0683107445138349,0.8646062678892307,0.06813974531239536,12.688721742726406,0.7894736842105263,1.1884637834295955,-0.03719359818931722,0.19832348823547363
IWM,1h,3,0.55,0.75,9,21,0.846618422883182,0.23648845206281188,0.855063079831931,0.07105401984430866,12.033985996929074,0.7894736842105263,1.2035703054481193,-0.032425448123303835,0.20166802406311035
IWM,1h,3,0.55,0.75,10,30,0.7193110040764307,0.46611714944562865,0.7081729390402456,0.06410602565404372,11.046901314113443,0.5,0.8395417218157438,-0.0312885410555781,0.198533296585083
IWM,1h,3,0.55,0.75,12,26,0.7507363023032162,0.4117617839131029,0.7217552051971974,0.06465884908218522,11.162512408468697,0.5526315789473685,0.9001099853242518,-0.0312885410555781,0.20276427268981934
IWM,1h,3,0.55,0.75,20,50,0.5946424564956911,0.4977622039975078,0.5731133486208184,0.05541775813885912,10.341691325455285,0.14473684210526316,0.258558148908882,-0.0065451929791707775,0.1863112449645996
IWM,1h,3,0.55,1.0,8,21,1.037932454489204,0.04358447969331469,1.037769296045343,0.07997958332815563,12.975427638668526,0.7894736842105263,1.2487520017621967,-0.04344425151127662,0.20438194274902344
IWM,1h,3,0.55,1.0,9,21,1.0165137544904779,0.23410985459876454,1.024949323315486,0.08443374847018867,12.139095348554479,0.7894736842105263,1.259515370056369,-0.03543053689863196,0.2066938877105713
IWM,1h,3,0.55,1.0,10,30,0.8610173440270951,0.49838976826227155,0.8489550468337892,0.0741250963795165,11.45300429003404,0.5,0.8591074446374464,-0.033367251591683744,0.19671940803527832
IWM,1h,3,0.55,1.0,12,26,0.8994968949150863,0.43717219817975983,0.8643112125786538,0.0714122129104082,12.10312882563932,0.5526315789473685,0.923848804636426,-0.033367251591683744,0.19200682640075684
IWM,1h,3,0.55,1.0,20,50,0.7095383251954419,0.5289340871639503,0.6874634423155082,0.06249066941931629,11.001057417109514,0.14473684210526316,0.25852321041989096,-0.0065451929791707775,0.1813063621520996
IWM,1h,3,0.7,0.0,8,21,0.04532875431918803,0.019195009339178393,-0.03497561465113947,0.26696979287624945,-0.13100963324098613,0.2631578947368421,-0.36670323057102105,-0.04121787153362777,0.20049762725830078
IWM,1h,3,0.7,0.0,9,21,0.07169405598567415,0.05107881932012859,-0.011778277173564373,0.30837311037839477,-0.03819489046600602,0.25,-0.37022952061052855,-0.04473968990265875,0.20066618919372559
IWM,1h,3,0.7,0.0,10,30,0.06573906025385726,0.04344301121191663,0.08814034261927979,0.2560271139671747,0.344261751240067,0.14473684210526316,0.012182524814121866,-0.025052409447260837,0.19414114952087402
IWM,1h,3,0.7,0.0,12,26,0.1686187384145967,0.16778408900328978,0.06452440878926001,0.2393080104097227,0.2696291222294935,0.18421052631578946,-0.020651256415183745,-0.025052409447260837,0.19687819480895996
IWM,1h,3,0.7,0.0,20,50,0.14704348362007633,0.13960087431818846,0.053849607350479965,0.2683716320127254,0.20065312770437144,0.039473684210526314,0.018879313083193988,-0.0065451929791707775,0.18271279335021973
IWM,1h,3,0.7,0.25,8,21,0.3765785760849341,0.11242090275197558,0.37537730145786513,0.04203069545305526,8.931027607600019,0.7894736842105263,1.005906523920142,-0.05313570549179636,0.19187092781066895
IWM,1h,3,0.7,0.25,9,21,0.3678169167392539,0.15644195177742382,0.37414498208247327,0.04620826389315832,8.096927920675892,0.7894736842105263,1.035855523737453,-0.029592699813215106,0.19478178024291992
IWM,1h,3,0.7,0.25,10,30,0.31641938005002085,0.15113088773497663,0.31127879283127596,0.04229264064226359,7.360117223803968,0.5,0.7814647501816531,-0.02713111998336637,0.18059372901916504
IWM,1h,3,0.7,0.25,12,26,0.3354866604770969,0.3267932632622981,0.32271884716789073,0.052372137064494444,6.162033196592184,0.5526315789473685,0.8473070315329084,-0.02713111998336637,0.19781875610351562
IWM,1h,3,0.7,0.25,20,50,0.2680364370295831,0.28166774405521866,0.24830133732560516,0.047048708213365896,5.277537827384305,0.14473684210526316,0.2586486622821627,-0.0065451929791707775,0.18008828163146973
IWM,1h,3,0.7,0.5,8,21,0.6636625878134808,0.16242439847693713,0.6587746576637882,0.048826300794193214,13.492209054308177,0.7894736842105263,1.1129057731633412,-0.06498953464362156,0.19843745231628418
IWM,1h,3,0.7,0.5,9,21,0.644808934175935,0.21858205421189414,0.654468776771571,0.05461024744615704,11.98435838286293,0.7894736842105263,1.137319542840842,-0.02985343607445745,0.18977856636047363
IWM,1h,3,0.7,0.5,10,30,0.5521346870535873,0.2157068009691081,0.5391723494747888,0.05201016526134491,10.366672491146907,0.5,0.8146083406676752,-0.029209830519472124,0.19356751441955566
IWM,1h,3,0.7,0.5,12,26,0.5731035046268117,0.44235537277755466,0.5567398866666402,0.05850174348397073,9.516637513874864,0.5526315789473685,0.8886494774253852,-0.032986090538053126,0.19545602798461914
IWM,1h,3,0.7,0.5,20,50,0.4487291386519628,0.3754221661534256,0.43172296123220744,0.04419252965712197,9.769138915147662,0.14473684210526316,0.25860178113677273,-0.0065451929791707775,0.1834111213684082
IWM,1h,3,0.7,0.75,8,21,0.8891241200550284,0.17797656115801153,0.8799625670073817,0.061444447521020025,14.321270717038317,0.7894736842105263,1.1933971636974012,-0.07677935898910249,0.19750404357910156
IWM,1h,3,0.7,0.75,9,21,0.8627633653939578,0.24558656263473422,0.8734740957835163,0.06843432150906523,12.763684603314298,0.7894736842105263,1.212434088011626,-0.032425448123303835,0.19396400451660156
IWM,1h,3,0.7,0.75,10,30,0.7376894721690189,0.24500417793405105,0.7193771157642598,0.0648970460401722,11.084897690396495,0.5,0.8395417218157438,-0.0312885410555781,0.18100404739379883
IWM,1h,3,0.7,0.75,12,26,0.7618290316396346,0.519754577677924,0.7410246940840081,0.0670893228939087,11.045344655748321,0.5526315789473685,0.9195636880983539,-0.04199793666895324,0.18355560302734375
IWM,1h,3,0.7,0.75,20,50,0.5930697389766182,0.4287562851466682,0.5769292203585455,0.04867747523791044,11.852077732848972,0.14473684210526316,0.258558148908882,-0.0065451929791707775,0.19142723083496094
IWM,1h,3,0.7,1.0,8,21,1.0683441758083843,0.16659011889281006,1.0554225071330432,0.07329993446420967,14.39868282076537,0.7894736842105263,1.256396325711282,-0.08850517852824047,0.21636462211608887
IWM,1h,3,0.7,1.0,9,21,1.0360865162515749,0.24448875065004216,1.0472455181490323,0.08105780317571262,12.919737238361511,0.7894736842105263,1.2709227364502387,-0.03543053689863196,0.2105698585510254
IWM,1h,3,0.7,1.0,10,30,0.8852140077822748,0.2458932947505652,0.8628320730725985,0.07610890165115483,11.33680889296484,0.5,0.8591074446374464,-0.033367251591683744,0.18270468711853027
IWM,1h,3,0.7,1.0,12,26,0.9122212742478623,0.5640497404383347,0.8875258180009002,0.07478082820858803,11.868360370726336,0.5526315789473685,0.9437583681725434,-0.05097770085078024,0.19542860984802246
IWM,1h,3,0.7,1.0,20,50,0.7082472326495919,0.44871631438200854,0.6925854440584447,0.053898850823786086,12.849725615166548,0.14473684210526316,0.25852321041989096,-0.0065451929791707775,0.1823406219482422
IWM,1h,3,0.85,0.0,8,21,0.05716009580535096,0.03347858227782363,-0.04696388071433757,0.3039138302119791,-0.1545302518203281,0.2894736842105263,-0.33630997750268204,-0.0593646809916889,0.19279885292053223
IWM,1h,3,0.85,0.0,9,21,0.04152493769786721,0.014836760982823716,-0.04062015646465786,0.3086612680970166,-0.13160108074165744,0.3026315789473684,-0.31538072725610994,-0.0593646809916889,0.20456528663635254
IWM,1h,3,0.85,0.0,10,30,0.11378774809495908,0.10160669766341579,0.0919529933102639,0.2513243716551556,0.3658737618826455,0.17105263157894737,-0.10823635773727851,-0.05871497765676015,0.19109129905700684
IWM,1h,3,0.85,0.0,12,26,0.0494371715814043,0.024480087093556646,0.07563216241390569,0.2411230818050605,0.31366620668464923,0.21052631578947367,-0.09579528792365803,-0.05871497765676015,0.19522809982299805
IWM,1h,3,0.85,0.0,20,50,0.11661807974234736,0.10272437866889184,0.023579794184075534,0.2728731057306525,0.08641303847419346,0.039473684210526314,0.022795522269304296,-0.015781549597613354,0.19073057174682617
IWM,1h,3,0.85,0.25,8,21,0.3816936053212246,0.13200211801489825,0.3862212063638816,0.04252339690433177,9.082557708943003,0.8026315789473685,1.012522281082336,-0.05047265150422242,0.20548152923583984
IWM,1h,3,0.85,0.25,9,21,0.3793047452742849,0.10696031379963689,0.38500282886188103,0.04355075261548572,8.84032549933436,0.8026315789473685,1.0511765897582148,-0.037373152465090875,0.2063431739807129
IWM,1h,3,0.85,0.25,10,30,0.3275316287301038,0.23604758092562173,0.31849126318917853,0.04140670703475335,7.691779568992614,0.5263157894736842,0.7204242030719745,-0.02838363693465451,0.1946094036102295
IWM,1h,3,0.85,0.25,12,26,0.3332202886314492,0.12844617933785107,0.32776585115780266,0.04622157015938185,7.091188162314607,0.5789473684210527,0.8327748298463974,-0.02838363693465451,0.17755746841430664
IWM,1h,3,0.85,0.25,20,50,0.26612891958732837,0.23003085891010566,0.24913948396767224,0.04375581255568971,5.6938602991450065,0.14473684210526316,0.27042627445256234,-0.00590144198506537,0.18494367599487305
IWM,1h,3,0.85,0.5,8,21,0.672340212286342,0.1871029919344931,0.6803973604726423,0.04821690532635869,14.11117855588899,0.8026315789473685,1.1275895050512603,-0.061821697436457046,0.20131373405456543
IWM,1h,3,0.85,0.5,9,21,0.669172073889557,0.15638122383619302,0.6772002195436707,0.05246664242616317,12.907252841587898,0.8026315789473685,1.1610627935421276,-0.037631798216363976,0.19414520263671875
IWM,1h,3,0.85,0.5,10,30,0.5660455788742936,0.32802571912354206,0.5534479745995213,0.04714018662570695,11.740470588160752,0.5263157894736842,0.7665510283468969,-0.03045967124147908,0.20028209686279297
IWM,1h,3,0.85,0.5,12,26,0.5848152728456656,0.19002017209025657,0.5686206171226271,0.05044786227650635,11.271451186692497,0.5789473684210527,0.8842463913406831,-0.0373139159209297,0.20280742645263672
IWM,1h,3,0.85,0.5,20,50,0.4503872473697026,0.3091847636385905,0.4375920975107763,0.039813299662521576,10.99110350611571,0.14473684210526316,0.2709517686998333,-0.00590144198506537,0.18932819366455078
IWM,1h,3,0.85,0.75,8,21,0.9007854996802815,0.20730806576386307,0.9099579035425857,0.0623295089533852,14.59915084880778,0.8026315789473685,1.2134577308172727,-0.07311594033099056,0.22142767906188965
IWM,1h,3,0.85,0.75,9,21,0.8967507970741091,0.17179152645318574,0.9052359402906435,0.06876364482492421,13.164455470553094,0.8026315789473685,1.24296814899933,-0.03789044396763663,0.2041640281677246
IWM,1h,3,0.85,0.75,10,30,0.7546027939215416,0.38399203699157214,0.7390927040544797,0.05674656417437449,13.02444852490713,0.5263157894736842,0.8005004768817887,-0.03253570554830376,0.19811534881591797
IWM,1h,3,0.85,0.75,12,26,0.7824963721665255,0.21706796724214006,0.7584882197140961,0.05801108154465266,13.074884996416895,0.5789473684210527,0.9226100993611176,-0.047034772701392114,0.20380234718322754
IWM,1h,3,0.85,0.75,20,50,0.5968628801626533,0.3487930744870231,0.5861185487233393,0.043250876074675364,13.551599456884265,0.14473684210526316,0.2710877518173042,-0.00590144198506537,0.18480420112609863
IWM,1h,3,0.85,1.0,8,21,1.0824175930372557,0.19996956494458473,1.0920723515888722,0.07566108893220641,14.433738226625143,0.8026315789473685,1.280530071906259,-0.08435538018782274,0.20831918716430664
IWM,1h,3,0.85,1.0,9,21,1.0776379862262335,0.1606227779545195,1.0861407761611914,0.08363752741007699,12.986285101851646,0.8026315789473685,1.3068596746210444,-0.03814908971890962,0.21161556243896484
IWM,1h,3,0.85,1.0,10,30,0.9046618701821499,0.4097769655224033,0.8868386964280266,0.06549423104340307,13.540714690433084,0.5263157894736842,0.8269314326207949,-0.03461173985512889,0.18822026252746582
IWM,1h,3,0.85,1.0,12,26,0.9395895839788976,0.21644951266270618,0.9094875596699052,0.06505937910855382,13.979345824256852,0.5789473684210527,0.9525568853734875,-0.056720104772321034,0.18613433837890625
IWM,1h,3,0.85,1.0,20,50,0.7135994964280326,0.35640862332436285,0.7042768220486204,0.047745442464739496,14.750660705861845,0.14473684210526316,0.2711387350267961,-0.00590144198506537,0.17383384704589844
IWM,1h,3,1.0,0.0,8,21,-0.02667572639508317,-0.0634479482324426,-0.07908561848680282,0.27557444668476355,-0.28698458597386145,0.27631578947368424,-0.36237508909383737,-0.0593646809916889,0.22848844528198242
IWM,1h,3,1.0,0.0,9,21,-0.014412962760029438,-0.04953116106135347,-0.045178217864569895,0.2576506580908327,-0.17534679786706647,0.2894736842105263,-0.3601217366608052,-0.0593646809916889,0.27878785133361816
IWM,1h,3,1.0,0.0,10,30,0.1385019927403712,0.13319637657079797,0.09005718074161236,0.2207276248389801,0.4080014035728818,0.17105263157894737,-0.12616147584905776,-0.05871497765676015,0.20169878005981445
IWM,1h,3,1.0,0.0,12,26,0.10714354699104507,0.09369909205771276,0.06123552954320781,0.22311271456877765,0.2744600623122762,0.21052631578947367,-0.08833126194080822,-0.05871497765676015,0.1820545196533203
IWM,1h,3,1.0,0.0,20,50,0.12927593614665933,0.118181643090298,0.031649992099739774,0.2605560114288968,0.12147097250288064,0.039473684210526314,0.022795522269304296,-0.015781549597613354,0.16971206665039062
IWM,1h,3,1.0,0.25,8,21,0.38414055009960824,0.0008830199838869568,0.39121922175084944,0.04000432221433397,9.779423824625416,0.8026315789473685,1.002313249441599,-0.04892406271568339,0.18948793411254883
IWM,1h,3,1.0,0.25,9,21,0.3845012863813673,0.01971573001365967,0.3921098605088329,0.04025892100581621,9.73970118206061,0.8026315789473685,0.9490673049310356,-0.05457129263548177,0.21901726722717285
IWM,1h,3,1.0,0.25,10,30,0.3338215372615376,0.28078415702392867,0.32865098321465736,0.043015311630837515,7.640325520251461,0.5263157894736842,0.7204358840230034,-0.022950476146534782,0.19075226783752441
IWM,1h,3,1.0,0.25,12,26,0.3392615018591689,0.2248164009274385,0.3336060467141767,0.04567164231082846,7.304446037734904,0.5789473684210527,0.8422985487429343,-0.022950476146534782,0.20168685913085938
IWM,1h,3,1.0,0.25,20,50,0.26781981999324067,0.25171607362401494,0.2506762073846628,0.04128783447716179,6.071430254433019,0.14473684210526316,0.27042627445256234,-0.00590144198506537,0.17778372764587402
IWM,1h,3,1.0,0.5,8,21,0.6866283606480099,0.02405878373181336,0.6947055934012968,0.04672439698362413,14.868155358854086,0.8026315789473685,1.1237653465765294,-0.058751285104422735,0.21802043914794922
IWM,1h,3,1.0,0.5,9,21,0.6852312980635104,0.047476764723731746,0.6917346818134056,0.049461611421399695,13.985283979529319,0.8026315789473685,1.0673290985619763,-0.06434016365381323,0.21141338348388672
IWM,1h,3,1.0,0.5,10,30,0.5744069223865553,0.38626070951634084,0.5690250337987882,0.0474850268627077,11.98325180364742,0.5263157894736842,0.7691276561750545,-0.02394031299206789,0.2165985107421875
IWM,1h,3,1.0,0.5,12,26,0.5885895954625626,0.3133574212678232,0.5825970303668133,0.051031106649770216,11.41650786382538,0.5789473684210527,0.8962649619736753,-0.026830739268879356,0.18520808219909668
IWM,1h,3,1.0,0.5,20,50,0.4514851678895857,0.3370501288296748,0.4393510982286254,0.03749727693535183,11.716880108016918,0.14473684210526316,0.2709517686998333,-0.00590144198506537,0.1765427589416504
IWM,1h,3,1.0,0.75,8,21,0.9231213233748945,0.016128627542923546,0.9309690127819354,0.0596544663324073,15.606023656206716,0.8026315789473685,1.21419266415939,-0.06855046970050316,0.19672155380249023
IWM,1h,3,1.0,0.75,9,21,0.9205146977761469,0.043581046328158735,0.9254551951659513,0.063175161868991,14.649035598596594,0.8026315789473685,1.1573364572873042,-0.07408116336026449,0.19811177253723145
IWM,1h,3,1.0,0.75,10,30,0.765004381525129,0.45547364381876454,0.7587921644485353,0.05591740539508925,13.56987433675121,0.5263157894736842,0.8051568186385603,-0.024930149837601334,0.18566465377807617
IWM,1h,3,1.0,0.75,12,26,0.7854651077073476,0.3659215470857491,0.7785304389989471,0.059287104617272136,13.131530777641274,0.5789473684210527,0.9364742951390089,-0.03134754712166654,0.18886375427246094
IWM,1h,3,1.0,0.75,20,50,0.5977632630326227,0.3824869704181242,0.588207935270362,0.04075249554176881,14.43366663686853,0.14473684210526316,0.2710877518173042,-0.00590144198506537,0.1977698802947998
IWM,1h,3,1.0,1.0,8,21,1.1109112355030877,-0.01465671731113194,1.1183010825217128,0.07172102919093007,15.592373605580308,0.8026315789473685,1.2847593832459914,-0.0783216165039261,0.20775628089904785
IWM,1h,3,1.0,1.0,9,21,1.107371625587086,0.016149679073818035,1.110854813112129,0.07567943613208974,14.67842349106909,0.8026315789473685,1.2280921573041301,-0.0837942917548341,0.1919722557067871
IWM,1h,3,1.0,1.0,10,30,0.9167679504472519,0.49378247098564554,0.9097584101308076,0.06389310193303444,14.238757903541982,0.5263157894736842,0.833212993167107,-0.027100527456994317,0.18906903266906738
IWM,1h,3,1.0,1.0,12,26,0.9421111618973675,0.3884568268577895,0.9342870616549546,0.06684413018453815,13.977099545998227,0.5789473684210527,0.9677658796795496,-0.03585385653048545,0.2013380527496338
IWM,1h,3,1.0,1.0,20,50,0.7143928320716112,0.3953619606067116,0.7066552529807828,0.0450008789053964,15.70314336451865,0.14473684210526316,0.2711387350267961,-0.00590144198506537,0.1840507984161377
IWM,1h,5,0.0,0.0,8,21,0.14250712505550797,0.13255769932283812,0.017957969934374922,0.3608539693353026,0.049765199943494376,0.23684210526315788,-0.28335524635866716,-0.037784350222325735,0.20481204986572266
IWM,1h,5,0.0,0.0,9,21,0.04525188808956715,0.020263422056653546,0.010071029130265575,0.28923692091615066,0.03481930694866286,0.25,-0.25064053237198686,-0.03361922107955451,0.20593571662902832
IWM,1h,5,0.0,0.0,10,30,0.19474614337306506,0.19778646027645563,0.08468169887544488,0.33786089508370476,0.25064072258041303,0.14473684210526316,0.060819060119004606,-0.032409828008773456,0.19089412689208984
IWM,1h,5,0.0,0.0,12,26,0.017647489681168818,-0.00850877934362737,0.040152272689036636,0.30056679793061913,0.13358851664748786,0.14473684210526316,-0.04161322543763908,-0.032409828008773456,0.18598508834838867
IWM,1h,5,0.0,0.0,20,50,0.21695188611306915,0.2245155934619294,0.08675882626325035,0.3062866159551544,0.28326025932505433,0.039473684210526314,0.04528068895915799,-0.00650242024406078,0.18254923820495605
IWM,1h,5,0.0,0.25,8,21,0.33697636420406724,0.26655592840947473,0.33328356430762585,0.04789551409634667,6.958554900093405,0.6710526315789473,0.7490468567903292,-0.04202117811663719,0.2108476161956787
IWM,1h,5,0.0,0.25,9,21,0.3103715121411557,0.1131541340562181,0.3206331241089835,0.048895065235120515,6.557576364141509,0.6710526315789473,0.7775019593317446,-0.03787438887027017,0.21915984153747559
IWM,1h,5,0.0,0.25,10,30,0.29785925845544503,0.3652834398046956,0.2906775548964555,0.04856455798714487,5.985384546759356,0.4605263157894737,0.7656639781524487,-0.023473280346034353,0.18452763557434082
IWM,1h,5,0.0,0.25,12,26,0.27938169192335627,0.08117058861973159,0.29189364504659654,0.049919163569059406,5.847326440932521,0.5131578947368421,0.8462059494699495,-0.02607601523822234,0.19147539138793945
IWM,1h,5,0.0,0.25,20,50,0.2643488245359641,0.4039096828528479,0.2512936054820143,0.044189338319633883,5.6867474155041,0.13157894736842105,0.2295948032369679,-0.00650242024406078,0.19097375869750977
IWM,1h,5,0.0,0.5,8,21,0.5783024131774394,0.35571390106729117,0.5738422493797601,0.05196381906495734,11.04311152847386,0.6710526315789473,0.8155805662656994,-0.046258006010948205,0.19079971313476562
IWM,1h,5,0.0,0.5,9,21,0.5416429326595417,0.1622907424828337,0.5576335512140674,0.0590991308215042,9.435562646399585,0.6710526315789473,0.8375911079971994,-0.0421295566609855,0.20025396347045898
IWM,1h,5,0.0,0.5,10,30,0.4973025520729378,0.4890055142814884,0.4936492657836083,0.053487716123885656,9.229208153891667,0.4605263157894737,0.775752615259651,-0.023473280346034353,0.19521808624267578
IWM,1h,5,0.0,0.5,12,26,0.4883823814186733,0.12802923068719707,0.4989066993591987,0.05124052232546748,9.73656545088013,0.5131578947368421,0.8687522481436637,-0.029720346523702923,0.19315695762634277
IWM,1h,5,0.0,0.5,20,50,0.4286505370889974,0.5353826643218367,0.41473623566583717,0.059339372362054964,6.9892251831609125,0.13157894736842105,0.2295777388287139,-0.00650242024406078,0.1825401782989502
IWM,1h,5,0.0,0.75,8,21,0.7694203558603019,0.4066078303903473,0.7626435313232929,0.06417248621395263,11.884275899497188,0.6710526315789473,0.8631383879691744,-0.05049483390525955,0.19352984428405762
IWM,1h,5,0.0,0.75,9,21,0.7233256217643629,0.1761615515881585,0.7433890866714254,0.07296107406314092,10.188845164588619,0.6710526315789473,0.8797321442228231,-0.0463847244517015,0.20500898361206055
IWM,1h,5,0.0,0.75,10,30,0.6568825510670018,0.573895900414777,0.6545727645285597,0.06403119781612399,10.222716220431671,0.4605263157894737,0.7819054779733058,-0.023473280346034353,0.20825481414794922
IWM,1h,5,0.0,0.75,12,26,0.65213571633667,0.1405322082499394,0.6619232132657796,0.057701691386463874,11.471469854019892,0.5131578947368421,0.8833407501182736,-0.03336467780918362,0.19842743873596191
IWM,1h,5,0.0,0.75,20,50,0.5617853845507386,0.6247188114541655,0.545146164430913,0.07240017711952298,7.529624734632207,0.13157894736842105,0.22956550045694038,-0.00650242024406078,0.20140767097473145
IWM,1h,5,0.0,1.0,8,21,0.9216436493088385,0.4253559508935665,0.9126158571228971,0.07589530212480687,12.024668610214317,0.6710526315789473,0.8998499749166924,-0.054731661799570896,0.1957073211669922
IWM,1h,5,0.0,1.0,9,21,0.8677172712902117,0.16222502218371515,0.8909149503234024,0.08525212282916284,10.450355026451499,0.6710526315789473,0.9121040489429695,-0.05063989224241672,0.20426130294799805
IWM,1h,5,0.0,1.0,10,30,0.7842825636219503,0.6247421607176331,0.7827521006830274,0.07370724335903978,10.619744614109589,0.4605263157894737,0.786423751444938,-0.023473280346034353,0.19299960136413574
IWM,1h,5,0.0,1.0,12,26,0.7821808063911386,0.1260539881290912,0.7915114250156621,0.06426211511330897,12.316921464848214,0.5131578947368421,0.8942862337240228,-0.0370090090946642,0.19074440002441406
IWM,1h,5,0.0,1.0,20,50,0.6684221138584626,0.6774193467419289,0.6491807998354163,0.08269941482991224,7.8498838373957724,0.13157894736842105,0.22955629473812852,-0.00650242024406078,0.1857612133026123
IWM,1h,5,0.1,0.0,8,21,0.1766029327104904,0.1749874185269238,0.02768018442555397,0.3196871826585928,0.08658521807273953,0.23684210526315788,-0.2665269586417591,-0.037784350222325735,0.2032020092010498
IWM,1h,5,0.1,0.0,9,21,0.06930645012213144,0.047087274723693895,0.011977399801686937,0.2699632862919985,0.0443667728534461,0.25,-0.23735012320336446,-0.03361922107955451,0.21459579467773438
IWM,1h,5,0.1,0.0,10,30,0.1999043268243245,0.20341586788182475,0.08000620726901872,0.32148805841872213,0.24886214331735654,0.14473684210526316,0.060819060119004606,-0.032409828008773456,0.18446636199951172
IWM,1h,5,0.1,0.0,12,26,-0.06391306182665815,-0.08930116576258573,0.01772496200230795,0.2973649198670637,0.05960676871445311,0.14473684210526316,-0.04161322543763908,-0.032409828008773456,0.18750882148742676
IWM,1h,5,0.1,0.0,20,50,0.26435231263653564,0.29287128572502286,0.06794909113068477,0.2993705873444579,0.22697316972058473,0.039473684210526314,0.04528068895915799,-0.00650242024406078,0.1691298484802246
IWM,1h,5,0.1,0.25,8,21,0.33827817272255656,0.32628765537158144,0.33605680497444484,0.045612651470391896,7.367622669175156,0.6842105263157895,0.8037942119966328,-0.04202117811663719,0.2009890079498291
IWM,1h,5,0.1,0.25,9,21,0.32025351496487187,0.14979867741820385,0.3282327887554719,0.0512860301628174,6.400042813090301,0.6842105263157895,0.8829575125543472,-0.03787438887027017,0.18980789184570312
IWM,1h,5,0.1,0.25,10,30,0.302118391750548,0.3731667818037727,0.2960937971838244,0.046503302715212164,6.367156307093134,0.4605263157894737,0.7656639781524487,-0.023473280346034353,0.18605947494506836
IWM,1h,5,0.1,0.25,12,26,0.28074149641219653,-0.027928405997911576,0.29392683771641387,0.0510124582798902,5.761863819691352,0.5131578947368421,0.8462059494699495,-0.02607601523822234,0.1819746494293213
IWM,1h,5,0.1,0.25,20,50,0.27143394562325696,0.5035111358603466,0.25162356733670665,0.047559825371384215,5.290674752731609,0.13157894736842105,0.2295948032369679,-0.00650242024406078,0.1962413787841797
IWM,1h,5,0.1,0.5,8,21,0.5768894520042033,0.432987034109942,0.5784950537714735,0.05136845986971124,11.26167798759674,0.6842105263157895,0.8745610504007956,-0.046258006010948205,0.20660686492919922
IWM,1h,5,0.1,0.5,9,21,0.5568627796643848,0.2082893226518785,0.5676951452119867,0.05996636201651849,9.46689320682165,0.6842105263157895,0.9442253660934735,-0.0421295566609855,0.21564722061157227
IWM,1h,5,0.1,0.5,10,30,0.5050446648303295,0.49914127650717166,0.5042676544088252,0.050643766066451365,9.957151562290191,0.4605263157894737,0.775752615259651,-0.023473280346034353,0.18721604347229004
IWM,1h,5,0.1,0.5,12,26,0.5017306564386168,-0.0073026365113357805,0.5056664977148331,0.05470737339170458,9.243114161125282,0.5131578947368421,0.8687522481436637,-0.029720346523702923,0.1909027099609375
IWM,1h,5,0.1,0.5,20,50,0.43308302394468146,0.6683334360247131,0.41912242314629405,0.05930355869243665,7.0674076292785335,0.13157894736842105,0.2295777388287139,-0.00650242024406078,0.17595577239990234
IWM,1h,5,0.1,0.75,8,21,0.7664514820028029,0.5008207503334439,0.7688593581958989,0.06306376806799048,12.19177638365938,0.6842105263157895,0.9249557656845651,-0.05049483390525955,0.18888330459594727
IWM,1h,5,0.1,0.75,9,21,0.7431309981633204,0.23057330749196558,0.755294107267049,0.07298496175915438,10.348626471292407,0.6842105263157895,0.9871204502908711,-0.0463847244517015,0.20506811141967773
IWM,1h,5,0.1,0.75,10,30,0.6673943725275537,0.5861689847567588,0.6691531571133374,0.060893907744635156,10.988835860551104,0.4605263157894737,0.7819054779733058,-0.023473280346034353,0.22690463066101074
IWM,1h,5,0.1,0.75,12,26,0.6734699084268144,-0.01764227208386626,0.672036496841839,0.06304608368480201,10.659448732797992,0.5131578947368421,0.8833407501182736,-0.03336467780918362,0.18829631805419922
IWM,1h,5,0.1,0.75,20,50,0.5652814413820223,0.7917222253039038,0.5522092045289019,0.07055791132508354,7.826325838709881,0.13157894736842105,0.22956550045694038,-0.00650242024406078,0.1759500503540039
IWM,1h,5,0.1,1.0,8,21,0.9175472612779613,0.5352594862585471,0.9200883962352838,0.07404640703364747,12.4258344610453,0.6842105263157895,0.9638139515336338,-0.054731661799570896,0.1951582431793213
IWM,1h,5,0.1,1.0,9,21,0.8912517443623174,0.22380092761654025,0.9042394440719059,0.08481496801254923,10.6613191664249,0.6842105263157895,1.020012250419267,-0.05063989224241672,0.2056879997253418
IWM,1h,5,0.1,1.0,10,30,0.7970009435077112,0.6389519711651896,0.8004515219134278,0.07048072227839075,11.357027794802335,0.4605263157894737,0.786423751444938,-0.023473280346034353,0.20070409774780273
IWM,1h,5,0.1,1.0,12,26,0.8095760570800307,-0.05079776894107202,0.804218761134592,0.07102617110213712,11.322851121709892,0.5131578947368421,0.8942862337240228,-0.0370090090946642,0.19586467742919922
IWM,1h,5,0.1,1.0,20,50,0.6714024008049879,0.8779908444111515,0.6582607940329372,0.07969817667247955,8.259420999530096,0.13157894736842105,0.22955629473812852,-0.00650242024406078,0.17015504837036133
IWM,1h,5,0.25,0.0,8,21,0.22098214672975508,0.23556185889936598,0.005968792588989402,0.3250296981684905,0.018363837589681638,0.23684210526315788,-0.2665269586417591,-0.037784350222325735,0.19356870651245117
IWM,1h,5,0.25,0.0,9,21,0.028147817942840433,0.0008488729231499459,-0.006244779033888202,0.24863665546962224,-0.025116083636554435,0.25,-0.23735012320336446,-0.03361922107955451,0.20046496391296387
IWM,1h,5,0.25,0.0,10,30,0.1339452314858408,0.12220838009278445,0.07333061704352577,0.2620060915799004,0.2798813439845659,0.14473684210526316,0.060819060119004606,-0.032409828008773456,0.19066119194030762
IWM,1h,5,0.25,0.0,12,26,-0.1177163648938756,-0.14075034270981868,0.021463443553584267,0.27614599838470005,0.07772498489615433,0.14473684210526316,-0.04161322543763908,-0.032409828008773456,0.18619227409362793
IWM,1h,5,0.25,0.0,20,50,0.22037996199106338,0.23319482739330888,0.06969028062426838,0.30209048271014377,0.23069340019935783,0.039473684210526314,0.04528068895915799,-0.00650242024406078,0.17810606956481934
IWM,1h,5,0.25,0.25,8,21,0.3511476358726571,0.4120183299365956,0.34312105657905073,0.04540604033028038,7.556727124479739,0.6842105263157895,0.8037942119966328,-0.04202117811663719,0.1938164234161377
IWM,1h,5,0.25,0.25,9,21,0.32854952269847787,0.08808145793246736,0.34018522968398723,0.04618245896340487,7.36611339715694,0.6842105263157895,0.8829575125543472,-0.03787438887027017,0.19846439361572266
IWM,1h,5,0.25,0.25,10,30,0.3025038231329223,0.2587355896553196,0.29458171439741543,0.04177974743810596,7.050825638278917,0.4605263157894737,0.7656639781524487,-0.023473280346034353,0.1800539493560791
IWM,1h,5,0.25,0.25,12,26,0.2891765398934944,-0.09642639818376886,0.29793771885458675,0.05434518878918389,5.482320063517456,0.5131578947368421,0.8462059494699495,-0.02607601523822234,0.1860048770904541
IWM,1h,5,0.25,0.25,20,50,0.2713985002802962,0.41312788182454674,0.24962219511678616,0.04827674447519234,5.170650958973796,0.13157894736842105,0.2295948032369679,-0.00650242024406078,0.1860494613647461
IWM,1h,5,0.25,0.5,8,21,0.5956904356132287,0.5444881022916606,0.5951954976629024,0.052908575661254745,11.249508992145625,0.6842105263157895,0.8745610504007956,-0.046258006010948205,0.19602012634277344
IWM,1h,5,0.25,0.5,9,21,0.5773221196362612,0.132564977316463,0.588469218758408,0.05738774193866862,10.254266832581012,0.6842105263157895,0.9442253660934735,-0.0421295566609855,0.2010059356689453
IWM,1h,5,0.25,0.5,10,30,0.5153751824995719,0.3510218362402229,0.5085403730332533,0.04556455156427914,11.160877383284276,0.4605263157894737,0.775752615259651,-0.023473280346034353,0.18455004692077637
IWM,1h,5,0.25,0.5,12,26,0.5238106383385678,-0.09121271741819159,0.5138152338694268,0.057719277875499415,8.901969199575351,0.5131578947368421,0.8687522481436637,-0.029720346523702923,0.18795442581176758
IWM,1h,5,0.25,0.5,20,50,0.44192075150120674,0.5445196188187233,0.41927359954267895,0.05747368366376828,7.295053541295654,0.13157894736842105,0.2295777388287139,-0.00650242024406078,0.1672825813293457
IWM,1h,5,0.25,0.75,8,21,0.7905966673346959,0.6374955087546552,0.7927523159398842,0.06565286448124373,12.074908264914539,0.6842105263157895,0.9249557656845651,-0.05049483390525955,0.18547463417053223
IWM,1h,5,0.25,0.75,9,21,0.7724627666733523,0.1429865949176199,0.7826449781319784,0.0713735384561579,10.9654781738575,0.6842105263157895,0.9871204502908711,-0.0463847244517015,0.1988523006439209
IWM,1h,5,0.25,0.75,10,30,0.6842479366067905,0.40550901316701893,0.677675950760867,0.05464431474749929,12.401582010722894,0.4605263157894737,0.7819054779733058,-0.023473280346034353,0.19472384452819824
IWM,1h,5,0.25,0.75,12,26,0.705390104881526,-0.1144745983520935,0.6834165574675903,0.06499708616759199,10.514572233368003,0.5131578947368421,0.8833407501182736,-0.03336467780918362,0.18706870079040527
IWM,1h,5,0.25,0.75,20,50,0.5799659864464032,0.633392194828694,0.5543150857420117,0.06893064643043073,8.041634809002732,0.13157894736842105,0.22956550045694038,-0.00650242024406078,0.1797494888305664
IWM,1h,5,0.25,1.0,8,21,0.9460787538103724,0.6955564366547466,0.949630745360067,0.07730697503849754,12.283894757066452,0.6842105263157895,0.9638139515336338,-0.054731661799570896,0.19897866249084473
IWM,1h,5,0.25,1.0,9,21,0.9275131100628508,0.12684952657429505,0.9367269116001022,0.08376111607844267,11.183314591019217,0.6842105263157895,1.020012250419267,-0.05063989224241672,0.19768953323364258
IWM,1h,5,0.25,1.0,10,30,0.8187729454599652,0.4281416662592281,0.8123141898513533,0.0633500562120357,12.822627767408736,0.4605263157894737,0.786423751444938,-0.023473280346034353,0.18613123893737793
IWM,1h,5,0.25,1.0,12,26,0.8491405713327035,-0.15762513631034014,0.8181623038239708,0.07196099352480775,11.36952484601145,0.5131578947368421,0.8942862337240228,-0.0370090090946642,0.19166040420532227
IWM,1h,5,0.25,1.0,20,50,0.69050529460878,0.685438755853246,0.6620012443898468,0.07872265906294909,8.409284598230986,0.13157894736842105,0.22955629473812852,-0.00650242024406078,0.18892240524291992
IWM,1h,5,0.4,0.0,8,21,0.10037236333078144,0.08443511427926165,-0.05349364536304267,0.34068604437820055,-0.15701742482782358,0.23684210526315788,-0.2665269586417591,-0.037784350222325735,0.20937848091125488
IWM,1h,5,0.4,0.0,9,21,0.11682315571836907,0.10317955437744497,0.006696014461450808,0.2733266573686424,0.02449821223408783,0.25,-0.23735012320336446,-0.03361922107955451,0.18736743927001953
IWM,1h,5,0.4,0.0,10,30,0.08194554838902617,0.061011837564750815,0.09108509335016682,0.2732293760358241,0.33336493561447916,0.14473684210526316,0.060819060119004606,-0.032409828008773456,0.19007229804992676
IWM,1h,5,0.4,0.0,12,26,-0.02842342474386144,-0.05679428543204135,0.026947258135476583,0.3037606948146826,0.08871212963190148,0.14473684210526316,-0.04161322543763908,-0.032409828008773456,0.18998980522155762
IWM,1h,5,0.4,0.0,20,50,0.22016658873711226,0.23296370638760533,0.06660071725453495,0.30474037183683533,0.21854904505463568,0.039473684210526314,0.04528068895915799,-0.00650242024406078,0.18488359451293945
IWM,1h,5,0.4,0.25,8,21,0.3455975068634075,0.20095890151450657,0.34344478000719575,0.044608792215038356,7.6990378567437405,0.6842105263157895,0.8037942119966328,-0.04202117811663719,0.2210407257080078
IWM,1h,5,0.4,0.25,9,21,0.3406668505968292,0.22871139992867384,0.3491205782820005,0.04469579840307686,7.811037966780498,0.6842105263157895,0.8829575125543472,-0.03787438887027017,0.19011950492858887
IWM,1h,5,0.4,0.25,10,30,0.2999148717388532,0.17320705316877016,0.2978032915168015,0.045785795308068374,6.50427254813509,0.4605263157894737,0.7656639781524487,-0.023473280346034353,0.18303465843200684
IWM,1h,5,0.4,0.25,12,26,0.30184687281965084,0.014844827607036981,0.3045165545812175,0.05592666865516712,5.444925684002509,0.5131578947368421,0.8462059494699495,-0.02607601523822234,0.188584566116333
IWM,1h,5,0.4,0.25,20,50,0.2734440006092703,0.4130648931422043,0.2456133934495702,0.04845094440785901,5.069321072093083,0.13157894736842105,0.2295948032369679,-0.00650242024406078,0.17373919486999512
IWM,1h,5,0.4,0.5,8,21,0.6007223464035941,0.27353705489034885,0.6073274395204711,0.053761996177095824,11.296593927053815,0.6842105263157895,0.8745610504007956,-0.046258006010948205,0.2036294937133789
IWM,1h,5,0.4,0.5,9,21,0.5891601598322648,0.3102289523321873,0.6041906277197934,0.05740724291287121,10.524641091661422,0.6842105263157895,0.9442253660934735,-0.0421295566609855,0.1948699951171875
IWM,1h,5,0.4,0.5,10,30,0.5185023735123144,0.24122071368730547,0.5123807847594195,0.047831629705764545,10.712174933434659,0.4605263157894737,0.775752615259651,-0.023473280346034353,0.19415283203125
IWM,1h,5,0.4,0.5,12,26,0.5362981585078009,0.04423009156309177,0.521660254242542,0.057761371530155675,9.031299645822937,0.5131578947368421,0.8687522481436637,-0.029720346523702923,0.19251561164855957
IWM,1h,5,0.4,0.5,20,50,0.4461440854096713,0.5447935608590488,0.4176447596627198,0.05344666342943035,7.814234469737621,0.13157894736842105,0.2295777388287139,-0.00650242024406078,0.16836118698120117
IWM,1h,5,0.4,0.75,8,21,0.8019981040869448,0.3095780899284206,0.8132855684625359,0.06712488793351225,12.1160063502542,0.6842105263157895,0.9249557656845651,-0.05049483390525955,0.1898648738861084
IWM,1h,5,0.4,0.75,9,21,0.7855070041836549,0.35459253943202396,0.8038537658472839,0.07199798643085453,11.164947878358923,0.6842105263157895,0.9871204502908711,-0.0463847244517015,0.19170641899108887
IWM,1h,5,0.4,0.75,10,30,0.6909181846945464,0.2726838029736822,0.6823010859321543,0.0564311127678811,12.0908671203893,0.4605263157894737,0.7819054779733058,-0.023473280346034353,0.18169498443603516
IWM,1h,5,0.4,0.75,12,26,0.7192349305870398,0.04085138124624743,0.6922168862838629,0.06492460140346633,10.6618580833814,0.5131578947368421,0.8833407501182736,-0.03336467780918362,0.18398451805114746
IWM,1h,5,0.4,0.75,20,50,0.5858535969936861,0.6341765578085652,0.5545195773095369,0.0638749097375151,8.681336374301845,0.13157894736842105,0.22956550045694038,-0.00650242024406078,0.17219042778015137
IWM,1h,5,0.4,1.0,8,21,0.9621447883221286,0.31573301178123536,0.9766971343164143,0.0789985872789617,12.363475955177249,0.6842105263157895,0.9638139515336338,-0.054731661799570896,0.19066667556762695
IWM,1h,5,0.4,1.0,9,21,0.9417985652274745,0.3680687909023366,0.9623325786175323,0.084697992217864,11.361929054258772,0.6842105263157895,1.020012250419267,-0.05063989224241672,0.19060349464416504
IWM,1h,5,0.4,1.0,10,30,0.8280691744353296,0.27442059118277284,0.8176201781343944,0.06504497392415223,12.57007465461984,0.4605263157894737,0.786423751444938,-0.023473280346034353,0.18372321128845215
IWM,1h,5,0.4,1.0,12,26,0.8643632889837475,0.012766671026403387,0.8276876309903962,0.07207456898361093,11.483768028895247,0.5131578947368421,0.8942862337240228,-0.0370090090946642,0.18613767623901367
IWM,1h,5,0.4,1.0,20,50,0.697700879971285,0.6868981074464915,0.6636824735090447,0.0734170082441822,9.039900826545015,0.13157894736842105,0.22955629473812852,-0.00650242024406078,0.17887163162231445
IWM,1h,5,0.55,0.0,8,21,0.0007499117327037912,-0.03126879191369425,-0.03682069347488724,0.31676751450343976,-0.1162388559085891,0.2236842105263158,-0.21188066393400265,-0.03731842114063355,0.199385404586792
IWM,1h,5,0.55,0.0,9,21,0.12659810230821655,0.11641502752823296,-0.0024990384120850972,0.24092244646209854,-0.010372791945221432,0.2236842105263158,-0.21507844869538556,-0.04782158860199415,0.19855546951293945
IWM,1h,5,0.55,0.0,10,30,0.15390374903256757,0.1463530937691626,0.09359106391695916,0.29205317691643007,0.32045898252200794,0.14473684210526316,0.036300307033923875,-0.032409828008773456,0.1888883113861084
IWM,1h,5,0.55,0.0,12,26,-0.014887495692973223,-0.04242679325981491,0.031032302599974925,0.3265426108205512,0.09503293466661376,0.14473684210526316,-0.06399554120501728,-0.032409828008773456,0.18524765968322754
IWM,1h,5,0.55,0.0,20,50,0.2099448523008102,0.22142661964666788,0.04508634133075317,0.276608714580427,0.16299682169863025,0.039473684210526314,0.04528068895915799,-0.00650242024406078,0.17192554473876953
IWM,1h,5,0.55,0.25,8,21,0.35258088156897865,0.04349295184244162,0.3557778086852874,0.045528074238277115,7.814470843270854,0.7763157894736842,1.0219893851852315,-0.04143882500565732,0.19710779190063477
IWM,1h,5,0.55,0.25,9,21,0.3519285761151152,0.24799100673869434,0.35922017531163536,0.04314413963074029,8.326047949642973,0.7763157894736842,1.0394854436432575,-0.037289514935694656,0.19669342041015625
IWM,1h,5,0.55,0.25,10,30,0.311869436406454,0.29184590239296115,0.30438861619942187,0.046501495129551304,6.545781277599943,0.5,0.8083960466082099,-0.009835736488569724,0.18798422813415527
IWM,1h,5,0.55,0.25,12,26,0.3124175916468845,0.03371422163508653,0.3107837181833926,0.06273686038212294,4.953765876877566,0.5526315789473685,0.8412582175681594,-0.02006643784709794,0.1920766830444336
IWM,1h,5,0.55,0.25,20,50,0.27465768131862445,0.39742068629118243,0.2405357575970637,0.047664704363918835,5.046412451456305,0.14473684210526316,0.25604270494979864,-0.00650242024406078,0.19513750076293945
IWM,1h,5,0.55,0.5,8,21,0.6254467323584039,0.07595771373633187,0.6255540068460123,0.050532727714883,12.379185433557604,0.7763157894736842,1.1049174588980561,-0.045559228870680535,0.2115478515625
IWM,1h,5,0.55,0.5,9,21,0.6088988646491066,0.3360053080829779,0.6242003094641531,0.05497740375885181,11.353761123426127,0.7763157894736842,1.1231079031759321,-0.04142775473408922,0.21051859855651855
IWM,1h,5,0.55,0.5,10,30,0.530809170062868,0.39275577679156326,0.5244230932223577,0.0492279566929418,10.652952680799535,0.5,0.8350702183930468,-0.009835736488569724,0.20571446418762207
IWM,1h,5,0.55,0.5,12,26,0.5541457688294529,0.06701929491654401,0.5346995879223454,0.06252147774265265,8.552254476825475,0.5526315789473685,0.8793913959141073,-0.024459281259767596,0.20540332794189453
IWM,1h,5,0.55,0.5,20,50,0.44998973737166137,0.5254392274129456,0.4181136530603193,0.04879087692661805,8.569504780354045,0.14473684210526316,0.2560037254742586,-0.00650242024406078,0.19708561897277832
IWM,1h,5,0.55,0.75,8,21,0.8390535045428447,0.07576164395418683,0.8362278086882531,0.06168540038674428,13.556332672648942,0.7763157894736842,1.1678205680767828,-0.04967963273570375,0.21789216995239258
IWM,1h,5,0.55,0.75,9,21,0.8120193971256682,0.38703638711206945,0.8314757170808027,0.06880694562954882,12.084182918936737,0.7763157894736842,1.1860726541336655,-0.045565994532484,0.20801711082458496
IWM,1h,5,0.55,0.75,10,30,0.7047535791176696,0.45510723933123076,0.6986661402484124,0.058438814204401376,11.955515349861287,0.5,0.8550171693614644,-0.012344215431641548,0.21255135536193848
IWM,1h,5,0.55,0.75,12,26,0.7430507606023476,0.06679958691603716,0.7103753112459226,0.06961185196978896,10.204804083566406,0.5526315789473685,0.9074527005600208,-0.034561146217446104,0.20568490028381348
IWM,1h,5,0.55,0.75,20,50,0.5915122889473643,0.6117461416944434,0.5587244795575137,0.05698256853667222,9.805182425182114,0.14473684210526316,0.2559758080956822,-0.00650242024406078,0.18214941024780273
IWM,1h,5,0.55,1.0,8,21,1.0086940321620714,0.05096513572454864,1.003384771178137,0.07230906977930705,13.876333553184212,0.7763157894736842,1.2172925051173544,-0.0538000366007273,0.20479416847229004
IWM,1h,5,0.55,1.0,9,21,0.9737145456397645,0.40710226126569027,0.9959742340164268,0.08103200683874784,12.29112140833926,0.7763157894736842,1.2354514025156424,-0.04970423433087834,0.2088453769683838
IWM,1h,5,0.55,1.0,10,30,0.8433700330239755,0.48456961701070567,0.8374288302755082,0.06733385187301899,12.43696605764908,0.5,0.8706414359168495,-0.016710607134641897,0.1862778663635254
IWM,1h,5,0.55,1.0,12,26,0.8929791648450259,0.04103922391493797,0.8498676216947976,0.07711547307663134,11.020714621698104,0.5526315789473685,0.9293647271352884,-0.04466301117512439,0.20139408111572266
IWM,1h,5,0.55,1.0,20,50,0.7047376005807929,0.662172429899176,0.6707377890846502,0.06505642575478897,10.310092835607026,0.14473684210526316,0.2559548292397816,-0.00650242024406078,0.18247389793395996
IWM,1h,5,0.7,0.0,8,21,0.09821428723359203,0.08353551659304448,-0.05438676025795545,0.30804152962275383,-0.17655658418707615,0.2236842105263158,-0.2802738236552979,-0.04121787153362777,0.20226526260375977
IWM,1h,5,0.7,0.0,9,21,0.0794177496237806,0.06049400625990331,0.009138867197271337,0.2869390442997581,0.0318495073390019,0.2236842105263158,-0.2583621846518079,-0.04683812543588817,0.20287322998046875
IWM,1h,5,0.7,0.0,10,30,0.057802835897734675,0.03417397707412739,0.05163333588367334,0.3074210417286568,0.16795641441241088,0.14473684210526316,0.036300307033923875,-0.032409828008773456,0.19521760940551758
IWM,1h,5,0.7,0.0,12,26,0.047041208934521954,0.022278243089077332,0.0710164604964613,0.29762379856524,0.2386114982700024,0.14473684210526316,-0.07702228404098885,-0.032409828008773456,0.1905837059020996
IWM,1h,5,0.7,0.0,20,50,0.17227723551346108,0.17125905885736015,0.05819128941262648,0.2697330515126654,0.2157365924801918,0.039473684210526314,0.04528068895915799,-0.00650242024406078,0.18841028213500977
IWM,1h,5,0.7,0.25,8,21,0.3702779883109378,0.19978777033187067,0.36704881310447124,0.04404235982409076,8.333995148545583,0.7763157894736842,1.0035885697255114,-0.05183466921503743,0.18558263778686523
IWM,1h,5,0.7,0.25,9,21,0.3606743357113495,0.17216440685947876,0.3673995772846603,0.04890904597101904,7.511894169891643,0.7763157894736842,1.028998568630291,-0.037289514935694656,0.20432519912719727
IWM,1h,5,0.7,0.25,10,30,0.31394161526215086,0.13776196134363938,0.30644909152568783,0.0441806848095762,6.936268481272267,0.5,0.8083960466082099,-0.009835736488569724,0.19249534606933594
IWM,1h,5,0.7,0.25,12,26,0.3224832688758463,0.12221888492887212,0.31881230386017745,0.05557317176660208,5.736802376498056,0.5526315789473685,0.8593507953241478,-0.02320904876709362,0.18488693237304688
IWM,1h,5,0.7,0.25,20,50,0.2692522879752044,0.3263574643337488,0.24496981452822042,0.046278660688691374,5.293364390471246,0.14473684210526316,0.25604270494979864,-0.00650242024406078,0.18254876136779785
IWM,1h,5,0.7,0.5,8,21,0.646401865016757,0.2714987881891673,0.6449455228098232,0.044684175314156596,14.433421189391295,0.7763157894736842,1.100147775973867,-0.06240994872762473,0.19678807258605957
IWM,1h,5,0.7,0.5,9,21,0.6306281936394472,0.24147019239158962,0.6389625489015796,0.054948916778708,11.628301090535224,0.7763157894736842,1.1231080837695073,-0.04142775473408922,0.2008049488067627
IWM,1h,5,0.7,0.5,10,30,0.548336615819975,0.19821435262824072,0.5345422200253704,0.049921021203518066,10.70775811749019,0.5,0.8350702183930468,-0.009835736488569724,0.18819141387939453
IWM,1h,5,0.7,0.5,12,26,0.5649307963465545,0.17815654248052026,0.5490746454164069,0.059776476122020535,9.185463597679993,0.5526315789473685,0.898189265738579,-0.031523355113378004,0.20091819763183594
IWM,1h,5,0.7,0.5,20,50,0.446615676568989,0.43321709030424294,0.42502961209700363,0.04525065538003478,9.392783563628397,0.14473684210526316,0.2560037254742586,-0.00650242024406078,0.1840226650238037
IWM,1h,5,0.7,0.75,8,21,0.8640729393270663,0.30639508522997083,0.8616171020401733,0.054316064599912575,15.863025209701222,0.7763157894736842,1.1731329591529,-0.07294371007138933,0.19553923606872559
IWM,1h,5,0.7,0.75,9,21,0.8431854569824407,0.27590535469177535,0.8514834242597811,0.0671885127739701,12.673050631798763,0.7763157894736842,1.193858274715707,-0.045565994532484,0.19198226928710938
IWM,1h,5,0.7,0.75,10,30,0.7327159801526021,0.22357170024137152,0.7143541670223189,0.06100755869422893,11.709273118150422,0.5,0.8550171693614644,-0.012344215431641548,0.1985156536102295
IWM,1h,5,0.7,0.75,12,26,0.7554012796110191,0.19823243624910503,0.7304476018343877,0.06852898237846694,10.658958830007487,0.5526315789473685,0.9268711851990663,-0.039809071467884594,0.20649266242980957
IWM,1h,5,0.7,0.75,20,50,0.5889145145649503,0.49910289028770616,0.5677439359165186,0.05085301982255225,11.164409466686894,0.14473684210526316,0.2559758080956822,-0.00650242024406078,0.18103766441345215
IWM,1h,5,0.7,1.0,8,21,1.0372446176611785,0.3113466172806081,1.0334434032629016,0.06444885327342871,16.035093733606814,0.7763157894736842,1.2303636796771535,-0.08343595324633146,0.2046511173248291
IWM,1h,5,0.7,1.0,9,21,1.0122328091248805,0.28205180755206327,1.0201711579402093,0.07884561137252219,12.938845170724878,0.7763157894736842,1.24924215521471,-0.04970423433087834,0.19833898544311523
IWM,1h,5,0.7,1.0,10,30,0.8792807489264801,0.22085225836790845,0.8573870014247257,0.07102503595587192,12.07161657696904,0.5,0.8706414359168495,-0.016710607134641897,0.2040717601776123
IWM,1h,5,0.7,1.0,12,26,0.9067722220884159,0.18967114641422755,0.8746379382158798,0.0766676748354527,11.4081709154877,0.5526315789473685,0.9492470068054543,-0.048066197830613056,0.2045574188232422
IWM,1h,5,0.7,1.0,20,50,0.7025863722025796,0.5305977144755816,0.681451930735258,0.05678422726409405,12.000725616392343,0.14473684210526316,0.2559548292397816,-0.00650242024406078,0.18366765975952148
IWM,1h,5,0.85,0.0,8,21,0.07499956793213652,0.05549139829780292,-0.07223869320246269,0.31478529769480107,-0.22948560092060416,0.3026315789473684,-0.29529204401745673,-0.0593646809916889,0.20322275161743164
IWM,1h,5,0.85,0.0,9,21,0.0623450215034989,0.0397728051220434,-0.045707258272085285,0.3098572954393228,-0.14751067328358522,0.3026315789473684,-0.30281053671575114,-0.0593646809916889,0.20135188102722168
IWM,1h,5,0.85,0.0,10,30,0.09160264479117242,0.07499868753338412,0.06599111396980455,0.2903278409415181,0.22729860751831032,0.17105263157894737,-0.09864302132113839,-0.05871497765676015,0.1904306411743164
IWM,1h,5,0.85,0.0,12,26,-0.02833033898129501,-0.05955440572350956,0.0835253490037465,0.2730340618031644,0.3059154907344914,0.21052631578947367,-0.09618215223961189,-0.05871497765676015,0.2037029266357422
IWM,1h,5,0.85,0.0,20,50,0.11396116673571627,0.099493142507036,0.03651078428419054,0.28875800048343747,0.12644077124465583,0.039473684210526314,0.022795522269304296,-0.015781549597613354,0.20110487937927246
IWM,1h,5,0.85,0.25,8,21,0.3785382336207754,0.16230902080338439,0.3830712999696929,0.042451182004438454,9.02380762753888,0.8026315789473685,1.0265892622815267,-0.04917161522746316,0.19512128829956055
IWM,1h,5,0.85,0.25,9,21,0.37972466828152956,0.14153836832778421,0.3826825658967372,0.044907267596899794,8.52161768851766,0.8026315789473685,1.0618560440012228,-0.03599373016153595,0.1978144645690918
IWM,1h,5,0.85,0.25,10,30,0.3254420769945987,0.19915904549954355,0.31383006251938106,0.04435894292918876,7.074786768935308,0.5263157894736842,0.721403939739463,-0.026543299468448245,0.20047545433044434
IWM,1h,5,0.85,0.25,12,26,0.3253381187018514,0.013342761550758642,0.32729390577154216,0.04883564478529957,6.701947055484842,0.5789473684210527,0.8328631026740383,-0.026824420739947508,0.19570016860961914
IWM,1h,5,0.85,0.25,20,50,0.2657813246621477,0.2255086734767291,0.24989962238448116,0.044702651174792885,5.590264018287032,0.14473684210526316,0.27042627445256234,-0.00590144198506537,0.1881084442138672
IWM,1h,5,0.85,0.5,8,21,0.664743961213609,0.22545430726187932,0.6769572886208279,0.04756419618761528,14.23249719075655,0.8026315789473685,1.1334201305414593,-0.05924211152046022,0.2050175666809082
IWM,1h,5,0.85,0.5,9,21,0.6675164439525316,0.2008288361927515,0.6733309472658139,0.053881733203038934,12.496460437316408,0.8026315789473685,1.165573618344147,-0.035976601816919085,0.20016050338745117
IWM,1h,5,0.85,0.5,10,30,0.5647994208663442,0.28100791337576947,0.5489134552824704,0.04643841998763928,11.820244001164921,0.5263157894736842,0.7671842051388424,-0.028251413523753155,0.1887049674987793
IWM,1h,5,0.85,0.5,12,26,0.5799411388356168,0.04509972175146726,0.567188636891557,0.0523027149288327,10.844344077803985,0.5789473684210527,0.8843330523027698,-0.03585118049625513,0.17885756492614746
IWM,1h,5,0.85,0.5,20,50,0.45017716549056247,0.3033849789282612,0.4365241948269668,0.04037128117795902,10.812740693136343,0.14473684210526316,0.2709517686998333,-0.00590144198506537,0.17488813400268555
IWM,1h,5,0.85,0.75,8,21,0.8899868326972123,0.25306668539616783,0.9059750217912933,0.06220220707373783,14.564998002680225,0.8026315789473685,1.2132939317383873,-0.06928029141327652,0.19646739959716797
IWM,1h,5,0.85,0.75,9,21,0.8937865941926488,0.22568586013304892,0.9000691789144742,0.07067515376928553,12.735298487679163,0.8026315789473685,1.242864828511895,-0.03595947347230177,0.19423794746398926
IWM,1h,5,0.85,0.75,10,30,0.7536385396758075,0.327471614876484,0.7341557466144083,0.054074834933945215,13.576661815264194,0.5263157894736842,0.8010033358672347,-0.029959527579058176,0.19150280952453613
IWM,1h,5,0.85,0.75,12,26,0.7786942870581784,0.04501567377894977,0.7563809963616096,0.059862665454631356,12.635270925830303,0.5789473684210527,0.9226939083137087,-0.04484590750032369,0.19928574562072754
IWM,1h,5,0.85,0.75,20,50,0.5967022805836478,0.3417904097355666,0.5839440628822372,0.04444829394908624,13.137603516371675,0.14473684210526316,0.2710877518173042,-0.00590144198506537,0.19082403182983398
IWM,1h,5,0.85,1.0,8,21,1.069122667455457,0.2522368617258952,1.0875952330714358,0.07607427060049195,14.296492420978963,0.8026315789473685,1.2757406952201191,-0.07928615490591373,0.19355177879333496
IWM,1h,5,0.85,1.0,9,21,1.0736997672645576,0.2230865652363383,1.0799240605458018,0.08606884092013072,12.547212777594376,0.8026315789473685,1.303182995307982,-0.03594234512768457,0.19827723503112793
IWM,1h,5,0.85,1.0,10,30,0.9038455241467055,0.34471459276500416,0.8814817461265296,0.06145863717723705,14.342682926477442,0.5263157894736842,0.8273591342456096,-0.031667641634363086,0.191880464553833
IWM,1h,5,0.85,1.0,12,26,0.9363808043012221,0.020885765727343353,0.9068577208854691,0.06697158682998247,13.540932264120677,0.5789473684210527,0.9526359161764675,-0.05380860175215352,0.19229960441589355
IWM,1h,5,0.85,1.0,20,50,0.713466085371095,0.3483211361038423,0.7012912140856504,0.04961742127621785,14.133971416644071,0.14473684210526316,0.2711387350267961,-0.00590144198506537,0.17803668975830078
IWM,1h,5,1.0,0.0,8,21,-0.02667572639508317,-0.0634479482324426,-0.07908561848680282,0.27557444668476355,-0.28698458597386145,0.27631578947368424,-0.36237508909383737,-0.0593646809916889,0.19990777969360352
IWM,1h,5,1.0,0.0,9,21,-0.014412962760029438,-0.04953116106135347,-0.045178217864569895,0.2576506580908327,-0.17534679786706647,0.2894736842105263,-0.3601217366608052,-0.0593646809916889,0.20912551879882812
IWM,1h,5,1.0,0.0,10,30,0.1385019927403712,0.13319637657079797,0.09005718074161236,0.2207276248389801,0.4080014035728818,0.17105263157894737,-0.12616147584905776,-0.05871497765676015,0.19406795501708984
IWM,1h,5,1.0,0.0,12,26,0.10714354699104507,0.09369909205771276,0.06123552954320781,0.22311271456877765,0.2744600623122762,0.21052631578947367,-0.08833126194080822,-0.05871497765676015,0.19490575790405273
IWM,1h,5,1.0,0.0,20,50,0.12927593614665933,0.118181643090298,0.031649992099739774,0.2605560114288968,0.12147097250288064,0.039473684210526314,0.022795522269304296,-0.015781549597613354,0.17607593536376953
IWM,1h,5,1.0,0.25,8,21,0.38414055009960824,0.0008830199838869568,0.39121922175084944,0.04000432221433397,9.779423824625416,0.8026315789473685,1.002313249441599,-0.04892406271568339,0.20290160179138184
IWM,1h,5,1.0,0.25,9,21,0.3845012863813673,0.01971573001365967,0.3921098605088329,0.04025892100581621,9.73970118206061,0.8026315789473685,0.9490673049310356,-0.05457129263548177,0.20265603065490723
IWM,1h,5,1.0,0.25,10,30,0.3338215372615376,0.28078415702392867,0.32865098321465736,0.043015311630837515,7.640325520251461,0.5263157894736842,0.7204358840230034,-0.022950476146534782,0.20657825469970703
IWM,1h,5,1.0,0.25,12,26,0.3392615018591689,0.2248164009274385,0.3336060467141767,0.04567164231082846,7.304446037734904,0.5789473684210527,0.8422985487429343,-0.022950476146534782,0.20122241973876953
IWM,1h,5,1.0,0.25,20,50,0.26781981999324067,0.25171607362401494,0.2506762073846628,0.04128783447716179,6.071430254433019,0.14473684210526316,0.27042627445256234,-0.00590144198506537,0.1797041893005371
IWM,1h,5,1.0,0.5,8,21,0.6866283606480099,0.02405878373181336,0.6947055934012968,0.04672439698362413,14.868155358854086,0.8026315789473685,1.1237653465765294,-0.058751285104422735,0.19388461112976074
IWM,1h,5,1.0,0.5,9,21,0.6852312980635104,0.047476764723731746,0.6917346818134056,0.049461611421399695,13.985283979529319,0.8026315789473685,1.0673290985619763,-0.06434016365381323,0.19910621643066406
IWM,1h,5,1.0,0.5,10,30,0.5744069223865553,0.38626070951634084,0.5690250337987882,0.0474850268627077,11.98325180364742,0.5263157894736842,0.7691276561750545,-0.02394031299206789,0.20237183570861816
IWM,1h,5,1.0,0.5,12,26,0.5885895954625626,0.3133574212678232,0.5825970303668133,0.051031106649770216,11.41650786382538,0.5789473684210527,0.8962649619736753,-0.026830739268879356,0.21976757049560547
IWM,1h,5,1.0,0.5,20,50,0.4514851678895857,0.3370501288296748,0.4393510982286254,0.03749727693535183,11.716880108016918,0.14473684210526316,0.2709517686998333,-0.00590144198506537,0.17397069931030273
IWM,1h,5,1.0,0.75,8,21,0.9231213233748945,0.016128627542923546,0.9309690127819354,0.0596544663324073,15.606023656206716,0.8026315789473685,1.21419266415939,-0.06855046970050316,0.1845722198486328
IWM,1h,5,1.0,0.75,9,21,0.9205146977761469,0.043581046328158735,0.9254551951659513,0.063175161868991,14.649035598596594,0.8026315789473685,1.1573364572873042,-0.07408116336026449,0.18573856353759766
IWM,1h,5,1.0,0.75,10,30,0.765004381525129,0.45547364381876454,0.7587921644485353,0.05591740539508925,13.56987433675121,0.5263157894736842,0.8051568186385603,-0.024930149837601334,0.17958641052246094
IWM,1h,5,1.0,0.75,12,26,0.7854651077073476,0.3659215470857491,0.7785304389989471,0.059287104617272136,13.131530777641274,0.5789473684210527,0.9364742951390089,-0.03134754712166654,0.19010138511657715
IWM,1h,5,1.0,0.75,20,50,0.5977632630326227,0.3824869704181242,0.588207935270362,0.04075249554176881,14.43366663686853,0.14473684210526316,0.2710877518173042,-0.00590144198506537,0.1780860424041748
IWM,1h,5,1.0,1.0,8,21,1.1109112355030877,-0.01465671731113194,1.1183010825217128,0.07172102919093007,15.592373605580308,0.8026315789473685,1.2847593832459914,-0.0783216165039261,0.1876213550567627
IWM,1h,5,1.0,1.0,9,21,1.107371625587086,0.016149679073818035,1.110854813112129,0.07567943613208974,14.67842349106909,0.8026315789473685,1.2280921573041301,-0.0837942917548341,0.2183084487915039
IWM,1h,5,1.0,1.0,10,30,0.9167679504472519,0.49378247098564554,0.9097584101308076,0.06389310193303444,14.238757903541982,0.5263157894736842,0.833212993167107,-0.027100527456994317,0.1758718490600586
IWM,1h,5,1.0,1.0,12,26,0.9421111618973675,0.3884568268577895,0.9342870616549546,0.06684413018453815,13.977099545998227,0.5789473684210527,0.9677658796795496,-0.03585385653048545,0.19540095329284668
IWM,1h,5,1.0,1.0,20,50,0.7143928320716112,0.3953619606067116,0.7066552529807828,0.0450008789053964,15.70314336451865,0.14473684210526316,0.2711387350267961,-0.00590144198506537,0.17991256713867188
IWM,1h,7,0.0,0.0,8,21,0.25388449611754826,0.2837018010680108,0.02968764293992106,0.344655681565443,0.0861371058938542,0.23684210526315788,-0.1712671437576747,-0.036394746843293135,0.20317292213439941
IWM,1h,7,0.0,0.0,9,21,0.042021292678052706,0.016849075962022564,0.029889101036309085,0.2998470987239763,0.09968114136673185,0.23684210526315788,-0.18561369380539014,-0.036394746843293135,0.20087695121765137
IWM,1h,7,0.0,0.0,10,30,0.12398183551742513,0.10968242559152719,0.04452925916436347,0.4045741916187854,0.11006450754110798,0.10526315789473684,0.01525987710262845,-0.03296095582520053,0.18648076057434082
IWM,1h,7,0.0,0.0,12,26,0.07447342790179244,0.05221633045425067,0.03366487719472179,0.33484749889109194,0.10053793833374632,0.11842105263157894,-0.09899944380268093,-0.03296095582520053,0.19302082061767578
IWM,1h,7,0.0,0.0,20,50,0.1371683937114184,0.12620484282853162,0.0862032289072304,0.3335819988696429,0.2584169085841975,0.039473684210526314,0.005150870820612109,-0.0021159758422070185,0.17398905754089355
IWM,1h,7,0.0,0.25,8,21,0.3151887962447044,0.4839875730802383,0.3122011025729873,0.050441633685552004,6.189353511411171,0.6447368421052632,0.7232062588775326,-0.027926972295979957,0.20879793167114258
IWM,1h,7,0.0,0.25,9,21,0.2923201659377154,0.11473617133525438,0.29960362708506577,0.05125491481177862,5.845363867743965,0.6578947368421053,0.7803518400549168,-0.0321787881111435,0.20175957679748535
IWM,1h,7,0.0,0.25,10,30,0.276943174308125,0.24425721232523556,0.2813343717192685,0.05316491760281273,5.291729666940823,0.42105263157894735,0.7171546433537977,-0.010934642539595418,0.2034144401550293
IWM,1h,7,0.0,0.25,12,26,0.2724440313401638,0.16490083750158901,0.2805744672198625,0.04913587419497445,5.710175545193806,0.4868421052631579,0.8076340294713624,-0.028950615455271778,0.21518468856811523
IWM,1h,7,0.0,0.25,20,50,0.23845522756741272,0.26212636490518704,0.24415712955607294,0.04350932443166789,5.6116047018731745,0.10526315789473684,0.13692490466742432,-0.0021159758422070185,0.18776345252990723
IWM,1h,7,0.0,0.5,8,21,0.5208490102038801,0.6425893913070515,0.5344041165786393,0.057522088459482354,9.290415749683099,0.6447368421052632,0.7852806180023288,-0.0340100631542648,0.21478605270385742
IWM,1h,7,0.0,0.5,9,21,0.5090742177321858,0.16970358894151727,0.5210109197231324,0.04988559815838224,10.444114914067384,0.6578947368421053,0.8384412339821152,-0.036459145686455585,0.19991707801818848
IWM,1h,7,0.0,0.5,10,30,0.4684191171106404,0.3348118421263595,0.47659797711767793,0.05339666500348857,8.925613183642467,0.42105263157894735,0.7237341169747156,-0.010934642539595418,0.19776511192321777
IWM,1h,7,0.0,0.5,12,26,0.4681445088229014,0.23417261211657436,0.4789973433607432,0.054101304331759054,8.853711556073478,0.4868421052631579,0.8242416414416449,-0.03275404885579658,0.21718764305114746
IWM,1h,7,0.0,0.5,20,50,0.39332257244411384,0.34917949774386425,0.39913198820065554,0.06232008920306486,6.4045477678973946,0.10526315789473684,0.1368926576371701,-0.0021159758422070185,0.18410038948059082
IWM,1h,7,0.0,0.75,8,21,0.686330135605666,0.7629991944213581,0.7091115622189774,0.06898141837686904,10.279747487140071,0.6447368421052632,0.8303541123286142,-0.04014469179606095,0.19808530807495117
IWM,1h,7,0.0,0.75,9,21,0.6793281976337907,0.18973525608482067,0.6948695433033673,0.057113676684006895,12.166429892928715,0.6578947368421053,0.8799557429269516,-0.04073950326176756,0.19925713539123535
IWM,1h,7,0.0,0.75,10,30,0.6205171741096882,0.3877087477405843,0.6309649654584045,0.06135659770179685,10.28357159771143,0.42105263157894735,0.7272831702053012,-0.010934642539595418,0.20082712173461914
IWM,1h,7,0.0,0.75,12,26,0.6225826020751883,0.26731942578453793,0.6352662316570951,0.06267195478935074,10.136371743825675,0.4868421052631579,0.8339978250327132,-0.036557482256321716,0.2245652675628662
IWM,1h,7,0.0,0.75,20,50,0.5175826999311415,0.3953585472966643,0.5232907788696586,0.07870669294727817,6.648618551667339,0.10526315789473684,0.1368695580911778,-0.0021159758422070185,0.18613028526306152
IWM,1h,7,0.0,1.0,8,21,0.8186245344707648,0.8487740365061185,0.8479368977757957,0.07924658189510245,10.699980712079135,0.6447368421052632,0.8654079399254824,-0.04627932043785721,0.19214296340942383
IWM,1h,7,0.0,1.0,9,21,0.8146145847865605,0.18187450041309616,0.8330160505894891,0.06514433116394115,12.787237748947557,0.6578947368421053,0.9120353771424276,-0.04627932043785721,0.19745779037475586
IWM,1h,7,0.0,1.0,10,30,0.7417215368801863,0.40883978178509506,0.7538035075756129,0.06912544419511378,10.904863127503727,0.42105263157894735,0.7297641913070443,-0.010934642539595418,0.19096660614013672
IWM,1h,7,0.0,1.0,12,26,0.7454533881454152,0.27090427526887795,0.7594965147563681,0.07038200394595491,10.791061239739237,0.4868421052631579,0.8410604686149032,-0.04105263338521914,0.1913914680480957
IWM,1h,7,0.0,1.0,20,50,0.6168848456075523,0.40784211792974445,0.622446107609509,0.09144947424394452,6.806448180873225,0.10526315789473684,0.13685219749972136,-0.0021159758422070185,0.18268489837646484
IWM,1h,7,0.1,0.0,8,21,0.2297226970193204,0.2504797081808867,0.031236133722183746,0.3290434383217085,0.09493012193619225,0.2236842105263158,-0.18669836761941536,-0.03249610833175742,0.1946732997894287
IWM,1h,7,0.1,0.0,9,21,0.07554163502689135,0.0538857803754893,0.040341717389393614,0.2898684040502046,0.1391725238960729,0.2236842105263158,-0.19632518509472263,-0.03249610833175742,0.19353652000427246
IWM,1h,7,0.1,0.0,10,30,0.11167816022918355,0.09456293346708011,0.05533061429832944,0.3592301370872626,0.15402553568296184,0.10526315789473684,0.01525987710262845,-0.03296095582520053,0.1960906982421875
IWM,1h,7,0.1,0.0,12,26,-0.0010998949758733855,-0.027945585570128495,0.001718742486108983,0.33538337031839843,0.005124709923683107,0.11842105263157894,-0.09899944380268093,-0.03296095582520053,0.2007887363433838
IWM,1h,7,0.1,0.0,20,50,0.18669851762402226,0.19136895547580735,0.07072520592419601,0.3289750017539564,0.2149865659916983,0.039473684210526314,0.005150870820612109,-0.0021159758422070185,0.17861199378967285
IWM,1h,7,0.1,0.25,8,21,0.31596396835570695,0.436215849293927,0.31696272679140425,0.045868056767623906,6.9103151327555965,0.6578947368421053,0.7739312356689038,-0.027926972295979957,0.20511126518249512
IWM,1h,7,0.1,0.25,9,21,0.3020942343683974,0.16573045460555869,0.3088556150510123,0.054868529217792054,5.629012103186841,0.6578947368421053,0.8070234797375133,-0.0321787881111435,0.22187089920043945
IWM,1h,7,0.1,0.25,10,30,0.2792417348268247,0.22366296029841126,0.28958336556049913,0.05161733480370714,5.610196006084788,0.42105263157894735,0.7171546433537977,-0.010934642539595418,0.18252921104431152
IWM,1h,7,0.1,0.25,12,26,0.2742813167964351,0.05477402258381403,0.2837021510455778,0.051663185806822796,5.491379337433566,0.4868421052631579,0.8076340294713624,-0.028950615455271778,0.18932819366455078
IWM,1h,7,0.1,0.25,20,50,0.24632040405755462,0.35552217436987665,0.24529386416454751,0.04853803246075081,5.053642509364155,0.10526315789473684,0.13692490466742432,-0.0021159758422070185,0.17298007011413574
IWM,1h,7,0.1,0.5,8,21,0.5261956080114388,0.5794482363089082,0.542939584033743,0.05394800304032904,10.064127556822935,0.6578947368421053,0.8421432921837758,-0.03222613426595655,0.1942157745361328
IWM,1h,7,0.1,0.5,9,21,0.5224833863955944,0.23422604833174754,0.5329574725132126,0.054101517435659364,9.851063293132881,0.6578947368421053,0.8688314840800216,-0.036459145686455585,0.1958754062652588
IWM,1h,7,0.1,0.5,10,30,0.47515226424224477,0.30905896998245064,0.4905586061411212,0.05266994323131786,9.313824470754929,0.42105263157894735,0.7237341169747156,-0.010934642539595418,0.19119906425476074
IWM,1h,7,0.1,0.5,12,26,0.4824243898679007,0.09517235806663193,0.48905485895155965,0.053833028710823065,9.08466178967255,0.4868421052631579,0.8242416414416449,-0.03275404885579658,0.18194890022277832
IWM,1h,7,0.1,0.5,20,50,0.39819999306495807,0.4718121557492565,0.40496911784693035,0.06363361378282886,6.36407542763521,0.10526315789473684,0.1368926576371701,-0.0021159758422070185,0.17628979682922363
IWM,1h,7,0.1,0.75,8,21,0.6947815743392528,0.6843253080286318,0.7205996708373709,0.06578924493870629,10.953153080092806,0.6578947368421053,0.8917036360936543,-0.036525296235933036,0.19556951522827148
IWM,1h,7,0.1,0.75,9,21,0.6961672816416491,0.26667876091830256,0.7090149339739247,0.06045594829216053,11.727794435504114,0.6578947368421053,0.913250928510328,-0.04073950326176756,0.1838221549987793
IWM,1h,7,0.1,0.75,10,30,0.6304558281220513,0.35738297751925385,0.6495244329392051,0.06048633516062346,10.738366462679075,0.42105263157894735,0.7272831702053012,-0.010934642539595418,0.1810309886932373
IWM,1h,7,0.1,0.75,12,26,0.6451820327930952,0.10199244950511854,0.6501587878802535,0.06108593914338577,10.643346030158416,0.4868421052631579,0.8339978250327132,-0.036557482256321716,0.18469500541687012
IWM,1h,7,0.1,0.75,20,50,0.5213989651059112,0.5468930367907907,0.5323009505503167,0.07831667962635629,6.79677628175619,0.10526315789473684,0.1368695580911778,-0.0021159758422070185,0.16916656494140625
IWM,1h,7,0.1,1.0,8,21,0.8294457905905923,0.7549562958897755,0.8617636835198464,0.07625528803185495,11.301035059494529,0.6578947368421053,0.9301594310976103,-0.04082445820590963,0.1902930736541748
IWM,1h,7,0.1,1.0,9,21,0.8342967894993343,0.26966699584250664,0.8489006090515543,0.06743542170035764,12.588348788320133,0.6578947368421053,0.9475478422247292,-0.04501986083707943,0.19034814834594727
IWM,1h,7,0.1,1.0,10,30,0.7541504148872997,0.37469899183654465,0.7760350637465846,0.068194911370893,11.379662325916776,0.42105263157894735,0.7297641913070443,-0.010934642539595418,0.17771434783935547
IWM,1h,7,0.1,1.0,12,26,0.7743743362108986,0.08277899190588145,0.7781049173621627,0.06816272381810401,11.41540234569526,0.4868421052631579,0.8410604686149032,-0.04105263338521914,0.18034863471984863
IWM,1h,7,0.1,1.0,20,50,0.6201169526592709,0.5868756340175709,0.6338655773044386,0.0900868462360916,7.036161257585375,0.10526315789473684,0.13685219749972136,-0.0021159758422070185,0.1895442008972168
IWM,1h,7,0.25,0.0,8,21,0.19582750115059525,0.2053392619433645,0.004715467113719146,0.32685985906259174,0.014426571458614507,0.2236842105263158,-0.18669836761941536,-0.03249610833175742,0.1962273120880127
IWM,1h,7,0.25,0.0,9,21,0.003946428144023926,-0.02531474208862039,0.010039488511860376,0.2959052408248726,0.03392805238553415,0.2236842105263158,-0.19632518509472263,-0.03249610833175742,0.19751524925231934
IWM,1h,7,0.25,0.0,10,30,0.04599000210044111,0.021059681750398074,0.046524976895878326,0.30369154383979013,0.15319813093123916,0.10526315789473684,0.01525987710262845,-0.03296095582520053,0.19624996185302734
IWM,1h,7,0.25,0.0,12,26,-0.03374425599121069,-0.0617624635658548,-0.006986152612097422,0.31662911322887766,-0.02206415114786817,0.11842105263157894,-0.09899944380268093,-0.03296095582520053,0.18926644325256348
IWM,1h,7,0.25,0.0,20,50,0.13300089652050634,0.12333989253184385,0.08930377929625256,0.3246923869030449,0.27504118636116714,0.039473684210526314,0.005150870820612109,-0.0021159758422070185,0.18040871620178223
IWM,1h,7,0.25,0.25,8,21,0.3299965854728586,0.3713007662461061,0.32720906405869965,0.04644239889271578,7.045481539714791,0.6578947368421053,0.7739312356689038,-0.027926972295979957,0.20044660568237305
IWM,1h,7,0.25,0.25,9,21,0.31324664796864854,0.05795775367634248,0.33014110873567176,0.04554178752133872,7.249190835581131,0.6578947368421053,0.8070234797375133,-0.0321787881111435,0.19498348236083984
IWM,1h,7,0.25,0.25,10,30,0.27978698570465244,0.12204482140397999,0.2898486670190028,0.050495698008574355,5.7400665492293115,0.42105263157894735,0.7171546433537977,-0.010934642539595418,0.1826763153076172
IWM,1h,7,0.25,0.25,12,26,0.28506687097254496,0.008416325579210238,0.28850269649069993,0.05793849566105162,4.979464744450415,0.4868421052631579,0.8076340294713624,-0.028950615455271778,0.18134784698486328
IWM,1h,7,0.25,0.25,20,50,0.2449652048201705,0.25713023289594683,0.24641707532801216,0.048932041528839655,5.035904238386997,0.10526315789473684,0.13692490466742432,-0.0021159758422070185,0.1768035888671875
IWM,1h,7,0.25,0.5,8,21,0.5584131348505174,0.493639824218312,0.5658666452636643,0.05419457822756861,10.441388488854587,0.6578947368421053,0.8421432921837758,-0.03222613426595655,0.18788695335388184
IWM,1h,7,0.25,0.5,9,21,0.5525760823485026,0.09942428404428072,0.5671673137323738,0.050285827332413616,11.278870087651613,0.6578947368421053,0.8688314840800216,-0.036459145686455585,0.19045281410217285
IWM,1h,7,0.25,0.5,10,30,0.48605426537093654,0.1799756784182296,0.4988433341458788,0.047673999176332936,10.463635163074851,0.42105263157894735,0.7237341169747156,-0.010934642539595418,0.18114137649536133
IWM,1h,7,0.25,0.5,12,26,0.5067248451621515,0.036579484390452555,0.5005395338669836,0.05776746455100454,8.664730878486852,0.4868421052631579,0.8242416414416449,-0.03275404885579658,0.1869823932647705
IWM,1h,7,0.25,0.5,20,50,0.4069133911258178,0.3416184572114649,0.4083894927908013,0.05911370529100723,6.908541611126654,0.10526315789473684,0.1368926576371701,-0.0021159758422070185,0.17153096199035645
IWM,1h,7,0.25,0.75,8,21,0.7404767786172209,0.5773955196572951,0.7529962985560177,0.06714603685696374,11.214307408195516,0.6578947368421053,0.8917036360936543,-0.036525296235933036,0.1940755844116211
IWM,1h,7,0.25,0.75,9,21,0.7398798836436024,0.10773122396972035,0.7528036864357146,0.06109276411697753,12.322305224138848,0.6578947368421053,0.913250928510328,-0.04073950326176756,0.19549870491027832
IWM,1h,7,0.25,0.75,10,30,0.648195815091371,0.2028359733608731,0.6636653438114005,0.052373140603575,12.671864550473389,0.42105263157894735,0.7272831702053012,-0.010934642539595418,0.18151283264160156
IWM,1h,7,0.25,0.75,12,26,0.6795083704396538,0.03225985403998677,0.6665972909634316,0.0627476823507427,10.623456771476143,0.4868421052631579,0.8339978250327132,-0.036557482256321716,0.18471312522888184
IWM,1h,7,0.25,0.75,20,50,0.5366008832293351,0.38506446356364665,0.5380453208947246,0.07233463966109976,7.4382802404983215,0.10526315789473684,0.1368695580911778,-0.0021159758422070185,0.18414711952209473
IWM,1h,7,0.25,1.0,8,21,0.8856945298766703,0.6274259139332712,0.9015955642115113,0.07879572293479124,11.442189126910382,0.6578947368421053,0.9301594310976103,-0.04082445820590963,0.20343375205993652
IWM,1h,7,0.25,1.0,9,21,0.8885930092490018,0.09030485039843716,0.900142456310703,0.0714506085651784,12.598107621288886,0.6578947368421053,0.9475478422247292,-0.04501986083707943,0.19182825088500977
IWM,1h,7,0.25,1.0,10,30,0.777055453894001,0.19763266596512374,0.7947633933625725,0.05810141147036501,13.678899931165125,0.42105263157894735,0.7297641913070443,-0.010934642539595418,0.20794272422790527
IWM,1h,7,0.25,1.0,12,26,0.81654813263284,0.0035223719620625094,0.7984189693900466,0.06801463599911833,11.738928800565755,0.4868421052631579,0.8410604686149032,-0.04105263338521914,0.1946406364440918
IWM,1h,7,0.25,1.0,20,50,0.6401821598436808,0.3948676340150503,0.641587091792608,0.0834986475935558,7.6838021966013725,0.10526315789473684,0.13685219749972136,-0.0021159758422070185,0.18148207664489746
IWM,1h,7,0.4,0.0,8,21,0.08849637149590654,0.07008553266110384,-0.07443216831374845,0.338608586560983,-0.21981772249104883,0.2236842105263158,-0.18669836761941536,-0.03249610833175742,0.18404459953308105
IWM,1h,7,0.4,0.0,9,21,0.012393006778625214,-0.015843101574354423,0.018137455600147113,0.3291414501604519,0.05510535239881016,0.2236842105263158,-0.19632518509472263,-0.03249610833175742,0.2003796100616455
IWM,1h,7,0.4,0.0,10,30,0.006918328650611755,-0.020148038179429895,0.062125693960511263,0.31334667724337495,0.19826504786026028,0.10526315789473684,0.01525987710262845,-0.03296095582520053,0.19955182075500488
IWM,1h,7,0.4,0.0,12,26,0.043203352751174304,0.01792829891823544,-0.016439397137026912,0.3386839123922335,-0.04853905525334864,0.11842105263157894,-0.09899944380268093,-0.03296095582520053,0.19170522689819336
IWM,1h,7,0.4,0.0,20,50,0.10320725714593144,0.08668592737790304,0.07889859775679368,0.3333524193816113,0.23668224128432996,0.039473684210526314,0.005150870820612109,-0.0021159758422070185,0.1684870719909668
IWM,1h,7,0.4,0.25,8,21,0.3342442131524494,0.18183864720206655,0.32701209172947315,0.044908651811773885,7.281716964029169,0.6578947368421053,0.7739312356689038,-0.027926972295979957,0.2120954990386963
IWM,1h,7,0.4,0.25,9,21,0.3194404704923666,0.07048562152356808,0.3395494858250823,0.04448502094201072,7.63289481795925,0.6578947368421053,0.8070234797375133,-0.0321787881111435,0.27465176582336426
IWM,1h,7,0.4,0.25,10,30,0.2809454038162242,0.06551794988589932,0.2941086674986849,0.05465370915631846,5.3813121202348135,0.42105263157894735,0.7171546433537977,-0.010934642539595418,0.23413705825805664
IWM,1h,7,0.4,0.25,12,26,0.3014039957584675,0.11629737592404554,0.2955733228824658,0.06061581956306074,4.876174652311194,0.4868421052631579,0.8076340294713624,-0.028950615455271778,0.19222617149353027
IWM,1h,7,0.4,0.25,20,50,0.24263447450601702,0.20623421934376185,0.24213791294068115,0.04860866475593128,4.981373468217623,0.10526315789473684,0.13692490466742432,-0.0021159758422070185,0.1746509075164795
IWM,1h,7,0.4,0.5,8,21,0.5809999232082392,0.24967343174976153,0.58094786804559,0.05596133045572261,10.381237603084582,0.6578947368421053,0.8421432921837758,-0.03222613426595655,0.1986982822418213
IWM,1h,7,0.4,0.5,9,21,0.5631627514159137,0.1146537896946287,0.5847120246497944,0.050577453515707894,11.560724868605728,0.6578947368421053,0.8688314840800216,-0.036459145686455585,0.20195794105529785
IWM,1h,7,0.4,0.5,10,30,0.49430892091818734,0.10874398509614047,0.5051238960923125,0.05202627979625323,9.709014330267179,0.42105263157894735,0.7237341169747156,-0.010934642539595418,0.19963383674621582
IWM,1h,7,0.4,0.5,12,26,0.5265612113718597,0.17070681682344135,0.5112689619366083,0.05843618661031106,8.749184222886901,0.4868421052631579,0.8242416414416449,-0.03275404885579658,0.20133352279663086
IWM,1h,7,0.4,0.5,20,50,0.4086336339712955,0.2769154105302303,0.4073335125060411,0.05481449630859777,7.431127528980869,0.10526315789473684,0.1368926576371701,-0.0021159758422070185,0.21494674682617188
IWM,1h,7,0.4,0.75,8,21,0.7755386115836636,0.2812194363227849,0.7787154875128695,0.07004227062721634,11.117793305950933,0.6578947368421053,0.8917036360936543,-0.036525296235933036,0.20849251747131348
IWM,1h,7,0.4,0.75,9,21,0.7540552864380013,0.1251823735275721,0.7768114880786008,0.06135832371046923,12.660246256793645,0.6578947368421053,0.913250928510328,-0.04073950326176756,0.21310639381408691
IWM,1h,7,0.4,0.75,10,30,0.6612973649323065,0.11825156684015092,0.6717827525686925,0.057512179716174214,11.68070408536031,0.42105263157894735,0.7272831702053012,-0.010934642539595418,0.19993305206298828
IWM,1h,7,0.4,0.75,12,26,0.7034443207899295,0.18936866156432908,0.6799107335504851,0.06273298291329338,10.838170002058188,0.4868421052631579,0.8339978250327132,-0.036557482256321716,0.20162677764892578
IWM,1h,7,0.4,0.75,20,50,0.5407589925695804,0.30769968254054003,0.5393485477302782,0.06765166196063535,7.972436036295906,0.10526315789473684,0.1368695580911778,-0.0021159758422070185,0.17035126686096191
IWM,1h,7,0.4,1.0,8,21,0.9302876994121514,0.2832809631534823,0.9355308586300108,0.08219043029884437,11.382479142990503,0.6578947368421053,0.9301594310976103,-0.04082445820590963,0.20893549919128418
IWM,1h,7,0.4,1.0,9,21,0.9056437373681406,0.109440654210061,0.9293063136270122,0.07140702271468412,13.014214544977941,0.6578947368421053,0.9475478422247292,-0.04501986083707943,0.21543192863464355
IWM,1h,7,0.4,1.0,10,30,0.7938618842282382,0.10153831761160204,0.8043906615867945,0.06396595027710983,12.575294482487273,0.42105263157894735,0.7297641913070443,-0.010934642539595418,0.19562315940856934
IWM,1h,7,0.4,1.0,12,26,0.8440109644518053,0.17955758381992615,0.8137053822410815,0.06771216472042196,12.017122559894592,0.4868421052631579,0.8410604686149032,-0.04105263338521914,0.1939387321472168
IWM,1h,7,0.4,1.0,20,50,0.6461168903171692,0.3064691802804218,0.6447598515393793,0.0791061840763389,8.150561919624064,0.10526315789473684,0.13685219749972136,-0.0021159758422070185,0.17817974090576172
IWM,1h,7,0.55,0.0,8,21,0.02092487691635581,-0.008410558486726227,-0.05652621976559853,0.31989747044525185,-0.17670105264327993,0.21052631578947367,-0.11880442397674354,-0.0242651195865482,0.20772171020507812
IWM,1h,7,0.55,0.0,9,21,0.020847565011491476,-0.007304574078177084,0.01668950985012716,0.29283375934024386,0.05699312090152694,0.19736842105263158,-0.16499906525960953,-0.04860464669480835,0.2083296775817871
IWM,1h,7,0.55,0.0,10,30,0.09191034983872763,0.07153538105489377,0.07196559162853491,0.3242157206497338,0.2219682361000714,0.11842105263157894,-0.0035655907086195094,-0.03296095582520053,0.19480562210083008
IWM,1h,7,0.55,0.0,12,26,0.042959440037027403,0.017847828059153192,0.0029469360226260207,0.3335668272882162,0.008834619577083246,0.11842105263157894,-0.12060918820517691,-0.03296095582520053,0.19567155838012695
IWM,1h,7,0.55,0.0,20,50,0.16474822103785686,0.1640380790703737,0.07469128431452897,0.306881932584262,0.2433876888272679,0.039473684210526314,0.005150870820612109,-0.0021159758422070185,0.18304133415222168
IWM,1h,7,0.55,0.25,8,21,0.3427735571170997,0.07499998414493025,0.3422869380519489,0.046385441786634535,7.379188919368558,0.7763157894736842,1.054366045950054,-0.027336051349867052,0.20078444480895996
IWM,1h,7,0.55,0.25,9,21,0.33453965891028375,0.08304243985043858,0.3507618471248777,0.04244724486352696,8.263477364729313,0.7763157894736842,1.0733304005961848,-0.03159045183403464,0.20305228233337402
IWM,1h,7,0.55,0.25,10,30,0.29498372279733215,0.1907277449762077,0.3020042756195556,0.05251742178444831,5.7505541086745895,0.4868421052631579,0.8247517608274971,-0.010934642539595418,0.19303321838378906
IWM,1h,7,0.55,0.25,12,26,0.3105908569306871,0.11563448163761025,0.3038834960919806,0.06512652930119774,4.666047758918299,0.5394736842105263,0.8736974289598685,-0.026449421401780415,0.19433093070983887
IWM,1h,7,0.55,0.25,20,50,0.25672932018802924,0.3162419112330819,0.2400775210365432,0.04887612208661069,4.911959271464193,0.11842105263157894,0.1633728063802551,-0.0021159758422070185,0.18887877464294434
IWM,1h,7,0.55,0.5,8,21,0.6052019060061545,0.11553828778994757,0.6047127721735255,0.05193047370445584,11.644661198644886,0.7763157894736842,1.1341199606531998,-0.03215433387970601,0.1927952766418457
IWM,1h,7,0.55,0.5,9,21,0.5898587842168329,0.13153926804458682,0.6062831814029525,0.04948108475060767,12.25282720576385,0.7763157894736842,1.1549925715698404,-0.035753189225534165,0.19463491439819336
IWM,1h,7,0.55,0.5,10,30,0.5081884135617458,0.26585917701261375,0.5187833178160569,0.0509925024167558,10.173717570793077,0.4868421052631579,0.8443709722044919,-0.010934642539595418,0.19755244255065918
IWM,1h,7,0.55,0.5,12,26,0.5438636928753315,0.16922422642328327,0.5268619072712456,0.06361172173192438,8.282465761445238,0.5394736842105263,0.9003424868050499,-0.03198966426803285,0.19144988059997559
IWM,1h,7,0.55,0.5,20,50,0.4237438290963332,0.420219591177619,0.4105049836792546,0.051050438822825325,8.041164643147248,0.11842105263157894,0.16331864428271475,-0.0021159758422070185,0.1747281551361084
IWM,1h,7,0.55,0.75,8,21,0.8109310538547473,0.12241117471609675,0.8091858701297567,0.06284764634365908,12.875356790690672,0.7763157894736842,1.1943957529074518,-0.04359317905358262,0.1874096393585205
IWM,1h,7,0.55,0.75,9,21,0.7899899380828023,0.14649190206938,0.8064389529919811,0.06040763130991101,13.34995157904279,0.7763157894736842,1.2156227924901837,-0.04295829587926403,0.1963798999786377
IWM,1h,7,0.55,0.75,10,30,0.6765618422678209,0.3040685897260915,0.6901127599404263,0.05749968999728213,12.002025749583106,0.4868421052631579,0.8591655105815537,-0.014539924257142234,0.19133782386779785
IWM,1h,7,0.55,0.75,12,26,0.7270997169172163,0.1868760467453221,0.7012319658009258,0.0687598565120997,10.198275583625305,0.5394736842105263,0.9189550448256512,-0.04334617463607293,0.19454574584960938
IWM,1h,7,0.55,0.75,20,50,0.5580488745347059,0.48336631757218207,0.5464123669057706,0.06179523684961015,8.842305568559654,0.11842105263157894,0.16327986572991962,-0.0021159758422070185,0.16789555549621582
IWM,1h,7,0.55,1.0,8,21,0.9743632493258162,0.10342692838284773,0.9713178923282098,0.07304346909115735,13.297806147679227,0.7763157894736842,1.2417010966982305,-0.05503202422745945,0.19309735298156738
IWM,1h,7,0.55,1.0,9,21,0.948953291296068,0.13507790627103322,0.9653253041000086,0.07054972184446272,13.682907300870879,0.7763157894736842,1.262874476783633,-0.05418551332836796,0.2108778953552246
IWM,1h,7,0.55,1.0,10,30,0.8105262018739573,0.31183400264217553,0.8264589102462534,0.06455200712231335,12.802993231182981,0.4868421052631579,0.8707721502306898,-0.019219899009523256,0.20389962196350098
IWM,1h,7,0.55,1.0,12,26,0.8727156961664895,0.17592272219240268,0.8395735485307358,0.07441733993302382,11.281961291365137,0.5394736842105263,0.9332441455650592,-0.05470268500411313,0.19608044624328613
IWM,1h,7,0.55,1.0,20,50,0.6654053372867309,0.5123566903630428,0.6548812157492732,0.07197516421793897,9.098710963219334,0.11842105263157894,0.16325073200137438,-0.0021159758422070185,0.17609190940856934
IWM,1h,7,0.7,0.0,8,21,0.1172667379644312,0.10731300176586411,-0.046560624170901135,0.3084401310289082,-0.15095514327393827,0.19736842105263158,-0.18909327380090152,-0.04121787153362777,0.19587278366088867
IWM,1h,7,0.7,0.0,9,21,-0.016866017492559005,-0.053858665145653184,0.03497669496334165,0.3029230937343518,0.11546394344570653,0.19736842105263158,-0.19881597174304955,-0.04683812543588817,0.1938624382019043
IWM,1h,7,0.7,0.0,10,30,0.060148429526334264,0.03688960662172702,0.058052877198349985,0.333022457156983,0.1743212085273412,0.11842105263157894,-0.0035655907086195094,-0.03296095582520053,0.194840669631958
IWM,1h,7,0.7,0.0,12,26,0.09208724315864378,0.07213151552099539,0.054275293713523375,0.28577967031334556,0.18992006553164809,0.11842105263157894,-0.12413985067330031,-0.03296095582520053,0.19733023643493652
IWM,1h,7,0.7,0.0,20,50,0.19649028601838092,0.20186754777218097,0.0956432693525914,0.3107791846172487,0.30775313819805633,0.039473684210526314,0.005150870820612109,-0.0021159758422070185,0.18755435943603516
IWM,1h,7,0.7,0.25,8,21,0.3639661665504123,0.23404193479931634,0.3580583527744096,0.04407951613291195,8.123010055164047,0.7763157894736842,1.0509622674633432,-0.05203214273042989,0.2051699161529541
IWM,1h,7,0.7,0.25,9,21,0.3473733356512034,0.020688674496417203,0.3634637743844739,0.047645004940611344,7.628580893999803,0.7763157894736842,1.0789332331829553,-0.03159045183403464,0.20871663093566895
IWM,1h,7,0.7,0.25,10,30,0.3064746471984542,0.1450870816527723,0.3043842756989712,0.048496915842217984,6.276363566897088,0.4868421052631579,0.8247517608274971,-0.010934642539595418,0.1958448886871338
IWM,1h,7,0.7,0.25,12,26,0.32324462724086445,0.19101175076830823,0.31391299149690594,0.05821829737676013,5.3919988326937105,0.5394736842105263,0.8931499609684374,-0.026449421401780415,0.18272900581359863
IWM,1h,7,0.7,0.25,20,50,0.2659390507694556,0.37069443849927364,0.24615204819330755,0.047942896362973816,5.134275708536671,0.11842105263157894,0.1633728063802551,-0.0021159758422070185,0.18535423278808594
IWM,1h,7,0.7,0.5,8,21,0.6326197038190926,0.3164281653782248,0.627941708488423,0.04586675634049575,13.690562808210036,0.7763157894736842,1.1378400712991894,-0.06280148269803554,0.19672226905822754
IWM,1h,7,0.7,0.5,9,21,0.6183390671844039,0.054740761154358664,0.6282497010029464,0.049666202331899334,12.649441098890657,0.7763157894736842,1.1640930486425949,-0.035753189225534165,0.20016717910766602
IWM,1h,7,0.7,0.5,10,30,0.5344163692434094,0.21070823608855527,0.5298117969936973,0.049352818086876894,10.735188334353218,0.4868421052631579,0.8443709722044919,-0.010934642539595418,0.19005274772644043
IWM,1h,7,0.7,0.5,12,26,0.5608858513507243,0.2653119645448556,0.5432105109692713,0.06033797683132488,9.002796240381395,0.5394736842105263,0.9198581324340436,-0.03198966426803285,0.1951916217803955
IWM,1h,7,0.7,0.5,20,50,0.4357887859459966,0.49200673808592454,0.4194235409959596,0.04623861798360995,9.070849417355666,0.11842105263157894,0.16331864428271475,-0.0021159758422070185,0.1848430633544922
IWM,1h,7,0.7,0.75,8,21,0.8447541469634688,0.3616559719102199,0.8383885869115482,0.05533063648634255,15.152339466011574,0.7763157894736842,1.2035724987992207,-0.07352589143644572,0.1998124122619629
IWM,1h,7,0.7,0.75,9,21,0.8301246342712186,0.05728522637974076,0.835853237406907,0.059948121068362836,13.942943039928272,0.7763157894736842,1.227705489169285,-0.04295829587926403,0.20284700393676758
IWM,1h,7,0.7,0.75,10,30,0.7137987986057912,0.24143881480899432,0.7076724122082141,0.05794913889596216,12.211957342087857,0.4868421052631579,0.8591655105815537,-0.014539924257142234,0.20634198188781738
IWM,1h,7,0.7,0.75,12,26,0.7483379653044976,0.3022311432057463,0.7234520078137191,0.06712939017036357,10.776978697076117,0.5394736842105263,0.9388672599507671,-0.04334617463607293,0.2156846523284912
IWM,1h,7,0.7,0.75,20,50,0.5728305072526917,0.5724165932980954,0.5578857659830703,0.053464808964655386,10.434634983019922,0.11842105263157894,0.16327986572991962,-0.0021159758422070185,0.17291545867919922
IWM,1h,7,0.7,1.0,8,21,1.0135832800511644,0.3761837573513209,1.0052647084780704,0.06501522230830858,15.461989866173282,0.7763157894736842,1.255157660391734,-0.08420536894565944,0.18964815139770508
IWM,1h,7,0.7,1.0,9,21,0.9982389377047306,0.03586953044536467,1.0006983061856305,0.07050358973508036,14.19357950348044,0.7763157894736842,1.2773872131192567,-0.05418551332836796,0.20632195472717285
IWM,1h,7,0.7,1.0,10,30,0.8564022984653961,0.24401768265716317,0.8491821664328063,0.06649284183826457,12.771031331437669,0.4868421052631579,0.8707721502306898,-0.019219899009523256,0.17979097366333008
IWM,1h,7,0.7,1.0,12,26,0.8974620146230808,0.3083444130077826,0.8666662328458408,0.07368180917460378,11.762282204446173,0.5394736842105263,0.9535044284260734,-0.05470268500411313,0.19459104537963867
IWM,1h,7,0.7,1.0,20,50,0.6824543431290522,0.6179675120831465,0.6684387390479183,0.06094418251681148,10.968048326245563,0.11842105263157894,0.16325073200137438,-0.0021159758422070185,0.18256115913391113
IWM,1h,7,0.85,0.0,8,21,0.09573656140039843,0.08170522173405681,-0.040598804489551624,0.28850938432685075,-0.14071918174958722,0.3026315789473684,-0.29529204401745673,-0.0593646809916889,0.2019517421722412
IWM,1h,7,0.85,0.0,9,21,-0.0017905103974000588,-0.03708654696706226,-0.021844411056652392,0.32128257833496326,-0.06799127163962751,0.3026315789473684,-0.30281053671575114,-0.0593646809916889,0.1950671672821045
IWM,1h,7,0.85,0.0,10,30,0.08711797626629188,0.06953062997377724,0.06841756239933432,0.29363219839148014,0.23300429167552586,0.17105263157894737,-0.09864302132113839,-0.05871497765676015,0.1800234317779541
IWM,1h,7,0.85,0.0,12,26,-0.012446148862391405,-0.04321930155500464,0.09882069118132723,0.2443379120007717,0.4044427259451048,0.21052631578947367,-0.09941971661958321,-0.05871497765676015,0.18184375762939453
IWM,1h,7,0.85,0.0,20,50,0.10419051409377877,0.08784331454623895,0.04367001164017993,0.29779440468226587,0.146644836012866,0.039473684210526314,0.022795522269304296,-0.015781549597613354,0.16892004013061523
IWM,1h,7,0.85,0.25,8,21,0.37582100101805044,0.19847118121396923,0.38190709721344585,0.043865561738428815,8.706308139646431,0.8026315789473685,1.0279288495723355,-0.049369088742855505,0.19656085968017578
IWM,1h,7,0.85,0.25,9,21,0.37154731013724795,0.03657151046237539,0.3821207167657899,0.04490313453365413,8.509889581971096,0.8026315789473685,1.0632049279248903,-0.03599373016153595,0.1925973892211914
IWM,1h,7,0.85,0.25,10,30,0.3210667781901295,0.19145013607859185,0.31281268980207777,0.045781667770556755,6.832706300036864,0.5263157894736842,0.7214130112166713,-0.026543299468448245,0.18097162246704102
IWM,1h,7,0.85,0.25,12,26,0.32678568732679836,0.035337593694300784,0.32622158156838543,0.049977930821225376,6.527312679976754,0.5789473684210527,0.8328606326508724,-0.026543299468448245,0.18426799774169922
IWM,1h,7,0.85,0.25,20,50,0.2644124747111827,0.20972914210612092,0.24934880685014468,0.044388648315731104,5.6174003109208615,0.14473684210526316,0.27042627445256234,-0.00590144198506537,0.18395400047302246
IWM,1h,7,0.85,0.5,8,21,0.6573518870784258,0.27130844046651426,0.671543090832782,0.04977290552443941,13.492141633223362,0.8026315789473685,1.1333683407077466,-0.05963364549087102,0.18773174285888672
IWM,1h,7,0.85,0.5,9,21,0.6604640548492273,0.06885503619600053,0.669858254165778,0.05148760930608923,13.010086566333479,0.8026315789473685,1.1655305901482313,-0.03690622643442021,0.189253568649292
IWM,1h,7,0.85,0.5,10,30,0.5575396216308862,0.271015817607011,0.5465502756566546,0.047658553473969356,11.468041638216635,0.5263157894736842,0.767193361756646,-0.028251413523753155,0.18103551864624023
IWM,1h,7,0.85,0.5,12,26,0.5807631573795085,0.07230555765515878,0.5637863641356529,0.052206601050817494,10.799139434242571,0.5789473684210527,0.8843843179887034,-0.03020705274888491,0.18576550483703613
IWM,1h,7,0.85,0.5,20,50,0.44930916337984267,0.28379987019651454,0.43374541808453637,0.04166217304271917,10.411012830266595,0.14473684210526316,0.2709517686998333,-0.00590144198506537,0.17397785186767578
IWM,1h,7,0.85,0.75,8,21,0.8792615506748352,0.30789229238398663,0.8976515903633853,0.06400000946478544,14.025804025189991,0.8026315789473685,1.2121208540663,-0.06986247277833313,0.19600605964660645
IWM,1h,7,0.85,0.75,9,21,0.8866320179848857,0.06912224462781258,0.8946331993386354,0.0666136500542762,13.430178328461153,0.8026315789473685,1.2416999230052883,-0.046424698374341045,0.19014692306518555
IWM,1h,7,0.85,0.75,10,30,0.7440587772056065,0.31525627983725024,0.7308088066232726,0.05486778111341888,13.31945254196803,0.5263157894736842,0.8010122819455027,-0.029959527579058176,0.19037222862243652
IWM,1h,7,0.85,0.75,12,26,0.7792903577988527,0.07672661093508348,0.7513611631852609,0.05825359380421447,12.898108324621548,0.5789473684210527,0.9227610330738111,-0.03639992703919448,0.18867111206054688
IWM,1h,7,0.85,0.75,20,50,0.5960246988415783,0.31890715745085463,0.5797071490333314,0.047594500180479705,12.180128940004945,0.14473684210526316,0.2710877518173042,-0.00590144198506537,0.1828005313873291
IWM,1h,7,0.85,1.0,8,21,1.05581052152085,0.31499633808222605,1.077038457613339,0.07748565985906511,13.899842365313939,0.8026315789473685,1.2736690716054853,-0.08005557060524182,0.20951581001281738
IWM,1h,7,0.85,1.0,9,21,1.066263967905624,0.045201383257166716,1.0729875654381247,0.08081285587890719,13.277436538635968,0.8026315789473685,1.3011189701707997,-0.0559086188732032,0.20094943046569824
IWM,1h,7,0.85,1.0,10,30,0.8924092259700325,0.3304141569828023,0.8773682409053226,0.06185577626656081,14.18409555033953,0.5263157894736842,0.8273677214330268,-0.031667641634363086,0.1875607967376709
IWM,1h,7,0.85,1.0,12,26,0.9368542997982768,0.05624903778544943,0.9005939599139794,0.06408308441947244,14.053536406252048,0.5789473684210527,0.9527089266818565,-0.042574242683882435,0.18969273567199707
IWM,1h,7,0.85,1.0,20,50,0.7128984886731446,0.32274831688733796,0.6959572821129827,0.054152102179014325,12.851897786207983,0.14473684210526316,0.2711387350267961,-0.00590144198506537,0.1784372329711914
IWM,1h,7,1.0,0.0,8,21,-0.02667572639508317,-0.0634479482324426,-0.07908561848680282,0.27557444668476355,-0.28698458597386145,0.27631578947368424,-0.36237508909383737,-0.0593646809916889,0.20369577407836914
IWM,1h,7,1.0,0.0,9,21,-0.014412962760029438,-0.04953116106135347,-0.045178217864569895,0.2576506580908327,-0.17534679786706647,0.2894736842105263,-0.3601217366608052,-0.0593646809916889,0.20789742469787598
IWM,1h,7,1.0,0.0,10,30,0.1385019927403712,0.13319637657079797,0.09005718074161236,0.2207276248389801,0.4080014035728818,0.17105263157894737,-0.12616147584905776,-0.05871497765676015,0.19733023643493652
IWM,1h,7,1.0,0.0,12,26,0.10714354699104507,0.09369909205771276,0.06123552954320781,0.22311271456877765,0.2744600623122762,0.21052631578947367,-0.08833126194080822,-0.05871497765676015,0.1952660083770752
IWM,1h,7,1.0,0.0,20,50,0.12927593614665933,0.118181643090298,0.031649992099739774,0.2605560114288968,0.12147097250288064,0.039473684210526314,0.022795522269304296,-0.015781549597613354,0.18651938438415527
IWM,1h,7,1.0,0.25,8,21,0.38414055009960824,0.0008830199838869568,0.39121922175084944,0.04000432221433397,9.779423824625416,0.8026315789473685,1.002313249441599,-0.04892406271568339,0.21256446838378906
IWM,1h,7,1.0,0.25,9,21,0.3845012863813673,0.01971573001365967,0.3921098605088329,0.04025892100581621,9.73970118206061,0.8026315789473685,0.9490673049310356,-0.05457129263548177,0.20154523849487305
IWM,1h,7,1.0,0.25,10,30,0.3338215372615376,0.28078415702392867,0.32865098321465736,0.043015311630837515,7.640325520251461,0.5263157894736842,0.7204358840230034,-0.022950476146534782,0.19085931777954102
IWM,1h,7,1.0,0.25,12,26,0.3392615018591689,0.2248164009274385,0.3336060467141767,0.04567164231082846,7.304446037734904,0.5789473684210527,0.8422985487429343,-0.022950476146534782,0.19102072715759277
IWM,1h,7,1.0,0.25,20,50,0.26781981999324067,0.25171607362401494,0.2506762073846628,0.04128783447716179,6.071430254433019,0.14473684210526316,0.27042627445256234,-0.00590144198506537,0.1812272071838379
IWM,1h,7,1.0,0.5,8,21,0.6866283606480099,0.02405878373181336,0.6947055934012968,0.04672439698362413,14.868155358854086,0.8026315789473685,1.1237653465765294,-0.058751285104422735,0.20245814323425293
IWM,1h,7,1.0,0.5,9,21,0.6852312980635104,0.047476764723731746,0.6917346818134056,0.049461611421399695,13.985283979529319,0.8026315789473685,1.0673290985619763,-0.06434016365381323,0.20514512062072754
IWM,1h,7,1.0,0.5,10,30,0.5744069223865553,0.38626070951634084,0.5690250337987882,0.0474850268627077,11.98325180364742,0.5263157894736842,0.7691276561750545,-0.02394031299206789,0.20394468307495117
IWM,1h,7,1.0,0.5,12,26,0.5885895954625626,0.3133574212678232,0.5825970303668133,0.051031106649770216,11.41650786382538,0.5789473684210527,0.8962649619736753,-0.026830739268879356,0.18689584732055664
IWM,1h,7,1.0,0.5,20,50,0.4514851678895857,0.3370501288296748,0.4393510982286254,0.03749727693535183,11.716880108016918,0.14473684210526316,0.2709517686998333,-0.00590144198506537,0.1804499626159668
IWM,1h,7,1.0,0.75,8,21,0.9231213233748945,0.016128627542923546,0.9309690127819354,0.0596544663324073,15.606023656206716,0.8026315789473685,1.21419266415939,-0.06855046970050316,0.1913738250732422
IWM,1h,7,1.0,0.75,9,21,0.9205146977761469,0.043581046328158735,0.9254551951659513,0.063175161868991,14.649035598596594,0.8026315789473685,1.1573364572873042,-0.07408116336026449,0.1973888874053955
IWM,1h,7,1.0,0.75,10,30,0.765004381525129,0.45547364381876454,0.7587921644485353,0.05591740539508925,13.56987433675121,0.5263157894736842,0.8051568186385603,-0.024930149837601334,0.19141411781311035
IWM,1h,7,1.0,0.75,12,26,0.7854651077073476,0.3659215470857491,0.7785304389989471,0.059287104617272136,13.131530777641274,0.5789473684210527,0.9364742951390089,-0.03134754712166654,0.17961740493774414
IWM,1h,7,1.0,0.75,20,50,0.5977632630326227,0.3824869704181242,0.588207935270362,0.04075249554176881,14.43366663686853,0.14473684210526316,0.2710877518173042,-0.00590144198506537,0.17081880569458008
IWM,1h,7,1.0,1.0,8,21,1.1109112355030877,-0.01465671731113194,1.1183010825217128,0.07172102919093007,15.592373605580308,0.8026315789473685,1.2847593832459914,-0.0783216165039261,0.18570947647094727
IWM,1h,7,1.0,1.0,9,21,1.107371625587086,0.016149679073818035,1.110854813112129,0.07567943613208974,14.67842349106909,0.8026315789473685,1.2280921573041301,-0.0837942917548341,0.2001805305480957
IWM,1h,7,1.0,1.0,10,30,0.9167679504472519,0.49378247098564554,0.9097584101308076,0.06389310193303444,14.238757903541982,0.5263157894736842,0.833212993167107,-0.027100527456994317,0.18099355697631836
IWM,1h,7,1.0,1.0,12,26,0.9421111618973675,0.3884568268577895,0.9342870616549546,0.06684413018453815,13.977099545998227,0.5789473684210527,0.9677658796795496,-0.03585385653048545,0.184309720993042
IWM,1h,7,1.0,1.0,20,50,0.7143928320716112,0.3953619606067116,0.7066552529807828,0.0450008789053964,15.70314336451865,0.14473684210526316,0.2711387350267961,-0.00590144198506537,0.1790778636932373
IWM,1h,10,0.0,0.0,8,21,0.3412906489385718,0.4088429341956048,-0.008382699273986775,0.28700862775836666,-0.02920713338640186,0.21052631578947367,-0.1883429421795906,-0.048835796531455755,0.1903553009033203
IWM,1h,10,0.0,0.0,9,21,-0.0704676793579569,-0.10236722660905828,0.012791460005829109,0.2898631499561957,0.044129307253309574,0.23684210526315788,-0.1228385934222163,-0.048835796531455755,0.19397258758544922
IWM,1h,10,0.0,0.0,10,30,0.2134065237358452,0.22957586645659922,0.006758987749490538,0.39696149093492833,0.017026809662498223,0.09210526315789473,0.024813167761901855,-0.02582146375659189,0.1837906837463379
IWM,1h,10,0.0,0.0,12,26,0.1151626478690581,0.10150739616996396,0.001045712824342651,0.362084852888335,0.002888032503986416,0.13157894736842105,-0.02125934610476248,-0.02582146375659189,0.18558359146118164
IWM,1h,10,0.0,0.0,20,50,0.11169578509438247,0.09703783142540656,0.10294317902195224,0.31325462877816856,0.32862460619808276,0.02631578947368421,-0.036596452938082544,-0.007122688556046364,0.17020797729492188
IWM,1h,10,0.0,0.25,8,21,0.28655743464697486,0.333758832167125,0.2946773457197226,0.05557477135249474,5.302358220255541,0.5921052631578947,0.6435460384086675,-0.03781436786330572,0.19426631927490234
IWM,1h,10,0.0,0.25,9,21,0.2349410725644959,-0.22976157676956033,0.28235379028441027,0.05269661044776859,5.358101553121172,0.5789473684210527,0.6393537328416828,-0.031009596879570722,0.1927487850189209
IWM,1h,10,0.0,0.25,10,30,0.27651423196943786,0.4149869040943863,0.2572248911271909,0.052913809152160846,4.8612053308713,0.34210526315789475,0.5374036991743585,-0.02582146375659189,0.19201016426086426
IWM,1h,10,0.0,0.25,12,26,0.26204403240956176,0.2305951750811277,0.26151213375580795,0.04702623418821868,5.560983954384417,0.4473684210526316,0.6910342146560869,-0.02582146375659189,0.18765497207641602
IWM,1h,10,0.0,0.25,20,50,0.23009388506502051,0.22327518563650273,0.24098320915613672,0.061514313910060375,3.9175143773606336,0.07894736842105263,0.0687931755254783,-0.007122688556046364,0.1770493984222412
IWM,1h,10,0.0,0.5,8,21,0.47129787526045674,0.2593740715869266,0.5049170218177619,0.06044999461227474,8.352639649619347,0.5921052631578947,0.6974772720318818,-0.04377445609536923,0.18956208229064941
IWM,1h,10,0.0,0.5,9,21,0.43924246426127905,-0.34090703613848816,0.4832412425506158,0.05316297349182059,9.089808391266246,0.5789473684210527,0.6855685671595392,-0.037011836058507,0.20119690895080566
IWM,1h,10,0.0,0.5,10,30,0.4513676534508897,0.5584229606150259,0.43634207200437947,0.05759078395213399,7.576595456089656,0.34210526315789475,0.5414710779686285,-0.02582146375659189,0.18971633911132812
IWM,1h,10,0.0,0.5,12,26,0.44193270929708023,0.312661626664406,0.44670868359371096,0.051333216739289665,8.702136978137334,0.4473684210526316,0.703972260454011,-0.028431665968865816,0.18073105812072754
IWM,1h,10,0.0,0.5,20,50,0.38167251128458674,0.30085419757104614,0.38621116205185296,0.06168958822342678,6.260556654278141,0.07894736842105263,0.06877229551348796,-0.007122688556046364,0.1710071563720703
IWM,1h,10,0.0,0.75,8,21,0.6227759898183661,0.18605710390281116,0.6691728805357828,0.06794476029359893,9.84877829643069,0.5921052631578947,0.7364434481993345,-0.04973454432743296,0.18258166313171387
IWM,1h,10,0.0,0.75,9,21,0.5978606426032157,-0.43758792726044904,0.6405642530442135,0.05922032838071407,10.81662784654234,0.5789473684210527,0.7191130144036871,-0.043014075237443494,0.1952660083770752
IWM,1h,10,0.0,0.75,10,30,0.592569204839675,0.6637648567447729,0.5774684823654688,0.06936546440469436,8.325014289479595,0.34210526315789475,0.5442290228751201,-0.02582146375659189,0.2041301727294922
IWM,1h,10,0.0,0.75,12,26,0.5850050250393243,0.3551892472867313,0.5923289935925194,0.060730250043032875,9.753442364765514,0.4473684210526316,0.712521481372474,-0.03126147102181931,0.19818377494812012
IWM,1h,10,0.0,0.75,20,50,0.5028223820983275,0.3381602964903354,0.5032145637194685,0.07116076082717958,7.0715174749405945,0.07894736842105263,0.06875733244397526,-0.007122688556046364,0.1746501922607422
IWM,1h,10,0.0,1.0,8,21,0.7445510406495921,0.11413803256394894,0.7994383784438065,0.07479288274414347,10.688695890738416,0.5921052631578947,0.7666862461764863,-0.05569463255949658,0.18024086952209473
IWM,1h,10,0.0,1.0,9,21,0.7236348293716556,-0.5214370390071462,0.7654115067150122,0.06558330828033829,11.670827940597817,0.5789473684210527,0.745166881965927,-0.04901631441637999,0.1794440746307373
IWM,1h,10,0.0,1.0,10,30,0.7055550613963717,0.7348915126171853,0.689673566021545,0.08003226441043712,8.617444115845904,0.34210526315789475,0.5463325350590565,-0.02582146375659189,0.18411970138549805
IWM,1h,10,0.0,1.0,12,26,0.6990705832510649,0.36500960319755826,0.7080484285826245,0.06917523809583222,10.235576314196802,0.4473684210526316,0.7189781270541072,-0.034091276074772914,0.18089723587036133
IWM,1h,10,0.0,1.0,20,50,0.5995393506534957,0.3426660841672746,0.5967839454305757,0.08103833709963218,7.364217564050736,0.07894736842105263,0.06874608352086654,-0.007122688556046364,0.16977763175964355
IWM,1h,10,0.1,0.0,8,21,0.31803329769894234,0.37441524338722965,0.00990525709339278,0.293798726116045,0.03371443172793196,0.21052631578947367,-0.20620009648403376,-0.048835796531455755,0.18583416938781738
IWM,1h,10,0.1,0.0,9,21,-0.13264020093665982,-0.16131099127010884,0.040648441070514754,0.24900238000115335,0.16324519095089163,0.25,-0.09446543377540365,-0.048835796531455755,0.1903386116027832
IWM,1h,10,0.1,0.0,10,30,0.17628971177230846,0.17847536747746817,0.026252429832965756,0.34669274449101106,0.07572246679551271,0.09210526315789473,0.024813167761901855,-0.02582146375659189,0.18079710006713867
IWM,1h,10,0.1,0.0,12,26,-0.004246196560522638,-0.03325777780944805,-0.013365452304528453,0.31189404977089513,-0.04285254019544835,0.13157894736842105,-0.02125934610476248,-0.02582146375659189,0.18092083930969238
IWM,1h,10,0.1,0.0,20,50,0.17932347116919348,0.1846172569361335,0.07757235065829653,0.29897407469990683,0.25946179693392896,0.02631578947368421,-0.036596452938082544,-0.007122688556046364,0.19054532051086426
IWM,1h,10,0.1,0.25,8,21,0.2877372128587197,0.2932337914640626,0.30303158462768,0.04749909862921774,6.3797333712197775,0.618421052631579,0.7178450110755427,-0.03781436786330572,0.2023308277130127
IWM,1h,10,0.1,0.25,9,21,0.23921738657440697,-0.29291445364663293,0.2960319448953529,0.05468931949212465,5.4129754702466535,0.618421052631579,0.7737403417125946,-0.031009596879570722,0.20214223861694336
IWM,1h,10,0.1,0.25,10,30,0.2749470000645969,0.3418633370345727,0.26649922568404677,0.05357023364955375,4.974763175897904,0.34210526315789475,0.5374036991743585,-0.02582146375659189,0.1878664493560791
IWM,1h,10,0.1,0.25,12,26,0.25741772813223746,0.044594022639841135,0.266417938173802,0.047005874510495226,5.667758358890176,0.4473684210526316,0.6910342146560869,-0.02582146375659189,0.20502448081970215
IWM,1h,10,0.1,0.25,20,50,0.24381622855813012,0.3482897793952775,0.24585290736455145,0.06050707399767924,4.063209326135671,0.07894736842105263,0.0687931755254783,-0.007122688556046364,0.17128348350524902
IWM,1h,10,0.1,0.5,8,21,0.4774618177728817,0.21370256048709235,0.517668916490621,0.05520943002109447,9.376458266148184,0.618421052631579,0.7724582336252891,-0.04377445609536923,0.20470046997070312
IWM,1h,10,0.1,0.5,9,21,0.4552227149115299,-0.4056825035715004,0.5011425846237423,0.05578178275367877,8.983982940034169,0.618421052631579,0.8203193655678349,-0.037011836058507,0.1935567855834961
IWM,1h,10,0.1,0.5,10,30,0.45590758649116564,0.46226899152406364,0.45207893640747476,0.05596933655032112,8.077260948073201,0.34210526315789475,0.5414710779686285,-0.02582146375659189,0.1874539852142334
IWM,1h,10,0.1,0.5,12,26,0.4530109374680784,0.07734727815520492,0.4584437758801503,0.0512625558460787,8.943053429810965,0.4473684210526316,0.703972260454011,-0.028431665968865816,0.19255900382995605
IWM,1h,10,0.1,0.5,20,50,0.3936836171722817,0.46431813329770777,0.3970047920983334,0.06419579236291012,6.1842805811009445,0.07894736842105263,0.06877229551348796,-0.007122688556046364,0.17623305320739746
IWM,1h,10,0.1,0.75,8,21,0.6323002718943006,0.1361491126610408,0.6857347012443482,0.06468323069655571,10.601429363683014,0.618421052631579,0.8116438523348134,-0.04973454432743296,0.2039813995361328
IWM,1h,10,0.1,0.75,9,21,0.6218703587933839,-0.50200032604828,0.6620988474839863,0.06092991403388467,10.86656460922916,0.618421052631579,0.8537471749799188,-0.043014075237443494,0.20123505592346191
IWM,1h,10,0.1,0.75,10,30,0.6010486757775034,0.5445913228787147,0.598437356564437,0.0647546756399177,9.241608434457715,0.34210526315789475,0.5442290228751201,-0.02582146375659189,0.1777970790863037
IWM,1h,10,0.1,0.75,12,26,0.6058600747494832,0.07505648481593408,0.6090193526610528,0.060036668150720854,10.144123107100512,0.4473684210526316,0.712521481372474,-0.03126147102181931,0.18430471420288086
IWM,1h,10,0.1,0.75,20,50,0.5151840412823656,0.5392808441474692,0.5176351054914338,0.07388564089227209,7.0058958579809065,0.07894736842105263,0.06875733244397526,-0.007122688556046364,0.16916275024414062
IWM,1h,10,0.1,1.0,8,21,0.7566284738922852,0.06085599448819967,0.8190967897750034,0.07295021572421476,11.22816131033203,0.618421052631579,0.841995517526453,-0.05569463255949658,0.1940019130706787
IWM,1h,10,0.1,1.0,9,21,0.7537910019905553,-0.5840027423778414,0.7898695355348344,0.06630127630029685,11.913338318817521,0.618421052631579,0.8795791832812616,-0.04901631441637999,0.1932826042175293
IWM,1h,10,0.1,1.0,10,30,0.7169892036567432,0.5935495751679234,0.7148244061777459,0.07305343366618847,9.784952880436476,0.34210526315789475,0.5463325350590565,-0.02582146375659189,0.19036173820495605
IWM,1h,10,0.1,1.0,12,26,0.7271790789555831,0.046283427958443646,0.7285855700559035,0.06820288116411273,10.682621578738724,0.4473684210526316,0.7189781270541072,-0.034091276074772914,0.1886763572692871
IWM,1h,10,0.1,1.0,20,50,0.6125171917374334,0.5792340312114681,0.6138376823112258,0.08343015904744897,7.357503441436806,0.07894736842105263,0.06874608352086654,-0.007122688556046364,0.169752836227417
IWM,1h,10,0.25,0.0,8,21,0.3013351700066296,0.3501773501500103,0.0036419126372624288,0.30643985316396927,0.01188459203220451,0.21052631578947367,-0.20620009648403376,-0.048835796531455755,0.1940608024597168
IWM,1h,10,0.25,0.0,9,21,-0.1339991861315876,-0.1665215797382117,0.06679634675371343,0.2432926651686457,0.27455142023049284,0.25,-0.09446543377540365,-0.048835796531455755,0.1945652961730957
IWM,1h,10,0.25,0.0,10,30,0.13980613580309958,0.13197411991975638,0.029592650382550007,0.2801827171147993,0.10561911415265848,0.09210526315789473,0.024813167761901855,-0.02582146375659189,0.17661643028259277
IWM,1h,10,0.25,0.0,12,26,-0.018401695647730684,-0.049087869140094664,-0.014358976516201693,0.34066634973849286,-0.04214967673568033,0.13157894736842105,-0.02125934610476248,-0.02582146375659189,0.19171762466430664
IWM,1h,10,0.25,0.0,20,50,0.1590752652815796,0.157216219911825,0.09034797262587403,0.3327622848262618,0.2715090523947013,0.02631578947368421,-0.036596452938082544,-0.007122688556046364,0.1899857521057129
IWM,1h,10,0.25,0.25,8,21,0.3052761170720958,0.26367942720572635,0.3136035209739139,0.042809943846673894,7.325483118994543,0.618421052631579,0.7178450110755427,-0.03781436786330572,0.20346546173095703
IWM,1h,10,0.25,0.25,9,21,0.25955433391627364,-0.2979286986138079,0.32371161759025774,0.05245610288685035,6.171095445052695,0.618421052631579,0.7737403417125946,-0.031009596879570722,0.20226526260375977
IWM,1h,10,0.25,0.25,10,30,0.27868959566156054,0.27608931440365625,0.27007027605771217,0.05907181618086187,4.571897285684094,0.34210526315789475,0.5374036991743585,-0.02582146375659189,0.18751049041748047
IWM,1h,10,0.25,0.25,12,26,0.2689771534423467,0.023073999403238732,0.2759385125463866,0.05643304573573399,4.889661880710073,0.4473684210526316,0.6910342146560869,-0.02582146375659189,0.1820836067199707
IWM,1h,10,0.25,0.25,20,50,0.24484836147559397,0.3053041204739215,0.24690364293404077,0.055101277142619746,4.480905992341613,0.07894736842105263,0.0687931755254783,-0.007122688556046364,0.17178750038146973
IWM,1h,10,0.25,0.5,8,21,0.5140791557797902,0.17927988744102996,0.5420314437246041,0.05024769723903344,10.787189732220066,0.618421052631579,0.7724582336252891,-0.04377445609536923,0.1880636215209961
IWM,1h,10,0.25,0.5,9,21,0.4906527998073757,-0.41025692380074286,0.5395911700529208,0.04851718321424349,11.12165081122248,0.618421052631579,0.8203193655678349,-0.037011836058507,0.1977996826171875
IWM,1h,10,0.25,0.5,10,30,0.4694197385178165,0.3767708420888878,0.4663546444909968,0.05843645275329095,7.9805433512514705,0.34210526315789475,0.5414710779686285,-0.02582146375659189,0.194472074508667
IWM,1h,10,0.25,0.5,12,26,0.4763848764739325,0.05057020528088829,0.4776675384208039,0.053779883003315675,8.881899917695142,0.4473684210526316,0.703972260454011,-0.028431665968865816,0.19730758666992188
IWM,1h,10,0.25,0.5,20,50,0.40074065721886176,0.4043354647737465,0.40262339394710756,0.05889016039732772,6.836853410325871,0.07894736842105263,0.06877229551348796,-0.007122688556046364,0.17609763145446777
IWM,1h,10,0.25,0.75,8,21,0.683151297181285,0.09735413432118323,0.7209211745861748,0.06235019507321578,11.56245259120073,0.618421052631579,0.8116438523348134,-0.04973454432743296,0.19761967658996582
IWM,1h,10,0.25,0.75,9,21,0.6691971124176561,-0.5059973354829219,0.7093174139167204,0.05106966505511529,13.88921218009189,0.618421052631579,0.8537471749799188,-0.043014075237443494,0.2042226791381836
IWM,1h,10,0.25,0.75,10,30,0.6213429859600446,0.43983067210622084,0.6208593223928716,0.06370850812130695,9.74531252891211,0.34210526315789475,0.5442290228751201,-0.02582146375659189,0.19676995277404785
IWM,1h,10,0.25,0.75,12,26,0.6382126022078166,0.04374767958032644,0.635611842919829,0.05866035195460658,10.835459074839639,0.4473684210526316,0.712521481372474,-0.03126147102181931,0.2154998779296875
IWM,1h,10,0.25,0.75,20,50,0.5263633363352116,0.4618585054832749,0.5272535433860506,0.06937132720720085,7.600453452638006,0.07894736842105263,0.06875733244397526,-0.007122688556046364,0.1709585189819336
IWM,1h,10,0.25,1.0,8,21,0.8186338739399034,0.01821797125028457,0.8629183386979113,0.07334692733571706,11.764887365332129,0.618421052631579,0.841995517526453,-0.05569463255949658,0.2032909393310547
IWM,1h,10,0.25,1.0,9,21,0.8105804378749935,-0.5873619912167269,0.8440689437071794,0.05537362962452495,15.243157247061546,0.618421052631579,0.8795791832812616,-0.04901631441637999,0.20525908470153809
IWM,1h,10,0.25,1.0,10,30,0.7424836082189475,0.4707048570858081,0.7436941749267411,0.06921314627430293,10.744984370156507,0.34210526315789475,0.5463325350590565,-0.02582146375659189,0.1852567195892334
IWM,1h,10,0.25,1.0,12,26,0.7665937181782453,0.011342182363041742,0.7609782541992816,0.06437645895591103,11.820753526074592,0.4473684210526316,0.7189781270541072,-0.034091276074772914,0.20821380615234375
IWM,1h,10,0.25,1.0,20,50,0.6268474490105637,0.484725133318346,0.626739816748542,0.07945776062251701,7.887710550087341,0.07894736842105263,0.06874608352086654,-0.007122688556046364,0.17524504661560059
IWM,1h,10,0.4,0.0,8,21,0.11466046996964639,0.10186942560369694,-0.03863461202853491,0.35529755110758976,-0.10873875124693931,0.21052631578947367,-0.20620009648403376,-0.048835796531455755,0.20728635787963867
IWM,1h,10,0.4,0.0,9,21,-0.011091775266219536,-0.04047497247953058,0.04421279625310537,0.29628352958365356,0.1492246170930747,0.25,-0.09446543377540365,-0.048835796531455755,0.2058882713317871
IWM,1h,10,0.4,0.0,10,30,0.09146079760898213,0.07289652827740967,0.03889658725265978,0.30289143438704913,0.12841758741502032,0.09210526315789473,0.024813167761901855,-0.02582146375659189,0.1940600872039795
IWM,1h,10,0.4,0.0,12,26,0.07060288694209392,0.049094174167336746,-0.04843960511876819,0.36315285380704576,-0.13338627140324125,0.13157894736842105,-0.02125934610476248,-0.02582146375659189,0.18718957901000977
IWM,1h,10,0.4,0.0,20,50,0.0620372406872764,0.03902073568315356,0.09181586423996241,0.3670845718345491,0.25012182827815843,0.02631578947368421,-0.036596452938082544,-0.007122688556046364,0.17580270767211914
IWM,1h,10,0.4,0.25,8,21,0.30592368453298774,-0.019749572333885412,0.3187004159804509,0.04016693197561424,7.934397782084458,0.618421052631579,0.7178450110755427,-0.03781436786330572,0.1972639560699463
IWM,1h,10,0.4,0.25,9,21,0.28033871763296964,-0.16310878205206103,0.3343636536482538,0.05146969127599999,6.496321337061635,0.618421052631579,0.7737403417125946,-0.031009596879570722,0.18410944938659668
IWM,1h,10,0.4,0.25,10,30,0.27843648478214233,0.19335487682699126,0.27504188960100007,0.06249785892746027,4.400820993247695,0.34210526315789475,0.5374036991743585,-0.02582146375659189,0.1919269561767578
IWM,1h,10,0.4,0.25,12,26,0.28836835437009734,0.15710756583423957,0.2827293342050418,0.061369114154350535,4.607029742908531,0.4473684210526316,0.6910342146560869,-0.02582146375659189,0.22479891777038574
IWM,1h,10,0.4,0.25,20,50,0.2370986256233974,0.14046280869528438,0.23828640574146426,0.05128857287432588,4.645994076016611,0.07894736842105263,0.0687931755254783,-0.007122688556046364,0.19753336906433105
IWM,1h,10,0.4,0.5,8,21,0.5407534687195357,-0.1304853923078647,0.5610091577660694,0.05217053799887443,10.753371141738524,0.618421052631579,0.7724582336252891,-0.04377445609536923,0.2017807960510254
IWM,1h,10,0.4,0.5,9,21,0.5109592581039498,-0.27218620333257304,0.5631631598982942,0.04787768603584083,11.762539222900518,0.618421052631579,0.8203193655678349,-0.037011836058507,0.2000432014465332
IWM,1h,10,0.4,0.5,10,30,0.47724234785070696,0.27032588162558757,0.47474964004993775,0.060717876771427204,7.818943370453079,0.34210526315789475,0.5414710779686285,-0.02582146375659189,0.1907649040222168
IWM,1h,10,0.4,0.5,12,26,0.4988275359739218,0.21829089908892962,0.49114889633356407,0.05602647166325904,8.766372069359653,0.4473684210526316,0.703972260454011,-0.028431665968865816,0.19696569442749023
IWM,1h,10,0.4,0.5,20,50,0.4053569433510971,0.1938066594225616,0.3966608292311835,0.054449666097113714,7.284908387201475,0.07894736842105263,0.06877229551348796,-0.007122688556046364,0.18676972389221191
IWM,1h,10,0.4,0.75,8,21,0.7267069937197279,-0.2309361682633423,0.7502051847858977,0.06676947674349502,11.23575054613538,0.618421052631579,0.8116438523348134,-0.04973454432743296,0.20446205139160156
IWM,1h,10,0.4,0.75,9,21,0.6914190641886452,-0.3688926141316555,0.7426685945532434,0.05228284894951357,14.20482260387903,0.618421052631579,0.8537471749799188,-0.043014075237443494,0.19411921501159668
IWM,1h,10,0.4,0.75,10,30,0.6344736115149903,0.31077966400759083,0.6321253893424744,0.06555470416403779,9.642715918001928,0.34210526315789475,0.5442290228751201,-0.02582146375659189,0.18835926055908203
IWM,1h,10,0.4,0.75,12,26,0.6647622565196597,0.24123699852540947,0.653607745396316,0.05964424606435392,10.958437544689518,0.4473684210526316,0.712521481372474,-0.03126147102181931,0.20180273056030273
IWM,1h,10,0.4,0.75,20,50,0.5382745322229738,0.2089067659618571,0.5238918190125232,0.06692460439425912,7.828089889425828,0.07894736842105263,0.06875733244397526,-0.007122688556046364,0.18636512756347656
IWM,1h,10,0.4,1.0,8,21,0.8748841367840067,-0.3217272554867977,0.9003050218030337,0.07925915001889233,11.359004248574905,0.618421052631579,0.841995517526453,-0.05569463255949658,0.20125865936279297
IWM,1h,10,0.4,1.0,9,21,0.8347780302176225,-0.4543557134958327,0.8851273098674556,0.05842095488620469,15.15085317574065,0.618421052631579,0.8795791832812616,-0.04901631441637999,0.21055316925048828
IWM,1h,10,0.4,1.0,10,30,0.7596203234730063,0.3210234523397011,0.7572774369478118,0.0708106201127278,10.694404818687579,0.34210526315789475,0.5463325350590565,-0.02582146375659189,0.20245790481567383
IWM,1h,10,0.4,1.0,12,26,0.7967433495758777,0.2335933868317499,0.7823901777619616,0.06464551428008156,12.102775984922904,0.4473684210526316,0.7189781270541072,-0.034091276074772914,0.18179631233215332
IWM,1h,10,0.4,1.0,20,50,0.6440593773032748,0.19422192516342762,0.6256237371324601,0.07844953578692294,7.974855821093944,0.07894736842105263,0.06874608352086654,-0.007122688556046364,0.1661841869354248
IWM,1h,10,0.55,0.0,8,21,0.03202092423805562,0.004375636358898705,-0.023848062011180098,0.31639279854244123,-0.07537485720611652,0.19736842105263158,-0.18857021300271723,-0.03138547905983202,0.18328309059143066
IWM,1h,10,0.55,0.0,9,21,0.0841269686926166,0.0651813009894342,0.026180582618584147,0.22890267361897118,0.11437429805719111,0.21052631578947367,-0.14553722654845783,-0.0399875841344991,0.18536853790283203
IWM,1h,10,0.55,0.0,10,30,0.10550295864751012,0.0881647217953967,0.03835213318905585,0.3380466593416528,0.11345218812026359,0.09210526315789473,-0.02191234539754436,-0.0257785953785028,0.18879318237304688
IWM,1h,10,0.55,0.0,12,26,0.10677083662836061,0.09022980125917845,-0.015908927395554398,0.37630027450526227,-0.04227721443060474,0.13157894736842105,-0.03933953004474202,-0.0257785953785028,0.1984541416168213
IWM,1h,10,0.55,0.0,20,50,0.11024169160687744,0.09626850806284559,0.09448338835990484,0.3613104284395995,0.2615019687307467,0.02631578947368421,-0.036596452938082544,-0.007122688556046364,0.19494104385375977
IWM,1h,10,0.55,0.25,8,21,0.3333483395204809,0.09159044197381183,0.336409263644304,0.045913077862218044,7.327090217167423,0.7631578947368421,1.05469349339199,-0.037228425749114225,0.19993305206298828
IWM,1h,10,0.55,0.25,9,21,0.3029766643647471,-0.04490021825973167,0.34445245489775267,0.045700720788257786,7.5371339654287315,0.7631578947368421,1.098782881222645,-0.030419510864489907,0.19710469245910645
IWM,1h,10,0.55,0.25,10,30,0.28860145000820475,0.21384418683736395,0.29069911641602575,0.06032685551706855,4.818734772837231,0.4473684210526316,0.7365799931327709,-0.014863294963274543,0.18457508087158203
IWM,1h,10,0.55,0.25,12,26,0.30398917266280323,0.21440086828987548,0.2955071769514205,0.06627640636637475,4.45870850809053,0.5263157894736842,0.8669153550617948,-0.018974465997993795,0.21156573295593262
IWM,1h,10,0.55,0.25,20,50,0.24927687035900778,0.22087534368118522,0.23838193408919586,0.05580147187934182,4.271964986956677,0.09210526315789473,0.09524107723830905,-0.007122688556046364,0.1831989288330078
IWM,1h,10,0.55,0.5,8,21,0.5867557614906346,0.13530728038951634,0.5900376226685686,0.051955046463879835,11.3566951206323,0.7631578947368421,1.1259849322107018,-0.04307137243839665,0.19432449340820312
IWM,1h,10,0.55,0.5,9,21,0.5392206563138099,-0.14552382447324275,0.5859556139742351,0.045536419242506995,12.867845643586787,0.7631578947368421,1.167916609314106,-0.03630378005201229,0.19224905967712402
IWM,1h,10,0.55,0.5,10,30,0.4940951319411384,0.29557536330699796,0.4988585892808765,0.060531613520761925,8.24129013362202,0.4473684210526316,0.7497838971424061,-0.014863294963274543,0.1862494945526123
IWM,1h,10,0.55,0.5,12,26,0.5232597465173754,0.29141871687508103,0.5131462358056689,0.059619207371393125,8.60706236178326,0.5263157894736842,0.8920794414152272,-0.020479322311981574,0.1954948902130127
IWM,1h,10,0.55,0.5,20,50,0.41926783312523513,0.2972544123808998,0.4031519169018657,0.052294553478312966,7.709252495464112,0.09210526315789473,0.09519828215903264,-0.007122688556046364,0.19366717338562012
IWM,1h,10,0.55,0.75,8,21,0.7855917386822387,0.14457927337758703,0.788074974343014,0.06277293260575216,12.554375614288238,0.7631578947368421,1.1789941440204388,-0.048914319127679184,0.19652247428894043
IWM,1h,10,0.55,0.75,9,21,0.7257336368014545,-0.23725386163380224,0.7749770171709975,0.05061027243076416,15.3126426701453,0.7631578947368421,1.2186026672910315,-0.04218804923953523,0.2042992115020752
IWM,1h,10,0.55,0.75,10,30,0.6567451511097852,0.3400867127767979,0.6628093337570748,0.06796265876910512,9.752551559362754,0.4473684210526316,0.7595853175149042,-0.019905540805561617,0.1885230541229248
IWM,1h,10,0.55,0.75,12,26,0.6966950534016938,0.32905257012578915,0.6830821726301218,0.06293717745030267,10.853396995273688,0.5263157894736842,0.9101327683680526,-0.026877553086917416,0.18864083290100098
IWM,1h,10,0.55,0.75,20,50,0.5546232300590841,0.33412139148578435,0.535210619809284,0.061050220263463725,8.766727089592296,0.09210526315789473,0.09516764008271715,-0.007122688556046364,0.17885613441467285
IWM,1h,10,0.55,1.0,8,21,0.9435762838771644,0.12716163109292333,0.9451728080987932,0.07279125775081423,12.984702247272555,0.7631578947368421,1.2204742439506198,-0.05475726581696161,0.2009420394897461
IWM,1h,10,0.55,1.0,9,21,0.8742251473399273,-0.3206539491427943,0.9249096978752531,0.05681032518561854,16.28066191934759,0.7631578947368421,1.2580549499464504,-0.04807231842705806,0.19773030281066895
IWM,1h,10,0.55,1.0,10,30,0.7862295413535153,0.35355045506734406,0.7931420993408137,0.07538738815293404,10.52088577112941,0.4473684210526316,0.7672287050695957,-0.02928794910620436,0.1874856948852539
IWM,1h,10,0.55,1.0,12,26,0.8347563233556148,0.33436668328624686,0.8178481626404182,0.06780023189605842,12.062616008367426,0.5263157894736842,0.9241043102853502,-0.03588207556635592,0.18082237243652344
IWM,1h,10,0.55,1.0,20,50,0.6625509685142196,0.33911126961726934,0.6407436601326295,0.0704550119826478,9.094365923753399,0.09210526315789473,0.09514461802251958,-0.007122688556046364,0.18189764022827148
IWM,1h,10,0.7,0.0,8,21,0.09814380006138193,0.0835070501064763,-0.035039839311803635,0.32312783036225884,-0.10843955864934458,0.19736842105263158,-0.25906054686174756,-0.04121787153362777,0.18725824356079102
IWM,1h,10,0.7,0.0,9,21,-0.008618437935044763,-0.04447522835266793,0.0777279217093552,0.25666376344465786,0.30283948410237893,0.21052631578947367,-0.17845247709550977,-0.04822508879432108,0.19472169876098633
IWM,1h,10,0.7,0.0,10,30,0.07993719654348017,0.06049748153196144,0.04057523462576269,0.35296536495109737,0.1149552864241632,0.09210526315789473,-0.02191234539754436,-0.0257785953785028,0.1851639747619629
IWM,1h,10,0.7,0.0,12,26,0.11604855075651688,0.1010350677146723,0.0752647036830006,0.3051166936775649,0.24667514181487996,0.13157894736842105,-0.053286915704081415,-0.0257785953785028,0.18035459518432617
IWM,1h,10,0.7,0.0,20,50,0.16112765506273274,0.15642764380998653,0.10413222241993073,0.34545689242009503,0.30143333279713547,0.02631578947368421,-0.036596452938082544,-0.007122688556046364,0.17596793174743652
IWM,1h,10,0.7,0.25,8,21,0.3537699250555924,0.20042983925922342,0.35260912550622703,0.043113832818685464,8.178561321354078,0.75,1.0370526957800599,-0.04943250287372891,0.20010066032409668
IWM,1h,10,0.7,0.25,9,21,0.3119998076031608,-0.16595482582133791,0.3610375973471727,0.04501010726743487,8.021256097036364,0.7631578947368421,1.0929148897738155,-0.030419510864489907,0.19516897201538086
IWM,1h,10,0.7,0.25,10,30,0.3030743062942408,0.1773647440713917,0.29827481557718394,0.05736764925151339,5.199355725201086,0.4473684210526316,0.7365799931327709,-0.014863294963274543,0.1812593936920166
IWM,1h,10,0.7,0.25,12,26,0.3184348730652718,0.22979456525857778,0.30806730476788,0.05907653449788158,5.214715239921985,0.5263157894736842,0.8849783829187923,-0.019841884621612293,0.18857669830322266
IWM,1h,10,0.7,0.25,20,50,0.2610254126197566,0.30649799649134923,0.24371684244382105,0.055652248152364886,4.379281170754727,0.09210526315789473,0.09524107723830905,-0.007122688556046364,0.1839125156402588
IWM,1h,10,0.7,0.5,8,21,0.6162020665778595,0.27288094600156376,0.6164611376315878,0.044335996090489355,13.904303319889248,0.7631578947368421,1.1213253449660194,-0.057647134213830165,0.2256331443786621
IWM,1h,10,0.7,0.5,9,21,0.567192155525616,-0.2735550826051725,0.6113110735261743,0.045047414183574094,13.57039209920023,0.7631578947368421,1.172128167416585,-0.03630378005201229,0.1853024959564209
IWM,1h,10,0.7,0.5,10,30,0.5252246976838667,0.2513263746444545,0.5178207360668876,0.06055282121057213,8.551554258160303,0.4473684210526316,0.7497838971424061,-0.014863294963274543,0.17655706405639648
IWM,1h,10,0.7,0.5,12,26,0.5487745778438737,0.3115075774814051,0.529412457328561,0.05883264114748054,8.99861789310869,0.5263157894736842,0.9108114357515431,-0.024805065253490466,0.18568682670593262
IWM,1h,10,0.7,0.5,20,50,0.43278714674022034,0.4088766373921022,0.4140364917406999,0.04998622254168997,8.283012211922623,0.09210526315789473,0.09519828215903264,-0.007122688556046364,0.20757627487182617
IWM,1h,10,0.7,0.75,8,21,0.8231827110741738,0.3085157749907985,0.8223679870891981,0.05294113563726862,15.533629514933963,0.7631578947368421,1.1842058855319513,-0.0658617655539313,0.25080370903015137
IWM,1h,10,0.7,0.75,9,21,0.7669093284214629,-0.3686332385951686,0.8079649070957668,0.05243845596588798,15.407869896500392,0.7631578947368421,1.231070410885217,-0.04218804923953523,0.19481229782104492
IWM,1h,10,0.7,0.75,10,30,0.7004586109674039,0.28966130822916814,0.6907313277893976,0.06952300683800801,9.935291340301712,0.4473684210526316,0.7595853175149042,-0.019905540805561617,0.2266240119934082
IWM,1h,10,0.7,0.75,12,26,0.73096879690764,0.3537066882084119,0.7037951306352386,0.06548854991650413,10.746842486702722,0.5263157894736842,0.9294752008717263,-0.02975569432466596,0.20257282257080078
IWM,1h,10,0.7,0.75,20,50,0.5705358970178149,0.471052600177144,0.5503172445847524,0.055558508325053706,9.90518394347515,0.09210526315789473,0.09516764008271715,-0.007122688556046364,0.1732807159423828
IWM,1h,10,0.7,1.0,8,21,0.9878532333479925,0.3141503004924395,0.9856661258443845,0.0618286138583626,15.941908840174793,0.7631578947368421,1.2333568670946677,-0.07407639689403223,0.19417667388916016
IWM,1h,10,0.7,1.0,9,21,0.9255577682982761,-0.4524466805371241,0.9641206832602549,0.060848796673512076,15.844531625387814,0.7631578947368421,1.2770861687763555,-0.04807231842705806,0.19904279708862305
IWM,1h,10,0.7,1.0,10,30,0.8398415348508913,0.2988354974001395,0.8282173738080394,0.07782713637153185,10.641755721992496,0.4473684210526316,0.7672287050695957,-0.02928794910620436,0.20543766021728516
IWM,1h,10,0.7,1.0,12,26,0.8760084626505238,0.36326860897816626,0.8424266683606134,0.07235292774891136,11.643297577177709,0.5263157894736842,0.9439081599471053,-0.03588207556635592,0.18435001373291016
IWM,1h,10,0.7,1.0,20,50,0.680556754789554,0.4997183381564694,0.6591637216205921,0.062379202141703165,10.567043164854988,0.09210526315789473,0.09514461802251958,-0.007122688556046364,0.1709609031677246
IWM,1h,10,0.85,0.0,8,21,0.08952688376177147,0.07399865186007148,-0.03619920953036818,0.292252311807564,-0.12386286803508284,0.3026315789473684,-0.30806822835892617,-0.0593646809916889,0.18628597259521484
IWM,1h,10,0.85,0.0,9,21,-0.008349053453978997,-0.044657117344806485,-0.023959139585931637,0.3304193604768523,-0.07251130669629786,0.3026315789473684,-0.30756142871499953,-0.0593646809916889,0.22687029838562012
IWM,1h,10,0.85,0.0,10,30,0.05832410042811742,0.034833505583702795,0.06799189438134735,0.3027481692902521,0.22458234690813886,0.17105263157894737,-0.08637477239639485,-0.05871497765676015,0.18198132514953613
IWM,1h,10,0.85,0.0,12,26,0.03002713129048528,0.002738418545617405,0.11323985258873308,0.28189894244345914,0.4017037155485099,0.21052631578947367,-0.06773329739276479,-0.05871497765676015,0.18088769912719727
IWM,1h,10,0.85,0.0,20,50,0.09011672184363631,0.0712411704651279,0.03978365267049283,0.2988546373343124,0.13312041273761138,0.039473684210526314,0.022795522269304296,-0.015781549597613354,0.17224812507629395
IWM,1h,10,0.85,0.25,8,21,0.3720244820943454,0.18774229070033632,0.3800113730755315,0.04290038935900024,8.857993569603988,0.7894736842105263,1.0238947511253655,-0.04730184661804393,0.22456145286560059
IWM,1h,10,0.85,0.25,9,21,0.34718423031444035,-0.17866375922618982,0.38499734713782147,0.04402464489225749,8.745041512090198,0.8026315789473685,1.0764372668052937,-0.035999652775297486,0.2686941623687744
IWM,1h,10,0.85,0.25,10,30,0.31606408457497653,0.1431455329879867,0.30853617019550567,0.04692638763260618,6.574897105037835,0.5131578947368421,0.700793388183529,-0.025009840915628856,0.19849205017089844
IWM,1h,10,0.85,0.25,12,26,0.32751817663118815,0.09784624392878083,0.32227179133299655,0.051975634986473576,6.20043971404806,0.5789473684210527,0.8338775654198892,-0.025009840915628856,0.19405794143676758
IWM,1h,10,0.85,0.25,20,50,0.26253411782661923,0.18710878888816174,0.24804277876417782,0.04582603101355684,5.412704815976724,0.14473684210526316,0.27042627445256234,-0.00590144198506537,0.18068957328796387
IWM,1h,10,0.85,0.5,8,21,0.6511394620670357,0.2575795181763352,0.6676189627609422,0.04812237660360098,13.873358089944887,0.8026315789473685,1.1290741149362329,-0.05553489070180162,0.19591093063354492
IWM,1h,10,0.85,0.5,9,21,0.629851989119357,-0.2954249614165734,0.6676901638444797,0.047200116527931484,14.145943123876876,0.8026315789473685,1.1762713399044746,-0.03598370847957588,0.19600701332092285
IWM,1h,10,0.85,0.5,10,30,0.5521726069091843,0.20918946300518226,0.5379739716769006,0.04794563351291295,11.220499809060003,0.5131578947368421,0.742796814291649,-0.02641138594932302,0.18857812881469727
IWM,1h,10,0.85,0.5,12,26,0.5768994014091839,0.1504266480914751,0.5544949811543712,0.050621719480737654,10.953697085800595,0.5789473684210527,0.8850493503552848,-0.029132890636367037,0.1793968677520752
IWM,1h,10,0.85,0.5,20,50,0.44813481917625736,0.2555515631999372,0.4321747227786803,0.04307545243132769,10.032970018542871,0.14473684210526316,0.2709517686998333,-0.00590144198506537,0.16974949836730957
IWM,1h,10,0.85,0.75,8,21,0.8710691788427046,0.29132738058733776,0.8921724805455558,0.06191747409599996,14.409058082089828,0.8026315789473685,1.2071506445915736,-0.06376793478555931,0.1968221664428711
IWM,1h,10,0.85,0.75,9,21,0.8511891994514126,-0.3969122922953805,0.8884429695913658,0.06165946174408793,14.408866773420254,0.8026315789473685,1.2501880238952308,-0.04484590750032369,0.20092201232910156
IWM,1h,10,0.85,0.75,10,30,0.7378995269816033,0.24062357842862325,0.7189582324147135,0.055646504046044015,12.920097043649324,0.5131578947368421,0.7739194081831208,-0.02781293098301718,0.19856524467468262
IWM,1h,10,0.85,0.75,12,26,0.7725229538840569,0.16875300783650693,0.7381241246198725,0.05594084519553331,13.194726001008103,0.5789473684210527,0.9232939711456656,-0.034792530357104945,0.20685076713562012
IWM,1h,10,0.85,0.75,20,50,0.5951052486344826,0.28569100255640856,0.5778346938386112,0.04880436017418271,11.839817011765339,0.14473684210526316,0.2710877518173042,-0.00590144198506537,0.17643213272094727
IWM,1h,10,0.85,1.0,8,21,1.0460246471735213,0.295861507932482,1.0703256764709863,0.07511303237413261,14.249533571481592,0.8026315789473685,1.2680656829407948,-0.07200097886931722,0.1926865577697754
IWM,1h,10,0.85,1.0,9,21,1.0270643994057278,-0.48491092002777414,1.0635322871268023,0.0758573813787303,14.02015555766346,0.8026315789473685,1.3077540500642806,-0.05380860175215352,0.1938762664794922
IWM,1h,10,0.85,1.0,10,30,0.8855180165197898,0.24414321303357656,0.8629329462253775,0.06327465046059272,13.637893531514802,0.5131578947368421,0.7981916242149424,-0.029214476016711233,0.2011394500732422
IWM,1h,10,0.85,1.0,12,26,0.9279186718009367,0.15999484714011003,0.8842657223235012,0.06184676293207466,14.297688034128424,0.5789473684210527,0.953164093246398,-0.04043617575667968,0.19788098335266113
IWM,1h,10,0.85,1.0,20,50,0.712121808539648,0.2853817668496885,0.693826817721914,0.0551949917646481,12.570466912657533,0.14473684210526316,0.2711387350267961,-0.00590144198506537,0.19500041007995605
IWM,1h,10,1.0,0.0,8,21,-0.02667572639508317,-0.0634479482324426,-0.07908561848680282,0.27557444668476355,-0.28698458597386145,0.27631578947368424,-0.36237508909383737,-0.0593646809916889,0.18582820892333984
IWM,1h,10,1.0,0.0,9,21,-0.014412962760029438,-0.04953116106135347,-0.045178217864569895,0.2576506580908327,-0.17534679786706647,0.2894736842105263,-0.3601217366608052,-0.0593646809916889,0.19681167602539062
IWM,1h,10,1.0,0.0,10,30,0.1385019927403712,0.13319637657079797,0.09005718074161236,0.2207276248389801,0.4080014035728818,0.17105263157894737,-0.12616147584905776,-0.05871497765676015,0.18191194534301758
IWM,1h,10,1.0,0.0,12,26,0.10714354699104507,0.09369909205771276,0.06123552954320781,0.22311271456877765,0.2744600623122762,0.21052631578947367,-0.08833126194080822,-0.05871497765676015,0.1795487403869629
IWM,1h,10,1.0,0.0,20,50,0.12927593614665933,0.118181643090298,0.031649992099739774,0.2605560114288968,0.12147097250288064,0.039473684210526314,0.022795522269304296,-0.015781549597613354,0.17722821235656738
IWM,1h,10,1.0,0.25,8,21,0.38414055009960824,0.0008830199838869568,0.39121922175084944,0.04000432221433397,9.779423824625416,0.8026315789473685,1.002313249441599,-0.04892406271568339,0.20257854461669922
IWM,1h,10,1.0,0.25,9,21,0.3845012863813673,0.01971573001365967,0.3921098605088329,0.04025892100581621,9.73970118206061,0.8026315789473685,0.9490673049310356,-0.05457129263548177,0.20241737365722656
IWM,1h,10,1.0,0.25,10,30,0.3338215372615376,0.28078415702392867,0.32865098321465736,0.043015311630837515,7.640325520251461,0.5263157894736842,0.7204358840230034,-0.022950476146534782,0.18956685066223145
IWM,1h,10,1.0,0.25,12,26,0.3392615018591689,0.2248164009274385,0.3336060467141767,0.04567164231082846,7.304446037734904,0.5789473684210527,0.8422985487429343,-0.022950476146534782,0.17740845680236816
IWM,1h,10,1.0,0.25,20,50,0.26781981999324067,0.25171607362401494,0.2506762073846628,0.04128783447716179,6.071430254433019,0.14473684210526316,0.27042627445256234,-0.00590144198506537,0.16490602493286133
IWM,1h,10,1.0,0.5,8,21,0.6866283606480099,0.02405878373181336,0.6947055934012968,0.04672439698362413,14.868155358854086,0.8026315789473685,1.1237653465765294,-0.058751285104422735,0.18590688705444336
IWM,1h,10,1.0,0.5,9,21,0.6852312980635104,0.047476764723731746,0.6917346818134056,0.049461611421399695,13.985283979529319,0.8026315789473685,1.0673290985619763,-0.06434016365381323,0.1964712142944336
IWM,1h,10,1.0,0.5,10,30,0.5744069223865553,0.38626070951634084,0.5690250337987882,0.0474850268627077,11.98325180364742,0.5263157894736842,0.7691276561750545,-0.02394031299206789,0.17747950553894043
IWM,1h,10,1.0,0.5,12,26,0.5885895954625626,0.3133574212678232,0.5825970303668133,0.051031106649770216,11.41650786382538,0.5789473684210527,0.8962649619736753,-0.026830739268879356,0.19490671157836914
IWM,1h,10,1.0,0.5,20,50,0.4514851678895857,0.3370501288296748,0.4393510982286254,0.03749727693535183,11.716880108016918,0.14473684210526316,0.2709517686998333,-0.00590144198506537,0.17563462257385254
IWM,1h,10,1.0,0.75,8,21,0.9231213233748945,0.016128627542923546,0.9309690127819354,0.0596544663324073,15.606023656206716,0.8026315789473685,1.21419266415939,-0.06855046970050316,0.18651318550109863
IWM,1h,10,1.0,0.75,9,21,0.9205146977761469,0.043581046328158735,0.9254551951659513,0.063175161868991,14.649035598596594,0.8026315789473685,1.1573364572873042,-0.07408116336026449,0.19491887092590332
IWM,1h,10,1.0,0.75,10,30,0.765004381525129,0.45547364381876454,0.7587921644485353,0.05591740539508925,13.56987433675121,0.5263157894736842,0.8051568186385603,-0.024930149837601334,0.19032025337219238
IWM,1h,10,1.0,0.75,12,26,0.7854651077073476,0.3659215470857491,0.7785304389989471,0.059287104617272136,13.131530777641274,0.5789473684210527,0.9364742951390089,-0.03134754712166654,0.17619919776916504
IWM,1h,10,1.0,0.75,20,50,0.5977632630326227,0.3824869704181242,0.588207935270362,0.04075249554176881,14.43366663686853,0.14473684210526316,0.2710877518173042,-0.00590144198506537,0.17985057830810547
IWM,1h,10,1.0,1.0,8,21,1.1109112355030877,-0.01465671731113194,1.1183010825217128,0.07172102919093007,15.592373605580308,0.8026315789473685,1.2847593832459914,-0.0783216165039261,0.20610284805297852
IWM,1h,10,1.0,1.0,9,21,1.107371625587086,0.016149679073818035,1.110854813112129,0.07567943613208974,14.67842349106909,0.8026315789473685,1.2280921573041301,-0.0837942917548341,0.1900780200958252
IWM,1h,10,1.0,1.0,10,30,0.9167679504472519,0.49378247098564554,0.9097584101308076,0.06389310193303444,14.238757903541982,0.5263157894736842,0.833212993167107,-0.027100527456994317,0.18703484535217285
IWM,1h,10,1.0,1.0,12,26,0.9421111618973675,0.3884568268577895,0.9342870616549546,0.06684413018453815,13.977099545998227,0.5789473684210527,0.9677658796795496,-0.03585385653048545,0.1861402988433838
IWM,1h,10,1.0,1.0,20,50,0.7143928320716112,0.3953619606067116,0.7066552529807828,0.0450008789053964,15.70314336451865,0.14473684210526316,0.2711387350267961,-0.00590144198506537,0.18305540084838867
IWM,1h,14,0.0,0.0,8,21,0.5318666606392886,0.6986949491674019,0.05541834440685933,0.3445387801571093,0.1608479149475964,0.2236842105263158,0.0481946026191872,-0.04911574231992488,0.19651198387145996
IWM,1h,14,0.0,0.0,9,21,0.1689542296282867,0.16318251713190235,0.04663446548542024,0.30729837690804457,0.15175630263538636,0.25,0.09351189853359207,-0.04911574231992488,0.18157315254211426
IWM,1h,14,0.0,0.0,10,30,0.21918258936798388,0.24075439382959263,0.07172120489583665,0.35352769712731635,0.20287294454897437,0.09210526315789473,0.1928290703092414,-0.012205342574412748,0.18143510818481445
IWM,1h,14,0.0,0.0,12,26,-0.02012673871146169,-0.05347146585813678,0.03876985598610762,0.3566283521528847,0.10871220908843272,0.10526315789473684,0.0846435156555013,-0.02319088188218099,0.18538904190063477
IWM,1h,14,0.0,0.0,20,50,0.16981164703819496,0.16681122777421997,0.06629991537899703,0.39420183529771585,0.16818773897621475,0.013157894736842105,-0.04013474570149376,-0.0035303796531380716,0.17992568016052246
IWM,1h,14,0.0,0.25,8,21,0.2767391051538683,0.6830537972617099,0.274930203572101,0.06568181745799459,4.18578861262368,0.5526315789473685,0.6201377989470744,-0.04911574231992488,0.19382715225219727
IWM,1h,14,0.0,0.25,9,21,0.26690532402662837,0.3242986865423332,0.27449566841273426,0.06412424941832588,4.2806843105798125,0.5526315789473685,0.6308557156821778,-0.04911574231992488,0.19641447067260742
IWM,1h,14,0.0,0.25,10,30,0.2549246126461183,0.4529548318783898,0.2571856779846674,0.05859552106289352,4.389169569950869,0.2894736842105263,0.5674933457893231,-0.012205342574412748,0.19135403633117676
IWM,1h,14,0.0,0.25,12,26,0.23292924138972412,0.0172522044045047,0.2504434947596067,0.047325698434577346,5.291913337651376,0.3815789473684211,0.6882574576567155,-0.024596393208903278,0.18535447120666504
IWM,1h,14,0.0,0.25,20,50,0.22688756413065017,0.31991478513771376,0.22354464353974818,0.06810939593823222,3.28214103884402,0.05263157894736842,0.03887732812158375,-0.0035303796531380716,0.17842459678649902
IWM,1h,14,0.0,0.5,8,21,0.4174519314369506,0.6627790887252343,0.45886737313539233,0.056180781013130836,8.16769302349399,0.5526315789473685,0.6578140375176582,-0.04911574231992488,0.19302845001220703
IWM,1h,14,0.0,0.5,9,21,0.442322368799386,0.4410338101956457,0.45754209234126375,0.06342255214230146,7.214186072403308,0.5526315789473685,0.6672859007666022,-0.04911574231992488,0.1991262435913086
IWM,1h,14,0.0,0.5,10,30,0.40475582570779917,0.6286986383732804,0.4216667798310123,0.05675477373612967,7.429626656454844,0.2894736842105263,0.5701667508954664,-0.012205342574412748,0.1771225929260254
IWM,1h,14,0.0,0.5,12,26,0.41191578299207826,0.04348203759173286,0.4200214235183264,0.048470856412266075,8.66544258978753,0.3815789473684211,0.7000839941476303,-0.027804923234764023,0.18395018577575684
IWM,1h,14,0.0,0.5,20,50,0.362257166882296,0.4231116837353561,0.35770179572914323,0.05736569381113342,6.235465344615447,0.05263157894736842,0.03886661942914844,-0.0035303796531380716,0.17854714393615723
IWM,1h,14,0.0,0.75,8,21,0.5396169156147315,0.6381011398484568,0.6041067696893586,0.05758149315927117,10.491335610530129,0.5526315789473685,0.6858292160950857,-0.04911574231992488,0.18613338470458984
IWM,1h,14,0.0,0.75,9,21,0.5829549326704263,0.519032314703264,0.6015482587354544,0.0689182168333315,8.728436201276212,0.5526315789473685,0.6949012412596067,-0.04911574231992488,0.19034719467163086
IWM,1h,14,0.0,0.75,10,30,0.5270727659568745,0.7700654747538076,0.552404123225252,0.0636213813463349,8.68268043754248,0.2894736842105263,0.5724287808589885,-0.012205342574412748,0.19250130653381348
IWM,1h,14,0.0,0.75,12,26,0.5513098981757355,0.03559704136777331,0.5541170121633836,0.055547769036195516,9.975504359181645,0.3815789473684211,0.7082542339968391,-0.031013453260624546,0.18454289436340332
IWM,1h,14,0.0,0.75,20,50,0.47233270490957263,0.48359793235077553,0.4652772848058933,0.059433044073547166,7.8285958940639535,0.05263157894736842,0.038858951843007736,-0.0035303796531380716,0.18200445175170898
IWM,1h,14,0.0,1.0,8,21,0.6391944082364046,0.609274616075278,0.7196060512631208,0.061627071188453834,11.676784850972163,0.5526315789473685,0.7078026602968525,-0.04911574231992488,0.19869756698608398
IWM,1h,14,0.0,1.0,9,21,0.6952839455663525,0.5635977370648806,0.7159282094075594,0.0750036791464411,9.545241214230888,0.5526315789473685,0.7166763553894446,-0.04911574231992488,0.18818354606628418
IWM,1h,14,0.0,1.0,10,30,0.6251962143203609,0.8793018823863348,0.6565486170155882,0.07093762610349583,9.255294447797052,0.2894736842105263,0.5742679715021535,-0.012205342574412748,0.18593955039978027
IWM,1h,14,0.0,1.0,12,26,0.6618506351770193,0.0023358602029903697,0.6608303292584627,0.062355571156699464,10.597775258890614,0.3815789473684211,0.7145185688195652,-0.03422198328648529,0.17836213111877441
IWM,1h,14,0.0,1.0,20,50,0.5606099912277224,0.5080456355878682,0.551205630914171,0.06443450835443633,8.554509764894021,0.05263157894736842,0.038853191031023644,-0.0035303796531380716,0.16655540466308594
IWM,1h,14,0.1,0.0,8,21,0.5010169994251654,0.6428443663199894,0.06593953031494895,0.3137912676256226,0.21013819413744791,0.21052631578947367,0.03603597602124629,-0.04911574231992488,0.18461203575134277
IWM,1h,14,0.1,0.0,9,21,0.19307204168610187,0.19669961967757588,0.10184137265562807,0.3391365897176134,0.30029603334876853,0.25,0.08931970088349936,-0.04911574231992488,0.1925797462463379
IWM,1h,14,0.1,0.0,10,30,0.1690087695049665,0.17121826155898368,0.07927623482266109,0.3722687943605394,0.21295428470935085,0.09210526315789473,0.1928290703092414,-0.012205342574412748,0.18527603149414062
IWM,1h,14,0.1,0.0,12,26,-0.097764146366608,-0.13067934764608058,0.005027948610909612,0.29253154177482243,0.017187714461163642,0.10526315789473684,0.0846435156555013,-0.02319088188218099,0.18193268775939941
IWM,1h,14,0.1,0.0,20,50,0.25979140135972495,0.2968185840748956,0.04410039649582252,0.3280415722247161,0.134435389382943,0.013157894736842105,-0.04013474570149376,-0.0035303796531380716,0.17809700965881348
IWM,1h,14,0.1,0.25,8,21,0.27622820698183365,0.6147266384898913,0.2810689474632021,0.0545736349777305,5.1502698615896865,0.5789473684210527,0.7157223600092241,-0.04911574231992488,0.19883346557617188
IWM,1h,14,0.1,0.25,9,21,0.25838011061332117,0.09938702673021726,0.2866593557362632,0.06774509764079871,4.2314405871285645,0.5657894736842105,0.7212577768164316,-0.04964699324260147,0.19592666625976562
IWM,1h,14,0.1,0.25,10,30,0.24846493690244964,0.35163038067358987,0.2670221256062294,0.06284957647853223,4.248590691735801,0.2894736842105263,0.5674933457893231,-0.012205342574412748,0.1910243034362793
IWM,1h,14,0.1,0.25,12,26,0.23151501310287054,-0.08610798244815365,0.25227838137350755,0.04535894572163629,5.561821981527458,0.3815789473684211,0.6882574576567155,-0.024596393208903278,0.1919848918914795
IWM,1h,14,0.1,0.25,20,50,0.24339075975872423,0.5078778906894932,0.23219314082489523,0.06209348883360219,3.739412057311278,0.05263157894736842,0.03887732812158375,-0.0035303796531380716,0.1772170066833496
IWM,1h,14,0.1,0.5,8,21,0.4235766361734327,0.582782964054962,0.4718351747524839,0.051281525079163566,9.20088031750439,0.5789473684210527,0.7529304874638442,-0.04911574231992488,0.18877005577087402
IWM,1h,14,0.1,0.5,9,21,0.4425190829999674,0.007423721850109866,0.4718086459206191,0.06345536045764251,7.435284308810429,0.5789473684210527,0.758031436581899,-0.05738358285308043,0.19208955764770508
IWM,1h,14,0.1,0.5,10,30,0.4037073559702846,0.4930023446362235,0.43863570233329935,0.056010749188068316,7.831277186821484,0.2894736842105263,0.5701667508954664,-0.012205342574412748,0.2010059356689453
IWM,1h,14,0.1,0.5,12,26,0.4225971790782388,-0.0833101969329082,0.4320636948906033,0.0492055453332086,8.780792733111028,0.3815789473684211,0.7000839941476303,-0.027804923234764023,0.19105172157287598
IWM,1h,14,0.1,0.5,20,50,0.37263560884023356,0.6718864847445543,0.37428874344758944,0.055759348485863475,6.712573830422031,0.05263157894736842,0.03886661942914844,-0.0035303796531380716,0.18524789810180664
IWM,1h,14,0.1,0.75,8,21,0.5499852285417284,0.547328702151548,0.6223291308522724,0.05499838522908663,11.315407320779762,0.5789473684210527,0.7807816219934512,-0.04911574231992488,0.19914817810058594
IWM,1h,14,0.1,0.75,9,21,0.5907365093899303,-0.07917368639732636,0.6185208293671913,0.06650144880365233,9.300862469829703,0.5789473684210527,0.785765018599844,-0.06512017246356006,0.19882416725158691
IWM,1h,14,0.1,0.75,10,30,0.5290136392232255,0.5987498045363757,0.575108682418628,0.06116629053265675,9.402379601744475,0.2894736842105263,0.5724287808589885,-0.012205342574412748,0.18988656997680664
IWM,1h,14,0.1,0.75,12,26,0.5698270546543089,-0.11070701800103311,0.5730929509249294,0.054937029351592455,10.431815438311776,0.3815789473684211,0.7082542339968391,-0.031013453260624546,0.18192791938781738
IWM,1h,14,0.1,0.75,20,50,0.48050882306457837,0.7932695508855276,0.48706166186899325,0.0592320653605489,8.222939026424651,0.05263157894736842,0.038858951843007736,-0.0035303796531380716,0.1698770523071289
IWM,1h,14,0.1,1.0,8,21,0.6527275968297181,0.5086895294260336,0.7419735624993987,0.059834125776807676,12.400508119180966,0.5789473684210527,0.8026668859537903,-0.04911574231992488,0.1960773468017578
IWM,1h,14,0.1,1.0,9,21,0.7093491112146606,-0.1604361556451519,0.7352570459059495,0.07085617702168853,10.376752977808739,0.5789473684210527,0.8076161600513755,-0.07285676207403913,0.19156479835510254
IWM,1h,14,0.1,1.0,10,30,0.6292557303273233,0.672298995930295,0.6838348818152847,0.0679794968697429,10.059428405679387,0.2894736842105263,0.5742679715021535,-0.012205342574412748,0.1839308738708496
IWM,1h,14,0.1,1.0,12,26,0.6862623593896982,-0.1589471629471304,0.6850845626182224,0.060039433008176234,11.410576820819191,0.3815789473684211,0.7145185688195652,-0.03422198328648529,0.18678879737854004
IWM,1h,14,0.1,1.0,20,50,0.5675622074624016,0.8764113798515354,0.5768619647668773,0.06498257267412183,8.877179542579153,0.05263157894736842,0.038853191031023644,-0.0035303796531380716,0.18007469177246094
IWM,1h,14,0.25,0.0,8,21,0.4932598554149964,0.631027314973228,0.07003651948882836,0.28199148735483387,0.24836394937234546,0.21052631578947367,0.03603597602124629,-0.04911574231992488,0.19294166564941406
IWM,1h,14,0.25,0.0,9,21,0.2045253890524449,0.2145386038006425,0.06277225352079857,0.319110601565615,0.19671002220805706,0.25,0.08931970088349936,-0.04911574231992488,0.18863201141357422
IWM,1h,14,0.25,0.0,10,30,0.15443579300483504,0.1521443067893513,0.09185998870268339,0.3705024989411556,0.24793351992282484,0.09210526315789473,0.1928290703092414,-0.012205342574412748,0.18657922744750977
IWM,1h,14,0.25,0.0,12,26,-0.08138621593977005,-0.11391360699120134,-0.022402500996342174,0.30006996819411297,-0.07465759113171289,0.10526315789473684,0.0846435156555013,-0.02319088188218099,0.18722319602966309
IWM,1h,14,0.25,0.0,20,50,0.20822163846527006,0.22241252596662586,0.06521375434282031,0.3965090811877674,0.1644697623254138,0.013157894736842105,-0.04013474570149376,-0.0035303796531380716,0.16683268547058105
IWM,1h,14,0.25,0.25,8,21,0.2966853713993046,0.5978191993067548,0.29821919373973277,0.040440467514126034,7.374276611306818,0.5789473684210527,0.7157223600092241,-0.04911574231992488,0.18227458000183105
IWM,1h,14,0.25,0.25,9,21,0.2819781523750754,0.11958545330654458,0.3031227438494512,0.06635522985721484,4.5681816565434215,0.5657894736842105,0.7212577768164316,-0.04964699324260147,0.1943345069885254
IWM,1h,14,0.25,0.25,10,30,0.25766320456917496,0.3243349270503211,0.2707560526256091,0.07205436554215591,3.7576634057960216,0.2894736842105263,0.5674933457893231,-0.012205342574412748,0.1793076992034912
IWM,1h,14,0.25,0.25,12,26,0.24437112295981295,-0.06447808544548772,0.26097466100575284,0.05451075541479706,4.787581074961781,0.3815789473684211,0.6882574576567155,-0.024596393208903278,0.19340944290161133
IWM,1h,14,0.25,0.25,20,50,0.2383592466703777,0.3971526404260466,0.22743623161261928,0.0624116676201296,3.644130020638391,0.05263157894736842,0.03887732812158375,-0.0035303796531380716,0.18525242805480957
IWM,1h,14,0.25,0.5,8,21,0.46900851594933485,0.5601507044121972,0.5054444530436359,0.046738958773207204,10.814200108654937,0.5789473684210527,0.7529304874638442,-0.04911574231992488,0.19299817085266113
IWM,1h,14,0.25,0.5,9,21,0.48440594022689387,0.029318507659621407,0.5054129800315282,0.05739754447679322,8.805480872720524,0.5789473684210527,0.758031436581899,-0.05738358285308043,0.19118165969848633
IWM,1h,14,0.25,0.5,10,30,0.4251364447812258,0.45710928699307063,0.45285552058192324,0.062271170023972804,7.272314305441595,0.2894736842105263,0.5701667508954664,-0.012205342574412748,0.2059473991394043
IWM,1h,14,0.25,0.5,12,26,0.442136663615918,-0.057713728258206975,0.45313516108457774,0.05641458234719627,8.032234614373564,0.3815789473684211,0.7000839941476303,-0.027804923234764023,0.20334649085998535
IWM,1h,14,0.25,0.5,20,50,0.376417630138898,0.5227863745947574,0.3735617187855156,0.051048327940625166,7.317805182963271,0.05263157894736842,0.03886661942914844,-0.0035303796531380716,0.17255306243896484
IWM,1h,14,0.25,0.75,8,21,0.6137708596020138,0.5184552114046566,0.6687514135517627,0.05488053542412745,12.185584713842927,0.5789473684210527,0.7807816219934512,-0.04911574231992488,0.19352459907531738
IWM,1h,14,0.25,0.75,9,21,0.6468990973145285,-0.056162329540780154,0.6644904640917473,0.05714264797096173,11.628625688284911,0.5789473684210527,0.785765018599844,-0.06512017246356006,0.20718765258789062
IWM,1h,14,0.25,0.75,10,30,0.5594807299162166,0.5542636383141895,0.5974870696276011,0.06339847269662788,9.424313303045565,0.2894736842105263,0.5724287808589885,-0.012205342574412748,0.1852400302886963
IWM,1h,14,0.25,0.75,12,26,0.5950449419313948,-0.0821842045655874,0.6033088295407231,0.06186323487894304,9.752300065156742,0.3815789473684211,0.7082542339968391,-0.031013453260624546,0.1865406036376953
IWM,1h,14,0.25,0.75,20,50,0.4896671031382868,0.6055104420212394,0.4904399760147623,0.05393237365364584,9.093610067384981,0.05263157894736842,0.038858951843007736,-0.0035303796531380716,0.18350934982299805
IWM,1h,14,0.25,1.0,8,21,0.7308179968456675,0.4731775414117365,0.7985587557929802,0.06227852476909939,12.82237751702814,0.5789473684210527,0.8026668859537903,-0.04911574231992488,0.19341516494750977
IWM,1h,14,0.25,1.0,9,21,0.7768306649878374,-0.13680903169651748,0.7908009429808176,0.05953019354805825,13.284031108388895,0.5789473684210527,0.8076161600513755,-0.07285676207403913,0.19986677169799805
IWM,1h,14,0.25,1.0,10,30,0.6667756907756907,0.6195386463851174,0.7127074558295389,0.06657725788213639,10.704968610922142,0.2894736842105263,0.5742679715021535,-0.012205342574412748,0.1878800392150879
IWM,1h,14,0.25,1.0,12,26,0.7160697390567118,-0.12854876081492694,0.722449414855808,0.06702634124665265,10.778589453320157,0.3815789473684211,0.7145185688195652,-0.03422198328648529,0.18799495697021484
IWM,1h,14,0.25,1.0,20,50,0.5806686767323394,0.6511762338388123,0.5837588234433067,0.05989177753634291,9.746894272574831,0.05263157894736842,0.038853191031023644,-0.0035303796531380716,0.17164111137390137
IWM,1h,14,0.4,0.0,8,21,0.2814340768436327,0.3199595017151238,-0.0038893606473718507,0.34866423107501066,-0.011155031978416807,0.21052631578947367,0.03603597602124629,-0.04911574231992488,0.18820428848266602
IWM,1h,14,0.4,0.0,9,21,0.16949704544372898,0.1661300429096435,0.027892275529770492,0.3056543937087947,0.09125429276944805,0.25,0.08931970088349936,-0.04911574231992488,0.19095492362976074
IWM,1h,14,0.4,0.0,10,30,0.09586482074055319,0.07883875496444093,0.08898881688921408,0.3491627729622874,0.25486341551888647,0.09210526315789473,0.1928290703092414,-0.012205342574412748,0.18528532981872559
IWM,1h,14,0.4,0.0,12,26,0.03668025313603274,0.00992664924959663,-0.025154970642788273,0.29874182327963067,-0.08420304317163693,0.10526315789473684,0.0846435156555013,-0.02319088188218099,0.17933130264282227
IWM,1h,14,0.4,0.0,20,50,0.110317171226987,0.09457142205167735,0.06030467317546083,0.42129280335961283,0.14314194948159403,0.013157894736842105,-0.04013474570149376,-0.0035303796531380716,0.18926477432250977
IWM,1h,14,0.4,0.25,8,21,0.2962575611896438,0.22626198659274266,0.3007498064114874,0.04196199976983083,7.167194320126652,0.5789473684210527,0.7157223600092241,-0.04911574231992488,0.19475555419921875
IWM,1h,14,0.4,0.25,9,21,0.28746846712799934,0.06394235617081234,0.31488100511986433,0.06103902239860042,5.158683621497259,0.5657894736842105,0.7212577768164316,-0.04964699324260147,0.2077016830444336
IWM,1h,14,0.4,0.25,10,30,0.26027754234944694,0.21942317427226432,0.2743819206067099,0.07243942305345442,3.787743041578869,0.2894736842105263,0.5674933457893231,-0.012205342574412748,0.18086576461791992
IWM,1h,14,0.4,0.25,12,26,0.26890696429609906,0.10309674971588989,0.2730594811206148,0.05924056029774895,4.609333195840665,0.3815789473684211,0.6882574576567155,-0.024596393208903278,0.18049860000610352
IWM,1h,14,0.4,0.25,20,50,0.23161657201620625,0.2161428506992349,0.22470585101916213,0.0608671696428967,3.691741415569266,0.05263157894736842,0.03887732812158375,-0.0035303796531380716,0.17074799537658691
IWM,1h,14,0.4,0.5,8,21,0.5008408234650316,0.13537977819746838,0.5251247110593016,0.04987757922537576,10.528271804982442,0.5789473684210527,0.7529304874638442,-0.04911574231992488,0.18849444389343262
IWM,1h,14,0.4,0.5,9,21,0.5005319679017488,-0.0319259189385761,0.5333202942909103,0.05234831347020292,10.187917411980818,0.5789473684210527,0.758031436581899,-0.05738358285308043,0.19227814674377441
IWM,1h,14,0.4,0.5,10,30,0.4414867051747441,0.319161690501947,0.4611770057226017,0.06569317585498585,7.020166093668924,0.2894736842105263,0.5701667508954664,-0.012205342574412748,0.20376014709472656
IWM,1h,14,0.4,0.5,12,26,0.46842152464714837,0.1500864529747825,0.4718310680917598,0.05823698239973811,8.10191477389944,0.3815789473684211,0.7000839941476303,-0.027804923234764023,0.20440220832824707
IWM,1h,14,0.4,0.5,20,50,0.3857524602019161,0.2881695034028391,0.37542149172363654,0.051162291421099765,7.3378553089748735,0.05263157894736842,0.03886661942914844,-0.0035303796531380716,0.20812726020812988
IWM,1h,14,0.4,0.75,8,21,0.6663700388527452,0.047745164653997696,0.7007183726320061,0.06053458783184268,11.575504149437869,0.5789473684210527,0.7807816219934512,-0.04911574231992488,0.2026677131652832
IWM,1h,14,0.4,0.75,9,21,0.6705319565993724,-0.12153328397022345,0.7044279648647294,0.0528277326948605,13.334434944115285,0.5789473684210527,0.785765018599844,-0.06512017246356006,0.19586658477783203
IWM,1h,14,0.4,0.75,10,30,0.5851468352115671,0.3833277611677677,0.6094113845198739,0.06874428855030837,8.864902050355719,0.2894736842105263,0.5724287808589885,-0.012205342574412748,0.18497085571289062
IWM,1h,14,0.4,0.75,12,26,0.6251562694127998,0.16023277734842578,0.6269981790901052,0.06215226950677391,10.088097893541432,0.3815789473684211,0.7082542339968391,-0.031013453260624546,0.2027449607849121
IWM,1h,14,0.4,0.75,20,50,0.50885068374678,0.31952614180384087,0.4960718640488427,0.05718509323941949,8.674845767443546,0.05263157894736842,0.038858951843007736,-0.0035303796531380716,0.18249225616455078
IWM,1h,14,0.4,1.0,8,21,0.7989822957035982,-0.036292345178848384,0.8400864827064141,0.0698549927265882,12.026148023442001,0.5789473684210527,0.8026668859537903,-0.04911574231992488,0.18669891357421875
IWM,1h,14,0.4,1.0,9,21,0.8062517827485075,-0.2049879698631185,0.840175503303735,0.05610112975705429,14.9760888406724,0.5789473684210527,0.8076161600513755,-0.07285676207403913,0.18561410903930664
IWM,1h,14,0.4,1.0,10,30,0.6995416607021908,0.4168838210959569,0.7274759351888963,0.07319850653370454,9.93839860453884,0.2894736842105263,0.5742679715021535,-0.012205342574412748,0.17929577827453613
IWM,1h,14,0.4,1.0,12,26,0.7497069893473681,0.14167114271022974,0.750040508124737,0.06636967645712817,11.300951702080836,0.3815789473684211,0.7145185688195652,-0.03422198328648529,0.17975497245788574
IWM,1h,14,0.4,1.0,20,50,0.6071056888042179,0.31809012054230346,0.5924638555872352,0.06543887562327105,9.053698584279253,0.05263157894736842,0.038853191031023644,-0.0035303796531380716,0.16743755340576172
IWM,1h,14,0.55,0.0,8,21,0.14682471699846875,0.1426037617056557,-0.03266486156259098,0.3303742589538145,-0.09887229612267535,0.19736842105263158,0.010466450890534957,-0.03044497363259102,0.21293401718139648
IWM,1h,14,0.55,0.0,9,21,0.268988921331045,0.3051643155027266,-0.0007562430324857941,0.21537216927820527,-0.0035113312691247645,0.21052631578947367,0.032681911938732794,-0.041431119191717936,0.18547940254211426
IWM,1h,14,0.55,0.0,10,30,0.10097809665022221,0.08283932111867287,0.06008581952727896,0.40178476647663364,0.14954728138199172,0.09210526315789473,0.15646057374261554,-0.012205342574412748,0.18688654899597168
IWM,1h,14,0.55,0.0,12,26,0.006488085956291856,-0.021487948123928957,0.01721908648152177,0.3220201227368917,0.05347208222633564,0.10526315789473684,0.08209729728974702,-0.022538810088752803,0.1952805519104004
IWM,1h,14,0.55,0.0,20,50,0.14010806770125447,0.1327317041513818,0.07632820054479825,0.3924395592451271,0.19449670336909597,0.013157894736842105,-0.04013474570149376,-0.0035303796531380716,0.17475008964538574
IWM,1h,14,0.55,0.25,8,21,0.31788312107734173,0.28128936822779105,0.3197953192441915,0.041231081064928204,7.756171096765502,0.7631578947368421,1.118561131933742,-0.0264852230010727,0.1921396255493164
IWM,1h,14,0.55,0.25,9,21,0.30748657599796325,0.2258256190779626,0.32603673652172505,0.05205533285233196,6.26327253437434,0.7631578947368421,1.1689645113030132,-0.013640964372141351,0.1984090805053711
IWM,1h,14,0.55,0.25,10,30,0.27175043834707396,0.22452137925702909,0.28594273829257977,0.07252382187106664,3.9427422730276236,0.42105263157894735,0.7625859333533632,-0.012205342574412748,0.18735003471374512
IWM,1h,14,0.55,0.25,12,26,0.2798566215143,0.0601957320560258,0.2878295022570217,0.06711672903723959,4.288491206079486,0.5,0.8631644995989073,-0.019699066116795172,0.20589804649353027
IWM,1h,14,0.55,0.25,20,50,0.2417084576402924,0.27027960153018094,0.22764636027612295,0.061498563719158114,3.7016532827612405,0.06578947368421052,0.06532522983441452,-0.0035303796531380716,0.18177032470703125
IWM,1h,14,0.55,0.5,8,21,0.54369790927925,0.3747560028048331,0.5610964190210448,0.04681672218842575,11.984957356962544,0.7631578947368421,1.1748836204101871,-0.030112234332628884,0.20582842826843262
IWM,1h,14,0.55,0.5,9,21,0.5230563610985532,0.14860101178035756,0.558633874946661,0.049511560200667604,11.28289782593295,0.7631578947368421,1.2226986497352923,-0.01915970846529791,0.20236802101135254
IWM,1h,14,0.55,0.5,10,30,0.46267245933362217,0.32508335561751367,0.48253334462090675,0.06886994462348407,7.006443046512439,0.42105263157894735,0.770729119163109,-0.012205342574412748,0.19072365760803223
IWM,1h,14,0.55,0.5,12,26,0.49330251221315236,0.0963288714580921,0.4963581411302867,0.0635261769360045,7.813442663648906,0.5,0.8836002416600968,-0.021928522549584106,0.18037676811218262
IWM,1h,14,0.55,0.5,20,50,0.39881522726076235,0.35848052264094044,0.38548384499148475,0.04960503344703294,7.771063099939145,0.06578947368421052,0.06529260607469312,-0.0035303796531380716,0.17006826400756836
IWM,1h,14,0.55,0.75,8,21,0.7229856432404377,0.4296216474050265,0.7493008209803969,0.056470324580252015,13.26893065605703,0.7631578947368421,1.2173999336387258,-0.03373924566418496,0.19424986839294434
IWM,1h,14,0.55,0.75,9,21,0.6967868688115351,0.07373956404903348,0.7403250445470289,0.0529281883927978,13.987349029459102,0.7631578947368421,1.262937076713487,-0.02829239611278822,0.1926441192626953
IWM,1h,14,0.55,0.75,10,30,0.6139158003233168,0.38974741914348154,0.6378667561250773,0.07474997792421503,8.53333705023667,0.42105263157894735,0.7776237950238152,-0.012205342574412748,0.1785261631011963
IWM,1h,14,0.55,0.75,12,26,0.6603720490915329,0.09681953567901136,0.6595624053495932,0.06656564198971147,9.90845105124257,0.5,0.8988705918136628,-0.028680274869597344,0.18590807914733887
IWM,1h,14,0.55,0.75,20,50,0.5249241763478225,0.4054085666691387,0.5118046145315691,0.053613972321520785,9.546105098542185,0.06578947368421052,0.06526925948174962,-0.0035303796531380716,0.19658899307250977
IWM,1h,14,0.55,1.0,8,21,0.8658397373271494,0.45199148467128536,0.898536784693283,0.06534616777220378,13.750412844798719,0.7631578947368421,1.2508542159845515,-0.038271594659370134,0.19518399238586426
IWM,1h,14,0.55,1.0,9,21,0.8358109774189065,0.0014495398868827891,0.8843776875610029,0.05793874846926976,15.26401088953569,0.7631578947368421,1.2945380659031631,-0.03752171262048798,0.20797276496887207
IWM,1h,14,0.55,1.0,10,30,0.734327812920363,0.42346394802476417,0.7614223908528991,0.08120670829118516,9.37634841844156,0.42105263157894735,0.7832271734576604,-0.019979408757070605,0.17887067794799805
IWM,1h,14,0.55,1.0,12,26,0.7930157281984315,0.07016935308421623,0.7890594986356241,0.07025820883619432,11.230851336892195,0.5,0.9108727958111899,-0.03794225543602414,0.1869347095489502
IWM,1h,14,0.55,1.0,20,50,0.625692781752272,0.41832977949253625,0.6127215637922261,0.06060242369045771,10.11051252540422,0.06578947368421052,0.06525172553267669,-0.0035303796531380716,0.18852496147155762
IWM,1h,14,0.7,0.0,8,21,0.22024950159485088,0.24205448951092734,-0.05251992879597922,0.2961194443686151,-0.17736062185298923,0.19736842105263158,-0.0766690289252431,-0.04121787153362777,0.20516109466552734
IWM,1h,14,0.7,0.0,9,21,0.1595520305527471,0.16645210396149146,0.007296761745162214,0.29395506274645494,0.024822711597438585,0.21052631578947367,0.0002936715353692706,-0.047919261936163915,0.20020246505737305
IWM,1h,14,0.7,0.0,10,30,0.11930477088435712,0.10888978444565778,0.07420623918089668,0.401044053631593,0.185032637958183,0.09210526315789473,0.15646057374261554,-0.012205342574412748,0.18956613540649414
IWM,1h,14,0.7,0.0,12,26,0.07496188607177713,0.053500754911113724,0.10368860255050003,0.26599526009595803,0.3898137226696982,0.10526315789473684,0.0785666348216236,-0.014866152429031665,0.19523096084594727
IWM,1h,14,0.7,0.0,20,50,0.17532984932497864,0.17339597555244346,0.08431432837480725,0.3700315960559066,0.22785710537558673,0.013157894736842105,-0.04013474570149376,-0.0035303796531380716,0.17637848854064941
IWM,1h,14,0.7,0.25,8,21,0.3491012782468639,0.42291565941600506,0.3399723876037573,0.03780951738983215,8.991714548971835,0.75,1.0940292286387243,-0.04943250287372891,0.19123625755310059
IWM,1h,14,0.7,0.25,9,21,0.3154043642283075,0.06563964978517345,0.34677307194360774,0.04738353841602868,7.3184292168924,0.7631578947368421,1.1468428306720728,-0.018604060081538476,0.19500279426574707
IWM,1h,14,0.7,0.25,10,30,0.2905235159565571,0.26387355831014947,0.29161895469461674,0.06447868926795365,4.522718405188694,0.42105263157894735,0.7625859333533632,-0.012205342574412748,0.18289756774902344
IWM,1h,14,0.7,0.25,12,26,0.3042866321916336,0.1633522278088082,0.3027656151578508,0.05804174348340721,5.216342531895246,0.5,0.8826089707568122,-0.020702482587206417,0.18416452407836914
IWM,1h,14,0.7,0.25,20,50,0.2559941047067923,0.3288080523408705,0.23518402088854146,0.05928009158605463,3.9673356534399726,0.06578947368421052,0.06532522983441452,-0.0035303796531380716,0.17135095596313477
IWM,1h,14,0.7,0.5,8,21,0.5923741632832027,0.5601055830607735,0.5951060604399747,0.038756259479539514,15.355095368637096,0.7631578947368421,1.1664813618158723,-0.057647134213830165,0.18919801712036133
IWM,1h,14,0.7,0.5,9,21,0.551529580917052,-0.028618930454938796,0.5928216931567267,0.04585984235431719,12.926814893442808,0.7631578947368421,1.2179461308904034,-0.022335312162582555,0.18949151039123535
IWM,1h,14,0.7,0.5,10,30,0.495430525514933,0.37933667258563974,0.5000547098751166,0.05884773366911877,8.497433608688448,0.42105263157894735,0.770729119163109,-0.012205342574412748,0.19398880004882812
IWM,1h,14,0.7,0.5,12,26,0.528238935995231,0.22638416719657184,0.516196180172875,0.06005906342973688,8.59480902123579,0.5,0.9031065025885991,-0.02652216199599744,0.19113469123840332
IWM,1h,14,0.7,0.5,20,50,0.42050957352270424,0.43562188669886215,0.3993830284034897,0.045500003406348764,8.777648318763918,0.06578947368421052,0.06529260607469312,-0.0035303796531380716,0.1829969882965088
IWM,1h,14,0.7,0.75,8,21,0.7864184430712392,0.6583041990595073,0.793959853843433,0.04548167303520757,17.45669850862401,0.7631578947368421,1.2211340824626953,-0.0658617655539313,0.19114279747009277
IWM,1h,14,0.7,0.75,9,21,0.7393637131717417,-0.116489573261508,0.7851432911153704,0.051308011131091485,15.30254776606594,0.7631578947368421,1.271330015305881,-0.02829239611278822,0.2081747055053711
IWM,1h,14,0.7,0.75,10,30,0.6580092004259542,0.46008547563657776,0.6649809434812198,0.06402490943095042,10.386284797456659,0.42105263157894735,0.7776237950238152,-0.012205342574412748,0.23470807075500488
IWM,1h,14,0.7,0.75,12,26,0.7047611674733703,0.2510906380443181,0.6848955025940964,0.06676406224685229,10.258445629952467,0.5,0.9187721428416439,-0.0323251906554034,0.18996238708496094
IWM,1h,14,0.7,0.75,20,50,0.5529965334915019,0.5010584763166754,0.5306691339987344,0.04839601718616564,10.965140622159092,0.06578947368421052,0.06526925948174962,-0.0035303796531380716,0.17423486709594727
IWM,1h,14,0.7,1.0,8,21,0.9412114787922401,0.7220629472592892,0.9515958365121933,0.052666163337076646,18.06844805500149,0.7631578947368421,1.2639642069429633,-0.07407639689403223,0.19185471534729004
IWM,1h,14,0.7,1.0,9,21,0.8891820681541058,-0.19817013687152907,0.9376465653580199,0.0579441146928892,16.181912008280044,0.7631578947368421,1.3130942718001606,-0.03752171262048798,0.18529272079467773
IWM,1h,14,0.7,1.0,10,30,0.7874907855767332,0.5106305539328115,0.7962667394830021,0.07040251598689841,11.310202885805726,0.42105263157894735,0.7832271734576604,-0.019979408757070605,0.17800211906433105
IWM,1h,14,0.7,1.0,12,26,0.8451573167473644,0.24504439556972613,0.8191137781083302,0.07327186338215255,11.179103960222863,0.5,0.9311215753837048,-0.03811156856542586,0.1826496124267578
IWM,1h,14,0.7,1.0,20,50,0.6589291220547535,0.5316937333106679,0.6355107191615387,0.054881824331279694,11.579620883690845,0.06578947368421052,0.06525172553267669,-0.0035303796531380716,0.1837160587310791
IWM,1h,14,0.85,0.0,8,21,0.1292234799291593,0.12525983750453107,-0.05263821533966545,0.28456555482468254,-0.1849774663419655,0.3026315789473684,-0.2881491487627619,-0.0593646809916889,0.2078075408935547
IWM,1h,14,0.85,0.0,9,21,0.023822985450041443,-0.0072781839870900145,-0.04270307097963753,0.3375631405544424,-0.12650395096306538,0.3026315789473684,-0.30285140150685413,-0.0593646809916889,0.1957085132598877
IWM,1h,14,0.85,0.0,10,30,0.11638641196427972,0.10654456278226565,0.09512046814564686,0.30497842982560974,0.31189244498385627,0.17105263157894737,-0.0859001496019381,-0.05871497765676015,0.19077849388122559
IWM,1h,14,0.85,0.0,12,26,0.03114646165415477,0.003982968315904056,0.13718625874100066,0.25293502254857336,0.5423774744940889,0.21052631578947367,-0.051471359862501946,-0.05871497765676015,0.1840360164642334
IWM,1h,14,0.85,0.0,20,50,0.12046928278414992,0.10690823611156475,0.04020713838988264,0.30335257612556754,0.1325425974732438,0.039473684210526314,0.022795522269304296,-0.015781549597613354,0.18175148963928223
IWM,1h,14,0.85,0.25,8,21,0.3712617464150929,0.25924195805014016,0.37346468084625956,0.0442646843651487,8.437079947650158,0.7763157894736842,1.0393203140891811,-0.05427228298567233,0.1997225284576416
IWM,1h,14,0.85,0.25,9,21,0.3451420647758099,-0.1381977046827172,0.3781621780841402,0.047733040044835535,7.922440676917568,0.7894736842105263,1.0770678949348205,-0.05427228298567233,0.20736455917358398
IWM,1h,14,0.85,0.25,10,30,0.313004717974888,0.24335847677709355,0.3059433999428986,0.04612428734851667,6.6330217230497235,0.5131578947368421,0.700858280788114,-0.026887351513826818,0.19208455085754395
IWM,1h,14,0.85,0.25,12,26,0.3219863274076255,0.09944505543090498,0.32071109828448774,0.05140586943017388,6.238803114109745,0.5789473684210527,0.8336403183776788,-0.026887351513826818,0.18797659873962402
IWM,1h,14,0.85,0.25,20,50,0.2642967570701502,0.2356422563266818,0.2446734988829314,0.046470639783846836,5.265120084875177,0.14473684210526316,0.27042627445256234,-0.00590144198506537,0.2018604278564453
IWM,1h,14,0.85,0.5,8,21,0.6448995096179702,0.34925347028986,0.6574369897408708,0.047788446780675606,13.757237031748877,0.8026315789473685,1.1400278302016338,-0.05790940277541334,0.20087885856628418
IWM,1h,14,0.85,0.5,9,21,0.6226420692342832,-0.2534646101768431,0.6573638386697074,0.046953230042712436,14.000396523768787,0.8026315789473685,1.1755753729933458,-0.05790940277541334,0.19642043113708496
IWM,1h,14,0.85,0.5,10,30,0.5386433002040528,0.3379432102482376,0.5289410656145085,0.048037135192493544,11.01108680804851,0.5131578947368421,0.7428388563801936,-0.02866424845129123,0.18099546432495117
IWM,1h,14,0.85,0.5,12,26,0.5668849989293092,0.15230772980343343,0.5488146814395365,0.0515926589375668,10.637456815390479,0.5789473684210527,0.8848462677635617,-0.030849987378874233,0.1854407787322998
IWM,1h,14,0.85,0.5,20,50,0.44638183032500545,0.3160674476905543,0.42640427717528456,0.04212909067851403,10.121373860859334,0.14473684210526316,0.2709517686998333,-0.00590144198506537,0.17554068565368652
IWM,1h,14,0.85,0.75,8,21,0.8611696592767997,0.4021670614795345,0.8788779372060163,0.06049132152337344,14.528992177273292,0.8026315789473685,1.2139813220350169,-0.06376793478555931,0.21271276473999023
IWM,1h,14,0.85,0.75,9,21,0.8404423202634759,-0.3547076506910931,0.8750819333520312,0.058096504781049024,15.062557319928159,0.8026315789473685,1.2478515874228389,-0.06154652256515447,0.19417381286621094
IWM,1h,14,0.85,0.75,10,30,0.7172830181531654,0.39664141731530167,0.7054740074425243,0.057690259702199764,12.228650227685215,0.5131578947368421,0.773952273116185,-0.030441145388755864,0.19027256965637207
IWM,1h,14,0.85,0.75,12,26,0.7590150087041446,0.170831699039397,0.7296041394094006,0.05752211074772075,12.683890245427241,0.5789473684210527,0.9231047151629234,-0.0373620266878425,0.1890876293182373
IWM,1h,14,0.85,0.75,20,50,0.5912497695732569,0.3567228566086642,0.5701595655525553,0.046694697106093516,12.210370789152227,0.14473684210526316,0.2710877518173042,-0.00590144198506537,0.17690634727478027
IWM,1h,14,0.85,1.0,8,21,1.0333372914065906,0.42417196892263775,1.0544948315179297,0.07300477991412181,14.444188897745743,0.8026315789473685,1.2715413644071902,-0.07200097886931722,0.19521331787109375
IWM,1h,14,0.85,1.0,9,21,1.0136073481232515,-0.4434221824064817,1.0476927706278298,0.07005788825487434,14.954672439115885,0.8026315789473685,1.3040404784711992,-0.06518364235489582,0.19842910766601562
IWM,1h,14,0.85,1.0,10,30,0.8594924916120741,0.4251839210133468,0.8460312164778123,0.0670934234475129,12.609748810025494,0.5131578947368421,0.7982194442197017,-0.032218042326220164,0.1878969669342041
IWM,1h,14,0.85,1.0,12,26,0.9116348814549873,0.1621846829206639,0.8735649846338692,0.0637607814997867,13.700663073535125,0.5789473684210527,0.9529867445227153,-0.04385397248696665,0.1945507526397705
IWM,1h,14,0.85,1.0,20,50,0.7067300983068675,0.36512628048042717,0.6846384725239649,0.05231536386065087,13.086757350050995,0.14473684210526316,0.2711387350267961,-0.00590144198506537,0.18378949165344238
IWM,1h,14,1.0,0.0,8,21,-0.02667572639508317,-0.0634479482324426,-0.07908561848680282,0.27557444668476355,-0.28698458597386145,0.27631578947368424,-0.36237508909383737,-0.0593646809916889,0.1957383155822754
IWM,1h,14,1.0,0.0,9,21,-0.014412962760029438,-0.04953116106135347,-0.045178217864569895,0.2576506580908327,-0.17534679786706647,0.2894736842105263,-0.3601217366608052,-0.0593646809916889,0.19677114486694336
IWM,1h,14,1.0,0.0,10,30,0.1385019927403712,0.13319637657079797,0.09005718074161236,0.2207276248389801,0.4080014035728818,0.17105263157894737,-0.12616147584905776,-0.05871497765676015,0.18654870986938477
IWM,1h,14,1.0,0.0,12,26,0.10714354699104507,0.09369909205771276,0.06123552954320781,0.22311271456877765,0.2744600623122762,0.21052631578947367,-0.08833126194080822,-0.05871497765676015,0.19157648086547852
IWM,1h,14,1.0,0.0,20,50,0.12927593614665933,0.118181643090298,0.031649992099739774,0.2605560114288968,0.12147097250288064,0.039473684210526314,0.022795522269304296,-0.015781549597613354,0.1710188388824463
IWM,1h,14,1.0,0.25,8,21,0.38414055009960824,0.0008830199838869568,0.39121922175084944,0.04000432221433397,9.779423824625416,0.8026315789473685,1.002313249441599,-0.04892406271568339,0.1984560489654541
IWM,1h,14,1.0,0.25,9,21,0.3845012863813673,0.01971573001365967,0.3921098605088329,0.04025892100581621,9.73970118206061,0.8026315789473685,0.9490673049310356,-0.05457129263548177,0.18930649757385254
IWM,1h,14,1.0,0.25,10,30,0.3338215372615376,0.28078415702392867,0.32865098321465736,0.043015311630837515,7.640325520251461,0.5263157894736842,0.7204358840230034,-0.022950476146534782,0.19751572608947754
IWM,1h,14,1.0,0.25,12,26,0.3392615018591689,0.2248164009274385,0.3336060467141767,0.04567164231082846,7.304446037734904,0.5789473684210527,0.8422985487429343,-0.022950476146534782,0.19371318817138672
IWM,1h,14,1.0,0.25,20,50,0.26781981999324067,0.25171607362401494,0.2506762073846628,0.04128783447716179,6.071430254433019,0.14473684210526316,0.27042627445256234,-0.00590144198506537,0.17920160293579102
IWM,1h,14,1.0,0.5,8,21,0.6866283606480099,0.02405878373181336,0.6947055934012968,0.04672439698362413,14.868155358854086,0.8026315789473685,1.1237653465765294,-0.058751285104422735,0.19486594200134277
IWM,1h,14,1.0,0.5,9,21,0.6852312980635104,0.047476764723731746,0.6917346818134056,0.049461611421399695,13.985283979529319,0.8026315789473685,1.0673290985619763,-0.06434016365381323,0.19492602348327637
IWM,1h,14,1.0,0.5,10,30,0.5744069223865553,0.38626070951634084,0.5690250337987882,0.0474850268627077,11.98325180364742,0.5263157894736842,0.7691276561750545,-0.02394031299206789,0.19557595252990723
IWM,1h,14,1.0,0.5,12,26,0.5885895954625626,0.3133574212678232,0.5825970303668133,0.051031106649770216,11.41650786382538,0.5789473684210527,0.8962649619736753,-0.026830739268879356,0.17943668365478516
IWM,1h,14,1.0,0.5,20,50,0.4514851678895857,0.3370501288296748,0.4393510982286254,0.03749727693535183,11.716880108016918,0.14473684210526316,0.2709517686998333,-0.00590144198506537,0.19572162628173828
IWM,1h,14,1.0,0.75,8,21,0.9231213233748945,0.016128627542923546,0.9309690127819354,0.0596544663324073,15.606023656206716,0.8026315789473685,1.21419266415939,-0.06855046970050316,0.1891179084777832
IWM,1h,14,1.0,0.75,9,21,0.9205146977761469,0.043581046328158735,0.9254551951659513,0.063175161868991,14.649035598596594,0.8026315789473685,1.1573364572873042,-0.07408116336026449,0.2030627727508545
IWM,1h,14,1.0,0.75,10,30,0.765004381525129,0.45547364381876454,0.7587921644485353,0.05591740539508925,13.56987433675121,0.5263157894736842,0.8051568186385603,-0.024930149837601334,0.19092226028442383
IWM,1h,14,1.0,0.75,12,26,0.7854651077073476,0.3659215470857491,0.7785304389989471,0.059287104617272136,13.131530777641274,0.5789473684210527,0.9364742951390089,-0.03134754712166654,0.198988676071167
IWM,1h,14,1.0,0.75,20,50,0.5977632630326227,0.3824869704181242,0.588207935270362,0.04075249554176881,14.43366663686853,0.14473684210526316,0.2710877518173042,-0.00590144198506537,0.17944884300231934
IWM,1h,14,1.0,1.0,8,21,1.1109112355030877,-0.01465671731113194,1.1183010825217128,0.07172102919093007,15.592373605580308,0.8026315789473685,1.2847593832459914,-0.0783216165039261,0.18845224380493164
IWM,1h,14,1.0,1.0,9,21,1.107371625587086,0.016149679073818035,1.110854813112129,0.07567943613208974,14.67842349106909,0.8026315789473685,1.2280921573041301,-0.0837942917548341,0.18483424186706543
IWM,1h,14,1.0,1.0,10,30,0.9167679504472519,0.49378247098564554,0.9097584101308076,0.06389310193303444,14.238757903541982,0.5263157894736842,0.833212993167107,-0.027100527456994317,0.17912721633911133
IWM,1h,14,1.0,1.0,12,26,0.9421111618973675,0.3884568268577895,0.9342870616549546,0.06684413018453815,13.977099545998227,0.5789473684210527,0.9677658796795496,-0.03585385653048545,0.20092272758483887
IWM,1h,14,1.0,1.0,20,50,0.7143928320716112,0.3953619606067116,0.7066552529807828,0.0450008789053964,15.70314336451865,0.14473684210526316,0.2711387350267961,-0.00590144198506537,0.20046758651733398
IWM,1h,19,0.0,0.0,8,21,0.32335033316593087,0.3726832919588874,0.20247908227732894,0.25514333762499886,0.7935895334838252,0.25,0.19475831318027553,-0.04030546329869178,0.20682549476623535
IWM,1h,19,0.0,0.0,9,21,0.12537933028340303,0.11165388702560763,0.1893923542317248,0.3734055065082317,0.50720289586182,0.2631578947368421,0.221288005451605,-0.04030546329869178,0.1873621940612793
IWM,1h,19,0.0,0.0,10,30,0.18816311084332665,0.1923729937010843,0.0809761087353816,0.39265283042557014,0.20622825677231718,0.07894736842105263,0.0680158896375533,-0.010249052870188846,0.18513917922973633
IWM,1h,19,0.0,0.0,12,26,0.2747627685991043,0.3200711673433885,0.08237266651621314,0.41659730328001326,0.19772731572591787,0.11842105263157894,0.04502766845788375,-0.023473280346034353,0.19082331657409668
IWM,1h,19,0.0,0.0,20,50,0.20489420675737488,0.21969170364633217,0.18760946605245965,0.3603429863479137,0.5206413699178299,0.013157894736842105,0.04303712415552727,0.0,0.17676663398742676
IWM,1h,19,0.0,0.25,8,21,0.25009955337649875,0.2910598496386845,0.26223099130863226,0.05884897361949437,4.455999402881096,0.5131578947368421,0.6640331264124982,-0.023977303965158403,0.19250035285949707
IWM,1h,19,0.0,0.25,9,21,0.2471979117705927,0.24549003315114892,0.27707541105336986,0.059547573979668714,4.653009224993306,0.5263157894736842,0.7151062936286725,-0.023977303965158403,0.19088959693908691
IWM,1h,19,0.0,0.25,10,30,0.23863455891838278,0.37548136388977227,0.2340087155334969,0.07686100611889739,3.044570027765516,0.23684210526315788,0.3883078195444303,-0.010249052870188846,0.185194730758667
IWM,1h,19,0.0,0.25,12,26,0.26125885079335914,0.5406897023386028,0.2233124831443316,0.05401385742986673,4.134355400080201,0.3157894736842105,0.4874889552006711,-0.025445107372160547,0.1939253807067871
IWM,1h,19,0.0,0.25,20,50,0.2205891824741023,0.41562514666906236,0.22798887688756544,0.0714325209757677,3.1916677974295053,0.05263157894736842,0.12194149075561421,0.0,0.18541765213012695
IWM,1h,19,0.0,0.5,8,21,0.4039950801473626,0.2107639147257765,0.42110766272504413,0.06018101700432695,6.997350388657721,0.5131578947368421,0.6946368857719133,-0.023977303965158403,0.2072620391845703
IWM,1h,19,0.0,0.5,9,21,0.4118829512034962,0.33252872412902157,0.4331661469141701,0.05951533495254708,7.278227489764499,0.5263157894736842,0.7455946165020254,-0.023977303965158403,0.19807648658752441
IWM,1h,19,0.0,0.5,10,30,0.3807162366586482,0.5175245509894404,0.37920591553464356,0.05856077182965461,6.475425505621791,0.23684210526315788,0.3913242518125296,-0.01487887809820898,0.17932868003845215
IWM,1h,19,0.0,0.5,12,26,0.40769156590906924,0.7177487807417346,0.3669470876334399,0.04808874346995587,7.630623325866174,0.3157894736842105,0.4990415466083469,-0.027416934398286852,0.206681489944458
IWM,1h,19,0.0,0.5,20,50,0.33607777698498,0.5672829670333219,0.341653557429375,0.061206015924506744,5.582025757905567,0.05263157894736842,0.12194866579479023,0.0,0.17842984199523926
IWM,1h,19,0.0,0.75,8,21,0.5318610673270319,0.13219816729442857,0.5502742208643188,0.06577128706386881,8.366480958932149,0.5131578947368421,0.7175202578904928,-0.02847414378783808,0.18624210357666016
IWM,1h,19,0.0,0.75,9,21,0.543359452314039,0.3797507472868322,0.5597771207610457,0.06471552943250364,8.649811346206732,0.5263157894736842,0.7684222317657408,-0.023977303965158403,0.18677973747253418
IWM,1h,19,0.0,0.75,10,30,0.4963804386318925,0.6217821635011584,0.4953874486808928,0.054472930620143,9.094194915551476,0.23684210526315788,0.393705332374188,-0.0220683171473135,0.198195219039917
IWM,1h,19,0.0,0.75,12,26,0.5288570395373632,0.8545217784236085,0.4828927483080639,0.055947490066992185,8.631178051595208,0.3157894736842105,0.5071200267050495,-0.029388761424413268,0.19548416137695312
IWM,1h,19,0.0,0.75,20,50,0.43218674226704207,0.6792369069324289,0.4365069759644302,0.06377331342785837,6.844665150701563,0.05263157894736842,0.12195378885157933,0.0,0.1641833782196045
IWM,1h,19,0.0,1.0,8,21,0.635025227744446,0.05571443069735316,0.6537986728973448,0.07135208911883635,9.162992716421353,0.5131578947368421,0.7354988319837489,-0.035156921274531294,0.19632387161254883
IWM,1h,19,0.0,1.0,9,21,0.6482787852035892,0.39365389123558003,0.6611056578926395,0.06955586204419902,9.504672050107615,0.5263157894736842,0.7863759422765132,-0.02930429243648036,0.18599367141723633
IWM,1h,19,0.0,1.0,10,30,0.5891172997972253,0.6917047889999337,0.5881242866183625,0.054238080585985934,10.843383103979574,0.23684210526315788,0.39561009706043837,-0.029257756196417906,0.197890043258667
IWM,1h,19,0.0,1.0,12,26,0.6264136551486602,0.9543966544249025,0.5757128793674587,0.06426462380111399,8.958472722864972,0.3157894736842105,0.5133323502604171,-0.03136058845053935,0.1906721591949463
IWM,1h,19,0.0,1.0,20,50,0.5096961266037152,0.7558748104120949,0.5130332393883765,0.06813516090233793,7.529640094689683,0.05263157894736842,0.12195763006477012,0.0,0.17290449142456055
IWM,1h,19,0.1,0.0,8,21,0.2998367967272354,0.3390480244827081,0.1812788740091748,0.2837691788694323,0.6388250997920557,0.25,0.18046947162405025,-0.04030546329869178,0.19592523574829102
IWM,1h,19,0.1,0.0,9,21,0.19684522847073357,0.20097063938044757,0.22700649215773697,0.38044994299862694,0.5966790016277023,0.2631578947368421,0.1922168453047357,-0.04030546329869178,0.18582892417907715
IWM,1h,19,0.1,0.0,10,30,0.2371030447094591,0.257702845720742,0.07144248830694841,0.4030169592930159,0.17726918597240895,0.07894736842105263,0.0680158896375533,-0.010249052870188846,0.1943364143371582
IWM,1h,19,0.1,0.0,12,26,0.24548605440958374,0.27453624173616964,0.08328324445458266,0.3319801990618397,0.2508681080677015,0.11842105263157894,0.04502766845788375,-0.023473280346034353,0.1837294101715088
IWM,1h,19,0.1,0.0,20,50,0.24064154691759362,0.2728871183148003,0.15949650608932983,0.30912114499712745,0.5159676349245277,0.013157894736842105,0.04303712415552727,0.0,0.1774585247039795
IWM,1h,19,0.1,0.25,8,21,0.2510225968693265,0.25189130251085357,0.2696168217303706,0.054955515495580566,4.906092123766044,0.5526315789473685,0.8174228601155467,-0.017137063385185503,0.19021868705749512
IWM,1h,19,0.1,0.25,9,21,0.2424811446615514,0.09911839850256965,0.2885595703437118,0.061415033338470953,4.69851687213781,0.5657894736842105,0.8664786411239216,-0.0178604010199378,0.20412421226501465
IWM,1h,19,0.1,0.25,10,30,0.24656399390552625,0.4708338204107698,0.24073417803472924,0.07446735031523807,3.2327480031939366,0.23684210526315788,0.3883078195444303,-0.010249052870188846,0.1894528865814209
IWM,1h,19,0.1,0.25,12,26,0.26273082899809386,0.47457802633988555,0.2330891523304402,0.059153442242752784,3.9404156967551156,0.3157894736842105,0.4874889552006711,-0.025445107372160547,0.18656301498413086
IWM,1h,19,0.1,0.25,20,50,0.23270473779780926,0.49460199516423575,0.23491014739001073,0.06559191914254534,3.581388537809063,0.05263157894736842,0.12194149075561421,0.0,0.17228245735168457
IWM,1h,19,0.1,0.5,8,21,0.4108208970668355,0.16712070946126456,0.4380172170267006,0.05513802231665744,7.944013924024505,0.5526315789473685,0.8522050003547169,-0.021791366301144754,0.1969585418701172
IWM,1h,19,0.1,0.5,9,21,0.41189311373416015,0.0023682121412584856,0.44976418674259033,0.061091631909622635,7.3621242825524735,0.5657894736842105,0.9002651853183279,-0.0178604010199378,0.19266772270202637
IWM,1h,19,0.1,0.5,10,30,0.38569773685556613,0.6453310505264078,0.39280106988842123,0.05504808029061338,7.135599785037379,0.23684210526315788,0.3913242518125296,-0.01487887809820898,0.17635250091552734
IWM,1h,19,0.1,0.5,12,26,0.41818330616486565,0.6297191908733346,0.38636682290044083,0.05942375439780445,6.501891824504378,0.3157894736842105,0.4990415466083469,-0.027416934398286852,0.1873764991760254
IWM,1h,19,0.1,0.5,20,50,0.35152831215562647,0.6747158978686643,0.35721110863196104,0.060911036684112976,5.864472648601794,0.05263157894736842,0.12194866579479023,0.0,0.16861176490783691
IWM,1h,19,0.1,0.75,8,21,0.542681393982622,0.08507469465990103,0.574155584370174,0.06226247430352897,9.221534974199242,0.5526315789473685,0.8778917682004129,-0.02847414378783808,0.18934869766235352
IWM,1h,19,0.1,0.75,9,21,0.548912356886893,-0.08906313900617369,0.5810394538356166,0.06535868688793432,8.890011129383332,0.5657894736842105,0.9256636127783653,-0.02335291061415734,0.19303274154663086
IWM,1h,19,0.1,0.75,10,30,0.5003200443123759,0.7831445458145716,0.5142101569826913,0.05064300127429712,10.153627234641577,0.23684210526315788,0.393705332374188,-0.0220683171473135,0.17723512649536133
IWM,1h,19,0.1,0.75,12,26,0.5454540565866812,0.7441685329467309,0.5088623007620682,0.06529689237542627,7.793055415812907,0.3157894736842105,0.5071200267050495,-0.029388761424413268,0.18686509132385254
IWM,1h,19,0.1,0.75,20,50,0.4512017800118635,0.8168145531974751,0.4574919590972086,0.06455963959852577,7.086346236475203,0.05263157894736842,0.12195378885157933,0.0,0.18894672393798828
IWM,1h,19,0.1,1.0,8,21,0.6488792732429294,0.006033467696782813,0.6831053942878675,0.06968363494917897,9.802952942768611,0.5526315789473685,0.8979971347384407,-0.035156921274531294,0.20846796035766602
IWM,1h,19,0.1,1.0,9,21,0.6587206708025027,-0.175041513109493,0.6861962062531706,0.0693656857369668,9.892444642661097,0.5657894736842105,0.945648701103089,-0.02930429243648036,0.18096184730529785
IWM,1h,19,0.1,1.0,10,30,0.5924818998366577,0.886535782001844,0.6110626642373813,0.05086782779731356,12.012753260709372,0.23684210526315788,0.39561009706043837,-0.029257756196417906,0.1806952953338623
IWM,1h,19,0.1,1.0,12,26,0.6476562644454921,0.8221135368427177,0.6066253240183388,0.07110477168982456,8.531429179810585,0.3157894736842105,0.5133323502604171,-0.03136058845053935,0.17870259284973145
IWM,1h,19,0.1,1.0,20,50,0.531726276030825,0.9244012479642145,0.5380019551440094,0.06910063414671909,7.78577449812816,0.05263157894736842,0.12195763006477012,0.0,0.16777896881103516
IWM,1h,19,0.25,0.0,8,21,0.41740806712489115,0.5034594198163296,0.17248396694468524,0.24620063621049448,0.7005829456801906,0.25,0.18046947162405025,-0.04030546329869178,0.18343830108642578
IWM,1h,19,0.25,0.0,9,21,0.19478810292198478,0.19893410788752974,0.18730193337515316,0.3106636120878581,0.6029091470235746,0.2631578947368421,0.1922168453047357,-0.04030546329869178,0.18627285957336426
IWM,1h,19,0.25,0.0,10,30,0.2295345666932452,0.2471017248533951,0.07578759141008241,0.41460637463544886,0.18279408143861803,0.07894736842105263,0.0680158896375533,-0.010249052870188846,0.17630720138549805
IWM,1h,19,0.25,0.0,12,26,0.21530547515522058,0.22938416972340359,0.04647643888148947,0.36939037785285134,0.1258193003067438,0.11842105263157894,0.04502766845788375,-0.023473280346034353,0.18124008178710938
IWM,1h,19,0.25,0.0,20,50,0.20502864371617846,0.2245178039280029,0.1679354905597023,0.31249381067788373,0.5374042135279568,0.013157894736842105,0.04303712415552727,0.0,0.1700446605682373
IWM,1h,19,0.25,0.25,8,21,0.2828523876196617,0.4452753306803534,0.28419733142627596,0.04756642538122659,5.974746455058242,0.5526315789473685,0.8174228601155467,-0.017137063385185503,0.18410301208496094
IWM,1h,19,0.25,0.25,9,21,0.2581554730534935,0.09730385270651509,0.31006310723908104,0.05639287193274473,5.49826771739642,0.5657894736842105,0.8664786411239216,-0.0178604010199378,0.18636560440063477
IWM,1h,19,0.25,0.25,10,30,0.25910786536176045,0.4559859111034439,0.25160487353264477,0.07743534912863016,3.249225016273852,0.23684210526315788,0.3883078195444303,-0.010249052870188846,0.18137145042419434
IWM,1h,19,0.25,0.25,12,26,0.2732095255404634,0.4077076211738966,0.24067646877409152,0.06027863594787861,3.9927324994911677,0.3157894736842105,0.4874889552006711,-0.025445107372160547,0.20916104316711426
IWM,1h,19,0.25,0.25,20,50,0.23389508123571112,0.4013733822036982,0.2302592689436976,0.06201325462370819,3.713065381600977,0.05263157894736842,0.12194149075561421,0.0,0.16823363304138184
IWM,1h,19,0.25,0.5,8,21,0.45467514073252857,0.3849037329726217,0.4710097239909872,0.049876832422887284,9.443457034269324,0.5526315789473685,0.8522050003547169,-0.021791366301144754,0.18993926048278809
IWM,1h,19,0.25,0.5,9,21,0.4422069636000181,0.0009263244673574089,0.49345657197876996,0.05164187858039013,9.555356728756752,0.5657894736842105,0.9002651853183279,-0.0178604010199378,0.18638873100280762
IWM,1h,19,0.25,0.5,10,30,0.413559140942387,0.6262741854108875,0.4148634417852245,0.06407338902000416,6.474816583460276,0.23684210526315788,0.3913242518125296,-0.01487887809820898,0.18017101287841797
IWM,1h,19,0.25,0.5,12,26,0.4460495969208853,0.5390256397524877,0.40795657664301715,0.05943737420574486,6.863637266862749,0.3157894736842105,0.4990415466083469,-0.027416934398286852,0.17903590202331543
IWM,1h,19,0.25,0.5,20,50,0.3664938216669077,0.529925536123742,0.35946085836177205,0.056131487671997105,6.4039075618710175,0.05263157894736842,0.12194866579479023,0.0,0.17915654182434082
IWM,1h,19,0.25,0.75,8,21,0.5976693675956991,0.32289144559554317,0.6208002380888737,0.057675123262626374,10.763743585983004,0.5526315789473685,0.8778917682004129,-0.02847414378783808,0.18685579299926758
IWM,1h,19,0.25,0.75,9,21,0.5904078439799124,-0.0900340103087619,0.6401902211281323,0.05127237217834294,12.486065963582309,0.5657894736842105,0.9256636127783653,-0.02335291061415734,0.19730138778686523
IWM,1h,19,0.25,0.75,10,30,0.5395449821089027,0.7601596892698617,0.54500015391366,0.06654082612644507,8.190462692453146,0.23684210526315788,0.393705332374188,-0.0220683171473135,0.17451715469360352
IWM,1h,19,0.25,0.75,12,26,0.5857961706321925,0.628518780394747,0.5404251572551333,0.06661831551030695,8.112260916767262,0.3157894736842105,0.5071200267050495,-0.029388761424413268,0.17860651016235352
IWM,1h,19,0.25,0.75,20,50,0.4756865308937857,0.6163261132232143,0.465745241185114,0.061552856628542804,7.5665901908627635,0.05263157894736842,0.12195378885157933,0.0,0.17618060111999512
IWM,1h,19,0.25,1.0,8,21,0.7130353206582334,0.2597581643572673,0.7404254412015111,0.06556017662566388,11.29382926207169,0.5526315789473685,0.8979971347384407,-0.035156921274531294,0.18879485130310059
IWM,1h,19,0.25,1.0,9,21,0.7090236461340022,-0.17548617443860948,0.7571638788336034,0.05194448761328677,14.576404804885014,0.5657894736842105,0.945648701103089,-0.02930429243648036,0.20229840278625488
IWM,1h,19,0.25,1.0,10,30,0.6405843156591425,0.8600931237313356,0.6487681166598392,0.0722546947764581,8.978906058173811,0.23684210526315788,0.39561009706043837,-0.029257756196417906,0.1772458553314209
IWM,1h,19,0.25,1.0,12,26,0.6976556180042544,0.6812686582747882,0.6458963334165283,0.07407207308337872,8.719836053319035,0.3157894736842105,0.5133323502604171,-0.03136058845053935,0.18318986892700195
IWM,1h,19,0.25,1.0,20,50,0.5635167771928453,0.6663339328964197,0.5512076001365928,0.06834125878169162,8.065517228726542,0.05263157894736842,0.12195763006477012,0.0,0.17595863342285156
IWM,1h,19,0.4,0.0,8,21,0.28433005633680297,0.3131254032698423,0.03522693130663294,0.35564690174804664,0.09905029717252814,0.25,0.18046947162405025,-0.04030546329869178,0.18793892860412598
IWM,1h,19,0.4,0.0,9,21,0.23316972964680313,0.24935906209397363,0.08777967549280967,0.2811527636024716,0.3122134542377232,0.2631578947368421,0.1922168453047357,-0.04030546329869178,0.19057464599609375
IWM,1h,19,0.4,0.0,10,30,0.19968043606320054,0.20503111192493462,0.06883285245579089,0.35387659488290696,0.19451089292459922,0.07894736842105263,0.0680158896375533,-0.010249052870188846,0.18002820014953613
IWM,1h,19,0.4,0.0,12,26,0.16753868165010782,0.16704498232506304,0.002366608587634483,0.30788304115214343,0.007686713041349361,0.11842105263157894,0.04502766845788375,-0.023473280346034353,0.1926252841949463
IWM,1h,19,0.4,0.0,20,50,0.05820855924010973,0.034701133631499514,0.17583699721200025,0.3250235577711202,0.5409977000369423,0.013157894736842105,0.04303712415552727,0.0,0.17290425300598145
IWM,1h,19,0.4,0.25,8,21,0.2914683686585043,0.22011737650697283,0.284802547149147,0.048003865925156756,5.932908561847604,0.5526315789473685,0.8174228601155467,-0.017137063385185503,0.19332265853881836
IWM,1h,19,0.4,0.25,9,21,0.2784400049832828,0.15606711255154337,0.31499868546320636,0.04915628585098036,6.408105901616326,0.5657894736842105,0.8664786411239216,-0.0178604010199378,0.18979907035827637
IWM,1h,19,0.4,0.25,10,30,0.2673732429875236,0.3950623778673863,0.2560560078276114,0.073741489895745,3.4723465472371235,0.23684210526315788,0.3883078195444303,-0.010249052870188846,0.17566514015197754
IWM,1h,19,0.4,0.25,12,26,0.27510776901899886,0.31891317637421635,0.25707040256475006,0.05874795649837271,4.375818630761579,0.3157894736842105,0.4874889552006711,-0.025445107372160547,0.21077680587768555
IWM,1h,19,0.4,0.25,20,50,0.22102920100217582,0.13405197279746783,0.22815803236274693,0.05769072232060224,3.9548479059564174,0.05263157894736842,0.12194149075561421,0.0,0.18688035011291504
IWM,1h,19,0.4,0.5,8,21,0.4927011787246347,0.1299795919475517,0.493172518678122,0.04838631374273126,10.192396992676631,0.5526315789473685,0.8522050003547169,-0.021791366301144754,0.19847917556762695
IWM,1h,19,0.4,0.5,9,21,0.47433071132933907,0.06646920723117433,0.52006765958685,0.04404100367006429,11.808714975775,0.5657894736842105,0.9002651853183279,-0.0178604010199378,0.1819162368774414
IWM,1h,19,0.4,0.5,10,30,0.43704291281423513,0.5452596908483203,0.42822518647343283,0.06226416143190899,6.877554866642385,0.23684210526315788,0.3913242518125296,-0.01487887809820898,0.19022274017333984
IWM,1h,19,0.4,0.5,12,26,0.4586589906576597,0.4230830543510127,0.4363602854609353,0.05942994144427575,7.3424316911045056,0.3157894736842105,0.4990415466083469,-0.027416934398286852,0.18825769424438477
IWM,1h,19,0.4,0.5,20,50,0.37583692278834324,0.18513030373668293,0.3622875338884655,0.05545154531765775,6.533407352546769,0.05263157894736842,0.12194866579479023,0.0,0.1848158836364746
IWM,1h,19,0.4,0.75,8,21,0.6555906414322724,0.043122754667680896,0.6572118814096057,0.05728479835839169,11.472710042512183,0.5526315789473685,0.8778917682004129,-0.02847414378783808,0.18830442428588867
IWM,1h,19,0.4,0.75,9,21,0.6322940904938962,-0.019173644051952876,0.6817143081006696,0.04459431952884838,15.287021201425974,0.5657894736842105,0.9256636127783653,-0.02335291061415734,0.21746397018432617
IWM,1h,19,0.4,0.75,10,30,0.5739595455006347,0.658689677657303,0.5646989444460324,0.06265629587973355,9.012644882965173,0.23684210526315788,0.393705332374188,-0.0220683171473135,0.17861008644104004
IWM,1h,19,0.4,0.75,12,26,0.6056527669249223,0.48604925936303633,0.5769824864791663,0.06452571492724142,8.941899940663443,0.3157894736842105,0.5071200267050495,-0.029388761424413268,0.18357300758361816
IWM,1h,19,0.4,0.75,20,50,0.4982238694513585,0.19789985845570213,0.47260057564791397,0.0641034609442129,7.372465833930596,0.05263157894736842,0.12195378885157933,0.0,0.1755504608154297
IWM,1h,19,0.4,1.0,8,21,0.7861028532961798,-0.04012304115283605,0.7876259472896566,0.06623352352565251,11.891651015434894,0.5526315789473685,0.8979971347384407,-0.035156921274531294,0.18714261054992676
IWM,1h,19,0.4,1.0,9,21,0.7587401402396667,-0.10066502933529553,0.8101181978400911,0.04703687244458352,17.22304557545852,0.5657894736842105,0.945648701103089,-0.02930429243648036,0.19323134422302246
IWM,1h,19,0.4,1.0,10,30,0.6834711555575753,0.7385622664270914,0.6733568688023276,0.06587447289963183,10.221817938919568,0.23684210526315788,0.39561009706043837,-0.029257756196417906,0.19420409202575684
IWM,1h,19,0.4,1.0,12,26,0.723025375028108,0.5139363507744228,0.6886069796183092,0.06965652714527568,9.885749517516862,0.3157894736842105,0.5133323502604171,-0.03136058845053935,0.17802929878234863
IWM,1h,19,0.4,1.0,20,50,0.5956612140391777,0.18091713020968925,0.5613232912882391,0.07310456423771197,7.678361770449798,0.05263157894736842,0.12195763006477012,0.0,0.1818687915802002
IWM,1h,19,0.55,0.0,8,21,0.14337819663095094,0.13538534980882733,0.004750209661886734,0.3604765522698506,0.01317758293008405,0.23684210526315788,0.15519486720903625,-0.04030546329869178,0.1878039836883545
IWM,1h,19,0.55,0.0,9,21,0.2584252688260222,0.29059211829713294,0.05790263329044313,0.22847631432198795,0.2534294789473971,0.23684210526315788,0.18245045278124933,-0.04030546329869178,0.1857590675354004
IWM,1h,19,0.55,0.0,10,30,0.22424664877773035,0.2303053682425027,0.06572366475124318,0.3736759075728084,0.1758841376157957,0.09210526315789473,0.08550097742378238,-0.010249052870188846,0.18590044975280762
IWM,1h,19,0.55,0.0,12,26,0.11237645744257414,0.09621456628631475,0.06135200915026211,0.32618439952401884,0.18808995537428946,0.11842105263157894,0.04370577549788315,-0.020038141910025398,0.179168701171875
IWM,1h,19,0.55,0.0,20,50,0.11514739723988832,0.1024345660252699,0.16053968734069388,0.3216682350100003,0.49908467752715113,0.013157894736842105,0.04303712415552727,0.0,0.18866181373596191
IWM,1h,19,0.55,0.25,8,21,0.3133844276688695,0.27295377399958376,0.30662067347787325,0.050257172851950686,6.101033068078203,0.7631578947368421,1.2127222177488308,-0.01510858881445154,0.19531011581420898
IWM,1h,19,0.55,0.25,9,21,0.2983601366339975,0.20495867466254958,0.32541676254465346,0.045120064172812994,7.2122406851702285,0.7763157894736842,1.2763529155639655,-0.014452661142921541,0.1952357292175293
IWM,1h,19,0.55,0.25,10,30,0.2784821695946052,0.43173767847102607,0.2764175856320187,0.07126341647667159,3.8788146751637322,0.40789473684210525,0.6852431256545596,-0.010249052870188846,0.18515515327453613
IWM,1h,19,0.55,0.25,12,26,0.28856052185401315,0.22297188743234342,0.276915993464991,0.06673337112677538,4.149587961605078,0.47368421052631576,0.7552573689321905,-0.0179412695034582,0.19954872131347656
IWM,1h,19,0.55,0.25,20,50,0.2379434840052286,0.22834639719085992,0.219929849196433,0.04142013982951177,5.309732176223446,0.06578947368421052,0.14838939246844496,0.0,0.16806316375732422
IWM,1h,19,0.55,0.5,8,21,0.5362054092767975,0.3656260212468956,0.5359769547557626,0.049034200641450566,10.930675890384146,0.7631578947368421,1.2586490813023925,-0.021791366301144754,0.19137096405029297
IWM,1h,19,0.55,0.5,9,21,0.507511627129572,0.12197542196937206,0.5456158935695179,0.04518281333353598,12.075739718592205,0.7763157894736842,1.323029793776886,-0.019057739352915104,0.19097232818603516
IWM,1h,19,0.55,0.5,10,30,0.4556181471685766,0.5941495683194247,0.4610988911384052,0.06836578936303497,6.744585200207151,0.40789473684210525,0.6908479814963174,-0.010249052870188846,0.18739557266235352
IWM,1h,19,0.55,0.5,12,26,0.49373007765819654,0.30263449312858914,0.46798740046266685,0.06306277715948735,7.420976708322168,0.47368421052631576,0.7728776586192011,-0.018412929322910054,0.20180463790893555
IWM,1h,19,0.55,0.5,20,50,0.39644261453731167,0.30536601596042945,0.36301427198035163,0.03954059470113112,9.180799497938938,0.06578947368421052,0.1483746524403349,0.0,0.17311930656433105
IWM,1h,19,0.55,0.75,8,21,0.7130637006097756,0.42000653923889075,0.7155602364427824,0.05564683482921395,12.858956643965698,0.7631578947368421,1.293478050315095,-0.02847414378783808,0.18864011764526367
IWM,1h,19,0.55,0.75,9,21,0.6761556207319382,0.041930862058842555,0.7184530918128573,0.04823458679605584,14.894977640227355,0.7763157894736842,1.358174943729703,-0.024715770279677973,0.19201040267944336
IWM,1h,19,0.55,0.75,10,30,0.5986191319031985,0.7201014092082787,0.607408795384343,0.07753689466773764,7.833803481390647,0.40789473684210525,0.6955156801460761,-0.010249052870188846,0.18655896186828613
IWM,1h,19,0.55,0.75,12,26,0.6563054866777526,0.34282344292732336,0.6185339202225288,0.06811515649493402,9.080709082251488,0.47368421052631576,0.7858078481994744,-0.020674061510120634,0.18621611595153809
IWM,1h,19,0.55,0.75,20,50,0.5230532645361162,0.34215898289618685,0.47990772804583226,0.05136852311537126,9.34244745499072,0.06578947368421052,0.14836409649032123,0.0,0.18357491493225098
IWM,1h,19,0.55,1.0,8,21,0.853968256124225,0.4421756977476592,0.8581221278555173,0.06278691369861518,13.667213075237427,0.7631578947368421,1.3209067538797623,-0.035156921274531294,0.18937087059020996
IWM,1h,19,0.55,1.0,9,21,0.8111271737291651,-0.03494167235645129,0.8556127432929557,0.052212160357508954,16.387231201206266,0.7763157894736842,1.3858051399001028,-0.034152460999913425,0.2017197608947754
IWM,1h,19,0.55,1.0,10,30,0.7130064279930847,0.8123625895695599,0.7238504252676853,0.08752399596968914,8.270308242306092,0.40789473684210525,0.6992886677622705,-0.011278270720717076,0.20382118225097656
IWM,1h,19,0.55,1.0,12,26,0.7857790197875736,0.35048430639468364,0.7381709937941018,0.07398707632846888,9.97702612976568,0.47368421052631576,0.7959050754180378,-0.028792624165166925,0.18039274215698242
IWM,1h,19,0.55,1.0,20,50,0.6241021578006536,0.3463871409551915,0.5738055131013333,0.06258698184226409,9.168128837838458,0.06578947368421052,0.14835616456642317,0.0,0.17523837089538574
IWM,1h,19,0.7,0.0,8,21,0.16006732881482608,0.16249708923671924,-0.021114167208078592,0.2936587695209076,-0.07190034625060067,0.2236842105263158,0.09749994556088859,-0.04121787153362777,0.18754315376281738
IWM,1h,19,0.7,0.0,9,21,0.1908342223249865,0.20930742028083027,0.028892533591602078,0.2625419108744503,0.11004922412337712,0.23684210526315788,0.15944654658220933,-0.040939396951718554,0.2098524570465088
IWM,1h,19,0.7,0.0,10,30,0.13218283976262366,0.12353635637257065,0.0751227709897479,0.39436894721400223,0.19048855524870453,0.09210526315789473,0.08550097742378238,-0.010249052870188846,0.19316363334655762
IWM,1h,19,0.7,0.0,12,26,0.1355446294224053,0.12687061823557588,0.13542784267286784,0.2706667302447122,0.5003490549075844,0.11842105263157894,0.03487302535544651,-0.014866152429031665,0.20016980171203613
IWM,1h,19,0.7,0.0,20,50,0.154230057475303,0.1472259707122643,0.1063633961030799,0.3327209962919696,0.3196774393213941,0.013157894736842105,0.04303712415552727,0.0,0.18361854553222656
IWM,1h,19,0.7,0.25,8,21,0.337669734862187,0.31138499235064954,0.333387840761325,0.04175543301188628,7.984298490364629,0.75,1.16219564967425,-0.04943250287372891,0.2257237434387207
IWM,1h,19,0.7,0.25,9,21,0.31510260935437684,0.11235945681382464,0.3414830076973735,0.04743082998692304,7.199600086937598,0.7763157894736842,1.2165255151303374,-0.02308808397275197,0.2128462791442871
IWM,1h,19,0.7,0.25,10,30,0.29181702109077606,0.2808875060702747,0.2826167038270466,0.06488616564456423,4.355577202314197,0.40789473684210525,0.6853457934459237,-0.010249052870188846,0.1794908046722412
IWM,1h,19,0.7,0.25,12,26,0.3098271930510909,0.2667761146365455,0.2933822296010766,0.05864425056701536,5.002744970980844,0.47368421052631576,0.7744181646528443,-0.0201532675104501,0.18099570274353027
IWM,1h,19,0.7,0.25,20,50,0.2551974591772755,0.2912708888568858,0.2288312062110202,0.057149017308307626,4.004114453561313,0.06578947368421052,0.14838939246844496,0.0,0.1652672290802002
IWM,1h,19,0.7,0.5,8,21,0.5787171894846194,0.41572929400816405,0.5800455050872623,0.04378948497033543,13.246228072337594,0.7631578947368421,1.2244586984140313,-0.057647134213830165,0.1891787052154541
IWM,1h,19,0.7,0.5,9,21,0.5467847544913105,0.02093300727024583,0.5811190024503258,0.05265785210970769,11.035752108529206,0.7763157894736842,1.2800518052261838,-0.03128200170257944,0.1831514835357666
IWM,1h,19,0.7,0.5,10,30,0.4962078918099567,0.39808972458077196,0.4823038579842406,0.0612746668235636,7.87117879193049,0.40789473684210525,0.6909516887205536,-0.010249052870188846,0.20277929306030273
IWM,1h,19,0.7,0.5,12,26,0.529434064311603,0.3600172392858283,0.49283320117386353,0.060850892223145096,8.099029992306518,0.47368421052631576,0.7922047300064954,-0.025426347856368547,0.17943572998046875
IWM,1h,19,0.7,0.5,20,50,0.4229758222531625,0.3863274700080723,0.3851562699776819,0.04277619575059645,9.003986053909701,0.06578947368421052,0.1483746524403349,0.0,0.17312240600585938
IWM,1h,19,0.7,0.75,8,21,0.7700772824729739,0.481632815114015,0.7726318893966855,0.050824680099349255,15.201903639853466,0.7631578947368421,1.2717386392611236,-0.0658617655539313,0.20531105995178223
IWM,1h,19,0.7,0.75,9,21,0.7317287512368273,-0.06502267837611275,0.7687303244268392,0.06018796199357331,12.772160727238479,0.7763157894736842,1.3283692314563424,-0.039447905618514634,0.19192957878112793
IWM,1h,19,0.7,0.75,10,30,0.6586071768741775,0.47994890693565617,0.6405383487269433,0.06942465163141368,9.226381892813254,0.40789473684210525,0.6956168977432307,-0.010249052870188846,0.18388700485229492
IWM,1h,19,0.7,0.75,12,26,0.70365860899307,0.4135694649427424,0.6513869109767302,0.06895520825924537,9.446522277588707,0.47368421052631576,0.8055674187742229,-0.030685393466786337,0.19155359268188477
IWM,1h,19,0.7,0.75,20,50,0.5575199564799633,0.440170451767566,0.510647645972403,0.043008090541782305,11.873292665162836,0.06578947368421052,0.14836409649032123,0.0,0.17631268501281738
IWM,1h,19,0.7,1.0,8,21,0.9225468118777019,0.5147821080265556,0.9253600015433138,0.058088642072153,15.930136572893314,0.7631578947368421,1.3088276792479194,-0.07407639689403223,0.1928081512451172
IWM,1h,19,0.7,1.0,9,21,0.8793682432694374,-0.14559553077251408,0.917545156192913,0.0672594064889521,13.641886006585967,0.7763157894736842,1.366277424825072,-0.047585795720556656,0.18483543395996094
IWM,1h,19,0.7,1.0,10,30,0.7879920556013219,0.5309958616471702,0.766538228698828,0.0784325336638534,9.773217731102019,0.40789473684210525,0.6993856993436273,-0.011278270720717076,0.17837882041931152
IWM,1h,19,0.7,1.0,12,26,0.8424501579173487,0.4338593283949368,0.7777031094803518,0.07683557337324928,10.12165427207072,0.47368421052631576,0.8160324422864406,-0.035930404341704025,0.17744994163513184
IWM,1h,19,0.7,1.0,20,50,0.6649898643180759,0.45981705275714835,0.6109631898175965,0.04704912975697247,12.985642730768138,0.06578947368421052,0.14835616456642317,0.0,0.18139886856079102
IWM,1h,19,0.85,0.0,8,21,0.112281467790121,0.104026064881658,-0.03753868418931419,0.28572176104742253,-0.1313819572289551,0.3026315789473684,-0.2751740984585952,-0.0593646809916889,0.2079176902770996
IWM,1h,19,0.85,0.0,9,21,0.019591750073947384,-0.012554269334655088,-0.03531937785175032,0.3415698632593204,-0.10340308572520576,0.3026315789473684,-0.29450431590720827,-0.0593646809916889,0.18354225158691406
IWM,1h,19,0.85,0.0,10,30,0.11528743616236717,0.10495569820873785,0.11364127183813907,0.2992710384790848,0.3797269271883826,0.17105263157894737,-0.07663646382737788,-0.05871497765676015,0.18371820449829102
IWM,1h,19,0.85,0.0,12,26,0.01976079966334699,-0.008549391265120665,0.12895923955782196,0.25261574528914343,0.5104956518455154,0.21052631578947367,-0.045304214753025575,-0.05871497765676015,0.19609618186950684
IWM,1h,19,0.85,0.0,20,50,0.12252560736092494,0.1091923476186174,0.050148963039825155,0.28670841092835,0.17491277244865222,0.039473684210526314,0.022795522269304296,-0.015781549597613354,0.18037056922912598
IWM,1h,19,0.85,0.25,8,21,0.36636679214670537,0.22957512262369661,0.371577548956507,0.045480045208786804,8.170122682391655,0.7763157894736842,1.0557645880079662,-0.05809400897008321,0.20243263244628906
IWM,1h,19,0.85,0.25,9,21,0.341294325476305,-0.14360333188276242,0.37649051081282614,0.048927384161830935,7.694883290051967,0.7894736842105263,1.0763195628899254,-0.05809400897008321,0.19636154174804688
IWM,1h,19,0.85,0.25,10,30,0.31100028311458217,0.24098791198518588,0.30222087490067745,0.049298692219894615,6.130403491286031,0.5131578947368421,0.7000245938039985,-0.031100217328714597,0.20641779899597168
IWM,1h,19,0.85,0.25,12,26,0.3209815283370735,0.08271174183104457,0.31395595478632493,0.05491765128841102,5.716849636149268,0.5789473684210527,0.8338704587745911,-0.031100217328714597,0.1762254238128662
IWM,1h,19,0.85,0.25,20,50,0.2645187936592215,0.23854393263034845,0.240814629472995,0.048328098912375196,4.982911285412274,0.14473684210526316,0.27042627445256234,-0.00590144198506537,0.16454386711120605
IWM,1h,19,0.85,0.5,8,21,0.6379040476454025,0.31115252320235065,0.6523728203876289,0.04809736201736681,13.563588376262146,0.8026315789473685,1.1521447238192166,-0.0624951681880509,0.1817789077758789
IWM,1h,19,0.85,0.5,9,21,0.6163105263655468,-0.25875709558372184,0.6535162905828426,0.04592384849010448,14.23043390459012,0.8026315789473685,1.1730964413997378,-0.0624951681880509,0.18604183197021484
IWM,1h,19,0.85,0.5,10,30,0.5351053629978696,0.33469953686060183,0.520130160203685,0.04889542290023916,10.6376042858838,0.5131578947368421,0.7403483784512294,-0.03371935036618501,0.17696285247802734
IWM,1h,19,0.85,0.5,12,26,0.566332129606143,0.13177474538162448,0.5380596002343004,0.05508973663206061,9.766966283174524,0.5789473684210527,0.8850715463430878,-0.03371935036618501,0.17876768112182617
IWM,1h,19,0.85,0.5,20,50,0.44650233541299206,0.31941678194109446,0.4181741332897908,0.042365462299199186,9.870637793033014,0.14473684210526316,0.2709517686998333,-0.00590144198506537,0.1799473762512207
IWM,1h,19,0.85,0.75,8,21,0.8522880788504377,0.35602440493941856,0.871544651114551,0.060155745505887544,14.48813648281113,0.8026315789473685,1.2226279227152128,-0.06689632740601881,0.19466638565063477
IWM,1h,19,0.85,0.75,9,21,0.832088539828919,-0.3597204518590166,0.8696271941579947,0.05534686377871304,15.712312040568811,0.8026315789473685,1.2441856422872817,-0.06689632740601881,0.1929922103881836
IWM,1h,19,0.85,0.75,10,30,0.7125233761128211,0.3924647725135637,0.6928975240653787,0.05688641118604253,12.180369786367994,0.5131578947368421,0.7702978125607738,-0.036338483403655086,0.19205260276794434
IWM,1h,19,0.85,0.75,12,26,0.7586167838659774,0.14707805553928965,0.7155444859633333,0.06069704656124691,11.788785888310176,0.5789473684210527,0.9233232261582887,-0.036338483403655086,0.1989448070526123
IWM,1h,19,0.85,0.75,20,50,0.5913313218365782,0.3603248370820269,0.5586597005016022,0.04532429069371094,12.32583438044007,0.14473684210526316,0.2710877518173042,-0.00590144198506537,0.1923210620880127
IWM,1h,19,0.85,1.0,8,21,1.0229061810977804,0.3706684353754992,1.045400157470409,0.07226949498207937,14.465303206140245,0.8026315789473685,1.2774079067556037,-0.07200097886931722,0.23070883750915527
IWM,1h,19,0.85,1.0,9,21,1.0036264808252915,-0.4480480407173978,1.0409769049092596,0.06616161104219269,15.733850619892042,0.8026315789473685,1.2994621266032576,-0.07129748662398605,0.1858367919921875
IWM,1h,19,0.85,1.0,10,30,0.8537532702840337,0.42004440642366614,0.8305010036034671,0.06527827282835771,12.722472081747343,0.5131578947368421,0.7936667998482493,-0.03895761644112572,0.1820995807647705
IWM,1h,19,0.85,1.0,12,26,0.9113169428012213,0.13587990082632073,0.8568419633304722,0.06657557142396738,12.870215681273251,0.5789473684210527,0.9531954276215807,-0.04167280826324449,0.18435978889465332
IWM,1h,19,0.85,1.0,20,50,0.706789907841206,0.3687839607537342,0.6705717185408352,0.04976719526000623,13.474171390159054,0.14473684210526316,0.2711387350267961,-0.00590144198506537,0.18724322319030762
IWM,1h,19,1.0,0.0,8,21,-0.02667572639508317,-0.0634479482324426,-0.07908561848680282,0.27557444668476355,-0.28698458597386145,0.27631578947368424,-0.36237508909383737,-0.0593646809916889,0.19256091117858887
IWM,1h,19,1.0,0.0,9,21,-0.014412962760029438,-0.04953116106135347,-0.045178217864569895,0.2576506580908327,-0.17534679786706647,0.2894736842105263,-0.3601217366608052,-0.0593646809916889,0.1898794174194336
IWM,1h,19,1.0,0.0,10,30,0.1385019927403712,0.13319637657079797,0.09005718074161236,0.2207276248389801,0.4080014035728818,0.17105263157894737,-0.12616147584905776,-0.05871497765676015,0.18613386154174805
IWM,1h,19,1.0,0.0,12,26,0.10714354699104507,0.09369909205771276,0.06123552954320781,0.22311271456877765,0.2744600623122762,0.21052631578947367,-0.08833126194080822,-0.05871497765676015,0.18718171119689941
IWM,1h,19,1.0,0.0,20,50,0.12927593614665933,0.118181643090298,0.031649992099739774,0.2605560114288968,0.12147097250288064,0.039473684210526314,0.022795522269304296,-0.015781549597613354,0.18640756607055664
IWM,1h,19,1.0,0.25,8,21,0.38414055009960824,0.0008830199838869568,0.39121922175084944,0.04000432221433397,9.779423824625416,0.8026315789473685,1.002313249441599,-0.04892406271568339,0.19463253021240234
IWM,1h,19,1.0,0.25,9,21,0.3845012863813673,0.01971573001365967,0.3921098605088329,0.04025892100581621,9.73970118206061,0.8026315789473685,0.9490673049310356,-0.05457129263548177,0.18902921676635742
IWM,1h,19,1.0,0.25,10,30,0.3338215372615376,0.28078415702392867,0.32865098321465736,0.043015311630837515,7.640325520251461,0.5263157894736842,0.7204358840230034,-0.022950476146534782,0.1866300106048584
IWM,1h,19,1.0,0.25,12,26,0.3392615018591689,0.2248164009274385,0.3336060467141767,0.04567164231082846,7.304446037734904,0.5789473684210527,0.8422985487429343,-0.022950476146534782,0.1862783432006836
IWM,1h,19,1.0,0.25,20,50,0.26781981999324067,0.25171607362401494,0.2506762073846628,0.04128783447716179,6.071430254433019,0.14473684210526316,0.27042627445256234,-0.00590144198506537,0.17365336418151855
IWM,1h,19,1.0,0.5,8,21,0.6866283606480099,0.02405878373181336,0.6947055934012968,0.04672439698362413,14.868155358854086,0.8026315789473685,1.1237653465765294,-0.058751285104422735,0.19429373741149902
IWM,1h,19,1.0,0.5,9,21,0.6852312980635104,0.047476764723731746,0.6917346818134056,0.049461611421399695,13.985283979529319,0.8026315789473685,1.0673290985619763,-0.06434016365381323,0.1952064037322998
IWM,1h,19,1.0,0.5,10,30,0.5744069223865553,0.38626070951634084,0.5690250337987882,0.0474850268627077,11.98325180364742,0.5263157894736842,0.7691276561750545,-0.02394031299206789,0.18441247940063477
IWM,1h,19,1.0,0.5,12,26,0.5885895954625626,0.3133574212678232,0.5825970303668133,0.051031106649770216,11.41650786382538,0.5789473684210527,0.8962649619736753,-0.026830739268879356,0.18805623054504395
IWM,1h,19,1.0,0.5,20,50,0.4514851678895857,0.3370501288296748,0.4393510982286254,0.03749727693535183,11.716880108016918,0.14473684210526316,0.2709517686998333,-0.00590144198506537,0.18521785736083984
IWM,1h,19,1.0,0.75,8,21,0.9231213233748945,0.016128627542923546,0.9309690127819354,0.0596544663324073,15.606023656206716,0.8026315789473685,1.21419266415939,-0.06855046970050316,0.19567203521728516
IWM,1h,19,1.0,0.75,9,21,0.9205146977761469,0.043581046328158735,0.9254551951659513,0.063175161868991,14.649035598596594,0.8026315789473685,1.1573364572873042,-0.07408116336026449,0.2066507339477539
IWM,1h,19,1.0,0.75,10,30,0.765004381525129,0.45547364381876454,0.7587921644485353,0.05591740539508925,13.56987433675121,0.5263157894736842,0.8051568186385603,-0.024930149837601334,0.18224644660949707
IWM,1h,19,1.0,0.75,12,26,0.7854651077073476,0.3659215470857491,0.7785304389989471,0.059287104617272136,13.131530777641274,0.5789473684210527,0.9364742951390089,-0.03134754712166654,0.17831087112426758
IWM,1h,19,1.0,0.75,20,50,0.5977632630326227,0.3824869704181242,0.588207935270362,0.04075249554176881,14.43366663686853,0.14473684210526316,0.2710877518173042,-0.00590144198506537,0.17411589622497559
IWM,1h,19,1.0,1.0,8,21,1.1109112355030877,-0.01465671731113194,1.1183010825217128,0.07172102919093007,15.592373605580308,0.8026315789473685,1.2847593832459914,-0.0783216165039261,0.18759584426879883
IWM,1h,19,1.0,1.0,9,21,1.107371625587086,0.016149679073818035,1.110854813112129,0.07567943613208974,14.67842349106909,0.8026315789473685,1.2280921573041301,-0.0837942917548341,0.19875144958496094
IWM,1h,19,1.0,1.0,10,30,0.9167679504472519,0.49378247098564554,0.9097584101308076,0.06389310193303444,14.238757903541982,0.5263157894736842,0.833212993167107,-0.027100527456994317,0.17930984497070312
IWM,1h,19,1.0,1.0,12,26,0.9421111618973675,0.3884568268577895,0.9342870616549546,0.06684413018453815,13.977099545998227,0.5789473684210527,0.9677658796795496,-0.03585385653048545,0.1892549991607666
IWM,1h,19,1.0,1.0,20,50,0.7143928320716112,0.3953619606067116,0.7066552529807828,0.0450008789053964,15.70314336451865,0.14473684210526316,0.2711387350267961,-0.00590144198506537,0.17470145225524902
