ticker,timeframe,n_mu,x_zero,bear_alloc,fast_period,slow_period,in_sample_sharpe,in_sample_return,mc_sharpe_mean,mc_sharpe_std,mc_robust_sharpe,wf_pos_sharpe_frac,wf_mean_sharpe,wf_worst_return,runtime_s
IWM,1d,1,0.0,0.0,8,21,0.17436498054982122,0.15926054736522444,0.35401463608613704,0.1880272141611599,1.8827840303090795,0.42857142857142855,0.22067815730235538,-0.09542034945270328,0.12795209884643555
IWM,1d,1,0.0,0.0,9,21,0.12052268311442729,0.07112897288106912,0.2868660287843323,0.19529719329818537,1.4688691831138454,0.37142857142857144,-0.048440204183424415,-0.09542034945270328,0.12413811683654785
IWM,1d,1,0.0,0.0,10,30,0.14407129898148294,0.10886990685489906,0.22909554498355633,0.250663843876285,0.9139552854564311,0.2,-0.169821653070403,-0.09534534577238574,0.14458107948303223
IWM,1d,1,0.0,0.0,12,26,0.16533879583193994,0.14430841028588492,0.18143666639415507,0.24553960269059658,0.7389303574901628,0.2857142857142857,0.032593241062800746,-0.09534534577238574,0.10959720611572266
IWM,1d,1,0.0,0.0,20,50,0.13496292494243406,0.09409514026056387,0.21233375392719997,0.2542014875099894,0.8352970551317324,0.02857142857142857,0.10219107296242336,-0.004448458586258308,0.11601400375366211
IWM,1d,1,0.0,0.25,8,21,0.39809798799165325,0.2584819210807019,0.4352078744573709,0.05261207796429487,8.272014550589017,0.9142857142857143,1.3941392060738602,-0.046955555242871205,0.10819053649902344
IWM,1d,1,0.0,0.25,9,21,0.37265105503755874,0.14011124212688197,0.41553322232820766,0.05281300027619226,7.868010151953575,0.9142857142857143,1.3556059156876648,-0.046955555242871205,0.10854625701904297
IWM,1d,1,0.0,0.25,10,30,0.349274685119834,0.20765546871094287,0.3716377010281705,0.06463930643031444,5.749407311924381,0.6571428571428571,0.9936281366567974,-0.0479400249104911,0.10861778259277344
IWM,1d,1,0.0,0.25,12,26,0.3546218209170664,0.25506285223262837,0.3597594046759581,0.06334969374007676,5.678944655234607,0.7714285714285715,1.234020399401457,-0.0479400249104911,0.10741043090820312
IWM,1d,1,0.0,0.25,20,50,0.2459428518488791,-0.043121087531337254,0.2985093809190277,0.08597949579888677,3.4718670788354715,0.22857142857142856,0.4911583405018952,0.0,0.1000223159790039
IWM,1d,1,0.0,0.5,8,21,0.663272162217395,0.2992418612765546,0.6779425968761499,0.044907945153081656,15.096272932666757,0.9142857142857143,1.5016823059234135,-0.05986390702962363,0.13959026336669922
IWM,1d,1,0.0,0.5,9,21,0.6313798892907617,0.15398521363049222,0.6605131356566589,0.049202342448378907,13.424424586078242,0.9142857142857143,1.47037718758549,-0.05986390702962363,0.11416268348693848
IWM,1d,1,0.0,0.5,10,30,0.5784892947834269,0.25535220908851586,0.5897891324365038,0.04810013307905221,12.261694400453939,0.6571428571428571,1.0723571637452372,-0.061045191865317205,0.09873628616333008
IWM,1d,1,0.0,0.5,12,26,0.5815117822828568,0.31342474394422015,0.5851508511775989,0.05182930298603558,11.289961806649352,0.7714285714285715,1.3065784841018189,-0.061045191865317205,0.10238242149353027
IWM,1d,1,0.0,0.5,20,50,0.42061410038498565,-0.16713082143908087,0.4546795000768634,0.06282173829825834,7.237614118829133,0.22857142857142856,0.49857561697241437,0.0,0.09998750686645508
IWM,1d,1,0.0,0.75,8,21,0.8762730128559231,0.29223520913242096,0.8805154403019779,0.046482577389756294,18.942913447308616,0.9142857142857143,1.5741257436483216,-0.07277225881637583,0.11031675338745117
IWM,1d,1,0.0,0.75,9,21,0.8374366489518876,0.125163470710959,0.8623836507118385,0.054702405842183166,15.765004069470391,0.9142857142857143,1.5440284495874548,-0.07277225881637583,0.11933183670043945
IWM,1d,1,0.0,0.75,10,30,0.7626576035460775,0.2612788935768324,0.7691319104260492,0.04624778301223816,16.63067633366383,0.6571428571428571,1.1177704091955962,-0.07415035882014398,0.10834980010986328
IWM,1d,1,0.0,0.75,12,26,0.7647964575488868,0.32807818515525655,0.7680053740004563,0.052834988579200215,14.535923914305537,0.7714285714285715,1.3480385176814986,-0.07415035882014398,0.10283255577087402
IWM,1d,1,0.0,0.75,20,50,0.5638316169964562,-0.2785661768014621,0.5875391060686208,0.05721720869796966,10.268573379209068,0.22857142857142856,0.503765887171984,0.0,0.09479117393493652
IWM,1d,1,0.0,1.0,8,21,1.0466923350861965,0.24794035918843504,1.0442482979331367,0.04939209710039492,21.142011763756177,0.9142857142857143,1.629203582670328,-0.08568061060312826,0.10702753067016602
IWM,1d,1,0.0,1.0,9,21,1.001936916718154,0.0650493812384727,1.0250393105298068,0.06069476901509228,16.888429219903976,0.9142857142857143,1.5990237024540366,-0.08568061060312826,0.10637021064758301
IWM,1d,1,0.0,1.0,10,30,0.9100127864974484,0.23409240964083877,0.9135314506930259,0.047315316155836805,19.307309448894657,0.6571428571428571,1.1503556605508334,-0.08725552577496953,0.10734272003173828
IWM,1d,1,0.0,1.0,12,26,0.9116642462423248,0.3073346216714552,0.9147246725706293,0.055591904837943844,16.45427828452985,0.7714285714285715,1.3776925963532236,-0.08725552577496953,0.1062612533569336
IWM,1d,1,0.0,1.0,20,50,0.6792680302960193,-0.37813979018252986,0.6956269671031713,0.05571830640372772,12.484711255628397,0.22857142857142856,0.5076554257433097,0.0,0.09684991836547852
IWM,1d,1,0.1,0.0,8,21,0.20025468076382028,0.20405537309468036,0.3415778992733653,0.20044446074233313,1.7041024631379365,0.45714285714285713,0.18848002681339301,-0.09542034945270328,0.10710692405700684
IWM,1d,1,0.1,0.0,9,21,0.1300497915401347,0.08630220689877932,0.29204664826847376,0.19201849546988511,1.520929781028705,0.37142857142857144,-0.06465111831823193,-0.09542034945270328,0.1089162826538086
IWM,1d,1,0.1,0.0,10,30,0.1197708036419893,0.06990545741026111,0.2244493391076142,0.2391408749718645,0.9385653503777687,0.2,-0.169821653070403,-0.09534534577238574,0.10122370719909668
IWM,1d,1,0.1,0.0,12,26,0.1463601773573272,0.11265447412615215,0.18727918259248777,0.23865889865288642,0.7847148530793857,0.2857142857142857,0.04523375445845106,-0.09534534577238574,0.10533428192138672
IWM,1d,1,0.1,0.0,20,50,0.1497431521325108,0.11807248506800128,0.21811211333141264,0.254353006872138,0.8575173378668037,0.02857142857142857,0.10219107296242336,-0.004448458586258308,0.0985419750213623
IWM,1d,1,0.1,0.25,8,21,0.40421295149742803,0.3199294060560436,0.43299417795297207,0.05424947709601485,7.981536433736053,0.9142857142857143,1.3932010327090565,-0.046955555242871205,0.10532331466674805
IWM,1d,1,0.1,0.25,9,21,0.37336796526364924,0.1598158958967799,0.41657311985179835,0.05177206345131162,8.046291611373753,0.9142857142857143,1.354316516771399,-0.046955555242871205,0.10577178001403809
IWM,1d,1,0.1,0.25,10,30,0.3450478881723483,0.153860176727161,0.37131482414849715,0.061892167819754866,5.999383075898339,0.6571428571428571,0.9936281366567974,-0.0479400249104911,0.10808801651000977
IWM,1d,1,0.1,0.25,12,26,0.3527470273945142,0.21193043076174978,0.3615490222338164,0.061224278786617056,5.905321049087588,0.7714285714285715,1.2381647901027675,-0.0479400249104911,0.10777497291564941
IWM,1d,1,0.1,0.25,20,50,0.25113130816403795,-0.01670227918990541,0.30165955281421275,0.08703859628798684,3.465813623833087,0.22857142857142856,0.4911583405018952,0.0,0.10048794746398926
IWM,1d,1,0.1,0.5,8,21,0.6671914416593321,0.37620784605089375,0.6784625518996712,0.044990544985102014,15.080114102292704,0.9142857142857143,1.5010043334084309,-0.05986390702962363,0.11007547378540039
IWM,1d,1,0.1,0.5,9,21,0.6314822744619347,0.17733752806417846,0.6615823531249154,0.04795903175002064,13.79473957216892,0.9142857142857143,1.4695965679948273,-0.05986390702962363,0.1083376407623291
IWM,1d,1,0.1,0.5,10,30,0.5799905457591314,0.1873333035100595,0.5911246088608288,0.04580393402458476,12.905542317468827,0.6571428571428571,1.0723571637452372,-0.061045191865317205,0.10868501663208008
IWM,1d,1,0.1,0.5,12,26,0.5849933983345958,0.2596175302633399,0.5873551387451617,0.049658724032345475,11.827833883983502,0.7714285714285715,1.3087281206018975,-0.061045191865317205,0.11175537109375
IWM,1d,1,0.1,0.5,20,50,0.4239617170424464,-0.13931411574531039,0.45895978000021664,0.06428714438121855,7.13921553706936,0.22857142857142856,0.49857561697241437,0.0,0.10182356834411621
IWM,1d,1,0.1,0.75,8,21,0.8794236683727278,0.3825446051672252,0.8827173530152473,0.04635546829860196,19.04235649889593,0.9142857142857143,1.5735642045051152,-0.07277225881637583,0.11078214645385742
IWM,1d,1,0.1,0.75,9,21,0.8374893775754843,0.15107240477222406,0.863713910871496,0.05335864229405412,16.18695442270917,0.9142857142857143,1.5434215922318322,-0.07277225881637583,0.1114048957824707
IWM,1d,1,0.1,0.75,10,30,0.7676438545025959,0.18050169781581182,0.7716534043924572,0.04444580699764866,17.36166933437119,0.6571428571428571,1.1177704091955962,-0.07415035882014398,0.10633397102355957
IWM,1d,1,0.1,0.75,12,26,0.7716032208206685,0.2650583806768354,0.7707553096685407,0.050623614834126904,15.225212822000046,0.7714285714285715,1.3495176877994615,-0.07415035882014398,0.10820865631103516
IWM,1d,1,0.1,0.75,20,50,0.5664775322702016,-0.2502228291819426,0.5928556343912459,0.05908854909408456,10.033342220795832,0.22857142857142856,0.503765887171984,0.0,0.09785246849060059
IWM,1d,1,0.1,1.0,8,21,1.0494220761911965,0.3487440735773426,1.0476790649445882,0.04934691663083507,21.23089215041112,0.9142857142857143,1.6287226723931458,-0.08568061060312826,0.1148524284362793
IWM,1d,1,0.1,1.0,9,21,1.002034277503658,0.09237464382908,1.026616167255637,0.05926752779543578,17.321730894513493,0.9142857142857143,1.598522539567381,-0.08568061060312826,0.10486888885498047
IWM,1d,1,0.1,1.0,10,30,0.9175581028941776,0.14262248929109433,0.9169621733887782,0.046090850301584024,19.89466819095035,0.6571428571428571,1.1503556605508334,-0.08725552577496953,0.11265110969543457
IWM,1d,1,0.1,1.0,12,26,0.9209116297003336,0.23698782532278595,0.917946261574506,0.0534326810017525,17.179490985009696,0.7714285714285715,1.3788296488291103,-0.08725552577496953,0.10466694831848145
IWM,1d,1,0.1,1.0,20,50,0.6815149659100757,-0.34998155545268894,0.7017887969971215,0.05801941761871986,12.095757348151848,0.22857142857142856,0.5076554257433097,0.0,0.10172724723815918
IWM,1d,1,0.25,0.0,8,21,0.22011015183895236,0.2391425823256681,0.32897847605870895,0.18710136192292603,1.7582901197385583,0.45714285714285713,0.18848002681339301,-0.09542034945270328,0.10757827758789062
IWM,1d,1,0.25,0.0,9,21,0.12188312725330572,0.07318322909466679,0.28345657838613925,0.19669372165684415,1.4411063861034838,0.37142857142857144,-0.06465111831823193,-0.09542034945270328,0.1056363582611084
IWM,1d,1,0.25,0.0,10,30,0.16158673280845254,0.13785815405115365,0.21874652666217265,0.23714190181975017,0.9224288284085715,0.2,-0.169821653070403,-0.09534534577238574,0.10329246520996094
IWM,1d,1,0.25,0.0,12,26,0.1000635914502786,0.0398312308526485,0.18518302279165513,0.2260538935645997,0.81919855425421,0.2857142857142857,0.04523375445845106,-0.09534534577238574,0.11955118179321289
IWM,1d,1,0.25,0.0,20,50,0.16453635124608068,0.1425650044289375,0.21280360230272147,0.24108129738678732,0.882704733255614,0.02857142857142857,0.10219107296242336,-0.004448458586258308,0.09723472595214844
IWM,1d,1,0.25,0.25,8,21,0.4086030007153724,0.3677575205705452,0.4300388875117679,0.05179090123539787,8.303367526994228,0.9142857142857143,1.3932010327090565,-0.046955555242871205,0.1112818717956543
IWM,1d,1,0.25,0.25,9,21,0.3730632790999973,0.14186630701979475,0.414033541729403,0.0526394004576005,7.865468415866455,0.9142857142857143,1.354316516771399,-0.046955555242871205,0.12102103233337402
IWM,1d,1,0.25,0.25,10,30,0.35685849789480256,0.24754329789953955,0.3691023138140034,0.0635768658755814,5.805607255575148,0.6571428571428571,0.9936281366567974,-0.0479400249104911,0.11803460121154785
IWM,1d,1,0.25,0.25,12,26,0.3415924775593651,0.11097714562654093,0.36421804662861795,0.05690520411161136,6.400434763651084,0.7714285714285715,1.2381647901027675,-0.0479400249104911,0.11173558235168457
IWM,1d,1,0.25,0.25,20,50,0.2552454517618698,0.00948178521252796,0.3012161565961803,0.07939315971525736,3.793981215466024,0.22857142857142856,0.4911583405018952,0.0,0.09731411933898926
IWM,1d,1,0.25,0.5,8,21,0.6702219352943924,0.43572586750839193,0.6772032925647752,0.04405473075397094,15.37186315691498,0.9142857142857143,1.5010043334084309,-0.05986390702962363,0.10662508010864258
IWM,1d,1,0.25,0.5,9,21,0.6350515607521903,0.154915930525924,0.660320958328074,0.047956717334225775,13.769102537316828,0.9142857142857143,1.4695965679948273,-0.05986390702962363,0.10704374313354492
IWM,1d,1,0.25,0.5,10,30,0.5876917343785004,0.305686884560167,0.5894098443670555,0.04794684792135764,12.292984208968331,0.6571428571428571,1.0723571637452372,-0.061045191865317205,0.09971165657043457
IWM,1d,1,0.25,0.5,12,26,0.5817948788577939,0.13131193396018648,0.5953628125407977,0.049965184346100075,11.91555320634512,0.7714285714285715,1.3087281206018975,-0.061045191865317205,0.10477805137634277
IWM,1d,1,0.25,0.5,20,50,0.4264497701471718,-0.11258965521703224,0.46219876107641034,0.059908229931156416,7.715112958729483,0.22857142857142856,0.49857561697241437,0.0,0.10162878036499023
IWM,1d,1,0.25,0.75,8,21,0.8821008653123857,0.4519129206077601,0.882617441381267,0.045750914296492674,19.29179897174054,0.9142857142857143,1.5735642045051152,-0.07277225881637583,0.11282634735107422
IWM,1d,1,0.25,0.75,9,21,0.8438217865714256,0.12483928579145287,0.8635084373797751,0.05302698386299061,16.284321197880686,0.9142857142857143,1.5434215922318322,-0.07277225881637583,0.10739922523498535
IWM,1d,1,0.25,0.75,10,30,0.7738348680588368,0.3210172776487581,0.7703008173431951,0.04649427114576023,16.567650128943644,0.6571428571428571,1.1177704091955962,-0.07415035882014398,0.10251426696777344
IWM,1d,1,0.25,0.75,12,26,0.7727896573629741,0.1120168609057608,0.7828001150411235,0.052605373801499176,14.880611208941069,0.7714285714285715,1.3495176877994615,-0.07415035882014398,0.11070442199707031
IWM,1d,1,0.25,0.75,20,50,0.5684856861312348,-0.2238540769198033,0.5986127668054867,0.05655264536110771,10.585053324793956,0.22857142857142856,0.503765887171984,0.0,0.1003415584564209
IWM,1d,1,0.25,1.0,8,21,1.0519346363043267,0.42563707059802147,1.0484448380291036,0.04879681802928857,21.485926344619674,0.9142857142857143,1.6287226723931458,-0.08568061060312826,0.11065959930419922
IWM,1d,1,0.25,1.0,9,21,1.0104979550984472,0.06318233648202631,1.0272505454434602,0.05874071701687917,17.487878895796918,0.9142857142857143,1.598522539567381,-0.08568061060312826,0.10663890838623047
IWM,1d,1,0.25,1.0,10,30,0.9228948487375928,0.3017853863752826,0.91587982515522,0.04792065004873752,19.11242489873839,0.6571428571428571,1.1503556605508334,-0.08725552577496953,0.10974669456481934
IWM,1d,1,0.25,1.0,12,26,0.9251987487474607,0.06312664898180453,0.9331608571717549,0.05602271357375037,16.6568307324726,0.7714285714285715,1.3788296488291103,-0.08725552577496953,0.11068868637084961
IWM,1d,1,0.25,1.0,20,50,0.6832996824277563,-0.32464198935171884,0.7094479520208736,0.056623969979811895,12.52911006193689,0.22857142857142856,0.5076554257433097,0.0,0.10425519943237305
IWM,1d,1,0.4,0.0,8,21,0.27547731582138574,0.3441499878845762,0.3346635850707982,0.18957913991923456,1.7652975175083778,0.45714285714285713,0.18848002681339301,-0.09542034945270328,0.1213991641998291
IWM,1d,1,0.4,0.0,9,21,0.13217539807979325,0.08961041305370054,0.2648554351341931,0.18387366240373051,1.4404207305810404,0.37142857142857144,-0.06465111831823193,-0.09542034945270328,0.11244010925292969
IWM,1d,1,0.4,0.0,10,30,0.19587836338834866,0.19689413932378574,0.21738449745525776,0.21020672044222471,1.0341462775211596,0.2,-0.169821653070403,-0.09534534577238574,0.10620450973510742
IWM,1d,1,0.4,0.0,12,26,0.08690994489805534,0.02003273149785212,0.17662332368064826,0.23899533266599868,0.7390241546159535,0.2857142857142857,0.04523375445845106,-0.09534534577238574,0.10557746887207031
IWM,1d,1,0.4,0.0,20,50,0.15203043935298133,0.12181139413422981,0.20295018234298992,0.24181023931248719,0.8392952379519418,0.02857142857142857,0.10219107296242336,-0.004448458586258308,0.10595059394836426
IWM,1d,1,0.4,0.25,8,21,0.4208765826375201,0.515661826871846,0.4323532133389499,0.05358404804937907,8.068692625471769,0.9142857142857143,1.3932010327090565,-0.046955555242871205,0.11049652099609375
IWM,1d,1,0.4,0.25,9,21,0.3748229948069526,0.1640284668900942,0.4081781685509906,0.051403827359218626,7.940618228650031,0.9142857142857143,1.354316516771399,-0.046955555242871205,0.12247300148010254
IWM,1d,1,0.4,0.25,10,30,0.36577861516354176,0.3245924688049924,0.37082555260160727,0.05599460020448836,6.622523444178158,0.6571428571428571,0.9936281366567974,-0.0479400249104911,0.1140601634979248
IWM,1d,1,0.4,0.25,12,26,0.3366387866362446,0.08379822781038082,0.36503659243242664,0.05421792289027755,6.7327660849561175,0.7714285714285715,1.2381647901027675,-0.0479400249104911,0.1199960708618164
IWM,1d,1,0.4,0.25,20,50,0.24909866613958181,-0.013919727076700195,0.29775751188769223,0.07986190164471549,3.72840498104261,0.22857142857142856,0.4911583405018952,0.0,0.10737824440002441
IWM,1d,1,0.4,0.5,8,21,0.6775784940883194,0.6259950045796163,0.6800284917556125,0.04516994009482913,15.054890272778099,0.9142857142857143,1.5010043334084309,-0.05986390702962363,0.11833310127258301
IWM,1d,1,0.4,0.5,9,21,0.6360708902145289,0.18220375727892013,0.6561060111953533,0.04892228893369458,13.411187936946035,0.9142857142857143,1.4695965679948273,-0.05986390702962363,0.1299293041229248
IWM,1d,1,0.4,0.5,10,30,0.593111594739358,0.3986491679466613,0.5953119094688982,0.04758855254616388,12.509561178424336,0.6571428571428571,1.0723571637452372,-0.061045191865317205,0.10731697082519531
IWM,1d,1,0.4,0.5,12,26,0.5783907621709113,0.09723733575811577,0.5992746027121425,0.04825021930445559,12.420142568280585,0.7714285714285715,1.3087281206018975,-0.061045191865317205,0.11641907691955566
IWM,1d,1,0.4,0.5,20,50,0.42205081599927885,-0.13780154142706258,0.4608025921457333,0.059711533280122055,7.717145530060176,0.22857142857142856,0.49857561697241437,0.0,0.0991063117980957
IWM,1d,1,0.4,0.75,8,21,0.887797089282579,0.6812690215091084,0.8861690091174932,0.046594818252474725,19.018617141412015,0.9142857142857143,1.5735642045051152,-0.07277225881637583,0.11691498756408691
IWM,1d,1,0.4,0.75,9,21,0.8446889059705848,0.1562978527315062,0.8600907689576536,0.054419009155408184,15.804969298530079,0.9142857142857143,1.5434215922318322,-0.07277225881637583,0.11207461357116699
IWM,1d,1,0.4,0.75,10,30,0.7779727454734526,0.4270341852057289,0.7792647274622304,0.049665499655796655,15.690262513472556,0.6571428571428571,1.1177704091955962,-0.07415035882014398,0.10572600364685059
IWM,1d,1,0.4,0.75,12,26,0.7701015897362834,0.07199179896156371,0.7889990161539757,0.05339628231492395,14.776291193843191,0.7714285714285715,1.3495176877994615,-0.07415035882014398,0.11107206344604492
IWM,1d,1,0.4,0.75,20,50,0.5649221294506392,-0.2501357996750856,0.5982890123058129,0.055653235689207714,10.750300587137886,0.22857142857142856,0.503765887171984,0.0,0.10589003562927246
IWM,1d,1,0.4,1.0,8,21,1.0567602418095112,0.6887147314420334,1.0526321713315352,0.049499885568865386,21.265345550487968,0.9142857142857143,1.6287226723931458,-0.08568061060312826,0.10564661026000977
IWM,1d,1,0.4,1.0,9,21,1.0113220440212194,0.09766307534301344,1.0243609528871795,0.06017225204253266,17.023809448965142,0.9142857142857143,1.598522539567381,-0.08568061060312826,0.10402631759643555
IWM,1d,1,0.4,1.0,10,30,0.9263289387550708,0.41762077240900597,0.9272211785674742,0.0530545109363791,17.476764222355413,0.6571428571428571,1.1503556605508334,-0.08725552577496953,0.10023164749145508
IWM,1d,1,0.4,1.0,12,26,0.922972407476966,0.0183975984391207,0.9411496117340666,0.05904164193637877,15.940437644810368,0.7714285714285715,1.3788296488291103,-0.08725552577496953,0.10141611099243164
IWM,1d,1,0.4,1.0,20,50,0.6802825075497851,-0.3513504168837749,0.7098433555630526,0.05513515354679477,12.874605581003568,0.22857142857142856,0.5076554257433097,0.0,0.09498071670532227
IWM,1d,1,0.55,0.0,8,21,0.22613439102513833,0.24960928624378376,0.3378703306452301,0.173587896119273,1.946393373032633,0.45714285714285713,0.23693949348083473,-0.09104115406590918,0.10653018951416016
IWM,1d,1,0.55,0.0,9,21,0.11731304168585908,0.06619300434584363,0.28001827051801664,0.17526079426244548,1.5977233909981108,0.37142857142857144,-0.034107512842553714,-0.09104115406590918,0.10400557518005371
IWM,1d,1,0.55,0.0,10,30,0.1786780965848091,0.16696743837032146,0.24456221453356447,0.2173254014956347,1.1253273333466123,0.2,-0.1421481772159329,-0.06992645859189461,0.10472893714904785
IWM,1d,1,0.55,0.0,12,26,0.03557193201734776,-0.05394744948729768,0.17219109270217178,0.23500747850821688,0.7327047368671343,0.3142857142857143,0.033688408093615695,-0.0611252743963433,0.1580495834350586
IWM,1d,1,0.55,0.0,20,50,0.1523643340191208,0.1223508207787769,0.21059488964655126,0.2419446936920809,0.8704257424821723,0.02857142857142857,0.10219107296242336,-0.004448458586258308,0.09607648849487305
IWM,1d,1,0.55,0.25,8,21,0.41349509953362407,0.382916662574565,0.43464886459787866,0.05384451688645552,8.072295745812768,0.9142857142857143,1.417752679405096,-0.036968973140954375,0.10315155982971191
IWM,1d,1,0.55,0.25,9,21,0.373599132130611,0.13417915002489123,0.4111358544650051,0.051809911581370285,7.935467209190154,0.9142857142857143,1.3786343075956127,-0.036968973140954375,0.10906195640563965
IWM,1d,1,0.55,0.25,10,30,0.3665939241117735,0.2823348736690312,0.37903915428962415,0.06110962919989171,6.202609298278901,0.6571428571428571,1.0120205033733398,-0.037961586039129136,0.10951995849609375
IWM,1d,1,0.55,0.25,12,26,0.32460142023253874,-0.013341052441296242,0.36708344356777856,0.054346515359555134,6.7544982624767025,0.7714285714285715,1.2369420891838228,-0.037961586039129136,0.12227845191955566
IWM,1d,1,0.55,0.25,20,50,0.2530116992817156,-0.016236880584724167,0.30231138872799906,0.07667561881848624,3.942731645161666,0.22857142857142856,0.4908272359761494,0.0,0.10797262191772461
IWM,1d,1,0.55,0.5,8,21,0.6804875476315032,0.4557609159944931,0.6843095929656152,0.04786781527619875,14.295818370174782,0.9142857142857143,1.5161845896721422,-0.0478808075137922,0.12246990203857422
IWM,1d,1,0.55,0.5,9,21,0.6394101543279457,0.14746559827131667,0.6577203756549261,0.050008230678455244,13.152242475522893,0.9142857142857143,1.4836922659461724,-0.0478808075137922,0.11870789527893066
IWM,1d,1,0.55,0.5,10,30,0.6022431323515561,0.34407462831024604,0.6016050163492767,0.05151765552732633,11.677647404396525,0.6571428571428571,1.0808976267386834,-0.04907186357462834,0.11203527450561523
IWM,1d,1,0.55,0.5,12,26,0.5750032646958775,-0.019482738438986957,0.6062176601796188,0.049434481331789126,12.263052910596373,0.7714285714285715,1.3054537266071506,-0.04907186357462834,0.10622644424438477
IWM,1d,1,0.55,0.5,20,50,0.43012638416075416,-0.1423616109359026,0.46547983021421213,0.05718974757929168,8.139218127669471,0.22857142857142856,0.49820286581518614,0.0,0.09449601173400879
IWM,1d,1,0.55,0.75,8,21,0.8968650277540452,0.4767048851500588,0.8922280278084301,0.049054677313197806,18.18843944506761,0.9142857142857143,1.5851321074046514,-0.058792641886629915,0.11513018608093262
IWM,1d,1,0.55,0.75,9,21,0.8509956200043872,0.11844483584706178,0.8613950569044453,0.05559403756283813,15.494378438169877,0.9142857142857143,1.5535892447966129,-0.058792641886629915,0.1145017147064209
IWM,1d,1,0.55,0.75,10,30,0.7928631005717022,0.3609085798906022,0.785251268742224,0.0526066933196905,14.926831914149357,0.6571428571428571,1.1233250106176076,-0.060182141110127985,0.11264586448669434
IWM,1d,1,0.55,0.75,12,26,0.7713473256949647,-0.05964388003023824,0.7995787622527956,0.054810534547960456,14.588048973562666,0.7714285714285715,1.3485518750421515,-0.060182141110127985,0.12346601486206055
IWM,1d,1,0.55,0.75,20,50,0.5761842272394277,-0.256383003861694,0.6036535064032467,0.05478122002142531,11.019351269781025,0.22857142857142856,0.5033871968356637,0.0,0.10779380798339844
IWM,1d,1,0.55,1.0,8,21,1.0703200485218747,0.4548070858040798,1.0601323870063584,0.051112035302886216,20.741345570061743,0.9142857142857143,1.6383339528330076,-0.06970447625946774,0.11442279815673828
IWM,1d,1,0.55,1.0,9,21,1.0198390606441587,0.05846064805639184,1.0255572592173583,0.06131493827968534,16.726058738562614,0.9142857142857143,1.6066326466734517,-0.06970447625946774,0.10986852645874023
IWM,1d,1,0.55,1.0,10,30,0.9456183633801407,0.3412935813347713,0.9332074217632063,0.05519051910422106,16.908835736821924,0.6571428571428571,1.1544814877860654,-0.07129241864562663,0.10385489463806152
IWM,1d,1,0.55,1.0,12,26,0.9274398317821901,-0.1230674916169241,0.9545737276533206,0.060535987876661305,15.768698275779546,0.7714285714285715,1.3803958813549275,-0.07129241864562663,0.10854005813598633
IWM,1d,1,0.55,1.0,20,50,0.6940590377296182,-0.3587915293347457,0.7158787659909318,0.05609727658100626,12.761381828531016,0.22857142857142856,0.5072859388652773,0.0,0.09764504432678223
IWM,1d,1,0.7,0.0,8,21,0.1819688664541599,0.1722956380672631,0.3571073138300117,0.17191116871735834,2.0772781460007232,0.42857142857142855,0.22530586475274225,-0.09104115406590918,0.10319089889526367
IWM,1d,1,0.7,0.0,9,21,0.11659152469310684,0.06506275766023983,0.30943832948156735,0.17096010584614044,1.8100031463483863,0.4,0.004026576828376006,-0.09104115406590918,0.10777926445007324
IWM,1d,1,0.7,0.0,10,30,0.15214113187477235,0.1221982790717373,0.2450051173406862,0.21176696504463885,1.1569562669467401,0.2,-0.13134915941777442,-0.0611252743963433,0.10831379890441895
IWM,1d,1,0.7,0.0,12,26,0.09381914979380541,0.03062388413274264,0.17173072221159735,0.20811830697704786,0.8251591352342518,0.3142857142857143,0.03221924314963653,-0.06254965087894071,0.10666465759277344
IWM,1d,1,0.7,0.0,20,50,0.16772676060418817,0.14794789051592638,0.21572871322739312,0.25860050957729147,0.834216118058017,0.02857142857142857,0.10219107296242336,-0.004448458586258308,0.1030721664428711
IWM,1d,1,0.7,0.25,8,21,0.4031178864871936,0.27783873977672724,0.4411193932974177,0.05623721504424719,7.843905373876479,0.9142857142857143,1.4018561474087745,-0.036968973140954375,0.11020278930664062
IWM,1d,1,0.7,0.25,9,21,0.3712017305676991,0.13195741180374454,0.41942908676706814,0.05484684918918257,7.647277700863663,0.9142857142857143,1.381831323390183,-0.036968973140954375,0.10866832733154297
IWM,1d,1,0.7,0.25,10,30,0.3606347135072506,0.21912805105622035,0.3796098088266041,0.05727461268971522,6.627889583176012,0.6571428571428571,1.0134428765653773,-0.037961586039129136,0.10583686828613281
IWM,1d,1,0.7,0.25,12,26,0.33961363508406406,0.09860177217479693,0.3698698072509097,0.050189932605226105,7.36940234927505,0.7714285714285715,1.2194023920029347,-0.037961586039129136,0.10600900650024414
IWM,1d,1,0.7,0.25,20,50,0.2589424400277133,0.011432101990491716,0.3046257881988501,0.08507036907393938,3.5808683036755484,0.22857142857142856,0.4908272359761494,0.0,0.10058045387268066
IWM,1d,1,0.7,0.5,8,21,0.6771670843426947,0.32523918552140385,0.6905375906865892,0.04737365844777001,14.576404130745246,0.9142857142857143,1.5070575487804523,-0.0478808075137922,0.11488986015319824
IWM,1d,1,0.7,0.5,9,21,0.6374206708404706,0.14398691732276503,0.6642371183399958,0.05063294167627136,13.118675240851829,0.9142857142857143,1.4858064453293447,-0.0478808075137922,0.11025810241699219
IWM,1d,1,0.7,0.5,10,30,0.602456308537031,0.2625209722499473,0.6034657853313553,0.05130423995031724,11.762493429699932,0.6571428571428571,1.0817125779894254,-0.04907186357462834,0.10779118537902832
IWM,1d,1,0.7,0.5,12,26,0.5843120017684897,0.11612642631042358,0.6125816530993091,0.04980711763846605,12.29907856836534,0.7714285714285715,1.295489423879503,-0.04907186357462834,0.1052391529083252
IWM,1d,1,0.7,0.5,20,50,0.4343598173910903,-0.11376604403307933,0.46817095826208127,0.06303540965785603,7.4271105844036285,0.22857142857142856,0.49820286581518614,0.0,0.10046172142028809
IWM,1d,1,0.7,0.75,8,21,0.8976001048243601,0.324705820647911,0.8990630098978002,0.0471959862241746,19.04956505469282,0.9142857142857143,1.5810104930740845,-0.058792641886629915,0.10971593856811523
IWM,1d,1,0.7,0.75,9,21,0.8493805636100797,0.11368960463552114,0.8676491817565817,0.05482351788497708,15.826222308042325,0.9142857142857143,1.5552688274056914,-0.058792641886629915,0.10875082015991211
IWM,1d,1,0.7,0.75,10,30,0.7968731109650659,0.26225352458189777,0.788225279756516,0.05472818265803032,14.402548037850092,0.6571428571428571,1.12392337033433,-0.060182141110127985,0.1067349910736084
IWM,1d,1,0.7,0.75,12,26,0.7786659931245502,0.09456387981765468,0.8087478483077757,0.05632821037873148,14.357776376526678,0.7714285714285715,1.3438106321540222,-0.060182141110127985,0.11045002937316895
IWM,1d,1,0.7,0.75,20,50,0.5798255449004776,-0.22776741419177837,0.6069592451946239,0.0594312047561875,10.212803992189508,0.22857142857142856,0.5033871968356637,0.0,0.10101819038391113
IWM,1d,1,0.7,1.0,8,21,1.07395667709615,0.2863013771309697,1.0675866449007971,0.04854476150768951,21.991799150804173,0.9142857142857143,1.6379977921751339,-0.06970447625946774,0.11395430564880371
IWM,1d,1,0.7,1.0,9,21,1.01852821057302,0.05253624377066446,1.0318131916976614,0.0596490754762043,17.298058410130444,0.9142857142857143,1.6080551102897924,-0.06970447625946774,0.1066904067993164
IWM,1d,1,0.7,1.0,10,30,0.9524078499070571,0.22767089453394718,0.9370634840911662,0.05884781458875913,15.923505242115827,0.6571428571428571,1.154961841698286,-0.07129241864562663,0.10658454895019531
IWM,1d,1,0.7,1.0,12,26,0.9336849855032936,0.044047938585656254,0.9659622787907194,0.06250434527511405,15.454322008158286,0.7714285714285715,1.379549359829877,-0.07129241864562663,0.11528587341308594
IWM,1d,1,0.7,1.0,20,50,0.6973627366492496,-0.3308541788175786,0.7197404810334258,0.06002809048446878,11.99006124007303,0.22857142857142856,0.5072859388652773,0.0,0.10178685188293457
IWM,1d,1,0.85,0.0,8,21,0.2388102704554174,0.2757639049211926,0.3517737583799501,0.18878103497349094,1.8633956447444362,0.45714285714285713,0.1972291410433833,-0.0992273551102717,0.10453224182128906
IWM,1d,1,0.85,0.0,9,21,0.2196796638877468,0.23954760527758845,0.3163527112383343,0.17574623906416417,1.80005394666133,0.42857142857142855,0.12082192807638228,-0.0992273551102717,0.10311460494995117
IWM,1d,1,0.85,0.0,10,30,0.17152659554315122,0.15452961181443525,0.2460302946124065,0.21263781304555698,1.157039244754155,0.22857142857142856,-0.232056902101389,-0.06541929443017447,0.10380864143371582
IWM,1d,1,0.85,0.0,12,26,0.1373676800863238,0.09821726617285531,0.19987146065457262,0.22915406876984523,0.872214321689906,0.3142857142857143,-0.015398200759450623,-0.06640034761868974,0.10697650909423828
IWM,1d,1,0.85,0.0,20,50,0.2004936393148931,0.20443793868293425,0.22460131204061123,0.25641616565853803,0.8759249303326152,0.02857142857142857,-0.012453346260716825,-0.012242441341422494,0.09619808197021484
IWM,1d,1,0.85,0.25,8,21,0.4213067342926199,0.4163472016884677,0.4419252438707284,0.061338036548820085,7.204750408321138,0.9142857142857143,1.364490342545633,-0.04546135089472725,0.10768485069274902
IWM,1d,1,0.85,0.25,9,21,0.3998546251580256,0.3622623979227755,0.42092551843607523,0.057193309962544445,7.35969851564347,0.9142857142857143,1.3395276325021745,-0.04546135089472725,0.1112825870513916
IWM,1d,1,0.85,0.25,10,30,0.364819560648698,0.2627843455382428,0.38268158935372554,0.052628083176395994,7.2714331637554395,0.6857142857142857,1.011816600647247,-0.046445210550836835,0.10522246360778809
IWM,1d,1,0.85,0.25,12,26,0.3583209817596494,0.18889089720332897,0.3830180528405545,0.05555651047348112,6.894206449906194,0.8,1.214815391783787,-0.046445210550836835,0.11263012886047363
IWM,1d,1,0.85,0.25,20,50,0.31853872888088847,0.3424277739324817,0.3097429827477426,0.08231754612374698,3.7627820231923543,0.2571428571428571,0.4529821316587064,-0.005465914599649846,0.09365296363830566
IWM,1d,1,0.85,0.5,8,21,0.6955995974272182,0.49647632006006814,0.6932928777535807,0.05122408874469246,13.534508758350839,0.9142857142857143,1.4789808980426493,-0.056276960517898544,0.10599493980407715
IWM,1d,1,0.85,0.5,9,21,0.6591094292614602,0.4201921709560559,0.6661140075175507,0.05140211172491849,12.958884084029467,0.9142857142857143,1.4520581497046423,-0.056276960517898544,0.10749316215515137
IWM,1d,1,0.85,0.5,10,30,0.6049754658136308,0.3162149185579537,0.6103513923181154,0.04861928691974554,12.55368868995559,0.6857142857142857,1.0915097422565279,-0.0574575133885854,0.10471940040588379
IWM,1d,1,0.85,0.5,12,26,0.604813947440257,0.2273245089500182,0.6278800754256316,0.054163986480306146,11.592205748259072,0.8,1.300778446833183,-0.0574575133885854,0.10723876953125
IWM,1d,1,0.85,0.5,20,50,0.49529105377093136,0.4285790052200875,0.47526281052186,0.06246108942623024,7.608942061171856,0.2571428571428571,0.46786800017240293,-0.010431829199299525,0.10628056526184082
IWM,1d,1,0.85,0.75,8,21,0.9184306866772799,0.5244697034316137,0.9034923842818834,0.051240077846778746,17.632533404487837,0.9142857142857143,1.558794441977014,-0.06709257014106929,0.11651086807250977
IWM,1d,1,0.85,0.75,9,21,0.8696976564095926,0.4246635693920602,0.870203487397216,0.054818416628983735,15.87429081155036,0.9142857142857143,1.527221956054746,-0.06709257014106929,0.11199188232421875
IWM,1d,1,0.85,0.75,10,30,0.7989522392093819,0.32424167417688765,0.7982830246566627,0.05349825164058061,14.921665665259466,0.6857142857142857,1.140425919807426,-0.06846981622633463,0.10478878021240234
IWM,1d,1,0.85,0.75,12,26,0.8023219726007617,0.22369600041910842,0.8270532884643021,0.06113444728680184,13.528433234773884,0.8,1.3551633468616648,-0.06846981622633463,0.12530732154846191
IWM,1d,1,0.85,0.75,20,50,0.6420488762184943,0.47001517822636063,0.6160561146801972,0.061430522004085636,10.028502030948465,0.2571428571428571,0.4787139866328104,-0.015397743798949204,0.09536552429199219
IWM,1d,1,0.85,1.0,8,21,1.0971544281132257,0.5091294324412683,1.0733495042891572,0.052964296732081445,20.265529243570786,0.9142857142857143,1.6200232706629538,-0.07790817976424058,0.1104135513305664
IWM,1d,1,0.85,1.0,9,21,1.0386068036649216,0.3868354171583619,1.0349537052568363,0.059130739637803624,17.50280330664369,0.9142857142857143,1.5841902012864526,-0.07790817976424058,0.11514472961425781
IWM,1d,1,0.85,1.0,10,30,0.9542999914203872,0.29596089143009907,0.9496722970855711,0.05858420354930426,16.210381631054013,0.6857142857142857,1.1763444480903071,-0.07948211906408353,0.10551929473876953
IWM,1d,1,0.85,1.0,12,26,0.9601961355638313,0.1873904011971368,0.9869310371133404,0.06784549657804097,14.546743511238045,0.8,1.3954045937316846,-0.07948211906408353,0.10850262641906738
IWM,1d,1,0.85,1.0,20,50,0.7604626267415983,0.47374554360790055,0.7305155203894764,0.06423910277980209,11.371820102991279,0.2571428571428571,0.48706319930719216,-0.020363658398598883,0.10005927085876465
IWM,1d,1,1.0,0.0,8,21,0.2723472423470379,0.3393163130547996,0.34937854079268915,0.20213932108660032,1.728404641484913,0.42857142857142855,0.1203452952572481,-0.0992273551102717,0.10937762260437012
IWM,1d,1,1.0,0.0,9,21,0.2362328181898541,0.2703061630014658,0.31080026338818695,0.18109413304032296,1.7162359606591078,0.42857142857142855,0.03264509893085053,-0.0992273551102717,0.10907459259033203
IWM,1d,1,1.0,0.0,10,30,0.19435066679363205,0.19396479762555674,0.24598386418547707,0.21418914598980174,1.1484422473825504,0.22857142857142856,-0.3038230340963528,-0.06640034761868974,0.10555577278137207
IWM,1d,1,1.0,0.0,12,26,0.15718399531496605,0.13055677165453794,0.20108036433629178,0.20880508123972613,0.9630051296761035,0.2857142857142857,-0.0894318909989807,-0.06640034761868974,0.11279463768005371
IWM,1d,1,1.0,0.0,20,50,0.16597225014747893,0.14502975888439096,0.22770326540313984,0.25696381444057564,0.886129690668168,0.02857142857142857,-0.04545003749784971,-0.027928886345266912,0.10297608375549316
IWM,1d,1,1.0,0.25,8,21,0.42887317693087357,0.5002844550742236,0.44417280781052204,0.06252290183710944,7.10416175128472,0.8857142857142857,1.333097226125217,-0.04881809529723835,0.11067724227905273
IWM,1d,1,1.0,0.25,9,21,0.4062041922104327,0.4037939370406136,0.4198551281646985,0.05663229168083624,7.413705426771083,0.8857142857142857,1.2937518352174409,-0.04881809529723835,0.11095523834228516
IWM,1d,1,1.0,0.25,10,30,0.3708500507949881,0.3170895569576231,0.3855408776737353,0.05517198291928353,6.987982981104388,0.6857142857142857,1.0088180792985326,-0.04546135089472725,0.11400580406188965
IWM,1d,1,1.0,0.25,12,26,0.3669534270538368,0.22968323666606527,0.3870135041891539,0.05457605241670763,7.091269651277959,0.8,1.1986785006013216,-0.04546135089472725,0.10725569725036621
IWM,1d,1,1.0,0.25,20,50,0.3067921124480661,0.2599224640315272,0.3117796751027349,0.08398181892131115,3.712466330300188,0.2571428571428571,0.4512284881725798,-0.005465914599649846,0.10305666923522949
IWM,1d,1,1.0,0.5,8,21,0.7002013775992005,0.5942643298970525,0.6984741012763116,0.049980764860710555,13.974858192403854,0.9142857142857143,1.462250531588647,-0.06030478523450267,0.11133480072021484
IWM,1d,1,1.0,0.5,9,21,0.6668339008306893,0.4713474597275351,0.6661552976927059,0.05067815556668377,13.144821279380611,0.9142857142857143,1.4264048885312206,-0.06030478523450267,0.1196756362915039
IWM,1d,1,1.0,0.5,10,30,0.6087202142773656,0.3846692185766041,0.6180859715497429,0.05190619135983039,11.907750411987895,0.6857142857142857,1.089469811662529,-0.056276960517898544,0.10679197311401367
IWM,1d,1,1.0,0.5,12,26,0.6145575348345725,0.2743969551391794,0.6365568072532721,0.05261568020117697,12.098233926072725,0.8,1.2962246748024604,-0.056276960517898544,0.10494303703308105
IWM,1d,1,1.0,0.5,20,50,0.4879670961192129,0.3235385397139201,0.47860914042167557,0.06482907192332077,7.382631375438631,0.2571428571428571,0.4668120726479901,-0.010431829199299525,0.09679126739501953
IWM,1d,1,1.0,0.75,8,21,0.9219855191513108,0.6302577788886472,0.9110221080606025,0.04849553334417232,18.78569107787902,0.9142857142857143,1.551348808308471,-0.07179147517176698,0.11287522315979004
IWM,1d,1,1.0,0.75,9,21,0.879161083748555,0.483706917296983,0.8711504544969078,0.05394513303700466,16.148823915205213,0.9142857142857143,1.5154917917660762,-0.07179147517176698,0.11095929145812988
IWM,1d,1,1.0,0.75,10,30,0.8018950760977699,0.4052671508632697,0.8095963373119097,0.05772301011480508,14.025539134250042,0.6857142857142857,1.1387319217537217,-0.06709257014106929,0.11081552505493164
IWM,1d,1,1.0,0.75,12,26,0.8137203789350056,0.27465773844974106,0.839383679972365,0.058194923178950385,14.42365818391487,0.8,1.359091089942704,-0.06709257014106929,0.11735033988952637
IWM,1d,1,1.0,0.75,20,50,0.6364660224016078,0.3442806668094933,0.6205447915077563,0.06395177040262293,9.703324671091595,0.2571428571428571,0.4779236252538557,-0.015397743798949204,0.11489272117614746
IWM,1d,1,1.0,1.0,8,21,1.1001444090659114,0.6179011018532141,1.0827428893687547,0.049151756809760465,22.02856946821778,0.9142857142857143,1.6193751657363011,-0.08327816510903174,0.11027383804321289
IWM,1d,1,1.0,1.0,9,21,1.049583790863375,0.4517220606233854,1.0366144499329446,0.05803799052447104,17.860963837055458,0.9142857142857143,1.582889871951822,-0.08327816510903174,0.11313486099243164
IWM,1d,1,1.0,1.0,10,30,0.9568077304314346,0.38739855833227943,0.9637599223078887,0.06376095136466052,15.115206120372479,0.6857142857142857,1.1748720311740228,-0.07790817976424058,0.11043572425842285
IWM,1d,1,1.0,1.0,12,26,0.9730642850478229,0.23993381854825246,1.002149297335917,0.06380514863687022,15.70640173631409,0.8,1.405968423409881,-0.07790817976424058,0.11535358428955078
IWM,1d,1,1.0,1.0,20,50,0.7558797837055193,0.3300876499901497,0.7359255555907409,0.06667406053083647,11.037659169571329,0.2571428571428571,0.4864239419989758,-0.020363658398598883,0.11430573463439941
IWM,1d,2,0.0,0.0,8,21,0.08458553985261982,0.015521056308052561,0.22732413412746172,0.19117894404857036,1.1890647019669092,0.42857142857142855,0.06366003635809044,-0.14229366101304153,0.11997246742248535
IWM,1d,2,0.0,0.0,9,21,0.052183106790298146,-0.03233716417928256,0.30118343682634907,0.19684790858256085,1.5300311748043205,0.4,0.013723298609007983,-0.14229366101304153,0.1130683422088623
IWM,1d,2,0.0,0.0,10,30,0.14301932536760337,0.10712145120874994,0.2402203099134017,0.2572602426739178,0.9337638315839012,0.2,-0.07613809012219634,-0.06500037091394684,0.11232590675354004
IWM,1d,2,0.0,0.0,12,26,0.13175399431716714,0.08889109633605785,0.20407663417008517,0.2240519033387957,0.9108453493541391,0.2571428571428571,0.11618397816988327,-0.07046535962848299,0.10804963111877441
IWM,1d,2,0.0,0.0,20,50,0.15220479207441945,0.12210343774142651,0.24221686221806077,0.2749043559040528,0.8810950318393621,0.05714285714285714,0.12014473525042872,0.0,0.09984850883483887
IWM,1d,2,0.0,0.25,8,21,0.3643029199916196,0.06624248532718169,0.39149290852861435,0.04325762121916819,9.050264381045928,0.8857142857142857,1.4333536296561276,-0.07674224489397685,0.11629867553710938
IWM,1d,2,0.0,0.25,9,21,0.34661032380636025,0.002690250118018822,0.4048715594973927,0.05745176750665515,7.047155850348604,0.8571428571428571,1.2682069912638048,-0.07674224489397685,0.11435532569885254
IWM,1d,2,0.0,0.25,10,30,0.3419585326142556,0.20406519012921276,0.3697267362231775,0.06726009397129938,5.496970259674986,0.6,0.8920878175766583,-0.07769594570016358,0.11099100112915039
IWM,1d,2,0.0,0.25,12,26,0.33171927961015724,0.17671938913996588,0.3549020078120639,0.06259852537307511,5.669494699706047,0.7142857142857143,1.1875504082122696,-0.07769594570016358,0.10448431968688965
IWM,1d,2,0.0,0.25,20,50,0.23925284031959876,-0.010167472979831227,0.3165788045870729,0.10584524017371667,2.99095929176875,0.22857142857142856,0.49348734310159625,0.0,0.09714984893798828
IWM,1d,2,0.0,0.5,8,21,0.629125385023051,0.06460288474259102,0.6339889056316299,0.03626606068187443,17.48160383872335,0.9142857142857143,1.5525823703586037,-0.08924715582265108,0.10846662521362305
IWM,1d,2,0.0,0.5,9,21,0.6059704846147048,-0.012606702868116382,0.6341741928333195,0.050544416989949346,12.546869280526547,0.8857142857142857,1.378423285999559,-0.08924715582265108,0.10913491249084473
IWM,1d,2,0.0,0.5,10,30,0.5649931818792351,0.24867492778756128,0.5784279909376986,0.052022025478002415,11.118905610130225,0.6285714285714286,0.9394694470894178,-0.09039152048638033,0.10545611381530762
IWM,1d,2,0.0,0.5,12,26,0.5523142517013443,0.2115858366923531,0.5683219540090431,0.047840751495069736,11.879452898385425,0.7428571428571429,1.2369242937766998,-0.09039152048638033,0.10596752166748047
IWM,1d,2,0.0,0.5,20,50,0.3985667185448233,-0.13128025830169698,0.4615414842659137,0.07549976385380909,6.113151362428111,0.22857142857142856,0.5001402625922353,0.0,0.1052694320678711
IWM,1d,2,0.0,0.75,8,21,0.8387067170034839,0.02380088298366867,0.8321407023240341,0.03957743037633832,21.025637450720804,0.9142857142857143,1.6213020622823373,-0.10175206675132564,0.11460256576538086
IWM,1d,2,0.0,0.75,9,21,0.810007274322067,-0.06415189366411755,0.8247926708582126,0.054003697328809,15.27289262874629,0.8857142857142857,1.4427493176048962,-0.10175206675132564,0.10358357429504395
IWM,1d,2,0.0,0.75,10,30,0.7443572693802927,0.2506807679470513,0.7514327631049155,0.05116340546790949,14.686918437753839,0.6285714285714286,0.9694949967675152,-0.1030870952725974,0.1062767505645752
IWM,1d,2,0.0,0.75,12,26,0.7295968785122138,0.20390564736747097,0.7435437895365127,0.04600009838736293,16.16396085232674,0.7428571428571429,1.2667078769469529,-0.1030870952725974,0.11329865455627441
IWM,1d,2,0.0,0.75,20,50,0.530910462231211,-0.24149347685231304,0.586991461712117,0.06419240724667873,9.14425065033665,0.22857142857142856,0.5049894107953061,0.0,0.10770678520202637
IWM,1d,2,0.0,1.0,8,21,1.0057800962829262,-0.04443554386924253,0.991476772869594,0.04390146375850554,22.584139297120903,0.9142857142857143,1.670723570386631,-0.11425697767999998,0.11639070510864258
IWM,1d,2,0.0,1.0,9,21,0.9723998864021834,-0.13977470305658402,0.9787411082747861,0.05877012755763173,16.653717610447647,0.8857142857142857,1.4892375919287684,-0.11425697767999998,0.11512947082519531
IWM,1d,2,0.0,1.0,10,30,0.8878898783667823,0.21910581522572148,0.8910539115743965,0.05258227201735532,16.945899775504092,0.6285714285714286,0.9918062023381947,-0.11578267005881393,0.1096181869506836
IWM,1d,2,0.0,1.0,12,26,0.8714972014311729,0.16331135987370882,0.8846262790749518,0.046869672599359063,18.874172359528046,0.7428571428571429,1.2883259687512545,-0.11578267005881393,0.11026763916015625
IWM,1d,2,0.0,1.0,20,50,0.6379809215953738,-0.34117903835579955,0.6895015263279143,0.05823411651019042,11.840164625958703,0.22857142857142856,0.5086683170889237,0.0,0.11795878410339355
IWM,1d,2,0.1,0.0,8,21,0.1353512847932131,0.09466868210330781,0.21814557300038873,0.20157040595673575,1.0822301615407304,0.42857142857142855,0.04118640849071647,-0.14229366101304153,0.12651848793029785
IWM,1d,2,0.1,0.0,9,21,0.09744814067251469,0.03491319557596806,0.2972185239404555,0.19086130334148418,1.5572487389372989,0.4,-0.059909246277033534,-0.14229366101304153,0.10784459114074707
IWM,1d,2,0.1,0.0,10,30,0.13990896552348858,0.1020765720381478,0.25209133937851286,0.2554456906722555,0.9868686322916038,0.2,-0.07613809012219634,-0.06500037091394684,0.11109399795532227
IWM,1d,2,0.1,0.0,12,26,0.12145350746610595,0.07271957454420752,0.21200946012091015,0.20584374414927362,1.0299533804008407,0.2571428571428571,0.11616190939413129,-0.07046535962848299,0.11970305442810059
IWM,1d,2,0.1,0.0,20,50,0.1648181238951164,0.14302829114448823,0.23973265356553575,0.2821983139260747,0.8495183767410341,0.05714285714285714,0.12014473525042872,0.0,0.1222836971282959
IWM,1d,2,0.1,0.25,8,21,0.3773148596133239,0.17187741372169052,0.39074816690590297,0.046728659488749213,8.362066688430957,0.8857142857142857,1.4359905224382699,-0.07674224489397685,0.15564346313476562
IWM,1d,2,0.1,0.25,9,21,0.35747959466777457,0.09008642758796093,0.40394900995597255,0.05046361437534519,8.004757783527458,0.8571428571428571,1.2620682590220202,-0.07674224489397685,0.13312602043151855
IWM,1d,2,0.1,0.25,10,30,0.34085675387777076,0.19591873128152182,0.3741360352893422,0.06968537706131425,5.36893177689417,0.6,0.8920878175766583,-0.07769594570016358,0.12383413314819336
IWM,1d,2,0.1,0.25,12,26,0.3364426495003572,0.15504785161465184,0.3573696087084889,0.05660126380486332,6.313809704683357,0.7142857142857143,1.1880578664087007,-0.07769594570016358,0.11510252952575684
IWM,1d,2,0.1,0.25,20,50,0.24353772718029462,0.013203849267065637,0.31667161686443757,0.1110184004988517,2.8524246020614665,0.22857142857142856,0.49348734310159625,0.0,0.09822368621826172
IWM,1d,2,0.1,0.5,8,21,0.6375315594624242,0.19334799863570784,0.6366870491425524,0.037280632148024906,17.078225675319818,0.9142857142857143,1.553872358820275,-0.08924715582265108,0.11019492149353027
IWM,1d,2,0.1,0.5,9,21,0.6127932635942591,0.0910397745616196,0.6350703999222087,0.045810158288775694,13.863091149322928,0.8857142857142857,1.374907579527733,-0.08924715582265108,0.11587643623352051
IWM,1d,2,0.1,0.5,10,30,0.564240729150776,0.2369281526519471,0.582763928596314,0.0527869431654875,11.03992566437015,0.6285714285714286,0.9394694470894178,-0.09039152048638033,0.11854076385498047
IWM,1d,2,0.1,0.5,12,26,0.5648408769467628,0.1850460380622485,0.5715756485783087,0.042873717337286565,13.331609295311063,0.7428571428571429,1.2371882010086968,-0.09039152048638033,0.12551045417785645
IWM,1d,2,0.1,0.5,20,50,0.4012204791060627,-0.10634343929396706,0.46509051187668515,0.08156424939744009,5.702136846873039,0.22857142857142856,0.5001402625922353,0.0,0.09653139114379883
IWM,1d,2,0.1,0.75,8,21,0.8454294119975821,0.17077131348347518,0.8370837278359191,0.03911098864062203,21.402775969884203,0.9142857142857143,1.6221512336967818,-0.10175206675132564,0.10992026329040527
IWM,1d,2,0.1,0.75,9,21,0.8154465927047716,0.05089652917821219,0.8269368773430464,0.05049645040969278,16.37613873121498,0.8857142857142857,1.4401500503085065,-0.10175206675132564,0.12118220329284668
IWM,1d,2,0.1,0.75,10,30,0.743745064956958,0.23506456060478031,0.7563033962163273,0.05134791350794058,14.728999574624789,0.6285714285714286,0.9694949967675152,-0.1030870952725974,0.10982847213745117
IWM,1d,2,0.1,0.75,12,26,0.7476429780885071,0.17344031601204923,0.7476364786840244,0.042120909779222164,17.749770425253878,0.7428571428571429,1.2668915252275754,-0.1030870952725974,0.11580157279968262
IWM,1d,2,0.1,0.75,20,50,0.532966079362304,-0.2157540230957331,0.5929955552639317,0.07153009274962478,8.290154988888117,0.22857142857142856,0.5049894107953061,0.0,0.11358404159545898
IWM,1d,2,0.1,1.0,8,21,1.0115541105847101,0.11511744230850662,0.9980954069596848,0.042552227377799456,23.455773492139585,0.9142857142857143,1.6713597481867704,-0.11425697767999998,0.12477803230285645
IWM,1d,2,0.1,1.0,9,21,0.9771009743825135,-0.018422484760982516,0.9818253096914915,0.05593009526214113,17.55450808888726,0.8857142857142857,1.4871451092099714,-0.11425697767999998,0.12178635597229004
IWM,1d,2,0.1,1.0,10,30,0.8873621020759934,0.1995902240173415,0.8964724230670278,0.052678230671433034,17.017891672530627,0.6285714285714286,0.9918062023381947,-0.11578267005881393,0.1064307689666748
IWM,1d,2,0.1,1.0,12,26,0.8937855487259433,0.13003196858712407,0.8894173479482512,0.04425359755544908,20.098193075349972,0.7428571428571429,1.288469660001502,-0.11578267005881393,0.10697603225708008
IWM,1d,2,0.1,1.0,20,50,0.6397099668668058,-0.31528471401917846,0.6973800834371735,0.06678593912802408,10.442019570921111,0.22857142857142856,0.5086683170889237,0.0,0.10236930847167969
IWM,1d,2,0.25,0.0,8,21,0.15583715256564915,0.1282667366835908,0.21071510937751237,0.18674705691582566,1.1283450077207378,0.42857142857142855,0.04118640849071647,-0.14229366101304153,0.11033272743225098
IWM,1d,2,0.25,0.0,9,21,0.125900512236376,0.07911998814777155,0.27682347149406167,0.19297978755361153,1.4344687337639317,0.4,-0.059909246277033534,-0.14229366101304153,0.11548686027526855
IWM,1d,2,0.25,0.0,10,30,0.14697511871679148,0.11362601517691373,0.25549349803268717,0.2652474907249133,0.963226823878451,0.2,-0.07613809012219634,-0.06500037091394684,0.12066817283630371
IWM,1d,2,0.25,0.0,12,26,0.05538640048090161,-0.025401067999751836,0.2317287971109298,0.2050271701140995,1.1302345780901655,0.2571428571428571,0.11616190939413129,-0.07046535962848299,0.10228085517883301
IWM,1d,2,0.25,0.0,20,50,0.12273563684574768,0.07484440296091854,0.23124377274721356,0.2680188300863916,0.8627892774275442,0.05714285714285714,0.12014473525042872,0.0,0.1017155647277832
IWM,1d,2,0.25,0.25,8,21,0.3819284055849212,0.2164314252525643,0.39077156772494914,0.04429111366387026,8.822798421610125,0.8857142857142857,1.4359905224382699,-0.07674224489397685,0.11785030364990234
IWM,1d,2,0.25,0.25,9,21,0.3667974976973027,0.14927556421175225,0.40022489993319726,0.04869923193493794,8.218300043579676,0.8571428571428571,1.2620682590220202,-0.07674224489397685,0.11036133766174316
IWM,1d,2,0.25,0.25,10,30,0.34296339525409286,0.21181418653444428,0.375702275948668,0.07341541951950065,5.117484561249068,0.6,0.8920878175766583,-0.07769594570016358,0.11622142791748047
IWM,1d,2,0.25,0.25,12,26,0.31994730862038523,0.022618736183301236,0.3667406931011216,0.05595649966189199,6.554032066285282,0.7142857142857143,1.1880578664087007,-0.07769594570016358,0.11165523529052734
IWM,1d,2,0.25,0.25,20,50,0.22502609061226114,-0.06160955780925492,0.31440270077205856,0.10472401827827472,3.0022024168001415,0.22857142857142856,0.49348734310159625,0.0,0.10338115692138672
IWM,1d,2,0.25,0.5,8,21,0.640662268932867,0.24729833229213827,0.6395975554129422,0.03586766478894602,17.832149351692905,0.9142857142857143,1.553872358820275,-0.08924715582265108,0.11435365676879883
IWM,1d,2,0.25,0.5,9,21,0.6225015889992856,0.16335654005351152,0.6351766328716132,0.04414859947694372,14.387243092577139,0.8857142857142857,1.374907579527733,-0.08924715582265108,0.11199045181274414
IWM,1d,2,0.25,0.5,10,30,0.5657132528195316,0.2569504983085442,0.5861878877319178,0.05373723717937169,10.908411345660692,0.6285714285714286,0.9394694470894178,-0.09039152048638033,0.11190676689147949
IWM,1d,2,0.25,0.5,12,26,0.5586090963918533,0.021816921322825422,0.5853283208432288,0.043740878216588966,13.381723109099347,0.7428571428571429,1.2371882010086968,-0.09039152048638033,0.11476469039916992
IWM,1d,2,0.25,0.5,20,50,0.38873702023155793,-0.1847855848124762,0.4677719660354951,0.07924075416840248,5.903174079355503,0.22857142857142856,0.5001402625922353,0.0,0.10760331153869629
IWM,1d,2,0.25,0.75,8,21,0.8481751832073999,0.23195704808100848,0.8421214514246975,0.03734254889227468,22.5512579190574,0.9142857142857143,1.6221512336967818,-0.10175206675132564,0.12450671195983887
IWM,1d,2,0.25,0.75,9,21,0.8266323291399431,0.1335930661738276,0.8296239838360038,0.050211073033360525,16.52272962349952,0.8857142857142857,1.4401500503085065,-0.10175206675132564,0.11137199401855469
IWM,1d,2,0.25,0.75,10,30,0.7450008537310346,0.2587414325807209,0.7614266710632285,0.05072034610557532,15.012253060700829,0.6285714285714286,0.9694949967675152,-0.1030870952725974,0.11018133163452148
IWM,1d,2,0.25,0.75,12,26,0.746643799565988,-0.015310899533960143,0.7654381762659951,0.04295100779083681,17.821192461735297,0.7428571428571429,1.2668915252275754,-0.1030870952725974,0.10888028144836426
IWM,1d,2,0.25,0.75,20,50,0.523144658600451,-0.29534204670212927,0.5990022773644285,0.07145625056910417,8.382783487711032,0.22857142857142856,0.5049894107953061,0.0,0.10547399520874023
IWM,1d,2,0.25,1.0,8,21,1.0141242415970269,0.18110248623453473,1.004779984951147,0.040419688061520014,24.858677370835736,0.9142857142857143,1.6713597481867704,-0.11425697767999998,0.13974261283874512
IWM,1d,2,0.25,1.0,9,21,0.9896993973531463,0.07143848393804797,0.9864630192194979,0.05689422334439168,17.3385444291637,0.8857142857142857,1.4871451092099714,-0.11425697767999998,0.1210176944732666
IWM,1d,2,0.25,1.0,10,30,0.8884957984839658,0.22627557961994071,0.902984642464763,0.051261165262755926,17.61537487172246,0.6285714285714286,0.9918062023381947,-0.11578267005881393,0.11360740661621094
IWM,1d,2,0.25,1.0,12,26,0.8963536152172089,-0.07793779788910038,0.9105535810015093,0.04455591083354967,20.43620170628139,0.7428571428571429,1.288469660001502,-0.11578267005881393,0.10800027847290039
IWM,1d,2,0.25,1.0,20,50,0.6315330690647506,-0.39400979510525747,0.7058807812693803,0.06807630417958269,10.368964499119896,0.22857142857142856,0.5086683170889237,0.0,0.10957956314086914
IWM,1d,2,0.4,0.0,8,21,0.29534839541917357,0.3855969444519982,0.22474010577875023,0.207823193083407,1.0814005041706478,0.42857142857142855,0.04118640849071647,-0.14229366101304153,0.12705755233764648
IWM,1d,2,0.4,0.0,9,21,0.10955152810946645,0.05306573865120323,0.2528290406356412,0.17114711271149874,1.477261501114734,0.4,-0.059909246277033534,-0.14229366101304153,0.12454509735107422
IWM,1d,2,0.4,0.0,10,30,0.17047491417275085,0.15296606098583476,0.24300528594185683,0.23061137443005972,1.0537437129561706,0.2,-0.07613809012219634,-0.06500037091394684,0.13239502906799316
IWM,1d,2,0.4,0.0,12,26,0.11252969147274763,0.059333814626199466,0.24070700510853116,0.23176812465521252,1.0385682046080171,0.2571428571428571,0.11616190939413129,-0.07046535962848299,0.1088712215423584
IWM,1d,2,0.4,0.0,20,50,0.1117960222359509,0.05790648451699476,0.2219320058531556,0.25901829438179436,0.8568198102873252,0.05714285714285714,0.12014473525042872,0.0,0.09536933898925781
IWM,1d,2,0.4,0.25,8,21,0.4165440876987387,0.5748094279605893,0.3964709204000433,0.054249257834352936,7.308319712145095,0.8857142857142857,1.4359905224382699,-0.07674224489397685,0.10605120658874512
IWM,1d,2,0.4,0.25,9,21,0.36481721910397086,0.11425206956405654,0.39557815430214815,0.04478294491718259,8.833232272546915,0.8571428571428571,1.2620682590220202,-0.07674224489397685,0.10892629623413086
IWM,1d,2,0.4,0.25,10,30,0.349088857253632,0.26282475241473247,0.3734775747288414,0.06296824223064164,5.9312053425416975,0.6,0.8920878175766583,-0.07769594570016358,0.1085655689239502
IWM,1d,2,0.4,0.25,12,26,0.33584696077359677,0.13305420840784743,0.37220155378860803,0.06115538118133238,6.086161946812004,0.7142857142857143,1.1880578664087007,-0.07769594570016358,0.10847806930541992
IWM,1d,2,0.4,0.25,20,50,0.21977669111752798,-0.08037657613297589,0.3063832386717674,0.09454993353172593,3.240438435305314,0.22857142857142856,0.49348734310159625,0.0,0.10782885551452637
IWM,1d,2,0.4,0.5,8,21,0.6623192723187179,0.7033197950242482,0.6466770619762099,0.040498982928914906,15.967735859225845,0.9142857142857143,1.553872358820275,-0.08924715582265108,0.11052060127258301
IWM,1d,2,0.4,0.5,9,21,0.6250511491379922,0.12039740457635162,0.6353573736995645,0.04585805743780896,13.854868897602413,0.8857142857142857,1.374907579527733,-0.08924715582265108,0.1275005340576172
IWM,1d,2,0.4,0.5,10,30,0.569340616669633,0.3182890479231757,0.5892070067008439,0.0510279611711173,11.546747962847185,0.6285714285714286,0.9394694470894178,-0.09039152048638033,0.10066103935241699
IWM,1d,2,0.4,0.5,12,26,0.5686855464871314,0.1535664939683843,0.5929675595429423,0.04741703762421652,12.505369151110903,0.7428571428571429,1.2371882010086968,-0.09039152048638033,0.10152482986450195
IWM,1d,2,0.4,0.5,20,50,0.38513220411371074,-0.20465497172851643,0.46266718703376714,0.07092466888313773,6.523360550277674,0.22857142857142856,0.5001402625922353,0.0,0.10474991798400879
IWM,1d,2,0.4,0.75,8,21,0.8651537105751484,0.7757800948375269,0.8508322030071105,0.03987583784741653,21.33703638435861,0.9142857142857143,1.6221512336967818,-0.10175206675132564,0.13086223602294922
IWM,1d,2,0.4,0.75,9,21,0.8320989512890328,0.08427847891222195,0.8328016253250408,0.053466636352110394,15.576099080565577,0.8857142857142857,1.4401500503085065,-0.10175206675132564,0.12912631034851074
IWM,1d,2,0.4,0.75,10,30,0.7477236393691995,0.32858984393964197,0.7677814400879337,0.05160449781107291,14.878188387741444,0.6285714285714286,0.9694949967675152,-0.1030870952725974,0.10901260375976562
IWM,1d,2,0.4,0.75,12,26,0.7545900635019678,0.1322460170955062,0.7751967848296302,0.047422805047352926,16.346497936078975,0.7428571428571429,1.2668915252275754,-0.1030870952725974,0.11645841598510742
IWM,1d,2,0.4,0.75,20,50,0.5202813990596209,-0.31569785945444384,0.5957929352001645,0.06465905888911655,9.214376847363127,0.22857142857142856,0.5049894107953061,0.0,0.10897946357727051
IWM,1d,2,0.4,1.0,8,21,1.028511411086235,0.7982244500150599,1.0148903518761903,0.042164346182110096,24.06987048946102,0.9142857142857143,1.6713597481867704,-0.11425697767999998,0.13494443893432617
IWM,1d,2,0.4,1.0,9,21,0.9973568637833594,0.017648069597745897,0.9918569502816176,0.060645134251078515,16.355095302043598,0.8857142857142857,1.4871451092099714,-0.11425697767999998,0.12942028045654297
IWM,1d,2,0.4,1.0,10,30,0.8907303903294269,0.3025686438859905,0.9118103230509588,0.05419232962034795,16.82544982728691,0.6285714285714286,0.9918062023381947,-0.11578267005881393,0.11340045928955078
IWM,1d,2,0.4,1.0,12,26,0.9031092122462469,0.07956175537297483,0.9220869057091337,0.049972104101250414,18.452032834976443,0.7428571428571429,1.288469660001502,-0.11578267005881393,0.11165237426757812
IWM,1d,2,0.4,1.0,20,50,0.6291362021421925,-0.4143404495814522,0.7040884312080143,0.06260052682460224,11.247324374454067,0.22857142857142856,0.5086683170889237,0.0,0.10146927833557129
IWM,1d,2,0.55,0.0,8,21,0.23583888947531859,0.2680804272787747,0.24431089735692457,0.1833720443873764,1.33232357294776,0.42857142857142855,0.1177679557604245,-0.10932506580648771,0.11876392364501953
IWM,1d,2,0.55,0.0,9,21,0.10771007291998863,0.05088140273115971,0.26392272626328483,0.18463914039589527,1.4293975031371633,0.4,0.0070499030168944795,-0.10932506580648771,0.1078636646270752
IWM,1d,2,0.55,0.0,10,30,0.1834779222844573,0.17544616914025446,0.2663357876389011,0.21995131734324067,1.2108851670266474,0.17142857142857143,-0.10805931123585842,-0.06129405988615921,0.10707902908325195
IWM,1d,2,0.55,0.0,12,26,0.025677679468826937,-0.06725215137040408,0.22780042785150637,0.24942238584460857,0.913311878884148,0.2857142857142857,0.09966714440999024,-0.06129405988615921,0.11719679832458496
IWM,1d,2,0.55,0.0,20,50,0.1070568239480286,0.05068265718830145,0.22830443087945337,0.25943349734794663,0.8800113833151483,0.05714285714285714,0.12014473525042872,0.0,0.11481261253356934
IWM,1d,2,0.55,0.25,8,21,0.4059074632967155,0.4084224218558563,0.4053219760810043,0.05178248383326561,7.827395406255525,0.8857142857142857,1.4941010459746014,-0.06706778592900442,0.11594200134277344
IWM,1d,2,0.55,0.25,9,21,0.367730462885772,0.11548533764409408,0.4008339598444516,0.0499481740973449,8.024997251416218,0.8857142857142857,1.4568010448902615,-0.06706778592900442,0.11494135856628418
IWM,1d,2,0.55,0.25,10,30,0.3587882670995875,0.2932479873296647,0.38070143516845717,0.06136328015609775,6.204059401648958,0.6285714285714286,1.04668658738761,-0.06802937545518017,0.11443591117858887
IWM,1d,2,0.55,0.25,12,26,0.31889756581876516,-0.03268731819812387,0.37336126498327454,0.055121488960573735,6.773424884264744,0.7428571428571429,1.3283293146048918,-0.06802937545518017,0.10822129249572754
IWM,1d,2,0.55,0.25,20,50,0.22686443894218958,-0.09372773834787496,0.30602018171695794,0.08494938173971366,3.6023826830736563,0.22857142857142856,0.4922643439577115,0.0,0.10588288307189941
IWM,1d,2,0.55,0.5,8,21,0.6633018147917424,0.4881321150661899,0.6582144919749113,0.043470553622421554,15.141617419737962,0.9142857142857143,1.5864765545431223,-0.0776385790988049,0.12070894241333008
IWM,1d,2,0.55,0.5,9,21,0.6314027325993176,0.12672664112884746,0.6422737959512395,0.047901958499164975,13.40809052645385,0.9142857142857143,1.5555972009038517,-0.0776385790988049,0.10749673843383789
IWM,1d,2,0.55,0.5,10,30,0.5844214674955194,0.3560303181367943,0.5959595815082254,0.051916672880550394,11.479155894280938,0.6571428571428571,1.1011472187275295,-0.07879240959536005,0.10294747352600098
IWM,1d,2,0.55,0.5,12,26,0.5670858861998803,-0.044814284397490356,0.602297644119586,0.04411757812566879,13.652101264578551,0.7714285714285715,1.39206525442266,-0.07879240959536005,0.11183905601501465
IWM,1d,2,0.55,0.5,20,50,0.4015760128452348,-0.22242766045279727,0.46346833275790134,0.062111542081400885,7.4618712919814225,0.22857142857142856,0.4990253517258292,0.0,0.11025452613830566
IWM,1d,2,0.55,0.75,8,21,0.8728563387044346,0.5150257220815588,0.8652706436960335,0.04357312681283898,19.857896529038587,0.9142857142857143,1.6459995470339883,-0.08820937226860548,0.12620234489440918
IWM,1d,2,0.55,0.75,9,21,0.8409971075425704,0.09679480632907667,0.8415629505771628,0.05356236512283489,15.711833274113298,0.9142857142857143,1.6159548390714538,-0.08820937226860548,0.12068462371826172
IWM,1d,2,0.55,0.75,10,30,0.7675221385620191,0.3726143564745592,0.7751472388947789,0.05329065231354512,14.545651164749513,0.6571428571428571,1.1335358864163205,-0.08955544373554014,0.11622977256774902
IWM,1d,2,0.55,0.75,12,26,0.7612933469737352,-0.09039154726782839,0.790203341746371,0.04719517987694569,16.74330607080441,0.7714285714285715,1.430773574194538,-0.08955544373554014,0.11992955207824707
IWM,1d,2,0.55,0.75,20,50,0.5436283864291588,-0.33643570491302055,0.5982017440230579,0.057829654945555864,10.344203931118717,0.22857142857142856,0.5039747955699324,0.0,0.10578489303588867
IWM,1d,2,0.55,1.0,8,21,1.0410539089676298,0.4976319227370509,1.031784232607915,0.04511464455690865,22.870272895675786,0.9142857142857143,1.6906842410184801,-0.09878016543840606,0.11671185493469238
IWM,1d,2,0.55,1.0,9,21,1.0082116955420826,0.036783672874246776,1.0021787869335539,0.05938499402609024,16.875960053027136,0.9142857142857143,1.6603897197965733,-0.09878016543840606,0.1118779182434082
IWM,1d,2,0.55,1.0,10,30,0.9143674736845641,0.35159576814475635,0.9198523500828388,0.05602515714743227,16.418559035224362,0.6571428571428571,1.1571028381988582,-0.10031847787572012,0.11266207695007324
IWM,1d,2,0.55,1.0,12,26,0.9156136614128623,-0.15828354652042154,0.9414358670823354,0.05188554499498364,18.144472938914962,0.7714285714285715,1.4588998108860216,-0.10031847787572012,0.11236810684204102
IWM,1d,2,0.55,1.0,20,50,0.6578733756117193,-0.43682356726706595,0.7079476589997629,0.05783689250495587,12.240416598092661,0.22857142857142856,0.5077423763386519,0.0,0.10495305061340332
IWM,1d,2,0.7,0.0,8,21,0.1831924249880753,0.1741859815691389,0.28907304246593274,0.18999160338569557,1.5215043050039179,0.4,0.1045298972199327,-0.10932506580648771,0.11571121215820312
IWM,1d,2,0.7,0.0,9,21,0.1318106586520715,0.08911982440930544,0.29057446543595744,0.17235666518572834,1.685890505730311,0.4,0.03868881230138371,-0.10932506580648771,0.1254103183746338
IWM,1d,2,0.7,0.0,10,30,0.1591300427124631,0.1337230427015932,0.29098905953205,0.2103043097254809,1.3836571390852157,0.17142857142857143,-0.12070714466505891,-0.06129405988615921,0.11675477027893066
IWM,1d,2,0.7,0.0,12,26,0.08573149697553736,0.018960468721880064,0.2000647423002438,0.216033962877985,0.9260800460955274,0.2857142857142857,0.06449997055606753,-0.06254965087894071,0.11703634262084961
IWM,1d,2,0.7,0.0,20,50,0.12692433548480234,0.0813240612264674,0.22911266433936364,0.2662466031602786,0.8605280278503288,0.05714285714285714,0.12014473525042872,0.0,0.10787320137023926
IWM,1d,2,0.7,0.25,8,21,0.3978033783406855,0.28216027061921634,0.4189437250407204,0.054328088705623445,7.711365060360682,0.8857142857142857,1.476081777227479,-0.06706778592900442,0.1299443244934082
IWM,1d,2,0.7,0.25,9,21,0.3721108020758875,0.16404735907956813,0.4097485474606084,0.049635649109999465,8.255126200778577,0.8857142857142857,1.4638738583498836,-0.06706778592900442,0.11350417137145996
IWM,1d,2,0.7,0.25,10,30,0.3564609665987508,0.23132215575269766,0.3883789744289794,0.05797883683060093,6.698633426602222,0.6285714285714286,1.0461181978464336,-0.06802937545518017,0.10931563377380371
IWM,1d,2,0.7,0.25,12,26,0.33738867210960877,0.08062086699972726,0.36968163285285627,0.04880121334167002,7.575254948368164,0.7428571428571429,1.326328355167146,-0.06802937545518017,0.11577439308166504
IWM,1d,2,0.7,0.25,20,50,0.23976483068293097,-0.06090794621988238,0.3083014333597388,0.08619210546552429,3.5769103410875065,0.22857142857142856,0.4922643439577115,0.0,0.10463714599609375
IWM,1d,2,0.7,0.5,8,21,0.6662355608037372,0.3329260513701593,0.6696001981217439,0.04158136908220996,16.103370641738284,0.9142857142857143,1.5762801995352052,-0.0776385790988049,0.1270453929901123
IWM,1d,2,0.7,0.5,9,21,0.6337508726886992,0.18327231345424688,0.6504380223992915,0.045623555154955614,14.256627309953094,0.9142857142857143,1.5595106905886835,-0.0776385790988049,0.12015008926391602
IWM,1d,2,0.7,0.5,10,30,0.5912914198286807,0.27270587862220963,0.6030439921166632,0.0529701476458586,11.384600929346501,0.6571428571428571,1.1008207075641552,-0.07879240959536005,0.10349130630493164
IWM,1d,2,0.7,0.5,12,26,0.5827197471048655,0.09137799806601699,0.6063555200754852,0.04453834708244867,13.614234918799514,0.7714285714285715,1.3907649577172434,-0.07879240959536005,0.11768054962158203
IWM,1d,2,0.7,0.5,20,50,0.41644572633542204,-0.18880982308982797,0.46831959754681407,0.06330059143497296,7.3983447378672045,0.22857142857142856,0.4990253517258292,0.0,0.10139966011047363
IWM,1d,2,0.7,0.75,8,21,0.8823667525805463,0.3361841217226713,0.8766666521631212,0.04009683149783659,21.86373883957443,0.9142857142857143,1.641129037611014,-0.08820937226860548,0.11364126205444336
IWM,1d,2,0.7,0.75,9,21,0.8427680497720915,0.1587023357469437,0.8501674345086192,0.05032089497345341,16.89491879977734,0.9142857142857143,1.6187572757592823,-0.08820937226860548,0.11988973617553711
IWM,1d,2,0.7,0.75,10,30,0.7805649374835454,0.2681666070296618,0.7827601433694891,0.05656120044651817,13.83917132575065,0.6571428571428571,1.1332932183903992,-0.08955544373554014,0.11393284797668457
IWM,1d,2,0.7,0.75,12,26,0.7772493895125336,0.06316502956820313,0.7990901683233187,0.049922597402179573,16.006582387646986,0.7714285714285715,1.4297226420649394,-0.08955544373554014,0.11519074440002441
IWM,1d,2,0.7,0.75,20,50,0.5609054905242064,-0.30308643733614005,0.6050881745543497,0.05977668751281202,10.122477503034279,0.22857142857142856,0.5039747955699324,0.0,0.11442923545837402
IWM,1d,2,0.7,1.0,8,21,1.0553215993529934,0.3015393901442063,1.043521071780619,0.041160500695425484,25.352487315505233,0.9142857142857143,1.6897557972027069,-0.09878016543840606,0.1288139820098877
IWM,1d,2,0.7,1.0,9,21,1.0097318263863555,0.10147651481364961,1.0113112595425877,0.05558508861548964,18.19393086765306,0.9142857142857143,1.6626079418006843,-0.09878016543840606,0.1333484649658203
IWM,1d,2,0.7,1.0,10,30,0.9320897862692138,0.22759581805940465,0.9280679258991542,0.060650049688060474,15.30201427158687,0.6571428571428571,1.1569075388917511,-0.10031847787572012,0.10924434661865234
IWM,1d,2,0.7,1.0,12,26,0.9323597625789236,0.006605982073782268,0.9538870895440017,0.055679672581175906,17.13169358446426,0.7714285714285715,1.4580014135756123,-0.10031847787572012,0.1177816390991211
IWM,1d,2,0.7,1.0,20,50,0.6772044738078224,-0.4045427341753842,0.7164435391109937,0.06061876091217727,11.818841697357632,0.22857142857142856,0.5077423763386519,0.0,0.1049656867980957
IWM,1d,2,0.85,0.0,8,21,0.22868185910705724,0.2565762296513652,0.3219642001303488,0.17717214905271678,1.8172393451893492,0.45714285714285713,0.21517591751856976,-0.0992273551102717,0.11370038986206055
IWM,1d,2,0.85,0.0,9,21,0.22787630775607018,0.2547155709385156,0.3188660918478078,0.1746824800194767,1.8254039661691026,0.42857142857142855,0.13599809738923868,-0.0992273551102717,0.1143953800201416
IWM,1d,2,0.85,0.0,10,30,0.16935891172333029,0.1508059674066038,0.2547909738049302,0.22771792198964547,1.1188885423630195,0.22857142857142856,-0.20595463950892445,-0.06541929443017447,0.11192488670349121
IWM,1d,2,0.85,0.0,12,26,0.1459292951104677,0.11201857321308406,0.2113955042772034,0.22861366814454026,0.9246844512531477,0.3142857142857143,-0.021125216202334502,-0.06640034761868974,0.10543227195739746
IWM,1d,2,0.85,0.0,20,50,0.1672998592715244,0.14715054396190674,0.21978453636642475,0.25862317956366737,0.8498253587989727,0.02857142857142857,-0.012453346260716825,-0.012242441341422494,0.10042786598205566
IWM,1d,2,0.85,0.25,8,21,0.4165299546257098,0.389665361125459,0.4324476768388189,0.0596660774036511,7.247798006113881,0.9142857142857143,1.3682109484787706,-0.04546135089472725,0.10624098777770996
IWM,1d,2,0.85,0.25,9,21,0.39871809842895445,0.38384561186773203,0.4193008930017048,0.05643018445984148,7.430436335009682,0.9142857142857143,1.342650726237197,-0.04546135089472725,0.11115264892578125
IWM,1d,2,0.85,0.25,10,30,0.3640780448495977,0.2555977438603987,0.3832025786245217,0.06435849702154933,5.954187812934987,0.6857142857142857,1.0141351554396831,-0.046445210550836835,0.10732841491699219
IWM,1d,2,0.85,0.25,12,26,0.36013455738345035,0.2053385576183977,0.384288179608655,0.05463021351129724,7.034352511347705,0.8,1.213846723223977,-0.046445210550836835,0.11336708068847656
IWM,1d,2,0.85,0.25,20,50,0.3033769830434101,0.2632437092041797,0.307843972703241,0.08200564703336322,3.7539362695107763,0.2571428571428571,0.4529821316587064,-0.005465914599649846,0.11511611938476562
IWM,1d,2,0.85,0.5,8,21,0.6891172758656611,0.46287469562722916,0.6847714947007587,0.048678472279481085,14.06723470632424,0.9142857142857143,1.4797580023039247,-0.056276960517898544,0.12034010887145996
IWM,1d,2,0.85,0.5,9,21,0.6542734286554615,0.4480861322689984,0.6604280857750633,0.048429658410380425,13.636852033494975,0.9142857142857143,1.4525115243943882,-0.056276960517898544,0.1165623664855957
IWM,1d,2,0.85,0.5,10,30,0.6043613545607925,0.3045428823925964,0.6072971813286474,0.056386158719556004,10.77032369502452,0.6857142857142857,1.0929627284638392,-0.0574575133885854,0.1149451732635498
IWM,1d,2,0.85,0.5,12,26,0.6056513731856564,0.24508396520716147,0.6263557545378245,0.052645184554013104,11.897683707333075,0.8,1.3000273909038462,-0.0574575133885854,0.11753296852111816
IWM,1d,2,0.85,0.5,20,50,0.4804710129914325,0.3282378104572614,0.4733598188619039,0.06234834054165982,7.592179916089588,0.2571428571428571,0.46786800017240293,-0.010431829199299525,0.10343599319458008
IWM,1d,2,0.85,0.75,8,21,0.9102221547321377,0.4848085282948662,0.8946443227837539,0.04796043882360559,18.6537976867597,0.9142857142857143,1.5571594271404894,-0.06709257014106929,0.11171483993530273
IWM,1d,2,0.85,0.75,9,21,0.862390633483956,0.45831080553139336,0.8617233825216735,0.051387336590452054,16.76917777213199,0.9142857142857143,1.5253645410314394,-0.06709257014106929,0.1167898178100586
IWM,1d,2,0.85,0.75,10,30,0.7983473407288287,0.3073131191613039,0.7929396659128638,0.05946061616011804,13.33554404780473,0.6857142857142857,1.1415685325607388,-0.06846981622633463,0.11817765235900879
IWM,1d,2,0.85,0.75,12,26,0.8027804568971575,0.24146078092894419,0.8238865536252762,0.059971753536260164,13.73791001670707,0.8,1.354501269629392,-0.06846981622633463,0.12319278717041016
IWM,1d,2,0.85,0.75,20,50,0.6259193248910551,0.3504600011120027,0.6139284319411834,0.061670127380294454,9.95503752011631,0.2571428571428571,0.4787139866328104,-0.015397743798949204,0.09798717498779297
IWM,1d,2,0.85,1.0,8,21,1.087483371516858,0.4644685653403666,1.0640216717600992,0.049289348237386094,21.58725383495812,0.9142857142857143,1.616428833097418,-0.07790817976424058,0.13278865814208984
IWM,1d,2,0.85,1.0,9,21,1.0294265138928027,0.4253399539666123,1.024337717182983,0.05577344859252857,18.366045905940336,0.9142857142857143,1.5804296724295346,-0.07790817976424058,0.11379837989807129
IWM,1d,2,0.85,1.0,10,30,0.9536949670919421,0.27332213431548236,0.942626178517453,0.06365313156685534,14.808795031983712,0.6857142857142857,1.177309967356676,-0.07948211906408353,0.11021900177001953
IWM,1d,2,0.85,1.0,12,26,0.9604515472643681,0.20402944432208003,0.9825820818555162,0.06715890677693553,14.630703938036191,0.8,1.394804514911564,-0.07948211906408353,0.10951876640319824
IWM,1d,2,0.85,1.0,20,50,0.7429348584299554,0.33777025606999933,0.7281665601455347,0.06474919791125254,11.245954909643586,0.2571428571428571,0.48706319930719216,-0.020363658398598883,0.10964131355285645
IWM,1d,2,1.0,0.0,8,21,0.2723472423470379,0.3393163130547996,0.34937854079268915,0.20213932108660032,1.728404641484913,0.42857142857142855,0.1203452952572481,-0.0992273551102717,0.12497782707214355
IWM,1d,2,1.0,0.0,9,21,0.2362328181898541,0.2703061630014658,0.31080026338818695,0.18109413304032296,1.7162359606591078,0.42857142857142855,0.03264509893085053,-0.0992273551102717,0.11888360977172852
IWM,1d,2,1.0,0.0,10,30,0.19435066679363205,0.19396479762555674,0.24598386418547707,0.21418914598980174,1.1484422473825504,0.22857142857142856,-0.3038230340963528,-0.06640034761868974,0.11146783828735352
IWM,1d,2,1.0,0.0,12,26,0.15718399531496605,0.13055677165453794,0.20108036433629178,0.20880508123972613,0.9630051296761035,0.2857142857142857,-0.0894318909989807,-0.06640034761868974,0.11575055122375488
IWM,1d,2,1.0,0.0,20,50,0.16597225014747893,0.14502975888439096,0.22770326540313984,0.25696381444057564,0.886129690668168,0.02857142857142857,-0.04545003749784971,-0.027928886345266912,0.11000490188598633
IWM,1d,2,1.0,0.25,8,21,0.42887317693087357,0.5002844550742236,0.44417280781052204,0.06252290183710944,7.10416175128472,0.8857142857142857,1.333097226125217,-0.04881809529723835,0.1171419620513916
IWM,1d,2,1.0,0.25,9,21,0.4062041922104327,0.4037939370406136,0.4198551281646985,0.05663229168083624,7.413705426771083,0.8857142857142857,1.2937518352174409,-0.04881809529723835,0.1284933090209961
IWM,1d,2,1.0,0.25,10,30,0.3708500507949881,0.3170895569576231,0.3855408776737353,0.05517198291928353,6.987982981104388,0.6857142857142857,1.0088180792985326,-0.04546135089472725,0.12235498428344727
IWM,1d,2,1.0,0.25,12,26,0.3669534270538368,0.22968323666606527,0.3870135041891539,0.05457605241670763,7.091269651277959,0.8,1.1986785006013216,-0.04546135089472725,0.1261599063873291
IWM,1d,2,1.0,0.25,20,50,0.3067921124480661,0.2599224640315272,0.3117796751027349,0.08398181892131115,3.712466330300188,0.2571428571428571,0.4512284881725798,-0.005465914599649846,0.10747265815734863
IWM,1d,2,1.0,0.5,8,21,0.7002013775992005,0.5942643298970525,0.6984741012763116,0.049980764860710555,13.974858192403854,0.9142857142857143,1.462250531588647,-0.06030478523450267,0.11970353126525879
IWM,1d,2,1.0,0.5,9,21,0.6668339008306893,0.4713474597275351,0.6661552976927059,0.05067815556668377,13.144821279380611,0.9142857142857143,1.4264048885312206,-0.06030478523450267,0.12431621551513672
IWM,1d,2,1.0,0.5,10,30,0.6087202142773656,0.3846692185766041,0.6180859715497429,0.05190619135983039,11.907750411987895,0.6857142857142857,1.089469811662529,-0.056276960517898544,0.1009371280670166
IWM,1d,2,1.0,0.5,12,26,0.6145575348345725,0.2743969551391794,0.6365568072532721,0.05261568020117697,12.098233926072725,0.8,1.2962246748024604,-0.056276960517898544,0.10201644897460938
IWM,1d,2,1.0,0.5,20,50,0.4879670961192129,0.3235385397139201,0.47860914042167557,0.06482907192332077,7.382631375438631,0.2571428571428571,0.4668120726479901,-0.010431829199299525,0.09909915924072266
IWM,1d,2,1.0,0.75,8,21,0.9219855191513108,0.6302577788886472,0.9110221080606025,0.04849553334417232,18.78569107787902,0.9142857142857143,1.551348808308471,-0.07179147517176698,0.11009716987609863
IWM,1d,2,1.0,0.75,9,21,0.879161083748555,0.483706917296983,0.8711504544969078,0.05394513303700466,16.148823915205213,0.9142857142857143,1.5154917917660762,-0.07179147517176698,0.1178135871887207
IWM,1d,2,1.0,0.75,10,30,0.8018950760977699,0.4052671508632697,0.8095963373119097,0.05772301011480508,14.025539134250042,0.6857142857142857,1.1387319217537217,-0.06709257014106929,0.13270974159240723
IWM,1d,2,1.0,0.75,12,26,0.8137203789350056,0.27465773844974106,0.839383679972365,0.058194923178950385,14.42365818391487,0.8,1.359091089942704,-0.06709257014106929,0.12099838256835938
IWM,1d,2,1.0,0.75,20,50,0.6364660224016078,0.3442806668094933,0.6205447915077563,0.06395177040262293,9.703324671091595,0.2571428571428571,0.4779236252538557,-0.015397743798949204,0.11089873313903809
IWM,1d,2,1.0,1.0,8,21,1.1001444090659114,0.6179011018532141,1.0827428893687547,0.049151756809760465,22.02856946821778,0.9142857142857143,1.6193751657363011,-0.08327816510903174,0.11782050132751465
IWM,1d,2,1.0,1.0,9,21,1.049583790863375,0.4517220606233854,1.0366144499329446,0.05803799052447104,17.860963837055458,0.9142857142857143,1.582889871951822,-0.08327816510903174,0.11976408958435059
IWM,1d,2,1.0,1.0,10,30,0.9568077304314346,0.38739855833227943,0.9637599223078887,0.06376095136466052,15.115206120372479,0.6857142857142857,1.1748720311740228,-0.07790817976424058,0.1277780532836914
IWM,1d,2,1.0,1.0,12,26,0.9730642850478229,0.23993381854825246,1.002149297335917,0.06380514863687022,15.70640173631409,0.8,1.405968423409881,-0.07790817976424058,0.11287355422973633
IWM,1d,2,1.0,1.0,20,50,0.7558797837055193,0.3300876499901497,0.7359255555907409,0.06667406053083647,11.037659169571329,0.2571428571428571,0.4864239419989758,-0.020363658398598883,0.10867071151733398
IWM,1d,3,0.0,0.0,8,21,0.1969310932463488,0.1997183808731764,0.2526832293943345,0.21740613368902095,1.1622635714398664,0.37142857142857144,0.026597074462962337,-0.1220278975394421,0.1190028190612793
IWM,1d,3,0.0,0.0,9,21,0.21252825731796784,0.23001615202503656,0.2717765995759742,0.23251857877333676,1.1688382107345792,0.37142857142857144,0.052830607643261654,-0.1220278975394421,0.12007927894592285
IWM,1d,3,0.0,0.0,10,30,0.1808493852543172,0.17072113635152397,0.3237533932641786,0.240539622114048,1.3459462121823578,0.17142857142857143,-0.09009128991612798,-0.06612453842916144,0.1150965690612793
IWM,1d,3,0.0,0.0,12,26,0.1320007693666255,0.08937192366629909,0.24750426951648802,0.2487497051268962,0.9949932177416136,0.2571428571428571,0.10771799652383829,-0.0623777361108353,0.11248326301574707
IWM,1d,3,0.0,0.0,20,50,0.11724511141836831,0.06563646101330578,0.23256651633145825,0.2521075032500148,0.9224894671255469,0.05714285714285714,0.12683490995303875,0.0,0.101104736328125
IWM,1d,3,0.0,0.25,8,21,0.3757140333581094,0.30957074370622384,0.39054871879055864,0.058334421062461485,6.6949960534000885,0.8571428571428571,1.2699994303166997,-0.06952471343005284,0.13071227073669434
IWM,1d,3,0.0,0.25,9,21,0.3805293800948185,0.36017977254542144,0.3886601077370407,0.07264318215511927,5.350262697841511,0.8571428571428571,1.2676062716414207,-0.06952471343005284,0.11356496810913086
IWM,1d,3,0.0,0.25,10,30,0.33902854096777346,0.29164285564972703,0.36974462061827956,0.08035988777783341,4.601109220566513,0.5714285714285714,0.8822992628085037,-0.07048586975506665,0.11277174949645996
IWM,1d,3,0.0,0.25,12,26,0.3307130846974707,0.1779823728807226,0.3575901259715958,0.08315109990190385,4.300485819110714,0.7142857142857143,1.1587580189631308,-0.07048586975506665,0.11073017120361328
IWM,1d,3,0.0,0.25,20,50,0.223681836942665,-0.07282978053095412,0.3147920416872427,0.10697943639582078,2.9425472061987814,0.2,0.4368664003828274,0.0,0.1085977554321289
IWM,1d,3,0.0,0.5,8,21,0.6119211260864283,0.3583880103553485,0.6205229915138946,0.04315820309637915,14.37786902592232,0.8857142857142857,1.3828205062135088,-0.08212738101181982,0.1116185188293457
IWM,1d,3,0.0,0.5,9,21,0.6148900638834911,0.4325865620161784,0.6084643359033357,0.05346443428625224,11.380730835859517,0.8857142857142857,1.3723114960231044,-0.08212738101181982,0.11550402641296387
IWM,1d,3,0.0,0.5,10,30,0.5438768654536462,0.358101507429353,0.5564663457179944,0.058548929259774805,9.504295855676844,0.6,0.9253752601585084,-0.08328069170164076,0.11081695556640625
IWM,1d,3,0.0,0.5,12,26,0.5480402558747397,0.2140059248320152,0.5595007058991721,0.059947969703933006,9.333105168738767,0.7428571428571429,1.2033477568184916,-0.08328069170164076,0.12389683723449707
IWM,1d,3,0.0,0.5,20,50,0.3875610641555338,-0.1976143660998928,0.45846619594281907,0.07492549010233834,6.118961588594411,0.2,0.44344497279088646,0.0,0.10103440284729004
IWM,1d,3,0.0,0.75,8,21,0.8036001727194625,0.3564863713027686,0.8100284344778697,0.04263463580569888,18.999304653837218,0.8857142857142857,1.4509866837736607,-0.09473004859358725,0.11222147941589355
IWM,1d,3,0.0,0.75,9,21,0.8058757620028144,0.45551859196585376,0.7911144672626231,0.04971064253186179,15.914388287288023,0.8857142857142857,1.4360605303083729,-0.09473004859358725,0.12436604499816895
IWM,1d,3,0.0,0.75,10,30,0.7108889234162709,0.37861539087313556,0.716604950214157,0.052468551145869215,13.657799473477066,0.6,0.9507409248801989,-0.09607551364821454,0.11290860176086426
IWM,1d,3,0.0,0.75,12,26,0.7226179283164705,0.20768237434596282,0.7279263735100396,0.05250580761339394,13.863730634710771,0.7428571428571429,1.2291191781811472,-0.09607551364821454,0.11149334907531738
IWM,1d,3,0.0,0.75,20,50,0.521857231740459,-0.3093719935597584,0.5829285435982532,0.06183365620481905,9.427366573106221,0.2,0.44827553295717276,0.0,0.10864114761352539
IWM,1d,3,0.0,1.0,8,21,0.9573972595949312,0.31427728840661273,0.9627588256430926,0.04519302736189482,21.303260300168716,0.8857142857142857,1.500416474910077,-0.10733271617535456,0.10716605186462402
IWM,1d,3,0.0,1.0,9,21,0.9592826628192872,0.43751916443686056,0.9386359877641309,0.04984479866941862,18.831172214966013,0.8857142857142857,1.4824255286206738,-0.10733271617535456,0.12037086486816406
IWM,1d,3,0.0,1.0,10,30,0.8450619144995632,0.3614454539908696,0.8470175935260214,0.05036374358408415,16.818003056343375,0.6,0.9691731360199861,-0.10887033559478887,0.10868597030639648
IWM,1d,3,0.0,1.0,12,26,0.8623110765211498,0.1684857655222194,0.8641236493036553,0.04912427078953086,17.590564407682024,0.7428571428571429,1.247483750208969,-0.10887033559478887,0.11343050003051758
IWM,1d,3,0.0,1.0,20,50,0.6301398094876044,-0.40884659303481485,0.6846994891394751,0.054720307914341355,12.51271265160454,0.2,0.4519393258722896,0.0,0.11098051071166992
IWM,1d,3,0.1,0.0,8,21,0.1895730194020766,0.1867509429819696,0.24266456469252878,0.24107106508689638,1.0066100824047797,0.37142857142857144,-0.011532405422900283,-0.1220278975394421,0.12015986442565918
IWM,1d,3,0.1,0.0,9,21,0.25715747398442995,0.31576996600864127,0.2698229265653155,0.23167034771929804,1.1646847739540875,0.37142857142857144,-0.039528872729242055,-0.1220278975394421,0.11977744102478027
IWM,1d,3,0.1,0.0,10,30,0.2027795825173111,0.20889304906865158,0.31784612100483095,0.23375821622554135,1.3597217079127497,0.17142857142857143,-0.09009128991612798,-0.06612453842916144,0.10979628562927246
IWM,1d,3,0.1,0.0,12,26,0.09775980699142053,0.03631714002409869,0.2602402433235551,0.21924941141736207,1.1869598264424213,0.2571428571428571,0.10060061507040566,-0.0623777361108353,0.12165570259094238
IWM,1d,3,0.1,0.0,20,50,0.1329891827240661,0.09073277952967707,0.23212013729905756,0.2608618083240281,0.8898203182381177,0.05714285714285714,0.12683490995303875,0.0,0.10883855819702148
IWM,1d,3,0.1,0.25,8,21,0.37327811363855634,0.29200250266419814,0.3904329051870819,0.0619517060810812,6.302213932189225,0.8571428571428571,1.2719874039779981,-0.06952471343005284,0.12011599540710449
IWM,1d,3,0.1,0.25,9,21,0.3918406515178956,0.47973797478089897,0.3897903863574679,0.06848127977281324,5.691926138801701,0.8571428571428571,1.2583945518402682,-0.06952471343005284,0.11784934997558594
IWM,1d,3,0.1,0.25,10,30,0.34556065486979104,0.34356638786822913,0.3696047787098762,0.07896466796448547,4.680634874271956,0.5714285714285714,0.8822992628085037,-0.07048586975506665,0.11387872695922852
IWM,1d,3,0.1,0.25,12,26,0.32771315422576325,0.10679781186783344,0.3616358766604647,0.07243202982332414,4.992761869887745,0.7142857142857143,1.161311743266317,-0.07048586975506665,0.11458158493041992
IWM,1d,3,0.1,0.25,20,50,0.22927432412251075,-0.04519858091702622,0.31552554671922867,0.11387037037645825,2.7709187708452463,0.2,0.4368664003828274,0.0,0.11128473281860352
IWM,1d,3,0.1,0.5,8,21,0.6104267207676463,0.3366771792392631,0.6241759712562134,0.04333171034434487,14.404600379169509,0.8857142857142857,1.3839458882699511,-0.08212738101181982,0.11417317390441895
IWM,1d,3,0.1,0.5,9,21,0.6219248933258699,0.5850396794348798,0.6129629473050053,0.04906871058187547,12.491931009318506,0.8857142857142857,1.3669817966097246,-0.08212738101181982,0.11419105529785156
IWM,1d,3,0.1,0.5,10,30,0.5481269600203895,0.42269368024656306,0.5597778866280311,0.05766861822865411,9.70680248325928,0.6,0.9253752601585084,-0.08328069170164076,0.12900829315185547
IWM,1d,3,0.1,0.5,12,26,0.5554081740785008,0.12663227732966953,0.5638943523535129,0.05222361816023919,10.797688329891278,0.7428571428571429,1.2046033405481598,-0.08328069170164076,0.12485051155090332
IWM,1d,3,0.1,0.5,20,50,0.3911113539642771,-0.16856054038488055,0.4618903484115523,0.08044673295141985,5.741567512635703,0.2,0.44344497279088646,0.0,0.11069893836975098
IWM,1d,3,0.1,0.75,8,21,0.802588672622125,0.33137699353661976,0.8162265256017888,0.04169356692700672,19.576797711521383,0.8857142857142857,1.451792535400247,-0.09473004859358725,0.12465333938598633
IWM,1d,3,0.1,0.75,9,21,0.8114694502212503,0.6378856413498057,0.7980542749353634,0.045850104386446655,17.405724275106977,0.8857142857142857,1.432119929346444,-0.09473004859358725,0.11223840713500977
IWM,1d,3,0.1,0.75,10,30,0.714293446616917,0.4539990648410268,0.722379508035268,0.05182935447229051,13.937652038893773,0.6,0.9507409248801989,-0.09607551364821454,0.11255335807800293
IWM,1d,3,0.1,0.75,12,26,0.7365650352285797,0.10705294618051475,0.7330033914029009,0.04659791102984444,15.730391667846146,0.7428571428571429,1.2299382127098957,-0.09607551364821454,0.11566019058227539
IWM,1d,3,0.1,0.75,20,50,0.5246612152019146,-0.2798275474283438,0.5882825943237913,0.066813198915053,8.804885918899647,0.2,0.44827553295717276,0.0,0.10079526901245117
IWM,1d,3,0.1,1.0,8,21,0.9566972330806426,0.28668014756681126,0.970881408774449,0.044021994681905124,22.054461997686843,0.8857142857142857,1.5010539412105037,-0.10733271617535456,0.1281285285949707
IWM,1d,3,0.1,1.0,9,21,0.9641154218053254,0.645303878105155,0.9474577918525281,0.04676965610999276,20.257959340652395,0.8857142857142857,1.4792496408812315,-0.10733271617535456,0.11034560203552246
IWM,1d,3,0.1,1.0,10,30,0.8479874944221979,0.4452435078532695,0.854683228316184,0.049873081788475715,17.13716493280104,0.6,0.9691731360199861,-0.10887033559478887,0.10635018348693848
IWM,1d,3,0.1,1.0,12,26,0.88115079811002,0.05808235267100503,0.8698118817572233,0.04492403211245183,19.361839106070203,0.7428571428571429,1.248086975851636,-0.10887033559478887,0.10342860221862793
IWM,1d,3,0.1,1.0,20,50,0.6325336976701749,-0.3795744530461068,0.6915309147717438,0.05939135563335947,11.643629066842154,0.2,0.4519393258722896,0.0,0.104339599609375
IWM,1d,3,0.25,0.0,8,21,0.18490727234103918,0.17780509782207532,0.22356561098171207,0.22559871821600594,0.9909879486445167,0.37142857142857144,-0.011532405422900283,-0.1220278975394421,0.1027836799621582
IWM,1d,3,0.25,0.0,9,21,0.2248682183141122,0.2532570829822418,0.24724658112454218,0.23623377452984895,1.0466182560754103,0.37142857142857144,-0.039528872729242055,-0.1220278975394421,0.10849118232727051
IWM,1d,3,0.25,0.0,10,30,0.2141198823697497,0.22895530090240301,0.29405395128065204,0.26646878068270413,1.1035212099791711,0.17142857142857143,-0.09009128991612798,-0.06612453842916144,0.10530757904052734
IWM,1d,3,0.25,0.0,12,26,0.0395965381983883,-0.047515014063241545,0.2793015086846867,0.21321527678432983,1.309950735693315,0.2571428571428571,0.10060061507040566,-0.0623777361108353,0.10848879814147949
IWM,1d,3,0.25,0.0,20,50,0.09210997499330399,0.02743088264921356,0.23307850534890248,0.23806757717715182,0.9790434636778075,0.05714285714285714,0.12683490995303875,0.0,0.11759686470031738
IWM,1d,3,0.25,0.25,8,21,0.3746229986033671,0.2767699942421191,0.389667940776272,0.05395986751943947,7.221439908759802,0.8571428571428571,1.2719874039779981,-0.06952471343005284,0.1200113296508789
IWM,1d,3,0.25,0.25,9,21,0.3847022197624331,0.39153028864635586,0.38788316347626894,0.06127623755896255,6.330074739054133,0.8571428571428571,1.2583945518402682,-0.06952471343005284,0.11658215522766113
IWM,1d,3,0.25,0.25,10,30,0.3493939351374083,0.3726420922419409,0.3744687338402047,0.07581303475432281,4.93937137662007,0.5714285714285714,0.8822992628085037,-0.07048586975506665,0.11697554588317871
IWM,1d,3,0.25,0.25,12,26,0.3174201427895907,-0.00670235873554792,0.3742627952096276,0.06878734235938809,5.440867205687999,0.7142857142857143,1.161311743266317,-0.07048586975506665,0.11283397674560547
IWM,1d,3,0.25,0.25,20,50,0.21209057427238984,-0.11335439572177641,0.3150249170181404,0.10156314665902422,3.1017640490774356,0.2,0.4368664003828274,0.0,0.11638140678405762
IWM,1d,3,0.25,0.5,8,21,0.6157533220686464,0.3140445434778347,0.6306380042029777,0.03868820602614018,16.300523311338836,0.8857142857142857,1.3839458882699511,-0.08212738101181982,0.12578940391540527
IWM,1d,3,0.25,0.5,9,21,0.6213916824739608,0.47121360476039853,0.6175297080940628,0.0443345924092888,13.928845953812818,0.8857142857142857,1.3669817966097246,-0.08212738101181982,0.12323427200317383
IWM,1d,3,0.25,0.5,10,30,0.550936525487842,0.46121942787646253,0.5724290576741753,0.054278566825951516,10.546134342671833,0.6,0.9253752601585084,-0.08328069170164076,0.10912084579467773
IWM,1d,3,0.25,0.5,12,26,0.5576635378201467,-0.013688888785447828,0.5810464087414073,0.05086210177445832,11.423955921404616,0.7428571428571429,1.2046033405481598,-0.08328069170164076,0.11411166191101074
IWM,1d,3,0.25,0.5,20,50,0.3798965050976834,-0.23867325949701645,0.46549481206589355,0.07711934377982245,6.0360318079844175,0.2,0.44344497279088646,0.0,0.1045217514038086
IWM,1d,3,0.25,0.75,8,21,0.8107435839021184,0.30083100920145456,0.8276808759744148,0.03896426449976946,21.242050545553397,0.8857142857142857,1.451792535400247,-0.09473004859358725,0.10615849494934082
IWM,1d,3,0.25,0.75,9,21,0.8148520268505225,0.5000991397295484,0.8071157378294431,0.04499754304711869,17.93688462021761,0.8857142857142857,1.432119929346444,-0.09473004859358725,0.10455942153930664
IWM,1d,3,0.25,0.75,10,30,0.7167300745876268,0.5018813734313579,0.7398821095521929,0.05058232569870181,14.627285308298545,0.6,0.9507409248801989,-0.09607551364821454,0.1029500961303711
IWM,1d,3,0.25,0.75,12,26,0.7462040144726604,-0.05558799910138912,0.7541096595866809,0.045762340100294036,16.478826430946338,0.7428571428571429,1.2299382127098957,-0.09607551364821454,0.10498380661010742
IWM,1d,3,0.25,0.75,20,50,0.5159496283368407,-0.34961002823812226,0.5949601423375775,0.06888430750853723,8.637092595637123,0.2,0.44827553295717276,0.0,0.09934043884277344
IWM,1d,3,0.25,1.0,8,21,0.9670085338726159,0.2483300993803943,0.9861468683971575,0.04256500024489954,23.168022147851982,0.8857142857142857,1.5010539412105037,-0.10733271617535456,0.10569024085998535
IWM,1d,3,0.25,1.0,9,21,0.9703233342289245,0.48644391276403676,0.9599552865449024,0.049155903973223454,19.528789198298863,0.8857142857142857,1.4792496408812315,-0.10733271617535456,0.10782170295715332
IWM,1d,3,0.25,1.0,10,30,0.8502004938799245,0.5019230821562983,0.8757157221805321,0.05099564909137228,17.17236152071433,0.6,0.9691731360199861,-0.10887033559478887,0.11420845985412598
IWM,1d,3,0.25,1.0,12,26,0.8961402862971982,-0.12139327576125025,0.8941083543931552,0.04399632678771911,20.322340969672307,0.7428571428571429,1.248086975851636,-0.10887033559478887,0.10335636138916016
IWM,1d,3,0.25,1.0,20,50,0.6253192076262726,-0.44727343881271475,0.7005840572092148,0.06490636357171618,10.793765336046398,0.2,0.4519393258722896,0.0,0.09974431991577148
IWM,1d,3,0.4,0.0,8,21,0.2814735487515324,0.35757608284598397,0.24342245821241457,0.225149947453572,1.081157073166142,0.37142857142857144,-0.011532405422900283,-0.1220278975394421,0.10382699966430664
IWM,1d,3,0.4,0.0,9,21,0.20568170999411875,0.21719079633782723,0.21668063186511627,0.20458872680284593,1.0591034767713414,0.37142857142857144,-0.039528872729242055,-0.1220278975394421,0.10974431037902832
IWM,1d,3,0.4,0.0,10,30,0.16682450899198897,0.14702198991816062,0.2798985566200744,0.24803409138747037,1.1284680870051305,0.17142857142857143,-0.09009128991612798,-0.06612453842916144,0.10713434219360352
IWM,1d,3,0.4,0.0,12,26,0.11723179959289742,0.06669146294692929,0.2837453765873311,0.26175465678620247,1.08401271660695,0.2571428571428571,0.10060061507040566,-0.0623777361108353,0.1177065372467041
IWM,1d,3,0.4,0.0,20,50,0.07618655898639931,0.004157642099040348,0.22738985361035632,0.23152731658441303,0.9821296984084026,0.05714285714285714,0.12683490995303875,0.0,0.10824728012084961
IWM,1d,3,0.4,0.25,8,21,0.3989042701258077,0.5271856507728574,0.39798147985464377,0.05998142422908084,6.635078859326086,0.8571428571428571,1.2719874039779981,-0.06952471343005284,0.11840319633483887
IWM,1d,3,0.4,0.25,9,21,0.38155698732334625,0.3410731714550559,0.38259370317520774,0.05583487812886137,6.852234946984559,0.8571428571428571,1.2583945518402682,-0.06952471343005284,0.10704684257507324
IWM,1d,3,0.4,0.25,10,30,0.33792983182541675,0.2555885772905153,0.3726356487386239,0.06969630555349213,5.3465624293761875,0.5714285714285714,0.8822992628085037,-0.07048586975506665,0.1032106876373291
IWM,1d,3,0.4,0.25,12,26,0.33793683406285885,0.14068899411836355,0.37821600540947403,0.0789996887120259,4.787563236966266,0.7142857142857143,1.161311743266317,-0.07048586975506665,0.11661958694458008
IWM,1d,3,0.4,0.25,20,50,0.20491977897205207,-0.13872808848114282,0.309050028981206,0.09109000616865554,3.392798419718973,0.2,0.4368664003828274,0.0,0.11238551139831543
IWM,1d,3,0.4,0.5,8,21,0.6309735695622596,0.6321565307024921,0.6408442290893743,0.0442700881199908,14.4757839052051,0.8857142857142857,1.3839458882699511,-0.08212738101181982,0.11058688163757324
IWM,1d,3,0.4,0.5,9,21,0.62337419222844,0.40667854963456107,0.6201510746317631,0.047891219550704446,12.94916021036347,0.8857142857142857,1.3669817966097246,-0.08212738101181982,0.1095895767211914
IWM,1d,3,0.4,0.5,10,30,0.5481220897973965,0.30977482671998424,0.5770622693261771,0.05334114865628294,10.818332260608456,0.6,0.9253752601585084,-0.08328069170164076,0.10707449913024902
IWM,1d,3,0.4,0.5,12,26,0.5703660895834529,0.16040664792402803,0.5882349076250504,0.0579637817558169,10.148318308544777,0.7428571428571429,1.2046033405481598,-0.08328069170164076,0.1127326488494873
IWM,1d,3,0.4,0.5,20,50,0.3752068936244458,-0.26510143237115835,0.46339001604212465,0.06891302915919457,6.724272923363402,0.2,0.44344497279088646,0.0,0.10412096977233887
IWM,1d,3,0.4,0.75,8,21,0.8228531031586004,0.6789480235412177,0.8402137123010123,0.04359934550842239,19.27124599011933,0.8857142857142857,1.451792535400247,-0.09473004859358725,0.10915398597717285
IWM,1d,3,0.4,0.75,9,21,0.8200685623884291,0.4226994817344527,0.8146506966004342,0.05149483612164271,15.82004639603165,0.8857142857142857,1.432119929346444,-0.09473004859358725,0.11261796951293945
IWM,1d,3,0.4,0.75,10,30,0.7186684781155345,0.3190003317100669,0.7486808257826512,0.05192261109757785,14.419167487083032,0.6,0.9507409248801989,-0.09607551364821454,0.10941147804260254
IWM,1d,3,0.4,0.75,12,26,0.756084365317844,0.13743327051247856,0.7640444974169684,0.05362569711634604,14.247730817546323,0.7428571428571429,1.2299382127098957,-0.09607551364821454,0.10531473159790039
IWM,1d,3,0.4,0.75,20,50,0.5123387401886628,-0.3762389877971727,0.5955278933567713,0.06251296519775282,9.526470092610149,0.2,0.44827553295717276,0.0,0.1064760684967041
IWM,1d,3,0.4,1.0,8,21,0.9774479972033285,0.6753703789372076,1.0006953332918276,0.04630574055423965,21.610610721572968,0.8857142857142857,1.5010539412105037,-0.10733271617535456,0.11935114860534668
IWM,1d,3,0.4,1.0,9,21,0.9779394041833587,0.3980644154952089,0.9711182155854395,0.0565702967189361,17.166574543710528,0.8857142857142857,1.4792496408812315,-0.10733271617535456,0.13990378379821777
IWM,1d,3,0.4,1.0,10,30,0.8554799908888374,0.29217631662093413,0.8876164423028404,0.05352215690059758,16.584093274703772,0.6,0.9691731360199861,-0.10887033559478887,0.1136784553527832
IWM,1d,3,0.4,1.0,12,26,0.9044708423622746,0.08252519676062597,0.9062715803126373,0.05320740362851351,17.032809693930865,0.7428571428571429,1.248086975851636,-0.10887033559478887,0.10755729675292969
IWM,1d,3,0.4,1.0,20,50,0.6223674613215574,-0.4734235800942258,0.70317769152875,0.06006615601781595,11.706720358802112,0.2,0.4519393258722896,0.0,0.10002613067626953
IWM,1d,3,0.55,0.0,8,21,0.20677475683804053,0.21551014266286783,0.250487704513999,0.21046320876096242,1.1901733608865346,0.37142857142857144,0.0811719104096236,-0.09534534577238574,0.10394406318664551
IWM,1d,3,0.55,0.0,9,21,0.16629487814464922,0.14633883198466768,0.25123698790104465,0.1962576700097758,1.2801384419193924,0.37142857142857144,-0.0017878362226555668,-0.09534534577238574,0.10705733299255371
IWM,1d,3,0.55,0.0,10,30,0.20278584197028449,0.21024480498678133,0.293294851736175,0.22795673644683334,1.2866250688958276,0.17142857142857143,-0.07798335495129995,-0.06217532599524145,0.10280776023864746
IWM,1d,3,0.55,0.0,12,26,0.047825604573948494,-0.036460450464191,0.25183500681922727,0.2801373565162828,0.8989697409548788,0.2857142857142857,0.11775911129559287,-0.05885035846923814,0.10616135597229004
IWM,1d,3,0.55,0.0,20,50,0.10639115686385417,0.04966974665091439,0.23756569525778376,0.23889981566220894,0.9944155653669002,0.05714285714285714,0.12683490995303875,0.0,0.0968468189239502
IWM,1d,3,0.55,0.25,8,21,0.3935750692643616,0.3286797520982283,0.4043556725579463,0.057157877892113004,7.074364680248946,0.8857142857142857,1.4899045077735853,-0.059774624759735495,0.10728716850280762
IWM,1d,3,0.55,0.25,9,21,0.37305211052828036,0.24708637447342152,0.3939146359502729,0.05779979893066584,6.815155817804763,0.8857142857142857,1.4594955811651862,-0.059774624759735495,0.12537789344787598
IWM,1d,3,0.55,0.25,10,30,0.3549833157862128,0.3412636617724374,0.3831088346581478,0.06830391759015171,5.608885231985372,0.6285714285714286,1.0919252677014377,-0.06074373147449874,0.11353516578674316
IWM,1d,3,0.55,0.25,12,26,0.32520048491454967,0.0051912215244844795,0.3743483130098241,0.06883220861068724,5.438563146028425,0.7428571428571429,1.3362930764990946,-0.06074373147449874,0.11399459838867188
IWM,1d,3,0.55,0.25,20,50,0.22650084965858605,-0.09509847190554432,0.3098650755934809,0.08413004564767124,3.6831678053660744,0.22857142857142856,0.4925836615946092,0.0,0.10545897483825684
IWM,1d,3,0.55,0.5,8,21,0.6480343856926916,0.37923516288925363,0.6524297645587211,0.04591094585139017,14.210767224674065,0.9142857142857143,1.583835246264486,-0.07042805469254132,0.1274862289428711
IWM,1d,3,0.55,0.5,9,21,0.6224075629041416,0.2925257270393633,0.6310567225135185,0.04932364930667384,12.7942017953674,0.9142857142857143,1.5562979992162407,-0.07042805469254132,0.12195253372192383
IWM,1d,3,0.55,0.5,10,30,0.56838466898118,0.4161435259617057,0.5900992374876173,0.05629927064280184,10.481472153193243,0.6571428571428571,1.141080076914921,-0.0715909052139666,0.11501646041870117
IWM,1d,3,0.55,0.5,12,26,0.570999577244353,-0.002207815063227203,0.5946032500829007,0.050356143195849815,11.807958519982641,0.7714285714285715,1.390549036516578,-0.0715909052139666,0.10556912422180176
IWM,1d,3,0.55,0.5,20,50,0.4012431046363106,-0.22413466387783454,0.4657222344588723,0.06349753347465781,7.33449330980304,0.22857142857142856,0.499306513240622,0.0,0.10515761375427246
IWM,1d,3,0.55,0.75,8,21,0.8541692489074735,0.37745190671511875,0.8561368444258843,0.04596585799703971,18.62549469828283,0.9142857142857143,1.644015304073673,-0.08108148462534726,0.12082481384277344
IWM,1d,3,0.55,0.75,9,21,0.8233055809821248,0.29252596146344656,0.8266619446104617,0.051471536096579965,16.060564873357052,0.9142857142857143,1.6160793578962538,-0.08108148462534726,0.11988329887390137
IWM,1d,3,0.55,0.75,10,30,0.7429362685131126,0.4431345456780813,0.7640467805309534,0.056414738456542546,13.543389572203985,0.6571428571428571,1.1686727942910147,-0.08243807895343436,0.11768460273742676
IWM,1d,3,0.55,0.75,12,26,0.7642739091402849,-0.04545663377713627,0.7769033667067377,0.04985289834708331,15.583915729388902,0.7714285714285715,1.4233785538151733,-0.08243807895343436,0.11972951889038086
IWM,1d,3,0.55,0.75,20,50,0.5432954295531521,-0.33843976651112007,0.599809415587465,0.05974866972244471,10.038874813009357,0.22857142857142856,0.5042633263084301,0.0,0.11344385147094727
IWM,1d,3,0.55,1.0,8,21,1.0194054066109757,0.3339139906482602,1.0200983655026676,0.048071553970318544,21.220415843692518,0.9142857142857143,1.6890690094396463,-0.09173491455815308,0.13852667808532715
IWM,1d,3,0.55,1.0,9,21,0.9841219901022991,0.2565897447581429,0.9842789400926371,0.05521780113240046,17.825391810379173,0.9142857142857143,1.6602628654275615,-0.09173491455815308,0.10909199714660645
IWM,1d,3,0.55,1.0,10,30,0.8832223710819747,0.43044449108523675,0.9048561486108431,0.05856641824931055,15.450085145363914,0.6571428571428571,1.1882824990939196,-0.09328525269290233,0.1024329662322998
IWM,1d,3,0.55,1.0,12,26,0.918055921326806,-0.11318302152547988,0.9239464207783861,0.05268682914885869,17.536572910241283,0.7714285714285715,1.447264194425945,-0.09328525269290233,0.11018133163452148
IWM,1d,3,0.55,1.0,20,50,0.6575409915927797,-0.43907401018677905,0.7091849326594322,0.059815533614577074,11.85620005045986,0.22857142857142856,0.5080351661427935,0.0,0.09899115562438965
IWM,1d,3,0.7,0.0,8,21,0.16101741583401988,0.13674421599014974,0.2891380985940347,0.21832925032252495,1.3243214006685224,0.37142857142857144,0.09434682722152864,-0.09534534577238574,0.10843372344970703
IWM,1d,3,0.7,0.0,9,21,0.19656409813767323,0.19892511477000685,0.27271058203680515,0.19488083417372937,1.3993709704346469,0.37142857142857144,0.03366313442745985,-0.09534534577238574,0.11232852935791016
IWM,1d,3,0.7,0.0,10,30,0.15049482480922138,0.11947758424740806,0.3211109814389549,0.21920499279897696,1.4648889942640646,0.17142857142857143,-0.07834070454558724,-0.06217532599524145,0.11587762832641602
IWM,1d,3,0.7,0.0,12,26,0.08687138439207995,0.020983593822074598,0.21435149549718,0.22682484381876464,0.9450088971226143,0.2857142857142857,0.0600196996123802,-0.06254965087894071,0.11546087265014648
IWM,1d,3,0.7,0.0,20,50,0.11854994584552492,0.06818509224444269,0.2379582465894357,0.24077776581844682,0.9882899518590221,0.05714285714285714,0.12683490995303875,0.0,0.10671353340148926
IWM,1d,3,0.7,0.25,8,21,0.3894297626146588,0.22524567774414117,0.41732846463710366,0.06065172555637629,6.880735227379366,0.8857142857142857,1.47878190793442,-0.059774624759735495,0.11382293701171875
IWM,1d,3,0.7,0.25,9,21,0.3856923372427453,0.3151856956323722,0.4025219132290226,0.05780123096747739,6.963898631423728,0.8857142857142857,1.4677478185188626,-0.059774624759735495,0.11683011054992676
IWM,1d,3,0.7,0.25,10,30,0.3501680978396568,0.21112889690866488,0.39298931043759816,0.06057871681707074,6.487250491361612,0.6285714285714286,1.0921411329007085,-0.06074373147449874,0.12238121032714844
IWM,1d,3,0.7,0.25,12,26,0.3376318624216054,0.0798965608399711,0.37094215909894096,0.05725050943969633,6.479281367612377,0.7428571428571429,1.3137337023148017,-0.06074373147449874,0.11698174476623535
IWM,1d,3,0.7,0.25,20,50,0.2367280426824539,-0.07507409361152884,0.31092499958925873,0.08242657112647553,3.772145260199829,0.22857142857142856,0.4925836615946092,0.0,0.1244962215423584
IWM,1d,3,0.7,0.5,8,21,0.6570458065662438,0.25536766732388183,0.664994759594175,0.044619360545759545,14.903726800660605,0.9142857142857143,1.5771749674122273,-0.07042805469254132,0.12296175956726074
IWM,1d,3,0.7,0.5,9,21,0.6381567282096914,0.3733719216758382,0.6404492660118628,0.04913423996388812,13.034683481062691,0.9142857142857143,1.5610535279776352,-0.07042805469254132,0.11621451377868652
IWM,1d,3,0.7,0.5,10,30,0.582502505871718,0.2462355834213399,0.6002739781833959,0.05462223591416592,10.989553395922387,0.6571428571428571,1.1411990396194496,-0.0715909052139666,0.11148691177368164
IWM,1d,3,0.7,0.5,12,26,0.5828530007860798,0.08659422530427618,0.6029446442529182,0.048011753507423593,12.558271677365223,0.7714285714285715,1.3774308415417773,-0.0715909052139666,0.11561203002929688
IWM,1d,3,0.7,0.5,20,50,0.41437850897902706,-0.20339231779695288,0.46966447102036624,0.06226012875609194,7.543583355895505,0.22857142857142856,0.499306513240622,0.0,0.11594772338867188
IWM,1d,3,0.7,0.75,8,21,0.8716994185054429,0.23869714078893978,0.8698535508229662,0.04272684991217617,20.358476054540073,0.9142857142857143,1.6415564259449131,-0.08108148462534726,0.12239789962768555
IWM,1d,3,0.7,0.75,9,21,0.8427024320307557,0.3827632018081504,0.8375168764908132,0.051279325197234917,16.332447302484663,0.9142857142857143,1.619611059340021,-0.08108148462534726,0.12124800682067871
IWM,1d,3,0.7,0.75,10,30,0.7695643412436305,0.23573974347824111,0.7756486768697078,0.057828207267709424,13.41298154512946,0.6571428571428571,1.1687605491267505,-0.08243807895343436,0.12376070022583008
IWM,1d,3,0.7,0.75,12,26,0.7773403150716361,0.0535116697621556,0.7926868148184211,0.05047016894372097,15.706046391529659,0.7714285714285715,1.416173636952783,-0.08243807895343436,0.11631083488464355
IWM,1d,3,0.7,0.75,20,50,0.5591769796357084,-0.31759988812299356,0.6059865076910155,0.05962272879962494,10.163682875494747,0.22857142857142856,0.5042633263084301,0.0,0.11831235885620117
IWM,1d,3,0.7,1.0,8,21,1.0433163475204723,0.18631522798501354,1.0349985333320548,0.04406520335844,23.48788736802271,0.9142857142857143,1.6899832689663692,-0.09173491455815308,0.11757397651672363
IWM,1d,3,0.7,1.0,9,21,1.0066674936384423,0.3527244710136115,0.9964413410476824,0.05504372828500732,18.10272254612322,0.9142857142857143,1.6631383831400717,-0.09173491455815308,0.10780191421508789
IWM,1d,3,0.7,1.0,10,30,0.9193006399448677,0.19001007694904293,0.9178118547472058,0.061632559487849785,14.891671908062538,0.6571428571428571,1.1883532662476675,-0.09328525269290233,0.10512924194335938
IWM,1d,3,0.7,1.0,12,26,0.9324272998367724,-0.008189053711637584,0.9452486045573387,0.054594918992104786,17.31385671062238,0.7714285714285715,1.444345039265163,-0.09328525269290233,0.1161808967590332
IWM,1d,3,0.7,1.0,20,50,0.6756645130914237,-0.41861352732970325,0.7171104807455861,0.060810262358342554,11.792589818471747,0.22857142857142856,0.5080351661427935,0.0,0.09791278839111328
IWM,1d,3,0.85,0.0,8,21,0.2073131913038855,0.21754455790256655,0.32688760093998415,0.2000954610733116,1.6336582508496684,0.45714285714285713,0.21517591751856976,-0.0992273551102717,0.10447955131530762
IWM,1d,3,0.85,0.0,9,21,0.23597466589526692,0.26973713687975986,0.31062299295644125,0.1912734899200949,1.6239730507672807,0.42857142857142855,0.13599809738923868,-0.0992273551102717,0.11228322982788086
IWM,1d,3,0.85,0.0,10,30,0.1671752367102905,0.14711356397876063,0.2625640007631931,0.2285958602174526,1.1485947318268501,0.22857142857142856,-0.18003582513736593,-0.06541929443017447,0.10861372947692871
IWM,1d,3,0.85,0.0,12,26,0.17193500741437606,0.15462294996810289,0.20931464932013796,0.2360025868465052,0.8869167584856816,0.3142857142857143,-0.00013334676517019948,-0.06640034761868974,0.10952401161193848
IWM,1d,3,0.85,0.0,20,50,0.1390931817513093,0.10078290841811821,0.20931013279070818,0.2527901242733643,0.8279996435476358,0.02857142857142857,-0.012453346260716825,-0.012242441341422494,0.10410833358764648
IWM,1d,3,0.85,0.25,8,21,0.4114036171222768,0.3365402474676027,0.43329331265837834,0.06287179976808943,6.891695708674404,0.9142857142857143,1.3682406365628448,-0.04546135089472725,0.10956311225891113
IWM,1d,3,0.85,0.25,9,21,0.4009082612473037,0.4052580554034322,0.41641951310988573,0.058532581025523236,7.11432002166973,0.9142857142857143,1.342650726237197,-0.04546135089472725,0.11263823509216309
IWM,1d,3,0.85,0.25,10,30,0.3630847398983362,0.25028173876549253,0.38322656629029717,0.061231935547177645,6.258606115676858,0.6857142857142857,1.0170593282225426,-0.046445210550836835,0.10944533348083496
IWM,1d,3,0.85,0.25,12,26,0.3667525785735131,0.26070494313282566,0.3822909756838305,0.05950996107935637,6.423982955963399,0.8,1.216333714313695,-0.046445210550836835,0.11216926574707031
IWM,1d,3,0.85,0.25,20,50,0.2935291401529765,0.19961079709860896,0.3044467384829649,0.08177660479506443,3.7229075387260337,0.2571428571428571,0.4529821316587064,-0.005465914599649846,0.10601973533630371
IWM,1d,3,0.85,0.5,8,21,0.6859805186164237,0.39610537429345505,0.6833733037654827,0.0498875759046475,13.698266379421735,0.9142857142857143,1.4797877072717558,-0.056276960517898544,0.11813783645629883
IWM,1d,3,0.85,0.5,9,21,0.6557183155472066,0.47581676624647984,0.6566621012192296,0.048384587074937646,13.57172068456835,0.9142857142857143,1.4525115243943882,-0.056276960517898544,0.11193346977233887
IWM,1d,3,0.85,0.5,10,30,0.6035681609593667,0.29757373897174544,0.6044771286024936,0.05381018803372804,11.23350708649465,0.6857142857142857,1.0948086734118079,-0.0574575133885854,0.10874509811401367
IWM,1d,3,0.85,0.5,12,26,0.6096814150740316,0.31103032077085513,0.6230978697451407,0.05456722380157943,11.418903626302962,0.8,1.3018029712436834,-0.0574575133885854,0.10353231430053711
IWM,1d,3,0.85,0.5,20,50,0.47414065859078847,0.24817553422359206,0.4711233285910045,0.06277205391729064,7.505303701098635,0.2571428571428571,0.46786800017240293,-0.010431829199299525,0.09607100486755371
IWM,1d,3,0.85,0.75,8,21,0.9078260867187244,0.40601117028573297,0.8918025544243869,0.04891748522174454,18.230752263363847,0.9142857142857143,1.5571882190971527,-0.06709257014106929,0.11346745491027832
IWM,1d,3,0.85,0.75,9,21,0.8635651077530487,0.4918393432365116,0.8570344261955276,0.05087826022147223,16.84480606185964,0.9142857142857143,1.5253645410314394,-0.06709257014106929,0.11096692085266113
IWM,1d,3,0.85,0.75,10,30,0.7976470525660516,0.29877477806080455,0.7882717606741665,0.05753635341934237,13.700412240744615,0.6857142857142857,1.1430109478884636,-0.06846981622633463,0.10573339462280273
IWM,1d,3,0.85,0.75,12,26,0.8058588456909976,0.3152979752534073,0.8195650154315292,0.060090039396109234,13.638949544183443,0.8,1.3560005781657956,-0.06846981622633463,0.10836362838745117
IWM,1d,3,0.85,0.75,20,50,0.6209189834589057,0.25574113085951455,0.6121533158886048,0.06215934341588858,9.848130341288837,0.2571428571428571,0.4787139866328104,-0.015397743798949204,0.1038811206817627
IWM,1d,3,0.85,1.0,8,21,1.0855039864148661,0.3760096429976012,1.0601060405444709,0.05035930435360379,21.050847587186894,0.9142857142857143,1.6164562747172617,-0.07790817976424058,0.11825752258300781
IWM,1d,3,0.85,1.0,9,21,1.0304470004431807,0.4638072841225833,1.0188679214186367,0.05522732414217565,18.44862008515372,0.9142857142857143,1.5804296724295346,-0.07790817976424058,0.11975741386413574
IWM,1d,3,0.85,1.0,10,30,0.9530596518436507,0.26339173021178786,0.936572629327696,0.06218619834237148,15.060779631057596,0.6857142857142857,1.178522388956023,-0.07948211906408353,0.11162137985229492
IWM,1d,3,0.85,1.0,12,26,0.9630017758849935,0.2829251353803104,0.9773985240183742,0.0662040357619381,14.763428131979506,0.8,1.3961283359846135,-0.07948211906408353,0.11020445823669434
IWM,1d,3,0.85,1.0,20,50,0.7386897912408729,0.2308005846703911,0.7266611750616535,0.06518742191405713,11.147260525499552,0.2571428571428571,0.48706319930719216,-0.020363658398598883,0.10717320442199707
IWM,1d,3,1.0,0.0,8,21,0.2723472423470379,0.3393163130547996,0.34937854079268915,0.20213932108660032,1.728404641484913,0.42857142857142855,0.1203452952572481,-0.0992273551102717,0.12370610237121582
IWM,1d,3,1.0,0.0,9,21,0.2362328181898541,0.2703061630014658,0.31080026338818695,0.18109413304032296,1.7162359606591078,0.42857142857142855,0.03264509893085053,-0.0992273551102717,0.11923098564147949
IWM,1d,3,1.0,0.0,10,30,0.19435066679363205,0.19396479762555674,0.24598386418547707,0.21418914598980174,1.1484422473825504,0.22857142857142856,-0.3038230340963528,-0.06640034761868974,0.10609912872314453
IWM,1d,3,1.0,0.0,12,26,0.15718399531496605,0.13055677165453794,0.20108036433629178,0.20880508123972613,0.9630051296761035,0.2857142857142857,-0.0894318909989807,-0.06640034761868974,0.1203618049621582
IWM,1d,3,1.0,0.0,20,50,0.16597225014747893,0.14502975888439096,0.22770326540313984,0.25696381444057564,0.886129690668168,0.02857142857142857,-0.04545003749784971,-0.027928886345266912,0.1012120246887207
IWM,1d,3,1.0,0.25,8,21,0.42887317693087357,0.5002844550742236,0.44417280781052204,0.06252290183710944,7.10416175128472,0.8857142857142857,1.333097226125217,-0.04881809529723835,0.12279772758483887
IWM,1d,3,1.0,0.25,9,21,0.4062041922104327,0.4037939370406136,0.4198551281646985,0.05663229168083624,7.413705426771083,0.8857142857142857,1.2937518352174409,-0.04881809529723835,0.1130988597869873
IWM,1d,3,1.0,0.25,10,30,0.3708500507949881,0.3170895569576231,0.3855408776737353,0.05517198291928353,6.987982981104388,0.6857142857142857,1.0088180792985326,-0.04546135089472725,0.11857318878173828
IWM,1d,3,1.0,0.25,12,26,0.3669534270538368,0.22968323666606527,0.3870135041891539,0.05457605241670763,7.091269651277959,0.8,1.1986785006013216,-0.04546135089472725,0.11042261123657227
IWM,1d,3,1.0,0.25,20,50,0.3067921124480661,0.2599224640315272,0.3117796751027349,0.08398181892131115,3.712466330300188,0.2571428571428571,0.4512284881725798,-0.005465914599649846,0.11884450912475586
IWM,1d,3,1.0,0.5,8,21,0.7002013775992005,0.5942643298970525,0.6984741012763116,0.049980764860710555,13.974858192403854,0.9142857142857143,1.462250531588647,-0.06030478523450267,0.11385440826416016
IWM,1d,3,1.0,0.5,9,21,0.6668339008306893,0.4713474597275351,0.6661552976927059,0.05067815556668377,13.144821279380611,0.9142857142857143,1.4264048885312206,-0.06030478523450267,0.12299251556396484
IWM,1d,3,1.0,0.5,10,30,0.6087202142773656,0.3846692185766041,0.6180859715497429,0.05190619135983039,11.907750411987895,0.6857142857142857,1.089469811662529,-0.056276960517898544,0.11890530586242676
IWM,1d,3,1.0,0.5,12,26,0.6145575348345725,0.2743969551391794,0.6365568072532721,0.05261568020117697,12.098233926072725,0.8,1.2962246748024604,-0.056276960517898544,0.10982584953308105
IWM,1d,3,1.0,0.5,20,50,0.4879670961192129,0.3235385397139201,0.47860914042167557,0.06482907192332077,7.382631375438631,0.2571428571428571,0.4668120726479901,-0.010431829199299525,0.09963583946228027
IWM,1d,3,1.0,0.75,8,21,0.9219855191513108,0.6302577788886472,0.9110221080606025,0.04849553334417232,18.78569107787902,0.9142857142857143,1.551348808308471,-0.07179147517176698,0.11913061141967773
IWM,1d,3,1.0,0.75,9,21,0.879161083748555,0.483706917296983,0.8711504544969078,0.05394513303700466,16.148823915205213,0.9142857142857143,1.5154917917660762,-0.07179147517176698,0.12390542030334473
IWM,1d,3,1.0,0.75,10,30,0.8018950760977699,0.4052671508632697,0.8095963373119097,0.05772301011480508,14.025539134250042,0.6857142857142857,1.1387319217537217,-0.06709257014106929,0.1100461483001709
IWM,1d,3,1.0,0.75,12,26,0.8137203789350056,0.27465773844974106,0.839383679972365,0.058194923178950385,14.42365818391487,0.8,1.359091089942704,-0.06709257014106929,0.11763978004455566
IWM,1d,3,1.0,0.75,20,50,0.6364660224016078,0.3442806668094933,0.6205447915077563,0.06395177040262293,9.703324671091595,0.2571428571428571,0.4779236252538557,-0.015397743798949204,0.11613321304321289
IWM,1d,3,1.0,1.0,8,21,1.1001444090659114,0.6179011018532141,1.0827428893687547,0.049151756809760465,22.02856946821778,0.9142857142857143,1.6193751657363011,-0.08327816510903174,0.10994601249694824
IWM,1d,3,1.0,1.0,9,21,1.049583790863375,0.4517220606233854,1.0366144499329446,0.05803799052447104,17.860963837055458,0.9142857142857143,1.582889871951822,-0.08327816510903174,0.1081538200378418
IWM,1d,3,1.0,1.0,10,30,0.9568077304314346,0.38739855833227943,0.9637599223078887,0.06376095136466052,15.115206120372479,0.6857142857142857,1.1748720311740228,-0.07790817976424058,0.10756921768188477
IWM,1d,3,1.0,1.0,12,26,0.9730642850478229,0.23993381854825246,1.002149297335917,0.06380514863687022,15.70640173631409,0.8,1.405968423409881,-0.07790817976424058,0.1051790714263916
IWM,1d,3,1.0,1.0,20,50,0.7558797837055193,0.3300876499901497,0.7359255555907409,0.06667406053083647,11.037659169571329,0.2571428571428571,0.4864239419989758,-0.020363658398598883,0.09870576858520508
IWM,1d,5,0.0,0.0,8,21,0.30269673357396804,0.4081264488882357,0.30071870225418124,0.2666981577951777,1.1275619777063892,0.37142857142857144,0.2052293278190431,-0.11925362793987371,0.11045408248901367
IWM,1d,5,0.0,0.0,9,21,0.25237320909916855,0.3086401435844415,0.22067177332140822,0.2494710832840115,0.8845585244450294,0.2857142857142857,0.16530986026638453,-0.11925362793987371,0.11045408248901367
IWM,1d,5,0.0,0.0,10,30,0.16366179434197997,0.1417609780534126,0.27667396704363606,0.24060499070251393,1.1499095103381214,0.14285714285714285,-0.07455208249834991,-0.06068587250140889,0.10449647903442383
IWM,1d,5,0.0,0.0,12,26,0.21263799924695514,0.22919436577479857,0.2373981382488206,0.2690690852527264,0.8822943669869824,0.2571428571428571,0.15184876346965856,-0.06068587250140889,0.10515999794006348
IWM,1d,5,0.0,0.0,20,50,0.0726980445718895,-0.0032241268084409747,0.14789530480710433,0.27314449536175334,0.5414544584222039,0.02857142857142857,0.1089271253973758,0.0,0.09707283973693848
IWM,1d,5,0.0,0.25,8,21,0.3819743877726781,0.6094181094485189,0.39480555911067594,0.08657662262932868,4.5601866545546175,0.8,1.2522522065397867,-0.07895263536204122,0.11154770851135254
IWM,1d,5,0.0,0.25,9,21,0.37315917054691045,0.4644279521394097,0.36671782583791435,0.08154317301568617,4.497222909971509,0.8,1.2525609966196605,-0.07614538229679213,0.11869454383850098
IWM,1d,5,0.0,0.25,10,30,0.31952514428380596,0.24576560015680027,0.3503669672461791,0.08079006088173184,4.336758301978254,0.42857142857142855,0.5186509667053492,-0.07271748586581239,0.12105131149291992
IWM,1d,5,0.0,0.25,12,26,0.33810254500964193,0.36843729119012214,0.3445622726171009,0.09220052156510306,3.737096783924421,0.6285714285714286,1.004131924928144,-0.07271748586581239,0.10227489471435547
IWM,1d,5,0.0,0.25,20,50,0.20615391832221627,-0.1456073248213995,0.27582198310139194,0.11205389174745439,2.4615118564827356,0.17142857142857143,0.39225062248519693,0.0,0.09544038772583008
IWM,1d,5,0.0,0.5,8,21,0.5805764353367706,0.7508929428396545,0.6031097619124282,0.061097977261980636,9.871190323148792,0.8571428571428571,1.337704606371949,-0.09385066708003387,0.1066293716430664
IWM,1d,5,0.0,0.5,9,21,0.5836861075762371,0.5590146807297391,0.5764444769647968,0.05778349230468941,9.975936967001484,0.8285714285714286,1.334409548618996,-0.08886230068825107,0.1067361831665039
IWM,1d,5,0.0,0.5,10,30,0.5149570538828567,0.29497669322697684,0.5290348908622644,0.05825533347102898,9.081312548409997,0.45714285714285713,0.5362124842192445,-0.08474909923021579,0.12864136695861816
IWM,1d,5,0.0,0.5,12,26,0.5282303143402292,0.4510623482765699,0.5344981598419029,0.06753975294328168,7.913830544964563,0.6571428571428571,1.0388467218606452,-0.08474909923021579,0.11664342880249023
IWM,1d,5,0.0,0.5,20,50,0.3757753752609336,-0.27104141178550734,0.4298159660559606,0.07712879503504999,5.572704278092733,0.17142857142857143,0.3926883549477998,0.0,0.12524938583374023
IWM,1d,5,0.0,0.75,8,21,0.7479383938449942,0.8364671524569651,0.7784795891243335,0.05407098515197683,14.397362780357486,0.8571428571428571,1.3914294024452698,-0.10874869879802673,0.1348857879638672
IWM,1d,5,0.0,0.75,9,21,0.7582012501564678,0.599354560438238,0.7498091741744304,0.05035869453840859,14.889368778266297,0.8285714285714286,1.3863313013195386,-0.1015792190797099,0.11267900466918945
IWM,1d,5,0.0,0.75,10,30,0.6744119042433017,0.29908461307723,0.6813307663763026,0.05115434862263893,13.3191172348302,0.45714285714285713,0.547978312190184,-0.09678071259461907,0.10492157936096191
IWM,1d,5,0.0,0.75,12,26,0.6855575121266458,0.48454273164219797,0.6938031469323125,0.06173858577474955,11.23775574425404,0.6571428571428571,1.0613324832748106,-0.09678071259461907,0.10122823715209961
IWM,1d,5,0.0,0.75,20,50,0.5122566273727285,-0.3810416211098705,0.5575026574691884,0.06285341153456038,8.869886993526862,0.17142857142857143,0.3929912114816642,0.0,0.10056757926940918
IWM,1d,5,0.0,1.0,8,21,0.8835018049580916,0.8713857039550916,0.9205811915698359,0.052005552605180805,17.70159426165058,0.8571428571428571,1.4314018793543342,-0.12364673051601927,0.11629867553710938
IWM,1d,5,0.0,1.0,9,21,0.8990043251817712,0.5932254741654044,0.8896408386756545,0.04746038112650468,18.744915602433426,0.8285714285714286,1.4250045173392467,-0.11429613747116896,0.10921645164489746
IWM,1d,5,0.0,1.0,10,30,0.802603470286569,0.2672899311950927,0.8051722935164205,0.04826748162777265,16.681464753552255,0.45714285714285713,0.556930669007935,-0.10881232595902268,0.09907793998718262
IWM,1d,5,0.0,1.0,12,26,0.8124455028798265,0.4766022195119559,0.8228175209641757,0.060600946096952026,13.577634904375858,0.6571428571428571,1.0780976909982927,-0.10881232595902268,0.10190129280090332
IWM,1d,5,0.0,1.0,20,50,0.6217945949798512,-0.4770595125618693,0.6607806035462301,0.05499032322006534,12.016306958259865,0.17142857142857143,0.3932130449855433,0.0,0.09971237182617188
IWM,1d,5,0.1,0.0,8,21,0.25239848178189933,0.3039270554069695,0.3029027938383549,0.2760075255027661,1.097443967466457,0.34285714285714286,0.11929727146099565,-0.11925362793987371,0.10351705551147461
IWM,1d,5,0.1,0.0,9,21,0.34158774830477606,0.4964551582787349,0.23457421474848475,0.24751580388251757,0.9477140896418255,0.2857142857142857,0.06545570835585794,-0.11925362793987371,0.10658526420593262
IWM,1d,5,0.1,0.0,10,30,0.15046194671055257,0.11944832749987433,0.2699760992195524,0.23090882529042028,1.1691891762040543,0.14285714285714285,-0.07455208249834991,-0.06068587250140889,0.10568666458129883
IWM,1d,5,0.1,0.0,12,26,0.14327785010644464,0.10764469736474669,0.2458369865161294,0.24176071288947326,1.0168607776587741,0.2857142857142857,0.17144468857055284,-0.06068587250140889,0.1097714900970459
IWM,1d,5,0.1,0.0,20,50,0.08836979386636162,0.02032038652901602,0.14984217761670027,0.27345846483740144,0.547952237301546,0.02857142857142857,0.1089271253973758,0.0,0.10668253898620605
IWM,1d,5,0.1,0.25,8,21,0.3725110794658941,0.461415406811144,0.39794145409518483,0.08834141740034329,4.504585344061261,0.8285714285714286,1.2853260206557386,-0.07614538229679213,0.10750699043273926
IWM,1d,5,0.1,0.25,9,21,0.3982282858632993,0.7331224200590578,0.3730387045646083,0.08037425233849387,4.641271224440962,0.8,1.2420422246544276,-0.07614538229679213,0.10863137245178223
IWM,1d,5,0.1,0.25,10,30,0.3185500477437211,0.21398675145918755,0.3511103389254356,0.08012473209201325,4.382046963005495,0.42857142857142855,0.5186509667053492,-0.07271748586581239,0.11220550537109375
IWM,1d,5,0.1,0.25,12,26,0.32224205543883144,0.20057061861082004,0.3471286315557453,0.08487322454894282,4.089966339803325,0.6285714285714286,1.0070322875439963,-0.07271748586581239,0.11194634437561035
IWM,1d,5,0.1,0.25,20,50,0.21208783024778366,-0.12004561947876846,0.2775318670558707,0.11193383395913119,2.479427865905156,0.17142857142857143,0.39225062248519693,0.0,0.0971975326538086
IWM,1d,5,0.1,0.5,8,21,0.5836724166569933,0.5587967947911725,0.6084480991783279,0.06110845562234687,9.956856100873598,0.8571428571428571,1.3707599501306462,-0.08886230068825107,0.11806035041809082
IWM,1d,5,0.1,0.5,9,21,0.5993374276567147,0.9103203263165474,0.584997561204502,0.05714576600380295,10.236936209159772,0.8285714285714286,1.3282536674713563,-0.08886230068825107,0.10515213012695312
IWM,1d,5,0.1,0.5,10,30,0.5192216874354912,0.2536552573699622,0.5338684655242367,0.0560126047676133,9.531220119813486,0.45714285714285713,0.5362124842192445,-0.08474909923021579,0.104248046875
IWM,1d,5,0.1,0.5,12,26,0.5278476219303525,0.2390715312410201,0.5397432117922151,0.06406041749599034,8.425533783416235,0.6571428571428571,1.0404198369439586,-0.08474909923021579,0.10302734375
IWM,1d,5,0.1,0.5,20,50,0.37969773445433097,-0.24451827110370894,0.4346197850903198,0.07857275178110454,5.531431383504615,0.17142857142857143,0.3926883549477998,0.0,0.09865498542785645
IWM,1d,5,0.1,0.75,8,21,0.758500370104699,0.602761282016836,0.7856521394161884,0.05367537632269607,14.637105377572986,0.8571428571428571,1.4240362471972785,-0.1015792190797099,0.10900259017944336
IWM,1d,5,0.1,0.75,9,21,0.7704976665168284,1.029968015314529,0.7605926881119603,0.049981956699466236,15.217345184889147,0.8285714285714286,1.3817638889113337,-0.1015792190797099,0.11316871643066406
IWM,1d,5,0.1,0.75,10,30,0.6820857504096407,0.24875793276170244,0.689042355030569,0.04767325281828397,14.453436975592796,0.45714285714285713,0.547978312190184,-0.09678071259461907,0.11472415924072266
IWM,1d,5,0.1,0.75,12,26,0.6939707832611657,0.23341879600186766,0.7011855596530101,0.060515982349937186,11.58678306828705,0.6571428571428571,1.062454031821677,-0.09678071259461907,0.11406517028808594
IWM,1d,5,0.1,0.75,20,50,0.5154365696597053,-0.3544089729236348,0.5646669770156567,0.06549238516481008,8.621872231324073,0.17142857142857143,0.3929912114816642,0.0,0.1196749210357666
IWM,1d,5,0.1,1.0,8,21,0.8994768768654923,0.6007888716370811,0.9292221644947721,0.0518102968318315,17.935086678057235,0.8571428571428571,1.4634668762995324,-0.11429613747116896,0.11518692970275879
IWM,1d,5,0.1,1.0,9,21,0.9094685594743112,1.095661948768679,0.9022836302912157,0.04733805831991158,19.060427535780285,0.8285714285714286,1.421315546196194,-0.11429613747116896,0.11708521842956543
IWM,1d,5,0.1,1.0,10,30,0.8128371689493883,0.20899226183361552,0.8150877492779574,0.0440991212654989,18.48308369617433,0.45714285714285713,0.556930669007935,-0.10881232595902268,0.12051916122436523
IWM,1d,5,0.1,1.0,12,26,0.8271224649246222,0.19328509777672065,0.8318828059954562,0.061077933236554936,13.620022189905685,0.6571428571428571,1.0789816365436735,-0.10881232595902268,0.11645817756652832
IWM,1d,5,0.1,1.0,20,50,0.6245580669579397,-0.45098855135496196,0.6697819985883637,0.05852255083204402,11.444853121843497,0.17142857142857143,0.3932130449855433,0.0,0.11298036575317383
IWM,1d,5,0.25,0.0,8,21,0.24507859573134963,0.28633579368983764,0.2706521032183501,0.22048105713666719,1.2275526375519141,0.34285714285714286,0.11929727146099565,-0.11925362793987371,0.10758733749389648
IWM,1d,5,0.25,0.0,9,21,0.2878589165408067,0.3793582711103012,0.22260615097847727,0.26575170762724576,0.8376471141653539,0.2857142857142857,0.06545570835585794,-0.11925362793987371,0.12482714653015137
IWM,1d,5,0.25,0.0,10,30,0.15963967981345425,0.13475918711767298,0.2536070524791255,0.2809455513032929,0.9026911132874488,0.14285714285714285,-0.07455208249834991,-0.06068587250140889,0.10954833030700684
IWM,1d,5,0.25,0.0,12,26,0.09726193388252327,0.035390012213088795,0.27400161993135913,0.22084056283506046,1.2407214345672681,0.2857142857142857,0.17144468857055284,-0.06068587250140889,0.11135601997375488
IWM,1d,5,0.25,0.0,20,50,0.12490031494363653,0.07782739500690017,0.14129765514839682,0.2652146506483816,0.5327671559733235,0.02857142857142857,0.1089271253973758,0.0,0.10304594039916992
IWM,1d,5,0.25,0.25,8,21,0.37176840746856804,0.43366268022498233,0.3926182662571961,0.06752063865323069,5.814788990275796,0.8285714285714286,1.2853260206557386,-0.07614538229679213,0.11539125442504883
IWM,1d,5,0.25,0.25,9,21,0.39317205799272525,0.5652989350083071,0.3738823933042653,0.07540041790167909,4.958624948097792,0.8,1.2420422246544276,-0.07614538229679213,0.12429666519165039
IWM,1d,5,0.25,0.25,10,30,0.32582513273514757,0.23588360306099299,0.3600395905552653,0.07865840064039047,4.577255418671554,0.42857142857142855,0.5186509667053492,-0.07271748586581239,0.13155174255371094
IWM,1d,5,0.25,0.25,12,26,0.3185335804552916,0.10158283439964366,0.3633764122708943,0.07727182402313533,4.7025732453539435,0.6285714285714286,1.0070322875439963,-0.07271748586581239,0.11839461326599121
IWM,1d,5,0.25,0.25,20,50,0.22576155007413337,-0.05703495140136827,0.2747293630497184,0.1041090405037969,2.6388617330470825,0.17142857142857143,0.39225062248519693,0.0,0.1036689281463623
IWM,1d,5,0.25,0.5,8,21,0.5876127703988332,0.5194092578274607,0.6143987578707131,0.05304580357878698,11.582419652822663,0.8571428571428571,1.3707599501306462,-0.08886230068825107,0.11001205444335938
IWM,1d,5,0.25,0.5,9,21,0.6135636840941281,0.6906423505690931,0.59293977013274,0.05429750099898186,10.920203678321371,0.8285714285714286,1.3282536674713563,-0.08886230068825107,0.1067361831665039
IWM,1d,5,0.25,0.5,10,30,0.529318064754226,0.2822732238966401,0.5514358032775989,0.05357145383488287,10.29346347361089,0.45714285714285713,0.5362124842192445,-0.08474909923021579,0.1154320240020752
IWM,1d,5,0.25,0.5,12,26,0.539790778193476,0.115555396191662,0.5601548374711485,0.06245407843206,8.969067377729493,0.6571428571428571,1.0404198369439586,-0.08474909923021579,0.1140296459197998
IWM,1d,5,0.25,0.5,20,50,0.3888411379506455,-0.17848042843190304,0.4368839439400469,0.07412916377772678,5.8935501451227115,0.17142857142857143,0.3926883549477998,0.0,0.12413311004638672
IWM,1d,5,0.25,0.75,8,21,0.7657010383153903,0.5510079832357997,0.7989074229879627,0.05141142498788617,15.539491915974034,0.8571428571428571,1.4240362471972785,-0.1015792190797099,0.15350341796875
IWM,1d,5,0.25,0.75,9,21,0.7972007528513182,0.7605576770282461,0.7738797942461687,0.05132591210029523,15.07776019126443,0.8285714285714286,1.3817638889113337,-0.1015792190797099,0.14089322090148926
IWM,1d,5,0.25,0.75,10,30,0.6946672034830141,0.2838234505142261,0.7123877186599135,0.04777205820003317,14.912225796865894,0.45714285714285713,0.547978312190184,-0.09678071259461907,0.12040996551513672
IWM,1d,5,0.25,0.75,12,26,0.7160014920784118,0.08898497733725041,0.7256858277062793,0.06106084804804354,11.884633949651327,0.6571428571428571,1.062454031821677,-0.09678071259461907,0.11616015434265137
IWM,1d,5,0.25,0.75,20,50,0.5229467342022905,-0.2873751374464345,0.5703503584590605,0.06313602598678685,9.033675299399171,0.17142857142857143,0.3929912114816642,0.0,0.11248517036437988
IWM,1d,5,0.25,1.0,8,21,0.9091527541488621,0.5367184727435099,0.9479316115435907,0.052701658462967226,17.986751066091973,0.8571428571428571,1.4634668762995324,-0.11429613747116896,0.12982821464538574
IWM,1d,5,0.25,1.0,9,21,0.9455128195964364,0.7813667199702485,0.9197619814316769,0.052699442947779236,17.452973503782278,0.8285714285714286,1.421315546196194,-0.11429613747116896,0.12270307540893555
IWM,1d,5,0.25,1.0,10,30,0.8274212866161818,0.24989288246684627,0.8427485504346228,0.04706556637106988,17.905841051402728,0.45714285714285713,0.556930669007935,-0.10881232595902268,0.10853981971740723
IWM,1d,5,0.25,1.0,12,26,0.8566891073596412,0.03247090476576142,0.8597640867420806,0.06230235517411689,13.799864938320406,0.6571428571428571,1.0789816365436735,-0.10881232595902268,0.11552119255065918
IWM,1d,5,0.25,1.0,20,50,0.6311591178544784,-0.3845934791403096,0.6780388216484636,0.05741883216451384,11.808648767111414,0.17142857142857143,0.3932130449855433,0.0,0.10320281982421875
IWM,1d,5,0.4,0.0,8,21,0.19684126542661134,0.19843484413859924,0.27272216292578977,0.2455359082295691,1.1107221134873775,0.34285714285714286,0.11929727146099565,-0.11925362793987371,0.11385416984558105
IWM,1d,5,0.4,0.0,9,21,0.30440634844859354,0.4150585437090917,0.1792806250221327,0.2404730388307213,0.7455331620287612,0.2857142857142857,0.06545570835585794,-0.11925362793987371,0.1183171272277832
IWM,1d,5,0.4,0.0,10,30,0.08833244403009091,0.019766349860073307,0.24032251758834144,0.28530433525678434,0.8423374196962076,0.14285714285714285,-0.07455208249834991,-0.06068587250140889,0.11174130439758301
IWM,1d,5,0.4,0.0,12,26,0.20566864530675996,0.2129698365339281,0.28297746506362603,0.25032230047999865,1.130452478748439,0.2857142857142857,0.17144468857055284,-0.06068587250140889,0.11076593399047852
IWM,1d,5,0.4,0.0,20,50,0.06197843772310209,-0.016888369750260757,0.15308650367394944,0.2635335194711956,0.5808995530478692,0.02857142857142857,0.1089271253973758,0.0,0.10561728477478027
IWM,1d,5,0.4,0.25,8,21,0.3674695974583103,0.3149404714340247,0.39363332791677735,0.06994370718746552,5.627859084760089,0.8285714285714286,1.2853260206557386,-0.07614538229679213,0.11928486824035645
IWM,1d,5,0.4,0.25,9,21,0.39999793032081105,0.6178065916743654,0.3696760077723901,0.0629515631584238,5.872388058769312,0.8,1.2420422246544276,-0.07614538229679213,0.11590361595153809
IWM,1d,5,0.4,0.25,10,30,0.31119057011407486,0.08310177714942646,0.35904343938323907,0.07777811863203234,4.616252561750313,0.42857142857142855,0.5186509667053492,-0.07271748586581239,0.11640787124633789
IWM,1d,5,0.4,0.25,12,26,0.34946523921658024,0.3388974071408275,0.3680306266633744,0.08422544722819328,4.369589462270986,0.6285714285714286,1.0070322875439963,-0.07271748586581239,0.12662291526794434
IWM,1d,5,0.4,0.25,20,50,0.20018846958278616,-0.16063400205259182,0.27451476296488153,0.09730844890436613,2.8210783961285024,0.17142857142857143,0.39225062248519693,0.0,0.10410571098327637
IWM,1d,5,0.4,0.5,8,21,0.5982596101764533,0.37302855606328444,0.6223347562737257,0.052401506071258375,11.876276140373554,0.8571428571428571,1.3707599501306462,-0.08886230068825107,0.11588454246520996
IWM,1d,5,0.4,0.5,9,21,0.6219049143425991,0.7611426518295847,0.5998601371415457,0.049362393384225906,12.152168807382731,0.8285714285714286,1.3282536674713563,-0.08886230068825107,0.12209224700927734
IWM,1d,5,0.4,0.5,10,30,0.5298860853822982,0.09617029579905201,0.5577626720482585,0.05548347710418419,10.05277068344002,0.45714285714285713,0.5362124842192445,-0.08474909923021579,0.12211060523986816
IWM,1d,5,0.4,0.5,12,26,0.5591080162252094,0.40568395497062015,0.5668829252705587,0.06524733623909823,8.688215610721972,0.6571428571428571,1.0404198369439586,-0.08474909923021579,0.11333823204040527
IWM,1d,5,0.4,0.5,20,50,0.37212257248138975,-0.2868021352315835,0.43768181756403496,0.06974047636756266,6.275865040801576,0.17142857142857143,0.3926883549477998,0.0,0.1244966983795166
IWM,1d,5,0.4,0.75,8,21,0.7858779633005775,0.3820104045044743,0.8122608049155875,0.0495258341065969,16.400749620234933,0.8571428571428571,1.4240362471972785,-0.1015792190797099,0.11990809440612793
IWM,1d,5,0.4,0.75,9,21,0.8075130874250811,0.8492167892366074,0.7874154189899851,0.04918871397231806,16.008050534379066,0.8285714285714286,1.3817638889113337,-0.1015792190797099,0.11420798301696777
IWM,1d,5,0.4,0.75,10,30,0.7037932935925469,0.07078246192442728,0.7236299787078457,0.05224342130439371,13.851121550628383,0.45714285714285713,0.547978312190184,-0.09678071259461907,0.11385703086853027
IWM,1d,5,0.4,0.75,12,26,0.7310276617257653,0.42177683764710094,0.7344983178108208,0.06266136861047332,11.721708831109947,0.6571428571428571,1.062454031821677,-0.09678071259461907,0.11141514778137207
IWM,1d,5,0.4,0.75,20,50,0.5097823375382395,-0.3970060372111348,0.572583407436836,0.06059338477255897,9.449602618933788,0.17142857142857143,0.3929912114816642,0.0,0.10188698768615723
IWM,1d,5,0.4,1.0,8,21,0.9364180271018524,0.35124009311153603,0.9655980278048952,0.049999393954457114,19.312194637487572,0.8571428571428571,1.4634668762995324,-0.11429613747116896,0.11021590232849121
IWM,1d,5,0.4,1.0,9,21,0.9575429988959183,0.8874143194409301,0.9380847653863572,0.0517588625766765,18.12413794829169,0.8285714285714286,1.421315546196194,-0.11429613747116896,0.11107993125915527
IWM,1d,5,0.4,1.0,10,30,0.8426124812726299,0.01728760216619829,0.8577090417269082,0.05339908535308786,16.06224219114476,0.45714285714285713,0.556930669007935,-0.10881232595902268,0.11057019233703613
IWM,1d,5,0.4,1.0,12,26,0.8693231546345859,0.39606402039960065,0.8703173426157939,0.06361662571018566,13.680658678450582,0.6571428571428571,1.0789816365436735,-0.10881232595902268,0.1091451644897461
IWM,1d,5,0.4,1.0,20,50,0.6200784485853824,-0.49279183479017685,0.6815345762060063,0.0561695513026189,12.133523597761585,0.17142857142857143,0.3932130449855433,0.0,0.10301017761230469
IWM,1d,5,0.55,0.0,8,21,0.16175255983790376,0.13793148620457396,0.2570970301422698,0.2641246027464819,0.9733929647933727,0.34285714285714286,0.2210862681689744,-0.06550735526724061,0.1095285415649414
IWM,1d,5,0.55,0.0,9,21,0.22592275854907085,0.25350716032577414,0.21236845129025758,0.20408303215185802,1.040598275373694,0.2857142857142857,0.1295211955132446,-0.06692764202815726,0.1174933910369873
IWM,1d,5,0.55,0.0,10,30,0.07238353255818014,-0.0047799344709751335,0.2544711456602855,0.268517634135044,0.9476887671828131,0.14285714285714285,-0.07525899702715477,-0.0736961399016941,0.11160016059875488
IWM,1d,5,0.55,0.0,12,26,0.06582872281294895,-0.011438446213568043,0.23947349484375974,0.2939374397531936,0.8147090586515116,0.2571428571428571,0.1625856462249785,-0.05291615469747335,0.10756373405456543
IWM,1d,5,0.55,0.0,20,50,0.09918808395174847,0.03853930188875476,0.17341332109863244,0.2745715214568471,0.6315779589176617,0.02857142857142857,0.1089271253973758,0.0,0.0985720157623291
IWM,1d,5,0.55,0.25,8,21,0.3703532487956175,0.23115053888768444,0.3970551261178016,0.07154032505142519,5.550088370892741,0.8857142857142857,1.5336111253117923,-0.06646256076245538,0.11943984031677246
IWM,1d,5,0.55,0.25,9,21,0.38294350997704024,0.39062083688984894,0.38059367918548154,0.05895485038725417,6.455680519677216,0.8571428571428571,1.466872351707789,-0.06646256076245538,0.12581896781921387
IWM,1d,5,0.55,0.25,10,30,0.31332252912957603,0.05081085520461048,0.3710994430704845,0.07297071801590789,5.085593963726428,0.6,1.0683741991753768,-0.0630063098256185,0.12307024002075195
IWM,1d,5,0.55,0.25,12,26,0.3184776742444121,0.03611866066657132,0.36326574525092015,0.07825117223697547,4.642304196425427,0.7428571428571429,1.3546088305491097,-0.0630063098256185,0.11063814163208008
IWM,1d,5,0.55,0.25,20,50,0.22350719990722842,-0.10632743351890972,0.2791779344335381,0.09668260448063476,2.8875715123029875,0.2,0.447786737646218,0.0,0.11514496803283691
IWM,1d,5,0.55,0.5,8,21,0.6170963233478703,0.2670637869107604,0.6359976653580122,0.05505464496808114,11.552116369595018,0.9142857142857143,1.606333087846817,-0.07724368955024008,0.11470842361450195
IWM,1d,5,0.55,0.5,9,21,0.6197945925266913,0.4689100761033511,0.6114236345937509,0.0490239313851321,12.471942117216297,0.8857142857142857,1.5438498422690836,-0.07724368955024008,0.11941337585449219
IWM,1d,5,0.55,0.5,10,30,0.5409224818559168,0.05733815330816161,0.5750934155601586,0.05643757255597648,10.189903454649182,0.6285714285714286,1.103728836121987,-0.07309646495376376,0.10904550552368164
IWM,1d,5,0.55,0.5,12,26,0.5530125188683094,0.03252201199642535,0.5765982333015451,0.05796909427633717,9.946648994599025,0.7714285714285715,1.4038533409039806,-0.07309646495376376,0.1204993724822998
IWM,1d,5,0.55,0.5,20,50,0.39911465657041995,-0.23497556264233088,0.44115611787000475,0.06598641861793943,6.6855593485728235,0.2,0.44849373986283597,0.0,0.12116289138793945
IWM,1d,5,0.55,0.75,8,21,0.8155793098650035,0.25647516491434175,0.8332408048161275,0.052721688965295985,15.804516531414759,0.9142857142857143,1.655482532061567,-0.08802481833802478,0.11312341690063477
IWM,1d,5,0.55,0.75,9,21,0.8135185993461108,0.4965072762203264,0.8008419857115351,0.049434168312057394,16.200171117599307,0.8857142857142857,1.5945750910360073,-0.08802481833802478,0.11170125007629395
IWM,1d,5,0.55,0.75,10,30,0.7210211470796667,0.026992265500867862,0.7451915188279689,0.05568228168031498,13.382919958386188,0.6285714285714286,1.121213627491152,-0.0831866200819088,0.10601520538330078
IWM,1d,5,0.55,0.75,12,26,0.7382756137138236,-0.009142087500034868,0.7534023552605486,0.05692752874622772,13.234411748647574,0.7714285714285715,1.4338351456616618,-0.0831866200819088,0.11175823211669922
IWM,1d,5,0.55,0.75,20,50,0.5414916442635993,-0.34859178932383994,0.5765961481017137,0.05596188929119721,10.303371730382448,0.2,0.44898862159006386,0.0,0.10935497283935547
IWM,1d,5,0.55,1.0,8,21,0.974405032724771,0.20978314513021767,0.9922196224600901,0.05317598097081292,18.659169127593465,0.9142857142857143,1.6928128468841817,-0.09880594712580948,0.1176457405090332
IWM,1d,5,0.55,1.0,9,21,0.9692209492329756,0.4818538834492563,0.9532541271529136,0.05176274278376414,18.41583494010504,0.8857142857142857,1.6327794303302545,-0.09880594712580948,0.11897850036621094
IWM,1d,5,0.55,1.0,10,30,0.864558572656515,-0.029724695268829926,0.8825996938428036,0.05795628055628348,15.228715255211702,0.6285714285714286,1.133036544255034,-0.09327677521005384,0.12386083602905273
IWM,1d,5,0.55,1.0,12,26,0.8858804580830619,-0.0773229275783166,0.8960489445957649,0.05950616953899775,15.058084758901067,0.7714285714285715,1.4556639590330558,-0.09327677521005384,0.1282639503479004
IWM,1d,5,0.55,1.0,20,50,0.6559275180627542,-0.44837562373879647,0.6863121174470103,0.05148548982250412,13.33020468122313,0.2,0.4493542896782547,0.0,0.1246802806854248
IWM,1d,5,0.7,0.0,8,21,0.1178177770945893,0.06734623025443565,0.3126849381610232,0.24011171980746684,1.3022477137382094,0.34285714285714286,0.22547989670952098,-0.06550735526724061,0.1203155517578125
IWM,1d,5,0.7,0.0,9,21,0.1740980028818095,0.15952444874322014,0.21546580986306982,0.1887644646821423,1.1414532402901654,0.34285714285714286,0.1626898980057087,-0.06550735526724061,0.12105441093444824
IWM,1d,5,0.7,0.0,10,30,0.1499967877332817,0.1186562178103634,0.2774775565092388,0.23822687834817508,1.164761753305174,0.14285714285714285,-0.07505828827552873,-0.0736961399016941,0.11938667297363281
IWM,1d,5,0.7,0.0,12,26,0.11145944395841817,0.058151676622817394,0.20355559357077507,0.25429398752205984,0.8004734817142177,0.2571428571428571,0.09051249580876689,-0.06437543188838446,0.12227463722229004
IWM,1d,5,0.7,0.0,20,50,0.1506887622899059,0.11962177871192003,0.2123784940157522,0.24363437351753517,0.8717098944187637,0.02857142857142857,0.1089271253973758,0.0,0.11655211448669434
IWM,1d,5,0.7,0.25,8,21,0.37202825138170686,0.132260116626713,0.4147018876751698,0.07260071745882697,5.712090764259374,0.8857142857142857,1.5229971211888942,-0.06646256076245538,0.13518691062927246
IWM,1d,5,0.7,0.25,9,21,0.3764201444583926,0.2592948950870331,0.37707044221285185,0.06066068064385435,6.216060192708266,0.8571428571428571,1.4725094074783622,-0.06646256076245538,0.1380295753479004
IWM,1d,5,0.7,0.25,10,30,0.3429949319068985,0.21366036403894673,0.3761410107743691,0.0648794305047185,5.797538724496254,0.6285714285714286,1.1434126136430518,-0.0630063098256185,0.1342630386352539
IWM,1d,5,0.7,0.25,12,26,0.3373101141387417,0.12984773067475053,0.36119371121616733,0.06512237171131986,5.546384471642071,0.7428571428571429,1.3281275266033394,-0.0630063098256185,0.14543366432189941
IWM,1d,5,0.7,0.25,20,50,0.2431315241807284,-0.01735356422316281,0.29661526315752373,0.08461497275845699,3.5054701725691686,0.2,0.447786737646218,0.0,0.14707589149475098
IWM,1d,5,0.7,0.5,8,21,0.6378380063878716,0.14119244001041187,0.6521814867653323,0.05599652152008514,11.646821428566847,0.9142857142857143,1.599969651166664,-0.07724368955024008,0.14754295349121094
IWM,1d,5,0.7,0.5,9,21,0.6278579121658646,0.30157637014603744,0.6135605605983737,0.04977759364338769,12.326039000478628,0.8857142857142857,1.5474161000040991,-0.07724368955024008,0.1426548957824707
IWM,1d,5,0.7,0.5,10,30,0.5690404835399705,0.2541266156476407,0.5822137967900833,0.05489541986673321,10.605872005414913,0.6571428571428571,1.181686949806603,-0.07309646495376376,0.14707374572753906
IWM,1d,5,0.7,0.5,12,26,0.5737003090521992,0.14788853068870278,0.5877651576183582,0.05243476719745132,11.209454890970271,0.7714285714285715,1.390058339970519,-0.07309646495376376,0.1357879638671875
IWM,1d,5,0.7,0.5,20,50,0.41228266658496104,-0.14156371837579396,0.4559574629864751,0.059835373526328554,7.620199158376546,0.2,0.44849373986283597,0.0,0.13486909866333008
IWM,1d,5,0.7,0.75,8,21,0.8495016395340215,0.10704317644289385,0.8503682346102155,0.05277351184363488,16.113542663785793,0.9142857142857143,1.6532357303236418,-0.08802481833802478,0.12604618072509766
IWM,1d,5,0.7,0.75,9,21,0.8307637138414399,0.29698358793330315,0.8075145966504618,0.04905356777851563,16.461893257112585,0.8857142857142857,1.5973424499395676,-0.08802481833802478,0.1332714557647705
IWM,1d,5,0.7,0.75,10,30,0.7512651948644701,0.25042644655122537,0.7550486344209763,0.05659809347574853,13.340531245005694,0.6571428571428571,1.2000223653950937,-0.0831866200819088,0.1273810863494873
IWM,1d,5,0.7,0.75,12,26,0.76236826634008,0.12396231218810816,0.7730975857122686,0.054701942111029134,14.132909287628289,0.7714285714285715,1.428502212751435,-0.0831866200819088,0.127394437789917
IWM,1d,5,0.7,0.75,20,50,0.5522689881148745,-0.2535719658541654,0.5914307373188172,0.05337469062065141,11.080733779278985,0.2,0.44898862159006386,0.0,0.1291818618774414
IWM,1d,5,0.7,1.0,8,21,1.0184384691184423,0.041676039683228305,1.0104917515960292,0.052511612824544425,19.243205402438445,0.9142857142857143,1.6938946797361347,-0.09880594712580948,0.14566564559936523
IWM,1d,5,0.7,1.0,9,21,0.9932832930372276,0.25573374494800194,0.9635656183084699,0.050401930661759964,19.1176331076446,0.8857142857142857,1.6350917171709356,-0.09880594712580948,0.11749625205993652
IWM,1d,5,0.7,1.0,10,30,0.8971695430506967,0.21228137620746934,0.8948572537854809,0.05972752382037195,14.982326347174997,0.6571428571428571,1.2122433046307306,-0.09327677521005384,0.11072373390197754
IWM,1d,5,0.7,1.0,12,26,0.9130731270883325,0.06882691587464396,0.9221118596348195,0.05919086908480001,15.578616666596881,0.7714285714285715,1.4566433890445105,-0.09327677521005384,0.12521862983703613
IWM,1d,5,0.7,1.0,20,50,0.6653444667208107,-0.35402313157324894,0.70160956319408,0.05167319738708953,13.577823681748326,0.2,0.4493542896782547,0.0,0.10683631896972656
IWM,1d,5,0.85,0.0,8,21,0.18867886981454784,0.18451341866068272,0.34607454238486474,0.21048424069373292,1.6441826772600223,0.45714285714285713,0.26461806331977256,-0.0992273551102717,0.10992813110351562
IWM,1d,5,0.85,0.0,9,21,0.1928327122996743,0.19150587099830352,0.2901650267550423,0.18561479070420556,1.5632645741979003,0.42857142857142855,0.13065952581628568,-0.0992273551102717,0.12941360473632812
IWM,1d,5,0.85,0.0,10,30,0.1754553204481459,0.1608488621211679,0.24711801996314064,0.24008811504176888,1.0292805202796014,0.2571428571428571,-0.1495223838306613,-0.07036580205689102,0.13070893287658691
IWM,1d,5,0.85,0.0,12,26,0.20802955817072388,0.2158960357695645,0.2104231809336341,0.24194667967929054,0.8697089012031823,0.3142857142857143,0.003890179169823244,-0.06640034761868974,0.13197588920593262
IWM,1d,5,0.85,0.0,20,50,0.13102347726515098,0.08787116278373963,0.1973466678793181,0.24019097759350116,0.8216239837838842,0.02857142857142857,-0.02618607926190946,-0.021218842725278075,0.11702847480773926
IWM,1d,5,0.85,0.25,8,21,0.4036381225806387,0.2907686889118084,0.43635370910573945,0.06528523794205664,6.683803611055557,0.9142857142857143,1.3735460442997045,-0.046445210550836835,0.12303423881530762
IWM,1d,5,0.85,0.25,9,21,0.3898791421733554,0.29837587172441427,0.4099395239205549,0.06043576694898172,6.783061498443711,0.9142857142857143,1.3431587067982904,-0.046445210550836835,0.11812806129455566
IWM,1d,5,0.85,0.25,10,30,0.35936599310243217,0.27096528760711336,0.37843763455231494,0.06529339483636985,5.79595586200883,0.6857142857142857,1.0373676988530809,-0.042914849050765924,0.1330585479736328
IWM,1d,5,0.85,0.25,12,26,0.3703559264405981,0.3452041980442504,0.3794569308697891,0.06283910519290416,6.03854764807564,0.8,1.2177411606938042,-0.042914849050765924,0.11601090431213379
IWM,1d,5,0.85,0.25,20,50,0.29037405239300557,0.18181376632208446,0.2975406633389153,0.0784145207189225,3.7944587381392316,0.2571428571428571,0.45237916254786603,-0.005465914599649846,0.10681676864624023
IWM,1d,5,0.85,0.5,8,21,0.6770602205581664,0.33826659892289346,0.6818141255900342,0.05191279374266921,13.13383612081782,0.9142857142857143,1.48249927339985,-0.0574575133885854,0.10280394554138184
IWM,1d,5,0.85,0.5,9,21,0.6488086370320715,0.3427185371751813,0.650482532852205,0.049393776585705616,13.16932168010114,0.9142857142857143,1.4527108406448157,-0.0574575133885854,0.10357928276062012
IWM,1d,5,0.85,0.5,10,30,0.5928403267663647,0.3257803000188577,0.5992208384772575,0.056003731983964265,10.69965906287878,0.6857142857142857,1.1035515060012588,-0.053221362045666076,0.10046505928039551
IWM,1d,5,0.85,0.5,12,26,0.6035313651967983,0.4175655494564836,0.6168533224463799,0.058986102898775546,10.457604285283013,0.8,1.3029976913077208,-0.053221362045666076,0.10368895530700684
IWM,1d,5,0.85,0.5,20,50,0.4718542957533199,0.22568184468096053,0.4650393630793399,0.05982287715255966,7.773604099538734,0.2571428571428571,0.4674868884089595,-0.010431829199299525,0.0970304012298584
IWM,1d,5,0.85,0.75,8,21,0.8973653649214228,0.33745991912613893,0.8875409514312839,0.05046002179927797,17.588992627902186,0.9142857142857143,1.558965117104414,-0.06846981622633463,0.10794973373413086
IWM,1d,5,0.85,0.75,9,21,0.8581544225456801,0.3366606265479457,0.8504306918926344,0.05033204758684411,16.89640562357971,0.9142857142857143,1.5254685367717442,-0.06846981622633463,0.11308002471923828
IWM,1d,5,0.85,0.75,10,30,0.7818236664275797,0.3345709925788505,0.7821625462083895,0.05945719227155178,13.15505351541175,0.6857142857142857,1.1420005442814432,-0.0635278750405669,0.11881542205810547
IWM,1d,5,0.85,0.75,12,26,0.7936346809353868,0.4412733825182651,0.8108862832974737,0.06560236520531051,12.360625729875855,0.8,1.357057526990707,-0.0635278750405669,0.10845708847045898
IWM,1d,5,0.85,0.75,20,50,0.6189440404610219,0.2290045962087035,0.6060732128467989,0.05849022786725599,10.361956773741532,0.2571428571428571,0.4784213431004842,-0.015397743798949204,0.10201883316040039
IWM,1d,5,0.85,1.0,8,21,1.0737020387655696,0.2985762026605341,1.0538922921904834,0.051330380920634834,20.531550190908835,0.9142857142857143,1.6177501584095062,-0.07948211906408353,0.12624335289001465
IWM,1d,5,0.85,1.0,9,21,1.0258732368503864,0.29169745107225453,1.0117920633611177,0.05334986396210571,18.965222930648732,0.9142857142857143,1.5804979881236563,-0.07948211906408353,0.1090850830078125
IWM,1d,5,0.85,1.0,10,30,0.9332606207125029,0.30637308655832785,0.9296897460031424,0.06424789030246361,14.470354460300356,0.6857142857142857,1.1697635657186067,-0.07383438803546694,0.10832905769348145
IWM,1d,5,0.85,1.0,12,26,0.9462712359234903,0.42479111841219486,0.9668335009830266,0.07246859469931725,13.341413684018015,0.8,1.3970880580853007,-0.07383438803546694,0.1134798526763916
IWM,1d,5,0.85,1.0,20,50,0.7368979597928069,0.20045948121405788,0.7204598207088305,0.060656637693875796,11.877674861321431,0.2571428571428571,0.48682437607487156,-0.020363658398598883,0.1061856746673584
IWM,1d,5,1.0,0.0,8,21,0.2723472423470379,0.3393163130547996,0.34937854079268915,0.20213932108660032,1.728404641484913,0.42857142857142855,0.1203452952572481,-0.0992273551102717,0.11136817932128906
IWM,1d,5,1.0,0.0,9,21,0.2362328181898541,0.2703061630014658,0.31080026338818695,0.18109413304032296,1.7162359606591078,0.42857142857142855,0.03264509893085053,-0.0992273551102717,0.10986518859863281
IWM,1d,5,1.0,0.0,10,30,0.19435066679363205,0.19396479762555674,0.24598386418547707,0.21418914598980174,1.1484422473825504,0.22857142857142856,-0.3038230340963528,-0.06640034761868974,0.14469289779663086
IWM,1d,5,1.0,0.0,12,26,0.15718399531496605,0.13055677165453794,0.20108036433629178,0.20880508123972613,0.9630051296761035,0.2857142857142857,-0.0894318909989807,-0.06640034761868974,0.11420488357543945
IWM,1d,5,1.0,0.0,20,50,0.16597225014747893,0.14502975888439096,0.22770326540313984,0.25696381444057564,0.886129690668168,0.02857142857142857,-0.04545003749784971,-0.027928886345266912,0.09874987602233887
IWM,1d,5,1.0,0.25,8,21,0.42887317693087357,0.5002844550742236,0.44417280781052204,0.06252290183710944,7.10416175128472,0.8857142857142857,1.333097226125217,-0.04881809529723835,0.11058354377746582
IWM,1d,5,1.0,0.25,9,21,0.4062041922104327,0.4037939370406136,0.4198551281646985,0.05663229168083624,7.413705426771083,0.8857142857142857,1.2937518352174409,-0.04881809529723835,0.10802340507507324
IWM,1d,5,1.0,0.25,10,30,0.3708500507949881,0.3170895569576231,0.3855408776737353,0.05517198291928353,6.987982981104388,0.6857142857142857,1.0088180792985326,-0.04546135089472725,0.11614108085632324
IWM,1d,5,1.0,0.25,12,26,0.3669534270538368,0.22968323666606527,0.3870135041891539,0.05457605241670763,7.091269651277959,0.8,1.1986785006013216,-0.04546135089472725,0.11222481727600098
IWM,1d,5,1.0,0.25,20,50,0.3067921124480661,0.2599224640315272,0.3117796751027349,0.08398181892131115,3.712466330300188,0.2571428571428571,0.4512284881725798,-0.005465914599649846,0.10068750381469727
IWM,1d,5,1.0,0.5,8,21,0.7002013775992005,0.5942643298970525,0.6984741012763116,0.049980764860710555,13.974858192403854,0.9142857142857143,1.462250531588647,-0.06030478523450267,0.1109616756439209
IWM,1d,5,1.0,0.5,9,21,0.6668339008306893,0.4713474597275351,0.6661552976927059,0.05067815556668377,13.144821279380611,0.9142857142857143,1.4264048885312206,-0.06030478523450267,0.10556364059448242
IWM,1d,5,1.0,0.5,10,30,0.6087202142773656,0.3846692185766041,0.6180859715497429,0.05190619135983039,11.907750411987895,0.6857142857142857,1.089469811662529,-0.056276960517898544,0.10876893997192383
IWM,1d,5,1.0,0.5,12,26,0.6145575348345725,0.2743969551391794,0.6365568072532721,0.05261568020117697,12.098233926072725,0.8,1.2962246748024604,-0.056276960517898544,0.10919070243835449
IWM,1d,5,1.0,0.5,20,50,0.4879670961192129,0.3235385397139201,0.47860914042167557,0.06482907192332077,7.382631375438631,0.2571428571428571,0.4668120726479901,-0.010431829199299525,0.09858918190002441
IWM,1d,5,1.0,0.75,8,21,0.9219855191513108,0.6302577788886472,0.9110221080606025,0.04849553334417232,18.78569107787902,0.9142857142857143,1.551348808308471,-0.07179147517176698,0.13821983337402344
IWM,1d,5,1.0,0.75,9,21,0.879161083748555,0.483706917296983,0.8711504544969078,0.05394513303700466,16.148823915205213,0.9142857142857143,1.5154917917660762,-0.07179147517176698,0.11027693748474121
IWM,1d,5,1.0,0.75,10,30,0.8018950760977699,0.4052671508632697,0.8095963373119097,0.05772301011480508,14.025539134250042,0.6857142857142857,1.1387319217537217,-0.06709257014106929,0.1029348373413086
IWM,1d,5,1.0,0.75,12,26,0.8137203789350056,0.27465773844974106,0.839383679972365,0.058194923178950385,14.42365818391487,0.8,1.359091089942704,-0.06709257014106929,0.10664677619934082
IWM,1d,5,1.0,0.75,20,50,0.6364660224016078,0.3442806668094933,0.6205447915077563,0.06395177040262293,9.703324671091595,0.2571428571428571,0.4779236252538557,-0.015397743798949204,0.0961146354675293
IWM,1d,5,1.0,1.0,8,21,1.1001444090659114,0.6179011018532141,1.0827428893687547,0.049151756809760465,22.02856946821778,0.9142857142857143,1.6193751657363011,-0.08327816510903174,0.10602593421936035
IWM,1d,5,1.0,1.0,9,21,1.049583790863375,0.4517220606233854,1.0366144499329446,0.05803799052447104,17.860963837055458,0.9142857142857143,1.582889871951822,-0.08327816510903174,0.10923480987548828
IWM,1d,5,1.0,1.0,10,30,0.9568077304314346,0.38739855833227943,0.9637599223078887,0.06376095136466052,15.115206120372479,0.6857142857142857,1.1748720311740228,-0.07790817976424058,0.12131261825561523
IWM,1d,5,1.0,1.0,12,26,0.9730642850478229,0.23993381854825246,1.002149297335917,0.06380514863687022,15.70640173631409,0.8,1.405968423409881,-0.07790817976424058,0.10350275039672852
IWM,1d,5,1.0,1.0,20,50,0.7558797837055193,0.3300876499901497,0.7359255555907409,0.06667406053083647,11.037659169571329,0.2571428571428571,0.4864239419989758,-0.020363658398598883,0.09607672691345215
IWM,1d,7,0.0,0.0,8,21,0.10993129564816503,0.052567237953783374,0.25437363197786017,0.25545061286622767,0.995783995676176,0.37142857142857144,0.36866136727298043,-0.04921680631211445,0.12313318252563477
IWM,1d,7,0.0,0.0,9,21,0.3023209100261852,0.4118142629133461,0.2496107734393646,0.2366386239800978,1.0548183945675658,0.37142857142857144,0.4330628454867751,-0.038596563501059,0.1174476146697998
IWM,1d,7,0.0,0.0,10,30,0.2054553479453657,0.2160792922844823,0.23240012797943715,0.28352299250562796,0.8196870593302023,0.17142857142857143,-0.06049886649036551,-0.045905469960697665,0.1169736385345459
IWM,1d,7,0.0,0.0,12,26,0.24352887974212062,0.2888774685009843,0.23606596751094305,0.23839546114112167,0.9902284480626096,0.2571428571428571,0.10962523176700387,-0.041751267736980124,0.1088399887084961
IWM,1d,7,0.0,0.0,20,50,-0.0006170810756611167,-0.113244782344743,0.054651364194688204,0.3384141657175283,0.16149254295786564,0.02857142857142857,0.10169659102129613,0.0,0.0968618392944336
IWM,1d,7,0.0,0.25,8,21,0.3195883269307092,0.12806771684901075,0.3677963341032648,0.08717734560243671,4.218943941933745,0.8285714285714286,1.2662654872456887,-0.04921680631211445,0.11132168769836426
IWM,1d,7,0.0,0.25,9,21,0.36714897788230716,0.6161059023482018,0.3600985024247798,0.0871194032908174,4.133390367961061,0.7714285714285715,1.179337651673933,-0.04061750114435159,0.1050252914428711
IWM,1d,7,0.0,0.25,10,30,0.2819545409534989,0.08067796521010107,0.3363572363180193,0.0906530502890979,3.7103796865671517,0.4857142857142857,0.577527714185722,-0.045905469960697665,0.10757970809936523
IWM,1d,7,0.0,0.25,12,26,0.30540066089274465,0.1668290711359257,0.3400334292675137,0.07415348776248133,4.585535212540021,0.6571428571428571,0.9850294544528966,-0.041751267736980124,0.10463690757751465
IWM,1d,7,0.0,0.25,20,50,0.17595118831588735,-0.26703711798689556,0.23782988347787576,0.13042737798799367,1.8234659558959232,0.17142857142857143,0.3852038072132697,0.0,0.0982351303100586
IWM,1d,7,0.0,0.5,8,21,0.5358120202180237,0.151177973649276,0.5643201134936451,0.06361429568116789,8.870963789680125,0.8285714285714286,1.334021638852094,-0.05382346311104336,0.10607004165649414
IWM,1d,7,0.0,0.5,9,21,0.5463341673309677,0.7593066231300569,0.5547835791675101,0.06713794015051718,8.26333929703139,0.7714285714285715,1.2375847366170474,-0.05382346311104336,0.10418033599853516
IWM,1d,7,0.0,0.5,10,30,0.45976781457157645,-0.04654245459556983,0.5090985803269712,0.06269036055383952,8.120843074267357,0.4857142857142857,0.5872249897617476,-0.049552083807969605,0.10209870338439941
IWM,1d,7,0.0,0.5,12,26,0.4866649248086137,0.04968377716057515,0.522747746409346,0.055693491960246935,9.386154970898115,0.6571428571428571,1.0118335822526314,-0.049552083807969605,0.10079145431518555
IWM,1d,7,0.0,0.5,20,50,0.35573980351792334,-0.39842469908344313,0.40363473137048694,0.08945839823604117,4.511982545288519,0.17142857142857143,0.3856075971545163,0.0,0.09663581848144531
IWM,1d,7,0.0,0.75,8,21,0.7086888809709316,0.1334563702733096,0.7294100960298382,0.058911749449123856,12.381402739698915,0.8285714285714286,1.381846261313462,-0.06702942507773524,0.11123442649841309
IWM,1d,7,0.0,0.75,9,21,0.6994034652797062,0.8456531501130724,0.7175679260994741,0.06191486936671463,11.589589600026482,0.7714285714285715,1.2821552711863617,-0.06702942507773524,0.10524845123291016
IWM,1d,7,0.0,0.75,10,30,0.6088268011045906,-0.16484354386169453,0.6545804956444025,0.05519265075616598,11.859921324240338,0.4857142857142857,0.5926777905994298,-0.0620463865625559,0.09963345527648926
IWM,1d,7,0.0,0.75,12,26,0.6397987140886493,-0.06173525278025249,0.6760582861470011,0.05453286586131056,12.397263108569621,0.6571428571428571,1.028296883368352,-0.0620463865625559,0.10214710235595703
IWM,1d,7,0.0,0.75,20,50,0.49625974936708106,-0.5099169353530244,0.534855298448115,0.07397755232631398,7.229967491880179,0.17142857142857143,0.38588717434882996,0.0,0.10255789756774902
IWM,1d,7,0.0,1.0,8,21,0.8468673004127403,0.08516625327235539,0.8631459102816468,0.05897248105448993,14.636418459045489,0.8285714285714286,1.4185910890599807,-0.08023538704442745,0.12005782127380371
IWM,1d,7,0.0,1.0,9,21,0.8238695377080139,0.8805628974632889,0.8492619343354532,0.06049899702018758,14.037620062561825,0.7714285714285715,1.317220052526964,-0.08023538704442745,0.10663175582885742
IWM,1d,7,0.0,1.0,10,30,0.7296492924690674,-0.2737681595424938,0.7725396914388123,0.05320503451516647,14.520048684840049,0.4857142857142857,0.5966177808029123,-0.07454068931714208,0.10596966743469238
IWM,1d,7,0.0,1.0,12,26,0.7641177575000513,-0.16678094512403652,0.8002196566756276,0.056926978939882675,14.056949298516152,0.6571428571428571,1.040330388893542,-0.07454068931714208,0.1150972843170166
IWM,1d,7,0.0,1.0,20,50,0.6081586902968367,-0.6038728665774551,0.6396257636757093,0.06558973590932317,9.751918570917596,0.17142857142857143,0.38609203146247545,0.0,0.12206387519836426
IWM,1d,7,0.1,0.0,8,21,0.08503244935190368,0.014215911528627112,0.2705830594967622,0.2729511944486522,0.9913239619387872,0.37142857142857144,0.32889427823446976,-0.04921680631211445,0.12156081199645996
IWM,1d,7,0.1,0.0,9,21,0.34552515872665,0.5032464196453161,0.24791646385896798,0.25747026404249684,0.9628935783358968,0.37142857142857144,0.3279295240170914,-0.0736961399016941,0.11578226089477539
IWM,1d,7,0.1,0.0,10,30,0.12095377519996277,0.07139676567079101,0.2312052997073392,0.2671429462044101,0.8654740953947089,0.17142857142857143,-0.06049886649036551,-0.045905469960697665,0.10522580146789551
IWM,1d,7,0.1,0.0,12,26,0.2196910198924621,0.24082624899949878,0.2443965756289614,0.24334703356785653,1.004312943723689,0.2857142857142857,0.14687397618066028,-0.041751267736980124,0.10506439208984375
IWM,1d,7,0.1,0.0,20,50,0.012823011597920639,-0.09502328533834448,0.0729842637963645,0.32415676966722873,0.22515113249458996,0.02857142857142857,0.10169659102129613,0.0,0.09845376014709473
IWM,1d,7,0.1,0.25,8,21,0.31922146622412595,0.07695986998291882,0.37508587730138954,0.09358727570344096,4.007872592530211,0.8285714285714286,1.2731980356062738,-0.04921680631211445,0.11693930625915527
IWM,1d,7,0.1,0.25,9,21,0.37997679671642703,0.750085730425504,0.35637752844216924,0.08818992899017411,4.041022966260421,0.7714285714285715,1.1681602107668505,-0.04061750114435159,0.11231422424316406
IWM,1d,7,0.1,0.25,10,30,0.2610493710002812,-0.07879357934839837,0.3407902627363425,0.09099118328336413,3.745310814071466,0.4857142857142857,0.577527714185722,-0.045905469960697665,0.1100931167602539
IWM,1d,7,0.1,0.25,12,26,0.3001683652355993,0.11244769692454826,0.3444110729881655,0.0765716853512495,4.497890720418176,0.6571428571428571,0.991576417539666,-0.041751267736980124,0.1044759750366211
IWM,1d,7,0.1,0.25,20,50,0.18090453529743633,-0.24817897295515523,0.24764382912946742,0.12053409096011894,2.0545542523019917,0.17142857142857143,0.3852038072132697,0.0,0.0999441146850586
IWM,1d,7,0.1,0.5,8,21,0.5450072451133129,0.08892180758388424,0.5724556091456225,0.06774953470672233,8.44958731633653,0.8285714285714286,1.3377026897026882,-0.05382346311104336,0.1070411205291748
IWM,1d,7,0.1,0.5,9,21,0.5543355484600225,0.9387145790306848,0.5550220112089267,0.06725631326234974,8.252340699138939,0.7714285714285715,1.2310081607400958,-0.05382346311104336,0.10738706588745117
IWM,1d,7,0.1,0.5,10,30,0.45720398264948625,-0.2140502691604309,0.5180147020223635,0.061662284934851784,8.400835333456472,0.4857142857142857,0.5872249897617476,-0.049552083807969605,0.10727334022521973
IWM,1d,7,0.1,0.5,12,26,0.48850149788837216,-0.009009871666073699,0.5299997241905668,0.05784789648743552,9.161953266627112,0.6571428571428571,1.0153339214506518,-0.049552083807969605,0.12286782264709473
IWM,1d,7,0.1,0.5,20,50,0.3589124749696931,-0.37982134237656384,0.41408079442894474,0.08263084995721878,5.011213059569526,0.17142857142857143,0.3856075971545163,0.0,0.11184048652648926
IWM,1d,7,0.1,0.75,8,21,0.7242002742054633,0.06232109992829171,0.7389507719058581,0.06211101338574896,11.897258338332094,0.8285714285714286,1.384416420470673,-0.06702942507773524,0.11895346641540527
IWM,1d,7,0.1,0.75,9,21,0.7057534932967764,1.0709588251989386,0.7208902784983345,0.06229613549285825,11.571990345708986,0.7714285714285715,1.2772775515046864,-0.06702942507773524,0.12080836296081543
IWM,1d,7,0.1,0.75,10,30,0.6162564124804337,-0.3346500241782946,0.6669922890969251,0.05110650119747506,13.051026258277256,0.4857142857142857,0.5926777905994298,-0.0620463865625559,0.11901092529296875
IWM,1d,7,0.1,0.75,12,26,0.645839162243472,-0.12290920122354276,0.6857596607677415,0.056649180612521284,12.105376518299837,0.6571428571428571,1.0307617452277476,-0.0620463865625559,0.11376810073852539
IWM,1d,7,0.1,0.75,20,50,0.4987670762754633,-0.49220829586371506,0.5466509385079481,0.06892590875947319,7.930993560281732,0.17142857142857143,0.38588717434882996,0.0,0.10726714134216309
IWM,1d,7,0.1,1.0,8,21,0.8671380194491656,0.007747682289712898,0.8739497818925586,0.061664653296773383,14.172621350622078,0.8285714285714286,1.4205913027044423,-0.08023538704442745,0.12045454978942871
IWM,1d,7,0.1,1.0,9,21,0.8293399580946544,1.1500404441443113,0.8550432216782173,0.061187090428483144,13.97424220845427,0.7714285714285715,1.3132816864307362,-0.08023538704442745,0.11828041076660156
IWM,1d,7,0.1,1.0,10,30,0.7440623140717808,-0.44114689106939586,0.7876982626157842,0.046262944180003075,17.02654849529146,0.4857142857142857,0.5966177808029123,-0.07454068931714208,0.12715649604797363
IWM,1d,7,0.1,1.0,12,26,0.7731962933819405,-0.2288098211106191,0.8118835253027026,0.059145365894615484,13.726916944757889,0.6571428571428571,1.042256936627217,-0.07454068931714208,0.11651182174682617
IWM,1d,7,0.1,1.0,20,50,0.6102955954660763,-0.587490970990628,0.6526583199142981,0.06195323301903436,10.53469347941498,0.17142857142857143,0.38609203146247545,0.0,0.10589766502380371
IWM,1d,7,0.25,0.0,8,21,0.1199430416218304,0.07015059526961909,0.2544988299297645,0.247957191543033,1.0263821280843803,0.37142857142857144,0.32889427823446976,-0.04921680631211445,0.11366510391235352
IWM,1d,7,0.25,0.0,9,21,0.2244583151542464,0.2514430709285709,0.2258952994047773,0.24836978766597181,0.9095119882639668,0.37142857142857144,0.3279295240170914,-0.0736961399016941,0.11147809028625488
IWM,1d,7,0.25,0.0,10,30,0.15197187736991657,0.12198093905784724,0.2563358107422169,0.3438002472680458,0.7455951901697244,0.17142857142857143,-0.06049886649036551,-0.045905469960697665,0.12268710136413574
IWM,1d,7,0.25,0.0,12,26,0.15763081708826235,0.13125367139708133,0.2983618019121907,0.23458611940123367,1.2718646894954417,0.2857142857142857,0.14687397618066028,-0.041751267736980124,0.10797309875488281
IWM,1d,7,0.25,0.0,20,50,0.13886932887945225,0.10028427771592008,0.08839826786186089,0.3227156763650097,0.27391996836830895,0.02857142857142857,0.10169659102129613,0.0,0.10196423530578613
IWM,1d,7,0.25,0.25,8,21,0.3325799061525387,0.14985859319086892,0.37639663018960096,0.07431122074994972,5.065138567110076,0.8285714285714286,1.2731980356062738,-0.04921680631211445,0.10865306854248047
IWM,1d,7,0.25,0.25,9,21,0.35939049913708904,0.3904632505426191,0.3572827791208685,0.08641407587292083,4.134543770927816,0.7714285714285715,1.1681602107668505,-0.04061750114435159,0.11491918563842773
IWM,1d,7,0.25,0.25,10,30,0.2806412480075202,-0.023469041041970784,0.36497686223478415,0.0935020817108761,3.9034089461596477,0.4857142857142857,0.577527714185722,-0.045905469960697665,0.1150357723236084
IWM,1d,7,0.25,0.25,12,26,0.3331611186645363,0.23586793666026384,0.3624606688526414,0.0814426185230856,4.450503623602167,0.6571428571428571,0.991576417539666,-0.041751267736980124,0.12254452705383301
IWM,1d,7,0.25,0.25,20,50,0.23087116292436413,-0.03494992866733693,0.2543867721777385,0.11652337254677243,2.1831394562119093,0.17142857142857143,0.3852038072132697,0.0,0.10291719436645508
IWM,1d,7,0.25,0.5,8,21,0.5582180125201749,0.17573484996381006,0.586105741557703,0.05651789859924836,10.370267757363111,0.8285714285714286,1.3377026897026882,-0.05382346311104336,0.10651874542236328
IWM,1d,7,0.25,0.5,9,21,0.569836538852056,0.46951035759563897,0.5659559477715919,0.06935847598802898,8.159867120916466,0.7714285714285715,1.2310081607400958,-0.05382346311104336,0.1076970100402832
IWM,1d,7,0.25,0.5,10,30,0.4806966199275052,-0.15634779284364497,0.5476012929748888,0.05791200515896399,9.455747413196374,0.4857142857142857,0.5872249897617476,-0.049552083807969605,0.1211693286895752
IWM,1d,7,0.25,0.5,12,26,0.5445341699306853,0.28668257047528223,0.5473480401222283,0.0636905578413295,8.593864752854278,0.6571428571428571,1.0153339214506518,-0.049552083807969605,0.11911773681640625
IWM,1d,7,0.25,0.5,20,50,0.3921632379124425,-0.1573073815079502,0.4226181438187484,0.08057411078025051,5.245086042232019,0.17142857142857143,0.3856075971545163,0.0,0.09889388084411621
IWM,1d,7,0.25,0.75,8,21,0.7387751306004667,0.1592574048678066,0.7613598437095959,0.054345897986125505,14.009518140706238,0.8285714285714286,1.384416420470673,-0.06702942507773524,0.15926814079284668
IWM,1d,7,0.25,0.75,9,21,0.7433138479517292,0.49701121651143887,0.7385834656389794,0.06679204378727209,11.057955764781134,0.7714285714285715,1.2772775515046864,-0.06702942507773524,0.1150200366973877
IWM,1d,7,0.25,0.75,10,30,0.6440528200303285,-0.2765284527031836,0.7017266309588195,0.04741994185022982,14.798133518913597,0.4857142857142857,0.5926777905994298,-0.0620463865625559,0.1121053695678711
IWM,1d,7,0.25,0.75,12,26,0.7157154825362494,0.29278041194530036,0.7048348090272181,0.0613088818151424,11.496455132755889,0.6571428571428571,1.0307617452277476,-0.0620463865625559,0.1154165267944336
IWM,1d,7,0.25,0.75,20,50,0.5256180607119436,-0.26745383767777897,0.5572982805819169,0.06883376671491051,8.096292084233667,0.17142857142857143,0.38588717434882996,0.0,0.09470605850219727
IWM,1d,7,0.25,1.0,8,21,0.8830850798811782,0.1108011673167868,0.9030820821793298,0.05581751370923205,16.179188612443745,0.8285714285714286,1.4205913027044423,-0.08023538704442745,0.11591410636901855
IWM,1d,7,0.25,1.0,9,21,0.8830644705227778,0.4815907439223339,0.87782644233933,0.06723781028715604,13.055547743008741,0.7714285714285715,1.3132816864307362,-0.08023538704442745,0.10807681083679199
IWM,1d,7,0.25,1.0,10,30,0.775516054073448,-0.38418070618903233,0.8266628677822336,0.04431462945873879,18.654400993061145,0.4857142857142857,0.5966177808029123,-0.07454068931714208,0.10165119171142578
IWM,1d,7,0.25,1.0,12,26,0.8529680503480004,0.26291444669178143,0.8328082440031004,0.062258549551001206,13.376608514158802,0.6571428571428571,1.042256936627217,-0.07454068931714208,0.11214900016784668
IWM,1d,7,0.25,1.0,20,50,0.6334736595456945,-0.3661111264813668,0.6651173786711928,0.06335177687662885,10.498795952739279,0.17142857142857143,0.38609203146247545,0.0,0.10218596458435059
IWM,1d,7,0.4,0.0,8,21,0.06210001935370663,-0.016894748340710808,0.2472984444449044,0.2662278511275891,0.928897721998241,0.37142857142857144,0.32889427823446976,-0.04921680631211445,0.1183173656463623
IWM,1d,7,0.4,0.0,9,21,0.21718353255211492,0.2380386764663489,0.16023745816328935,0.27271671957878857,0.5875600821642926,0.37142857142857144,0.3279295240170914,-0.0736961399016941,0.10752630233764648
IWM,1d,7,0.4,0.0,10,30,0.09894737801306952,0.03567823824531802,0.23057141374188816,0.3519992474237001,0.6550338258659691,0.17142857142857143,-0.06049886649036551,-0.045905469960697665,0.10882854461669922
IWM,1d,7,0.4,0.0,12,26,0.21032419144109474,0.22049417911966063,0.313753151455519,0.25330158455443236,1.2386545153573492,0.2857142857142857,0.14687397618066028,-0.041751267736980124,0.11069488525390625
IWM,1d,7,0.4,0.0,20,50,0.08996895751724789,0.02456539254233947,0.08826067770211837,0.30244906740804944,0.2918199697506139,0.02857142857142857,0.10169659102129613,0.0,0.10534906387329102
IWM,1d,7,0.4,0.25,8,21,0.32604867522735276,0.03578715613358541,0.37540011222134073,0.07387128504111129,5.0818137522911755,0.8285714285714286,1.2731980356062738,-0.04921680631211445,0.10699772834777832
IWM,1d,7,0.4,0.25,9,21,0.36286798720105135,0.37230797498997914,0.3486322874022236,0.08634669240635776,4.037587053844735,0.7714285714285715,1.1681602107668505,-0.04061750114435159,0.10835862159729004
IWM,1d,7,0.4,0.25,10,30,0.2724169904402566,-0.11705308848986451,0.36240772484457473,0.0926647277413389,3.9109565600428575,0.4857142857142857,0.577527714185722,-0.045905469960697665,0.10480594635009766
IWM,1d,7,0.4,0.25,12,26,0.3477847162532619,0.3547814054888152,0.37048874153642,0.08581854908693899,4.317117283829795,0.6571428571428571,0.991576417539666,-0.041751267736980124,0.1075587272644043
IWM,1d,7,0.4,0.25,20,50,0.21140307237601433,-0.11738968270499694,0.24623861943209174,0.10348952967784092,2.3793577978238325,0.17142857142857143,0.3852038072132697,0.0,0.11503815650939941
IWM,1d,7,0.4,0.5,8,21,0.5677443439961284,0.0391445926313676,0.5950439094585394,0.05472624737185588,10.873099071005427,0.8285714285714286,1.3377026897026882,-0.05382346311104336,0.10169816017150879
IWM,1d,7,0.4,0.5,9,21,0.5810240709302549,0.4471105929080572,0.5721408055418974,0.07072837376169178,8.089268494559716,0.7714285714285715,1.2310081607400958,-0.05382346311104336,0.11521267890930176
IWM,1d,7,0.4,0.5,10,30,0.48579702010705084,-0.25274710185439764,0.5560194988140104,0.058442007623427196,9.514038299244243,0.4857142857142857,0.5872249897617476,-0.049552083807969605,0.11242294311523438
IWM,1d,7,0.4,0.5,12,26,0.5536478617461853,0.43165000741742254,0.5595750092063484,0.06753008600885158,8.286306774924018,0.6571428571428571,1.0153339214506518,-0.049552083807969605,0.11072039604187012
IWM,1d,7,0.4,0.5,20,50,0.3795171925862866,-0.24308675082305709,0.4171171850659848,0.07110275406647469,5.866399839815173,0.17142857142857143,0.3856075971545163,0.0,0.10253119468688965
IWM,1d,7,0.4,0.75,8,21,0.7583360935273594,0.005909260205742672,0.7774368603139755,0.051308402035793656,15.15223295731607,0.8285714285714286,1.384416420470673,-0.06702942507773524,0.11457657814025879
IWM,1d,7,0.4,0.75,9,21,0.7601639871706024,0.4711819754681952,0.753349338303793,0.06914605546987022,10.895044311414962,0.7714285714285715,1.2772775515046864,-0.06702942507773524,0.10867500305175781
IWM,1d,7,0.4,0.75,10,30,0.6569906329744449,-0.37220769686427846,0.7173736463725648,0.05147013998618597,13.937666510429157,0.4857142857142857,0.5926777905994298,-0.0620463865625559,0.10897636413574219
IWM,1d,7,0.4,0.75,12,26,0.7228507190296868,0.4585934617322467,0.7207887425228934,0.0660387654135953,10.914630793120578,0.6571428571428571,1.0307617452277476,-0.0620463865625559,0.10393881797790527
IWM,1d,7,0.4,0.75,20,50,0.5156914631187248,-0.3538310981578183,0.5543779364046473,0.061416845984443774,9.026480072667118,0.17142857142857143,0.38588717434882996,0.0,0.10156416893005371
IWM,1d,7,0.4,1.0,8,21,0.9100558616134617,-0.053101246999004204,0.9246967613844893,0.05145396050919529,17.97134277388108,0.8285714285714286,1.4205913027044423,-0.08023538704442745,0.10982346534729004
IWM,1d,7,0.4,1.0,9,21,0.9043149888477726,0.45333200493112935,0.8987458068366607,0.07017259373831992,12.807646959554706,0.7714285714285715,1.3132816864307362,-0.08023538704442745,0.11316108703613281
IWM,1d,7,0.4,1.0,10,30,0.7941096057726679,-0.4764448004159564,0.8477362294231806,0.05213767179276445,16.259572019110134,0.4857142857142857,0.5966177808029123,-0.07454068931714208,0.10071206092834473
IWM,1d,7,0.4,1.0,12,26,0.8590173003286156,0.4435393375523513,0.8517962817872204,0.06806912570896624,12.513695055069874,0.6571428571428571,1.042256936627217,-0.07454068931714208,0.11378264427185059
IWM,1d,7,0.4,1.0,20,50,0.6251305388243223,-0.4509168179401284,0.6643839843652188,0.057528075722256745,11.548865071949185,0.17142857142857143,0.38609203146247545,0.0,0.0997762680053711
IWM,1d,7,0.55,0.0,8,21,0.010359111223800756,-0.08798243564933539,0.22972572815889233,0.2975487648023824,0.7720607689682903,0.37142857142857144,0.4136668290016697,-0.041666123643022135,0.10839581489562988
IWM,1d,7,0.55,0.0,9,21,0.18454063824357897,0.17805936907817665,0.2228451244006593,0.22847931569731456,0.975340475441027,0.37142857142857144,0.3856225733691052,-0.04417833565199336,0.1062307357788086
IWM,1d,7,0.55,0.0,10,30,0.11544795450058047,0.061673033897267526,0.24603325211572372,0.3171966314197198,0.7756490067833302,0.17142857142857143,-0.06120285939916652,-0.0772385374259188,0.10620570182800293
IWM,1d,7,0.55,0.0,12,26,0.06069408545705947,-0.01848731645726509,0.29309502195279546,0.29812986395599145,0.9831119166111477,0.2857142857142857,0.16905903411808992,-0.04416363962008585,0.10353207588195801
IWM,1d,7,0.55,0.0,20,50,0.08301541990666476,0.014882782936644023,0.15548967932870017,0.31412354747459836,0.49499529907503625,0.02857142857142857,0.10169659102129613,0.0,0.09838628768920898
IWM,1d,7,0.55,0.25,8,21,0.3257670850112907,-0.05820905035142121,0.3796152931216601,0.07870765113569564,4.823105348007219,0.9142857142857143,1.5657889783856818,-0.03929356605647705,0.11014628410339355
IWM,1d,7,0.55,0.25,9,21,0.3690452678109484,0.286554926196249,0.3721507336160947,0.0743136533712376,5.007837950813654,0.8571428571428571,1.411409201294004,-0.03929356605647705,0.10737848281860352
IWM,1d,7,0.55,0.25,10,30,0.28583202480001374,-0.08707931346995812,0.3757805002819518,0.08584560738234208,4.377399283906139,0.6571428571428571,1.1223091529013671,-0.026973150682178093,0.1060340404510498
IWM,1d,7,0.55,0.25,12,26,0.3140535683051395,0.03220494077058844,0.3718084141955857,0.08608939719737982,4.3188641842052755,0.7714285714285715,1.3444866181662822,-0.026973150682178093,0.10439515113830566
IWM,1d,7,0.55,0.25,20,50,0.21840562936986946,-0.1315158773506374,0.26890096165303723,0.11184338012827905,2.4042635455457497,0.2,0.44073992237429077,0.0,0.09758567810058594
IWM,1d,7,0.55,0.5,8,21,0.5847199681756566,-0.07443087023556616,0.613371817065869,0.059896458014639345,10.240535707736745,0.9142857142857143,1.6294186428174617,-0.05289474360797919,0.10661816596984863
IWM,1d,7,0.55,0.5,9,21,0.6069251249824958,0.3356296563415724,0.5952818872425681,0.06468739670354223,9.20244000497814,0.8571428571428571,1.4724409245243915,-0.05289474360797919,0.11136078834533691
IWM,1d,7,0.55,0.5,10,30,0.5044900099467368,-0.21992051063498408,0.5740932731569444,0.05882526026301559,9.759298481470319,0.6571428571428571,1.1551007506717414,-0.03745133421363778,0.10497546195983887
IWM,1d,7,0.55,0.5,12,26,0.5462009703725547,0.03353437533853598,0.5729342353247868,0.06439502432618237,8.897181751538488,0.7714285714285715,1.3805044553557706,-0.03745133421363778,0.10658884048461914
IWM,1d,7,0.55,0.5,20,50,0.39612105679114534,-0.2604771220379327,0.43235834708325943,0.0746842578109271,5.789149678340927,0.2,0.44141298206955254,0.0,0.10239148139953613
IWM,1d,7,0.55,0.75,8,21,0.7866991549775376,-0.122783579773169,0.8056380990416802,0.057794160891888456,13.93978364957546,0.9142857142857143,1.6755761198137626,-0.06649592115948122,0.10940217971801758
IWM,1d,7,0.55,0.75,9,21,0.7997281204863443,0.3358406883668623,0.7789223930478935,0.06509431206201703,11.966059220439936,0.8571428571428571,1.5179693413105033,-0.06649592115948122,0.10475754737854004
IWM,1d,7,0.55,0.75,10,30,0.6804438967135463,-0.337608130157364,0.7395435498043482,0.0555085512792426,13.323056227570836,0.6571428571428571,1.1713157916006687,-0.04792951774509768,0.10219216346740723
IWM,1d,7,0.55,0.75,12,26,0.7293221054291494,-0.0021576391098724335,0.7423558415983083,0.06257138276779814,11.864143139575233,0.7714285714285715,1.4032128788592253,-0.04792951774509768,0.10684370994567871
IWM,1d,7,0.55,0.75,20,50,0.5392692605652275,-0.37344508860023296,0.5677046318586857,0.06262593614213137,9.065008314929834,0.2,0.44188458445722967,0.0,0.09534883499145508
IWM,1d,7,0.55,1.0,8,21,0.9470277648468995,-0.1919645870098411,0.9604734656346061,0.058944808233107195,16.29445398882717,0.9142857142857143,1.7113515280149094,-0.08009709871098336,0.10639262199401855
IWM,1d,7,0.55,1.0,9,21,0.9543467497405257,0.2974212107030838,0.9268013221432149,0.06692949060010392,13.847428298547007,0.8571428571428571,1.5535154542626763,-0.08009709871098336,0.10814666748046875
IWM,1d,7,0.55,1.0,10,30,0.8214494717001265,-0.44106568521915424,0.8731943665868418,0.05802250827931877,15.04923507241893,0.6571428571428571,1.1823270408957332,-0.05840770127655781,0.1070559024810791
IWM,1d,7,0.55,1.0,12,26,0.8751367974320488,-0.06407856455020067,0.8796015642138938,0.06486232210565938,13.561055720161251,0.7714285714285715,1.4200607729927048,-0.05840770127655781,0.10640120506286621
IWM,1d,7,0.55,1.0,20,50,0.6541232214016096,-0.4718562929102047,0.6770632304159242,0.05755367303337973,11.764031637446388,0.2,0.44223327615518676,0.0,0.09595990180969238
IWM,1d,7,0.7,0.0,8,21,-0.027210928188968947,-0.13653918477301374,0.2549628317592688,0.25256719937606825,1.0094851286672166,0.4,0.46449277849789883,-0.041666123643022135,0.10700249671936035
IWM,1d,7,0.7,0.0,9,21,0.11074282598815378,0.05527044148128124,0.260169938329085,0.21268672872119906,1.2232542194493454,0.4,0.4182008193179552,-0.04417833565199336,0.11308002471923828
IWM,1d,7,0.7,0.0,10,30,0.22273845590718006,0.24456852145619057,0.2892858237716977,0.2854890552055676,1.0132991738103452,0.17142857142857143,-0.06120285939916652,-0.0772385374259188,0.10940289497375488
IWM,1d,7,0.7,0.0,12,26,0.10419321737414208,0.04740273036776155,0.2240984605155663,0.2641740290038631,0.8482986058871413,0.2857142857142857,0.10394408377629058,-0.06437543188838446,0.10743165016174316
IWM,1d,7,0.7,0.0,20,50,0.16792832078082767,0.148194044545366,0.19568739112379402,0.26166892587765817,0.7478434455579436,0.02857142857142857,0.10169659102129613,0.0,0.0990152359008789
IWM,1d,7,0.7,0.25,8,21,0.3348561222247002,-0.12403118306936256,0.3922311380197018,0.07272682671583217,5.393211222487115,0.9142857142857143,1.5567285748665596,-0.03929356605647705,0.11122250556945801
IWM,1d,7,0.7,0.25,9,21,0.3593202068122907,0.11955031467220012,0.3828630706872671,0.06365035233429277,6.01509742909927,0.8857142857142857,1.4975521172598352,-0.03929356605647705,0.10662269592285156
IWM,1d,7,0.7,0.25,10,30,0.3240060370368782,0.10911932510555089,0.38226441221310564,0.08056543918830303,4.744769172295471,0.6571428571428571,1.1223091529013671,-0.026973150682178093,0.10568642616271973
IWM,1d,7,0.7,0.25,12,26,0.33268644523193003,0.11892248602713495,0.3644564546562446,0.07591929590932858,4.800577380110582,0.7714285714285715,1.3177403982755445,-0.026973150682178093,0.10424304008483887
IWM,1d,7,0.7,0.25,20,50,0.24946969072654493,0.01283280418129995,0.28955305663112746,0.09044884862541601,3.201290685636914,0.2,0.44073992237429077,0.0,0.09882950782775879
IWM,1d,7,0.7,0.5,8,21,0.6146925258377498,-0.15538837951383178,0.629870340834153,0.057687049006654265,10.918747824342633,0.9142857142857143,1.623707783772981,-0.05289474360797919,0.11575627326965332
IWM,1d,7,0.7,0.5,9,21,0.616971936358285,0.128588222102908,0.6092447416734885,0.05299593102054474,11.496066394933317,0.8857142857142857,1.5579401163565367,-0.05289474360797919,0.11176466941833496
IWM,1d,7,0.7,0.5,10,30,0.5382848518011548,-0.01910644808245121,0.5809806866296263,0.05763417865860819,10.080488698746322,0.6571428571428571,1.1551007506717414,-0.03745133421363778,0.11602115631103516
IWM,1d,7,0.7,0.5,12,26,0.566909274489479,0.13801812172294636,0.5863221030988747,0.05822214867534526,10.070430522382258,0.7714285714285715,1.3665514487051493,-0.03745133421363778,0.10685920715332031
IWM,1d,7,0.7,0.5,20,50,0.4161596315219727,-0.11107966278898296,0.4510250359159187,0.06230842139039382,7.238588714838696,0.2,0.44141298206955254,0.0,0.10345602035522461
IWM,1d,7,0.7,0.75,8,21,0.8316311233576548,-0.21559150641917846,0.8260300214171794,0.056203061087441164,14.69724256000995,0.9142857142857143,1.6736866326147566,-0.06649592115948122,0.10907602310180664
IWM,1d,7,0.7,0.75,9,21,0.8221696006730359,0.0956628011335574,0.7972712891378352,0.05394072618358159,14.780507151950573,0.8857142857142857,1.603166698972848,-0.06649592115948122,0.10670709609985352
IWM,1d,7,0.7,0.75,10,30,0.715352492109433,-0.1390107592440073,0.7488703207746605,0.05624092069646233,13.315399383598036,0.6571428571428571,1.1713157916006687,-0.04792951774509768,0.10892915725708008
IWM,1d,7,0.7,0.75,12,26,0.7535230506522217,0.11604341430725928,0.7686894657479237,0.05725811931485373,13.424986271746313,0.7714285714285715,1.3977616326657116,-0.04792951774509768,0.10617947578430176
IWM,1d,7,0.7,0.75,20,50,0.55512234623284,-0.2237744915080626,0.5870408094322473,0.05460251761955905,10.751167437414363,0.2,0.44188458445722967,0.0,0.09964418411254883
IWM,1d,7,0.7,1.0,8,21,1.003564926495263,-0.29274391156642754,0.9840867587966343,0.05726588360999473,17.184520638827262,0.9142857142857143,1.7126424430634442,-0.08009709871098336,0.11456465721130371
IWM,1d,7,0.7,1.0,9,21,0.9859865993398101,0.03260324030523587,0.9490411915547199,0.05660464061292242,16.766137568905627,0.8857142857142857,1.6385312663928322,-0.08009709871098336,0.11532855033874512
IWM,1d,7,0.7,1.0,10,30,0.8581755535345322,-0.24986468502889403,0.8849046150203546,0.05947234947299241,14.879261082870244,0.6571428571428571,1.1823270408957332,-0.05840770127655781,0.11312103271484375
IWM,1d,7,0.7,1.0,12,26,0.902491068257138,0.0633785873674575,0.9154962995095355,0.05978714149857185,15.312595259825294,0.7714285714285715,1.420941604098685,-0.05840770127655781,0.10925841331481934
IWM,1d,7,0.7,1.0,20,50,0.6675996391541487,-0.3256201634705205,0.6973997772191731,0.052429363619704426,13.301702120165935,0.2,0.44223327615518676,0.0,0.09888958930969238
IWM,1d,7,0.85,0.0,8,21,0.1395630130305887,0.10157489910735773,0.3213139039904958,0.2062510686788859,1.5578775230045099,0.45714285714285713,0.26461806331977256,-0.0992273551102717,0.10648870468139648
IWM,1d,7,0.85,0.0,9,21,0.14940416512583138,0.11774014046371284,0.3186662273838858,0.17366124036997718,1.8349876270892815,0.42857142857142855,0.13065952581628568,-0.0992273551102717,0.10713982582092285
IWM,1d,7,0.85,0.0,10,30,0.210990942369303,0.2221681422617534,0.24733314260239334,0.25593785135149977,0.9663796945091607,0.2571428571428571,-0.1495223838306613,-0.07036580205689102,0.12457418441772461
IWM,1d,7,0.85,0.0,12,26,0.1813642486193927,0.16986643577324867,0.21139806612908685,0.26490848412346574,0.7980041365174272,0.3142857142857143,6.68883795038092e-05,-0.06640034761868974,0.13730120658874512
IWM,1d,7,0.85,0.0,20,50,0.10995740169995474,0.054945179723987714,0.20045080348231603,0.2536963183549804,0.7901210580511402,0.02857142857142857,-0.02618607926190946,-0.021218842725278075,0.10276508331298828
IWM,1d,7,0.85,0.25,8,21,0.39125108678129134,0.1789172153329921,0.43089392068623544,0.05939450357939777,7.254777710368811,0.9142857142857143,1.374108416936199,-0.046445210550836835,0.11532974243164062
IWM,1d,7,0.85,0.25,9,21,0.37897270624828183,0.20024593290452253,0.413017339600264,0.060565135366653436,6.819391009363899,0.9142857142857143,1.3431587067982904,-0.046445210550836835,0.11212754249572754
IWM,1d,7,0.85,0.25,10,30,0.3688524629165153,0.3540882519668853,0.3772805381137518,0.07295984649362365,5.171070886870964,0.6857142857142857,1.0373676988530809,-0.042914849050765924,0.1089012622833252
IWM,1d,7,0.85,0.25,12,26,0.36357393222630335,0.285477689777055,0.37822548052760874,0.071880270452086,5.261881711751857,0.8,1.2355453098419296,-0.042914849050765924,0.10176229476928711
IWM,1d,7,0.85,0.25,20,50,0.2832745637592196,0.1367053700864156,0.29811284047013126,0.07990265421964109,3.7309504093651413,0.2571428571428571,0.45237916254786603,-0.005465914599649846,0.09500336647033691
IWM,1d,7,0.85,0.5,8,21,0.6692245613006793,0.19934596560295992,0.6763630406775136,0.04896839310933427,13.812236786438199,0.9142857142857143,1.4830640884919857,-0.0574575133885854,0.10431861877441406
IWM,1d,7,0.85,0.5,9,21,0.6420328519455025,0.22369048867103647,0.64694832478572,0.05441290998292969,11.88961084765875,0.9142857142857143,1.4527108406448157,-0.0574575133885854,0.11192202568054199
IWM,1d,7,0.85,0.5,10,30,0.5985714048449556,0.4288650216461811,0.5968438747518305,0.05884036281675238,10.143443143112362,0.6857142857142857,1.1035515060012588,-0.053221362045666076,0.10743522644042969
IWM,1d,7,0.85,0.5,12,26,0.5996531972590151,0.34659971691276903,0.6135264147844399,0.06299690127513884,9.738993543585018,0.8,1.3131166795276745,-0.053221362045666076,0.11015009880065918
IWM,1d,7,0.85,0.5,20,50,0.4673853030672064,0.16903458091481882,0.4645879019756176,0.05970221501673304,7.781753186969784,0.2571428571428571,0.4674868884089595,-0.010431829199299525,0.10151505470275879
IWM,1d,7,0.85,0.75,8,21,0.8912325116748493,0.17564931006186701,0.8811332218491437,0.049040577030539434,17.967431771865744,0.9142857142857143,1.5595143645356777,-0.06846981622633463,0.10912585258483887
IWM,1d,7,0.85,0.75,9,21,0.8528839074078397,0.20144051555673093,0.8429617648995664,0.0577143586892984,14.60575468641344,0.9142857142857143,1.5254685367717442,-0.06846981622633463,0.1069951057434082
IWM,1d,7,0.85,0.75,10,30,0.7861398220245093,0.4545367047976079,0.7788588757283078,0.06040087193531406,12.894828348875857,0.6857142857142857,1.1420005442814432,-0.0635278750405669,0.10489130020141602
IWM,1d,7,0.85,0.75,12,26,0.7908556012661311,0.36208799246807,0.8060034163530853,0.06726039277651209,11.983329015505669,0.8,1.361893748416741,-0.0635278750405669,0.11005568504333496
IWM,1d,7,0.85,0.75,20,50,0.6154470627965635,0.16212645586688446,0.6049898457769161,0.05843701164247058,10.352853932339421,0.2571428571428571,0.4784213431004842,-0.015397743798949204,0.09791421890258789
IWM,1d,7,0.85,1.0,8,21,1.0685417081037694,0.11941749260287327,1.0464936102652904,0.050739834330120054,20.624695056287827,0.9142857142857143,1.6182750643812416,-0.07948211906408353,0.10576772689819336
IWM,1d,7,0.85,1.0,9,21,1.0214418116688364,0.14551643914327594,1.0014647585344385,0.06190673369810615,16.176992367553634,0.9142857142857143,1.5804979881236563,-0.07948211906408353,0.11426830291748047
IWM,1d,7,0.85,1.0,10,30,0.936784132416474,0.4393906469019775,0.9256537708784082,0.06438106330330792,14.377733503989017,0.6857142857142857,1.1697635657186067,-0.07383438803546694,0.11122369766235352
IWM,1d,7,0.85,1.0,12,26,0.9440993671766702,0.3405587558264678,0.9607353740239215,0.07278630789215605,13.199396999878006,0.8,1.3980117539399606,-0.07383438803546694,0.10176634788513184
IWM,1d,7,0.85,1.0,20,50,0.733941500578716,0.12510245624636163,0.7189180750951807,0.06102533892729239,11.780648624528306,0.2571428571428571,0.48682437607487156,-0.020363658398598883,0.10213398933410645
IWM,1d,7,1.0,0.0,8,21,0.2723472423470379,0.3393163130547996,0.34937854079268915,0.20213932108660032,1.728404641484913,0.42857142857142855,0.1203452952572481,-0.0992273551102717,0.14322590827941895
IWM,1d,7,1.0,0.0,9,21,0.2362328181898541,0.2703061630014658,0.31080026338818695,0.18109413304032296,1.7162359606591078,0.42857142857142855,0.03264509893085053,-0.0992273551102717,0.10224580764770508
IWM,1d,7,1.0,0.0,10,30,0.19435066679363205,0.19396479762555674,0.24598386418547707,0.21418914598980174,1.1484422473825504,0.22857142857142856,-0.3038230340963528,-0.06640034761868974,0.10098099708557129
IWM,1d,7,1.0,0.0,12,26,0.15718399531496605,0.13055677165453794,0.20108036433629178,0.20880508123972613,0.9630051296761035,0.2857142857142857,-0.0894318909989807,-0.06640034761868974,0.1005859375
IWM,1d,7,1.0,0.0,20,50,0.16597225014747893,0.14502975888439096,0.22770326540313984,0.25696381444057564,0.886129690668168,0.02857142857142857,-0.04545003749784971,-0.027928886345266912,0.09739804267883301
IWM,1d,7,1.0,0.25,8,21,0.42887317693087357,0.5002844550742236,0.44417280781052204,0.06252290183710944,7.10416175128472,0.8857142857142857,1.333097226125217,-0.04881809529723835,0.11136484146118164
IWM,1d,7,1.0,0.25,9,21,0.4062041922104327,0.4037939370406136,0.4198551281646985,0.05663229168083624,7.413705426771083,0.8857142857142857,1.2937518352174409,-0.04881809529723835,0.11764669418334961
IWM,1d,7,1.0,0.25,10,30,0.3708500507949881,0.3170895569576231,0.3855408776737353,0.05517198291928353,6.987982981104388,0.6857142857142857,1.0088180792985326,-0.04546135089472725,0.1015620231628418
IWM,1d,7,1.0,0.25,12,26,0.3669534270538368,0.22968323666606527,0.3870135041891539,0.05457605241670763,7.091269651277959,0.8,1.1986785006013216,-0.04546135089472725,0.10181283950805664
IWM,1d,7,1.0,0.25,20,50,0.3067921124480661,0.2599224640315272,0.3117796751027349,0.08398181892131115,3.712466330300188,0.2571428571428571,0.4512284881725798,-0.005465914599649846,0.10242271423339844
IWM,1d,7,1.0,0.5,8,21,0.7002013775992005,0.5942643298970525,0.6984741012763116,0.049980764860710555,13.974858192403854,0.9142857142857143,1.462250531588647,-0.06030478523450267,0.1050715446472168
IWM,1d,7,1.0,0.5,9,21,0.6668339008306893,0.4713474597275351,0.6661552976927059,0.05067815556668377,13.144821279380611,0.9142857142857143,1.4264048885312206,-0.06030478523450267,0.10324621200561523
IWM,1d,7,1.0,0.5,10,30,0.6087202142773656,0.3846692185766041,0.6180859715497429,0.05190619135983039,11.907750411987895,0.6857142857142857,1.089469811662529,-0.056276960517898544,0.10386371612548828
IWM,1d,7,1.0,0.5,12,26,0.6145575348345725,0.2743969551391794,0.6365568072532721,0.05261568020117697,12.098233926072725,0.8,1.2962246748024604,-0.056276960517898544,0.10904407501220703
IWM,1d,7,1.0,0.5,20,50,0.4879670961192129,0.3235385397139201,0.47860914042167557,0.06482907192332077,7.382631375438631,0.2571428571428571,0.4668120726479901,-0.010431829199299525,0.1029045581817627
IWM,1d,7,1.0,0.75,8,21,0.9219855191513108,0.6302577788886472,0.9110221080606025,0.04849553334417232,18.78569107787902,0.9142857142857143,1.551348808308471,-0.07179147517176698,0.11023855209350586
IWM,1d,7,1.0,0.75,9,21,0.879161083748555,0.483706917296983,0.8711504544969078,0.05394513303700466,16.148823915205213,0.9142857142857143,1.5154917917660762,-0.07179147517176698,0.11073446273803711
IWM,1d,7,1.0,0.75,10,30,0.8018950760977699,0.4052671508632697,0.8095963373119097,0.05772301011480508,14.025539134250042,0.6857142857142857,1.1387319217537217,-0.06709257014106929,0.10880208015441895
IWM,1d,7,1.0,0.75,12,26,0.8137203789350056,0.27465773844974106,0.839383679972365,0.058194923178950385,14.42365818391487,0.8,1.359091089942704,-0.06709257014106929,0.10645508766174316
IWM,1d,7,1.0,0.75,20,50,0.6364660224016078,0.3442806668094933,0.6205447915077563,0.06395177040262293,9.703324671091595,0.2571428571428571,0.4779236252538557,-0.015397743798949204,0.09571957588195801
IWM,1d,7,1.0,1.0,8,21,1.1001444090659114,0.6179011018532141,1.0827428893687547,0.049151756809760465,22.02856946821778,0.9142857142857143,1.6193751657363011,-0.08327816510903174,0.10637497901916504
IWM,1d,7,1.0,1.0,9,21,1.049583790863375,0.4517220606233854,1.0366144499329446,0.05803799052447104,17.860963837055458,0.9142857142857143,1.582889871951822,-0.08327816510903174,0.10422158241271973
IWM,1d,7,1.0,1.0,10,30,0.9568077304314346,0.38739855833227943,0.9637599223078887,0.06376095136466052,15.115206120372479,0.6857142857142857,1.1748720311740228,-0.07790817976424058,0.1017453670501709
IWM,1d,7,1.0,1.0,12,26,0.9730642850478229,0.23993381854825246,1.002149297335917,0.06380514863687022,15.70640173631409,0.8,1.405968423409881,-0.07790817976424058,0.10356974601745605
IWM,1d,7,1.0,1.0,20,50,0.7558797837055193,0.3300876499901497,0.7359255555907409,0.06667406053083647,11.037659169571329,0.2571428571428571,0.4864239419989758,-0.020363658398598883,0.0952298641204834
IWM,1d,10,0.0,0.0,8,21,-0.022648092586033328,-0.15163727557931872,0.2603905662550442,0.25712336284275183,1.0127067543616814,0.34285714285714286,0.34302938030297464,-0.04486291191731373,0.10076260566711426
IWM,1d,10,0.0,0.0,9,21,0.18438450830508604,0.17955015904269822,0.2108396310513323,0.27352699359190835,0.7708183689025473,0.3142857142857143,0.39415182910719515,-0.024275544709745245,0.10320258140563965
IWM,1d,10,0.0,0.0,10,30,0.08291204768146097,0.005801406869658576,0.08939516944922991,0.3312086462718832,0.26990590510081985,0.2,0.06554178968148722,-0.03623202793172997,0.09796857833862305
IWM,1d,10,0.0,0.0,12,26,0.2410960180204974,0.28364729000012834,0.16987819605588061,0.3075649434527366,0.5523327663706438,0.2857142857142857,0.23784696224439814,-0.032536989028501995,0.10535144805908203
IWM,1d,10,0.0,0.0,20,50,-0.08242767847746527,-0.23411324482712048,0.02160606875086027,0.3279058932037516,0.06589106569498238,0.02857142857142857,0.09522221987165191,0.0,0.10459280014038086
IWM,1d,10,0.0,0.25,8,21,0.22146655752788685,-0.3088346144375892,0.34496897134020527,0.11614820024844212,2.97007590821307,0.7714285714285715,1.2176286962731275,-0.02311370790584133,0.1048123836517334
IWM,1d,10,0.0,0.25,9,21,0.32307976777628994,0.30007964001933063,0.32131725620757884,0.11886777654720641,2.7031485364746675,0.7428571428571429,1.171761323196095,-0.024275544709745245,0.10678887367248535
IWM,1d,10,0.0,0.25,10,30,0.2233114132400529,-0.14254052885166257,0.2655416822670268,0.11826750738387691,2.245263201541249,0.4857142857142857,0.6125778156346455,-0.03623202793172997,0.11296820640563965
IWM,1d,10,0.0,0.25,12,26,0.2873391576308257,0.15694837024721853,0.2856994594414027,0.10280739976031225,2.778977584371257,0.6285714285714286,0.9848586374181585,-0.02317951994138301,0.12812471389770508
IWM,1d,10,0.0,0.25,20,50,0.12209836168062539,-0.3930559283324401,0.19846657390761172,0.13820443918978254,1.436036172724359,0.14285714285714285,0.319514487329683,0.0,0.13367199897766113
IWM,1d,10,0.0,0.5,8,21,0.4421754769163623,-0.44063272825433875,0.5161472722929938,0.08493608381874007,6.076890399073386,0.7714285714285715,1.2551624097693228,-0.034893733120522796,0.11649250984191895
IWM,1d,10,0.0,0.5,9,21,0.5089171516940846,0.36790180403721773,0.49540658035405816,0.08401989284912748,5.896301025325609,0.7428571428571429,1.1931050771794127,-0.03928793172231537,0.1151282787322998
IWM,1d,10,0.0,0.5,10,30,0.4042810050312357,-0.27327184585413367,0.44581813882673027,0.08135349120425868,5.480012378416436,0.4857142857142857,0.6181652924979146,-0.03623202793172997,0.11127424240112305
IWM,1d,10,0.0,0.5,12,26,0.45232204921339875,0.036224520861252385,0.4603697721193455,0.06205398229472106,7.418859436495975,0.6285714285714286,1.0041734799375488,-0.028278794491023995,0.11260461807250977
IWM,1d,10,0.0,0.5,20,50,0.3053744641440688,-0.5243153039787845,0.3563869979661162,0.09331411152234231,3.819218681418684,0.14285714285714285,0.3202430807387768,0.0,0.10474634170532227
IWM,1d,10,0.0,0.75,8,21,0.6133441223230398,-0.550370372126123,0.6615958511478612,0.07378843662784804,8.96611828875871,0.7714285714285715,1.2792904360157222,-0.04758073014930497,0.11155533790588379
IWM,1d,10,0.0,0.75,9,21,0.6617468365117092,0.39132822613455387,0.6410242321269356,0.07171757538462518,8.938174899096747,0.7428571428571429,1.2095462462443252,-0.05575409407347853,0.11353588104248047
IWM,1d,10,0.0,0.75,10,30,0.5500862014476897,-0.3877417964426667,0.5903694104148787,0.07120676658778793,8.290917263979908,0.4857142857142857,0.6223453832841314,-0.037658322205056605,0.10964131355285645
IWM,1d,10,0.0,0.75,12,26,0.5933444148931483,-0.07775944210708186,0.6049663703701966,0.05166699144869327,11.70895291960138,0.6285714285714286,1.0152028951410559,-0.037658322205056605,0.11079788208007812
IWM,1d,10,0.0,0.75,20,50,0.44386660206005774,-0.631803858981355,0.4790637202531379,0.07621825339135507,6.285419816606227,0.14285714285714285,0.32075992475172155,0.0,0.09797883033752441
IWM,1d,10,0.0,1.0,8,21,0.7492569785893711,-0.6410996692161715,0.7798101616974374,0.06826979485250459,11.42247700292934,0.7714285714285715,1.297158898313489,-0.060267727178087704,0.10428214073181152
IWM,1d,10,0.0,1.0,9,21,0.784803543014252,0.37827416288893034,0.7589333481880126,0.06626514679243348,11.452979204366176,0.7428571428571429,1.222621617118733,-0.07222025642464114,0.10029458999633789
IWM,1d,10,0.0,1.0,10,30,0.6671244116074203,-0.48732985878824076,0.7061656294041079,0.06850750409047211,10.307858077438263,0.4857142857142857,0.6256609949397292,-0.04703784991908955,0.10228943824768066
IWM,1d,10,0.0,1.0,12,26,0.7082352217717879,-0.1844483078242719,0.7218158813524546,0.05084354770966304,14.19680399712293,0.6285714285714286,1.023110978932559,-0.04703784991908955,0.1073770523071289
IWM,1d,10,0.0,1.0,20,50,0.5531463177009511,-0.7190342549542544,0.5765428200825591,0.06722239058507562,8.576648569986444,0.14285714285714285,0.321145545717743,0.0,0.09665989875793457
IWM,1d,10,0.1,0.0,8,21,-0.06980060721364476,-0.2105266893676565,0.27931703700957344,0.29050877532905384,0.9614753863913277,0.34285714285714286,0.2825115246190981,-0.04613428963957322,0.10380315780639648
IWM,1d,10,0.1,0.0,9,21,0.23748939113142492,0.2781330839768006,0.2199620252255833,0.2784818405606065,0.7898612878411818,0.3142857142857143,0.29209319874141804,-0.06451848111526026,0.10755443572998047
IWM,1d,10,0.1,0.0,10,30,0.020610547636314726,-0.08425563622465271,0.14521145041736344,0.3260429920873024,0.44537516199238264,0.2,0.06554178968148722,-0.03623202793172997,0.10442805290222168
IWM,1d,10,0.1,0.0,12,26,0.19056177808630967,0.1876562921512206,0.20062434149762343,0.3014891669561609,0.6654446112380413,0.2857142857142857,0.27334424729717344,-0.03007720649876533,0.10210227966308594
IWM,1d,10,0.1,0.0,20,50,-0.042234831252059776,-0.18333304458712651,0.07211308254071766,0.318072925412879,0.22671870750115014,0.02857142857142857,0.09522221987165191,0.0,0.09855794906616211
IWM,1d,10,0.1,0.25,8,21,0.22141147456506693,-0.3684749888789963,0.3543722709956257,0.12814023212451664,2.76550358244454,0.7714285714285715,1.2566889711818985,-0.02311370790584133,0.10545206069946289
IWM,1d,10,0.1,0.25,9,21,0.3390690479912839,0.4376809773754464,0.32626443042233094,0.10831633436936515,3.0121443115841586,0.7428571428571429,1.2278715518869037,-0.024275544709745245,0.1038823127746582
IWM,1d,10,0.1,0.25,10,30,0.20990829337536135,-0.23930682575919604,0.2946604433371321,0.12371747903445796,2.3817203974473395,0.4857142857142857,0.6125778156346455,-0.03623202793172997,0.10505914688110352
IWM,1d,10,0.1,0.25,12,26,0.2723703372744414,0.04854071381405989,0.30155992637273504,0.1018620315723479,2.9604742976145233,0.6571428571428571,1.0854869973792545,-0.02040757821859296,0.10419416427612305
IWM,1d,10,0.1,0.25,20,50,0.13942440281244362,-0.3419514194242723,0.2240816129080275,0.12133074145574387,1.8468659320751175,0.14285714285714285,0.319514487329683,0.0,0.09624552726745605
IWM,1d,10,0.1,0.5,8,21,0.45776391369217756,-0.49823496186571337,0.5260953077500664,0.09014924368691594,5.835826083878978,0.7714285714285715,1.2912973376436634,-0.034893733120522796,0.1058499813079834
IWM,1d,10,0.1,0.5,9,21,0.518590861535126,0.5439912633751012,0.5057057850878673,0.07641799802299722,6.617626713221149,0.7428571428571429,1.2533198255343676,-0.034893733120522796,0.10336613655090332
IWM,1d,10,0.1,0.5,10,30,0.4071564472788467,-0.37244132517009776,0.47140835772553125,0.08818691544451565,5.3455589794625045,0.4857142857142857,0.6181652924979146,-0.03623202793172997,0.10056543350219727
IWM,1d,10,0.1,0.5,12,26,0.4482869861024919,-0.08057121744050466,0.47560806918868026,0.0606899249511356,7.836689031525667,0.6571428571428571,1.103824868204531,-0.028278794491023995,0.10198640823364258
IWM,1d,10,0.1,0.5,20,50,0.3167798318234162,-0.4754691900051472,0.3772935068267542,0.0794640501264602,4.7479773083089025,0.14285714285714285,0.3202430807387768,0.0,0.09675145149230957
IWM,1d,10,0.1,0.75,8,21,0.638939095940462,-0.6040921296811204,0.6729478010514145,0.07582023308379707,8.87557019651559,0.7714285714285715,1.313933288516268,-0.04758073014930497,0.104888916015625
IWM,1d,10,0.1,0.75,9,21,0.6692462175147661,0.6032067081737902,0.6561805802901673,0.06741591306697718,9.733318892206608,0.7428571428571429,1.2703483529093325,-0.04758073014930497,0.10781145095825195
IWM,1d,10,0.1,0.75,10,30,0.5622708719167748,-0.48590094083243685,0.6164371864792276,0.07659033490283314,8.04849838117662,0.4857142857142857,0.6223453832841314,-0.037658322205056605,0.10493922233581543
IWM,1d,10,0.1,0.75,12,26,0.595113145242143,-0.1993220028599768,0.6213071699468498,0.050177364680950166,12.382220028839598,0.6571428571428571,1.1144839893005425,-0.037658322205056605,0.10196566581726074
IWM,1d,10,0.1,0.75,20,50,0.4529829492204046,-0.5869601083594393,0.4990534098604208,0.06451452894881742,7.735519703729755,0.14285714285714285,0.32075992475172155,0.0,0.09734892845153809
IWM,1d,10,0.1,1.0,8,21,0.7823068303514247,-0.6898376730262928,0.7924776678848326,0.06828570866877734,11.60532245083343,0.7714285714285715,1.33071111100503,-0.060267727178087704,0.10506606101989746
IWM,1d,10,0.1,1.0,9,21,0.7911588055070494,0.6216112957406177,0.7780956002455064,0.064765889897948,12.013972192330813,0.7428571428571429,1.2831343211904769,-0.060267727178087704,0.10744190216064453
IWM,1d,10,0.1,1.0,10,30,0.6859567600711676,-0.5818686448871174,0.7332907701362819,0.07141938898785571,10.267390697797373,0.4857142857142857,0.6256609949397292,-0.04703784991908955,0.11539554595947266
IWM,1d,10,0.1,1.0,12,26,0.7139995393809697,-0.30759499239450405,0.7393665644494792,0.049668916102091024,14.885900931072511,0.6571428571428571,1.1221791799243375,-0.04703784991908955,0.10254478454589844
IWM,1d,10,0.1,1.0,20,50,0.5609572747618958,-0.6792620234689388,0.5963995755636977,0.057527787810405545,10.367156434543478,0.14285714285714285,0.321145545717743,0.0,0.11464977264404297
IWM,1d,10,0.25,0.0,8,21,-0.0422768632135151,-0.16821739854669748,0.2660227993980228,0.25856039113280377,1.0288613744453463,0.34285714285714286,0.2825115246190981,-0.04613428963957322,0.11507916450500488
IWM,1d,10,0.25,0.0,9,21,0.15876330571219574,0.1336229427341029,0.25190426726322446,0.31538816631804156,0.7987118546775179,0.3142857142857143,0.29209319874141804,-0.06451848111526026,0.11226391792297363
IWM,1d,10,0.25,0.0,10,30,0.07371264380387758,-0.006290078539657018,0.23159615279671408,0.42639622335845234,0.5431477581404878,0.2,0.06554178968148722,-0.03623202793172997,0.11079001426696777
IWM,1d,10,0.25,0.0,12,26,0.11249715518983419,0.05926016659831346,0.23541237145569327,0.29745116875937955,0.7914319934850482,0.2857142857142857,0.27334424729717344,-0.03007720649876533,0.10717463493347168
IWM,1d,10,0.25,0.0,20,50,0.17866981811847002,0.1656148469004517,0.08178988318795033,0.3334617554033616,0.2452751533350976,0.02857142857142857,0.09522221987165191,0.0,0.09649848937988281
IWM,1d,10,0.25,0.25,8,21,0.23580168750872646,-0.3263317334123478,0.36318634408303396,0.10105369396076418,3.593993745780805,0.7714285714285715,1.2566889711818985,-0.02311370790584133,0.10455608367919922
IWM,1d,10,0.25,0.25,9,21,0.32611147262361506,0.23659683671731746,0.347220450617166,0.12314796454581965,2.8195386898820867,0.7428571428571429,1.2278715518869037,-0.024275544709745245,0.10707497596740723
IWM,1d,10,0.25,0.25,10,30,0.24073913438303532,-0.1567249724132863,0.3426256164372065,0.13335862952619393,2.5692046900490153,0.4857142857142857,0.6125778156346455,-0.03623202793172997,0.10340571403503418
IWM,1d,10,0.25,0.25,12,26,0.30254902631922226,0.13149323673216284,0.3187442513657819,0.09912306596943603,3.215641568876256,0.6571428571428571,1.0854869973792545,-0.02040757821859296,0.10350179672241211
IWM,1d,10,0.25,0.25,20,50,0.24098928051097085,0.03960733525746729,0.23322487079433643,0.11917293188404769,1.9570288916048357,0.14285714285714285,0.319514487329683,0.0,0.10337162017822266
IWM,1d,10,0.25,0.5,8,21,0.47233699098586557,-0.45815711337366816,0.5518191894060458,0.0711385762656704,7.756961389629879,0.7714285714285715,1.2912973376436634,-0.034893733120522796,0.11236214637756348
IWM,1d,10,0.25,0.5,9,21,0.5302073273119913,0.28749318957673964,0.5323384929010913,0.08545343947904446,6.229573626836112,0.7428571428571429,1.2533198255343676,-0.034893733120522796,0.10654187202453613
IWM,1d,10,0.25,0.5,10,30,0.4387644738938538,-0.2890000910424967,0.5169890199314112,0.08682511924270056,5.9543715510056705,0.4857142857142857,0.6181652924979146,-0.03623202793172997,0.10358929634094238
IWM,1d,10,0.25,0.5,12,26,0.5046766930373743,0.1504682835190112,0.49880992886278086,0.06275554185008918,7.948460234067313,0.6571428571428571,1.103824868204531,-0.028278794491023995,0.10979557037353516
IWM,1d,10,0.25,0.5,20,50,0.39255006494363465,-0.07641786263249961,0.3902092173017834,0.07631529015641669,5.11311974968589,0.14285714285714285,0.3202430807387768,0.0,0.09731721878051758
IWM,1d,10,0.25,0.75,8,21,0.6550126178105694,-0.5672446356209971,0.7110437767929576,0.05983327432892243,11.88375172122664,0.7714285714285715,1.313933288516268,-0.04758073014930497,0.11385750770568848
IWM,1d,10,0.25,0.75,9,21,0.6960001879338032,0.29561672136488526,0.6885423592165908,0.07232151011015703,9.520574973722653,0.7428571428571429,1.2703483529093325,-0.04758073014930497,0.12138915061950684
IWM,1d,10,0.25,0.75,10,30,0.5970783288830925,-0.40446290280925323,0.6643542679808865,0.07409242204503771,8.966561621876162,0.4857142857142857,0.6223453832841314,-0.037658322205056605,0.09972739219665527
IWM,1d,10,0.25,0.75,12,26,0.6668543917781597,0.12749798099308185,0.6506160546057238,0.055651842032814536,11.690826949125865,0.6571428571428571,1.1144839893005425,-0.037658322205056605,0.11269092559814453
IWM,1d,10,0.25,0.75,20,50,0.5205385883780539,-0.1827332355846205,0.5156387234786136,0.06290179048991638,8.197520602553821,0.14285714285714285,0.32075992475172155,0.0,0.1280064582824707
IWM,1d,10,0.25,1.0,8,21,0.7998323760281936,-0.6568415825035658,0.8401721278351933,0.0540486919294666,15.544726391003428,0.7714285714285715,1.33071111100503,-0.060267727178087704,0.11217331886291504
IWM,1d,10,0.25,1.0,9,21,0.8290405777503892,0.26958961526096714,0.8152180987906974,0.0660961693541558,12.333817629015751,0.7428571428571429,1.2831343211904769,-0.060267727178087704,0.13317298889160156
IWM,1d,10,0.25,1.0,10,30,0.7238284995159245,-0.504522727015643,0.783892984447502,0.07023971852178129,11.160252360698417,0.4857142857142857,0.6256609949397292,-0.04703784991908955,0.10900092124938965
IWM,1d,10,0.25,1.0,12,26,0.7966243843370594,0.07297433209931925,0.7737862314699492,0.05681404418022941,13.619629488358397,0.6571428571428571,1.1221791799243375,-0.04703784991908955,0.10460495948791504
IWM,1d,10,0.25,1.0,20,50,0.6245241413403599,-0.2796872914956713,0.6160347040588022,0.057782291567952164,10.661306212377253,0.14285714285714285,0.321145545717743,0.0,0.1019129753112793
IWM,1d,10,0.4,0.0,8,21,-0.0798350167289472,-0.2155990667219515,0.2814326176783096,0.29461077652840306,0.9552692572709642,0.34285714285714286,0.2825115246190981,-0.04613428963957322,0.11297392845153809
IWM,1d,10,0.4,0.0,9,21,0.11743700965688912,0.06470110944116292,0.17379190155109808,0.32041542656828104,0.5423955500908529,0.3142857142857143,0.29209319874141804,-0.06451848111526026,0.10730862617492676
IWM,1d,10,0.4,0.0,10,30,0.09495239710512517,0.025469447687704205,0.22128579000071813,0.41543684768265615,0.5326580712208607,0.2,0.06554178968148722,-0.03623202793172997,0.11669158935546875
IWM,1d,10,0.4,0.0,12,26,0.13078376022537122,0.0879484806076265,0.2785815027176649,0.3105419939694771,0.897081580358006,0.2857142857142857,0.27334424729717344,-0.03007720649876533,0.12333393096923828
IWM,1d,10,0.4,0.0,20,50,0.1355974193179017,0.09567188421034967,0.05624632628118751,0.3020325541696146,0.18622603922887349,0.02857142857142857,0.09522221987165191,0.0,0.0978543758392334
IWM,1d,10,0.4,0.25,8,21,0.23553202296141956,-0.37459151216139563,0.3664711569386001,0.09347112155166633,3.9206885597925827,0.7714285714285715,1.2566889711818985,-0.02311370790584133,0.1033632755279541
IWM,1d,10,0.4,0.25,9,21,0.3231524444298952,0.14399620273134484,0.33626328216646073,0.11014129268320462,3.0530173922476336,0.7428571428571429,1.2278715518869037,-0.024275544709745245,0.10194611549377441
IWM,1d,10,0.4,0.25,10,30,0.25731946145010903,-0.12629723446944652,0.3502364874944389,0.1237837912685034,2.8294212344387617,0.4857142857142857,0.6125778156346455,-0.03623202793172997,0.09923291206359863
IWM,1d,10,0.4,0.25,12,26,0.3105870810141195,0.1664833437169826,0.3371425996484928,0.10538724165122547,3.1990836306756343,0.6571428571428571,1.0854869973792545,-0.02040757821859296,0.11369585990905762
IWM,1d,10,0.4,0.25,20,50,0.22349915761295638,-0.03843378205568404,0.215412489129178,0.11196412384643187,1.9239420783092465,0.14285714285714285,0.319514487329683,0.0,0.09962987899780273
IWM,1d,10,0.4,0.5,8,21,0.4865612963935441,-0.5050280017638811,0.5667670094680053,0.06323787037676927,8.962461988223591,0.7714285714285715,1.2912973376436634,-0.034893733120522796,0.10875821113586426
IWM,1d,10,0.4,0.5,9,21,0.5424725650869123,0.1734889122541723,0.5409100910264606,0.07934038087911832,6.817588786857252,0.7428571428571429,1.2533198255343676,-0.034893733120522796,0.10714387893676758
IWM,1d,10,0.4,0.5,10,30,0.46014350035245066,-0.26061645972826064,0.5349386186001595,0.07858873863323804,6.806810083778523,0.4857142857142857,0.6181652924979146,-0.03623202793172997,0.10701870918273926
IWM,1d,10,0.4,0.5,12,26,0.5144142451287531,0.18954574029027405,0.5203401594788617,0.07100915957011321,7.327789296887635,0.6571428571428571,1.103824868204531,-0.028278794491023995,0.1082770824432373
IWM,1d,10,0.4,0.5,20,50,0.3809874781288398,-0.15968456740890502,0.3805616064408005,0.07597454003341197,5.00906759387339,0.14285714285714285,0.3202430807387768,0.0,0.10425591468811035
IWM,1d,10,0.4,0.75,8,21,0.6787750786549602,-0.6111986576123907,0.7358356754989893,0.05354056049038559,13.743518348694261,0.7714285714285715,1.313933288516268,-0.04758073014930497,0.1163322925567627
IWM,1d,10,0.4,0.75,9,21,0.7181818385028376,0.16372510038897925,0.708342444633151,0.07008222006590405,10.10730601808902,0.7428571428571429,1.2703483529093325,-0.04758073014930497,0.12704896926879883
IWM,1d,10,0.4,0.75,10,30,0.6231673029633025,-0.37857243427703824,0.6894552569846013,0.0686726828813661,10.039730909824124,0.4857142857142857,0.6223453832841314,-0.037658322205056605,0.10244917869567871
IWM,1d,10,0.4,0.75,12,26,0.6787997335444763,0.1684859214928891,0.676124479594499,0.06397931579647355,10.567860427662874,0.6571428571428571,1.1144839893005425,-0.037658322205056605,0.10112571716308594
IWM,1d,10,0.4,0.75,20,50,0.5113494722296078,-0.26876638070466174,0.5115759415786305,0.06510426898517874,7.857794113241528,0.14285714285714285,0.32075992475172155,0.0,0.09566569328308105
IWM,1d,10,0.4,1.0,8,21,0.8307744603948484,-0.6969361509886978,0.8729430889635351,0.04949598823447277,17.63664329375994,0.7714285714285715,1.33071111100503,-0.060267727178087704,0.1017298698425293
IWM,1d,10,0.4,1.0,9,21,0.85866756861689,0.12403967195653642,0.8430202099190709,0.06646046025880765,12.684537642926568,0.7428571428571429,1.2831343211904769,-0.060267727178087704,0.1018228530883789
IWM,1d,10,0.4,1.0,10,30,0.7538504672012284,-0.48136257761764323,0.8144444029251634,0.06818980385045567,11.943785682552905,0.4857142857142857,0.6256609949397292,-0.04703784991908955,0.10035562515258789
IWM,1d,10,0.4,1.0,12,26,0.8105052497082427,0.11396929613085804,0.8027487197728298,0.06422364543333255,12.499270546797664,0.6571428571428571,1.1221791799243375,-0.04703784991908955,0.10062074661254883
IWM,1d,10,0.4,1.0,20,50,0.6167273962173065,-0.36641738728241513,0.6162494713881961,0.060934093204322595,10.113377240583603,0.14285714285714285,0.321145545717743,0.0,0.09268832206726074
IWM,1d,10,0.55,0.0,8,21,-0.1615268260141765,-0.3083724886902267,0.23076864614050865,0.30359275571474903,0.7601256676800787,0.37142857142857144,0.418203792629011,-0.035206312208833745,0.10108661651611328
IWM,1d,10,0.55,0.0,9,21,0.16682087647007396,0.1474923286334544,0.2332883591083895,0.27102747372907315,0.8607553909519565,0.3142857142857143,0.3278919273345027,-0.04417833565199336,0.10158538818359375
IWM,1d,10,0.55,0.0,10,30,0.0967698723709415,0.028461291061969485,0.24189261478135626,0.36068471742234726,0.670648361566453,0.17142857142857143,0.07061749151744154,-0.052188006935583564,0.1038365364074707
IWM,1d,10,0.55,0.0,12,26,0.04993595942831049,-0.033591852809863654,0.262336290592651,0.3511623288701284,0.7470513464149846,0.3142857142857143,0.32528507480431046,-0.03007720649876533,0.10399842262268066
IWM,1d,10,0.55,0.0,20,50,0.14957119574198,0.11762325898803438,0.16072236282298039,0.30086569617225967,0.5341996939756114,0.02857142857142857,0.09522221987165191,0.0,0.09888148307800293
IWM,1d,10,0.55,0.25,8,21,0.23380866516367238,-0.4667816828229716,0.36365605422222536,0.08468796739310294,4.294069930078896,0.8857142857142857,1.5316393624038194,-0.018398287004408154,0.1090388298034668
IWM,1d,10,0.55,0.25,9,21,0.3539851373081009,0.2515809761838437,0.3618619621675118,0.09796715514830874,3.693706953312085,0.8571428571428571,1.4681336586216953,-0.018398287004408154,0.11220002174377441
IWM,1d,10,0.55,0.25,10,30,0.2668448388524352,-0.12206993407913103,0.3659370689500799,0.11397015316697608,3.2108149263777035,0.6285714285714286,1.0053321456646054,-0.023639042571196534,0.10616731643676758
IWM,1d,10,0.55,0.25,12,26,0.301635169629707,0.0067653841792767455,0.3537005272927961,0.10728923515099305,3.296700985844639,0.7714285714285715,1.314055730122554,-0.02040757821859296,0.11284804344177246
IWM,1d,10,0.55,0.25,20,50,0.23733716490178935,-0.02006742007403406,0.25949087589380326,0.11219185191313558,2.3129208714257947,0.17142857142857143,0.37505060249070404,0.0,0.0980226993560791
IWM,1d,10,0.55,0.5,8,21,0.5081806160751099,-0.5922973899352829,0.5843648555395264,0.057281688447195084,10.201599697575624,0.8857142857142857,1.572429895274549,-0.024543402953376647,0.10574746131896973
IWM,1d,10,0.55,0.5,9,21,0.5843824057870821,0.30164995715791965,0.5711055511181643,0.07593966083116592,7.5205175381002025,0.8571428571428571,1.5032569599911245,-0.024543402953376647,0.10806536674499512
IWM,1d,10,0.55,0.5,10,30,0.4770907911857239,-0.25522241014181357,0.5565522033736273,0.07642277379554864,7.282543877071949,0.6285714285714286,1.0211758172916532,-0.023639042571196534,0.10553336143493652
IWM,1d,10,0.55,0.5,12,26,0.5283065120123663,-0.0020449537542419627,0.5492318537474474,0.07118836874084787,7.715190886686217,0.7714285714285715,1.3374916289246015,-0.02040757821859296,0.1025996208190918
IWM,1d,10,0.55,0.5,20,50,0.40209445822872214,-0.14494587251252333,0.4130394066341158,0.07477440301778768,5.523807479089604,0.17142857142857143,0.37604846565381295,0.0,0.09589099884033203
IWM,1d,10,0.55,0.75,8,21,0.7152622900648089,-0.690885738139158,0.7667404482150013,0.05002050396973496,15.328523052844883,0.8857142857142857,1.6022853682962896,-0.03342093239948163,0.10285639762878418
IWM,1d,10,0.55,0.75,9,21,0.7708148059458877,0.3072622209273337,0.74454421069803,0.07026905472107714,10.59562012970561,0.8571428571428571,1.5289190392467251,-0.03342093239948163,0.10273456573486328
IWM,1d,10,0.55,0.75,10,30,0.6458429231616531,-0.37215732026678083,0.7160751075787051,0.06748016328536295,10.611638631497327,0.6285714285714286,1.0319021948694633,-0.023639042571196534,0.10038590431213379
IWM,1d,10,0.55,0.75,12,26,0.7067633070209998,-0.04667463847439268,0.713658560769485,0.06356811921617025,11.22667415001869,0.7714285714285715,1.353204430155203,-0.02332373497272322,0.10172390937805176
IWM,1d,10,0.55,0.75,20,50,0.5386059927374177,-0.2575385955840592,0.54112507975213,0.0632108438003251,8.560636865748451,0.17142857142857143,0.37675733486012125,0.0,0.0937964916229248
IWM,1d,10,0.55,1.0,8,21,0.8783769736066602,-0.7676448962090338,0.9138211344179326,0.048451226870975556,18.8606397285133,0.8857142857142857,1.625414892453038,-0.043885926980302026,0.10611462593078613
IWM,1d,10,0.55,1.0,9,21,0.9202476868050343,0.277470553992871,0.8844702460338933,0.06834071461504167,12.942069028924422,0.8571428571428571,1.54884623507262,-0.043885926980302026,0.15350842475891113
IWM,1d,10,0.55,1.0,10,30,0.7810163347561997,-0.47412213717043106,0.8450572961817719,0.06606486194029519,12.791327664401626,0.6285714285714286,1.0401789712008724,-0.03065604972130398,0.10790395736694336
IWM,1d,10,0.55,1.0,12,26,0.8488297930285604,-0.11566932493159465,0.846858347189326,0.06335062373833986,13.367798092835612,0.7714285714285715,1.3651522598286536,-0.03065604972130398,0.10146188735961914
IWM,1d,10,0.55,1.0,20,50,0.6489623381717506,-0.3584670423658287,0.6448428051313138,0.05911636228355326,10.90802580237105,0.17142857142857143,0.3772867904104543,0.0,0.09509491920471191
IWM,1d,10,0.7,0.0,8,21,-0.22480453836064318,-0.3736192898230837,0.2756907896669837,0.28787530806448425,0.9576743192063863,0.4,0.4683869665681446,-0.035206312208833745,0.11160039901733398
IWM,1d,10,0.7,0.0,9,21,0.12127719109789672,0.07195966832937817,0.3018562306011806,0.27800944647567705,1.085776884303066,0.34285714285714286,0.36117958490215796,-0.04417833565199336,0.12790894508361816
IWM,1d,10,0.7,0.0,10,30,0.2519084271029847,0.2978229225991691,0.2669611991921429,0.31356738218706987,0.8513678856842247,0.17142857142857143,0.0708182002690676,-0.052188006935583564,0.11858081817626953
IWM,1d,10,0.7,0.0,12,26,0.12801611365286028,0.08397057018093479,0.21426011619762836,0.2919250799780277,0.7339558362500237,0.3142857142857143,0.24999811591135832,-0.07062830440721679,0.11507201194763184
IWM,1d,10,0.7,0.0,20,50,0.12340362435548567,0.07622537511122207,0.21577267990338758,0.2553848713358155,0.8448921769514675,0.02857142857142857,0.09522221987165191,0.0,0.10823512077331543
IWM,1d,10,0.7,0.25,8,21,0.24054894970573415,-0.5291662176037775,0.3856815078706405,0.09080259087473784,4.247472502218445,0.9142857142857143,1.6038437178578284,-0.015665873507271333,0.11519241333007812
IWM,1d,10,0.7,0.25,9,21,0.35942552850858506,0.14390698320087747,0.3885893377418522,0.0975560269370552,3.983242757442107,0.8857142857142857,1.5525962219693523,-0.015665873507271333,0.11965394020080566
IWM,1d,10,0.7,0.25,10,30,0.32472567295450017,0.1677053984868997,0.3690940321814922,0.10067670232413871,3.6661315245820933,0.6571428571428571,1.0803705601322806,-0.02040757821859296,0.10754156112670898
IWM,1d,10,0.7,0.25,12,26,0.33372358239827693,0.1593654807407736,0.3556313052070008,0.09247711566326325,3.845614157149542,0.7714285714285715,1.281773034474062,-0.02040757821859296,0.11205291748046875
IWM,1d,10,0.7,0.25,20,50,0.22868795044408072,-0.06607231919156464,0.2912403759598602,0.09244510227615985,3.150414340933306,0.17142857142857143,0.37505060249070404,0.0,0.10605883598327637
IWM,1d,10,0.7,0.5,8,21,0.5384186060191571,-0.6490424228294692,0.609498714058444,0.06105722444276664,9.982417635602996,0.9142857142857143,1.6493569236749948,-0.024543402953376647,0.11462736129760742
IWM,1d,10,0.7,0.5,9,21,0.6132929512510888,0.16216249093326063,0.600930227203097,0.06908031311365684,8.699008445639139,0.8857142857142857,1.5877304134840562,-0.024543402953376647,0.1278221607208252
IWM,1d,10,0.7,0.5,10,30,0.5287787798831944,0.042216477951948495,0.5643430138613599,0.07263326987935356,7.769759158561271,0.6571428571428571,1.0991339309762693,-0.02040757821859296,0.11959552764892578
IWM,1d,10,0.7,0.5,12,26,0.5620573744485352,0.17901991021480068,0.5712571029365161,0.06412343424277281,8.908710359674803,0.7714285714285715,1.3180063507387592,-0.02040757821859296,0.10971260070800781
IWM,1d,10,0.7,0.5,20,50,0.3972560705606583,-0.19379348282312858,0.4456177711668919,0.0655602523828896,6.79707223462722,0.17142857142857143,0.37604846565381295,0.0,0.10597348213195801
IWM,1d,10,0.7,0.75,8,21,0.7614171665243183,-0.7406061771580292,0.7961695616958371,0.050819051834451616,15.666753568906456,0.9142857142857143,1.6834286794061362,-0.03342093239948163,0.11098408699035645
IWM,1d,10,0.7,0.75,9,21,0.8159332504375969,0.1386135274906477,0.7797459213026797,0.0603705476118051,12.915998813139886,0.8857142857142857,1.6133260362512931,-0.03342093239948163,0.1153724193572998
IWM,1d,10,0.7,0.75,10,30,0.6993700445594302,-0.07716545628815741,0.728795746667621,0.06817921329077009,10.68941267420408,0.6571428571428571,1.110710932773405,-0.02332373497272322,0.1237783432006836
IWM,1d,10,0.7,0.75,12,26,0.7452336851497712,0.15476149800864203,0.7487505410387244,0.058430488442233544,12.814381002119566,0.7714285714285715,1.3435316793967342,-0.02332373497272322,0.1118319034576416
IWM,1d,10,0.7,0.75,20,50,0.5353795439310158,-0.30772345124037415,0.5772437618700517,0.059360775573963936,9.724329850623363,0.17142857142857143,0.37675733486012125,0.0,0.10385966300964355
IWM,1d,10,0.7,1.0,8,21,0.9366546554026398,-0.8099210630788474,0.9470012894643975,0.04676340697555917,20.25090451513395,0.9142857142857143,1.7099375507289725,-0.043885926980302026,0.1182246208190918
IWM,1d,10,0.7,1.0,9,21,0.9777786472431071,0.08406951749462377,0.924556168725433,0.05692066029363889,16.24289254474365,0.8857142857142857,1.6332017547932687,-0.043885926980302026,0.11756730079650879
IWM,1d,10,0.7,1.0,10,30,0.8373917592558114,-0.1893200284538955,0.8619653641505831,0.06903493613102075,12.485929769163068,0.6571428571428571,1.119385731576569,-0.03065604972130398,0.10977506637573242
IWM,1d,10,0.7,1.0,12,26,0.891759518286742,0.09765838900783042,0.8917020916029674,0.05870802681728094,15.188759356165098,0.7714285714285715,1.3630245022785092,-0.03065604972130398,0.10473847389221191
IWM,1d,10,0.7,1.0,20,50,0.6466711248073828,-0.4087305699855718,0.6843819022494404,0.05856802547963819,11.685247994016345,0.17142857142857143,0.3772867904104543,0.0,0.09604763984680176
IWM,1d,10,0.85,0.0,8,21,0.1151596687656767,0.062243719986170065,0.32268754767693436,0.24281629339344848,1.3289369636907609,0.4857142857142857,0.27059166224969233,-0.0992273551102717,0.10266232490539551
IWM,1d,10,0.85,0.0,9,21,0.16468930596558737,0.1433064771025787,0.32479811099537054,0.2187250985526331,1.4849604052971197,0.42857142857142855,0.12652108929972627,-0.0992273551102717,0.10175275802612305
IWM,1d,10,0.85,0.0,10,30,0.19395790136478383,0.19188013711780916,0.2187881734448156,0.2781218823419316,0.7866629249108515,0.2571428571428571,-0.1421586879899141,-0.07036580205689102,0.09967184066772461
IWM,1d,10,0.85,0.0,12,26,0.23356091017364713,0.2593326651381773,0.19356615515937609,0.29533246727502754,0.6554177972553155,0.34285714285714286,0.0265320618360605,-0.06640034761868974,0.1041719913482666
IWM,1d,10,0.85,0.0,20,50,0.08327243862665758,0.015123760590481261,0.1862235996441846,0.268285190051931,0.6941255296579657,0.02857142857142857,-0.025508225435782846,-0.020729207328942567,0.09355616569519043
IWM,1d,10,0.85,0.25,8,21,0.3505784491795852,-0.09787197681031956,0.42961573710231227,0.06254133666775151,6.869308524450471,0.9142857142857143,1.4269182164909968,-0.042914849050765924,0.1084907054901123
IWM,1d,10,0.85,0.25,9,21,0.3829450775422919,0.23506954731173701,0.4164269276091477,0.0674735653369491,6.17170480809184,0.9142857142857143,1.388544566003803,-0.042914849050765924,0.10274100303649902
IWM,1d,10,0.85,0.25,10,30,0.3639436858318401,0.311486428493319,0.36553310197754335,0.08798514755869472,4.154486434584848,0.6857142857142857,1.0396681328722177,-0.027346535030942865,0.1117103099822998
IWM,1d,10,0.85,0.25,12,26,0.37656334490691473,0.40377014013891954,0.37020147497807676,0.0793413622898739,4.665932929479387,0.8,1.2429563936532657,-0.027346535030942865,0.10334157943725586
IWM,1d,10,0.85,0.25,20,50,0.27395827934062017,0.08222078088928453,0.2901475490031108,0.08682079301616179,3.3419131399675135,0.2571428571428571,0.4182189014308455,-0.029182979148961286,0.09511351585388184
IWM,1d,10,0.85,0.5,8,21,0.6278896847735884,-0.24032769937250265,0.6679822049252111,0.04853908601314703,13.76173842136799,0.9142857142857143,1.5339889622280796,-0.053221362045666076,0.10331130027770996
IWM,1d,10,0.85,0.5,9,21,0.644502431800622,0.2669302351683749,0.6452487828791044,0.05382051765253979,11.988899605997288,0.9142857142857143,1.4991041343176015,-0.053221362045666076,0.10317492485046387
IWM,1d,10,0.85,0.5,10,30,0.5954802571282056,0.37404374035146226,0.5853982571409092,0.06763789162345643,8.654886234477132,0.6857142857142857,1.1050235105608401,-0.034540630811559114,0.10283207893371582
IWM,1d,10,0.85,0.5,12,26,0.6072522098328538,0.4899489009915001,0.6056825934325497,0.06340540560461119,9.552538741089625,0.8,1.3162363033062763,-0.034540630811559114,0.11670541763305664
IWM,1d,10,0.85,0.5,20,50,0.46145425070106033,0.10074197082793979,0.4575591473955577,0.06337784382966867,7.219544240496289,0.2571428571428571,0.4338912289466941,-0.037636750968980226,0.10156130790710449
IWM,1d,10,0.85,0.75,8,21,0.8489742808594776,-0.36553280003390665,0.8674077205726924,0.049053114084138774,17.683030665185985,0.9142857142857143,1.606704123383527,-0.0635278750405669,0.12060737609863281
IWM,1d,10,0.85,0.75,9,21,0.8547965001533645,0.2517146244142272,0.8376380519456781,0.05435397311278427,15.41079711335145,0.9142857142857143,1.569202733465724,-0.0635278750405669,0.12131738662719727
IWM,1d,10,0.85,0.75,10,30,0.7837293076973391,0.3883322689962061,0.766457980109063,0.06557277734894568,11.688661226446992,0.6857142857142857,1.1431896058073516,-0.04173472659217525,0.1158297061920166
IWM,1d,10,0.85,0.75,12,26,0.7964272872110479,0.5253807012732967,0.7975049094533058,0.06504528186038318,12.26076491089876,0.8,1.3620343409348643,-0.04173472659217525,0.10815286636352539
IWM,1d,10,0.85,0.75,20,50,0.6108176354395382,0.08170083513369564,0.5979542025571429,0.060655419935207115,9.858215526261052,0.2571428571428571,0.44546871937206606,-0.046090522788999055,0.09766507148742676
IWM,1d,10,0.85,1.0,8,21,1.025608468450826,-0.47433673432628165,1.0285584524146147,0.05182976850499617,19.84493626120414,0.9142857142857143,1.6619703806852788,-0.07383438803546694,0.11069512367248535
IWM,1d,10,0.85,1.0,9,21,1.0230409076619968,0.2011293396627989,0.9933248494780959,0.057216432627745985,17.360831562861236,0.9142857142857143,1.6213385803532687,-0.07383438803546694,0.12772607803344727
IWM,1d,10,0.85,1.0,10,30,0.9347591523083668,0.36320820892406513,0.9122447962008012,0.06717306951794781,13.580513779514881,0.6857142857142857,1.17078783371959,-0.048928822372791614,0.1110539436340332
IWM,1d,10,0.85,1.0,12,26,0.9485459940215536,0.518072395457261,0.951547491205695,0.06929305817032663,13.732219595023968,0.8,1.3958535231663047,-0.048928822372791614,0.12331056594848633
IWM,1d,10,0.85,1.0,20,50,0.7300552188169708,0.03476194840195479,0.7117287967691082,0.0625732849607166,11.374323678482444,0.2571428571428571,0.45452857057071033,-0.054544294609017774,0.10676956176757812
IWM,1d,10,1.0,0.0,8,21,0.2723472423470379,0.3393163130547996,0.34937854079268915,0.20213932108660032,1.728404641484913,0.42857142857142855,0.1203452952572481,-0.0992273551102717,0.10817217826843262
IWM,1d,10,1.0,0.0,9,21,0.2362328181898541,0.2703061630014658,0.31080026338818695,0.18109413304032296,1.7162359606591078,0.42857142857142855,0.03264509893085053,-0.0992273551102717,0.10864973068237305
IWM,1d,10,1.0,0.0,10,30,0.19435066679363205,0.19396479762555674,0.24598386418547707,0.21418914598980174,1.1484422473825504,0.22857142857142856,-0.3038230340963528,-0.06640034761868974,0.10793495178222656
IWM,1d,10,1.0,0.0,12,26,0.15718399531496605,0.13055677165453794,0.20108036433629178,0.20880508123972613,0.9630051296761035,0.2857142857142857,-0.0894318909989807,-0.06640034761868974,0.11397075653076172
IWM,1d,10,1.0,0.0,20,50,0.16597225014747893,0.14502975888439096,0.22770326540313984,0.25696381444057564,0.886129690668168,0.02857142857142857,-0.04545003749784971,-0.027928886345266912,0.09826087951660156
IWM,1d,10,1.0,0.25,8,21,0.42887317693087357,0.5002844550742236,0.44417280781052204,0.06252290183710944,7.10416175128472,0.8857142857142857,1.333097226125217,-0.04881809529723835,0.11863231658935547
IWM,1d,10,1.0,0.25,9,21,0.4062041922104327,0.4037939370406136,0.4198551281646985,0.05663229168083624,7.413705426771083,0.8857142857142857,1.2937518352174409,-0.04881809529723835,0.1112053394317627
IWM,1d,10,1.0,0.25,10,30,0.3708500507949881,0.3170895569576231,0.3855408776737353,0.05517198291928353,6.987982981104388,0.6857142857142857,1.0088180792985326,-0.04546135089472725,0.13298773765563965
IWM,1d,10,1.0,0.25,12,26,0.3669534270538368,0.22968323666606527,0.3870135041891539,0.05457605241670763,7.091269651277959,0.8,1.1986785006013216,-0.04546135089472725,0.1069326400756836
IWM,1d,10,1.0,0.25,20,50,0.3067921124480661,0.2599224640315272,0.3117796751027349,0.08398181892131115,3.712466330300188,0.2571428571428571,0.4512284881725798,-0.005465914599649846,0.10095047950744629
IWM,1d,10,1.0,0.5,8,21,0.7002013775992005,0.5942643298970525,0.6984741012763116,0.049980764860710555,13.974858192403854,0.9142857142857143,1.462250531588647,-0.06030478523450267,0.10303378105163574
IWM,1d,10,1.0,0.5,9,21,0.6668339008306893,0.4713474597275351,0.6661552976927059,0.05067815556668377,13.144821279380611,0.9142857142857143,1.4264048885312206,-0.06030478523450267,0.10592508316040039
IWM,1d,10,1.0,0.5,10,30,0.6087202142773656,0.3846692185766041,0.6180859715497429,0.05190619135983039,11.907750411987895,0.6857142857142857,1.089469811662529,-0.056276960517898544,0.10466361045837402
IWM,1d,10,1.0,0.5,12,26,0.6145575348345725,0.2743969551391794,0.6365568072532721,0.05261568020117697,12.098233926072725,0.8,1.2962246748024604,-0.056276960517898544,0.10147285461425781
IWM,1d,10,1.0,0.5,20,50,0.4879670961192129,0.3235385397139201,0.47860914042167557,0.06482907192332077,7.382631375438631,0.2571428571428571,0.4668120726479901,-0.010431829199299525,0.09994626045227051
IWM,1d,10,1.0,0.75,8,21,0.9219855191513108,0.6302577788886472,0.9110221080606025,0.04849553334417232,18.78569107787902,0.9142857142857143,1.551348808308471,-0.07179147517176698,0.10984134674072266
IWM,1d,10,1.0,0.75,9,21,0.879161083748555,0.483706917296983,0.8711504544969078,0.05394513303700466,16.148823915205213,0.9142857142857143,1.5154917917660762,-0.07179147517176698,0.1038365364074707
IWM,1d,10,1.0,0.75,10,30,0.8018950760977699,0.4052671508632697,0.8095963373119097,0.05772301011480508,14.025539134250042,0.6857142857142857,1.1387319217537217,-0.06709257014106929,0.10527777671813965
IWM,1d,10,1.0,0.75,12,26,0.8137203789350056,0.27465773844974106,0.839383679972365,0.058194923178950385,14.42365818391487,0.8,1.359091089942704,-0.06709257014106929,0.11623954772949219
IWM,1d,10,1.0,0.75,20,50,0.6364660224016078,0.3442806668094933,0.6205447915077563,0.06395177040262293,9.703324671091595,0.2571428571428571,0.4779236252538557,-0.015397743798949204,0.09908103942871094
IWM,1d,10,1.0,1.0,8,21,1.1001444090659114,0.6179011018532141,1.0827428893687547,0.049151756809760465,22.02856946821778,0.9142857142857143,1.6193751657363011,-0.08327816510903174,0.10342526435852051
IWM,1d,10,1.0,1.0,9,21,1.049583790863375,0.4517220606233854,1.0366144499329446,0.05803799052447104,17.860963837055458,0.9142857142857143,1.582889871951822,-0.08327816510903174,0.10702967643737793
IWM,1d,10,1.0,1.0,10,30,0.9568077304314346,0.38739855833227943,0.9637599223078887,0.06376095136466052,15.115206120372479,0.6857142857142857,1.1748720311740228,-0.07790817976424058,0.12409472465515137
IWM,1d,10,1.0,1.0,12,26,0.9730642850478229,0.23993381854825246,1.002149297335917,0.06380514863687022,15.70640173631409,0.8,1.405968423409881,-0.07790817976424058,0.108795166015625
IWM,1d,10,1.0,1.0,20,50,0.7558797837055193,0.3300876499901497,0.7359255555907409,0.06667406053083647,11.037659169571329,0.2571428571428571,0.4864239419989758,-0.020363658398598883,0.1013631820678711
IWM,1d,14,0.0,0.0,8,21,-0.06880400679596879,-0.22089781998573133,0.13504782010220553,0.31181104002848176,0.4331078851148755,0.3142857142857143,0.2901522987298401,-0.02884297300066263,0.10797643661499023
IWM,1d,14,0.0,0.0,9,21,0.14008877355770855,0.09971876357137299,0.0901451999659797,0.32805583925797066,0.2747861466812451,0.2857142857142857,0.25384330904774893,-0.0276495695917629,0.11198544502258301
IWM,1d,14,0.0,0.0,10,30,0.2726077867235308,0.34342002778560965,0.0323240394128534,0.36959355944033967,0.08745834062097935,0.2,0.08525926307356461,-0.03640143999118761,0.10301589965820312
IWM,1d,14,0.0,0.0,12,26,0.23619482410320258,0.276152344390749,0.14905929216269825,0.290959624803079,0.5123023246389643,0.2857142857142857,0.24549903286310285,-0.036965688275868436,0.10071182250976562
IWM,1d,14,0.0,0.0,20,50,-0.08564444936955477,-0.2431376984986907,0.1438436057592419,0.25977081878836095,0.553732734223829,0.02857142857142857,0.08990873483541155,0.0,0.09698629379272461
IWM,1d,14,0.0,0.25,8,21,0.14628661091184833,-0.38668003970502596,0.2789010043734205,0.11829273355434361,2.3577188217169196,0.6571428571428571,0.926194917274427,-0.02884297300066263,0.10587573051452637
IWM,1d,14,0.0,0.25,9,21,0.24733706384051904,-0.04230404929843845,0.25441853524117775,0.14848171538118274,1.7134671066267901,0.6571428571428571,0.9739086262357142,-0.0276495695917629,0.13258695602416992
IWM,1d,14,0.0,0.25,10,30,0.2808142763344912,0.22948476992493316,0.2194949036614405,0.1274026766566437,1.7228437378359778,0.42857142857142855,0.5553299498791037,-0.03640143999118761,0.10941958427429199
IWM,1d,14,0.0,0.25,12,26,0.2747795458207006,0.15560003921445964,0.26763972692230575,0.1293343011927283,2.0693638458948396,0.5428571428571428,0.7569610915071252,-0.036965688275868436,0.11741065979003906
IWM,1d,14,0.0,0.25,20,50,0.09629695271337582,-0.4060650017761839,0.2314479258229342,0.13872325145609343,1.6684147999240673,0.14285714285714285,0.3165707286786828,0.0,0.10273885726928711
IWM,1d,14,0.0,0.5,8,21,0.34016421975399347,-0.524292554274806,0.4500149238580737,0.08520183387615958,5.281751617132655,0.6571428571428571,0.937437856805113,-0.02884297300066263,0.1123046875
IWM,1d,14,0.0,0.5,9,21,0.42031095674121094,-0.17046827061726133,0.43500620472449275,0.10851960970315605,4.008549292744476,0.6571428571428571,0.9824431252753251,-0.0276495695917629,0.10880303382873535
IWM,1d,14,0.0,0.5,10,30,0.423049628265726,0.11747824812154972,0.38864278270399766,0.08381634506569162,4.636837628739315,0.42857142857142855,0.5533683224396511,-0.03640143999118761,0.10979580879211426
IWM,1d,14,0.0,0.5,12,26,0.4266301661441203,0.04197925682559944,0.4209380114029909,0.09014921910616377,4.669347284165328,0.5428571428571428,0.7604065796150623,-0.036965688275868436,0.10991907119750977
IWM,1d,14,0.0,0.5,20,50,0.2658922443262352,-0.5422818401215732,0.35200540020499627,0.10145016105860045,3.469737223991868,0.14285714285714285,0.3169083464896472,0.0,0.09752225875854492
IWM,1d,14,0.0,0.75,8,21,0.48777361935214264,-0.6370726593176166,0.5898097448555604,0.07898883326764564,7.467001605873199,0.6571428571428571,0.9469300562817075,-0.02884297300066263,0.1059732437133789
IWM,1d,14,0.0,0.75,9,21,0.5629266066590665,-0.2854142778812947,0.5802065224219105,0.09629137858257521,6.025529294134585,0.6571428571428571,0.9879447736852589,-0.0276495695917629,0.1064605712890625
IWM,1d,14,0.0,0.75,10,30,0.5489362928257427,0.008757727461794484,0.522548346068737,0.07061234989976346,7.400240139444608,0.42857142857142855,0.5519069205972794,-0.03640143999118761,0.10475397109985352
IWM,1d,14,0.0,0.75,12,26,0.5577656727174813,-0.06453334175244241,0.5484136545463978,0.07738691585114639,7.086645701209628,0.5428571428571428,0.7635034990980176,-0.036965688275868436,0.10505962371826172
IWM,1d,14,0.0,0.75,20,50,0.39369755858450195,-0.6549911083390874,0.45345404327569616,0.08718985882410993,5.200765884831391,0.14285714285714285,0.31714479111956706,0.0,0.09517097473144531
IWM,1d,14,0.0,1.0,8,21,0.6045132400799835,-0.7282546033001922,0.7023815311513664,0.0793129776480317,8.855820976339265,0.6571428571428571,0.9546442265334409,-0.02884297300066263,0.1046147346496582
IWM,1d,14,0.0,1.0,9,21,0.6780936646432962,-0.38787196728471074,0.696636245613113,0.09165454334978017,7.600673356197392,0.6571428571428571,0.9920966272037727,-0.0276495695917629,0.10541772842407227
IWM,1d,14,0.0,1.0,10,30,0.6524677293285035,-0.09555327868577845,0.6295549533674663,0.06614438214308722,9.51789000017534,0.42857142857142855,0.5507820951600082,-0.03640143999118761,0.1007089614868164
IWM,1d,14,0.0,1.0,12,26,0.6649290410304314,-0.16385545553509784,0.6516310895400813,0.07267674610900401,8.966156637815544,0.5428571428571428,0.7661329521220458,-0.036965688275868436,0.10321688652038574
IWM,1d,14,0.0,1.0,20,50,0.4945538801119178,-0.7471850171231098,0.5360281224905223,0.08012809896871137,6.689639831588067,0.14285714285714285,0.31731953788862394,0.0,0.09621810913085938
IWM,1d,14,0.1,0.0,8,21,-0.09020455124466138,-0.24841574636644959,0.1649533119476109,0.3603622529903986,0.4577430365660575,0.3142857142857143,0.24877488502005066,-0.030256229445811633,0.10423970222473145
IWM,1d,14,0.1,0.0,9,21,0.186725028287957,0.18459543539721834,0.13287925592436586,0.34123160024652394,0.38941075746902337,0.2571428571428571,0.15226235178787345,-0.05210531018140174,0.10360407829284668
IWM,1d,14,0.1,0.0,10,30,0.24957622316990533,0.29293876584074674,0.15221069333665574,0.4441768967988103,0.3426803474778642,0.2,0.08525926307356461,-0.03640143999118761,0.10055851936340332
IWM,1d,14,0.1,0.0,12,26,0.18411735842422025,0.17736840245740715,0.18795672927606705,0.31683975449010976,0.5932233143487496,0.2857142857142857,0.2773702932194263,-0.032289717385427075,0.10480904579162598
IWM,1d,14,0.1,0.0,20,50,-0.04340981776676275,-0.18949088836203065,0.1544956956350678,0.26183251271720265,0.5900554290671072,0.02857142857142857,0.08990873483541155,0.0,0.10313844680786133
IWM,1d,14,0.1,0.25,8,21,0.15043856955260873,-0.41366832900596984,0.2949252819732934,0.13913927834254852,2.119640733274565,0.7142857142857143,1.0909456166840463,-0.026490701607532197,0.11582660675048828
IWM,1d,14,0.1,0.25,9,21,0.2672685326936243,0.05118662884330849,0.27058786251191214,0.14473917958447877,1.8694859490617761,0.6857142857142857,1.0921290307932843,-0.026490701607532197,0.1101369857788086
IWM,1d,14,0.1,0.25,10,30,0.27465303833666543,0.17196972933555843,0.27331602720399867,0.1455884878461992,1.8773189504703958,0.42857142857142855,0.5553299498791037,-0.03640143999118761,0.10869717597961426
IWM,1d,14,0.1,0.25,12,26,0.25833669364116807,0.04335121038594392,0.2868622664288856,0.14006630394662867,2.048046234861688,0.6,0.9705184224859007,-0.024176216029999975,0.11246037483215332
IWM,1d,14,0.1,0.25,20,50,0.11568837450887146,-0.35261753985519817,0.23922069003175808,0.13534494853982573,1.767488869090423,0.14285714285714285,0.3165707286786828,0.0,0.10886049270629883
IWM,1d,14,0.1,0.5,8,21,0.3553375248406893,-0.5493276486292988,0.46500739793450735,0.0940204832426875,4.945809486367149,0.7142857142857143,1.1077357057739337,-0.026490701607532197,0.10475802421569824
IWM,1d,14,0.1,0.5,9,21,0.4386093083905649,-0.07211812623204505,0.4498955766887832,0.10311997032094715,4.362836561032196,0.6857142857142857,1.1079452431729078,-0.026490701607532197,0.10295486450195312
IWM,1d,14,0.1,0.5,10,30,0.4253979975542778,0.054973457616500854,0.43115358797316716,0.08797722172951747,4.9007411179536,0.42857142857142855,0.5533683224396511,-0.03640143999118761,0.10362863540649414
IWM,1d,14,0.1,0.5,12,26,0.4218435239625914,-0.07994921472365724,0.4408756593283688,0.09987324267665859,4.414352107858474,0.6,0.9786572735532981,-0.024176216029999975,0.10077404975891113
IWM,1d,14,0.1,0.5,20,50,0.2787153543911724,-0.4920638124263934,0.3615981569609129,0.09683925382307958,3.7340039569236505,0.14285714285714285,0.3169083464896472,0.0,0.09749889373779297
IWM,1d,14,0.1,0.75,8,21,0.5103364639709842,-0.6592796494007711,0.6055864423579173,0.08086594542670067,7.488769705992482,0.7142857142857143,1.1189791392023092,-0.026490701607532197,0.10296154022216797
IWM,1d,14,0.1,0.75,9,21,0.582343961868221,-0.1853553514828028,0.5964568079145899,0.09067537328945315,6.577936062204956,0.6857142857142857,1.1157750780424194,-0.026490701607532197,0.12252116203308105
IWM,1d,14,0.1,0.75,10,30,0.5563019450722365,-0.05686158798002039,0.5627039378444014,0.06857411251016363,8.205777913071802,0.42857142857142855,0.5519069205972794,-0.03640143999118761,0.10173821449279785
IWM,1d,14,0.1,0.75,12,26,0.5591768470960075,-0.1927414773251388,0.5707207722959681,0.08865900402701157,6.437256751971719,0.6,0.9831151961329739,-0.024176216029999975,0.10775351524353027
IWM,1d,14,0.1,0.75,20,50,0.4039368626452549,-0.6101097113429524,0.4647687821965925,0.08165652361760403,5.691753231782141,0.14285714285714285,0.31714479111956706,0.0,0.09647727012634277
IWM,1d,14,0.1,1.0,8,21,0.632663340673658,-0.747191401673478,0.7191335646289935,0.0767606868549519,9.368513937191295,0.7142857142857143,1.1275435107802363,-0.026490701607532197,0.10432147979736328
IWM,1d,14,0.1,1.0,9,21,0.6988977358119565,-0.2886881703916975,0.7145023308206101,0.08626486563158656,8.282657436366417,0.6857142857142857,1.121141169121992,-0.026490701607532197,0.10488510131835938
IWM,1d,14,0.1,1.0,10,30,0.6634231271303078,-0.16260679401571831,0.669209949398811,0.0605335096053152,11.055198249071129,0.42857142857142855,0.5507820951600082,-0.03640143999118761,0.10248565673828125
IWM,1d,14,0.1,1.0,12,26,0.6706071261658868,-0.29533427239513543,0.6761860504245883,0.08585574175175231,7.8758395959089995,0.6,0.98636516668964,-0.024176216029999975,0.10264968872070312
IWM,1d,14,0.1,1.0,20,50,0.5033169838726568,-0.7089737281042966,0.5487496037593145,0.07398951864567858,7.416585670561929,0.14285714285714285,0.31731953788862394,0.0,0.11917638778686523
IWM,1d,14,0.25,0.0,8,21,-0.13881532880954203,-0.29885367690912445,0.10381295017095882,0.3337264700400473,0.3110719690844458,0.3142857142857143,0.24877488502005066,-0.030256229445811633,0.11797308921813965
IWM,1d,14,0.25,0.0,9,21,0.13210086217011133,0.08658812948001238,0.18772011669226724,0.40684404568639765,0.461405589396201,0.2571428571428571,0.15226235178787345,-0.05210531018140174,0.1083676815032959
IWM,1d,14,0.25,0.0,10,30,0.3377013530186724,0.47667123846675796,0.15942108051566922,0.45534648372561015,0.3501093918883443,0.2,0.08525926307356461,-0.03640143999118761,0.10179924964904785
IWM,1d,14,0.25,0.0,12,26,0.10377842891691219,0.044017873326256396,0.2307175093562326,0.3193168098577373,0.7225348062916648,0.2857142857142857,0.2773702932194263,-0.032289717385427075,0.1364152431488037
IWM,1d,14,0.25,0.0,20,50,0.18580213391445563,0.1776559794388397,0.17563520604682048,0.30829823232585607,0.5696925497165443,0.02857142857142857,0.08990873483541155,0.0,0.09817790985107422
IWM,1d,14,0.25,0.25,8,21,0.15097078038351708,-0.46453119668639764,0.2877595758493939,0.126123557770722,2.2815688118512116,0.7142857142857143,1.0909456166840463,-0.026490701607532197,0.1068277359008789
IWM,1d,14,0.25,0.25,9,21,0.2739929285475352,-0.05701589300520571,0.3086701312095691,0.15850184258253006,1.9474229837350199,0.6857142857142857,1.0921290307932843,-0.026490701607532197,0.10388803482055664
IWM,1d,14,0.25,0.25,10,30,0.3203160017646886,0.38637440374008203,0.30348812803911723,0.1251969031415783,2.424086542267896,0.42857142857142855,0.5553299498791037,-0.03640143999118761,0.10135722160339355
IWM,1d,14,0.25,0.25,12,26,0.2972863880156986,0.11478728229979063,0.31742434719588514,0.11833307381936826,2.682465154927214,0.6,0.9705184224859007,-0.024176216029999975,0.10387992858886719
IWM,1d,14,0.25,0.25,20,50,0.23368084266169462,0.05777540635579426,0.2544427999835115,0.13731394417011095,1.8530004474148367,0.14285714285714285,0.3165707286786828,0.0,0.09651899337768555
IWM,1d,14,0.25,0.5,8,21,0.37356010212780705,-0.597629794755395,0.4832556763115058,0.0869447861675834,5.558190405805879,0.7142857142857143,1.1077357057739337,-0.026490701607532197,0.11591815948486328
IWM,1d,14,0.25,0.5,9,21,0.4760808625777085,-0.18619345137389576,0.4911120042331696,0.103829101114586,4.730003428337277,0.6857142857142857,1.1079452431729078,-0.026490701607532197,0.10646653175354004
IWM,1d,14,0.25,0.5,10,30,0.47368742488822,0.2936946010097743,0.4730728343245915,0.07616960573360691,6.210782237459663,0.42857142857142855,0.5533683224396511,-0.03640143999118761,0.114776611328125
IWM,1d,14,0.25,0.5,12,26,0.49655646236281537,0.1343484403822468,0.4821641229091692,0.08799019303869617,5.479748438523416,0.6,0.9786572735532981,-0.024176216029999975,0.13350677490234375
IWM,1d,14,0.25,0.5,20,50,0.3742271096419467,-0.05333869996355889,0.37942983984236356,0.095240267073965,3.9839224678747773,0.14285714285714285,0.3169083464896472,0.0,0.10183358192443848
IWM,1d,14,0.25,0.75,8,21,0.5398883613190184,-0.7029806092501707,0.6400731215147345,0.07418599784256748,8.627950558447088,0.7142857142857143,1.1189791392023092,-0.026490701607532197,0.1102299690246582
IWM,1d,14,0.25,0.75,9,21,0.6403308693803511,-0.3016535731710742,0.6429766811773638,0.08292386458689355,7.753819535311297,0.6857142857142857,1.1157750780424194,-0.026490701607532197,0.11445331573486328
IWM,1d,14,0.25,0.75,10,30,0.6103702420202177,0.19998981720480802,0.6137301380461946,0.06643941754480948,9.237440072864421,0.42857142857142855,0.5519069205972794,-0.03640143999118761,0.10495567321777344
IWM,1d,14,0.25,0.75,12,26,0.6560779000492973,0.11393650332927474,0.6220250869661627,0.0834961776970619,7.44974325918216,0.6,0.9831151961329739,-0.024176216029999975,0.10696530342102051
IWM,1d,14,0.25,0.75,20,50,0.494474423440644,-0.15588344395756215,0.48622286575550494,0.08301286498762193,5.857198951367426,0.14285714285714285,0.31714479111956706,0.0,0.1017770767211914
IWM,1d,14,0.25,1.0,8,21,0.6706596776525439,-0.7850805267936697,0.7656834792554321,0.06886004990302705,11.119415108378728,0.7142857142857143,1.1275435107802363,-0.026490701607532197,0.1102597713470459
IWM,1d,14,0.25,1.0,9,21,0.7723551544824967,-0.4041972251481001,0.7658030537974471,0.07196960986558991,10.64064478364767,0.6857142857142857,1.121141169121992,-0.026490701607532197,0.10593843460083008
IWM,1d,14,0.25,1.0,10,30,0.7228030967505181,0.10649233397064295,0.7273339091318107,0.0666374800715651,10.914787119061119,0.42857142857142855,0.5507820951600082,-0.03640143999118761,0.10805034637451172
IWM,1d,14,0.25,1.0,12,26,0.7836533615025133,0.06363882183514935,0.7357117633677018,0.08500455009734863,8.654969204885532,0.6,0.98636516668964,-0.024176216029999975,0.10446715354919434
IWM,1d,14,0.25,1.0,20,50,0.5925423359460591,-0.250117344417374,0.5734063215896786,0.07958406780833063,7.205039116254574,0.14285714285714285,0.31731953788862394,0.0,0.09426546096801758
IWM,1d,14,0.4,0.0,8,21,-0.11024870678531615,-0.26633588427362453,0.14718096701107647,0.37830187990237524,0.389056927364617,0.3142857142857143,0.24877488502005066,-0.030256229445811633,0.1022031307220459
IWM,1d,14,0.4,0.0,9,21,0.0956973233664172,0.02675737603842232,0.0956800048223317,0.39436321709149397,0.24261898847461102,0.2571428571428571,0.15226235178787345,-0.05210531018140174,0.10227441787719727
IWM,1d,14,0.4,0.0,10,30,0.31843381102776497,0.4425085572130443,0.15243737784269792,0.4586056623377103,0.3323931437428379,0.2,0.08525926307356461,-0.03640143999118761,0.09954071044921875
IWM,1d,14,0.4,0.0,12,26,0.2130238567493406,0.2250467462558159,0.26855044100685865,0.3478241783000978,0.7720867546337078,0.2857142857142857,0.2773702932194263,-0.032289717385427075,0.10672283172607422
IWM,1d,14,0.4,0.0,20,50,0.10583970816579445,0.05023071239786203,0.14812753814822724,0.2659085482673402,0.5570619640226917,0.02857142857142857,0.08990873483541155,0.0,0.10242438316345215
IWM,1d,14,0.4,0.25,8,21,0.18970095128780273,-0.4326895642991536,0.30673774736919424,0.13732354367591298,2.233686512584492,0.7142857142857143,1.0909456166840463,-0.026490701607532197,0.1074988842010498
IWM,1d,14,0.4,0.25,9,21,0.2738833461141734,-0.12163399077215509,0.29405927459977954,0.14764717184649367,1.9916349966087268,0.6857142857142857,1.0921290307932843,-0.026490701607532197,0.10977458953857422
IWM,1d,14,0.4,0.25,10,30,0.321159292154909,0.3379645151691899,0.3113239086349664,0.1317454013503675,2.363072300391136,0.42857142857142855,0.5553299498791037,-0.03640143999118761,0.10877180099487305
IWM,1d,14,0.4,0.25,12,26,0.3349602316861093,0.36441297462395705,0.33238424688332113,0.11512111769891008,2.8872569475276038,0.6,0.9705184224859007,-0.024176216029999975,0.11446213722229004
IWM,1d,14,0.4,0.25,20,50,0.20077755417795984,-0.08436203380430363,0.2348547630772265,0.125477380681391,1.871690035302568,0.14285714285714285,0.3165707286786828,0.0,0.1186685562133789
IWM,1d,14,0.4,0.5,8,21,0.4256179389236737,-0.5681168811174198,0.5094858577814073,0.09278776575046024,5.490873216535879,0.7142857142857143,1.1077357057739337,-0.026490701607532197,0.14406228065490723
IWM,1d,14,0.4,0.5,9,21,0.4911294347082857,-0.2527995754156046,0.49984588885209913,0.10063971765883373,4.966686120350267,0.6857142857142857,1.1079452431729078,-0.026490701607532197,0.1360621452331543
IWM,1d,14,0.4,0.5,10,30,0.48518643554300817,0.23302524614913178,0.4931254778254427,0.07659415979997584,6.438160286805551,0.42857142857142855,0.5533683224396511,-0.03640143999118761,0.148421049118042
IWM,1d,14,0.4,0.5,12,26,0.5256435624151817,0.4493163898285333,0.5027727420407484,0.08049419190233142,6.246074780784104,0.6,0.9786572735532981,-0.024176216029999975,0.10425710678100586
IWM,1d,14,0.4,0.5,20,50,0.35294951290326154,-0.20499357428054643,0.371330474117066,0.09031105861653059,4.11168332876897,0.14285714285714285,0.3169083464896472,0.0,0.09346556663513184
IWM,1d,14,0.4,0.75,8,21,0.604099113501779,-0.6767999345928883,0.674165441820892,0.07753881272937661,8.694554611944367,0.7142857142857143,1.1189791392023092,-0.026490701607532197,0.10309147834777832
IWM,1d,14,0.4,0.75,9,21,0.6652534465775077,-0.36800430184721755,0.6648539142359536,0.08376869952189075,7.936782092005756,0.6857142857142857,1.1157750780424194,-0.026490701607532197,0.11039400100708008
IWM,1d,14,0.4,0.75,10,30,0.6290409506166741,0.12913504376175022,0.642685229441077,0.0637312839202515,10.084297536595757,0.42857142857142855,0.5519069205972794,-0.03640143999118761,0.1106424331665039
IWM,1d,14,0.4,0.75,12,26,0.6834985377080522,0.48692489064748523,0.6486325207328711,0.0740954549345696,8.754012257643195,0.6,0.9831151961329739,-0.024176216029999975,0.11517786979675293
IWM,1d,14,0.4,0.75,20,50,0.47783152760034575,-0.3126190767770859,0.48578928362341134,0.07911016339480709,6.140668439768376,0.14285714285714285,0.31714479111956706,0.0,0.10379767417907715
IWM,1d,14,0.4,1.0,8,21,0.744880960858037,-0.7627307884598307,0.8064747971666864,0.0704089921629708,11.454144881096939,0.7142857142857143,1.1275435107802363,-0.026490701607532197,0.11588788032531738
IWM,1d,14,0.4,1.0,9,21,0.8046858810098292,-0.4685506009676007,0.796946974773071,0.07538414479693857,10.57181157814814,0.6857142857142857,1.121141169121992,-0.026490701607532197,0.10790300369262695
IWM,1d,14,0.4,1.0,10,30,0.7469075340519724,0.027546452639383823,0.7631933493068993,0.06326523513831693,12.063392282322637,0.42857142857142855,0.5507820951600082,-0.03640143999118761,0.10351419448852539
IWM,1d,14,0.4,1.0,12,26,0.8107974594256974,0.48451046730216407,0.7674066138044963,0.07469743064303093,10.273534272843069,0.6,0.98636516668964,-0.024176216029999975,0.1018974781036377
IWM,1d,14,0.4,1.0,20,50,0.5785863231187047,-0.40820410719988376,0.5787375637450747,0.07501303922038727,7.715159521063422,0.14285714285714285,0.31731953788862394,0.0,0.0981590747833252
IWM,1d,14,0.55,0.0,8,21,-0.20586668893971058,-0.37189927051448357,0.15361678093954503,0.40508035725178315,0.37922545043096834,0.2857142857142857,0.24640332307366677,-0.035206312208833745,0.10982918739318848
IWM,1d,14,0.55,0.0,9,21,0.1499372204803897,0.11804812327484915,0.19788558094236436,0.31660229989178723,0.6250288801123696,0.2571428571428571,0.18009566256820295,-0.04417833565199336,0.11095070838928223
IWM,1d,14,0.55,0.0,10,30,0.30247218002689097,0.4113279399126044,0.1911699978285763,0.3923137371277757,0.4872885645763474,0.17142857142857143,0.08858782953498168,-0.052766795663271804,0.11203265190124512
IWM,1d,14,0.55,0.0,12,26,0.06914897054652612,-0.00601450383749369,0.27963096109085933,0.36690380628080826,0.762136986054718,0.3142857142857143,0.363362715729174,-0.032289717385427075,0.11356306076049805
IWM,1d,14,0.55,0.0,20,50,0.11730360483198896,0.06810098770515749,0.23144451027842985,0.2996771385027596,0.7723128678909839,0.02857142857142857,0.08990873483541155,0.0,0.10124659538269043
IWM,1d,14,0.55,0.25,8,21,0.18441096495568865,-0.5327888246092229,0.32677770906680537,0.13341730625315473,2.449290262589742,0.8571428571428571,1.4007785550737937,-0.04029135764553571,0.10711479187011719
IWM,1d,14,0.55,0.25,9,21,0.3034735876297606,-0.022650925379237297,0.346221620283327,0.11825229953752019,2.9278214600256005,0.8285714285714286,1.3729974297378884,-0.04029135764553571,0.11518669128417969
IWM,1d,14,0.55,0.25,10,30,0.32332012912268976,0.3020549537515804,0.34344295542511605,0.12441069019189052,2.760558235754428,0.6,1.0127203601969386,-0.024176216029999975,0.10519266128540039
IWM,1d,14,0.55,0.25,12,26,0.30946820281768106,0.050129977402019854,0.3554701841424689,0.11027486392424816,3.2234923852334503,0.7428571428571429,1.2657719591161898,-0.024176216029999975,0.10464787483215332
IWM,1d,14,0.55,0.25,20,50,0.21977733195544233,-0.07375063722545483,0.2647632673040108,0.1371789962872151,1.9300568925994275,0.17142857142857143,0.3721068438397039,0.0,0.0991058349609375
IWM,1d,14,0.55,0.5,8,21,0.44714905289578155,-0.6578359814236372,0.5459680674969982,0.0862825060908229,6.327679760741998,0.8571428571428571,1.437049754403054,-0.05409201368353944,0.12891006469726562
IWM,1d,14,0.55,0.5,9,21,0.524954337514424,-0.15024996563812976,0.5501214944754532,0.09100109028402019,6.045218719451482,0.8285714285714286,1.4011357793223707,-0.05409201368353944,0.10318207740783691
IWM,1d,14,0.55,0.5,10,30,0.4977524765232956,0.19362318570353154,0.5301813704199201,0.08087732877368847,6.555376870859291,0.6,1.0223364003592665,-0.024176216029999975,0.10669827461242676
IWM,1d,14,0.55,0.5,12,26,0.5339003795230213,0.0578318652568397,0.5386948175046257,0.07499080434924482,7.183478323499946,0.7428571428571429,1.278530433808503,-0.024176216029999975,0.1007840633392334
IWM,1d,14,0.55,0.5,20,50,0.3844374406967794,-0.20059363623899917,0.3947153455341922,0.09067706468852253,4.352978858436221,0.17142857142857143,0.37271373140468345,0.0,0.09760332107543945
IWM,1d,14,0.55,0.75,8,21,0.6422503574382749,-0.7536599400750902,0.7235123254065965,0.06947317828608014,10.414268401933205,0.8571428571428571,1.4630573094951678,-0.06789266972154273,0.11213946342468262
IWM,1d,14,0.55,0.75,9,21,0.7046855554396068,-0.26520157440788783,0.7182800877385105,0.08397028561844735,8.553979332668986,0.8285714285714286,1.4187747968925342,-0.06789266972154273,0.10790371894836426
IWM,1d,14,0.55,0.75,10,30,0.648696286507355,0.08741301985790728,0.6845829866466521,0.07040364624286471,9.723686530170777,0.6,1.027882062325056,-0.026583505717452494,0.10672426223754883
IWM,1d,14,0.55,0.75,12,26,0.7113813679340767,0.02891033815537325,0.6947621972867953,0.06769153471974158,10.263649659640153,0.7428571428571429,1.2879002990472757,-0.026583505717452494,0.10703396797180176
IWM,1d,14,0.55,0.75,20,50,0.5193196174061862,-0.31340087280000806,0.509290438345589,0.07310834194420378,6.966242494382912,0.17142857142857143,0.37314220122796676,0.0,0.10011100769042969
IWM,1d,14,0.55,1.0,8,21,0.7953237407952345,-0.8260095338250432,0.8660045450173053,0.06179530902871817,14.014082276291335,0.8571428571428571,1.4832535456925322,-0.08169332575954669,0.1113576889038086
IWM,1d,14,0.55,1.0,9,21,0.8490180789058047,-0.3680856519537754,0.8537829013612732,0.08173674617000323,10.445521033899501,0.8285714285714286,1.4320500761425414,-0.08169332575954669,0.10946536064147949
IWM,1d,14,0.55,1.0,10,30,0.7719096685834369,-0.015414562070269366,0.8090442088231606,0.06869293084165709,11.777692390037553,0.6,1.0319688802268216,-0.03754414222876734,0.10636425018310547
IWM,1d,14,0.55,1.0,12,26,0.852817526453342,-0.02640629219391777,0.8216120676377043,0.06773737288759568,12.129376038853744,0.7428571428571429,1.2953526507946154,-0.03754414222876734,0.1106100082397461
IWM,1d,14,0.55,1.0,20,50,0.6280527910681571,-0.4131845349567682,0.6035052144140425,0.06525512501493275,9.248395651313801,0.17142857142857143,0.3734607825813353,0.0,0.0952596664428711
IWM,1d,14,0.7,0.0,8,21,-0.1550139053615819,-0.31891949366536076,0.22631451119533952,0.3140521831749492,0.7206270910374992,0.3142857142857143,0.2965864970128003,-0.035206312208833745,0.10642576217651367
IWM,1d,14,0.7,0.0,9,21,0.13493907075381822,0.09390740094296568,0.3275668013707678,0.2706228930975094,1.2104179274025448,0.3142857142857143,0.2441696092556126,-0.04417833565199336,0.10108590126037598
IWM,1d,14,0.7,0.0,10,30,0.31497282279398425,0.4207720350020572,0.24193639246526333,0.3403421606914751,0.7108622451409481,0.17142857142857143,0.08878853828660775,-0.052766795663271804,0.10817456245422363
IWM,1d,14,0.7,0.0,12,26,0.11718128448809134,0.06765281331669826,0.23041360368249708,0.2952368872458378,0.7804363669863391,0.3142857142857143,0.26138768270407187,-0.07274831334816734,0.10451078414916992
IWM,1d,14,0.7,0.0,20,50,0.08251395893103897,0.014935741130690294,0.2703336143550718,0.25443988796986855,1.062465545445789,0.02857142857142857,0.08990873483541155,0.0,0.10025334358215332
IWM,1d,14,0.7,0.25,8,21,0.2343150758648371,-0.47988088654279304,0.369045966268282,0.09975856633026899,3.6993912387081407,0.8857142857142857,1.459047456391019,-0.04029135764553571,0.11275887489318848
IWM,1d,14,0.7,0.25,9,21,0.32591010915130275,-0.057135436285957075,0.39414693078738605,0.09973670824138331,3.951874267130108,0.8571428571428571,1.433284495283991,-0.04029135764553571,0.11817312240600586
IWM,1d,14,0.7,0.25,10,30,0.3365701622165144,0.3074035015754839,0.3554055955568479,0.10394404057190808,3.4192012702352064,0.6285714285714286,1.0877587746646138,-0.024176216029999975,0.10817241668701172
IWM,1d,14,0.7,0.25,12,26,0.3327147771413385,0.1464385300878377,0.3570613116618116,0.09318741491154604,3.8316473528183606,0.7428571428571429,1.2281885390872387,-0.024176216029999975,0.10930919647216797
IWM,1d,14,0.7,0.25,20,50,0.2130667602954504,-0.13339229138136743,0.2913777647902692,0.109683494472024,2.6565324727558566,0.17142857142857143,0.3721068438397039,0.0,0.10109806060791016
IWM,1d,14,0.7,0.5,8,21,0.512314693279045,-0.6074208926264444,0.591295938340636,0.06625849245281562,8.924077751417496,0.8857142857142857,1.5056599959771884,-0.05409201368353944,0.10516190528869629
IWM,1d,14,0.7,0.5,9,21,0.5748172010422877,-0.19400561165106056,0.5942815129454165,0.07235451298742,8.213468495721088,0.8571428571428571,1.4704771937480114,-0.05409201368353944,0.10196661949157715
IWM,1d,14,0.7,0.5,10,30,0.5266376609098893,0.19362140531649707,0.5474155495643316,0.07309556137742318,7.489039542877227,0.6285714285714286,1.1002945140438827,-0.024176216029999975,0.10827016830444336
IWM,1d,14,0.7,0.5,12,26,0.5622179868686441,0.17321810829426387,0.5625419522568605,0.06825648910543003,8.241589329154472,0.7428571428571429,1.2560254166474685,-0.024176216029999975,0.11542010307312012
IWM,1d,14,0.7,0.5,20,50,0.38672610672472957,-0.2643970545006997,0.42926250524782167,0.0780971274346085,5.496521054596373,0.17142857142857143,0.37271373140468345,0.0,0.11395859718322754
IWM,1d,14,0.7,0.75,8,21,0.7220981358354791,-0.7072461630980506,0.7746338594544506,0.05519112936068253,14.035477592641728,0.8857142857142857,1.5405086247190745,-0.06789266972154273,0.12249350547790527
IWM,1d,14,0.7,0.75,9,21,0.7748426619298157,-0.3165511027425334,0.7654746318145067,0.06568682757445604,11.653396275635947,0.8571428571428571,1.4966887078843734,-0.06789266972154273,0.10863399505615234
IWM,1d,14,0.7,0.75,10,30,0.689359038422436,0.08135878048640577,0.7081326873796241,0.06874575617383047,10.300747664903712,0.6285714285714286,1.1066908002289975,-0.026583505717452494,0.12412261962890625
IWM,1d,14,0.7,0.75,12,26,0.7457119415175996,0.1588420303359499,0.7332845920118185,0.06502163535380681,11.277547665815314,0.7428571428571429,1.2760541454201295,-0.026583505717452494,0.11278605461120605
IWM,1d,14,0.7,0.75,20,50,0.5267351715310417,-0.3793251339860161,0.551582647804566,0.06825447558735942,8.08126709725564,0.17142857142857143,0.37314220122796676,0.0,0.1010274887084961
IWM,1d,14,0.7,1.0,8,21,0.8873395481157772,-0.7844218744856986,0.9223629289630406,0.05088718173170725,18.125643778545637,0.8857142857142857,1.5676935323313483,-0.08169332575954669,0.10740256309509277
IWM,1d,14,0.7,1.0,9,21,0.9350419441746778,-0.4250524893306641,0.9046475540929697,0.06458933621627148,14.006144157664666,0.8571428571428571,1.5168320042567074,-0.08169332575954669,0.11081409454345703
IWM,1d,14,0.7,1.0,10,30,0.8217655815313294,-0.027752395558483522,0.8380721373402645,0.07036184927872002,11.910888442122399,0.6285714285714286,1.1111756406025182,-0.03754414222876734,0.1201932430267334
IWM,1d,14,0.7,1.0,12,26,0.8923385774533278,0.11319360793342659,0.8711293624110461,0.06712086200843123,12.978518695150566,0.7428571428571429,1.291506894019489,-0.03754414222876734,0.11177396774291992
IWM,1d,14,0.7,1.0,20,50,0.639101736605572,-0.47947671364030653,0.6522016191293274,0.06472329983195753,10.076767112039285,0.17142857142857143,0.3734607825813353,0.0,0.10281038284301758
IWM,1d,14,0.85,0.0,8,21,0.06511024557020871,-0.014894942491144425,0.31154380936670406,0.28098900763138585,1.1087402030167721,0.5142857142857142,0.37459095942715165,-0.0992273551102717,0.10627126693725586
IWM,1d,14,0.85,0.0,9,21,0.18298343466584455,0.1750121745041755,0.3408439261535095,0.24863298880548076,1.3708716924131512,0.45714285714285713,0.1417477773263605,-0.0992273551102717,0.10614562034606934
IWM,1d,14,0.85,0.0,10,30,0.2197391243177091,0.2359860785501442,0.2166719952458404,0.2761865534111131,0.7845131943238264,0.2857142857142857,-0.044248826212297684,-0.06541929443017447,0.1071462631225586
IWM,1d,14,0.85,0.0,12,26,0.16336251601969126,0.13922234744437478,0.20206702552641764,0.28105096257710704,0.718969341622447,0.37142857142857144,0.10665459325959897,-0.06640034761868974,0.11403250694274902
IWM,1d,14,0.85,0.0,20,50,0.062015705758521944,-0.015131725258516804,0.18726435841811848,0.30171033255927526,0.6206759868965632,0.02857142857142857,-0.025508225435782846,-0.020729207328942567,0.11356377601623535
IWM,1d,14,0.85,0.25,8,21,0.33435979530803966,-0.1779402305395591,0.4264752524617572,0.07250992797921116,5.881611861261662,0.9142857142857143,1.4095416149115652,-0.023084105361804053,0.1299724578857422
IWM,1d,14,0.85,0.25,9,21,0.3882981357960023,0.2788878552931011,0.4179710974973526,0.07845393864816484,5.327598648320119,0.9142857142857143,1.3905013534945199,-0.023041405058004782,0.11462235450744629
IWM,1d,14,0.85,0.25,10,30,0.3677590550177121,0.37177559453384257,0.3611684037630965,0.0850283669416973,4.2476224906300315,0.6857142857142857,1.0512797604717554,-0.009577060284179595,0.12946796417236328
IWM,1d,14,0.85,0.25,12,26,0.3583645624990332,0.2452862915708569,0.37187266213540726,0.07114113271852156,5.22725247581826,0.8,1.2222975975987114,-0.009577060284179595,0.1060793399810791
IWM,1d,14,0.85,0.25,20,50,0.26656056486877167,0.04236762128895766,0.2829061463335413,0.09577714447649632,2.953796000912998,0.2571428571428571,0.4182189014308455,-0.029182979148961286,0.09976935386657715
IWM,1d,14,0.85,0.5,8,21,0.6136805563553834,-0.3194672763739077,0.6615281439763336,0.04904884098694618,13.487131003817037,0.9142857142857143,1.5107537541306464,-0.03382053450249545,0.11027264595031738
IWM,1d,14,0.85,0.5,9,21,0.6479633067976825,0.32213263325329233,0.6390626549007269,0.058763222211693944,10.875214646986338,0.9142857142857143,1.5009365520372595,-0.033735133894896685,0.10531377792358398
IWM,1d,14,0.85,0.5,10,30,0.5937053093610497,0.4496055623957824,0.5790370324818903,0.06783808682222743,8.535574330085122,0.6857142857142857,1.1053565821452007,-0.018654120568359245,0.11171483993530273
IWM,1d,14,0.85,0.5,12,26,0.5964011474926487,0.2983646717556827,0.6020821966392256,0.061287889201768565,9.823836397058548,0.8,1.283904928606256,-0.018654120568359245,0.11521363258361816
IWM,1d,14,0.85,0.5,20,50,0.4564622608464833,0.05265868405505025,0.4434628380416603,0.06411298097229833,6.916896255896601,0.2571428571428571,0.4338912289466941,-0.037636750968980226,0.10729455947875977
IWM,1d,14,0.85,0.75,8,21,0.834397715185723,-0.44098263954361816,0.8579004191306268,0.04539528721862684,18.898446770452605,0.9142857142857143,1.5817405268410258,-0.04455696364318662,0.11714386940002441
IWM,1d,14,0.85,0.75,9,21,0.8574976876459093,0.31683221858637767,0.8265635453355147,0.05913636594607021,13.977246185355803,0.9142857142857143,1.5709071309777678,-0.04442886273178859,0.11278200149536133
IWM,1d,14,0.85,0.75,10,30,0.7786681102102382,0.47739827088568587,0.7583271940186249,0.06846551566153991,11.076045899769811,0.6857142857142857,1.1364967785696292,-0.027731180852539006,0.1051476001739502
IWM,1d,14,0.85,0.75,12,26,0.7883153084644847,0.30776192420538084,0.7905185828119644,0.06541468357700927,12.084726847013306,0.8,1.3230169179774889,-0.027731180852539006,0.1158742904663086
IWM,1d,14,0.85,0.75,20,50,0.6066684426169792,0.027205123324943514,0.5791895104158703,0.059032498591738876,9.811367030582087,0.2571428571428571,0.44546871937206606,-0.046090522788999055,0.10846447944641113
IWM,1d,14,0.85,1.0,8,21,1.010344088763871,-0.54425796018635,1.0165146583090574,0.046055742086660294,22.071398966850722,0.9142857142857143,1.636331644343286,-0.05529339278387779,0.11967325210571289
IWM,1d,14,0.85,1.0,9,21,1.025290570138116,0.27420976775467976,0.9786180759716071,0.06318424016894912,15.48832546462327,0.9142857142857143,1.6229228712610764,-0.05512259156868038,0.1217794418334961
IWM,1d,14,0.85,1.0,10,30,0.9272981486468281,0.46345026463301653,0.9026633194843463,0.07208453047436142,12.522288950822812,0.6857142857142857,1.1588991424250732,-0.036808241136718545,0.11040449142456055
IWM,1d,14,0.85,1.0,12,26,0.9419529788591368,0.28226743281546174,0.942026024986883,0.07085899745679668,13.294374162734156,0.8,1.352148509801855,-0.036808241136718545,0.11431264877319336
IWM,1d,14,0.85,1.0,20,50,0.7263730356942075,-0.024135976839095186,0.6894513340079703,0.061047194034998344,11.293743224507715,0.2571428571428571,0.45452857057071033,-0.054544294609017774,0.10927057266235352
IWM,1d,14,1.0,0.0,8,21,0.2723472423470379,0.3393163130547996,0.34937854079268915,0.20213932108660032,1.728404641484913,0.42857142857142855,0.1203452952572481,-0.0992273551102717,0.13584518432617188
IWM,1d,14,1.0,0.0,9,21,0.2362328181898541,0.2703061630014658,0.31080026338818695,0.18109413304032296,1.7162359606591078,0.42857142857142855,0.03264509893085053,-0.0992273551102717,0.12543368339538574
IWM,1d,14,1.0,0.0,10,30,0.19435066679363205,0.19396479762555674,0.24598386418547707,0.21418914598980174,1.1484422473825504,0.22857142857142856,-0.3038230340963528,-0.06640034761868974,0.11877560615539551
IWM,1d,14,1.0,0.0,12,26,0.15718399531496605,0.13055677165453794,0.20108036433629178,0.20880508123972613,0.9630051296761035,0.2857142857142857,-0.0894318909989807,-0.06640034761868974,0.11884760856628418
IWM,1d,14,1.0,0.0,20,50,0.16597225014747893,0.14502975888439096,0.22770326540313984,0.25696381444057564,0.886129690668168,0.02857142857142857,-0.04545003749784971,-0.027928886345266912,0.10470342636108398
IWM,1d,14,1.0,0.25,8,21,0.42887317693087357,0.5002844550742236,0.44417280781052204,0.06252290183710944,7.10416175128472,0.8857142857142857,1.333097226125217,-0.04881809529723835,0.11704516410827637
IWM,1d,14,1.0,0.25,9,21,0.4062041922104327,0.4037939370406136,0.4198551281646985,0.05663229168083624,7.413705426771083,0.8857142857142857,1.2937518352174409,-0.04881809529723835,0.10383391380310059
IWM,1d,14,1.0,0.25,10,30,0.3708500507949881,0.3170895569576231,0.3855408776737353,0.05517198291928353,6.987982981104388,0.6857142857142857,1.0088180792985326,-0.04546135089472725,0.10112309455871582
IWM,1d,14,1.0,0.25,12,26,0.3669534270538368,0.22968323666606527,0.3870135041891539,0.05457605241670763,7.091269651277959,0.8,1.1986785006013216,-0.04546135089472725,0.10272693634033203
IWM,1d,14,1.0,0.25,20,50,0.3067921124480661,0.2599224640315272,0.3117796751027349,0.08398181892131115,3.712466330300188,0.2571428571428571,0.4512284881725798,-0.005465914599649846,0.09945917129516602
IWM,1d,14,1.0,0.5,8,21,0.7002013775992005,0.5942643298970525,0.6984741012763116,0.049980764860710555,13.974858192403854,0.9142857142857143,1.462250531588647,-0.06030478523450267,0.10391950607299805
IWM,1d,14,1.0,0.5,9,21,0.6668339008306893,0.4713474597275351,0.6661552976927059,0.05067815556668377,13.144821279380611,0.9142857142857143,1.4264048885312206,-0.06030478523450267,0.10340714454650879
IWM,1d,14,1.0,0.5,10,30,0.6087202142773656,0.3846692185766041,0.6180859715497429,0.05190619135983039,11.907750411987895,0.6857142857142857,1.089469811662529,-0.056276960517898544,0.10225224494934082
IWM,1d,14,1.0,0.5,12,26,0.6145575348345725,0.2743969551391794,0.6365568072532721,0.05261568020117697,12.098233926072725,0.8,1.2962246748024604,-0.056276960517898544,0.10245370864868164
IWM,1d,14,1.0,0.5,20,50,0.4879670961192129,0.3235385397139201,0.47860914042167557,0.06482907192332077,7.382631375438631,0.2571428571428571,0.4668120726479901,-0.010431829199299525,0.10401391983032227
IWM,1d,14,1.0,0.75,8,21,0.9219855191513108,0.6302577788886472,0.9110221080606025,0.04849553334417232,18.78569107787902,0.9142857142857143,1.551348808308471,-0.07179147517176698,0.11388802528381348
IWM,1d,14,1.0,0.75,9,21,0.879161083748555,0.483706917296983,0.8711504544969078,0.05394513303700466,16.148823915205213,0.9142857142857143,1.5154917917660762,-0.07179147517176698,0.12561559677124023
IWM,1d,14,1.0,0.75,10,30,0.8018950760977699,0.4052671508632697,0.8095963373119097,0.05772301011480508,14.025539134250042,0.6857142857142857,1.1387319217537217,-0.06709257014106929,0.11298823356628418
IWM,1d,14,1.0,0.75,12,26,0.8137203789350056,0.27465773844974106,0.839383679972365,0.058194923178950385,14.42365818391487,0.8,1.359091089942704,-0.06709257014106929,0.10825753211975098
IWM,1d,14,1.0,0.75,20,50,0.6364660224016078,0.3442806668094933,0.6205447915077563,0.06395177040262293,9.703324671091595,0.2571428571428571,0.4779236252538557,-0.015397743798949204,0.122283935546875
IWM,1d,14,1.0,1.0,8,21,1.1001444090659114,0.6179011018532141,1.0827428893687547,0.049151756809760465,22.02856946821778,0.9142857142857143,1.6193751657363011,-0.08327816510903174,0.11523699760437012
IWM,1d,14,1.0,1.0,9,21,1.049583790863375,0.4517220606233854,1.0366144499329446,0.05803799052447104,17.860963837055458,0.9142857142857143,1.582889871951822,-0.08327816510903174,0.11096787452697754
IWM,1d,14,1.0,1.0,10,30,0.9568077304314346,0.38739855833227943,0.9637599223078887,0.06376095136466052,15.115206120372479,0.6857142857142857,1.1748720311740228,-0.07790817976424058,0.1085212230682373
IWM,1d,14,1.0,1.0,12,26,0.9730642850478229,0.23993381854825246,1.002149297335917,0.06380514863687022,15.70640173631409,0.8,1.405968423409881,-0.07790817976424058,0.11459851264953613
IWM,1d,14,1.0,1.0,20,50,0.7558797837055193,0.3300876499901497,0.7359255555907409,0.06667406053083647,11.037659169571329,0.2571428571428571,0.4864239419989758,-0.020363658398598883,0.10663509368896484
IWM,1d,19,0.0,0.0,8,21,0.19498205309459682,0.2043565250413868,0.16480996451657895,0.304837959847653,0.5406477743091609,0.2571428571428571,0.2712927985267087,-0.04166343667576,0.11221671104431152
IWM,1d,19,0.0,0.0,9,21,0.046639740065236,-0.046323686157648813,0.15954176116265362,0.32497781298409306,0.49093124142128075,0.2571428571428571,0.34101343300787484,-0.034261019364189904,0.11707687377929688
IWM,1d,19,0.0,0.0,10,30,0.1905938460711314,0.18958922086381103,0.09992206329622086,0.3660708423985457,0.272958268518514,0.14285714285714285,0.06588754890009868,-0.03134988725106058,0.10675907135009766
IWM,1d,19,0.0,0.0,12,26,0.11517569506109178,0.049644569537032446,0.1461049427506373,0.29144952841083677,0.5013044404198966,0.22857142857142856,0.21011553125147187,-0.03640143999118761,0.11827778816223145
IWM,1d,19,0.0,0.0,20,50,0.037900849526273296,-0.08093282918764566,0.1200903571888419,0.28024869414893355,0.42851352993288827,0.02857142857142857,0.0647349300757751,0.0,0.09660911560058594
IWM,1d,19,0.0,0.25,8,21,0.24540023431824212,0.07482858446813823,0.27355778467338354,0.14491080354595023,1.8877666673529985,0.5428571428571428,0.8841528711613403,-0.034261019364189904,0.1061258316040039
IWM,1d,19,0.0,0.25,9,21,0.19473447191548388,-0.19818522888955636,0.2874947852156978,0.13668240041322482,2.1033782282615006,0.5428571428571428,0.9215035177345523,-0.034261019364189904,0.10581231117248535
IWM,1d,19,0.0,0.25,10,30,0.242815076404079,0.05803456054117917,0.24589278918231416,0.15860414159217687,1.5503554113648872,0.37142857142857144,0.5303577058597218,-0.03134988725106058,0.12427830696105957
IWM,1d,19,0.0,0.25,12,26,0.19829706158519614,-0.10534082677610157,0.2399758541933256,0.13602379225556854,1.7642197016713557,0.4857142857142857,0.7348979002050836,-0.03640143999118761,0.1227407455444336
IWM,1d,19,0.0,0.25,20,50,0.15065533187886956,-0.22699594943334112,0.21955367746357463,0.15567160260064264,1.4103643426014827,0.11428571428571428,0.23310544922191423,0.0,0.10705161094665527
IWM,1d,19,0.0,0.5,8,21,0.3816214523156521,-0.046352378824095486,0.41953282954441384,0.101439305424455,4.135801480392163,0.5428571428571428,0.8879413377612677,-0.034261019364189904,0.1339731216430664
IWM,1d,19,0.0,0.5,9,21,0.36847964403821687,-0.32972857229224684,0.43249983017853133,0.09744565012368225,4.438369795158468,0.5428571428571428,0.921426314352267,-0.034261019364189904,0.12485361099243164
IWM,1d,19,0.0,0.5,10,30,0.38593523234142274,-0.06573368238507826,0.38631370507773466,0.10774015438525461,3.58560563869589,0.37142857142857144,0.529419884150343,-0.03134988725106058,0.11056256294250488
IWM,1d,19,0.0,0.5,12,26,0.34145068982232046,-0.24523281492552373,0.3714086738970964,0.09515424321438241,3.9032276580699934,0.4857142857142857,0.7334539740014862,-0.03640143999118761,0.10875058174133301
IWM,1d,19,0.0,0.5,20,50,0.29703586067805365,-0.35495858979154626,0.3317199141070852,0.11041487922426657,3.004304460029523,0.11428571428571428,0.23362230151135394,0.0,0.10151219367980957
IWM,1d,19,0.0,0.75,8,21,0.499749645110935,-0.15898665564439962,0.5418807714835577,0.08678778582858467,6.243744627312319,0.5428571428571428,0.889057812761795,-0.034261019364189904,0.11150670051574707
IWM,1d,19,0.0,0.75,9,21,0.506792757785611,-0.4429900675547819,0.5542145127847684,0.0901428537618131,6.148180245648584,0.5428571428571428,0.9211034618269728,-0.034261019364189904,0.11241674423217773
IWM,1d,19,0.0,0.75,10,30,0.508479510662301,-0.18098621939318527,0.5017382693311504,0.09035303547675146,5.5530870289382985,0.37142857142857144,0.5286712656414594,-0.03134988725106058,0.11589646339416504
IWM,1d,19,0.0,0.75,12,26,0.4607074546226389,-0.37031014959881914,0.4829352392505264,0.08152887655002986,5.923486986284856,0.4857142857142857,0.732338624805372,-0.03640143999118761,0.13098740577697754
IWM,1d,19,0.0,0.75,20,50,0.41418562935205455,-0.46630592718602304,0.4245107858978929,0.09094338948981974,4.667857535103339,0.11428571428571428,0.23398981192087598,0.0,0.10322332382202148
IWM,1d,19,0.0,1.0,8,21,0.5965281257727306,-0.26299639950626963,0.6411143031005153,0.08102642960833183,7.912409644600587,0.5428571428571428,0.8895833667931357,-0.034261019364189904,0.11449790000915527
IWM,1d,19,0.0,1.0,9,21,0.6174487230139584,-0.5399177113576827,0.6529975689383372,0.09124693935841376,7.156377775843998,0.5428571428571428,0.9208131791583059,-0.034261019364189904,0.11053109169006348
IWM,1d,19,0.0,1.0,10,30,0.6085356511159685,-0.28726848502666846,0.5950463165248567,0.08336997560009149,7.137417424459504,0.37142857142857144,0.5280695009740871,-0.03134988725106058,0.10338973999023438
IWM,1d,19,0.0,1.0,12,26,0.5574784917375711,-0.4810987052087612,0.5738760022681652,0.07589076082943065,7.561869139222207,0.4857142857142857,0.7314588999328061,-0.03640143999118761,0.11046123504638672
IWM,1d,19,0.0,1.0,20,50,0.508163805449976,-0.5625128770948769,0.4997112359645291,0.08023389512466485,6.228181184374682,0.11428571428571428,0.23426450670874815,0.0,0.1037905216217041
IWM,1d,19,0.1,0.0,8,21,0.1510812348383066,0.11624806368730445,0.2099545044649224,0.34721789302663036,0.6046765120161006,0.2571428571428571,0.15900820621027464,-0.043639241369400006,0.11348867416381836
IWM,1d,19,0.1,0.0,9,21,0.09294966407270883,0.02709182271461774,0.21203982891552492,0.27723266627320076,0.764844315664334,0.2571428571428571,0.22092629777700395,-0.0705243974052484,0.11441659927368164
IWM,1d,19,0.1,0.0,10,30,0.1916942714686527,0.19062315692204512,0.18920640794406735,0.37725622849997864,0.501532893695029,0.14285714285714285,0.06588754890009868,-0.03134988725106058,0.12432265281677246
IWM,1d,19,0.1,0.0,12,26,0.05934225379422498,-0.04353426258818294,0.21086007247958266,0.2875887887973317,0.7331999044934225,0.22857142857142856,0.24383485528239385,-0.025692388504974906,0.13986706733703613
IWM,1d,19,0.1,0.0,20,50,0.01927607306416587,-0.10560699873452317,0.13183508808248412,0.2906928448666267,0.45352023763423416,0.02857142857142857,0.0647349300757751,0.0,0.13985729217529297
IWM,1d,19,0.1,0.25,8,21,0.24008642408921926,-0.02266130081556683,0.29365401397956675,0.15555459706369806,1.887787436197198,0.6,1.043484692063171,-0.018398287004408154,0.14220118522644043
IWM,1d,19,0.1,0.25,9,21,0.21061375370365756,-0.11932797558640962,0.3049092441770897,0.1062576355652443,2.8695278466823155,0.6,1.0589455154401928,-0.018398287004408154,0.11644768714904785
IWM,1d,19,0.1,0.25,10,30,0.24225853673921247,0.05852943763467611,0.28352973651153685,0.15401992237956938,1.840864039736374,0.37142857142857144,0.5303577058597218,-0.03134988725106058,0.11129426956176758
IWM,1d,19,0.1,0.25,12,26,0.18461349189055345,-0.20482636481054184,0.2737097362149551,0.13820622025988138,1.980444409088639,0.5428571428571428,0.9339476555830811,-0.025692388504974906,0.11642193794250488
IWM,1d,19,0.1,0.25,20,50,0.14813125953531492,-0.25391317160353555,0.22904797786518333,0.15762030111968187,1.453162925321822,0.11428571428571428,0.23310544922191423,0.0,0.1248013973236084
IWM,1d,19,0.1,0.5,8,21,0.39789863418923016,-0.1493046915341495,0.4357123747936318,0.10624648721710137,4.100957934762664,0.6,1.0511454752471043,-0.018398287004408154,0.1357266902923584
IWM,1d,19,0.1,0.5,9,21,0.37846027655849457,-0.24883747351866203,0.4512885858579533,0.07998544246549627,5.642134017732388,0.6,1.069684495372202,-0.018398287004408154,0.15772294998168945
IWM,1d,19,0.1,0.5,10,30,0.3855456371749902,-0.06585822024078336,0.4184877159343198,0.10061478823964014,4.159306233767377,0.37142857142857144,0.529419884150343,-0.03134988725106058,0.10313630104064941
IWM,1d,19,0.1,0.5,12,26,0.3462441309792651,-0.34616137204825925,0.40319069054172363,0.09943581785375782,4.054783268687989,0.5428571428571428,0.9350459325154952,-0.025692388504974906,0.11120057106018066
IWM,1d,19,0.1,0.5,20,50,0.3025446061950646,-0.38288763630224765,0.345362502962448,0.11043843831320586,3.1271947361569192,0.11428571428571428,0.23362230151135394,0.0,0.09923195838928223
IWM,1d,19,0.1,0.75,8,21,0.5297939911042089,-0.26404641746329227,0.5574515789870956,0.08966283070313676,6.2171980810281715,0.6,1.0535562497866793,-0.018398287004408154,0.11345076560974121
IWM,1d,19,0.1,0.75,9,21,0.5146810528283118,-0.3627492319568911,0.5772348222304132,0.07772207763322873,7.426909313392137,0.6,1.072820664741218,-0.018398287004408154,0.11237192153930664
IWM,1d,19,0.1,0.75,10,30,0.5082430541226339,-0.18173699001886223,0.5347230158704085,0.08188250031023471,6.530369906200483,0.37142857142857144,0.5286712656414594,-0.03134988725106058,0.11233925819396973
IWM,1d,19,0.1,0.75,12,26,0.4762857276720188,-0.4687534276282045,0.516541858601647,0.08736285672350332,5.9126026548841235,0.5428571428571428,0.9345691732593384,-0.025692388504974906,0.12149882316589355
IWM,1d,19,0.1,0.75,20,50,0.42467586012720027,-0.49420437363777814,0.4415648677047074,0.09004992718729177,4.9035560771338735,0.11428571428571428,0.23398981192087598,0.0,0.13083767890930176
IWM,1d,19,0.1,1.0,8,21,0.6367156008367677,-0.36735348419266345,0.6567327935881329,0.0829859513734985,7.913782787550954,0.6,1.054725336908337,-0.018398287004408154,0.12053489685058594
IWM,1d,19,0.1,1.0,9,21,0.6242158932118943,-0.46237551825848344,0.680062874561503,0.08075776630513365,8.421021354057343,0.6,1.074300822004598,-0.018398287004408154,0.11290740966796875
IWM,1d,19,0.1,1.0,10,30,0.6084120636726478,-0.2885997300827525,0.6297122411604464,0.07353313764106205,8.563652543078828,0.37142857142857144,0.5280695009740871,-0.03134988725106058,0.11253929138183594
IWM,1d,19,0.1,1.0,12,26,0.5807620654723566,-0.5740036078356785,0.6096246665585429,0.08293447593753064,7.3506784683577795,0.5428571428571428,0.9339491945369988,-0.025692388504974906,0.1090233325958252
IWM,1d,19,0.1,1.0,20,50,0.5223250130515779,-0.5895267737681431,0.5194770523547323,0.07932527999237,6.5486948474017215,0.11428571428571428,0.23426450670874815,0.0,0.10502958297729492
IWM,1d,19,0.25,0.0,8,21,0.05326006292195304,-0.050418685369668426,0.14686371294734762,0.3226887001468227,0.455125056689388,0.2571428571428571,0.15900820621027464,-0.043639241369400006,0.11439776420593262
IWM,1d,19,0.25,0.0,9,21,-0.012988573864496467,-0.1172370437595136,0.20608630981722448,0.3741398528838226,0.5508269387202066,0.2571428571428571,0.22092629777700395,-0.0705243974052484,0.11278414726257324
IWM,1d,19,0.25,0.0,10,30,0.25654488696548505,0.3180263804840897,0.19524731799256395,0.38911181460522987,0.5017768946199963,0.14285714285714285,0.06588754890009868,-0.03134988725106058,0.10789632797241211
IWM,1d,19,0.25,0.0,12,26,-0.08293540979434774,-0.24119809184135743,0.1580713564205286,0.3481320818374395,0.4540557008886648,0.22857142857142856,0.24383485528239385,-0.025692388504974906,0.10827231407165527
IWM,1d,19,0.25,0.0,20,50,0.21541495147030337,0.2276882476882227,0.16843731960274738,0.32041834908827715,0.5256793816022749,0.02857142857142857,0.0647349300757751,0.0,0.11661076545715332
IWM,1d,19,0.25,0.25,8,21,0.21793462295540364,-0.20455868044095737,0.28928909657890756,0.1451443020935952,1.9931136972387775,0.6,1.043484692063171,-0.018398287004408154,0.12455201148986816
IWM,1d,19,0.25,0.25,9,21,0.19999876981325687,-0.27234244441897015,0.3255523434748823,0.14712978284594527,2.212688261871204,0.6,1.0589455154401928,-0.018398287004408154,0.11527109146118164
IWM,1d,19,0.25,0.25,10,30,0.28412699556396265,0.20474390521034636,0.31122491505762917,0.13577471568179658,2.2922155534983406,0.37142857142857144,0.5303577058597218,-0.03134988725106058,0.10463476181030273
IWM,1d,19,0.25,0.25,12,26,0.20042498657080782,-0.25804026858246554,0.28984750206605747,0.1327809026177765,2.182900525239035,0.5428571428571428,0.9339476555830811,-0.025692388504974906,0.10782957077026367
IWM,1d,19,0.25,0.25,20,50,0.2404596355369455,0.11731514071765403,0.25753515622861645,0.1487155260561079,1.731730122996389,0.11428571428571428,0.23310544922191423,0.0,0.09816765785217285
IWM,1d,19,0.25,0.5,8,21,0.40726573518098264,-0.33852242538123634,0.45967126769024313,0.10011498583438076,4.591433179151349,0.6,1.0511454752471043,-0.018398287004408154,0.10811638832092285
IWM,1d,19,0.25,0.5,9,21,0.40222348596155066,-0.40374330987171825,0.4893968588909387,0.0957250116525409,5.1125285904099265,0.6,1.069684495372202,-0.018398287004408154,0.1434333324432373
IWM,1d,19,0.25,0.5,10,30,0.43331730979568395,0.09419815796429343,0.4584313289267442,0.0914518090397918,5.012818595280877,0.37142857142857144,0.529419884150343,-0.03134988725106058,0.13086724281311035
IWM,1d,19,0.25,0.5,12,26,0.4056552922461987,-0.3121161530783666,0.44823266759222946,0.08640792909633344,5.187402039140519,0.5428571428571428,0.9350459325154952,-0.025692388504974906,0.15163660049438477
IWM,1d,19,0.25,0.5,20,50,0.3717674054849345,0.01234300919986464,0.3740169684859311,0.10327966878875687,3.6213997669853772,0.11428571428571428,0.23362230151135394,0.0,0.13887262344360352
IWM,1d,19,0.25,0.75,8,21,0.5578980334512661,-0.454027333846722,0.5998614069973407,0.08294316617948426,7.232198077648435,0.6,1.0535562497866793,-0.018398287004408154,0.11355066299438477
IWM,1d,19,0.25,0.75,9,21,0.5594451169304693,-0.5143810140572891,0.6280077082699198,0.07735861339333047,8.118135534265715,0.6,1.072820664741218,-0.018398287004408154,0.10673642158508301
IWM,1d,19,0.25,0.75,10,30,0.5633411347248913,-0.012486838319187066,0.5840121608437808,0.08241610061428382,7.0861416214899595,0.37142857142857144,0.5286712656414594,-0.03134988725106058,0.10210752487182617
IWM,1d,19,0.25,0.75,12,26,0.5599473098037303,-0.3882166944083797,0.5804541832844887,0.07468614977482287,7.7719119948550786,0.5428571428571428,0.9345691732593384,-0.025692388504974906,0.11844372749328613
IWM,1d,19,0.25,0.75,20,50,0.4866483572133125,-0.0869102164734542,0.472646754373866,0.08740132577643506,5.407775570622979,0.11428571428571428,0.23398981192087598,0.0,0.104522705078125
IWM,1d,19,0.25,1.0,8,21,0.6783472801880422,-0.5528299949536484,0.7129168197499733,0.07419299492558133,9.608950554766777,0.6,1.054725336908337,-0.018398287004408154,0.11116766929626465
IWM,1d,19,0.25,1.0,9,21,0.6843473917064005,-0.6069571111491917,0.7405630302565569,0.06926090250661639,10.692367605025245,0.6,1.074300822004598,-0.018398287004408154,0.12303400039672852
IWM,1d,19,0.25,1.0,10,30,0.6698194449470577,-0.11440645071644995,0.6862255698256228,0.08221392738285006,8.346828714677976,0.37142857142857144,0.5280695009740871,-0.03134988725106058,0.0985722541809082
IWM,1d,19,0.25,1.0,12,26,0.6813044025676798,-0.47477802483214715,0.6875590737933457,0.07297715784152299,9.421565516246154,0.5428571428571428,0.9339491945369988,-0.025692388504974906,0.10001564025878906
IWM,1d,19,0.25,1.0,20,50,0.5808682937078201,-0.18022303280837315,0.552941627755831,0.08060027001509633,6.860294979809196,0.11428571428571428,0.23426450670874815,0.0,0.0961759090423584
IWM,1d,19,0.4,0.0,8,21,0.09336350768985578,0.015557623885329441,0.1596341956857456,0.33635826240040184,0.47459573178469033,0.2571428571428571,0.15900820621027464,-0.043639241369400006,0.10429501533508301
IWM,1d,19,0.4,0.0,9,21,-0.022308357186054166,-0.1304223618922712,0.1185793593426645,0.362236177548245,0.3273537175255537,0.2571428571428571,0.22092629777700395,-0.0705243974052484,0.10753965377807617
IWM,1d,19,0.4,0.0,10,30,0.1807418746063921,0.17472619224293995,0.18095382176859953,0.401622265403225,0.45055724584124734,0.14285714285714285,0.06588754890009868,-0.03134988725106058,0.10594534873962402
IWM,1d,19,0.4,0.0,12,26,0.16592244087757974,0.14481409837418946,0.1954638157666406,0.3397290655876361,0.575352054227515,0.22857142857142856,0.24383485528239385,-0.025692388504974906,0.11570119857788086
IWM,1d,19,0.4,0.0,20,50,0.16118524318369845,0.13601601113467487,0.11725135597306058,0.26059560868514486,0.4499360390785604,0.02857142857142857,0.0647349300757751,0.0,0.12390947341918945
IWM,1d,19,0.4,0.25,8,21,0.25170400336730664,-0.13390586448350394,0.2924397413780491,0.13273744101942328,2.203144336158001,0.6,1.043484692063171,-0.018398287004408154,0.1136171817779541
IWM,1d,19,0.4,0.25,9,21,0.21810522039772806,-0.28508105202847955,0.300887454639032,0.1356844370335065,2.2175531786650637,0.6,1.0589455154401928,-0.018398287004408154,0.10150957107543945
IWM,1d,19,0.4,0.25,10,30,0.2652513466097005,0.03645567839435282,0.3279822101577821,0.10804869638116223,3.0355036307033525,0.37142857142857144,0.5303577058597218,-0.03134988725106058,0.10521721839904785
IWM,1d,19,0.4,0.25,12,26,0.3001294633954321,0.2596657147644055,0.30867435924807785,0.12114638006047307,2.5479453789209034,0.5428571428571428,0.9339476555830811,-0.025692388504974906,0.12581467628479004
IWM,1d,19,0.4,0.25,20,50,0.21742811468363055,0.012801991904295651,0.22912092416208624,0.12563510647453557,1.823701436576772,0.11428571428571428,0.23310544922191423,0.0,0.1061556339263916
IWM,1d,19,0.4,0.5,8,21,0.4514555171536964,-0.26617819115395036,0.4784331004538557,0.08842913222894327,5.410356161985069,0.6,1.0511454752471043,-0.018398287004408154,0.11255121231079102
IWM,1d,19,0.4,0.5,9,21,0.4359269850119993,-0.4154063198007464,0.49131351853112654,0.09012935174968678,5.451204396716788,0.6,1.069684495372202,-0.018398287004408154,0.10590219497680664
IWM,1d,19,0.4,0.5,10,30,0.43286482839873025,-0.09121699103999259,0.4895603655508989,0.058040058794371,8.434870255479114,0.37142857142857144,0.529419884150343,-0.03134988725106058,0.10387516021728516
IWM,1d,19,0.4,0.5,12,26,0.4767005301759579,0.32379892225602447,0.4767690805906176,0.08413700591887299,5.666580066449361,0.5428571428571428,0.9350459325154952,-0.025692388504974906,0.11333489418029785
IWM,1d,19,0.4,0.5,20,50,0.3567805637590176,-0.10154158747825848,0.3616581994331886,0.08860146928988055,4.081853295795115,0.11428571428571428,0.23362230151135394,0.0,0.10294389724731445
IWM,1d,19,0.4,0.75,8,21,0.612098458991732,-0.38230872322366916,0.631564857682847,0.07110676751671761,8.88192333499568,0.6,1.0535562497866793,-0.018398287004408154,0.1124730110168457
IWM,1d,19,0.4,0.75,9,21,0.6048683424565829,-0.5246121294430606,0.6458852025874637,0.07318215090730673,8.82572040558836,0.6,1.072820664741218,-0.018398287004408154,0.11063003540039062
IWM,1d,19,0.4,0.75,10,30,0.5733913922202674,-0.2081508313872218,0.6251564540284404,0.05344202730716767,11.697843168172518,0.37142857142857144,0.5286712656414594,-0.03134988725106058,0.10373735427856445
IWM,1d,19,0.4,0.75,12,26,0.6220110527531236,0.3455641951193733,0.6176830261346875,0.07511141271534572,8.223557563423263,0.5428571428571428,0.9345691732593384,-0.025692388504974906,0.10037922859191895
IWM,1d,19,0.4,0.75,20,50,0.4748769342438747,-0.20701990412406346,0.47045607367490894,0.07537760927644185,6.241323891681756,0.11428571428571428,0.23398981192087598,0.0,0.09359216690063477
IWM,1d,19,0.4,1.0,8,21,0.7408606549205529,-0.48348503233775364,0.7550815195121365,0.062099813743520575,12.159159166414101,0.6,1.054725336908337,-0.018398287004408154,0.10310649871826172
IWM,1d,19,0.4,1.0,9,21,0.7389608718698824,-0.6156024846504076,0.7700368287718437,0.06485794795054911,11.872667161146659,0.6,1.074300822004598,-0.018398287004408154,0.10551261901855469
IWM,1d,19,0.4,1.0,10,30,0.6873240682071755,-0.31441297850503014,0.7349654571785675,0.059801315166141226,12.290121966994732,0.37142857142857144,0.5280695009740871,-0.03134988725106058,0.1071929931640625
IWM,1d,19,0.4,1.0,12,26,0.7390413795870348,0.33275744262072404,0.7318397952627078,0.07331347804463387,9.982336328623743,0.5428571428571428,0.9339491945369988,-0.025692388504974906,0.10846614837646484
IWM,1d,19,0.4,1.0,20,50,0.5709635287426955,-0.30374660572688317,0.5582742395335649,0.06984539362152162,7.993000119073603,0.11428571428571428,0.23426450670874815,0.0,0.10345959663391113
IWM,1d,19,0.55,0.0,8,21,-0.058613006551506516,-0.20971625181848474,0.15902753994909358,0.38862334448023755,0.4092073783209915,0.2571428571428571,0.26442455256006125,-0.035206312208833745,0.13275694847106934
IWM,1d,19,0.55,0.0,9,21,0.0963892665834303,0.035166272040017654,0.25385892791759834,0.24532659513859126,1.0347794855840515,0.2571428571428571,0.29334060640714515,-0.04417833565199336,0.10720610618591309
IWM,1d,19,0.55,0.0,10,30,0.17761692253646857,0.16850284391541792,0.23115600228211575,0.3189896866450277,0.7246503945418981,0.14285714285714285,0.13338038628768203,-0.025692388504974906,0.10707783699035645
IWM,1d,19,0.55,0.0,12,26,0.05092606316130684,-0.03235342849426637,0.25770963212642484,0.36132733837851333,0.7132303724454352,0.2571428571428571,0.32896893005078737,-0.025692388504974906,0.10914731025695801
IWM,1d,19,0.55,0.0,20,50,0.10376561179307332,0.04867499960939381,0.2215727670292313,0.2778594038100443,0.7974276342315454,0.02857142857142857,0.0647349300757751,0.0,0.09850883483886719
IWM,1d,19,0.55,0.25,8,21,0.22133126076866327,-0.36868543226526784,0.31319529887105546,0.13106618779686854,2.389596463707769,0.8571428571428571,1.617571134918084,-0.018398287004408154,0.11114978790283203
IWM,1d,19,0.55,0.25,9,21,0.26968198171040053,-0.11272764807508207,0.35587593895396,0.1024302721408555,3.4743238645757226,0.8285714285714286,1.5527635500863046,-0.018398287004408154,0.1105186939239502
IWM,1d,19,0.55,0.25,10,30,0.27124875206787424,0.027135688027260185,0.36329588304920923,0.08962457564392887,4.053529742696402,0.6,1.1007559637783337,-0.025692388504974906,0.09971308708190918
IWM,1d,19,0.55,0.25,12,26,0.28108949757690055,0.01851073033930639,0.3499923877952871,0.11329942010869111,3.089092490142758,0.7142857142857143,1.3178704988673542,-0.025692388504974906,0.1078183650970459
IWM,1d,19,0.55,0.25,20,50,0.20810371205442538,-0.09655659269113126,0.2601729642751752,0.13703656644034004,1.8985659888701574,0.14285714285714285,0.28864156438293526,0.0,0.10059547424316406
IWM,1d,19,0.55,0.5,8,21,0.45775603448230784,-0.49953601928404734,0.5165327499611265,0.08355530114897626,6.181926734249527,0.8571428571428571,1.6313354106893088,-0.018398287004408154,0.10354399681091309
IWM,1d,19,0.55,0.5,9,21,0.48439397757485203,-0.24390828320676228,0.5399399471635488,0.06995909459507893,7.717937893403344,0.8285714285714286,1.5649600981972709,-0.018398287004408154,0.10322380065917969
IWM,1d,19,0.55,0.5,10,30,0.44796083441671186,-0.10354574583415266,0.5314426698463339,0.05682556892746765,9.352175083801962,0.6,1.1007594393658404,-0.025692388504974906,0.10047197341918945
IWM,1d,19,0.55,0.5,12,26,0.49086253419074255,0.02287330159041967,0.5249667134449785,0.07532357835145531,6.969487176983483,0.7142857142857143,1.3178537112252782,-0.025692388504974906,0.10396218299865723
IWM,1d,19,0.55,0.5,20,50,0.370206480963158,-0.2260528478128796,0.38309176377848364,0.09464532525125764,4.04765647707881,0.14285714285714285,0.28942768642639016,0.0,0.09467363357543945
IWM,1d,19,0.55,0.75,8,21,0.6392025141337783,-0.6063247835429755,0.6826988428336743,0.06666777506375611,10.240312387518435,0.8571428571428571,1.6382584213628395,-0.022418688421464217,0.10431885719299316
IWM,1d,19,0.55,0.75,9,21,0.6563969809007786,-0.35941590486849095,0.695458793940621,0.05829331486218535,11.930335332358368,0.8285714285714286,1.5713138503395405,-0.022418688421464217,0.11688828468322754
IWM,1d,19,0.55,0.75,10,30,0.5952277135991314,-0.22318991516357,0.6734029730849578,0.05693768070703964,11.82701797338401,0.6,1.100736210553524,-0.025692388504974906,0.10672950744628906
IWM,1d,19,0.55,0.75,12,26,0.6561534820690829,-0.007482551669114712,0.6738350308567813,0.06557596107341974,10.27564094870598,0.7142857142857143,1.3174188331024197,-0.025692388504974906,0.1023244857788086
IWM,1d,19,0.55,0.75,20,50,0.5025015912758131,-0.3407884522216763,0.4917619185335977,0.07920119005016724,6.209021836945988,0.14285714285714285,0.2899872220292757,0.0,0.10085487365722656
IWM,1d,19,0.55,1.0,8,21,0.7827954790512416,-0.6927449226388378,0.8163851916587161,0.059702872263362,13.67413594537744,0.8571428571428571,1.6430140706193264,-0.02972491789528564,0.1098024845123291
IWM,1d,19,0.55,1.0,9,21,0.7940562612365893,-0.4604070409563371,0.8215627998965809,0.05339180028607029,15.387433941067602,0.8285714285714286,1.5758234232215276,-0.02972491789528564,0.1097114086151123
IWM,1d,19,0.55,1.0,10,30,0.7143988656359141,-0.33172140146519524,0.7883827676111723,0.06296489409575204,12.52098933752294,0.6,1.100686247862016,-0.025692388504974906,0.11907553672790527
IWM,1d,19,0.55,1.0,12,26,0.787769954933163,-0.06255669568271638,0.7947908336829103,0.06349924994298663,12.51653892599551,0.7142857142857143,1.3170078439102448,-0.025692388504974906,0.10984110832214355
IWM,1d,19,0.55,1.0,20,50,0.6090661180025595,-0.44180492785706804,0.5811953879794829,0.07241914945048421,8.025437917865478,0.14285714285714285,0.29040575140145947,0.0,0.09770989418029785
IWM,1d,19,0.7,0.0,8,21,-0.03444167336864437,-0.17611175618399155,0.20934909864111498,0.3395733770293934,0.6165062186927386,0.2857142857142857,0.3146077264991947,-0.035206312208833745,0.11285901069641113
IWM,1d,19,0.7,0.0,9,21,0.054523251318399545,-0.025823329526215133,0.3455334424284674,0.2519688261150239,1.3713340961898643,0.3142857142857143,0.35235123599149454,-0.04417833565199336,0.13762283325195312
IWM,1d,19,0.7,0.0,10,30,0.27412663029623885,0.33910067971883673,0.27541130580490586,0.2925885854882859,0.9412920375731206,0.14285714285714285,0.13358109503930807,-0.025692388504974906,0.10581398010253906
IWM,1d,19,0.7,0.0,12,26,0.17057239874917998,0.1510504002179871,0.19090617390183057,0.3409563348225703,0.5599138493824316,0.2571428571428571,0.24033775168071006,-0.056018656470713135,0.10412406921386719
IWM,1d,19,0.7,0.0,20,50,0.0674701863862565,-0.006405418734049428,0.26362659915327924,0.2441178280831172,1.0799153884964097,0.02857142857142857,0.0647349300757751,0.0,0.09994745254516602
IWM,1d,19,0.7,0.25,8,21,0.2701806477114205,-0.33468075972850875,0.3550311897090611,0.10088269896234514,3.519247535611412,0.8857142857142857,1.6594602048968965,-0.007806229473821258,0.1172935962677002
IWM,1d,19,0.7,0.25,9,21,0.2885337618476968,-0.18214134032331375,0.39375600750541706,0.10276616080434967,3.8315726151827887,0.8571428571428571,1.6104798998257979,-0.007806229473821258,0.1015172004699707
IWM,1d,19,0.7,0.25,10,30,0.31597053661971153,0.20816330248802029,0.3734916084115844,0.08947227376563957,4.174383780498244,0.6285714285714286,1.1757943782460087,-0.025692388504974906,0.09868502616882324
IWM,1d,19,0.7,0.25,12,26,0.33319996168689564,0.26326755689818904,0.3507683661368589,0.10879034233054241,3.2242601560265727,0.7428571428571429,1.3491811507726013,-0.025692388504974906,0.09983611106872559
IWM,1d,19,0.7,0.25,20,50,0.20061493030543395,-0.15791665128378063,0.28381510386714054,0.10823740333854627,2.6221536651190736,0.14285714285714285,0.28864156438293526,0.0,0.09365367889404297
IWM,1d,19,0.7,0.5,8,21,0.5317383232404651,-0.46667528659482327,0.5689799735993383,0.06503862500509759,8.748339522164603,0.8857142857142857,1.690002982983774,-0.015112458947642682,0.10437679290771484
IWM,1d,19,0.7,0.5,9,21,0.5340852775570809,-0.3186192830978998,0.5827508100472782,0.0703446681329676,8.284221470001752,0.8571428571428571,1.6330282195486117,-0.015112458947642682,0.10232806205749512
IWM,1d,19,0.7,0.5,10,30,0.5028790428876904,0.07909176395929052,0.5531899039359429,0.06490046968363096,8.523665647299115,0.6285714285714286,1.1787175530504563,-0.025692388504974906,0.09931588172912598
IWM,1d,19,0.7,0.5,12,26,0.5436901673411673,0.3223300915079419,0.5534599759245087,0.0732920963371822,7.551427828974923,0.7428571428571429,1.366241935506963,-0.025692388504974906,0.10103917121887207
IWM,1d,19,0.7,0.5,20,50,0.37196323991739466,-0.2912002801477027,0.41461381644932926,0.07904029698932176,5.245600437272434,0.14285714285714285,0.28942768642639016,0.0,0.10154247283935547
IWM,1d,19,0.7,0.75,8,21,0.7341313917381791,-0.5756137548824413,0.7458278232873707,0.054132579269607295,13.777799494326244,0.8857142857142857,1.7107170261768339,-0.022418688421464217,0.11267399787902832
IWM,1d,19,0.7,0.75,9,21,0.7281187614810715,-0.4365661930178667,0.7463404683405505,0.061029776121017086,12.229120206186206,0.8571428571428571,1.648356637083752,-0.022418688421464217,0.10940980911254883
IWM,1d,19,0.7,0.75,10,30,0.6616146917348129,-0.045823671318783066,0.7062224132985164,0.06402960392995363,11.029623329719508,0.6285714285714286,1.1795449484574656,-0.025692388504974906,0.1032555103302002
IWM,1d,19,0.7,0.75,12,26,0.7148983612713209,0.3369990422885365,0.720618895336561,0.06639703681170872,10.853178544399803,0.7428571428571429,1.3769930775027153,-0.025692388504974906,0.10711026191711426
IWM,1d,19,0.7,0.75,20,50,0.5094989919152336,-0.4075523183045091,0.5314140144706806,0.07097378771847998,7.4874687057502545,0.14285714285714285,0.2899872220292757,0.0,0.09763669967651367
IWM,1d,19,0.7,1.0,8,21,0.8945886760771912,-0.664778340369094,0.8884265124642725,0.050773864269241575,17.49771314929194,0.8857142857142857,1.726254320326549,-0.02972491789528564,0.11155056953430176
IWM,1d,19,0.7,1.0,9,21,0.8828290429450043,-0.5375247722149539,0.8797150344677833,0.05871161355062741,14.983663048354126,0.8571428571428571,1.6599336367111521,-0.02972491789528564,0.11423826217651367
IWM,1d,19,0.7,1.0,10,30,0.7905721733786557,-0.16472620305988317,0.8304311627043786,0.06789627864871246,12.230878911654848,0.6285714285714286,1.1798930082377126,-0.025692388504974906,0.10576581954956055
IWM,1d,19,0.7,1.0,12,26,0.8523120771774318,0.31567466754845697,0.8553113430822383,0.06732833972574734,12.703585838685918,0.7428571428571429,1.3848052046254693,-0.025692388504974906,0.1088716983795166
IWM,1d,19,0.7,1.0,20,50,0.6197809919664322,-0.5083476412397322,0.6276968376098127,0.06892012222219425,9.10759902000981,0.14285714285714285,0.29040575140145947,0.0,0.09886670112609863
IWM,1d,19,0.85,0.0,8,21,0.018898532527045257,-0.0810125811745539,0.3541530421855218,0.27714585752629844,1.2778579674492019,0.5428571428571428,0.384381502078291,-0.0992273551102717,0.1172494888305664
IWM,1d,19,0.85,0.0,9,21,0.21718552314222458,0.2360812498980116,0.34315043953710134,0.23753199810937267,1.4446493199585522,0.4857142857142857,0.20429333739851177,-0.0992273551102717,0.12434840202331543
IWM,1d,19,0.85,0.0,10,30,0.20207539174692282,0.2056100401009604,0.2230972834207951,0.27065410099973325,0.8242893146518958,0.2857142857142857,-0.024472439709779418,-0.06541929443017447,0.11100077629089355
IWM,1d,19,0.85,0.0,12,26,0.16372485700453107,0.1393715738174921,0.1888074768675511,0.3140402312196724,0.6012206656906945,0.37142857142857144,0.10534654026062358,-0.06640034761868974,0.10996794700622559
IWM,1d,19,0.85,0.0,20,50,0.03858479148375042,-0.04760128155515897,0.19400492662242402,0.29246711573540163,0.6633392822116198,0.02857142857142857,-0.025508225435782846,-0.020729207328942567,0.10648512840270996
IWM,1d,19,0.85,0.25,8,21,0.3228166518501952,-0.24519243396561952,0.4392161975930784,0.06582281849808884,6.672704202203541,0.9142857142857143,1.4121432488619736,-0.023084105361804053,0.11342453956604004
IWM,1d,19,0.85,0.25,9,21,0.3908956846084352,0.36387467465676115,0.4165130668782793,0.07908699654082631,5.266517696917051,0.9142857142857143,1.39645609974371,-0.023041405058004782,0.11728334426879883
IWM,1d,19,0.85,0.25,10,30,0.3625819614412171,0.327169513792112,0.3609600838498007,0.0842919021910074,4.2822628801501805,0.6857142857142857,1.0534519524701431,-0.009577060284179595,0.1086122989654541
IWM,1d,19,0.85,0.25,12,26,0.3551893104718069,0.2469702917506289,0.3653516131690459,0.07583515209551064,4.817707924010009,0.8,1.2227315682416808,-0.009577060284179595,0.10549306869506836
IWM,1d,19,0.85,0.25,20,50,0.25824603317553035,-0.0014991322684035913,0.2848815705945657,0.09695339567946665,2.9383351516268714,0.2571428571428571,0.4182189014308455,-0.029182979148961286,0.09691905975341797
IWM,1d,19,0.85,0.5,8,21,0.6064648059094369,-0.38467521483360045,0.664983869384107,0.04418360345229147,15.050467083386321,0.9142857142857143,1.5041607167146456,-0.03382053450249545,0.10741782188415527
IWM,1d,19,0.85,0.5,9,21,0.6416208841627302,0.42996038997312014,0.6346621994079077,0.057386895034431167,11.059357698776369,0.9142857142857143,1.497612693226748,-0.033735133894896685,0.1115729808807373
IWM,1d,19,0.85,0.5,10,30,0.5900989599113431,0.38989652689950516,0.5755635252597731,0.06731396234986269,8.550433003309115,0.6857142857142857,1.1066347161868713,-0.018654120568359245,0.106292724609375
IWM,1d,19,0.85,0.5,12,26,0.5901012714020825,0.30218724147560594,0.5938345234962518,0.06062469222829792,9.795258362055096,0.8,1.2841566342995785,-0.018654120568359245,0.10764956474304199
IWM,1d,19,0.85,0.5,20,50,0.451130385862657,-0.0016443552735406763,0.44308566415876827,0.0655550648029807,6.758984458186696,0.2571428571428571,0.4338912289466941,-0.037636750968980226,0.10128426551818848
IWM,1d,19,0.85,0.75,8,21,0.8287335397215339,-0.5020315723238783,0.8560630199030885,0.04297264350145168,19.92111609038363,0.9142857142857143,1.5675198323291621,-0.04455696364318662,0.10687255859375
IWM,1d,19,0.85,0.75,9,21,0.8456573281766335,0.4449546303477181,0.819998470838058,0.055531477607096334,14.766372266191434,0.9142857142857143,1.561320896790072,-0.04442886273178859,0.1071176528930664
IWM,1d,19,0.85,0.75,10,30,0.7756036036466802,0.40263560409560806,0.7526749286867604,0.06796002090617961,11.075260405317497,0.6857142857142857,1.1374363855475118,-0.027731180852539006,0.10188031196594238
IWM,1d,19,0.85,0.75,12,26,0.7795969964919792,0.31412403908813946,0.7805123079092844,0.06474508228989008,12.05515971722166,0.8,1.3231971705290002,-0.027731180852539006,0.10313987731933594
IWM,1d,19,0.85,0.75,20,50,0.602503561703439,-0.035965394814420404,0.5774524641299703,0.06068806724661911,9.51509069786927,0.2571428571428571,0.44546871937206606,-0.046090522788999055,0.10507941246032715
IWM,1d,19,0.85,1.0,8,21,1.005537796998653,-0.5998726266228857,1.010862451418143,0.04557287791238108,22.181229225014896,0.9142857142857143,1.6159573302970613,-0.05529339278387779,0.10640668869018555
IWM,1d,19,0.85,1.0,9,21,1.0093744252086758,0.4190772000618024,0.9703593025092285,0.05799531882949146,16.731683213297327,0.9142857142857143,1.6085815323605468,-0.05512259156868038,0.11072301864624023
IWM,1d,19,0.85,1.0,10,30,0.9245420492063083,0.3745137608517426,0.8953579194622405,0.07169356893717348,12.488678311535317,0.6857142857142857,1.159655350012881,-0.036808241136718545,0.10981512069702148
IWM,1d,19,0.85,1.0,12,26,0.9313202704414989,0.29134254882430843,0.9305484552877321,0.07113242563271979,13.081916538210873,0.8,1.352292482581843,-0.036808241136718545,0.11111164093017578
IWM,1d,19,0.85,1.0,20,50,0.7228831766431448,-0.09424078151490034,0.6867572728674425,0.06283151928078114,10.930139533925091,0.2571428571428571,0.45452857057071033,-0.054544294609017774,0.10719680786132812
IWM,1d,19,1.0,0.0,8,21,0.2723472423470379,0.3393163130547996,0.34937854079268915,0.20213932108660032,1.728404641484913,0.42857142857142855,0.1203452952572481,-0.0992273551102717,0.11387014389038086
IWM,1d,19,1.0,0.0,9,21,0.2362328181898541,0.2703061630014658,0.31080026338818695,0.18109413304032296,1.7162359606591078,0.42857142857142855,0.03264509893085053,-0.0992273551102717,0.1101384162902832
IWM,1d,19,1.0,0.0,10,30,0.19435066679363205,0.19396479762555674,0.24598386418547707,0.21418914598980174,1.1484422473825504,0.22857142857142856,-0.3038230340963528,-0.06640034761868974,0.10281801223754883
IWM,1d,19,1.0,0.0,12,26,0.15718399531496605,0.13055677165453794,0.20108036433629178,0.20880508123972613,0.9630051296761035,0.2857142857142857,-0.0894318909989807,-0.06640034761868974,0.10299158096313477
IWM,1d,19,1.0,0.0,20,50,0.16597225014747893,0.14502975888439096,0.22770326540313984,0.25696381444057564,0.886129690668168,0.02857142857142857,-0.04545003749784971,-0.027928886345266912,0.09793710708618164
IWM,1d,19,1.0,0.25,8,21,0.42887317693087357,0.5002844550742236,0.44417280781052204,0.06252290183710944,7.10416175128472,0.8857142857142857,1.333097226125217,-0.04881809529723835,0.10639190673828125
IWM,1d,19,1.0,0.25,9,21,0.4062041922104327,0.4037939370406136,0.4198551281646985,0.05663229168083624,7.413705426771083,0.8857142857142857,1.2937518352174409,-0.04881809529723835,0.10970115661621094
IWM,1d,19,1.0,0.25,10,30,0.3708500507949881,0.3170895569576231,0.3855408776737353,0.05517198291928353,6.987982981104388,0.6857142857142857,1.0088180792985326,-0.04546135089472725,0.1066446304321289
IWM,1d,19,1.0,0.25,12,26,0.3669534270538368,0.22968323666606527,0.3870135041891539,0.05457605241670763,7.091269651277959,0.8,1.1986785006013216,-0.04546135089472725,0.10924768447875977
IWM,1d,19,1.0,0.25,20,50,0.3067921124480661,0.2599224640315272,0.3117796751027349,0.08398181892131115,3.712466330300188,0.2571428571428571,0.4512284881725798,-0.005465914599649846,0.10575294494628906
IWM,1d,19,1.0,0.5,8,21,0.7002013775992005,0.5942643298970525,0.6984741012763116,0.049980764860710555,13.974858192403854,0.9142857142857143,1.462250531588647,-0.06030478523450267,0.11685037612915039
IWM,1d,19,1.0,0.5,9,21,0.6668339008306893,0.4713474597275351,0.6661552976927059,0.05067815556668377,13.144821279380611,0.9142857142857143,1.4264048885312206,-0.06030478523450267,0.10791587829589844
IWM,1d,19,1.0,0.5,10,30,0.6087202142773656,0.3846692185766041,0.6180859715497429,0.05190619135983039,11.907750411987895,0.6857142857142857,1.089469811662529,-0.056276960517898544,0.09955382347106934
IWM,1d,19,1.0,0.5,12,26,0.6145575348345725,0.2743969551391794,0.6365568072532721,0.05261568020117697,12.098233926072725,0.8,1.2962246748024604,-0.056276960517898544,0.11495161056518555
IWM,1d,19,1.0,0.5,20,50,0.4879670961192129,0.3235385397139201,0.47860914042167557,0.06482907192332077,7.382631375438631,0.2571428571428571,0.4668120726479901,-0.010431829199299525,0.10961174964904785
IWM,1d,19,1.0,0.75,8,21,0.9219855191513108,0.6302577788886472,0.9110221080606025,0.04849553334417232,18.78569107787902,0.9142857142857143,1.551348808308471,-0.07179147517176698,0.11266589164733887
IWM,1d,19,1.0,0.75,9,21,0.879161083748555,0.483706917296983,0.8711504544969078,0.05394513303700466,16.148823915205213,0.9142857142857143,1.5154917917660762,-0.07179147517176698,0.1096494197845459
IWM,1d,19,1.0,0.75,10,30,0.8018950760977699,0.4052671508632697,0.8095963373119097,0.05772301011480508,14.025539134250042,0.6857142857142857,1.1387319217537217,-0.06709257014106929,0.10649991035461426
IWM,1d,19,1.0,0.75,12,26,0.8137203789350056,0.27465773844974106,0.839383679972365,0.058194923178950385,14.42365818391487,0.8,1.359091089942704,-0.06709257014106929,0.10355067253112793
IWM,1d,19,1.0,0.75,20,50,0.6364660224016078,0.3442806668094933,0.6205447915077563,0.06395177040262293,9.703324671091595,0.2571428571428571,0.4779236252538557,-0.015397743798949204,0.09561276435852051
IWM,1d,19,1.0,1.0,8,21,1.1001444090659114,0.6179011018532141,1.0827428893687547,0.049151756809760465,22.02856946821778,0.9142857142857143,1.6193751657363011,-0.08327816510903174,0.1098177433013916
IWM,1d,19,1.0,1.0,9,21,1.049583790863375,0.4517220606233854,1.0366144499329446,0.05803799052447104,17.860963837055458,0.9142857142857143,1.582889871951822,-0.08327816510903174,0.12138795852661133
IWM,1d,19,1.0,1.0,10,30,0.9568077304314346,0.38739855833227943,0.9637599223078887,0.06376095136466052,15.115206120372479,0.6857142857142857,1.1748720311740228,-0.07790817976424058,0.12659525871276855
IWM,1d,19,1.0,1.0,12,26,0.9730642850478229,0.23993381854825246,1.002149297335917,0.06380514863687022,15.70640173631409,0.8,1.405968423409881,-0.07790817976424058,0.10563325881958008
IWM,1d,19,1.0,1.0,20,50,0.7558797837055193,0.3300876499901497,0.7359255555907409,0.06667406053083647,11.037659169571329,0.2571428571428571,0.4864239419989758,-0.020363658398598883,0.10455465316772461
