ticker,timeframe,n_mu,x_zero,bear_alloc,fast_period,slow_period,in_sample_sharpe,in_sample_return,mc_sharpe_mean,mc_sharpe_std,mc_robust_sharpe,wf_pos_sharpe_frac,wf_mean_sharpe,wf_worst_return,runtime_s
QQQ,1d,1,0.0,0.0,8,21,0.7223652177669992,1.4649721787114078,0.8341404929267803,0.30310282108674047,2.7520050454696032,0.22857142857142856,-0.18422220683789692,-0.0620491002079161,0.10751104354858398
QQQ,1d,1,0.0,0.0,9,21,0.6726656899142565,1.3099321139561044,0.8452092772870256,0.24879505204534105,3.3972109587331842,0.2,0.006522453933481044,-0.055912573106084995,0.10109138488769531
QQQ,1d,1,0.0,0.0,10,30,0.6804335277258087,1.361083008590704,0.8295827321976047,0.22924784373120613,3.61871552942628,0.11428571428571428,-0.07808843220682038,-0.05319998331922848,0.12402033805847168
QQQ,1d,1,0.0,0.0,12,26,0.689990640753764,1.3837548379182225,0.7968201421400434,0.2694843092448353,2.9568331617263337,0.14285714285714285,-0.022896346524425702,-0.0566475139494379,0.1127939224243164
QQQ,1d,1,0.0,0.0,20,50,0.5699086230075521,1.129802906788366,0.6552837335435233,0.20409553307874023,3.2106716088230813,0.02857142857142857,0.009052395133328554,-0.01004836959329447,0.10312342643737793
QQQ,1d,1,0.0,0.25,8,21,0.4472779656868543,1.035788883553956,0.48673716838013553,0.06547283383172386,7.434185140529147,0.7428571428571429,1.0482073949665363,-0.05724134696987637,0.1156167984008789
QQQ,1d,1,0.0,0.25,9,21,0.42400289839772953,0.8766245714446712,0.4841446542736135,0.054599568665095,8.867188260099253,0.7142857142857143,1.0641588549583092,-0.04874179971042225,0.11746835708618164
QQQ,1d,1,0.0,0.25,10,30,0.40957574118843587,0.943492109888928,0.4704535746857639,0.05925008770817973,7.940132966601765,0.5142857142857142,0.8588367222074821,-0.0315446286944181,0.11250615119934082
QQQ,1d,1,0.0,0.25,12,26,0.4122377221640098,0.9691179358780451,0.4591217537614683,0.06110586543180808,7.513546375901205,0.5428571428571428,0.9301151045265575,-0.021988678087034086,0.10862255096435547
QQQ,1d,1,0.0,0.25,20,50,0.35720397127771825,0.7136104231361742,0.41547465031279984,0.08052503199227476,5.1595713784088755,0.2,0.3526148968379895,-0.01004836959329447,0.10214686393737793
QQQ,1d,1,0.0,0.5,8,21,0.6483369869824187,0.6705932019222776,0.6602709339288348,0.03547235295912996,18.613677381074115,0.7428571428571429,1.1612197718695196,-0.07622958132515278,0.11032533645629883
QQQ,1d,1,0.0,0.5,9,21,0.6148118309383945,0.5145890172042806,0.6465806702803799,0.03298701956953941,19.60106365224459,0.7142857142857143,1.1610701798642502,-0.05942133127564264,0.13521957397460938
QQQ,1d,1,0.0,0.5,10,30,0.5684348978715149,0.5922888900061289,0.5958052393903432,0.03953620034979729,15.0698659486482,0.5142857142857142,0.9054833140261557,-0.03785227243948486,0.09873723983764648
QQQ,1d,1,0.0,0.5,12,26,0.570793035052547,0.619749359322675,0.5907180208661208,0.03982749404449952,14.83191536495135,0.5428571428571428,0.9846787439264113,-0.026385896263127928,0.10190820693969727
QQQ,1d,1,0.0,0.5,20,50,0.46895723906316406,0.3723210277068809,0.5012285278394837,0.06484890968409329,7.729174326618315,0.2,0.35253065640444015,-0.01004836959329447,0.09608340263366699
QQQ,1d,1,0.0,0.75,8,21,0.833303750018106,0.36218000617605783,0.8292882535508452,0.03883941610691582,21.3517178339656,0.7428571428571429,1.2374279395775416,-0.09502697121103132,0.10696578025817871
QQQ,1d,1,0.0,0.75,9,21,0.7915580709664533,0.21433420541729808,0.80832680103826,0.03769486191317579,21.443951775181304,0.7142857142857143,1.2255259402296843,-0.0701008628408627,0.1086583137512207
QQQ,1d,1,0.0,0.75,10,30,0.722958111646411,0.2984258421099164,0.7311168154656154,0.03765657521876302,19.415382604983265,0.5142857142857142,0.9329001829481152,-0.04415991618455106,0.10210967063903809
QQQ,1d,1,0.0,0.75,12,26,0.7250259779447084,0.32672188434650384,0.7290314998105052,0.041631168962307556,17.51167497772073,0.5428571428571428,1.0146154858921204,-0.03308064804956268,0.09885692596435547
QQQ,1d,1,0.0,0.75,20,50,0.5876598096125806,0.09371275348182828,0.604454162895853,0.06395409623070247,9.451375260083378,0.2,0.3524622750865802,-0.01004836959329447,0.09535837173461914
QQQ,1d,1,0.0,1.0,8,21,0.9867106380184857,0.10363965586161128,0.9712260583047021,0.04812951591415119,20.17942711156875,0.7428571428571429,1.295353912530179,-0.11363351662751187,0.10470914840698242
QQQ,1d,1,0.0,1.0,9,21,0.938419393902688,-0.03286286808785399,0.9448019046390896,0.04558711622558391,20.725195688269004,0.7142857142857143,1.2742752816093612,-0.08671475562045383,0.12268781661987305
QQQ,1d,1,0.0,1.0,10,30,0.8528443857623783,0.053788358508224166,0.8472361516385469,0.03954389431096494,21.42520776977752,0.5142857142857142,0.9527850053440653,-0.05046755992961771,0.1082763671875
QQQ,1d,1,0.0,1.0,12,26,0.8546744296167356,0.08207028074157807,0.8471368099842346,0.047220594038280474,17.93998629702717,0.5428571428571428,1.0357091959580649,-0.04245452996244914,0.11162114143371582
QQQ,1d,1,0.0,1.0,20,50,0.6897006129071848,-0.13267380727042544,0.6952755112446489,0.0653616042662971,10.63736912594661,0.2,0.3524065134783711,-0.01004836959329447,0.10272026062011719
QQQ,1d,1,0.1,0.0,8,21,0.7339100101934511,1.5046095886742235,0.8242625837572009,0.2902683119079533,2.839657482207641,0.22857142857142856,-0.18422220683789692,-0.0620491002079161,0.11180448532104492
QQQ,1d,1,0.1,0.0,9,21,0.7342531740394324,1.5062545309492874,0.8296222014812731,0.24387769078599866,3.4017961987726957,0.2,0.006522453933481044,-0.055912573106084995,0.09925580024719238
QQQ,1d,1,0.1,0.0,10,30,0.6907484764965668,1.3964184458537887,0.8191542842786493,0.22508936935949309,3.6392402120526963,0.11428571428571428,-0.07808843220682038,-0.05319998331922848,0.09829258918762207
QQQ,1d,1,0.1,0.0,12,26,0.6711640664872472,1.3235092958490178,0.7865258412441932,0.26919951377758894,2.9217208835451918,0.14285714285714285,-0.022896346524425702,-0.0566475139494379,0.10271215438842773
QQQ,1d,1,0.1,0.0,20,50,0.5839438993865996,1.1773554385527478,0.6483566518622127,0.2027992955863602,3.197036015276079,0.02857142857142857,0.009052395133328554,-0.01004836959329447,0.1024777889251709
QQQ,1d,1,0.1,0.25,8,21,0.449500030203867,1.077497990529932,0.4844076176702643,0.061411429464090096,7.887906565560703,0.7428571428571429,1.0482073949665363,-0.05724134696987637,0.13418984413146973
QQQ,1d,1,0.1,0.25,9,21,0.43874092358594746,1.0798783140605965,0.4807123418548066,0.05396204910535022,8.908341136495965,0.7142857142857143,1.0641588549583092,-0.04874179971042225,0.10352778434753418
QQQ,1d,1,0.1,0.25,10,30,0.412662353592911,0.9789800573289036,0.4674389966464726,0.060087291124958364,7.779332166503894,0.5142857142857142,0.8588367222074821,-0.0315446286944181,0.10293149948120117
QQQ,1d,1,0.1,0.25,12,26,0.4094006852453395,0.9070256988985674,0.4566468077289393,0.06338345829477147,7.2045107669142165,0.5428571428571428,0.9301151045265575,-0.021988678087034086,0.09944534301757812
QQQ,1d,1,0.1,0.25,20,50,0.3627066031930164,0.7625514114777137,0.41225919857770715,0.08014314012775643,5.144036007579981,0.2,0.3526148968379895,-0.01004836959329447,0.10323667526245117
QQQ,1d,1,0.1,0.5,8,21,0.6493037816189914,0.7124676465175497,0.6603330374057581,0.03542429408410538,18.64068302498778,0.7428571428571429,1.1612197718695196,-0.07622958132515278,0.12647438049316406
QQQ,1d,1,0.1,0.5,9,21,0.6238319278273312,0.7153936100322031,0.6451473742748501,0.03348964417211694,19.264085666577248,0.7142857142857143,1.1610701798642502,-0.05942133127564264,0.10257530212402344
QQQ,1d,1,0.1,0.5,10,30,0.5705819450483487,0.6263770552144143,0.5948060324701727,0.041856790281950246,14.21050272759851,0.5142857142857142,0.9054833140261557,-0.03785227243948486,0.10730719566345215
QQQ,1d,1,0.1,0.5,12,26,0.5737178299665565,0.5585725336307736,0.5898934488518263,0.042053648620363156,14.02716454348717,0.5428571428571428,0.9846787439264113,-0.026385896263127928,0.11353158950805664
QQQ,1d,1,0.1,0.5,20,50,0.4727327751756962,0.4203799068358567,0.49978736476787355,0.06494837870396625,7.6951476655929625,0.2,0.35253065640444015,-0.01004836959329447,0.10524964332580566
QQQ,1d,1,0.1,0.75,8,21,0.8339452848345813,0.4028017844127598,0.8308522423737237,0.040012727531644636,20.764698975260618,0.7428571428571429,1.2374279395775416,-0.09502697121103132,0.10689949989318848
QQQ,1d,1,0.1,0.75,9,21,0.798610128617357,0.4060490358702078,0.8081238592270161,0.039238172189724356,20.595349225738058,0.7142857142857143,1.2255259402296843,-0.0701008628408627,0.11476635932922363
QQQ,1d,1,0.1,0.75,10,30,0.7247821015955666,0.3301391436918517,0.7314469728886812,0.039960218909926584,18.304378525488538,0.5142857142857142,0.9329001829481152,-0.04415991618455106,0.10818171501159668
QQQ,1d,1,0.1,0.75,12,26,0.7314965298573136,0.26837051005281354,0.729377505344,0.04413367165583206,16.526553943481296,0.5428571428571428,1.0146154858921204,-0.03308064804956268,0.10942459106445312
QQQ,1d,1,0.1,0.75,20,50,0.590733444539631,0.13934196838880863,0.6043838085735284,0.06516690922404654,9.274397324808389,0.2,0.3524622750865802,-0.01004836959329447,0.10045957565307617
QQQ,1d,1,0.1,1.0,8,21,0.9872237300049538,0.14200532586144687,0.9738803648280976,0.04912752419319825,19.823518095441337,0.7428571428571429,1.295353912530179,-0.11363351662751187,0.10914015769958496
QQQ,1d,1,0.1,1.0,9,21,0.9444126729878263,0.14535361655776535,0.9454842285119339,0.04765222976757271,19.841342852655657,0.7142857142857143,1.2742752816093612,-0.08671475562045383,0.1217508316040039
QQQ,1d,1,0.1,1.0,10,30,0.854487124483735,0.08257844690303373,0.8485409398451506,0.041355032046234405,20.51844474202057,0.5142857142857142,0.9527850053440653,-0.05046755992961771,0.09808969497680664
QQQ,1d,1,0.1,1.0,12,26,0.8637425898960134,0.027783643826912785,0.8483652251229357,0.05001770938589411,16.9612970193751,0.5428571428571428,1.0357091959580649,-0.04245452996244914,0.10212206840515137
QQQ,1d,1,0.1,1.0,20,50,0.6923567521110232,-0.09045953690521802,0.6962555437709572,0.06765583805809541,10.29113767200828,0.2,0.3524065134783711,-0.01004836959329447,0.09589600563049316
QQQ,1d,1,0.25,0.0,8,21,0.7582202199877911,1.5847159642774407,0.8286581588339768,0.28410775941773075,2.9167037202091333,0.22857142857142856,-0.18422220683789692,-0.0620491002079161,0.10309576988220215
QQQ,1d,1,0.25,0.0,9,21,0.7082490186405906,1.4174235563831807,0.8544541737652015,0.24665029640781164,3.4642333141673864,0.2,0.006522453933481044,-0.055912573106084995,0.1097421646118164
QQQ,1d,1,0.25,0.0,10,30,0.7139368557759854,1.458048642799254,0.8004829734712787,0.23412633443092815,3.4190215099764307,0.11428571428571428,-0.07808843220682038,-0.05319998331922848,0.10467934608459473
QQQ,1d,1,0.25,0.0,12,26,0.6734456214074849,1.3198911381938316,0.7925186324257386,0.24773533751918456,3.199053636683407,0.14285714285714285,-0.022896346524425702,-0.0566475139494379,0.10310149192810059
QQQ,1d,1,0.25,0.0,20,50,0.5795116473529848,1.1551303855197452,0.6302853482729741,0.2037536141864826,3.0933701509516016,0.02857142857142857,0.009052395133328554,-0.01004836959329447,0.10050749778747559
QQQ,1d,1,0.25,0.25,8,21,0.4548088224219613,1.1608720988535728,0.49026060107722075,0.057191743091665866,8.572226943519455,0.7428571428571429,1.0482073949665363,-0.05724134696987637,0.10924291610717773
QQQ,1d,1,0.25,0.25,9,21,0.4338698281259056,0.9864656925417847,0.4911051738294384,0.054068969853056384,9.082939348837575,0.7142857142857143,1.0641588549583092,-0.04874179971042225,0.10900306701660156
QQQ,1d,1,0.25,0.25,10,30,0.41713748887591845,1.042802376089654,0.4627529215799557,0.06271364248781788,7.3788238606910035,0.5142857142857142,0.8588367222074821,-0.0315446286944181,0.10643458366394043
QQQ,1d,1,0.25,0.25,12,26,0.4088318646317868,0.906073376944454,0.4578815928512894,0.06026161104297739,7.598230198736925,0.5428571428571428,0.9301151045265575,-0.021988678087034086,0.1006321907043457
QQQ,1d,1,0.25,0.25,20,50,0.35957145504035043,0.7409629065036683,0.404737170281663,0.08179085099881402,4.948440630450609,0.2,0.3526148968379895,-0.01004836959329447,0.09840989112854004
QQQ,1d,1,0.25,0.5,8,21,0.6526548715565071,0.7952558052098431,0.6662616028346324,0.03278815477036535,20.320192078537286,0.7428571428571429,1.1612197718695196,-0.07622958132515278,0.10563158988952637
QQQ,1d,1,0.25,0.5,9,21,0.6250530694078361,0.6217710104003991,0.6536647013095355,0.03501738961309618,18.66685976687054,0.7142857142857143,1.1610701798642502,-0.05942133127564264,0.10773658752441406
QQQ,1d,1,0.25,0.5,10,30,0.5726834858812678,0.6895868341300186,0.5937791817646996,0.043099027925714344,13.777089886763566,0.5142857142857142,0.9054833140261557,-0.03785227243948486,0.1054072380065918
QQQ,1d,1,0.25,0.5,12,26,0.5730961632736872,0.5595258494712694,0.5901194546569503,0.04287450713327153,13.763877280795723,0.5428571428571428,0.9846787439264113,-0.026385896263127928,0.10729718208312988
QQQ,1d,1,0.25,0.5,20,50,0.46978807827240066,0.4004154183922033,0.49499793635802947,0.06682837458480881,7.40700248110704,0.2,0.35253065640444015,-0.01004836959329447,0.1076059341430664
QQQ,1d,1,0.25,0.75,8,21,0.8367513596861291,0.48223055780346225,0.837354572112065,0.03963935897323734,21.12432172975875,0.7428571428571429,1.2374279395775416,-0.09502697121103132,0.10712528228759766
QQQ,1d,1,0.25,0.75,9,21,0.803558564214169,0.31547201917572676,0.8162380117561895,0.04161278010106973,19.61508002526384,0.7142857142857143,1.2255259402296843,-0.0701008628408627,0.11002969741821289
QQQ,1d,1,0.25,0.75,10,30,0.7261803342031707,0.3907741204705808,0.7327184999027659,0.04151288882720658,17.650385714004063,0.5142857142857142,0.9329001829481152,-0.04415991618455106,0.12638568878173828
QQQ,1d,1,0.25,0.75,12,26,0.7310429683951919,0.27062015683653895,0.7294113244614383,0.04614926462915941,15.805480982692838,0.5428571428571428,1.0146154858921204,-0.03308064804956268,0.10431742668151855
QQQ,1d,1,0.25,0.75,20,50,0.5882592974839992,0.12155596088941012,0.601114683406891,0.06703206406485732,8.967569353455662,0.2,0.3524622750865802,-0.01004836959329447,0.09773397445678711
QQQ,1d,1,0.25,1.0,8,21,0.989771199971694,0.2161948494125414,0.9808885938580353,0.04975787030079812,19.713235070720096,0.7428571428571429,1.295353912530179,-0.11363351662751187,0.10221266746520996
QQQ,1d,1,0.25,1.0,9,21,0.9520598252632312,0.060117670181993654,0.9534539094395024,0.0503244591060334,18.9461332794572,0.7142857142857143,1.2742752816093612,-0.08671475562045383,0.11109232902526855
QQQ,1d,1,0.25,1.0,10,30,0.8555631457751774,0.13934195006412575,0.8514876611158803,0.04361211027027997,19.524110524322356,0.5142857142857142,0.9527850053440653,-0.05046755992961771,0.11628866195678711
QQQ,1d,1,0.25,1.0,12,26,0.8634415221734972,0.0308509890160229,0.8483579181711717,0.0521765350354594,16.259376319156186,0.5428571428571428,1.0357091959580649,-0.04245452996244914,0.10602951049804688
QQQ,1d,1,0.25,1.0,20,50,0.6902885017731254,-0.10582401549602527,0.6940277496875241,0.06954438122419002,9.97963800195718,0.2,0.3524065134783711,-0.01004836959329447,0.1017920970916748
QQQ,1d,1,0.4,0.0,8,21,0.7705692421800584,1.627615905262728,0.8308345277911086,0.2475282275410822,3.3565243691377185,0.22857142857142856,-0.18422220683789692,-0.0620491002079161,0.10907387733459473
QQQ,1d,1,0.4,0.0,9,21,0.7713088207349421,1.619105502584846,0.8586237145771134,0.2474159485966544,3.4703652672644396,0.2,0.006522453933481044,-0.055912573106084995,0.11060547828674316
QQQ,1d,1,0.4,0.0,10,30,0.6920763247237217,1.3807017186865944,0.8092096075104689,0.22791277386200529,3.5505232716812194,0.11428571428571428,-0.07808843220682038,-0.05319998331922848,0.10759949684143066
QQQ,1d,1,0.4,0.0,12,26,0.6843167364785316,1.353749384874909,0.806692263789994,0.2393359793779829,3.3705432249949614,0.14285714285714285,-0.022896346524425702,-0.0566475139494379,0.10465598106384277
QQQ,1d,1,0.4,0.0,20,50,0.606199331316674,1.2384473473709328,0.6309819736140075,0.19976524824338207,3.1586173228952052,0.02857142857142857,0.009052395133328554,-0.01004836959329447,0.11253762245178223
QQQ,1d,1,0.4,0.25,8,21,0.45705892101529877,1.2062584056883328,0.4942057627046964,0.05845657634545957,8.454237206505207,0.7428571428571429,1.0482073949665363,-0.05724134696987637,0.11660480499267578
QQQ,1d,1,0.4,0.25,9,21,0.4490346426399054,1.1948519100566215,0.4922974803584956,0.05055362800220567,9.738123648356483,0.7142857142857143,1.0641588549583092,-0.04874179971042225,0.11915159225463867
QQQ,1d,1,0.4,0.25,10,30,0.41329993491084493,0.9625487571573696,0.46597984285601407,0.06125394736964508,7.60734389971632,0.5142857142857142,0.8588367222074821,-0.0315446286944181,0.10382080078125
QQQ,1d,1,0.4,0.25,12,26,0.4117278338005212,0.9409469099671333,0.46243400668652457,0.05714821403699175,8.091836542559202,0.5428571428571428,0.9301151045265575,-0.021988678087034086,0.10017585754394531
QQQ,1d,1,0.4,0.25,20,50,0.37172407669960644,0.8237924886510566,0.40594055868888407,0.08036199749912436,5.051399558520273,0.2,0.3526148968379895,-0.01004836959329447,0.10018134117126465
QQQ,1d,1,0.4,0.5,8,21,0.6536044394905197,0.8410692209921413,0.6706777141967577,0.03650197956978549,18.37373540014556,0.7428571428571429,1.1612197718695196,-0.07622958132515278,0.10776686668395996
QQQ,1d,1,0.4,0.5,9,21,0.6350345640632682,0.8271863449071142,0.6570826253665626,0.0325248807123356,20.202460730850678,0.7142857142857143,1.1610701798642502,-0.05942133127564264,0.10938072204589844
QQQ,1d,1,0.4,0.5,10,30,0.5755632227468523,0.6100291059420013,0.5964604391580809,0.04153804178937497,14.35937789707385,0.5142857142857142,0.9054833140261557,-0.03785227243948486,0.10627269744873047
QQQ,1d,1,0.4,0.5,12,26,0.5749992780212777,0.5938658084346891,0.5930181643728868,0.0410573099416072,14.443668258253963,0.5428571428571428,0.9846787439264113,-0.026385896263127928,0.10138130187988281
QQQ,1d,1,0.4,0.5,20,50,0.4847127020227481,0.4791462122928336,0.4966015868094903,0.06698961515095707,7.41311299804348,0.2,0.35253065640444015,-0.01004836959329447,0.09831738471984863
QQQ,1d,1,0.4,0.75,8,21,0.837433109730985,0.526915298757497,0.8422994219971267,0.04037687478027743,20.860936528167304,0.7428571428571429,1.2374279395775416,-0.09502697121103132,0.10561800003051758
QQQ,1d,1,0.4,0.75,9,21,0.8116425725916695,0.5111095128106555,0.8213894416898707,0.04051724286248724,20.2725897336502,0.7142857142857143,1.2255259402296843,-0.0701008628408627,0.10909461975097656
QQQ,1d,1,0.4,0.75,10,30,0.7329084772915163,0.3144630317299528,0.7354396743287607,0.04000245267833854,18.38486455424279,0.5142857142857142,0.9329001829481152,-0.04415991618455106,0.10419988632202148
QQQ,1d,1,0.4,0.75,12,26,0.732634633657343,0.30335825623145696,0.7317524907911401,0.045227511992435944,16.179366464233578,0.5428571428571428,1.0146154858921204,-0.03308064804956268,0.10680198669433594
QQQ,1d,1,0.4,0.75,20,50,0.6056618032609505,0.1940065145811407,0.6031310565857106,0.06787928926705405,8.885347255373324,0.2,0.3524622750865802,-0.01004836959329447,0.10149049758911133
QQQ,1d,1,0.4,1.0,8,21,0.9903770462462338,0.2586281383478093,0.9862320633492058,0.04825311822285522,20.438721883098413,0.7428571428571429,1.295353912530179,-0.11363351662751187,0.10888195037841797
QQQ,1d,1,0.4,1.0,9,21,0.9590630356806775,0.24150289486987897,0.959954420923182,0.05010736829708482,19.15794929064416,0.7142857142857143,1.2742752816093612,-0.08671475562045383,0.10988545417785645
QQQ,1d,1,0.4,1.0,10,30,0.8650229807076092,0.06798174472138863,0.8543254092918033,0.042187586671247834,20.25063476489526,0.5142857142857142,0.9527850053440653,-0.05046755992961771,0.11757636070251465
QQQ,1d,1,0.4,1.0,12,26,0.8648706847234565,0.06129630605624059,0.8503985888520363,0.05166712002112059,16.45918310338197,0.5428571428571428,1.0357091959580649,-0.04245452996244914,0.09945058822631836
QQQ,1d,1,0.4,1.0,20,50,0.7096845779144839,-0.04079726387461968,0.6963699779702054,0.07076180077942777,9.841043759483544,0.2,0.3524065134783711,-0.01004836959329447,0.09669327735900879
QQQ,1d,1,0.55,0.0,8,21,0.8352795001060032,1.8458603057089058,0.8376155767518393,0.2454198063347951,3.412990945030682,0.22857142857142856,-0.157054861607649,-0.0542018993425305,0.10303115844726562
QQQ,1d,1,0.55,0.0,9,21,0.8003502103116316,1.7238687454267212,0.8441876959734763,0.2444231090548595,3.453796571190831,0.2,-0.025757808261094098,-0.0542018993425305,0.10636377334594727
QQQ,1d,1,0.55,0.0,10,30,0.7677075933921939,1.6264264432523428,0.807793914578486,0.22719786249230342,3.5554644120203855,0.11428571428571428,-0.07684384963120923,-0.03912911888663506,0.11278891563415527
QQQ,1d,1,0.55,0.0,12,26,0.7071999083133744,1.4252216600975314,0.8076342003542589,0.22497372727211523,3.589904519728169,0.14285714285714285,-0.038581805704976296,-0.058384219159316686,0.11659741401672363
QQQ,1d,1,0.55,0.0,20,50,0.5721756850617368,1.1174925048377222,0.6475059910501046,0.19411368444183374,3.335705016943976,0.02857142857142857,0.009052395133328554,-0.01004836959329447,0.10479426383972168
QQQ,1d,1,0.55,0.25,8,21,0.47125599781925614,1.4398701438002206,0.4965793213889393,0.05755070600937331,8.628553076448119,0.7428571428571429,1.0611750097703285,-0.06276391648464186,0.1135106086730957
QQQ,1d,1,0.55,0.25,9,21,0.4583587341152184,1.309846349535221,0.4901726080708572,0.05201394964333001,9.423868239810055,0.6857142857142857,1.0599806094005293,-0.05431415857523325,0.10758733749389648
QQQ,1d,1,0.55,0.25,10,30,0.43352883573908674,1.2234195110721244,0.4662759409521021,0.06123639144153827,7.614360186413838,0.5142857142857142,0.8697081345195712,-0.03147850862202728,0.09953832626342773
QQQ,1d,1,0.55,0.25,12,26,0.417255543600486,1.0134953192792415,0.4627907019970083,0.055765319637896646,8.298898042763264,0.5428571428571428,0.8895284319919686,-0.020834039304785557,0.11394405364990234
QQQ,1d,1,0.55,0.25,20,50,0.35699001608900194,0.6994433909284623,0.411956330380567,0.08112436357259564,5.07808397180115,0.2,0.3526148968379895,-0.01004836959329447,0.10942745208740234
QQQ,1d,1,0.55,0.5,8,21,0.6625800384833196,1.079761753765677,0.6748699799069938,0.039017113610486695,17.296768455101915,0.7428571428571429,1.1675990913469332,-0.08279647965661663,0.11858201026916504
QQQ,1d,1,0.55,0.5,9,21,0.6452332394897939,0.947358602586297,0.6602977290136016,0.03702410032824471,17.834268035133803,0.7142857142857143,1.1584432281001662,-0.06610771608012322,0.1055459976196289
QQQ,1d,1,0.55,0.5,10,30,0.5888510943288527,0.8737261494461359,0.5991927541613407,0.04326711503469526,13.848687477333694,0.5142857142857142,0.9102284880020638,-0.03854589682518539,0.12054038047790527
QQQ,1d,1,0.55,0.5,12,26,0.5781255567933558,0.6642663450332142,0.5938278033388168,0.04317462040220442,13.754094368563273,0.5428571428571428,0.9406831024081613,-0.035255481530491184,0.12146592140197754
QQQ,1d,1,0.55,0.5,20,50,0.47346520246839546,0.3569519720122172,0.5002363989248739,0.06711986341606861,7.452881657758506,0.2,0.35253065640444015,-0.01004836959329447,0.10164594650268555
QQQ,1d,1,0.55,0.75,8,21,0.8446481987309455,0.7626825286928156,0.8481428261894275,0.04266247522276298,19.880300469225766,0.7428571428571429,1.2417849987468736,-0.10261829058626815,0.1121668815612793
QQQ,1d,1,0.55,0.75,9,21,0.8236220419973037,0.6322271523208285,0.8279861063728042,0.045381934919943155,18.24483922585999,0.7142857142857143,1.2260078076959091,-0.07790127358501342,0.10246157646179199
QQQ,1d,1,0.55,0.75,10,30,0.743647980734264,0.5719025232455663,0.7398911829913677,0.04223328624371289,17.519147781248314,0.5142857142857142,0.9354268425247407,-0.05040372114028502,0.10262012481689453
QQQ,1d,1,0.55,0.75,12,26,0.735023781654556,0.3694927150331968,0.7330357195459813,0.04751582070582212,15.42719264146399,0.5428571428571428,0.9721509463080046,-0.05040372114028502,0.10898447036743164
QQQ,1d,1,0.55,0.75,20,50,0.5962302552874383,0.07778356228445982,0.6059939692865788,0.06754162490288518,8.972155617486374,0.2,0.3524622750865802,-0.01004836959329447,0.10329413414001465
QQQ,1d,1,0.55,1.0,8,21,0.9966426122100231,0.485468208902466,0.9933986032373718,0.04944048901970559,20.092815077970428,0.7428571428571429,1.2987208856779522,-0.12222934927359586,0.10935831069946289
QQQ,1d,1,0.55,1.0,9,21,0.9726350676034459,0.36015296465245084,0.9690247477687878,0.05504555042069491,17.6040522869306,0.7142857142857143,1.2775555722370622,-0.09588904337891402,0.10643959045410156
QQQ,1d,1,0.55,1.0,10,30,0.8743130131103738,0.31275017507680514,0.8600750628877301,0.044418528451572285,19.362979658937483,0.5142857142857142,0.9542305750451819,-0.06555196075007885,0.1029961109161377
QQQ,1d,1,0.55,1.0,12,26,0.8668999116865985,0.12188794332491759,0.8520617407904204,0.05345852483601901,15.938743977767277,0.5428571428571428,0.9955943947003368,-0.06555196075007885,0.10321164131164551
QQQ,1d,1,0.55,1.0,20,50,0.7014758905160956,-0.14859124227072684,0.69883845864941,0.0701869289491463,9.9568177310586,0.2,0.3524065134783711,-0.01004836959329447,0.09877753257751465
QQQ,1d,1,0.7,0.0,8,21,0.7962575940698422,1.6961765810314495,0.8460916446657833,0.23198225512222526,3.6472257079318426,0.22857142857142856,-0.13787762829210798,-0.0542018993425305,0.10843372344970703
QQQ,1d,1,0.7,0.0,9,21,0.7792696990722986,1.63886389177688,0.838923245714174,0.24545681984395493,3.4178037760266977,0.22857142857142856,-0.026159269835430203,-0.0542018993425305,0.10617351531982422
QQQ,1d,1,0.7,0.0,10,30,0.7424805007762761,1.5271575874891492,0.8342006978408246,0.2077357392304847,4.015682139871326,0.11428571428571428,-0.07684384963120923,-0.03912911888663506,0.10531401634216309
QQQ,1d,1,0.7,0.0,12,26,0.7053285132511674,1.3999263914740148,0.8009564866144767,0.21526674957829983,3.7207626732113668,0.14285714285714285,-0.038581805704976296,-0.058384219159316686,0.1479330062866211
QQQ,1d,1,0.7,0.0,20,50,0.5351831566591567,1.0021728466501574,0.6246920163514997,0.1859064300795384,3.360249648622863,0.02857142857142857,0.009052395133328554,-0.01004836959329447,0.10116767883300781
QQQ,1d,1,0.7,0.25,8,21,0.46016350480289836,1.2800943356488452,0.4986485644042859,0.057124374143345494,8.729173349943375,0.7428571428571429,1.0630145083545772,-0.05681696225503108,0.10830163955688477
QQQ,1d,1,0.7,0.25,9,21,0.4566244419798192,1.2205918329758547,0.48891019284128934,0.05203513303078928,9.39577097942654,0.6857142857142857,1.0608249684642812,-0.048313588907183735,0.09976601600646973
QQQ,1d,1,0.7,0.25,10,30,0.4255517608766469,1.1199811784854705,0.47413397614493535,0.060648866410480166,7.817689005692688,0.5142857142857142,0.8697081345195712,-0.03147850862202728,0.09832453727722168
QQQ,1d,1,0.7,0.25,12,26,0.41432386481477174,0.9837138570185178,0.4607388689658505,0.05238632023448957,8.795022572753906,0.5428571428571428,0.8895284319919686,-0.020834039304785557,0.10739254951477051
QQQ,1d,1,0.7,0.25,20,50,0.34280652454658844,0.5847677827411253,0.4034727913503988,0.07677544420984501,5.255232262122958,0.2,0.3526148968379895,-0.01004836959329447,0.1005699634552002
QQQ,1d,1,0.7,0.5,8,21,0.6544967249679132,0.9169194592170702,0.6773355827635051,0.04097540869078265,16.530294740315078,0.7428571428571429,1.168710932270702,-0.07572494462146584,0.11121511459350586
QQQ,1d,1,0.7,0.5,9,21,0.6527517102200974,0.8578792270939128,0.6613431469714909,0.037830321455808016,17.4818273152674,0.7142857142857143,1.1590035399551482,-0.058907512572046516,0.11408853530883789
QQQ,1d,1,0.7,0.5,10,30,0.5835831368669077,0.770637778332737,0.6047139348740108,0.045108486635554064,13.405768625307443,0.5142857142857142,0.9102284880020638,-0.03854589682518539,0.10344338417053223
QQQ,1d,1,0.7,0.5,12,26,0.575733165702748,0.6312753707739047,0.5916635193977251,0.0417025961701122,14.187690305520212,0.5428571428571428,0.9406831024081613,-0.035255481530491184,0.10374832153320312
QQQ,1d,1,0.7,0.5,20,50,0.4637554313784162,0.2480154873676368,0.5024466680686206,0.06716841131171156,7.480401251964902,0.2,0.35253065640444015,-0.01004836959329447,0.1039125919342041
QQQ,1d,1,0.7,0.75,8,21,0.8381854629874612,0.602192421058702,0.8512835277060361,0.04444120865444981,19.155273978373195,0.7428571428571429,1.2426567861062903,-0.0944436123416239,0.11350655555725098
QQQ,1d,1,0.7,0.75,9,21,0.8371581310124754,0.5454889255957613,0.8305990626436767,0.04528490985775716,18.34163003200497,0.7142857142857143,1.226467396610861,-0.06950143623690974,0.10979437828063965
QQQ,1d,1,0.7,0.75,10,30,0.7396473906323058,0.47239153524354793,0.7448195710660932,0.04418845855729232,16.855522808074447,0.5142857142857142,0.9354268425247407,-0.05040372114028502,0.11122584342956543
QQQ,1d,1,0.7,0.75,12,26,0.7330928877424377,0.3345486744135493,0.7311759210735095,0.04733723562813594,15.446105193327318,0.5428571428571428,0.9721509463080046,-0.05040372114028502,0.11082053184509277
QQQ,1d,1,0.7,0.75,20,50,0.5886232733899995,-0.022316393013479097,0.6149550709500791,0.06986349541490977,8.802237381595994,0.2,0.3524622750865802,-0.01004836959329447,0.10740900039672852
QQQ,1d,1,0.7,1.0,8,21,0.9912691095565317,0.3313537597186704,0.9971041226198206,0.05051419750956355,19.739086668278656,0.7428571428571429,1.2994715862463684,-0.11297296541550572,0.11059761047363281
QQQ,1d,1,0.7,1.0,9,21,0.9906441998165761,0.27823760857122015,0.9727794857436967,0.05404605275762501,17.999084782495117,0.7142857142857143,1.2779677836492418,-0.08009535990177263,0.10373592376708984
QQQ,1d,1,0.7,1.0,10,30,0.8711027999746679,0.21901004996434903,0.8647749349998456,0.04586046819949804,18.856652994426057,0.5142857142857142,0.9542305750451819,-0.06555196075007885,0.0983889102935791
QQQ,1d,1,0.7,1.0,12,26,0.8653172886522007,0.08614338171844871,0.8504911768190544,0.053843046561824766,15.795747661538542,0.5428571428571428,0.9955943947003368,-0.06555196075007885,0.10012006759643555
QQQ,1d,1,0.7,1.0,20,50,0.6951897113594856,-0.238222307181284,0.7127095993803503,0.07401145648100492,9.629719955089218,0.2,0.3524065134783711,-0.01004836959329447,0.0959012508392334
QQQ,1d,1,0.85,0.0,8,21,0.7802260713762826,1.637987479916434,0.8296243590413821,0.19706056940017544,4.209996761740015,0.2571428571428571,-0.01216470671099672,-0.05136594829057484,0.1031942367553711
QQQ,1d,1,0.85,0.0,9,21,0.7457052154488341,1.5127869356267265,0.8582569128101325,0.23794473672221444,3.606959013395172,0.2571428571428571,0.0793563667136261,-0.05136594829057484,0.10743021965026855
QQQ,1d,1,0.85,0.0,10,30,0.7167726300909866,1.4428562763514603,0.8568546847465299,0.2013861933400315,4.254783659869719,0.14285714285714285,-0.006785413497135419,-0.0392457401829065,0.11542940139770508
QQQ,1d,1,0.85,0.0,12,26,0.7257121901591674,1.4660514384729066,0.8112400954426159,0.19451725885865212,4.170530163763574,0.17142857142857143,-0.010956988878591197,-0.06417444980533327,0.10960221290588379
QQQ,1d,1,0.85,0.0,20,50,0.5237510571333831,0.9671915210125857,0.6101979754338245,0.1681329814891039,3.629258043421833,0.02857142857142857,-0.06680484148144328,-0.01554956402079366,0.10104203224182129
QQQ,1d,1,0.85,0.25,8,21,0.46043886191144023,1.2139816733852928,0.4954626767515232,0.0483223463661182,10.253282673767739,0.7428571428571429,1.0936210327074327,-0.05149486705380024,0.10909008979797363
QQQ,1d,1,0.85,0.25,9,21,0.44967423534139794,1.083228714448175,0.49855037455652484,0.05392444959212584,9.245349342041763,0.7142857142857143,1.069953056812203,-0.0440554869360017,0.10922980308532715
QQQ,1d,1,0.85,0.25,10,30,0.4203870921409618,1.0317254788375347,0.48225190532855444,0.05678771539709574,8.492187121040935,0.5142857142857142,0.8993183206788564,-0.025936943113213484,0.1046285629272461
QQQ,1d,1,0.85,0.25,12,26,0.41939678159891325,1.0520478205496904,0.4586169848215273,0.04654342761151158,9.853528378904729,0.5428571428571428,0.8780249793583894,-0.03034011631031186,0.10786700248718262
QQQ,1d,1,0.85,0.25,20,50,0.3442810060283946,0.5511005072368411,0.39990414585624207,0.06571995499458573,6.084972911031174,0.2,0.27633701150076045,-0.01554956402079366,0.09957122802734375
QQQ,1d,1,0.85,0.5,8,21,0.6634139517357376,0.847192444583283,0.6796531694155451,0.040223648386202814,16.896855374478516,0.7428571428571429,1.2010255430019745,-0.06940994445263149,0.10825681686401367
QQQ,1d,1,0.85,0.5,9,21,0.6527324798958021,0.716864019992133,0.6745074897254713,0.03980463853818586,16.94544943746681,0.7142857142857143,1.1664076280315947,-0.05469681067584109,0.11200952529907227
QQQ,1d,1,0.85,0.5,10,30,0.5846589410038852,0.6823080441329945,0.6126689145049187,0.0408465451409054,14.99928359648138,0.5142857142857142,0.937712104762311,-0.03031640956972248,0.1119232177734375
QQQ,1d,1,0.85,0.5,12,26,0.578655980649172,0.6987423018370242,0.5906175552888993,0.03800369013418147,15.541058071034081,0.5428571428571428,0.9268582753215292,-0.037179917131620055,0.10500121116638184
QQQ,1d,1,0.85,0.5,20,50,0.4765384086273231,0.2171115991864594,0.5098754875224922,0.06553324516231734,7.780409565550993,0.2,0.2763260896191553,-0.01554956402079366,0.10514950752258301
QQQ,1d,1,0.85,0.75,8,21,0.852757674712303,0.5321314440149363,0.8574178437682425,0.04646377346531777,18.453469871710915,0.7428571428571429,1.2756345436689642,-0.08715939539265616,0.1003725528717041
QQQ,1d,1,0.85,0.75,9,21,0.8409580290771483,0.40656640393201693,0.8468610471883148,0.046166608616228975,18.34358365432581,0.7142857142857143,1.2331943920001995,-0.0653381344156806,0.10491251945495605
QQQ,1d,1,0.85,0.75,10,30,0.744694637018205,0.386804120371502,0.753762256822162,0.041496379941789105,18.16453044529512,0.5142857142857142,0.9621448787612682,-0.04228746152883078,0.10837602615356445
QQQ,1d,1,0.85,0.75,12,26,0.7355417084073229,0.39899702356315747,0.7316373358220922,0.0444451541233381,16.461577201234416,0.5428571428571428,0.9575436439528874,-0.044019717952927695,0.10301542282104492
QQQ,1d,1,0.85,0.75,20,50,0.608938940889097,-0.04970606495380425,0.6296240367620429,0.07414741307993157,8.491517243943528,0.2,0.27630928202452076,-0.01554956402079366,0.1046903133392334
QQQ,1d,1,0.85,1.0,8,21,1.0100606521269038,0.2633677728256216,1.0061025911986952,0.05325821561399434,18.891030794023216,0.7428571428571429,1.3328024713467492,-0.10474321987387392,0.10808515548706055
QQQ,1d,1,0.85,1.0,9,21,0.997123731296614,0.1455466898753175,0.9914866953511012,0.05428914162841192,18.26307555454537,0.7142857142857143,1.284273385017979,-0.0759794581555201,0.11979556083679199
QQQ,1d,1,0.85,1.0,10,30,0.879063351935212,0.138115307324719,0.8746999099363586,0.044873056118181306,19.492764380314956,0.5142857142857142,0.9805234028062143,-0.05598516444594104,0.11758065223693848
QQQ,1d,1,0.85,1.0,12,26,0.8675951477122633,0.1461591653906804,0.8522560150301313,0.051182502905006685,16.65131571646457,0.5428571428571428,0.9805617860999555,-0.05598516444594104,0.11026453971862793
QQQ,1d,1,0.85,1.0,20,50,0.7211282293527103,-0.2618288802846127,0.7327253327571989,0.08242155727975813,8.889971955639675,0.2,0.2762917684231273,-0.01554956402079366,0.10574603080749512
QQQ,1d,1,1.0,0.0,8,21,0.77168272117857,1.6130779437462879,0.831998849161517,0.20869174003068156,3.986735886332625,0.2571428571428571,-0.028691804674400377,-0.04856290216538528,0.10470890998840332
QQQ,1d,1,1.0,0.0,9,21,0.7394175936205722,1.4961852742039388,0.8493776148309949,0.25292836276698993,3.3581746449427796,0.2571428571428571,0.06282590313877003,-0.04856290216538528,0.10514664649963379
QQQ,1d,1,1.0,0.0,10,30,0.74354311308582,1.538353058054478,0.858123487553982,0.18902507706170568,4.539733568122576,0.14285714285714285,-0.018874253772644504,-0.0392457401829065,0.10281181335449219
QQQ,1d,1,1.0,0.0,12,26,0.7389566581766651,1.5144723131603697,0.8316594542121158,0.17945553331852526,4.634348347096987,0.17142857142857143,-0.026862394472106716,-0.06417444980533327,0.10551166534423828
QQQ,1d,1,1.0,0.0,20,50,0.5104945362709068,0.9287768024138612,0.6094223265238158,0.165902287634682,3.673381092042371,0.02857142857142857,-0.06680484148144328,-0.01554956402079366,0.10901260375976562
QQQ,1d,1,1.0,0.25,8,21,0.4613506569999844,1.192404520323144,0.49763180619905467,0.046182206516646084,10.775401258051334,0.7428571428571429,1.0981499456243375,-0.05346850853683105,0.10920310020446777
QQQ,1d,1,1.0,0.25,9,21,0.4509580508409354,1.0677868634353591,0.4964201686658341,0.05374312369129238,9.236905757792146,0.7142857142857143,1.079824945201232,-0.05149486705380024,0.10685944557189941
QQQ,1d,1,1.0,0.25,10,30,0.42816643802156973,1.1324752377611156,0.48293081858601195,0.05531786301309044,8.730106195022953,0.5142857142857142,0.8972267555022692,-0.035376391178609246,0.09991312026977539
QQQ,1d,1,1.0,0.25,12,26,0.42354666131159113,1.103245414644431,0.464523590440602,0.04776005348610463,9.726194937695182,0.5428571428571428,0.8758483795577501,-0.03322336581641783,0.10278534889221191
QQQ,1d,1,1.0,0.25,20,50,0.3424309333607631,0.5131454289744806,0.4014756453121418,0.06755184930237522,5.943222124313114,0.2,0.27633701150076045,-0.01554956402079366,0.10799121856689453
QQQ,1d,1,1.0,0.5,8,21,0.6685012337047809,0.8300342622920134,0.6837429846858568,0.03824560754398099,17.877686578767992,0.7428571428571429,1.2034242505997494,-0.07331328729940711,0.11494278907775879
QQQ,1d,1,1.0,0.5,9,21,0.6579309286643986,0.7033047377640815,0.6761487157399546,0.03852260226566663,17.552000020065464,0.7142857142857143,1.1760013073392044,-0.06940994445263149,0.15377569198608398
QQQ,1d,1,1.0,0.5,10,30,0.5895414392423511,0.783926344769708,0.6142725400090673,0.04019463446390631,15.282451207776683,0.5142857142857142,0.9363285251910964,-0.04164299201682953,0.1425011157989502
QQQ,1d,1,1.0,0.5,12,26,0.5814448299663912,0.7504570984636587,0.5944505637419605,0.040743440400478455,14.59009248848263,0.5428571428571428,0.9254732446038186,-0.03905953384145422,0.13652443885803223
QQQ,1d,1,1.0,0.5,20,50,0.4811116439046297,0.18128428039196187,0.5170793141027988,0.06903238565984134,7.490387434250339,0.2,0.2763260896191553,-0.01554956402079366,0.11093282699584961
QQQ,1d,1,1.0,0.75,8,21,0.8605901953409124,0.519730420561827,0.8633920481498517,0.04683931931120841,18.433061386168486,0.7428571428571429,1.277297680792981,-0.09294849948389139,0.10441756248474121
QQQ,1d,1,1.0,0.75,9,21,0.8487894436017658,0.3952179360898831,0.8511372591090571,0.04513090644717457,18.859299006221107,0.7142857142857143,1.2439871066597956,-0.08715939539265616,0.10325455665588379
QQQ,1d,1,1.0,0.75,10,30,0.7485619558920704,0.4860380813124878,0.7563345491858466,0.04104626006583121,18.42639373167774,0.5142857142857142,0.9610458486014751,-0.04790959285504914,0.10489273071289062
QQQ,1d,1,1.0,0.75,12,26,0.7378416182775556,0.44953463723291875,0.7348224322121526,0.04710176515603183,15.600740859242546,0.5428571428571428,0.9564521476740063,-0.0456132850283435,0.1160123348236084
QQQ,1d,1,1.0,0.75,20,50,0.617605581946826,-0.0824217596637058,0.6406994833244951,0.07762775144063828,8.253485015786348,0.2,0.27630928202452076,-0.01554956402079366,0.11747169494628906
QQQ,1d,1,1.0,1.0,8,21,1.0199370421906604,0.2555603608268928,1.0136034038225525,0.05540715668612884,18.293727100353223,0.7428571428571429,1.3340864460408692,-0.11237414509028287,0.11195802688598633
QQQ,1d,1,1.0,1.0,9,21,1.0069399573380566,0.1364648015168135,0.9977352714527526,0.05349146439278922,18.652233263355,0.7142857142857143,1.2963343159098446,-0.10474321987387392,0.11023640632629395
QQQ,1d,1,1.0,1.0,10,30,0.8823746889894517,0.2326480804465083,0.8780407999011708,0.04437499134133414,19.786838788254567,0.5142857142857142,0.9796013447474711,-0.05598516444594104,0.11484146118164062
QQQ,1d,1,1.0,1.0,12,26,0.8696169741444417,0.1943006192329837,0.8551031787767329,0.05359305144182164,15.95548594028084,0.5428571428571428,0.9796394107690051,-0.05598516444594104,0.10223245620727539
QQQ,1d,1,1.0,1.0,20,50,0.7327985286658145,-0.2909429749426724,0.7467023492375372,0.08547364354023797,8.736053809219168,0.2,0.2762917684231273,-0.01554956402079366,0.09824347496032715
QQQ,1d,2,0.0,0.0,8,21,0.771946106636356,1.6645401847274428,0.9330889174834007,0.1995215720851107,4.6766317432852285,0.22857142857142856,0.02477030415235632,-0.0707069846726398,0.11788725852966309
QQQ,1d,2,0.0,0.0,9,21,0.6284241867142945,1.1876971001485552,0.910596660381704,0.21688518596638162,4.198519397829465,0.22857142857142856,-0.0010881993082868333,-0.0707069846726398,0.1101839542388916
QQQ,1d,2,0.0,0.0,10,30,0.5799672147819706,1.0573114827234553,0.7898477273968758,0.24080403427089578,3.2800435831084367,0.11428571428571428,-0.028188011446127648,-0.07809392641215895,0.10007095336914062
QQQ,1d,2,0.0,0.0,12,26,0.7754121175193973,1.7315208843451102,0.8044592418230396,0.26396738006423137,3.0475706567504286,0.14285714285714285,0.031940206048467375,-0.06653517392798824,0.10743546485900879
QQQ,1d,2,0.0,0.0,20,50,0.464374678790443,0.8126476676103347,0.6210934461467086,0.2095359590876083,2.9641377492014414,0.02857142857142857,0.009052395133328554,-0.01004836959329447,0.10400843620300293
QQQ,1d,2,0.0,0.25,8,21,0.4541878898463678,1.2461040123890275,0.5090073130766205,0.04413598776013049,11.532704690851483,0.7142857142857143,1.1632531586852255,-0.06192336301810919,0.1125028133392334
QQQ,1d,2,0.0,0.25,9,21,0.40364514333057416,0.7567645517822734,0.5037187861758575,0.049980568047802515,10.078292541495122,0.6857142857142857,1.1223390239429742,-0.06192336301810919,0.1134178638458252
QQQ,1d,2,0.0,0.25,10,30,0.3794595089798932,0.6396367763227833,0.46796459222623366,0.07481659930671034,6.254823081543907,0.45714285714285713,0.782180752169449,-0.03353437925914737,0.10828971862792969
QQQ,1d,2,0.0,0.25,12,26,0.435436405036001,1.3349924395322734,0.4713322257487073,0.0732916922250891,6.430909308263475,0.4857142857142857,0.8438163324810322,-0.03353437925914737,0.11007857322692871
QQQ,1d,2,0.0,0.25,20,50,0.3162693280341753,0.40061442403421155,0.40084930474600783,0.0805831080840941,4.974358947878923,0.2,0.3526148968379895,-0.01004836959329447,0.1079864501953125
QQQ,1d,2,0.0,0.5,8,21,0.6395264446490462,0.8819996588149632,0.6586817262670072,0.04040397529505069,16.30239899556846,0.7428571428571429,1.254215026806673,-0.07523815261433953,0.10645747184753418
QQQ,1d,2,0.0,0.5,9,21,0.5837609992483734,0.40251613202372805,0.6481226246999393,0.03735322223322814,17.351183805593934,0.7142857142857143,1.2080138923551684,-0.07523815261433953,0.10282421112060547
QQQ,1d,2,0.0,0.5,10,30,0.5447393653669279,0.3016605476939127,0.5860571053198438,0.05466899408250791,10.720100399786956,0.45714285714285713,0.8170747600271877,-0.0387451842623987,0.11123418807983398
QQQ,1d,2,0.0,0.5,12,26,0.5752867436332406,0.9879241091771791,0.5902867726131273,0.058464582297750915,10.096484904431366,0.4857142857142857,0.883216266854325,-0.03353437925914737,0.11687493324279785
QQQ,1d,2,0.0,0.5,20,50,0.4404733774797949,0.07520755988454586,0.4762993589758605,0.0645310877614304,7.380928719762569,0.2,0.35253065640444015,-0.01004836959329447,0.1054530143737793
QQQ,1d,2,0.0,0.75,8,21,0.8150264143839068,0.5674456545812685,0.8137481562968327,0.04960248266601487,16.405391677186596,0.7428571428571429,1.3132196140790764,-0.08855294221056964,0.10822200775146484
QQQ,1d,2,0.0,0.75,9,21,0.7516495787341009,0.11315477940795526,0.7990265979864033,0.04082749902211716,19.57079461452079,0.7142857142857143,1.261744385289041,-0.08855294221056964,0.11485409736633301
QQQ,1d,2,0.0,0.75,10,30,0.7003899446141836,0.029261229913333908,0.7158359149645086,0.051318778842011546,13.948810379301104,0.45714285714285713,0.8345103929728629,-0.04504697426015236,0.11101198196411133
QQQ,1d,2,0.0,0.75,12,26,0.719907330493573,0.6855895491629354,0.7205600075664778,0.06322134740402514,11.397416175926068,0.4857142857142857,0.9017446315510398,-0.03353437925914737,0.11533570289611816
QQQ,1d,2,0.0,0.75,20,50,0.5645768478711903,-0.18022080826137254,0.5723066214804707,0.06470163254889127,8.845319645497534,0.2,0.3524622750865802,-0.01004836959329447,0.1027228832244873
QQQ,1d,2,0.0,1.0,8,21,0.9615487947954554,0.2976074975414713,0.9455774417717631,0.058102868087594184,16.27419562742132,0.7428571428571429,1.3573131454037695,-0.10186773180679976,0.1116642951965332
QQQ,1d,2,0.0,1.0,9,21,0.8913910613676141,-0.12171012916182011,0.9275869662030441,0.04579017852266308,20.257334566711737,0.7142857142857143,1.301487360467055,-0.10186773180679976,0.11034846305847168
QQQ,1d,2,0.0,1.0,10,30,0.8303401307001842,-0.18940400250759415,0.8276207202379859,0.051667367992269474,16.018248120589682,0.45714285714285713,0.8462677035817743,-0.051348764257906465,0.1078495979309082
QQQ,1d,2,0.0,1.0,12,26,0.8430065373024737,0.4234527725015793,0.8327255277571695,0.07004582131825345,11.88829700452334,0.4857142857142857,0.9139577851390227,-0.03607572410594595,0.10881733894348145
QQQ,1d,2,0.0,1.0,20,50,0.669933181788201,-0.3794447389067992,0.6577168803869611,0.0668367148092494,9.840652435776825,0.2,0.3524065134783711,-0.01004836959329447,0.11188530921936035
QQQ,1d,2,0.1,0.0,8,21,0.7540905495905184,1.5940060062023989,0.9211889027398733,0.20547105915808986,4.483302449086558,0.22857142857142856,0.02477030415235632,-0.0707069846726398,0.11768865585327148
QQQ,1d,2,0.1,0.0,9,21,0.7373896770503069,1.5482821398070588,0.8937965576721046,0.19894309042977712,4.492724807588111,0.22857142857142856,-0.0010881993082868333,-0.0707069846726398,0.11177468299865723
QQQ,1d,2,0.1,0.0,10,30,0.5876504808406904,1.080528270483251,0.7738204729883724,0.28675893835230437,2.6985051536133016,0.11428571428571428,-0.028188011446127648,-0.07809392641215895,0.1099710464477539
QQQ,1d,2,0.1,0.0,12,26,0.7418915971284062,1.6068570192340839,0.8017079824261835,0.28255567305668833,2.837345199101131,0.14285714285714285,0.031940206048467375,-0.06653517392798824,0.12076163291931152
QQQ,1d,2,0.1,0.0,20,50,0.474636272648431,0.841791028596913,0.6315459448479885,0.21530181385708194,2.9333052682371306,0.02857142857142857,0.009052395133328554,-0.01004836959329447,0.11732196807861328
QQQ,1d,2,0.1,0.25,8,21,0.4485412413391255,1.1725801392396935,0.5064013480469051,0.042705247312782454,11.85805913586947,0.7142857142857143,1.1632531586852255,-0.06192336301810919,0.12036371231079102
QQQ,1d,2,0.1,0.25,9,21,0.43309898822524484,1.1283025863695912,0.5003334101447245,0.04560370488420658,10.97133251377564,0.6857142857142857,1.1223390239429742,-0.06192336301810919,0.1185462474822998
QQQ,1d,2,0.1,0.25,10,30,0.381886992486525,0.662242438693853,0.4633787231578686,0.08117042117618291,5.708714041930259,0.45714285714285713,0.782180752169449,-0.03353437925914737,0.10851240158081055
QQQ,1d,2,0.1,0.25,12,26,0.4279724060455228,1.2024982699407816,0.46914490637576894,0.07995966896642226,5.867269242607527,0.4857142857142857,0.8438163324810322,-0.03353437925914737,0.09810447692871094
QQQ,1d,2,0.1,0.25,20,50,0.31962635957739505,0.42377413295690447,0.40406359794765434,0.08125959270201184,4.972503362518705,0.2,0.3526148968379895,-0.01004836959329447,0.0948948860168457
QQQ,1d,2,0.1,0.5,8,21,0.6352886266432809,0.8088832815337148,0.6593078485228443,0.03977593190349687,16.575547497477533,0.7428571428571429,1.254215026806673,-0.07523815261433953,0.10530304908752441
QQQ,1d,2,0.1,0.5,9,21,0.6022174735122742,0.7681080713950976,0.6491049380280056,0.03550070121129546,18.284284982559054,0.7142857142857143,1.2080138923551684,-0.07523815261433953,0.10279154777526855
QQQ,1d,2,0.1,0.5,10,30,0.5465001738889637,0.3227307656885412,0.586203052585333,0.05570782583080865,10.522813336239365,0.45714285714285713,0.8170747600271877,-0.0387451842623987,0.0999760627746582
QQQ,1d,2,0.1,0.5,12,26,0.5756055777783219,0.8532668036617097,0.589771167219842,0.061142977653339974,9.64577110659617,0.4857142857142857,0.883216266854325,-0.03353437925914737,0.10300874710083008
QQQ,1d,2,0.1,0.5,20,50,0.4425441221492927,0.09353389666549572,0.48089202146635335,0.06425381221714627,7.4842566514368825,0.2,0.35253065640444015,-0.01004836959329447,0.1036381721496582
QQQ,1d,2,0.1,0.75,8,21,0.8115576951639856,0.4971964462310008,0.8163362416190083,0.048929543028537,16.68391305316094,0.7428571428571429,1.3132196140790764,-0.08855294221056964,0.10634279251098633
QQQ,1d,2,0.1,0.75,9,21,0.7661100438335878,0.4610674303394766,0.8027821196584949,0.04053629302926763,19.80403385871712,0.7142857142857143,1.261744385289041,-0.08855294221056964,0.10890936851501465
QQQ,1d,2,0.1,0.75,10,30,0.7019318122100897,0.04829923040000628,0.7188339198497025,0.05077069650995333,14.158441173025444,0.45714285714285713,0.8345103929728629,-0.04504697426015236,0.10500931739807129
QQQ,1d,2,0.1,0.75,12,26,0.7244928966327241,0.5530545818220038,0.7212290146639843,0.06423422854210845,11.228110479931832,0.4857142857142857,0.9017446315510398,-0.03353437925914737,0.09820556640625
QQQ,1d,2,0.1,0.75,20,50,0.5662027785486096,-0.16578597002551065,0.578296740584409,0.06418525470303107,9.009806742374735,0.2,0.3524622750865802,-0.01004836959329447,0.09910082817077637
QQQ,1d,2,0.1,1.0,8,21,0.9586044803106456,0.23190634499514173,0.9495777872988308,0.05730358509231285,16.57100137398235,0.7428571428571429,1.3573131454037695,-0.10186773180679976,0.11262941360473633
QQQ,1d,2,0.1,1.0,9,21,0.903629471943945,0.2009099182816294,0.9333816252952543,0.04635794990181799,20.134229992311425,0.7142857142857143,1.301487360467055,-0.10186773180679976,0.1028602123260498
QQQ,1d,2,0.1,1.0,10,30,0.8317588927226076,-0.17260339799812752,0.8326738305274788,0.05066679706380319,16.434309622511115,0.45714285714285713,0.8462677035817743,-0.051348764257906465,0.09991669654846191
QQQ,1d,2,0.1,1.0,12,26,0.8505835051605785,0.2961685598980379,0.8342841174946916,0.07045808673432825,11.840856829400899,0.4857142857142857,0.9139577851390227,-0.03607572410594595,0.09845685958862305
QQQ,1d,2,0.1,1.0,20,50,0.6713267807399791,-0.36813199237778305,0.6648217170193249,0.06634450837072743,10.02074977034057,0.2,0.3524065134783711,-0.01004836959329447,0.0996253490447998
QQQ,1d,2,0.25,0.0,8,21,0.7136240141484564,1.4502715278559735,0.8817729904293712,0.20786708018644717,4.242004023140468,0.22857142857142856,0.02477030415235632,-0.0707069846726398,0.10126948356628418
QQQ,1d,2,0.25,0.0,9,21,0.7133256136754935,1.4586739587251984,0.9080691129365958,0.2061387006436557,4.405136493541507,0.22857142857142856,-0.0010881993082868333,-0.0707069846726398,0.10882353782653809
QQQ,1d,2,0.25,0.0,10,30,0.6060193675743626,1.1218240413042966,0.7467673936325991,0.29168522722051576,2.5601824293557334,0.11428571428571428,-0.028188011446127648,-0.07809392641215895,0.10871219635009766
QQQ,1d,2,0.25,0.0,12,26,0.7553586971709142,1.6372974649539582,0.7895934465594724,0.2669563078543099,2.9577628373193905,0.14285714285714285,0.031940206048467375,-0.06653517392798824,0.10978984832763672
QQQ,1d,2,0.25,0.0,20,50,0.5231019282148655,0.9756604632153751,0.6210243343222515,0.20941867773252368,2.9654677464607233,0.02857142857142857,0.009052395133328554,-0.01004836959329447,0.10928916931152344
QQQ,1d,2,0.25,0.25,8,21,0.43999737613494594,1.0246686449960585,0.49683471602865464,0.045993328705967514,10.802321336750554,0.7142857142857143,1.1632531586852255,-0.06192336301810919,0.10693597793579102
QQQ,1d,2,0.25,0.25,9,21,0.43039443382764386,1.0315589707604782,0.5037990563603739,0.05279930223738884,9.54177489117684,0.6857142857142857,1.1223390239429742,-0.06192336301810919,0.11504578590393066
QQQ,1d,2,0.25,0.25,10,30,0.3850627998951187,0.7033239877237134,0.4559346998193293,0.0806227500387104,5.655161844521747,0.45714285714285713,0.782180752169449,-0.03353437925914737,0.11081671714782715
QQQ,1d,2,0.25,0.25,12,26,0.430659781493967,1.2376496795299272,0.46440023418365695,0.07684299650091979,6.043494597169935,0.4857142857142857,0.8438163324810322,-0.03353437925914737,0.10295605659484863
QQQ,1d,2,0.25,0.25,20,50,0.3369906471525043,0.5586272555598066,0.39918617044608184,0.07717909859921031,5.172205657895132,0.2,0.3526148968379895,-0.01004836959329447,0.12388324737548828
QQQ,1d,2,0.25,0.5,8,21,0.6340498208882307,0.6634524023880635,0.6563226236738873,0.03962284536630137,16.564247660822456,0.7428571428571429,1.254215026806673,-0.07523815261433953,0.10991716384887695
QQQ,1d,2,0.25,0.5,9,21,0.6096605379137561,0.6686285643170689,0.6523570831287453,0.03740642032714501,17.439708943636724,0.7142857142857143,1.2080138923551684,-0.07523815261433953,0.11801338195800781
QQQ,1d,2,0.25,0.5,10,30,0.5479339796702786,0.36181085394436985,0.5855793100209501,0.05308025332192977,11.03196148046682,0.45714285714285713,0.8170747600271877,-0.0387451842623987,0.11523938179016113
QQQ,1d,2,0.25,0.5,12,26,0.577629060245647,0.8908023823997553,0.5869856563053086,0.06146116251948197,9.550513401357252,0.4857142857142857,0.883216266854325,-0.03353437925914737,0.10987567901611328
QQQ,1d,2,0.25,0.5,20,50,0.4537343423142864,0.22331703398836478,0.47883123548010237,0.06410593686084559,7.469374272144228,0.2,0.35253065640444015,-0.01004836959329447,0.10007834434509277
QQQ,1d,2,0.25,0.75,8,21,0.8145341436843365,0.35884467773078077,0.8173456500050109,0.0474810749437223,17.214135336526876,0.7428571428571429,1.3132196140790764,-0.08855294221056964,0.1124122142791748
QQQ,1d,2,0.25,0.75,9,21,0.7800408167866519,0.36237343072591854,0.8067573232552874,0.040297765478332276,20.01990218760574,0.7142857142857143,1.261744385289041,-0.08855294221056964,0.10906100273132324
QQQ,1d,2,0.25,0.75,10,30,0.7028893581593467,0.08429893320664927,0.7222259599226756,0.047777024610570325,15.116595598188177,0.45714285714285713,0.8345103929728629,-0.04504697426015236,0.10702395439147949
QQQ,1d,2,0.25,0.75,12,26,0.7262900230705366,0.5911840595099449,0.719811377605613,0.06627647659764767,10.86073693952465,0.4857142857142857,0.9017446315510398,-0.03353437925914737,0.10727405548095703
QQQ,1d,2,0.25,0.75,20,50,0.5751310578995305,-0.044958900459082796,0.57796434012867,0.06622697138819647,8.727023567797934,0.2,0.3524622750865802,-0.01004836959329447,0.10512924194335938
QQQ,1d,2,0.25,1.0,8,21,0.964565499235838,0.10360520364051573,0.9534718774253783,0.05520780164160477,17.270600333175356,0.7428571428571429,1.3573131454037695,-0.10186773180679976,0.11765432357788086
QQQ,1d,2,0.25,1.0,9,21,0.9223603557703388,0.10570284296953347,0.9380792492639299,0.04546291979162312,20.633941980927894,0.7142857142857143,1.301487360467055,-0.10186773180679976,0.1125192642211914
QQQ,1d,2,0.25,1.0,10,30,0.8325152464212565,-0.1402492551764184,0.8389395399624249,0.047970357485078094,17.488707275600138,0.45714285714285713,0.8462677035817743,-0.051348764257906465,0.1040198802947998
QQQ,1d,2,0.25,1.0,12,26,0.8522426597775464,0.33355574367939345,0.8339005808611443,0.0733270504619735,11.372345888828498,0.4857142857142857,0.9139577851390227,-0.03607572410594595,0.11876535415649414
QQQ,1d,2,0.25,1.0,20,50,0.6789925675025886,-0.25851145030265554,0.665716978987897,0.069753021139107,9.54391606437048,0.2,0.3524065134783711,-0.01004836959329447,0.1118307113647461
QQQ,1d,2,0.4,0.0,8,21,0.6948214322030137,1.3827007386008967,0.8553313646162417,0.20204309666328496,4.233410488860675,0.22857142857142856,0.02477030415235632,-0.0707069846726398,0.11789941787719727
QQQ,1d,2,0.4,0.0,9,21,0.8042458660197968,1.77104662896082,0.8969768112070329,0.2156493826934137,4.159422113821929,0.22857142857142856,-0.0010881993082868333,-0.0707069846726398,0.11442089080810547
QQQ,1d,2,0.4,0.0,10,30,0.5281263249975424,0.8988699833810259,0.7567140845730419,0.27827739451867367,2.7192797527873322,0.11428571428571428,-0.028188011446127648,-0.07809392641215895,0.118988037109375
QQQ,1d,2,0.4,0.0,12,26,0.7629048945201908,1.662747022644711,0.7958548889343072,0.25497817353995844,3.1212667260305174,0.14285714285714285,0.031940206048467375,-0.06653517392798824,0.10630941390991211
QQQ,1d,2,0.4,0.0,20,50,0.5516345667835432,1.059837528933754,0.6199181821888352,0.2135673993454274,2.9026817018367557,0.02857142857142857,0.009052395133328554,-0.01004836959329447,0.09972548484802246
QQQ,1d,2,0.4,0.25,8,21,0.4340916512161284,0.954547082233298,0.4943925889028652,0.05458226874629331,9.0577508091662,0.7142857142857143,1.1632531586852255,-0.06192336301810919,0.10369396209716797
QQQ,1d,2,0.4,0.25,9,21,0.4558365233189664,1.3596576277912051,0.5005326369061754,0.05090575559239917,9.832535262101302,0.6857142857142857,1.1223390239429742,-0.06192336301810919,0.10152053833007812
QQQ,1d,2,0.4,0.25,10,30,0.36851451055795614,0.4810449240481378,0.458725485251451,0.07854331154809296,5.840414367690216,0.45714285714285713,0.782180752169449,-0.03353437925914737,0.10459136962890625
QQQ,1d,2,0.4,0.25,12,26,0.4349144040527684,1.265326330503472,0.4653815828594013,0.07043984746583895,6.606794301834573,0.4857142857142857,0.8438163324810322,-0.03353437925914737,0.10106348991394043
QQQ,1d,2,0.4,0.25,20,50,0.35041908983515174,0.6403279904703081,0.3991734584283554,0.0781034899679233,5.110827423874322,0.2,0.3526148968379895,-0.01004836959329447,0.10816049575805664
QQQ,1d,2,0.4,0.5,8,21,0.6298478869576858,0.5939864359536418,0.6600765052824682,0.04578947843929912,14.415462411468596,0.7428571428571429,1.254215026806673,-0.07523815261433953,0.11650848388671875
QQQ,1d,2,0.4,0.5,9,21,0.630877380872283,0.9976397296279038,0.6531964311291464,0.03640694696617834,17.941532744724757,0.7142857142857143,1.2080138923551684,-0.07523815261433953,0.11223959922790527
QQQ,1d,2,0.4,0.5,10,30,0.5479619870638762,0.14993655935094674,0.5892578448524574,0.051582945169239613,11.423501370833876,0.45714285714285713,0.8170747600271877,-0.0387451842623987,0.10707998275756836
QQQ,1d,2,0.4,0.5,12,26,0.5855150957639558,0.9195810728016327,0.5878231242608514,0.058442021355243165,10.058227122017819,0.4857142857142857,0.883216266854325,-0.03353437925914737,0.1030280590057373
QQQ,1d,2,0.4,0.5,20,50,0.46922906726595753,0.29905520372817196,0.4793757120949194,0.06482913174067745,7.394449057446378,0.2,0.35253065640444015,-0.01004836959329447,0.10017013549804688
QQQ,1d,2,0.4,0.75,8,21,0.8111785665078276,0.2923180271975503,0.8246336321266188,0.05074559391070792,16.250349411175407,0.7428571428571429,1.3132196140790764,-0.08855294221056964,0.10105061531066895
QQQ,1d,2,0.4,0.75,9,21,0.8009072447590684,0.6813730629832435,0.8102572820559308,0.04095029617063625,19.786359509578652,0.7142857142857143,1.261744385289041,-0.08855294221056964,0.10371065139770508
QQQ,1d,2,0.4,0.75,10,30,0.7118450557443705,-0.11123551189719638,0.7269338707002657,0.04517825593397247,16.09034823660904,0.45714285714285713,0.8345103929728629,-0.04504697426015236,0.10112571716308594
QQQ,1d,2,0.4,0.75,12,26,0.736962055147024,0.6201604203164133,0.7209777751530935,0.06497006312482437,11.097076722365314,0.4857142857142857,0.9017446315510398,-0.03353437925914737,0.10256171226501465
QQQ,1d,2,0.4,0.75,20,50,0.5929135090577767,0.02294010624534093,0.5789983912942851,0.06725831609811782,8.608576974327313,0.2,0.3524622750865802,-0.01004836959329447,0.10559582710266113
QQQ,1d,2,0.4,1.0,8,21,0.9617628934495114,0.04154959315320239,0.9632403538465495,0.05694082092246014,16.916516801860897,0.7428571428571429,1.3573131454037695,-0.10186773180679976,0.10681509971618652
QQQ,1d,2,0.4,1.0,9,21,0.9435323337486857,0.4070210939955987,0.9435497138009978,0.047494863938968776,19.86635260211432,0.7142857142857143,1.301487360467055,-0.10186773180679976,0.10705995559692383
QQQ,1d,2,0.4,1.0,10,30,0.8476566140500433,-0.3162798890636168,0.8445067030905425,0.04401301412949747,19.187658918468735,0.45714285714285713,0.8462677035817743,-0.051348764257906465,0.10160183906555176
QQQ,1d,2,0.4,1.0,12,26,0.8650786076254905,0.3620205643948766,0.8353912060457904,0.07280544737548351,11.474295346849278,0.4857142857142857,0.9139577851390227,-0.03607572410594595,0.13257861137390137
QQQ,1d,2,0.4,1.0,20,50,0.6986922580167477,-0.19921114358991965,0.6671383333481471,0.0711541084183149,9.375963639738718,0.2,0.3524065134783711,-0.01004836959329447,0.10532808303833008
QQQ,1d,2,0.55,0.0,8,21,0.7630091524698781,1.6025968905277281,0.8421335432380681,0.21877825830236602,3.849256090494074,0.22857142857142856,0.021846712397885385,-0.0707069846726398,0.10161852836608887
QQQ,1d,2,0.55,0.0,9,21,0.8309834221766946,1.8539034594597252,0.8588053596013816,0.2254256611761266,3.8097054040817078,0.2,-0.01055410997325865,-0.0707069846726398,0.10231137275695801
QQQ,1d,2,0.55,0.0,10,30,0.630944579034495,1.1823215307308503,0.7609444331151719,0.2714458726080408,2.8033008047020536,0.11428571428571428,-0.040242489769231296,-0.0707069846726398,0.10007691383361816
QQQ,1d,2,0.55,0.0,12,26,0.7549371343442042,1.6122058952331901,0.8025847456067579,0.25139430716116334,3.1925334931798535,0.14285714285714285,0.01496034313452347,-0.059055615561213526,0.09891271591186523
QQQ,1d,2,0.55,0.0,20,50,0.5803453072537378,1.1408999340975061,0.6363381927917164,0.21541872856606528,2.9539594678118353,0.02857142857142857,0.009052395133328554,-0.01004836959329447,0.09744620323181152
QQQ,1d,2,0.55,0.25,8,21,0.45239367043585327,1.181985802587695,0.4945346793405709,0.058728634547854104,8.420673886732494,0.7142857142857143,1.1491207252092586,-0.06743462874169792,0.10447478294372559
QQQ,1d,2,0.55,0.25,9,21,0.46339373250869426,1.4525427711815246,0.493094968039654,0.053065761546340795,9.292149093329197,0.6857142857142857,1.0951978143312608,-0.06743462874169792,0.11331963539123535
QQQ,1d,2,0.55,0.25,10,30,0.39656206474586864,0.7664771482498591,0.4609534121875208,0.07804648335088467,5.906139423542596,0.5142857142857142,0.9112756735967154,-0.024896580378109157,0.11165642738342285
QQQ,1d,2,0.55,0.25,12,26,0.43039532076952713,1.2101379104999683,0.46823559588655855,0.07230234180130417,6.476077872737902,0.5428571428571428,0.9351057236781523,-0.020719765597679074,0.10830044746398926
QQQ,1d,2,0.55,0.25,20,50,0.35912389087424895,0.7227322717867783,0.406317359737652,0.081830377562591,4.965360931236876,0.2,0.3526148968379895,-0.01004836959329447,0.11422991752624512
QQQ,1d,2,0.55,0.5,8,21,0.6458642749601254,0.8186181352858364,0.6673474205903723,0.046334417842238636,14.402844616772455,0.7428571428571429,1.2419926584648284,-0.08185123053729348,0.11616826057434082
QQQ,1d,2,0.55,0.5,9,21,0.6400663895014755,1.0967126506538065,0.6564299845281099,0.03790902644467981,17.315928318181165,0.7142857142857143,1.188037078460164,-0.08185123053729348,0.11629271507263184
QQQ,1d,2,0.55,0.5,10,30,0.5658400909006972,0.4240475947660225,0.5932308250474276,0.05262007958815661,11.273848874621395,0.5142857142857142,0.9487662801671659,-0.03201199750209083,0.11086606979370117
QQQ,1d,2,0.55,0.5,12,26,0.5818935800694494,0.8620998959522919,0.5918684303986448,0.05892981693890997,10.043615628608004,0.5428571428571428,0.9803958255883393,-0.028082780047907874,0.11105775833129883
QQQ,1d,2,0.55,0.5,20,50,0.4740847513188729,0.37906577864035085,0.4871446707799819,0.0667909536561423,7.293572618949762,0.2,0.35253065640444015,-0.01004836959329447,0.10471868515014648
QQQ,1d,2,0.55,0.75,8,21,0.827715841134102,0.5068622886556893,0.8367623512114992,0.050003804326685025,16.73397379416895,0.7428571428571429,1.3043768759303696,-0.09626783233288883,0.11316704750061035
QQQ,1d,2,0.55,0.75,9,21,0.8121942277524592,0.7832431683805134,0.8198239233569404,0.043488866026920654,18.851352041450095,0.7142857142857143,1.249562577582538,-0.09626783233288883,0.11040282249450684
QQQ,1d,2,0.55,0.75,10,30,0.7260117259435672,0.1432733219451221,0.7323492595673822,0.04701545815153274,15.576775987314441,0.5142857142857142,0.9699216578538592,-0.04203596796044484,0.1119229793548584
QQQ,1d,2,0.55,0.75,12,26,0.733948127537217,0.5623122750376883,0.7261096340357942,0.06329054614451722,11.472639726915931,0.5428571428571428,1.0069761770462178,-0.04203596796044484,0.11818552017211914
QQQ,1d,2,0.55,0.75,20,50,0.5963966089894059,0.09807386091930725,0.5879522253133841,0.06912668704107902,8.505430398595399,0.2,0.3524622750865802,-0.01004836959329447,0.10127902030944824
QQQ,1d,2,0.55,1.0,8,21,0.9791477006260898,0.24119783215492907,0.9790365412293387,0.05571155779670768,17.57331117542715,0.7428571428571429,1.3516041718367584,-0.11068443412848417,0.11062192916870117
QQQ,1d,2,0.55,1.0,9,21,0.9566017322958456,0.5088015945053939,0.9576756397563162,0.05127465390308688,18.677369165014714,0.7142857142857143,1.2959243952968462,-0.11068443412848417,0.10757803916931152
QQQ,1d,2,0.55,1.0,10,30,0.8597428754804998,-0.08596255261335695,0.8510590327158273,0.04632888635908152,18.36994367012235,0.5142857142857142,0.9851121979360205,-0.05598915587298192,0.10552525520324707
QQQ,1d,2,0.55,1.0,12,26,0.8625047527275757,0.3053291498485291,0.8413971112504939,0.06949902775974055,12.106602615495854,0.5428571428571428,1.026435395025063,-0.05598915587298192,0.10918068885803223
QQQ,1d,2,0.55,1.0,20,50,0.7014427809212405,-0.13046985294778857,0.6771421761387891,0.07359394104162482,9.2010587631908,0.2,0.3524065134783711,-0.01004836959329447,0.11006426811218262
QQQ,1d,2,0.7,0.0,8,21,0.782276966220625,1.651330457692744,0.831574300062808,0.20462492696311332,4.063895403186688,0.22857142857142856,0.01965544019124075,-0.0707069846726398,0.10976886749267578
QQQ,1d,2,0.7,0.0,9,21,0.7830398638130955,1.6572523435226891,0.8441912942239762,0.2582972000174296,3.2682944072448756,0.22857142857142856,-0.007362913690941101,-0.0707069846726398,0.11670041084289551
QQQ,1d,2,0.7,0.0,10,30,0.6597430325268597,1.2612104871021135,0.7923480951533267,0.25953764771733007,3.0529216170453077,0.11428571428571428,-0.040242489769231296,-0.0707069846726398,0.10351300239562988
QQQ,1d,2,0.7,0.0,12,26,0.7194411696417261,1.4605800908479387,0.7855087504953159,0.2225736617998734,3.5292080120495313,0.14285714285714285,0.01496034313452347,-0.059055615561213526,0.1083064079284668
QQQ,1d,2,0.7,0.0,20,50,0.522051260822,0.9611914656219087,0.6234086701452013,0.2001709605578718,3.1143811690156045,0.02857142857142857,0.009052395133328554,-0.01004836959329447,0.11008214950561523
QQQ,1d,2,0.7,0.25,8,21,0.4573732056751809,1.2330620590882764,0.4917274791937657,0.05971962536177694,8.233934426328332,0.7142857142857143,1.1506182522167634,-0.048313588907183735,0.10788893699645996
QQQ,1d,2,0.7,0.25,9,21,0.4560299701113627,1.2438100688944558,0.49051778885683983,0.06063350532886812,8.08988011160391,0.6857142857142857,1.0976914589815532,-0.048313588907183735,0.10768747329711914
QQQ,1d,2,0.7,0.25,10,30,0.4031347678463212,0.8462024790319271,0.46861412843920497,0.07461031159067875,6.280822562571231,0.5142857142857142,0.9112756735967154,-0.024896580378109157,0.1087191104888916
QQQ,1d,2,0.7,0.25,12,26,0.4171280212753542,1.0485897644771396,0.46087947073549485,0.06464910437831194,7.128938214496096,0.5428571428571428,0.9351057236781523,-0.020719765597679074,0.11166524887084961
QQQ,1d,2,0.7,0.25,20,50,0.3403926710829999,0.5438936738177342,0.40101355607291234,0.08181723596387033,4.901333458025835,0.2,0.3526148968379895,-0.01004836959329447,0.10463929176330566
QQQ,1d,2,0.7,0.5,8,21,0.6529831767383178,0.8697282569075824,0.6694027518177003,0.04979118303627887,13.444202587634035,0.7428571428571429,1.2428601097063083,-0.058907512572046516,0.12017011642456055
QQQ,1d,2,0.7,0.5,9,21,0.6482927829407082,0.8850319130185229,0.6601267286180557,0.04115348767237798,16.040602290462235,0.7142857142857143,1.1895596148351155,-0.058907512572046516,0.11267328262329102
QQQ,1d,2,0.7,0.5,10,30,0.5694922880608351,0.5010966936737815,0.5999191349651666,0.05005228319865952,11.985849528263545,0.5142857142857142,0.9487662801671659,-0.03201199750209083,0.11423683166503906
QQQ,1d,2,0.7,0.5,12,26,0.5724693967548038,0.6975616441778707,0.5884669804797708,0.054461233532599344,10.805245168152991,0.5428571428571428,0.9803958255883393,-0.028082780047907874,0.13128328323364258
QQQ,1d,2,0.7,0.5,20,50,0.46786072493108416,0.2090649318304738,0.4958671609810768,0.07291958611949476,6.800191654523238,0.2,0.35253065640444015,-0.01004836959329447,0.1053459644317627
QQQ,1d,2,0.7,0.75,8,21,0.8371016756211365,0.5563146103542289,0.8419335543409305,0.052546815193943955,16.022542017693276,0.7428571428571429,1.305055113432475,-0.06950143623690974,0.1170804500579834
QQQ,1d,2,0.7,0.75,9,21,0.8300947918237807,0.5755353246436685,0.8274697807371517,0.043901096856378434,18.84849901231859,0.7142857142857143,1.2507629110095588,-0.06950143623690974,0.11301851272583008
QQQ,1d,2,0.7,0.75,10,30,0.728696077191632,0.21538349320268502,0.7393347981730758,0.04399435350530743,16.805220199084943,0.5142857142857142,0.9699216578538592,-0.04203596796044484,0.11349892616271973
QQQ,1d,2,0.7,0.75,12,26,0.7262995365030122,0.40006958298292683,0.7251564338413335,0.05878436965671793,12.33587156034873,0.5428571428571428,1.0069761770462178,-0.04203596796044484,0.11674737930297852
QQQ,1d,2,0.7,0.75,20,50,0.5968033597588983,-0.05822594667233949,0.6055952234255726,0.0757451522191539,7.995168082485336,0.2,0.3524622750865802,-0.01004836959329447,0.11623311042785645
QQQ,1d,2,0.7,1.0,8,21,0.9904076757452894,0.28781397788480656,0.9864908371922283,0.05687673069944335,17.344366053759188,0.7428571428571429,1.3522001768940186,-0.08009535990177263,0.10873699188232422
QQQ,1d,2,0.7,1.0,9,21,0.9815976277094118,0.3101122922216497,0.9681978737394902,0.05018221799914339,19.293644488890813,0.7142857142857143,1.2969632890094775,-0.08009535990177263,0.10989546775817871
QQQ,1d,2,0.7,1.0,10,30,0.8619310925287242,-0.02011561142171525,0.8584767147500513,0.042685248102035465,20.11178926963094,0.5142857142857142,0.9851121979360205,-0.05598915587298192,0.10299181938171387
QQQ,1d,2,0.7,1.0,12,26,0.8559829824505341,0.14927374227426227,0.8421939442078268,0.06431006522449924,13.095834085501577,0.5428571428571428,1.026435395025063,-0.05598915587298192,0.10072159767150879
QQQ,1d,2,0.7,1.0,20,50,0.7063624010752712,-0.2704884610439249,0.7012640421516231,0.07969528183721279,8.799316922977189,0.2,0.3524065134783711,-0.01004836959329447,0.09962248802185059
QQQ,1d,2,0.85,0.0,8,21,0.7513632726273815,1.540967995101885,0.8094550899013806,0.18256418844641517,4.433810906671686,0.2571428571428571,-0.01216470671099672,-0.05136594829057484,0.11206221580505371
QQQ,1d,2,0.85,0.0,9,21,0.7108617887458845,1.406464970757948,0.8478376579314617,0.24116235515370998,3.515630196060551,0.2571428571428571,0.0793563667136261,-0.05136594829057484,0.10959482192993164
QQQ,1d,2,0.85,0.0,10,30,0.7137349915103607,1.431601297054244,0.839678936192467,0.2198680697228598,3.8190126344897144,0.14285714285714285,-0.006785413497135419,-0.0392457401829065,0.10158300399780273
QQQ,1d,2,0.85,0.0,12,26,0.7432662390538647,1.5251485836785719,0.8025121442252153,0.1872042580865706,4.28682633839505,0.17142857142857143,-0.010956988878591197,-0.06417444980533327,0.10540604591369629
QQQ,1d,2,0.85,0.0,20,50,0.5186396991504068,0.95145124681668,0.6053960077237929,0.17347335190332996,3.4898501763034866,0.02857142857142857,-0.06680484148144328,-0.01554956402079366,0.1028432846069336
QQQ,1d,2,0.85,0.25,8,21,0.4535655708410116,1.1115293217108349,0.4892260336890926,0.0487431922446956,10.03680742190889,0.7428571428571429,1.0887814144631345,-0.0440554869360017,0.11331748962402344
QQQ,1d,2,0.85,0.25,9,21,0.44169699275291424,0.9761541314768332,0.494624665438893,0.05381083602418509,9.191915643469759,0.7142857142857143,1.0668687668849826,-0.0440554869360017,0.11819028854370117
QQQ,1d,2,0.85,0.25,10,30,0.41935990611031965,1.0198055728612778,0.4791657103636249,0.0664196431453331,7.214216874293655,0.5142857142857142,0.8993183206788564,-0.025936943113213484,0.11539721488952637
QQQ,1d,2,0.85,0.25,12,26,0.42196465889589757,1.1140371631231885,0.4565344760368017,0.04935414880986263,9.250174241594268,0.5428571428571428,0.8780249793583894,-0.03034011631031186,0.1069793701171875
QQQ,1d,2,0.85,0.25,20,50,0.34221412299332993,0.534853994821948,0.3964347289563347,0.06655428551136762,5.95656201415644,0.2,0.27633701150076045,-0.01554956402079366,0.10919475555419922
QQQ,1d,2,0.85,0.5,8,21,0.6589275382178648,0.7439351050407821,0.6741873639085574,0.04323546891292815,15.593386191006795,0.7428571428571429,1.194326402759433,-0.05469681067584109,0.11667203903198242
QQQ,1d,2,0.85,0.5,9,21,0.647547638176854,0.6138784832761839,0.6699419527100592,0.03888810112898825,17.227427754518622,0.7142857142857143,1.160359535333346,-0.05469681067584109,0.11851739883422852
QQQ,1d,2,0.85,0.5,10,30,0.5838912598468845,0.6702419306880654,0.6094235351623074,0.04534186428215322,13.440636921543156,0.5142857142857142,0.937712104762311,-0.03031640956972248,0.11446189880371094
QQQ,1d,2,0.85,0.5,12,26,0.5752090420982288,0.7608517344134076,0.5880907726673782,0.04186472552887992,14.047405428746696,0.5428571428571428,0.9268582753215292,-0.037179917131620055,0.10823965072631836
QQQ,1d,2,0.85,0.5,20,50,0.47507892152087566,0.20108591215329996,0.5049339481790064,0.06570136309229684,7.685288773532424,0.2,0.2763260896191553,-0.01554956402079366,0.10198855400085449
QQQ,1d,2,0.85,0.75,8,21,0.8491393613596849,0.43154186607166767,0.8518367313340278,0.04879952264614217,17.455841474329862,0.7428571428571429,1.2669862420338807,-0.0653381344156806,0.11282014846801758
QQQ,1d,2,0.85,0.75,9,21,0.8368745112877932,0.3107651124219908,0.8414979509562954,0.0438644443835527,19.184055851664255,0.7142857142857143,1.2248529367709904,-0.0653381344156806,0.12443280220031738
QQQ,1d,2,0.85,0.75,10,30,0.7440073255354878,0.37498137496128536,0.7501218759442823,0.042803572739648243,17.524749172385246,0.5142857142857142,0.9621448787612682,-0.04228746152883078,0.10758852958679199
QQQ,1d,2,0.85,0.75,12,26,0.7285323200386691,0.4591934799901134,0.7285498125592731,0.04797779671288992,15.18514526457064,0.5428571428571428,0.9575436439528874,-0.044019717952927695,0.12016630172729492
QQQ,1d,2,0.85,0.75,20,50,0.6077106639930747,-0.06500353677081727,0.6233885447677212,0.0728804041275652,8.553582437284263,0.2,0.27630928202452076,-0.01554956402079366,0.11029648780822754
QQQ,1d,2,0.85,1.0,8,21,1.0069353494868984,0.16793474331792635,1.0002753122968886,0.05463732500817586,18.307545476415775,0.7428571428571429,1.3224861581489111,-0.0759794581555201,0.12142562866210938
QQQ,1d,2,0.85,1.0,9,21,0.9936873467608875,0.05870357199982745,0.9854245064277315,0.05098984503541199,19.325897259412397,0.7142857142857143,1.2741051110994404,-0.0759794581555201,0.12141060829162598
QQQ,1d,2,0.85,1.0,10,30,0.87842116041278,0.12681732965106063,0.8706973070554535,0.04445562221943455,19.58576359043318,0.5142857142857142,0.9805234028062143,-0.05598516444594104,0.11043596267700195
QQQ,1d,2,0.85,1.0,12,26,0.8580111038160773,0.20302134068239375,0.8486884683672578,0.054412004045788394,15.597449188842146,0.5428571428571428,0.9805617860999555,-0.05598516444594104,0.10953330993652344
QQQ,1d,2,0.85,1.0,20,50,0.7200358374809965,-0.2760649512890524,0.7254368419448994,0.0798285157733886,9.087439931918775,0.2,0.2762917684231273,-0.01554956402079366,0.10080599784851074
QQQ,1d,2,1.0,0.0,8,21,0.77168272117857,1.6130779437462879,0.831998849161517,0.20869174003068156,3.986735886332625,0.2571428571428571,-0.028691804674400377,-0.04856290216538528,0.11550760269165039
QQQ,1d,2,1.0,0.0,9,21,0.7394175936205722,1.4961852742039388,0.8493776148309949,0.25292836276698993,3.3581746449427796,0.2571428571428571,0.06282590313877003,-0.04856290216538528,0.11228537559509277
QQQ,1d,2,1.0,0.0,10,30,0.74354311308582,1.538353058054478,0.858123487553982,0.18902507706170568,4.539733568122576,0.14285714285714285,-0.018874253772644504,-0.0392457401829065,0.1266310214996338
QQQ,1d,2,1.0,0.0,12,26,0.7389566581766651,1.5144723131603697,0.8316594542121158,0.17945553331852526,4.634348347096987,0.17142857142857143,-0.026862394472106716,-0.06417444980533327,0.11667299270629883
QQQ,1d,2,1.0,0.0,20,50,0.5104945362709068,0.9287768024138612,0.6094223265238158,0.165902287634682,3.673381092042371,0.02857142857142857,-0.06680484148144328,-0.01554956402079366,0.10754537582397461
QQQ,1d,2,1.0,0.25,8,21,0.4613506569999844,1.192404520323144,0.49763180619905467,0.046182206516646084,10.775401258051334,0.7428571428571429,1.0981499456243375,-0.05346850853683105,0.11158633232116699
QQQ,1d,2,1.0,0.25,9,21,0.4509580508409354,1.0677868634353591,0.4964201686658341,0.05374312369129238,9.236905757792146,0.7142857142857143,1.079824945201232,-0.05149486705380024,0.11331462860107422
QQQ,1d,2,1.0,0.25,10,30,0.42816643802156973,1.1324752377611156,0.48293081858601195,0.05531786301309044,8.730106195022953,0.5142857142857142,0.8972267555022692,-0.035376391178609246,0.11243224143981934
QQQ,1d,2,1.0,0.25,12,26,0.42354666131159113,1.103245414644431,0.464523590440602,0.04776005348610463,9.726194937695182,0.5428571428571428,0.8758483795577501,-0.03322336581641783,0.11125373840332031
QQQ,1d,2,1.0,0.25,20,50,0.3424309333607631,0.5131454289744806,0.4014756453121418,0.06755184930237522,5.943222124313114,0.2,0.27633701150076045,-0.01554956402079366,0.103485107421875
QQQ,1d,2,1.0,0.5,8,21,0.6685012337047809,0.8300342622920134,0.6837429846858568,0.03824560754398099,17.877686578767992,0.7428571428571429,1.2034242505997494,-0.07331328729940711,0.11568498611450195
QQQ,1d,2,1.0,0.5,9,21,0.6579309286643986,0.7033047377640815,0.6761487157399546,0.03852260226566663,17.552000020065464,0.7142857142857143,1.1760013073392044,-0.06940994445263149,0.11493825912475586
QQQ,1d,2,1.0,0.5,10,30,0.5895414392423511,0.783926344769708,0.6142725400090673,0.04019463446390631,15.282451207776683,0.5142857142857142,0.9363285251910964,-0.04164299201682953,0.11973190307617188
QQQ,1d,2,1.0,0.5,12,26,0.5814448299663912,0.7504570984636587,0.5944505637419605,0.040743440400478455,14.59009248848263,0.5428571428571428,0.9254732446038186,-0.03905953384145422,0.12424564361572266
QQQ,1d,2,1.0,0.5,20,50,0.4811116439046297,0.18128428039196187,0.5170793141027988,0.06903238565984134,7.490387434250339,0.2,0.2763260896191553,-0.01554956402079366,0.11368966102600098
QQQ,1d,2,1.0,0.75,8,21,0.8605901953409124,0.519730420561827,0.8633920481498517,0.04683931931120841,18.433061386168486,0.7428571428571429,1.277297680792981,-0.09294849948389139,0.12001872062683105
QQQ,1d,2,1.0,0.75,9,21,0.8487894436017658,0.3952179360898831,0.8511372591090571,0.04513090644717457,18.859299006221107,0.7142857142857143,1.2439871066597956,-0.08715939539265616,0.1307380199432373
QQQ,1d,2,1.0,0.75,10,30,0.7485619558920704,0.4860380813124878,0.7563345491858466,0.04104626006583121,18.42639373167774,0.5142857142857142,0.9610458486014751,-0.04790959285504914,0.12793421745300293
QQQ,1d,2,1.0,0.75,12,26,0.7378416182775556,0.44953463723291875,0.7348224322121526,0.04710176515603183,15.600740859242546,0.5428571428571428,0.9564521476740063,-0.0456132850283435,0.10633254051208496
QQQ,1d,2,1.0,0.75,20,50,0.617605581946826,-0.0824217596637058,0.6406994833244951,0.07762775144063828,8.253485015786348,0.2,0.27630928202452076,-0.01554956402079366,0.10643839836120605
QQQ,1d,2,1.0,1.0,8,21,1.0199370421906604,0.2555603608268928,1.0136034038225525,0.05540715668612884,18.293727100353223,0.7428571428571429,1.3340864460408692,-0.11237414509028287,0.11364912986755371
QQQ,1d,2,1.0,1.0,9,21,1.0069399573380566,0.1364648015168135,0.9977352714527526,0.05349146439278922,18.652233263355,0.7142857142857143,1.2963343159098446,-0.10474321987387392,0.1190483570098877
QQQ,1d,2,1.0,1.0,10,30,0.8823746889894517,0.2326480804465083,0.8780407999011708,0.04437499134133414,19.786838788254567,0.5142857142857142,0.9796013447474711,-0.05598516444594104,0.10588526725769043
QQQ,1d,2,1.0,1.0,12,26,0.8696169741444417,0.1943006192329837,0.8551031787767329,0.05359305144182164,15.95548594028084,0.5428571428571428,0.9796394107690051,-0.05598516444594104,0.11250996589660645
QQQ,1d,2,1.0,1.0,20,50,0.7327985286658145,-0.2909429749426724,0.7467023492375372,0.08547364354023797,8.736053809219168,0.2,0.2762917684231273,-0.01554956402079366,0.10745596885681152
QQQ,1d,3,0.0,0.0,8,21,0.849724304625354,1.9957372307608399,0.8599141657760191,0.2201990821764633,3.905166893869705,0.22857142857142856,0.04298036102155343,-0.06431193170795768,0.11216592788696289
QQQ,1d,3,0.0,0.0,9,21,0.6798564170392024,1.3543780968741372,0.8224945137177226,0.1617048254632227,5.086394369256386,0.22857142857142856,0.0998592491489308,-0.06431193170795768,0.1057283878326416
QQQ,1d,3,0.0,0.0,10,30,0.5224640456435906,0.9090220591644917,0.8042282160238446,0.2407090534692388,3.3410800484354044,0.14285714285714285,0.038536944025310126,-0.049438936999395944,0.11230278015136719
QQQ,1d,3,0.0,0.0,12,26,0.7118427307690565,1.5168758393044333,0.8046707779352218,0.24873043196325462,3.235111890346,0.2,0.08374127670343254,-0.0622074558627157,0.10688161849975586
QQQ,1d,3,0.0,0.0,20,50,0.5758036997123442,1.166595420911658,0.6482297560925957,0.20834436556471592,3.111338069237311,0.02857142857142857,0.009052395133328554,-0.01004836959329447,0.11012506484985352
QQQ,1d,3,0.0,0.25,8,21,0.46567701999157046,1.6027614711937876,0.48916101187787814,0.049138875880557986,9.954664267593001,0.7428571428571429,1.1610750950604105,-0.03531039096171662,0.107147216796875
QQQ,1d,3,0.0,0.25,9,21,0.41642747528630486,0.9284231661972968,0.47955854745605564,0.05517807323847404,8.691107161053852,0.7142857142857143,1.108604859234751,-0.03531039096171662,0.10777401924133301
QQQ,1d,3,0.0,0.25,10,30,0.36007063300158154,0.48780107211875556,0.4675169920769867,0.0761390403994585,6.140305809269323,0.4857142857142857,0.7950264172085526,-0.037535701326668613,0.10754084587097168
QQQ,1d,3,0.0,0.25,12,26,0.41353839184671637,1.1031251133526832,0.46951994513665,0.07239939286785996,6.485136498224456,0.5142857142857142,0.8473149238095943,-0.037535701326668613,0.10703206062316895
QQQ,1d,3,0.0,0.25,20,50,0.3570250839478631,0.7644542816914099,0.41471141642502196,0.0800144989361654,5.1829533639381244,0.2,0.3526148968379895,-0.01004836959329447,0.11565351486206055
QQQ,1d,3,0.0,0.5,8,21,0.6244349629225862,1.2499755363282765,0.6360165728965371,0.04556261084580088,13.959177516166271,0.7428571428571429,1.2440717985319774,-0.04330471539735814,0.10847902297973633
QQQ,1d,3,0.0,0.5,9,21,0.587702545429272,0.5722309342052074,0.6234617676996527,0.04498850803313724,13.85824502649496,0.7142857142857143,1.1867101605455006,-0.04330471539735814,0.10399937629699707
QQQ,1d,3,0.0,0.5,10,30,0.5261239286453029,0.15322447641432824,0.5753104494223097,0.05565754588625227,10.336611869270627,0.4857142857142857,0.8268148740580739,-0.04205877083195375,0.11038780212402344
QQQ,1d,3,0.0,0.5,12,26,0.5505238745145433,0.7483423705689713,0.5779477265789348,0.052529773236876076,11.002288625400224,0.5142857142857142,0.886251608888973,-0.037535701326668613,0.11351346969604492
QQQ,1d,3,0.0,0.5,20,50,0.45543182503516516,0.4299967977352961,0.47838927058906944,0.0619124243396877,7.726870263783351,0.2,0.35253065640444015,-0.01004836959329447,0.10202670097351074
QQQ,1d,3,0.0,0.75,8,21,0.7837423412327901,0.9352651200331956,0.7877625609060022,0.056105832887372364,14.040653535744987,0.7428571428571429,1.2973972425823905,-0.051299039832998994,0.11226391792297363
QQQ,1d,3,0.0,0.75,9,21,0.7507081125723686,0.27587171058816273,0.7719074068534983,0.04710063028352088,16.388472982357648,0.7142857142857143,1.2361842957055822,-0.051299039832998994,0.10806441307067871
QQQ,1d,3,0.0,0.75,10,30,0.6805327236778984,-0.11105798794196609,0.6985746452189792,0.05288328648852541,13.209743410530198,0.4857142857142857,0.8433848907093612,-0.048338837633777554,0.10923957824707031
QQQ,1d,3,0.0,0.75,12,26,0.6911651420357969,0.44585556139564075,0.702104011920353,0.05285389225929986,13.283865802651741,0.5142857142857142,0.9050579450193129,-0.037535701326668613,0.11142921447753906
QQQ,1d,3,0.0,0.75,20,50,0.5657681993057609,0.15310671209917626,0.5675705137848144,0.062427836313136954,9.091625584104667,0.2,0.3524622750865802,-0.01004836959329447,0.10309100151062012
QQQ,1d,3,0.0,1.0,8,21,0.9184257043565475,0.6562442077212882,0.9167628179465563,0.06555045645743829,13.98560540218065,0.7428571428571429,1.3372454433732073,-0.05929336426864029,0.12007665634155273
QQQ,1d,3,0.0,1.0,9,21,0.8870392422582591,0.030528513589863637,0.8980864587495244,0.050626014776940544,17.73962384174451,0.7142857142857143,1.2729396587981294,-0.05929336426864029,0.10355663299560547
QQQ,1d,3,0.0,1.0,10,30,0.8091999145400648,-0.31864417055129957,0.8056201805693259,0.05379197903737885,14.976585635741687,0.4857142857142857,0.8547436254050896,-0.05461890443560169,0.1068274974822998
QQQ,1d,3,0.0,1.0,12,26,0.8108162788072679,0.18942078781029137,0.8099382271961953,0.056376056900380354,14.366705862870145,0.5142857142857142,0.917484613513709,-0.039398512696835586,0.11056113243103027
QQQ,1d,3,0.0,1.0,20,50,0.6617096617005734,-0.07503700698410265,0.6482552833236832,0.06552085958941425,9.893876353057145,0.2,0.3524065134783711,-0.01004836959329447,0.10759687423706055
QQQ,1d,3,0.1,0.0,8,21,0.83558393129324,1.9238470334265423,0.8559339929049884,0.22573310035912336,3.791796557719119,0.22857142857142856,0.04298036102155343,-0.06431193170795768,0.11109161376953125
QQQ,1d,3,0.1,0.0,9,21,0.7335419610314922,1.5332666811015598,0.8123823717658961,0.18410328444270999,4.412644642516938,0.22857142857142856,0.0998592491489308,-0.06431193170795768,0.11078000068664551
QQQ,1d,3,0.1,0.0,10,30,0.5118532454166073,0.8811049919930456,0.7913085945821748,0.29982930400548824,2.6391969831197364,0.14285714285714285,0.038536944025310126,-0.049438936999395944,0.11329269409179688
QQQ,1d,3,0.1,0.0,12,26,0.662688651614681,1.347910624958701,0.8012857282624131,0.26375951223548993,3.037940590165365,0.2,0.08374127670343254,-0.0622074558627157,0.11627602577209473
QQQ,1d,3,0.1,0.0,20,50,0.5833155384286653,1.1925065586857966,0.6598531608946734,0.2238983799202407,2.947110028798479,0.02857142857142857,0.009052395133328554,-0.01004836959329447,0.10875892639160156
QQQ,1d,3,0.1,0.25,8,21,0.4673670730718189,1.5260520929779005,0.48950745792989203,0.04801431075270978,10.195032486273183,0.7428571428571429,1.1610750950604105,-0.03531039096171662,0.11285758018493652
QQQ,1d,3,0.1,0.25,9,21,0.42998658071982193,1.1138139660923718,0.47867231206921695,0.05757372369519108,8.31407595943284,0.7142857142857143,1.108604859234751,-0.03531039096171662,0.1133432388305664
QQQ,1d,3,0.1,0.25,10,30,0.3569837815067979,0.4607586694188126,0.4651377979159056,0.08707823286831773,5.341608144704781,0.4857142857142857,0.7950264172085526,-0.037535701326668613,0.1101217269897461
QQQ,1d,3,0.1,0.25,12,26,0.4015231723587693,0.9287106258012716,0.46728167902393586,0.07764201452414395,6.018412606728894,0.5142857142857142,0.8473149238095943,-0.037535701326668613,0.10457420349121094
QQQ,1d,3,0.1,0.25,20,50,0.3585835467566222,0.776465911303245,0.41761803630807603,0.08250254438371721,5.0618806901972055,0.2,0.3526148968379895,-0.01004836959329447,0.10416722297668457
QQQ,1d,3,0.1,0.5,8,21,0.6394073084258005,1.1718426743465646,0.6412998973916504,0.04370761628550442,14.67249765355739,0.7428571428571429,1.2440717985319774,-0.04330471539735814,0.10592961311340332
QQQ,1d,3,0.1,0.5,9,21,0.5957786738333406,0.7558912553472963,0.6281245003616185,0.044229730550636046,14.201409154923864,0.7142857142857143,1.1867101605455006,-0.04330471539735814,0.11687278747558594
QQQ,1d,3,0.1,0.5,10,30,0.5242992510356315,0.12820537606143767,0.5782784477836793,0.058964201181648815,9.807280285239488,0.4857142857142857,0.8268148740580739,-0.04205877083195375,0.12149572372436523
QQQ,1d,3,0.1,0.5,12,26,0.5483980353651179,0.5763391317216389,0.5779353905173668,0.055700686572412006,10.3757318999298,0.5142857142857142,0.886251608888973,-0.037535701326668613,0.1059577465057373
QQQ,1d,3,0.1,0.5,20,50,0.45613385900427533,0.43236090847841213,0.4814951620819186,0.061902970072942924,7.778223912593406,0.2,0.35253065640444015,-0.01004836959329447,0.09656643867492676
QQQ,1d,3,0.1,0.75,8,21,0.8074811345949395,0.8583349455382088,0.7962727968150195,0.05338838059398063,14.914720917846996,0.7428571428571429,1.2973972425823905,-0.051299039832998994,0.12879180908203125
QQQ,1d,3,0.1,0.75,9,21,0.7570676657242054,0.45200718862756073,0.7802546627018231,0.045867939786619676,17.01089402165463,0.7142857142857143,1.2361842957055822,-0.051299039832998994,0.10586833953857422
QQQ,1d,3,0.1,0.75,10,30,0.679277942464868,-0.13344433661672184,0.7050749014315912,0.05322286996891409,13.247592657881937,0.4857142857142857,0.8433848907093612,-0.048338837633777554,0.11587166786193848
QQQ,1d,3,0.1,0.75,12,26,0.6941458419398083,0.2817500869293452,0.7037371780941838,0.05550600806548269,12.678576655412806,0.5142857142857142,0.9050579450193129,-0.037535701326668613,0.1130220890045166
QQQ,1d,3,0.1,0.75,20,50,0.5661851231225262,0.14906879323730426,0.5714749186453314,0.061597391561919644,9.277583094908602,0.2,0.3524622750865802,-0.01004836959329447,0.1063535213470459
QQQ,1d,3,0.1,1.0,8,21,0.9487360623261811,0.5824724395077436,0.927665328144163,0.06224973214695811,14.902318389967471,0.7428571428571429,1.3372454433732073,-0.05929336426864029,0.10254716873168945
QQQ,1d,3,0.1,1.0,9,21,0.8925360116889198,0.19528826269752608,0.9091900076882073,0.04967258592455148,18.30365765674433,0.7142857142857143,1.2729396587981294,-0.05929336426864029,0.10840106010437012
QQQ,1d,3,0.1,1.0,10,30,0.8082879984023181,-0.33816050377077944,0.814743445790785,0.0526642728304822,15.470515436780314,0.4857142857142857,0.8547436254050896,-0.05461890443560169,0.11044025421142578
QQQ,1d,3,0.1,1.0,12,26,0.8172688099827243,0.03680826010385929,0.812821204323677,0.05894535195571819,13.789402851208637,0.5142857142857142,0.917484613513709,-0.039398512696835586,0.10256528854370117
QQQ,1d,3,0.1,1.0,20,50,0.6619967918049766,-0.0830429743798905,0.6528737034992328,0.06451072320138522,10.120390395580216,0.2,0.3524065134783711,-0.01004836959329447,0.11147332191467285
QQQ,1d,3,0.25,0.0,8,21,0.8342809359008051,1.9110120882805286,0.821506180487974,0.24374507879918036,3.370349811922998,0.22857142857142856,0.04298036102155343,-0.06431193170795768,0.11260771751403809
QQQ,1d,3,0.25,0.0,9,21,0.7101155050640621,1.4524225960184562,0.8318943227490191,0.20470629486545405,4.063843387404343,0.22857142857142856,0.0998592491489308,-0.06431193170795768,0.11330366134643555
QQQ,1d,3,0.25,0.0,10,30,0.5076919551611201,0.8605390767603718,0.7409278688618652,0.3124194360992682,2.371580584462878,0.14285714285714285,0.038536944025310126,-0.049438936999395944,0.10654616355895996
QQQ,1d,3,0.25,0.0,12,26,0.7283188048529947,1.5671417270323387,0.7865085567055112,0.24750943424350452,3.177691222596909,0.2,0.08374127670343254,-0.0622074558627157,0.10592031478881836
QQQ,1d,3,0.25,0.0,20,50,0.5276214757232722,0.9893740650038736,0.6367663932747537,0.22556911234902535,2.822932566624985,0.02857142857142857,0.009052395133328554,-0.01004836959329447,0.1049506664276123
QQQ,1d,3,0.25,0.25,8,21,0.46835171656813124,1.5110394920237638,0.4803683186468998,0.05016788887803761,9.575214931102959,0.7428571428571429,1.1610750950604105,-0.03531039096171662,0.1095430850982666
QQQ,1d,3,0.25,0.25,9,21,0.42754304229830437,1.0246513835676105,0.4830409832498619,0.058573551840054985,8.246742225379933,0.7142857142857143,1.108604859234751,-0.03531039096171662,0.11525297164916992
QQQ,1d,3,0.25,0.25,10,30,0.35711676602509423,0.4410360196251495,0.4496469638692718,0.08726092763233324,5.1529014883250195,0.4857142857142857,0.7950264172085526,-0.037535701326668613,0.10879850387573242
QQQ,1d,3,0.25,0.25,12,26,0.42005071265914745,1.1622080693678396,0.46084847757439873,0.07223927581026053,6.379472557073197,0.5142857142857142,0.8473149238095943,-0.037535701326668613,0.11367630958557129
QQQ,1d,3,0.25,0.25,20,50,0.33223337725753027,0.5714100910512567,0.4059863904423979,0.07737562570855618,5.246954538003872,0.2,0.3526148968379895,-0.01004836959329447,0.1023874282836914
QQQ,1d,3,0.25,0.5,8,21,0.6443758621815779,1.1550924456841294,0.6394973094883413,0.04139678374346273,15.447995029066213,0.7428571428571429,1.2440717985319774,-0.04330471539735814,0.11371946334838867
QQQ,1d,3,0.25,0.5,9,21,0.6031850980506966,0.6623812925197206,0.6333693759088426,0.041858225504355494,15.131300199119485,0.7142857142857143,1.1867101605455006,-0.04330471539735814,0.1168680191040039
QQQ,1d,3,0.25,0.5,10,30,0.529371214228916,0.11014912200400895,0.5729590440701073,0.058817234636630585,9.741346182115066,0.4857142857142857,0.8268148740580739,-0.04205877083195375,0.10938835144042969
QQQ,1d,3,0.25,0.5,12,26,0.5595791852441785,0.8131411881259378,0.5759547505903619,0.056632194361950376,10.17009418546088,0.5142857142857142,0.886251608888973,-0.037535701326668613,0.10690164566040039
QQQ,1d,3,0.25,0.5,20,50,0.43713685138807795,0.23457186639341976,0.4749097984490497,0.06027863355864075,7.878576046138207,0.2,0.35253065640444015,-0.01004836959329447,0.11035513877868652
QQQ,1d,3,0.25,0.75,8,21,0.8154197266107868,0.8402858688416428,0.7988750346855255,0.049572758664603554,16.11520230476797,0.7428571428571429,1.2973972425823905,-0.051299039832998994,0.10280513763427734
QQQ,1d,3,0.25,0.75,9,21,0.7709343773401334,0.3575052362718687,0.7868906199277466,0.0434132961570424,18.125567270480087,0.7142857142857143,1.2361842957055822,-0.051299039832998994,0.10946393013000488
QQQ,1d,3,0.25,0.75,10,30,0.6877631956742519,-0.1494240114040818,0.7053558123728223,0.054509438116391834,12.940067568972259,0.4857142857142857,0.8433848907093612,-0.048338837633777554,0.1138761043548584
QQQ,1d,3,0.25,0.75,12,26,0.7027926875552551,0.5136868408590509,0.7045539439570908,0.06110180835258404,11.530819839103742,0.5142857142857142,0.9050579450193129,-0.037535701326668613,0.10819101333618164
QQQ,1d,3,0.25,0.75,20,50,0.5507146313347131,-0.03550821399887161,0.5676025596259591,0.0622412117538753,9.119400854059025,0.2,0.3524622750865802,-0.01004836959329447,0.10603117942810059
QQQ,1d,3,0.25,1.0,8,21,0.958952870365627,0.5635506117852509,0.9334398317595817,0.057734431014191595,16.167819018258523,0.7428571428571429,1.3372454433732073,-0.05929336426864029,0.1287546157836914
QQQ,1d,3,0.25,1.0,9,21,0.9112265299611167,0.10251311579421851,0.9170408620741932,0.04781951738653622,19.177124993996486,0.7142857142857143,1.2729396587981294,-0.05929336426864029,0.10993003845214844
QQQ,1d,3,0.25,1.0,10,30,0.8193439774208469,-0.3519326590574029,0.8189145909777352,0.05550672729512943,14.753429555008063,0.4857142857142857,0.8547436254050896,-0.05461890443560169,0.11239242553710938
QQQ,1d,3,0.25,1.0,12,26,0.8245606202658631,0.258031108089686,0.815695238097365,0.0675256561874933,12.079782473086773,0.5142857142857142,0.917484613513709,-0.039398512696835586,0.11424994468688965
QQQ,1d,3,0.25,1.0,20,50,0.6487796688501372,-0.25091858543793455,0.6508252113181251,0.06649286969351702,9.787894767032139,0.2,0.3524065134783711,-0.01004836959329447,0.10450220108032227
QQQ,1d,3,0.4,0.0,8,21,0.7751792049162401,1.666368393803781,0.8134260721758688,0.20311354407637244,4.004784987996731,0.22857142857142856,0.04298036102155343,-0.06431193170795768,0.11168146133422852
QQQ,1d,3,0.4,0.0,9,21,0.8177436977881786,1.8277783892608244,0.8344685186875826,0.22383441929059442,3.728061668675847,0.22857142857142856,0.0998592491489308,-0.06431193170795768,0.12176680564880371
QQQ,1d,3,0.4,0.0,10,30,0.43106716249765603,0.6675655022277664,0.7493561935931755,0.2920261222040176,2.5660587756243753,0.14285714285714285,0.038536944025310126,-0.049438936999395944,0.11809301376342773
QQQ,1d,3,0.4,0.0,12,26,0.7490996529541252,1.640685179905467,0.7861971443868768,0.2285640023115259,3.4397242629454556,0.2,0.08374127670343254,-0.0622074558627157,0.11177206039428711
QQQ,1d,3,0.4,0.0,20,50,0.5734883560341664,1.1250792154980167,0.644657742913213,0.21841895701043654,2.9514734056825014,0.02857142857142857,0.009052395133328554,-0.01004836959329447,0.11211442947387695
QQQ,1d,3,0.4,0.25,8,21,0.45371186788998247,1.2479243718165316,0.48305313626090773,0.05582372471973714,8.653187129416295,0.7428571428571429,1.1610750950604105,-0.03531039096171662,0.11386775970458984
QQQ,1d,3,0.4,0.25,9,21,0.45761131662813836,1.420506847097132,0.48305126252910463,0.05610921446536563,8.60912538398263,0.7142857142857143,1.108604859234751,-0.03531039096171662,0.10466289520263672
QQQ,1d,3,0.4,0.25,10,30,0.3420676642412519,0.2555398789653205,0.45130017581432147,0.08254285285782333,5.467465203700525,0.4857142857142857,0.7950264172085526,-0.037535701326668613,0.1119227409362793
QQQ,1d,3,0.4,0.25,12,26,0.4283220638154864,1.2411345512895555,0.4589734363275402,0.06384532109636772,7.188834333447374,0.5142857142857142,0.8473149238095943,-0.037535701326668613,0.11046814918518066
QQQ,1d,3,0.4,0.25,20,50,0.3495844412115548,0.7061529520841252,0.4095967478031355,0.07354223874073824,5.569544180550517,0.2,0.3526148968379895,-0.01004836959329447,0.10797357559204102
QQQ,1d,3,0.4,0.5,8,21,0.6390427395622073,0.884801047318053,0.6474351923792396,0.048402295656775285,13.376125731106983,0.7428571428571429,1.2440717985319774,-0.04330471539735814,0.11392855644226074
QQQ,1d,3,0.4,0.5,9,21,0.6274443023832262,1.0611992748175427,0.6372517612312223,0.03975697680251992,16.028677542474288,0.7142857142857143,1.1867101605455006,-0.04330471539735814,0.10901403427124023
QQQ,1d,3,0.4,0.5,10,30,0.5305252175557218,-0.060110465971096816,0.5759877893339407,0.0556176516717582,10.356204766308364,0.4857142857142857,0.8268148740580739,-0.04205877083195375,0.134779691696167
QQQ,1d,3,0.4,0.5,12,26,0.5701988794248988,0.8941201767417206,0.5750566941555961,0.05349630318835051,10.749466035642289,0.5142857142857142,0.886251608888973,-0.037535701326668613,0.1039576530456543
QQQ,1d,3,0.4,0.5,20,50,0.44915093254596594,0.36233729679907256,0.4780287799474209,0.059302291801309505,8.060882057459795,0.2,0.35253065640444015,-0.01004836959329447,0.10910654067993164
QQQ,1d,3,0.4,0.75,8,21,0.8150083088639569,0.5716987700252196,0.8101055214479661,0.054214596582119814,14.94257215805129,0.7428571428571429,1.2973972425823905,-0.051299039832998994,0.11151623725891113
QQQ,1d,3,0.4,0.75,9,21,0.7943346197658329,0.7462446753628054,0.793427447371048,0.04311458159922022,18.40276347214739,0.7142857142857143,1.2361842957055822,-0.051299039832998994,0.11947441101074219
QQQ,1d,3,0.4,0.75,10,30,0.6976128811864926,-0.3005261888638088,0.7096034131510778,0.05066101657322329,14.006892501366352,0.4857142857142857,0.8433848907093612,-0.048338837633777554,0.11627888679504395
QQQ,1d,3,0.4,0.75,12,26,0.7157574678254548,0.5941260690789043,0.7044000423010182,0.060036231491073094,11.732915687850207,0.5142857142857142,0.9050579450193129,-0.037535701326668613,0.11042499542236328
QQQ,1d,3,0.4,0.75,20,50,0.5605622210981398,0.0816326808183323,0.5707570892110417,0.06338547444152717,9.00454077594012,0.2,0.3524622750865802,-0.01004836959329447,0.10115528106689453
QQQ,1d,3,0.4,1.0,8,21,0.9619243040996656,0.3034263350591595,0.9470589173224466,0.060794468733150475,15.578044138841648,0.7428571428571429,1.3372454433732073,-0.05929336426864029,0.11660122871398926
QQQ,1d,3,0.4,1.0,9,21,0.9346670931672081,0.4718937951840332,0.9255801986826236,0.04923192714993494,18.80040559581968,0.7142857142857143,1.2729396587981294,-0.05929336426864029,0.12218117713928223
QQQ,1d,3,0.4,1.0,10,30,0.8352158436108454,-0.4825613446317315,0.8241318058242035,0.05061036113981739,16.283855464841228,0.4857142857142857,0.8547436254050896,-0.05461890443560169,0.12329268455505371
QQQ,1d,3,0.4,1.0,12,26,0.8394546197839521,0.3359727987110439,0.8160950855699107,0.06723736992135354,12.137522430227177,0.5142857142857142,0.917484613513709,-0.039398512696835586,0.10518646240234375
QQQ,1d,3,0.4,1.0,20,50,0.6573293204385945,-0.14631161298655948,0.6540858403872011,0.06894258828741065,9.487398959557792,0.2,0.3524065134783711,-0.01004836959329447,0.09522533416748047
QQQ,1d,3,0.55,0.0,8,21,0.8537565849098641,1.9784095086297109,0.8168430559207269,0.19960353117009677,4.092327681440842,0.22857142857142856,0.03604111902154888,-0.059055615561213526,0.10981965065002441
QQQ,1d,3,0.55,0.0,9,21,0.8519406830497738,1.946254870104391,0.8033216712859342,0.17288784221711673,4.6464902388977904,0.22857142857142856,0.03795217474020854,-0.059055615561213526,0.10741686820983887
QQQ,1d,3,0.55,0.0,10,30,0.5535973238343174,0.9652936522711117,0.7626863313796378,0.27814996177968493,2.741996894408136,0.14285714285714285,-0.01057046419066935,-0.059055615561213526,0.10074687004089355
QQQ,1d,3,0.55,0.0,12,26,0.7050903463452757,1.4519527339245513,0.8089653583893133,0.23154678485723543,3.493744725879464,0.17142857142857143,0.027311277064871988,-0.05382423458621721,0.12123370170593262
QQQ,1d,3,0.55,0.0,20,50,0.5951397902877857,1.1842752560223615,0.6650647528820006,0.23191511129315634,2.8677077106946856,0.02857142857142857,0.009052395133328554,-0.01004836959329447,0.10200953483581543
QQQ,1d,3,0.55,0.25,8,21,0.47785478166171763,1.5833405578514967,0.4872278025332437,0.05670948116097954,8.591646274282857,0.7428571428571429,1.1716797947437758,-0.04094500093683617,0.11670470237731934
QQQ,1d,3,0.55,0.25,9,21,0.4675301477560264,1.5536986006018694,0.47946939188956,0.05108746364344344,9.38526514520153,0.7142857142857143,1.1181630673280971,-0.04094500093683617,0.1073307991027832
QQQ,1d,3,0.55,0.25,10,30,0.37469107402637836,0.5470664395068565,0.4564403835377207,0.08144646127387743,5.604176982015991,0.5142857142857142,0.9169086115258754,-0.026264531924858336,0.11842918395996094
QQQ,1d,3,0.55,0.25,12,26,0.4145639017504011,1.0394406890870176,0.4668754627901923,0.06639676221827272,7.031599843007192,0.5428571428571428,0.93751623392238,-0.02409548843351894,0.11461663246154785
QQQ,1d,3,0.55,0.25,20,50,0.3588520182136687,0.7668276678611976,0.4196492861641751,0.08554895750789575,4.90536995877996,0.2,0.3526148968379895,-0.01004836959329447,0.11105608940124512
QQQ,1d,3,0.55,0.5,8,21,0.6629496128313024,1.2293132104993627,0.6574284139547769,0.0487029846561204,13.498729463845278,0.7428571428571429,1.2558048254295915,-0.05006579655362209,0.12300300598144531
QQQ,1d,3,0.55,0.5,9,21,0.6382478242702271,1.2038621230537978,0.6458884767182822,0.03992949100234242,16.175725272340483,0.7142857142857143,1.197489954210268,-0.05006579655362209,0.11752915382385254
QQQ,1d,3,0.55,0.5,10,30,0.5512772868149365,0.2120097116945665,0.5831181186747838,0.05655056811231531,10.311445811059768,0.5142857142857142,0.9516120970731249,-0.030642525515517383,0.1105504035949707
QQQ,1d,3,0.55,0.5,12,26,0.5662123179504481,0.6881858160056358,0.5830705800682133,0.05346402759345837,10.905848405247257,0.5428571428571428,0.9815858649272741,-0.028039846866743434,0.10739946365356445
QQQ,1d,3,0.55,0.5,20,50,0.46130400023285956,0.4217321036944863,0.48963819517836865,0.06643138075820601,7.370585852498415,0.2,0.35253065640444015,-0.01004836959329447,0.10545849800109863
QQQ,1d,3,0.55,0.75,8,21,0.8413997778083832,0.9141270846990359,0.8245035384026302,0.05377211389889702,15.333292270281056,0.7428571428571429,1.3124682935605678,-0.05918659217040734,0.11644816398620605
QQQ,1d,3,0.55,0.75,9,21,0.8069375905785865,0.8937437417723919,0.8098332463408191,0.04501163605814366,17.991642101049585,0.7142857142857143,1.250322243852575,-0.05918659217040734,0.11706399917602539
QQQ,1d,3,0.55,0.75,10,30,0.7141673096061769,-0.05508821831060795,0.7186515056153306,0.0518998169886414,13.846898646533031,0.5142857142857142,0.9718571693929802,-0.03679268691243098,0.10904765129089355
QQQ,1d,3,0.55,0.75,12,26,0.7170129931669328,0.3906786139882461,0.7132272305353761,0.05779335221958421,12.340990843124818,0.5428571428571428,1.0077860366094025,-0.03679268691243098,0.11359190940856934
QQQ,1d,3,0.55,0.75,20,50,0.57566216546571,0.13785465999413637,0.584335453103911,0.06911632002709257,8.454377386916146,0.2,0.3524622750865802,-0.01004836959329447,0.10368680953979492
QQQ,1d,3,0.55,1.0,8,21,0.9907966198501648,0.6352906991572891,0.9648781205236693,0.059792535895865806,16.137099824702087,0.7428571428571429,1.3554640690084707,-0.06830738778719314,0.11521196365356445
QQQ,1d,3,0.55,1.0,9,21,0.9488759390397857,0.6202579928417644,0.9477243828790304,0.05181888399902018,18.289170081257453,0.7142857142857143,1.2902655353935446,-0.06830738778719314,0.11505341529846191
QQQ,1d,3,0.55,1.0,10,30,0.8494593044496851,-0.2669507909387132,0.834754944986354,0.0517441536712837,16.132352850706987,0.5142857142857142,0.986590654752726,-0.049997048732592364,0.10371923446655273
QQQ,1d,3,0.55,1.0,12,26,0.8443212064005389,0.14002361143516673,0.8257057935790233,0.06363327687365243,12.97600617391605,0.5428571428571428,1.0270604078898278,-0.049997048732592364,0.1125178337097168
QQQ,1d,3,0.55,1.0,20,50,0.6748517612059322,-0.0944733515911137,0.669325784750038,0.07487183590362285,8.939620308117101,0.2,0.3524065134783711,-0.01004836959329447,0.10288143157958984
QQQ,1d,3,0.7,0.0,8,21,0.8461097907618661,1.8926610365639123,0.8013544079417578,0.18171799784359588,4.409879139387619,0.22857142857142856,-0.02175219131347174,-0.059055615561213526,0.11429882049560547
QQQ,1d,3,0.7,0.0,9,21,0.7843053165947439,1.6744719181722791,0.8057270787769445,0.2028238185057222,3.9725466402961582,0.22857142857142856,-0.03488550857092548,-0.059055615561213526,0.1091761589050293
QQQ,1d,3,0.7,0.0,10,30,0.6507648038863603,1.2409959242124486,0.7744117578142118,0.2815560147090052,2.750471371086086,0.14285714285714285,-0.01057046419066935,-0.059055615561213526,0.10525202751159668
QQQ,1d,3,0.7,0.0,12,26,0.713963324799384,1.4563707365560892,0.7863930400123913,0.2227143994130495,3.5309483449874963,0.17142857142857143,0.027311277064871988,-0.05382423458621721,0.10753512382507324
QQQ,1d,3,0.7,0.0,20,50,0.5063406186166505,0.910022256343241,0.6438564496299332,0.2350313166698883,2.7394496135774857,0.02857142857142857,0.009052395133328554,-0.01004836959329447,0.10897064208984375
QQQ,1d,3,0.7,0.25,8,21,0.47325789452456224,1.4898108458865043,0.4845516336993573,0.0570457733256272,8.494084757751503,0.7142857142857143,1.1635234219197685,-0.048313588907183735,0.11905312538146973
QQQ,1d,3,0.7,0.25,9,21,0.4571308143221546,1.2591781743033157,0.48180370554697366,0.0530375877755281,9.084193413662021,0.6857142857142857,1.11233314284671,-0.048313588907183735,0.10935354232788086
QQQ,1d,3,0.7,0.25,10,30,0.4010384514580917,0.8248224323725217,0.4582005144641717,0.07810089944790996,5.866776409787346,0.5142857142857142,0.9169086115258754,-0.026264531924858336,0.11379647254943848
QQQ,1d,3,0.7,0.25,12,26,0.4144362299277528,1.0427301569666687,0.4553318322775892,0.06404910903176032,7.109104859706975,0.5428571428571428,0.93751623392238,-0.02409548843351894,0.10600399971008301
QQQ,1d,3,0.7,0.25,20,50,0.3307088929059818,0.49365099507596866,0.40491125546446227,0.08920261483249022,4.5392307862816335,0.2,0.3526148968379895,-0.01004836959329447,0.10853862762451172
QQQ,1d,3,0.7,0.5,8,21,0.6629765865225349,1.131819841691668,0.661966071267811,0.050000378917907505,13.239221093797143,0.7428571428571429,1.2505321137606351,-0.058907512572046516,0.12358593940734863
QQQ,1d,3,0.7,0.5,9,21,0.6489394856469467,0.8988761061731598,0.6530283723452257,0.03946634592443786,16.546461473669535,0.7142857142857143,1.1979572937067375,-0.058907512572046516,0.1311190128326416
QQQ,1d,3,0.7,0.5,10,30,0.5678915793194712,0.4795297919146111,0.5871568229991174,0.05283454457275497,11.113123577521945,0.5142857142857142,0.9516120970731249,-0.030642525515517383,0.15166687965393066
QQQ,1d,3,0.7,0.5,12,26,0.5657702433175485,0.6902154726384213,0.5797339293832678,0.05360660013778685,10.814599842055982,0.5428571428571428,0.9815858649272741,-0.028039846866743434,0.10944747924804688
QQQ,1d,3,0.7,0.5,20,50,0.45549563092019807,0.1618277536733943,0.492809717809211,0.06668917153201925,7.389651220552349,0.2,0.35253065640444015,-0.01004836959329447,0.10557961463928223
QQQ,1d,3,0.7,0.75,8,21,0.8448671619371685,0.8157742117270221,0.8336725653959152,0.05388509374553852,15.47130212545914,0.7428571428571429,1.3082979547211464,-0.06950143623690974,0.11426162719726562
QQQ,1d,3,0.7,0.75,9,21,0.8305211094826782,0.5880990223683611,0.8205404633061082,0.04404827625589251,18.62820825358271,0.7142857142857143,1.2543535946348772,-0.06950143623690974,0.1153709888458252
QQQ,1d,3,0.7,0.75,10,30,0.7273076678700563,0.1943663130875124,0.7246943171206807,0.047767243150236824,15.171365758777053,0.5142857142857142,0.9718571693929802,-0.03679268691243098,0.10472869873046875
QQQ,1d,3,0.7,0.75,12,26,0.7166604482690719,0.39149031547801627,0.7146700207634361,0.057610331268064405,12.405240605856486,0.5428571428571428,1.0077860366094025,-0.03679268691243098,0.10795021057128906
QQQ,1d,3,0.7,0.75,20,50,0.5819473966397617,-0.10128772192554247,0.5989526091708223,0.06464055337904649,9.265895445829758,0.2,0.3524622750865802,-0.01004836959329447,0.10848188400268555
QQQ,1d,3,0.7,1.0,8,21,0.9969029691620183,0.5385394689519762,0.9774565872872412,0.05865817746679154,16.663603089963267,0.7428571428571429,1.3519521508865635,-0.08009535990177263,0.1143183708190918
QQQ,1d,3,0.7,1.0,9,21,0.9818894416933962,0.3215731799577526,0.9611690473349759,0.05081452190865384,18.91524334446776,0.7142857142857143,1.2968676712845912,-0.08009535990177263,0.11291790008544922
QQQ,1d,3,0.7,1.0,10,30,0.8606813692488006,-0.04005506964745864,0.842384781312215,0.04734620567328099,17.792023021342136,0.5142857142857142,0.986590654752726,-0.049997048732592364,0.12447786331176758
QQQ,1d,3,0.7,1.0,12,26,0.8440834183783215,0.13976089366315714,0.830516223594433,0.06274426034234373,13.236529031707287,0.5428571428571428,1.0270604078898278,-0.049997048732592364,0.1273183822631836
QQQ,1d,3,0.7,1.0,20,50,0.6894586375561154,-0.3088353191897385,0.6922724650219132,0.06690385417845969,10.347273315156732,0.2,0.3524065134783711,-0.01004836959329447,0.10431098937988281
QQQ,1d,3,0.85,0.0,8,21,0.769983521174868,1.606413910861754,0.7884261736390078,0.17687135153861208,4.457625086145676,0.2571428571428571,-0.01216470671099672,-0.05136594829057484,0.10927248001098633
QQQ,1d,3,0.85,0.0,9,21,0.7009167490980319,1.3739827754257097,0.8357282327631042,0.23402057777971175,3.5711741278999485,0.2571428571428571,0.0793563667136261,-0.05136594829057484,0.1112816333770752
QQQ,1d,3,0.85,0.0,10,30,0.7206397598213987,1.4546145963449812,0.8397368905376924,0.22243448110354672,3.7752100590320876,0.14285714285714285,-0.006785413497135419,-0.0392457401829065,0.11128854751586914
QQQ,1d,3,0.85,0.0,12,26,0.7304872117982667,1.4798503301030554,0.8225305671095683,0.17538579827504158,4.689835637773068,0.17142857142857143,-0.010956988878591197,-0.06417444980533327,0.10211610794067383
QQQ,1d,3,0.85,0.0,20,50,0.5258220038962627,0.9715071320414068,0.6121101162184155,0.18554363158879936,3.2990090307975115,0.02857142857142857,-0.06680484148144328,-0.01554956402079366,0.12087106704711914
QQQ,1d,3,0.85,0.25,8,21,0.4585086678592843,1.18067021504987,0.48424770550548224,0.04543184314131367,10.658773054820864,0.7428571428571429,1.0893121861178328,-0.0440554869360017,0.12962889671325684
QQQ,1d,3,0.85,0.25,9,21,0.43949900650085677,0.9434084529940994,0.4912987260223134,0.05134904303425616,9.56782633114616,0.7142857142857143,1.0667595966319086,-0.0440554869360017,0.11287212371826172
QQQ,1d,3,0.85,0.25,10,30,0.4212326491056492,1.0439027436891966,0.4740176099032487,0.06153971832383698,7.702628851969271,0.5142857142857142,0.8993183206788564,-0.025936943113213484,0.11092686653137207
QQQ,1d,3,0.85,0.25,12,26,0.4181365359783826,1.066084254260259,0.45641424754154325,0.04222035763910073,10.810288521072428,0.5428571428571428,0.8780249793583894,-0.03034011631031186,0.11304640769958496
QQQ,1d,3,0.85,0.25,20,50,0.3446174053036685,0.5552078755653804,0.39885472753277407,0.06823247846496744,5.845526009106614,0.2,0.27633701150076045,-0.01554956402079366,0.10914325714111328
QQQ,1d,3,0.85,0.5,8,21,0.6623255244008421,0.8136440883607265,0.6699067876649358,0.04180850513070141,16.02321789718811,0.7428571428571429,1.1948610890139106,-0.05469681067584109,0.10680913925170898
QQQ,1d,3,0.85,0.5,9,21,0.6462811909733638,0.5823538531372259,0.6667842322752616,0.03728549803504911,17.883205734531725,0.7142857142857143,1.160248726198153,-0.05469681067584109,0.11996626853942871
QQQ,1d,3,0.85,0.5,10,30,0.5850275318820902,0.694359018478125,0.60216750204314,0.043264257106208945,13.918359919248946,0.5142857142857142,0.937712104762311,-0.03031640956972248,0.11031746864318848
QQQ,1d,3,0.85,0.5,12,26,0.5727573208893741,0.7123756276217112,0.5844114177612647,0.04076565499346945,14.335877047845443,0.5428571428571428,0.9268582753215292,-0.037179917131620055,0.11469388008117676
QQQ,1d,3,0.85,0.5,20,50,0.47653732193045895,0.2208313728498068,0.5055329726181251,0.06541589018357659,7.727984304722417,0.2,0.2763260896191553,-0.01554956402079366,0.1077871322631836
QQQ,1d,3,0.85,0.75,8,21,0.8518890605820404,0.49946870947010646,0.8474956697943176,0.048324835536970374,17.537476545490787,0.7428571428571429,1.267508636429658,-0.0653381344156806,0.1154482364654541
QQQ,1d,3,0.85,0.75,9,21,0.835878058974632,0.2814149715817904,0.8380674504618615,0.04309967000155095,19.44486930947971,0.7142857142857143,1.2247444762740733,-0.0653381344156806,0.11555194854736328
QQQ,1d,3,0.85,0.75,10,30,0.7448907403008607,0.3983449679169013,0.7415671574958084,0.0439478123995995,16.873812756663316,0.5142857142857142,0.9621448787612682,-0.04228746152883078,0.13684368133544922
QQQ,1d,3,0.85,0.75,12,26,0.7265891697183469,0.4118009406429377,0.723263760184355,0.0496609845377054,14.564023788839963,0.5428571428571428,0.9575436439528874,-0.044019717952927695,0.1116631031036377
QQQ,1d,3,0.85,0.75,20,50,0.6087973161250502,-0.0464623500678738,0.6230621753151486,0.07242357844596743,8.60302940954502,0.2,0.27630928202452076,-0.01554956402079366,0.10286641120910645
QQQ,1d,3,0.85,1.0,8,21,1.009287054073889,0.23239234991536306,0.9957727166213355,0.05461862151197004,18.231377670399556,0.7428571428571429,1.322987896958359,-0.0759794581555201,0.10366678237915039
QQQ,1d,3,0.85,1.0,9,21,0.9928188081559188,0.03207817866566964,0.9816994224872401,0.050727736329178146,19.352320713009526,0.7142857142857143,1.2740009107627415,-0.0759794581555201,0.10393691062927246
QQQ,1d,3,0.85,1.0,10,30,0.879168999872089,0.14889126631523175,0.8612262149931352,0.04779377731825075,18.01963065732123,0.5142857142857142,0.9805234028062143,-0.05598516444594104,0.10395312309265137
QQQ,1d,3,0.85,1.0,12,26,0.8563551590608703,0.15787370784555477,0.8424104637404983,0.0573123354861683,14.69858899649631,0.5428571428571428,0.9805617860999555,-0.05598516444594104,0.10945534706115723
QQQ,1d,3,0.85,1.0,20,50,0.7209095717251824,-0.2590873312710278,0.7244953271916067,0.07951635827027881,9.111273993824295,0.2,0.2762917684231273,-0.01554956402079366,0.10376310348510742
QQQ,1d,3,1.0,0.0,8,21,0.77168272117857,1.6130779437462879,0.831998849161517,0.20869174003068156,3.986735886332625,0.2571428571428571,-0.028691804674400377,-0.04856290216538528,0.11087775230407715
QQQ,1d,3,1.0,0.0,9,21,0.7394175936205722,1.4961852742039388,0.8493776148309949,0.25292836276698993,3.3581746449427796,0.2571428571428571,0.06282590313877003,-0.04856290216538528,0.10689735412597656
QQQ,1d,3,1.0,0.0,10,30,0.74354311308582,1.538353058054478,0.858123487553982,0.18902507706170568,4.539733568122576,0.14285714285714285,-0.018874253772644504,-0.0392457401829065,0.10418891906738281
QQQ,1d,3,1.0,0.0,12,26,0.7389566581766651,1.5144723131603697,0.8316594542121158,0.17945553331852526,4.634348347096987,0.17142857142857143,-0.026862394472106716,-0.06417444980533327,0.09996581077575684
QQQ,1d,3,1.0,0.0,20,50,0.5104945362709068,0.9287768024138612,0.6094223265238158,0.165902287634682,3.673381092042371,0.02857142857142857,-0.06680484148144328,-0.01554956402079366,0.09688925743103027
QQQ,1d,3,1.0,0.25,8,21,0.4613506569999844,1.192404520323144,0.49763180619905467,0.046182206516646084,10.775401258051334,0.7428571428571429,1.0981499456243375,-0.05346850853683105,0.10376429557800293
QQQ,1d,3,1.0,0.25,9,21,0.4509580508409354,1.0677868634353591,0.4964201686658341,0.05374312369129238,9.236905757792146,0.7142857142857143,1.079824945201232,-0.05149486705380024,0.10332536697387695
QQQ,1d,3,1.0,0.25,10,30,0.42816643802156973,1.1324752377611156,0.48293081858601195,0.05531786301309044,8.730106195022953,0.5142857142857142,0.8972267555022692,-0.035376391178609246,0.1127476692199707
QQQ,1d,3,1.0,0.25,12,26,0.42354666131159113,1.103245414644431,0.464523590440602,0.04776005348610463,9.726194937695182,0.5428571428571428,0.8758483795577501,-0.03322336581641783,0.10866737365722656
QQQ,1d,3,1.0,0.25,20,50,0.3424309333607631,0.5131454289744806,0.4014756453121418,0.06755184930237522,5.943222124313114,0.2,0.27633701150076045,-0.01554956402079366,0.11129355430603027
QQQ,1d,3,1.0,0.5,8,21,0.6685012337047809,0.8300342622920134,0.6837429846858568,0.03824560754398099,17.877686578767992,0.7428571428571429,1.2034242505997494,-0.07331328729940711,0.11276841163635254
QQQ,1d,3,1.0,0.5,9,21,0.6579309286643986,0.7033047377640815,0.6761487157399546,0.03852260226566663,17.552000020065464,0.7142857142857143,1.1760013073392044,-0.06940994445263149,0.11211323738098145
QQQ,1d,3,1.0,0.5,10,30,0.5895414392423511,0.783926344769708,0.6142725400090673,0.04019463446390631,15.282451207776683,0.5142857142857142,0.9363285251910964,-0.04164299201682953,0.1092672348022461
QQQ,1d,3,1.0,0.5,12,26,0.5814448299663912,0.7504570984636587,0.5944505637419605,0.040743440400478455,14.59009248848263,0.5428571428571428,0.9254732446038186,-0.03905953384145422,0.11796045303344727
QQQ,1d,3,1.0,0.5,20,50,0.4811116439046297,0.18128428039196187,0.5170793141027988,0.06903238565984134,7.490387434250339,0.2,0.2763260896191553,-0.01554956402079366,0.1126868724822998
QQQ,1d,3,1.0,0.75,8,21,0.8605901953409124,0.519730420561827,0.8633920481498517,0.04683931931120841,18.433061386168486,0.7428571428571429,1.277297680792981,-0.09294849948389139,0.12053775787353516
QQQ,1d,3,1.0,0.75,9,21,0.8487894436017658,0.3952179360898831,0.8511372591090571,0.04513090644717457,18.859299006221107,0.7142857142857143,1.2439871066597956,-0.08715939539265616,0.11139750480651855
QQQ,1d,3,1.0,0.75,10,30,0.7485619558920704,0.4860380813124878,0.7563345491858466,0.04104626006583121,18.42639373167774,0.5142857142857142,0.9610458486014751,-0.04790959285504914,0.11827683448791504
QQQ,1d,3,1.0,0.75,12,26,0.7378416182775556,0.44953463723291875,0.7348224322121526,0.04710176515603183,15.600740859242546,0.5428571428571428,0.9564521476740063,-0.0456132850283435,0.10905075073242188
QQQ,1d,3,1.0,0.75,20,50,0.617605581946826,-0.0824217596637058,0.6406994833244951,0.07762775144063828,8.253485015786348,0.2,0.27630928202452076,-0.01554956402079366,0.1126246452331543
QQQ,1d,3,1.0,1.0,8,21,1.0199370421906604,0.2555603608268928,1.0136034038225525,0.05540715668612884,18.293727100353223,0.7428571428571429,1.3340864460408692,-0.11237414509028287,0.11301350593566895
QQQ,1d,3,1.0,1.0,9,21,1.0069399573380566,0.1364648015168135,0.9977352714527526,0.05349146439278922,18.652233263355,0.7142857142857143,1.2963343159098446,-0.10474321987387392,0.1177215576171875
QQQ,1d,3,1.0,1.0,10,30,0.8823746889894517,0.2326480804465083,0.8780407999011708,0.04437499134133414,19.786838788254567,0.5142857142857142,0.9796013447474711,-0.05598516444594104,0.11392569541931152
QQQ,1d,3,1.0,1.0,12,26,0.8696169741444417,0.1943006192329837,0.8551031787767329,0.05359305144182164,15.95548594028084,0.5428571428571428,0.9796394107690051,-0.05598516444594104,0.11272811889648438
QQQ,1d,3,1.0,1.0,20,50,0.7327985286658145,-0.2909429749426724,0.7467023492375372,0.08547364354023797,8.736053809219168,0.2,0.2762917684231273,-0.01554956402079366,0.11852884292602539
QQQ,1d,5,0.0,0.0,8,21,0.8193699082244357,1.9590492750284731,0.7301065177312084,0.20321006649053702,3.5928658965583655,0.2571428571428571,0.1935508022971114,-0.09130980930231136,0.11667132377624512
QQQ,1d,5,0.0,0.0,9,21,0.7074957704696052,1.4910466821373256,0.7333232226755937,0.2011040076812509,3.6464873630858134,0.2571428571428571,0.19405730035260627,-0.09130980930231136,0.12160611152648926
QQQ,1d,5,0.0,0.0,10,30,0.7774381898131716,1.8290836153464758,0.7114176046139749,0.21169905946473433,3.3605137708818478,0.14285714285714285,0.09824556541258365,-0.052862906958208056,0.10490083694458008
QQQ,1d,5,0.0,0.0,12,26,0.6762475372408895,1.4419520420660414,0.7078826730833915,0.24011705909839545,2.9480732262063665,0.17142857142857143,0.07013340715728532,-0.06916028086666937,0.11002731323242188
QQQ,1d,5,0.0,0.0,20,50,0.5702823712991972,1.200607216008275,0.5718678413578171,0.19979477628655204,2.8622762415851453,0.02857142857142857,0.07545807496579225,-0.012725738378816187,0.10328197479248047
QQQ,1d,5,0.0,0.25,8,21,0.44974732515958876,1.5724237617372636,0.44389800968418874,0.04174065415622385,10.63466825466606,0.6857142857142857,1.115176667119497,-0.045200293504936595,0.11571598052978516
QQQ,1d,5,0.0,0.25,9,21,0.41573976204952634,1.0662543445474397,0.44130352445430077,0.07550309498080086,5.844840195842523,0.6571428571428571,1.0358608324841132,-0.04583929630203831,0.11545681953430176
QQQ,1d,5,0.0,0.25,10,30,0.43669548409719355,1.4315123620199839,0.4329419080236094,0.06909261908457325,6.266109372604101,0.45714285714285713,0.7852276726420606,-0.034387505571517485,0.10206890106201172
QQQ,1d,5,0.0,0.25,12,26,0.40003805850168594,1.0283646031836642,0.43145209084289027,0.06212704383810317,6.944674399239259,0.4857142857142857,0.767386771822005,-0.034387505571517485,0.10201478004455566
QQQ,1d,5,0.0,0.25,20,50,0.36189494371539865,0.8004369738666455,0.3892862663828435,0.07155744975544637,5.440192009542853,0.17142857142857143,0.3605283604109544,-0.012725738378816187,0.10290765762329102
QQQ,1d,5,0.0,0.5,8,21,0.578918707477956,1.2287663924626426,0.5773631749103134,0.04031122944956604,14.322638698793863,0.7142857142857143,1.19353424243587,-0.058693986460022884,0.11673998832702637
QQQ,1d,5,0.0,0.5,9,21,0.5626383192572586,0.7052780723754228,0.5709348459869449,0.05707433063440961,10.003355968273649,0.6857142857142857,1.1149979876266765,-0.059460738691208714,0.10974431037902832
QQQ,1d,5,0.0,0.5,10,30,0.5608670599966511,1.0781833655878605,0.5366441974018029,0.047308173466822104,11.343583107856809,0.45714285714285713,0.8165097235376191,-0.034387505571517485,0.11208748817443848
QQQ,1d,5,0.0,0.5,12,26,0.5249879659431578,0.6756872687571134,0.5370675150486073,0.04461734963940129,12.037190003198363,0.4857142857142857,0.8092213845559902,-0.034387505571517485,0.10541844367980957
QQQ,1d,5,0.0,0.5,20,50,0.45976465560506774,0.46536084284048274,0.45484707818649206,0.056814582503665494,8.00581572798052,0.17142857142857143,0.36066009574397034,-0.012725738378816187,0.10835695266723633
QQQ,1d,5,0.0,0.75,8,21,0.7180278550093413,0.924423993065199,0.7159117431816894,0.04854775247470393,14.746547609072513,0.7142857142857143,1.2432046432940567,-0.07218767941510884,0.1076045036315918
QQQ,1d,5,0.0,0.75,9,21,0.7097300514966975,0.4001488026486213,0.7071537923286388,0.054129520633611754,13.064105945352328,0.6857142857142857,1.165382467294429,-0.07308218108037867,0.1068105697631836
QQQ,1d,5,0.0,0.75,10,30,0.6946473452890151,0.7661605930168054,0.6545495388198778,0.04339791981508961,15.082509521396199,0.45714285714285713,0.8327699953050683,-0.034387505571517485,0.13088297843933105
QQQ,1d,5,0.0,0.75,12,26,0.6566232130905186,0.3766893157302704,0.6566737261634173,0.04711119529275441,13.938804186197588,0.4857142857142857,0.8292571067851775,-0.034387505571517485,0.11270332336425781
QQQ,1d,5,0.0,0.75,20,50,0.5694883381337184,0.18619595322795512,0.5420262324866298,0.05768824946525083,9.395782286878466,0.17142857142857143,0.3607481011692811,-0.012725738378816187,0.10624384880065918
QQQ,1d,5,0.0,1.0,8,21,0.8374134687134882,0.6558912004556969,0.8339732614806319,0.05522963509865604,15.10010449989241,0.7142857142857143,1.2801392147613297,-0.08568137237019502,0.12081217765808105
QQQ,1d,5,0.0,1.0,9,21,0.8341900294062032,0.14360031719298405,0.8235371834745209,0.054786590609807624,15.031729010841119,0.6857142857142857,1.2027913556286491,-0.08670362346954896,0.11512494087219238
QQQ,1d,5,0.0,1.0,10,30,0.8096292435813478,0.4923512041548954,0.7569973961571224,0.0439559874607173,17.221712897102762,0.45714285714285713,0.8438861063412423,-0.034387505571517485,0.10705232620239258
QQQ,1d,5,0.0,1.0,12,26,0.7693308303534167,0.12467829899276439,0.7605267696283029,0.051685557853786555,14.714492814022819,0.4857142857142857,0.8423331634738207,-0.034387505571517485,0.10124921798706055
QQQ,1d,5,0.0,1.0,20,50,0.6649501141617153,-0.0451871137741473,0.6205103063799836,0.06043006744609724,10.268237859133121,0.17142857142857143,0.3608108074195411,-0.012725738378816187,0.10915255546569824
QQQ,1d,5,0.1,0.0,8,21,0.8171730979436531,1.9316761498753352,0.7280660863153575,0.21838062608009212,3.333931674178532,0.2571428571428571,0.1935508022971114,-0.09130980930231136,0.10967373847961426
QQQ,1d,5,0.1,0.0,9,21,0.7212202772145802,1.523525849039344,0.7230327655158917,0.2228246069332493,3.244851524555759,0.2571428571428571,0.19405730035260627,-0.09130980930231136,0.11659789085388184
QQQ,1d,5,0.1,0.0,10,30,0.7042069422635387,1.5476613022698102,0.7152799663460562,0.23333282951828885,3.065492189087742,0.14285714285714285,0.09824556541258365,-0.052862906958208056,0.10194969177246094
QQQ,1d,5,0.1,0.0,12,26,0.6063250651655663,1.2068930131283135,0.7137458926204173,0.2639101409312691,2.704503472666101,0.17142857142857143,0.07013340715728532,-0.06916028086666937,0.11936402320861816
QQQ,1d,5,0.1,0.0,20,50,0.6007081626259843,1.3104949825483936,0.6054224657996227,0.22472331307493515,2.6940794771824206,0.02857142857142857,0.07545807496579225,-0.012725738378816187,0.10077881813049316
QQQ,1d,5,0.1,0.25,8,21,0.45349288663913423,1.5439630001081288,0.4446405377221854,0.04570354252622218,9.728798100652158,0.6857142857142857,1.115176667119497,-0.045200293504936595,0.11635947227478027
QQQ,1d,5,0.1,0.25,9,21,0.41969156623930837,1.0993758330322576,0.44140823080548097,0.07510686028456899,5.877069406616776,0.6571428571428571,1.0358608324841132,-0.04583929630203831,0.1154012680053711
QQQ,1d,5,0.1,0.25,10,30,0.4169890440799518,1.1346421697365443,0.4339484207940375,0.069417020825069,6.2513259087794655,0.45714285714285713,0.7852276726420606,-0.034387505571517485,0.10739612579345703
QQQ,1d,5,0.1,0.25,12,26,0.3805440827058673,0.7892694477433817,0.432906475857453,0.06577629408679901,6.5814969035225,0.4857142857142857,0.767386771822005,-0.034387505571517485,0.12172961235046387
QQQ,1d,5,0.1,0.25,20,50,0.3722016961089826,0.8955691833338106,0.402560388818209,0.08267912421165183,4.868948391224938,0.17142857142857143,0.3605283604109544,-0.012725738378816187,0.1125190258026123
QQQ,1d,5,0.1,0.5,8,21,0.596409903934313,1.2005420808322578,0.5836700008262101,0.0399188734329342,14.621404629737517,0.7142857142857143,1.19353424243587,-0.058693986460022884,0.1106576919555664
QQQ,1d,5,0.1,0.5,9,21,0.5691675924817176,0.737503038416004,0.57924665772281,0.05719198750344421,10.128108551707994,0.6857142857142857,1.1149979876266765,-0.059460738691208714,0.1103975772857666
QQQ,1d,5,0.1,0.5,10,30,0.5537473111790396,0.7791032317750117,0.541928749945387,0.04537501649144501,11.943328991352809,0.45714285714285713,0.8165097235376191,-0.034387505571517485,0.11543965339660645
QQQ,1d,5,0.1,0.5,12,26,0.5182883433615584,0.44337464850366026,0.5413349881296238,0.044178932977706746,12.253238175824398,0.4857142857142857,0.8092213845559902,-0.034387505571517485,0.11548995971679688
QQQ,1d,5,0.1,0.5,20,50,0.46593417899288403,0.5472024525482706,0.4653865381776912,0.0586169477119192,7.939453628068376,0.17142857142857143,0.36066009574397034,-0.012725738378816187,0.11319184303283691
QQQ,1d,5,0.1,0.75,8,21,0.7449515146886818,0.8974006003696449,0.7260294405330127,0.04614609650128153,15.733279639651645,0.7142857142857143,1.2432046432940567,-0.07218767941510884,0.10746097564697266
QQQ,1d,5,0.1,0.75,9,21,0.7190168114525762,0.4304363063981367,0.7210115262514131,0.05568303301503119,12.948495927956758,0.6857142857142857,1.165382467294429,-0.07308218108037867,0.11308169364929199
QQQ,1d,5,0.1,0.75,10,30,0.6938327449654048,0.47477684814333254,0.6630460180140206,0.04188023739711342,15.831954621625924,0.45714285714285713,0.8327699953050683,-0.034387505571517485,0.11084794998168945
QQQ,1d,5,0.1,0.75,12,26,0.6562377320912183,0.1583550997922898,0.663107278651284,0.047330550131600674,14.010132500204227,0.4857142857142857,0.8292571067851775,-0.034387505571517485,0.11113524436950684
QQQ,1d,5,0.1,0.75,20,50,0.5741085564199013,0.2561557525423883,0.552227221480649,0.05604887583556825,9.852601202934549,0.17142857142857143,0.3607481011692811,-0.012725738378816187,0.10819053649902344
QQQ,1d,5,0.1,1.0,8,21,0.8714641916896542,0.6307358892463171,0.8469565451145948,0.05190503540978425,16.317425437204133,0.7142857142857143,1.2801392147613297,-0.08568137237019502,0.11462807655334473
QQQ,1d,5,0.1,1.0,9,21,0.8457677952294544,0.17130242762429826,0.8415614156963018,0.057484384098327644,14.63982660502724,0.6857142857142857,1.2027913556286491,-0.08670362346954896,0.11725139617919922
QQQ,1d,5,0.1,1.0,10,30,0.8130164857211153,0.21576793671098105,0.7679533600184505,0.043447386911971315,17.67547865592929,0.45714285714285713,0.8438861063412423,-0.034387505571517485,0.10651731491088867
QQQ,1d,5,0.1,1.0,12,26,0.7731377279517019,-0.07528062911757238,0.7686277236101224,0.05330193393848888,14.420259581896762,0.4857142857142857,0.8423331634738207,-0.034387505571517485,0.10553812980651855
QQQ,1d,5,0.1,1.0,20,50,0.6687323359036267,0.01422803165082076,0.6307406208657559,0.05769625192017658,10.932090038333733,0.17142857142857143,0.3608108074195411,-0.012725738378816187,0.1086282730102539
QQQ,1d,5,0.25,0.0,8,21,0.8560364904393086,2.079671349090924,0.7214009466794669,0.2250496304898736,3.2055193563711595,0.2571428571428571,0.1935508022971114,-0.09130980930231136,0.10910844802856445
QQQ,1d,5,0.25,0.0,9,21,0.7159630999711556,1.4972585680569757,0.7605639754201955,0.2247371702360413,3.384237572366759,0.2571428571428571,0.19405730035260627,-0.09130980930231136,0.11512207984924316
QQQ,1d,5,0.25,0.0,10,30,0.62916247579858,1.248309741333224,0.680418932343706,0.2679738848322294,2.5391240372907844,0.14285714285714285,0.09824556541258365,-0.052862906958208056,0.10489201545715332
QQQ,1d,5,0.25,0.0,12,26,0.6871050477197477,1.4606132405922558,0.7011477243237296,0.2494294373043792,2.8110063186652576,0.17142857142857143,0.07013340715728532,-0.06916028086666937,0.12686705589294434
QQQ,1d,5,0.25,0.0,20,50,0.5467862072672511,1.091541261532671,0.6022953247180227,0.21425424170064308,2.8111243909912984,0.02857142857142857,0.07545807496579225,-0.012725738378816187,0.10988736152648926
QQQ,1d,5,0.25,0.25,8,21,0.464347662811777,1.694303018463462,0.4441262343603972,0.04331032506423852,10.25451168287614,0.6857142857142857,1.115176667119497,-0.045200293504936595,0.13375401496887207
QQQ,1d,5,0.25,0.25,9,21,0.42190808901785803,1.0698279481417714,0.45628685235702743,0.05658878505117247,8.063202840358093,0.6571428571428571,1.0358608324841132,-0.04583929630203831,0.13262271881103516
QQQ,1d,5,0.25,0.25,10,30,0.39214137352098893,0.8236462966554114,0.4268639363004084,0.0707829358170518,6.030605136295798,0.45714285714285713,0.7852276726420606,-0.034387505571517485,0.11064910888671875
QQQ,1d,5,0.25,0.25,12,26,0.4041867955441279,1.0496609965466757,0.43267907946964845,0.07001840170149462,6.1795052294147474,0.4857142857142857,0.767386771822005,-0.034387505571517485,0.130859375
QQQ,1d,5,0.25,0.25,20,50,0.3460743202915677,0.6709324381584825,0.39910392576868087,0.06973819140624254,5.722888961140387,0.17142857142857143,0.3605283604109544,-0.012725738378816187,0.10919046401977539
QQQ,1d,5,0.25,0.5,8,21,0.6071656444974811,1.3456467179645326,0.593750837971928,0.03710737269843573,16.00088593706764,0.7142857142857143,1.19353424243587,-0.058693986460022884,0.13050293922424316
QQQ,1d,5,0.25,0.5,9,21,0.5804706323466539,0.7060672804563595,0.5983790576983814,0.04729157604111299,12.652973484710678,0.6857142857142857,1.1149979876266765,-0.059460738691208714,0.10939359664916992
QQQ,1d,5,0.25,0.5,10,30,0.5421012807719775,0.47059489324066184,0.5457886897630148,0.04557863534447672,11.974660619784313,0.45714285714285713,0.8165097235376191,-0.034387505571517485,0.1022794246673584
QQQ,1d,5,0.25,0.5,12,26,0.5333629315654601,0.6993800783752513,0.5465639651771284,0.050623981970533846,10.796542348155484,0.4857142857142857,0.8092213845559902,-0.034387505571517485,0.1111142635345459
QQQ,1d,5,0.25,0.5,20,50,0.4475046807115632,0.32709330980779594,0.4649444470303411,0.05284874793648899,8.797643561756436,0.17142857142857143,0.36066009574397034,-0.012725738378816187,0.10423707962036133
QQQ,1d,5,0.25,0.75,8,21,0.7573303402865317,1.0319548913517211,0.7432475500647895,0.04420791865632989,16.81254337809382,0.7142857142857143,1.2432046432940567,-0.07218767941510884,0.12860894203186035
QQQ,1d,5,0.25,0.75,9,21,0.7365925686180709,0.39835542121956147,0.7441682048751583,0.05189929511244039,14.338695800451813,0.6857142857142857,1.165382467294429,-0.07308218108037867,0.11863064765930176
QQQ,1d,5,0.25,0.75,10,30,0.6889359435600924,0.17886404571385017,0.6731530998837569,0.043549729627422366,15.45711318170587,0.45714285714285713,0.8327699953050683,-0.034387505571517485,0.12017273902893066
QQQ,1d,5,0.25,0.75,12,26,0.6682382702778251,0.4022821132304528,0.6716389472929164,0.05461741664040489,12.297156998744812,0.4857142857142857,0.8292571067851775,-0.034387505571517485,0.11612844467163086
QQQ,1d,5,0.25,0.75,20,50,0.559152021719011,0.04759876391045048,0.5540261976314415,0.05567184941095305,9.951639895089253,0.17142857142857143,0.3607481011692811,-0.012725738378816187,0.11364102363586426
QQQ,1d,5,0.25,1.0,8,21,0.8854500975984282,0.751273780125604,0.869534236333978,0.05070642127527079,17.14840476738682,0.7142857142857143,1.2801392147613297,-0.08568137237019502,0.12196493148803711
QQQ,1d,5,0.25,1.0,9,21,0.8680860485639251,0.1396251275230347,0.8679809737806726,0.05718318235958887,15.17895538451304,0.6857142857142857,1.2027913556286491,-0.08670362346954896,0.12813019752502441
QQQ,1d,5,0.25,1.0,10,30,0.8126671198709032,-0.06071768302767089,0.7824421538056855,0.046430167095663104,16.85202106194382,0.45714285714285713,0.8438861063412423,-0.034387505571517485,0.10819268226623535
QQQ,1d,5,0.25,1.0,12,26,0.7834383058418344,0.15154115170645577,0.779522392142572,0.0612413462857035,12.728694573531083,0.4857142857142857,0.8423331634738207,-0.034387505571517485,0.12254166603088379
QQQ,1d,5,0.25,1.0,20,50,0.6559259100332866,-0.17826736429547108,0.6342196047632946,0.060318208660245676,10.514562995987877,0.17142857142857143,0.3608108074195411,-0.012725738378816187,0.10983991622924805
QQQ,1d,5,0.4,0.0,8,21,0.7822406388844155,1.7522962412587884,0.7297579199445388,0.21498039166221056,3.3945324701574457,0.2571428571428571,0.1935508022971114,-0.09130980930231136,0.11349368095397949
QQQ,1d,5,0.4,0.0,9,21,0.8255718615416248,1.8928929554761678,0.7534670990052302,0.2633341966541747,2.861258084132255,0.2571428571428571,0.19405730035260627,-0.09130980930231136,0.13367223739624023
QQQ,1d,5,0.4,0.0,10,30,0.5674100830387966,1.0551766204125852,0.7055550748810167,0.2423226335327813,2.911635056927398,0.14285714285714285,0.09824556541258365,-0.052862906958208056,0.11267566680908203
QQQ,1d,5,0.4,0.0,12,26,0.7222142840312579,1.5894128352065566,0.7250869130577318,0.22532719766110715,3.217928952137704,0.17142857142857143,0.07013340715728532,-0.06916028086666937,0.11767888069152832
QQQ,1d,5,0.4,0.0,20,50,0.5843912280514796,1.2076724260313,0.6255094930070111,0.21563236775091324,2.9008144720163975,0.02857142857142857,0.07545807496579225,-0.012725738378816187,0.10819673538208008
QQQ,1d,5,0.4,0.25,8,21,0.44306030155151394,1.3391414256943643,0.4552095990126663,0.05741378441909105,7.928576797688003,0.6857142857142857,1.115176667119497,-0.045200293504936595,0.11925625801086426
QQQ,1d,5,0.4,0.25,9,21,0.4537439397974099,1.490675387561165,0.4637951588233055,0.06507814490739951,7.126742157190334,0.6571428571428571,1.0358608324841132,-0.04583929630203831,0.11383390426635742
QQQ,1d,5,0.4,0.25,10,30,0.3822787450409653,0.6290995484170432,0.4344247185776019,0.06248809808756102,6.952119393502219,0.45714285714285713,0.7852276726420606,-0.034387505571517485,0.12172937393188477
QQQ,1d,5,0.4,0.25,12,26,0.41774761259872506,1.1867156833937402,0.43793272537402245,0.06363183743628074,6.882289479893721,0.4857142857142857,0.767386771822005,-0.034387505571517485,0.1145029067993164
QQQ,1d,5,0.4,0.25,20,50,0.35970202244407506,0.7871956330207499,0.41021551913746546,0.0701349633412818,5.848944657478854,0.17142857142857143,0.3605283604109544,-0.012725738378816187,0.10936498641967773
QQQ,1d,5,0.4,0.5,8,21,0.5978692167692667,0.9775468570272134,0.610991060536957,0.04845861664715263,12.60851222778061,0.7142857142857143,1.19353424243587,-0.058693986460022884,0.11449527740478516
QQQ,1d,5,0.4,0.5,9,21,0.60557140216894,1.1338374027120333,0.6125206706121047,0.047649803214511954,12.85463169395753,0.6857142857142857,1.1149979876266765,-0.059460738691208714,0.12370681762695312
QQQ,1d,5,0.4,0.5,10,30,0.5514869797498927,0.283550870185163,0.5533303951717982,0.04079040779952619,13.565208710127813,0.45714285714285713,0.8165097235376191,-0.034387505571517485,0.12490105628967285
QQQ,1d,5,0.4,0.5,12,26,0.5476047012042985,0.8387881214214712,0.5520006792084333,0.0501620305817063,11.004352750618985,0.4857142857142857,0.8092213845559902,-0.034387505571517485,0.10545229911804199
QQQ,1d,5,0.4,0.5,20,50,0.45662534653028597,0.43817134679245684,0.4733123842267101,0.054058936575971606,8.755488254223085,0.17142857142857143,0.36066009574397034,-0.012725738378816187,0.10688471794128418
QQQ,1d,5,0.4,0.75,8,21,0.7541416271910165,0.6628806152334448,0.7647127550756241,0.051027139340982304,14.986392828442318,0.7142857142857143,1.2432046432940567,-0.07218767941510884,0.11431336402893066
QQQ,1d,5,0.4,0.75,9,21,0.7607213709414482,0.8191077471268113,0.762281740136306,0.0488018714651618,15.619928442303205,0.6857142857142857,1.165382467294429,-0.07308218108037867,0.13274812698364258
QQQ,1d,5,0.4,0.75,10,30,0.7096797318573248,0.005062029413727798,0.681590878982286,0.03991191232672174,17.077379640512707,0.45714285714285713,0.8327699953050683,-0.034387505571517485,0.1089181900024414
QQQ,1d,5,0.4,0.75,12,26,0.684298499636516,0.5395461231359302,0.6779052046254869,0.05441043400561293,12.459103056512191,0.4857142857142857,0.8292571067851775,-0.034387505571517485,0.11077666282653809
QQQ,1d,5,0.4,0.75,20,50,0.5665172843335058,0.15013961443776225,0.5615619719724414,0.058115139230830525,9.662920529914665,0.17142857142857143,0.3607481011692811,-0.012725738378816187,0.10638904571533203
QQQ,1d,5,0.4,1.0,8,21,0.886376657843956,0.3906121382260377,0.8941348567504329,0.05477594347586049,16.323495315867522,0.7142857142857143,1.2801392147613297,-0.08568137237019502,0.11491918563842773
QQQ,1d,5,0.4,1.0,9,21,0.8922815396011747,0.54311556142002,0.8889048023677727,0.05289844871589439,16.80398620273119,0.6857142857142857,1.2027913556286491,-0.08670362346954896,0.11968612670898438
QQQ,1d,5,0.4,1.0,10,30,0.8415785843944612,-0.2179627869386226,0.7917484746008366,0.04303375677706022,18.398311788174855,0.45714285714285713,0.8438861063412423,-0.034387505571517485,0.10514473915100098
QQQ,1d,5,0.4,1.0,12,26,0.8011669126737898,0.2833503450006425,0.786548773368853,0.0600769004857186,13.09236606765075,0.4857142857142857,0.8423331634738207,-0.034387505571517485,0.11266446113586426
QQQ,1d,5,0.4,1.0,20,50,0.6622719882435695,-0.08613394109690764,0.6413543305243907,0.06356795068051906,10.089271773880533,0.17142857142857143,0.3608108074195411,-0.012725738378816187,0.12164521217346191
QQQ,1d,5,0.55,0.0,8,21,0.9231139559829066,2.338077468949518,0.7233306681141045,0.18741411902121005,3.859531351702716,0.2571428571428571,0.20487598080587777,-0.05151024755783262,0.15984869003295898
QQQ,1d,5,0.55,0.0,9,21,0.7892328183225299,1.7212325263963208,0.7349428153374508,0.22259135988059123,3.30175805445328,0.2571428571428571,0.16803705266004396,-0.05151024755783262,0.11421871185302734
QQQ,1d,5,0.55,0.0,10,30,0.6460253849571072,1.2633559669684282,0.7382012836335088,0.22653447873631105,3.258670767255629,0.14285714285714285,0.05207821846838866,-0.046017718540595665,0.10335707664489746
QQQ,1d,5,0.55,0.0,12,26,0.637212935813499,1.259784001834721,0.741897957961537,0.2415707210907583,3.071141877673186,0.2,0.0034414054890198743,-0.05759641219251643,0.10691142082214355
QQQ,1d,5,0.55,0.0,20,50,0.647620936338615,1.3614946233421814,0.6370013662124688,0.21309082998128398,2.9893419921843534,0.02857142857142857,0.07545807496579225,-0.012725738378816187,0.1126253604888916
QQQ,1d,5,0.55,0.25,8,21,0.4838591118682441,1.9800739785160841,0.4597715120055361,0.05624922122767142,8.17382893435251,0.7142857142857143,1.2159138013821582,-0.05054704194368198,0.11642694473266602
QQQ,1d,5,0.55,0.25,9,21,0.445756711178658,1.3102586127986915,0.46683851498280926,0.06647663850512993,7.0225950872468355,0.6857142857142857,1.1368365823815776,-0.045200293504936595,0.11738729476928711
QQQ,1d,5,0.55,0.25,10,30,0.40099005530853526,0.842483737522004,0.44686715024480855,0.05770046440973196,7.744602315010803,0.5142857142857142,0.9773256839935566,-0.005120399558009137,0.10945534706115723
QQQ,1d,5,0.55,0.25,12,26,0.3923701289881243,0.8419321583876325,0.4456499825192276,0.0675907028915544,6.593362155653992,0.5428571428571428,0.9387279249579374,-0.0029056120692295684,0.11557388305664062
QQQ,1d,5,0.55,0.25,20,50,0.37849273062671074,0.9472236614929541,0.41408576098010796,0.07867227673013064,5.263426688419678,0.17142857142857143,0.3605283604109544,-0.012725738378816187,0.11811232566833496
QQQ,1d,5,0.55,0.5,8,21,0.6283934169101576,1.6481427359433023,0.6262812614433535,0.048458866258920916,12.923976762003997,0.7428571428571429,1.2898487547155033,-0.06510965680386405,0.11400628089904785
QQQ,1d,5,0.55,0.5,9,21,0.6102525991487826,0.9525996368690854,0.6276905830742894,0.04867943178457847,12.894369553285138,0.7142857142857143,1.2116744905723438,-0.058693986460022884,0.10780119895935059
QQQ,1d,5,0.55,0.5,10,30,0.5630673185346902,0.49156579930604294,0.5654357777587623,0.03967684464963629,14.251026833202209,0.5142857142857142,0.9991181832936415,-0.008982164217197108,0.10746073722839355
QQQ,1d,5,0.55,0.5,12,26,0.5413868684768028,0.49406495870755074,0.5612045898671975,0.05195779658871397,10.801162226134503,0.5428571428571428,0.9739636537838603,-0.014537420550541413,0.10219740867614746
QQQ,1d,5,0.55,0.5,20,50,0.4740944831646894,0.5971797438431348,0.48214824490510216,0.06288615156844468,7.667001921406125,0.17142857142857143,0.36066009574397034,-0.012725738378816187,0.09979367256164551
QQQ,1d,5,0.55,0.75,8,21,0.7824101772170565,1.3423529338599445,0.7876544718446233,0.05128829736246739,15.35739169265202,0.7428571428571429,1.3406740506681147,-0.07967227166404589,0.11128711700439453
QQQ,1d,5,0.55,0.75,9,21,0.7729031024456929,0.6428876821311644,0.7857653146902183,0.04930371327582108,15.937244123873397,0.7142857142857143,1.2629524343973484,-0.07218767941510884,0.10712456703186035
QQQ,1d,5,0.55,0.75,10,30,0.7189366940976122,0.20067215991090626,0.6947222932617761,0.041557530631231285,16.717121607309338,0.5142857142857142,1.0119249749050525,-0.012843928876384858,0.10813713073730469
QQQ,1d,5,0.55,0.75,12,26,0.6884196494034599,0.2059192733808095,0.6888774860732048,0.05543521512322864,12.426712596710916,0.5428571428571428,0.994186849000721,-0.03151081754255214,0.10930347442626953
QQQ,1d,5,0.55,0.75,20,50,0.5857343313176638,0.3029320943738394,0.5740641779603385,0.06513577455032278,8.813346919162317,0.17142857142857143,0.3607481011692811,-0.012725738378816187,0.1050717830657959
QQQ,1d,5,0.55,1.0,8,21,0.9139985693905825,1.0623833567512633,0.9229362483819132,0.05521145976667893,16.716389175040817,0.7428571428571429,1.3794868984004416,-0.09423488652422751,0.11895418167114258
QQQ,1d,5,0.55,1.0,9,21,0.9098452275459088,0.37602482170435114,0.9186844508312906,0.05347967775636589,17.178197202617515,0.7142857142857143,1.3020813717844113,-0.08568137237019502,0.1185142993927002
QQQ,1d,5,0.55,1.0,10,30,0.8496213541905167,-0.039055102793225105,0.8059407516319057,0.046324673300956,17.39765645827606,0.5142857142857142,1.0212871980190787,-0.016705693535573274,0.11045551300048828
QQQ,1d,5,0.55,1.0,12,26,0.8124386363878394,-0.03154536999923496,0.7990205269079864,0.06089618087469652,13.121028534648126,0.5428571428571428,1.0088982467332936,-0.048484214534563086,0.11462903022766113
QQQ,1d,5,0.55,1.0,20,50,0.6833492920990207,0.05689821517890192,0.6566154064548938,0.06968883968542425,9.42210272719217,0.17142857142857143,0.3608108074195411,-0.012725738378816187,0.10915374755859375
QQQ,1d,5,0.7,0.0,8,21,0.8884306375459051,2.062689960182923,0.7311431375916089,0.19740036238523123,3.7038591457333125,0.2571428571428571,0.10822202546272197,-0.05151024755783262,0.1177225112915039
QQQ,1d,5,0.7,0.0,9,21,0.7319640903480248,1.4948553818516284,0.7431885042567361,0.26147735295303454,2.842267201589059,0.2571428571428571,0.07547901443232494,-0.05151024755783262,0.11051464080810547
QQQ,1d,5,0.7,0.0,10,30,0.6700205194699117,1.3214158125614812,0.7355960724359072,0.21369623498622198,3.4422509712599036,0.14285714285714285,0.05207821846838866,-0.046017718540595665,0.11627578735351562
QQQ,1d,5,0.7,0.0,12,26,0.6496703710475537,1.2718674076337453,0.7498088263553269,0.22535346429004033,3.3272567107745377,0.2,0.0034414054890198743,-0.05759641219251643,0.10992884635925293
QQQ,1d,5,0.7,0.0,20,50,0.5177360315681725,0.9414068629739791,0.6144259314211654,0.19840921906423867,3.096760998904157,0.02857142857142857,0.07545807496579225,-0.012725738378816187,0.10815215110778809
QQQ,1d,5,0.7,0.25,8,21,0.47543474967031885,1.6722891600132561,0.46551837899596604,0.0621376318458995,7.491730295587148,0.6857142857142857,1.2065209903906893,-0.05054704194368198,0.10890579223632812
QQQ,1d,5,0.7,0.25,9,21,0.4372733679578315,1.0705870669826467,0.4661076501332899,0.05808589838931353,8.024454524388368,0.6571428571428571,1.1279503056652789,-0.048313588907183735,0.10974454879760742
QQQ,1d,5,0.7,0.25,10,30,0.40844885668256864,0.9048106431239658,0.44958426853555755,0.05718338644834633,7.862148369643452,0.5142857142857142,0.9773256839935566,-0.005120399558009137,0.11133599281311035
QQQ,1d,5,0.7,0.25,12,26,0.39801573074544927,0.8507418080041136,0.44504416149845794,0.06879964127025921,6.468698866469848,0.5428571428571428,0.9387279249579374,-0.0029056120692295684,0.11335301399230957
QQQ,1d,5,0.7,0.25,20,50,0.33505603690882113,0.5252836719753069,0.3986483294947558,0.0768232855985301,5.189160114526309,0.17142857142857143,0.3605283604109544,-0.012725738378816187,0.10411930084228516
QQQ,1d,5,0.7,0.5,8,21,0.6461397979052992,1.3195733630899804,0.638847995541326,0.05127079585394957,12.460270703836036,0.7428571428571429,1.2881078750005186,-0.06510965680386405,0.11187148094177246
QQQ,1d,5,0.7,0.5,9,21,0.6230265235893397,0.7101628466278935,0.6329089718872709,0.04154214889318266,15.235345035103261,0.7142857142857143,1.210314550690131,-0.058907512572046516,0.11848306655883789
QQQ,1d,5,0.7,0.5,10,30,0.5727045698952107,0.5554958764424163,0.5795295644608066,0.04322365408771184,13.407694853489089,0.5142857142857142,0.9991181832936415,-0.008982164217197108,0.10713839530944824
QQQ,1d,5,0.7,0.5,12,26,0.5551738893544393,0.49936354044205045,0.5685321369430958,0.05474192078246099,10.385681189419468,0.5428571428571428,0.9739636537838603,-0.014537420550541413,0.11655282974243164
QQQ,1d,5,0.7,0.5,20,50,0.4585917997687068,0.1922879322670359,0.48624367262589807,0.06312245628094744,7.703180472916156,0.17142857142857143,0.36066009574397034,-0.012725738378816187,0.11596250534057617
QQQ,1d,5,0.7,0.75,8,21,0.8163612709549889,1.0030448806122392,0.8053628853464042,0.05220991962083902,15.425476445762472,0.7428571428571429,1.342978277592977,-0.07967227166404589,0.11454510688781738
QQQ,1d,5,0.7,0.75,9,21,0.7988088052989439,0.40560994658762684,0.79560307153443,0.046260667905466804,17.1982616671302,0.7142857142857143,1.2655710435324,-0.07218767941510884,0.10592317581176758
QQQ,1d,5,0.7,0.75,10,30,0.7309936648659116,0.26411915318174306,0.7162405567720656,0.04474471752354207,16.00726513459877,0.5142857142857142,1.0119249749050525,-0.012843928876384858,0.11275291442871094
QQQ,1d,5,0.7,0.75,12,26,0.7081858968700722,0.2079411903239592,0.7017878298617437,0.05804287948531604,12.090851385815297,0.5428571428571428,0.994186849000721,-0.03151081754255214,0.11525201797485352
QQQ,1d,5,0.7,0.75,20,50,0.5844593433511328,-0.07291232000310544,0.5908830865508928,0.06369285707548444,9.277069889495118,0.17142857142857143,0.3607481011692811,-0.012725738378816187,0.09762907028198242
QQQ,1d,5,0.7,1.0,8,21,0.9598247867589189,0.720842045862788,0.9446245130241462,0.05480446935867428,17.23626784600249,0.7428571428571429,1.384622521690129,-0.09423488652422751,0.11807107925415039
QQQ,1d,5,0.7,1.0,9,21,0.9453767972904639,0.1496357970835891,0.9321431890081062,0.05314775320197292,17.538712981257383,0.7142857142857143,1.3074860665113006,-0.08568137237019502,0.12716460227966309
QQQ,1d,5,0.7,1.0,10,30,0.8636873285391524,0.022325174195980235,0.8329303071761378,0.04838381029734329,17.215062270981853,0.5142857142857142,1.0212871980190787,-0.016705693535573274,0.1267108917236328
QQQ,1d,5,0.7,1.0,12,26,0.8368052202353753,-0.03231059676233028,0.8161242926330546,0.06316497869732186,12.920518766321655,0.5428571428571428,1.0088982467332936,-0.048484214534563086,0.11644101142883301
QQQ,1d,5,0.7,1.0,20,50,0.6915982069826412,-0.28307309509801815,0.6827431326725566,0.06662320270673189,10.2478281579755,0.17142857142857143,0.3608108074195411,-0.012725738378816187,0.1226811408996582
QQQ,1d,5,0.85,0.0,8,21,0.7906269998912767,1.6841410864675375,0.757904443940202,0.184593797823872,4.105795822367486,0.2571428571428571,-0.026102962310484992,-0.055854808006388756,0.11172604560852051
QQQ,1d,5,0.85,0.0,9,21,0.6840915836846247,1.32019099718944,0.8175356912889326,0.25676028597034706,3.184042610792811,0.2571428571428571,0.06493525323830107,-0.05166515644120828,0.11077070236206055
QQQ,1d,5,0.85,0.0,10,30,0.7388518407740692,1.514765622110549,0.8047553199952828,0.1786404379397831,4.504888866576521,0.14285714285714285,-0.001398844464241557,-0.0392457401829065,0.10295915603637695
QQQ,1d,5,0.85,0.0,12,26,0.7370478156629169,1.5009285263516983,0.7964388664193985,0.18940780337327293,4.204889409175118,0.17142857142857143,-0.03029532554788742,-0.06417444980533327,0.10739445686340332
QQQ,1d,5,0.85,0.0,20,50,0.504138782717841,0.9064391627227353,0.6158888537016239,0.18581300258636152,3.3145627331186,0.02857142857142857,-0.06680484148144328,-0.01554956402079366,0.12230277061462402
QQQ,1d,5,0.85,0.25,8,21,0.45928826177881027,1.2621554216020994,0.475415037687504,0.04690963032427473,10.13470015434095,0.7142857142857143,1.0794295720304028,-0.07011725686030013,0.10920596122741699
QQQ,1d,5,0.85,0.25,9,21,0.4354574710941422,0.8881679511951541,0.48673887641871555,0.05598894570771967,8.693481726904615,0.6857142857142857,1.0611190424274346,-0.06488071611027002,0.10923576354980469
QQQ,1d,5,0.85,0.25,10,30,0.4259300979329921,1.1066744236810857,0.46836090895564075,0.05208871040974471,8.991601160239517,0.5142857142857142,0.8999812618569573,-0.023000243719325075,0.11062955856323242
QQQ,1d,5,0.85,0.25,12,26,0.41980587325149943,1.087999034732479,0.44773108508055115,0.05561482235520121,8.050571162863356,0.5142857142857142,0.8710439545530411,-0.06303405518381444,0.11109089851379395
QQQ,1d,5,0.85,0.25,20,50,0.3364128326688766,0.4894881504797737,0.3999262643192199,0.06315288157307446,6.332668507872655,0.2,0.27633701150076045,-0.01554956402079366,0.11202192306518555
QQQ,1d,5,0.85,0.5,8,21,0.6542398043179017,0.8951477505158945,0.6606372614702916,0.04353817263609269,15.173748034675901,0.7428571428571429,1.1841298849415682,-0.08437970571421105,0.11419153213500977
QQQ,1d,5,0.85,0.5,9,21,0.6438983102147702,0.5281759032123947,0.6610603734783738,0.03814573291166254,17.329864260551762,0.7142857142857143,1.1566236740743945,-0.07809627577933165,0.10965323448181152
QQQ,1d,5,0.85,0.5,10,30,0.587725508092162,0.7569885997098158,0.5991323521765459,0.03852448589875625,15.551988253680726,0.5142857142857142,0.9381343690660813,-0.02858975861172086,0.11510825157165527
QQQ,1d,5,0.85,0.5,12,26,0.5736759558148611,0.7341406993993087,0.576200147250329,0.0475081187284409,12.128456412764347,0.5428571428571428,0.9224884654764701,-0.07641002800313557,0.11764693260192871
QQQ,1d,5,0.85,0.5,20,50,0.47123087427831034,0.1573916254908534,0.5029376478275188,0.05630918120672499,8.931716587764077,0.2,0.2763260896191553,-0.01554956402079366,0.10886788368225098
QQQ,1d,5,0.85,0.75,8,21,0.8382698448856046,0.5782379199646117,0.8369420850429247,0.04939685673010936,16.943225550073816,0.7428571428571429,1.2552767539433998,-0.09864215456812253,0.10848641395568848
QQQ,1d,5,0.85,0.75,9,21,0.834121435975685,0.23002347910528242,0.831080044577155,0.043591290341180415,19.06527744584883,0.7142857142857143,1.2218408738136566,-0.09131183544839339,0.11314511299133301
QQQ,1d,5,0.85,0.75,10,30,0.7468658274454472,0.45884812642097783,0.7391134803158141,0.04161651688399958,17.760099490690035,0.5142857142857142,0.96247906627089,-0.04228746152883078,0.11172795295715332
QQQ,1d,5,0.85,0.75,12,26,0.7272116136018214,0.4327123927861438,0.7145400934330712,0.05337180471859991,13.387969494388415,0.5428571428571428,0.9541120720277937,-0.08978600082245636,0.10210251808166504
QQQ,1d,5,0.85,0.75,20,50,0.604642669209529,-0.10572703070805622,0.6180127415178046,0.06215237639367822,9.943509442072843,0.2,0.27630928202452076,-0.01554956402079366,0.09761309623718262
QQQ,1d,5,0.85,1.0,8,21,0.9915686847913054,0.30650433676073074,0.9840221838625933,0.05506257446485453,17.870980306063917,0.7428571428571429,1.30940731504639,-0.11290460342203368,0.11476802825927734
QQQ,1d,5,0.85,1.0,9,21,0.9914131711156642,-0.015425679241024448,0.9736522188671554,0.05163687232362285,18.855755103930427,0.7142857142857143,1.2715072839374078,-0.10452739511745501,0.11241984367370605
QQQ,1d,5,0.85,1.0,10,30,0.8807508970104189,0.20591195923235084,0.8589015642972117,0.046848199001738006,18.333715758536364,0.5142857142857142,0.9808084623329295,-0.05598516444594104,0.10912227630615234
QQQ,1d,5,0.85,1.0,12,26,0.8568104527822624,0.17745650419953662,0.8330984108398306,0.05981921762564178,13.926935923058933,0.5428571428571428,0.9776640406725562,-0.10316197364177726,0.11406493186950684
QQQ,1d,5,0.85,1.0,20,50,0.7174249639544827,-0.31306495776944,0.7176091290194023,0.06877555682420214,10.434072251187873,0.2,0.2762917684231273,-0.01554956402079366,0.10718679428100586
QQQ,1d,5,1.0,0.0,8,21,0.77168272117857,1.6130779437462879,0.831998849161517,0.20869174003068156,3.986735886332625,0.2571428571428571,-0.028691804674400377,-0.04856290216538528,0.11216425895690918
QQQ,1d,5,1.0,0.0,9,21,0.7394175936205722,1.4961852742039388,0.8493776148309949,0.25292836276698993,3.3581746449427796,0.2571428571428571,0.06282590313877003,-0.04856290216538528,0.11634707450866699
QQQ,1d,5,1.0,0.0,10,30,0.74354311308582,1.538353058054478,0.858123487553982,0.18902507706170568,4.539733568122576,0.14285714285714285,-0.018874253772644504,-0.0392457401829065,0.10933113098144531
QQQ,1d,5,1.0,0.0,12,26,0.7389566581766651,1.5144723131603697,0.8316594542121158,0.17945553331852526,4.634348347096987,0.17142857142857143,-0.026862394472106716,-0.06417444980533327,0.10625648498535156
QQQ,1d,5,1.0,0.0,20,50,0.5104945362709068,0.9287768024138612,0.6094223265238158,0.165902287634682,3.673381092042371,0.02857142857142857,-0.06680484148144328,-0.01554956402079366,0.10628652572631836
QQQ,1d,5,1.0,0.25,8,21,0.4613506569999844,1.192404520323144,0.49763180619905467,0.046182206516646084,10.775401258051334,0.7428571428571429,1.0981499456243375,-0.05346850853683105,0.10750031471252441
QQQ,1d,5,1.0,0.25,9,21,0.4509580508409354,1.0677868634353591,0.4964201686658341,0.05374312369129238,9.236905757792146,0.7142857142857143,1.079824945201232,-0.05149486705380024,0.11185526847839355
QQQ,1d,5,1.0,0.25,10,30,0.42816643802156973,1.1324752377611156,0.48293081858601195,0.05531786301309044,8.730106195022953,0.5142857142857142,0.8972267555022692,-0.035376391178609246,0.1116797924041748
QQQ,1d,5,1.0,0.25,12,26,0.42354666131159113,1.103245414644431,0.464523590440602,0.04776005348610463,9.726194937695182,0.5428571428571428,0.8758483795577501,-0.03322336581641783,0.11075878143310547
QQQ,1d,5,1.0,0.25,20,50,0.3424309333607631,0.5131454289744806,0.4014756453121418,0.06755184930237522,5.943222124313114,0.2,0.27633701150076045,-0.01554956402079366,0.1059410572052002
QQQ,1d,5,1.0,0.5,8,21,0.6685012337047809,0.8300342622920134,0.6837429846858568,0.03824560754398099,17.877686578767992,0.7428571428571429,1.2034242505997494,-0.07331328729940711,0.11016535758972168
QQQ,1d,5,1.0,0.5,9,21,0.6579309286643986,0.7033047377640815,0.6761487157399546,0.03852260226566663,17.552000020065464,0.7142857142857143,1.1760013073392044,-0.06940994445263149,0.11864900588989258
QQQ,1d,5,1.0,0.5,10,30,0.5895414392423511,0.783926344769708,0.6142725400090673,0.04019463446390631,15.282451207776683,0.5142857142857142,0.9363285251910964,-0.04164299201682953,0.11362719535827637
QQQ,1d,5,1.0,0.5,12,26,0.5814448299663912,0.7504570984636587,0.5944505637419605,0.040743440400478455,14.59009248848263,0.5428571428571428,0.9254732446038186,-0.03905953384145422,0.11109662055969238
QQQ,1d,5,1.0,0.5,20,50,0.4811116439046297,0.18128428039196187,0.5170793141027988,0.06903238565984134,7.490387434250339,0.2,0.2763260896191553,-0.01554956402079366,0.10659146308898926
QQQ,1d,5,1.0,0.75,8,21,0.8605901953409124,0.519730420561827,0.8633920481498517,0.04683931931120841,18.433061386168486,0.7428571428571429,1.277297680792981,-0.09294849948389139,0.11367559432983398
QQQ,1d,5,1.0,0.75,9,21,0.8487894436017658,0.3952179360898831,0.8511372591090571,0.04513090644717457,18.859299006221107,0.7142857142857143,1.2439871066597956,-0.08715939539265616,0.12479448318481445
QQQ,1d,5,1.0,0.75,10,30,0.7485619558920704,0.4860380813124878,0.7563345491858466,0.04104626006583121,18.42639373167774,0.5142857142857142,0.9610458486014751,-0.04790959285504914,0.12498784065246582
QQQ,1d,5,1.0,0.75,12,26,0.7378416182775556,0.44953463723291875,0.7348224322121526,0.04710176515603183,15.600740859242546,0.5428571428571428,0.9564521476740063,-0.0456132850283435,0.10235953330993652
QQQ,1d,5,1.0,0.75,20,50,0.617605581946826,-0.0824217596637058,0.6406994833244951,0.07762775144063828,8.253485015786348,0.2,0.27630928202452076,-0.01554956402079366,0.10699272155761719
QQQ,1d,5,1.0,1.0,8,21,1.0199370421906604,0.2555603608268928,1.0136034038225525,0.05540715668612884,18.293727100353223,0.7428571428571429,1.3340864460408692,-0.11237414509028287,0.11337494850158691
QQQ,1d,5,1.0,1.0,9,21,1.0069399573380566,0.1364648015168135,0.9977352714527526,0.05349146439278922,18.652233263355,0.7142857142857143,1.2963343159098446,-0.10474321987387392,0.12179160118103027
QQQ,1d,5,1.0,1.0,10,30,0.8823746889894517,0.2326480804465083,0.8780407999011708,0.04437499134133414,19.786838788254567,0.5142857142857142,0.9796013447474711,-0.05598516444594104,0.10875225067138672
QQQ,1d,5,1.0,1.0,12,26,0.8696169741444417,0.1943006192329837,0.8551031787767329,0.05359305144182164,15.95548594028084,0.5428571428571428,0.9796394107690051,-0.05598516444594104,0.12220478057861328
QQQ,1d,5,1.0,1.0,20,50,0.7327985286658145,-0.2909429749426724,0.7467023492375372,0.08547364354023797,8.736053809219168,0.2,0.2762917684231273,-0.01554956402079366,0.11664867401123047
QQQ,1d,7,0.0,0.0,8,21,0.6676642258422552,1.4039343843084748,0.6921202388344594,0.21168950657615876,3.269506599683333,0.2571428571428571,0.33552086620219107,-0.06541825516864441,0.11794090270996094
QQQ,1d,7,0.0,0.0,9,21,0.5947519185603855,1.143319270038913,0.6894824040741667,0.26460907536403555,2.6056642355354303,0.22857142857142856,0.2917485623977151,-0.06541825516864441,0.1136474609375
QQQ,1d,7,0.0,0.0,10,30,0.713543363140213,1.6132336668777918,0.6241480039923021,0.20105443343917262,3.104373245174586,0.11428571428571428,0.0994485779231511,-0.054873957185062716,0.11124968528747559
QQQ,1d,7,0.0,0.0,12,26,0.4633906251655964,0.8172649725395278,0.6574652004442952,0.25556062021486586,2.57263892962665,0.17142857142857143,0.13367342258997905,-0.06096592018990832,0.11126232147216797
QQQ,1d,7,0.0,0.0,20,50,0.4706687161481842,0.9188485067244259,0.5352805917106311,0.23605372971447997,2.2676218349020902,0.05714285714285714,0.10106987079020789,0.0,0.10379648208618164
QQQ,1d,7,0.0,0.25,8,21,0.39681831070786494,0.9901755174175804,0.43389392092775275,0.057753969758399866,7.512798215306165,0.7142857142857143,1.1609324315793483,-0.03558921462178799,0.11527109146118164
QQQ,1d,7,0.0,0.25,9,21,0.37355357348181506,0.7134449731673607,0.4256991547100827,0.07461390789937047,5.7053593183218645,0.6857142857142857,1.0979054534930068,-0.03558921462178799,0.11188149452209473
QQQ,1d,7,0.0,0.25,10,30,0.4156425139502735,1.2014019760138255,0.40804743686397965,0.06346673924331488,6.42931150597847,0.37142857142857144,0.6068886279450756,-0.054873957185062716,0.10805702209472656
QQQ,1d,7,0.0,0.25,12,26,0.32174957275799954,0.3929400189704306,0.41292648661123516,0.08826179403553744,4.678428431275437,0.4,0.6415339585003137,-0.0600486582084262,0.10987257957458496
QQQ,1d,7,0.0,0.25,20,50,0.32292287445534046,0.5232508467586328,0.36591779688838266,0.08491019347538019,4.309468414937495,0.17142857142857143,0.3262019275292975,0.0,0.10898709297180176
QQQ,1d,7,0.0,0.5,8,21,0.523114306391529,0.6414542196334301,0.5536583479623791,0.04672702904210722,11.848781300935267,0.7142857142857143,1.224140102917252,-0.03924861399075652,0.11173486709594727
QQQ,1d,7,0.0,0.5,9,21,0.5138640226389801,0.36093541692129505,0.540697008501027,0.050116797537417386,10.788738208927667,0.6857142857142857,1.1626902145001032,-0.04003120568595564,0.11528921127319336
QQQ,1d,7,0.0,0.5,10,30,0.5361789860091187,0.8437151484169971,0.5105761658283611,0.04668720261928088,10.936105339014322,0.37142857142857144,0.6260307302754943,-0.054873957185062716,0.11467266082763672
QQQ,1d,7,0.0,0.5,12,26,0.4552105654380658,0.05853978873137322,0.513865096711881,0.05786720929773944,8.880073930434985,0.4,0.6684611489291338,-0.0600486582084262,0.11287093162536621
QQQ,1d,7,0.0,0.5,20,50,0.42050355171132947,0.20040741194015754,0.4270929866928733,0.0580110920439526,7.362264209218518,0.17142857142857143,0.32678565455699454,0.0,0.10125398635864258
QQQ,1d,7,0.0,0.75,8,21,0.6555123107887957,0.3486693793858331,0.6815309789595172,0.04925668911874774,13.836313222687101,0.7142857142857143,1.265485988518824,-0.05302105783208344,0.1080019474029541
QQQ,1d,7,0.0,0.75,9,21,0.652573016282936,0.07375105345641253,0.6655652245221927,0.05263176107538474,12.645695506348348,0.6857142857142857,1.204529582339845,-0.054105264872472025,0.11702656745910645
QQQ,1d,7,0.0,0.75,10,30,0.6659146014946407,0.5349191098368016,0.6256382091549673,0.04998643407176953,12.516160049678446,0.37142857142857144,0.638134699761885,-0.054873957185062716,0.11147069931030273
QQQ,1d,7,0.0,0.75,12,26,0.5859316142749249,-0.2029305435380674,0.6288624021396124,0.05361093972776482,11.730113393515614,0.4,0.6830871233731184,-0.0600486582084262,0.12771844863891602
QQQ,1d,7,0.0,0.75,20,50,0.5265758562209293,-0.06147737818833776,0.5103234806405784,0.05074690140185911,10.056249082074649,0.17142857142857143,0.32720004636362937,0.0,0.10907244682312012
QQQ,1d,7,0.0,1.0,8,21,0.7687128983948271,0.10379941581348495,0.7911839568964197,0.05335629156671981,14.828316092903071,0.7142857142857143,1.29654009220255,-0.0667935016734098,0.11536407470703125
QQQ,1d,7,0.0,1.0,9,21,0.7698387388950517,-0.15865480516344976,0.7731136764776925,0.05960627577011679,12.970340228256433,0.6857142857142857,1.2358529100666902,-0.06932592160900863,0.11463499069213867
QQQ,1d,7,0.0,1.0,10,30,0.7774549992622108,0.2699504224391984,0.7255099878864275,0.055923836162394235,12.973179911686636,0.37142857142857144,0.6471671299589788,-0.054873957185062716,0.10757875442504883
QQQ,1d,7,0.0,1.0,12,26,0.6964005773939044,-0.4056918522932397,0.7289746074680103,0.05598281810940573,13.02139892356606,0.4,0.6933680241496194,-0.0600486582084262,0.11415338516235352
QQQ,1d,7,0.0,1.0,20,50,0.6185312941878696,-0.2725446792331834,0.585697327344288,0.04840805191783965,12.0991716076152,0.17142857142857143,0.32750943801536364,0.0,0.10304427146911621
QQQ,1d,7,0.1,0.0,8,21,0.6659043061401655,1.3877783280268319,0.6899886418596733,0.22298763675823188,3.0942910194064894,0.2571428571428571,0.33552086620219107,-0.06541825516864441,0.11619925498962402
QQQ,1d,7,0.1,0.0,9,21,0.6054576279352379,1.1771773586987706,0.6875003992240593,0.2515587122030815,2.732961992065873,0.22857142857142856,0.2917485623977151,-0.06541825516864441,0.11841416358947754
QQQ,1d,7,0.1,0.0,10,30,0.6210348366157303,1.2845791654302592,0.6423533322366379,0.2399473982765172,2.677058958965602,0.11428571428571428,0.0994485779231511,-0.054873957185062716,0.12309432029724121
QQQ,1d,7,0.1,0.0,12,26,0.4709992391542341,0.8375413535918834,0.6950839181366193,0.2635669831994191,2.63721923626036,0.17142857142857143,0.13367342258997905,-0.06096592018990832,0.10917854309082031
QQQ,1d,7,0.1,0.0,20,50,0.4563110809427509,0.8710233376750789,0.5740707577378779,0.24005237533306714,2.391439605383483,0.05714285714285714,0.10106987079020789,0.0,0.11012554168701172
QQQ,1d,7,0.1,0.25,8,21,0.39762702759713503,0.973854548592632,0.4346958451888311,0.05617143494833783,7.738734920847775,0.7142857142857143,1.1609324315793483,-0.03558921462178799,0.11368393898010254
QQQ,1d,7,0.1,0.25,9,21,0.37840779906735345,0.745822769469785,0.42753526007261017,0.0694580782098608,6.155299298389082,0.6857142857142857,1.0979054534930068,-0.03558921462178799,0.11405587196350098
QQQ,1d,7,0.1,0.25,10,30,0.38874148265472497,0.8624930229650194,0.413815354060045,0.06953966050686751,5.950781914144921,0.37142857142857144,0.6068886279450756,-0.054873957185062716,0.11317968368530273
QQQ,1d,7,0.1,0.25,12,26,0.3244885045951124,0.41270917641745886,0.42275410242887956,0.09459425241622176,4.469130963356315,0.4,0.6415339585003137,-0.0600486582084262,0.1151125431060791
QQQ,1d,7,0.1,0.25,20,50,0.3200335200134563,0.4491146727166089,0.3816880194849141,0.09569351727431513,3.9886507504031528,0.17142857142857143,0.3262019275292975,0.0,0.10877537727355957
QQQ,1d,7,0.1,0.5,8,21,0.5291343049903098,0.6257067781203614,0.5603525986375567,0.046852264657654547,11.959989612711462,0.7142857142857143,1.224140102917252,-0.03924861399075652,0.12312650680541992
QQQ,1d,7,0.1,0.5,9,21,0.5213951399436715,0.3904161737914049,0.5506832968093027,0.047682044030047235,11.549070682923851,0.6857142857142857,1.1626902145001032,-0.04003120568595564,0.11060404777526855
QQQ,1d,7,0.1,0.5,10,30,0.5244646949093947,0.509986507869586,0.5190060249593109,0.04781225698410319,10.855083145978071,0.37142857142857144,0.6260307302754943,-0.054873957185062716,0.11059403419494629
QQQ,1d,7,0.1,0.5,12,26,0.4570430831540471,0.07688450721215001,0.5220422986034721,0.06172679649340188,8.457304254551333,0.4,0.6684611489291338,-0.0600486582084262,0.11032629013061523
QQQ,1d,7,0.1,0.5,20,50,0.43125947530981606,0.11367938592319993,0.43957520339777795,0.06633871626350343,6.6262241441595755,0.17142857142857143,0.32678565455699454,0.0,0.10346508026123047
QQQ,1d,7,0.1,0.75,8,21,0.6650625367101065,0.33397577298560943,0.6922777714154249,0.049819066953622475,13.895839760706068,0.7142857142857143,1.265485988518824,-0.05302105783208344,0.11036849021911621
QQQ,1d,7,0.1,0.75,9,21,0.6629373063399796,0.0996248235622954,0.681152044256937,0.047424444874639246,14.362889139925192,0.6857142857142857,1.204529582339845,-0.054105264872472025,0.11479878425598145
QQQ,1d,7,0.1,0.75,10,30,0.6616285085828446,0.21717907174424234,0.6366923536216798,0.05092181636206161,12.503331560184408,0.37142857142857144,0.638134699761885,-0.054873957185062716,0.11687517166137695
QQQ,1d,7,0.1,0.75,12,26,0.5873850377882026,-0.18653190906614836,0.637224100545752,0.055740461312281386,11.431984693771296,0.4,0.6830871233731184,-0.0600486582084262,0.1086127758026123
QQQ,1d,7,0.1,0.75,20,50,0.5462226617989986,-0.15125708953158012,0.5222556256350295,0.05817077213212577,8.977973069513464,0.17142857142857143,0.32720004636362937,0.0,0.10092496871948242
QQQ,1d,7,0.1,1.0,8,21,0.7809087834304238,0.09044329194599054,0.8049748607446325,0.05382969965162566,14.95410277141166,0.7142857142857143,1.29654009220255,-0.0667935016734098,0.13054108619689941
QQQ,1d,7,0.1,1.0,9,21,0.7825616867787667,-0.13661025851017805,0.7929014605407964,0.051270432201789756,15.46508243621004,0.6857142857142857,1.2358529100666902,-0.06932592160900863,0.11338376998901367
QQQ,1d,7,0.1,1.0,10,30,0.7780553401277644,-0.02469338126698417,0.7386991436318519,0.05770304614246511,12.801735662412884,0.37142857142857144,0.6471671299589788,-0.054873957185062716,0.11271452903747559
QQQ,1d,7,0.1,1.0,12,26,0.6976265969929184,-0.39147270885690744,0.7377528667199363,0.05716500045367632,12.905674116416296,0.4,0.6933680241496194,-0.0600486582084262,0.11237716674804688
QQQ,1d,7,0.1,1.0,20,50,0.6447636945949616,-0.3590425020026087,0.5975345662784334,0.05553708892426722,10.759198543756181,0.17142857142857143,0.32750943801536364,0.0,0.10697460174560547
QQQ,1d,7,0.25,0.0,8,21,0.775256178619062,1.7838025591927145,0.7033296926756203,0.24695688548036088,2.8479857579494468,0.2571428571428571,0.33552086620219107,-0.06541825516864441,0.11434268951416016
QQQ,1d,7,0.25,0.0,9,21,0.6771525067034151,1.396868324386419,0.7182849418859006,0.22755943940611012,3.1564717498008315,0.22857142857142856,0.2917485623977151,-0.06541825516864441,0.10702729225158691
QQQ,1d,7,0.25,0.0,10,30,0.5219195885307493,0.9395980504378074,0.632624726494457,0.2625327356239353,2.4096984514748647,0.11428571428571428,0.0994485779231511,-0.054873957185062716,0.1140143871307373
QQQ,1d,7,0.25,0.0,12,26,0.6260209326770951,1.30785587976654,0.6925932897554117,0.25147605506936205,2.7541122734901373,0.17142857142857143,0.13367342258997905,-0.06096592018990832,0.10160470008850098
QQQ,1d,7,0.25,0.0,20,50,0.38146733927212306,0.6344989215001078,0.5733769223282615,0.23332090377298437,2.457460574926212,0.05714285714285714,0.10106987079020789,0.0,0.1058650016784668
QQQ,1d,7,0.25,0.25,8,21,0.4339190969401699,1.3777520244187755,0.44456085100817927,0.06565903396059201,6.77074919005054,0.7142857142857143,1.1609324315793483,-0.03558921462178799,0.10824799537658691
QQQ,1d,7,0.25,0.25,9,21,0.4037766775310146,0.9672247330216679,0.44247583851677125,0.059012046209594944,7.498059581686354,0.6857142857142857,1.0979054534930068,-0.03558921462178799,0.10437250137329102
QQQ,1d,7,0.25,0.25,10,30,0.35828044680850224,0.5142002862071613,0.4147932702264133,0.07355823172378052,5.638978269407141,0.37142857142857144,0.6068886279450756,-0.054873957185062716,0.11171460151672363
QQQ,1d,7,0.25,0.25,12,26,0.3779353066874513,0.8795065708731569,0.42551963312483254,0.09822971433663562,4.331883035580929,0.4,0.6415339585003137,-0.0600486582084262,0.11129164695739746
QQQ,1d,7,0.25,0.25,20,50,0.2789748353141873,0.2213372939631728,0.3777271085703774,0.08752113362582625,4.31583884853744,0.17142857142857143,0.3262019275292975,0.0,0.10571980476379395
QQQ,1d,7,0.25,0.5,8,21,0.5614262724315706,1.0186953013082887,0.5818046318365321,0.051487777523753775,11.29985910866162,0.7142857142857143,1.224140102917252,-0.03924861399075652,0.11283612251281738
QQQ,1d,7,0.25,0.5,9,21,0.5482151239653036,0.6033044773505405,0.5737414450334378,0.04684068830836268,12.248783392258673,0.6857142857142857,1.1626902145001032,-0.04003120568595564,0.11311745643615723
QQQ,1d,7,0.25,0.5,10,30,0.515425404254645,0.17432669159038738,0.5287420156243328,0.04769755502793398,11.085306475660568,0.37142857142857144,0.6260307302754943,-0.054873957185062716,0.10671114921569824
QQQ,1d,7,0.25,0.5,12,26,0.4906369257554292,0.518598039095022,0.5301372627162934,0.06458706262311192,8.208103003690221,0.4,0.6684611489291338,-0.0600486582084262,0.12152791023254395
QQQ,1d,7,0.25,0.5,20,50,0.3958211904231329,-0.09525970542200801,0.4395564095359144,0.06163893112375856,7.131149121540957,0.17142857142857143,0.32678565455699454,0.0,0.0970449447631836
QQQ,1d,7,0.25,0.75,8,21,0.6991206610679377,0.7032603816332077,0.7221116887574437,0.0530336526595492,13.61610322021485,0.7142857142857143,1.265485988518824,-0.05302105783208344,0.11599516868591309
QQQ,1d,7,0.25,0.75,9,21,0.6934482263454742,0.29738807390627664,0.710779059575264,0.05113338461759267,13.90048917924978,0.6857142857142857,1.204529582339845,-0.054105264872472025,0.1039130687713623
QQQ,1d,7,0.25,0.75,10,30,0.6637479608426113,-0.0954728379911014,0.6518055646287348,0.049241428545867064,13.236934505699718,0.37142857142857144,0.638134699761885,-0.054873957185062716,0.10249161720275879
QQQ,1d,7,0.25,0.75,12,26,0.613700218306357,0.21672793530479884,0.6488939982899538,0.05765235750559248,11.25528991987897,0.4,0.6830871233731184,-0.0600486582084262,0.10029768943786621
QQQ,1d,7,0.25,0.75,20,50,0.5119533213721779,-0.33601981571108885,0.5252104035553612,0.056772012044637374,9.251220533498284,0.17142857142857143,0.32720004636362937,0.0,0.10043215751647949
QQQ,1d,7,0.25,1.0,8,21,0.8173455285073598,0.42795174779353107,0.8412186868629643,0.05673392718182014,14.827436221135155,0.7142857142857143,1.29654009220255,-0.0667935016734098,0.1135704517364502
QQQ,1d,7,0.25,1.0,9,21,0.8164437815704104,0.042188904761975676,0.8276761170837104,0.05702391335021975,14.514544310567222,0.6857142857142857,1.2358529100666902,-0.06932592160900863,0.10264444351196289
QQQ,1d,7,0.25,1.0,10,30,0.7877720023782024,-0.30822935901802295,0.7576766866626229,0.0557278157898667,13.596023384795847,0.37142857142857144,0.6471671299589788,-0.054873957185062716,0.11017966270446777
QQQ,1d,7,0.25,1.0,12,26,0.7199080432664821,-0.033853033070674554,0.7520662377749552,0.05852300677380792,12.850779193244456,0.4,0.6933680241496194,-0.0600486582084262,0.10634088516235352
QQQ,1d,7,0.25,1.0,20,50,0.6107012411958005,-0.5176222673183066,0.6027220221558918,0.056664503460227854,10.636677026190394,0.17142857142857143,0.32750943801536364,0.0,0.0956876277923584
QQQ,1d,7,0.4,0.0,8,21,0.725627735846847,1.5680726659837094,0.7020608326211459,0.2676055346256649,2.62349145208529,0.2571428571428571,0.33552086620219107,-0.06541825516864441,0.10791587829589844
QQQ,1d,7,0.4,0.0,9,21,0.765797787473933,1.6823161881071753,0.7334223177609135,0.2741633814480093,2.675128654626677,0.22857142857142856,0.2917485623977151,-0.06541825516864441,0.10140347480773926
QQQ,1d,7,0.4,0.0,10,30,0.47056994930298407,0.7977602072125467,0.6686840256648732,0.24715037139671175,2.7055756456523365,0.11428571428571428,0.0994485779231511,-0.054873957185062716,0.10884547233581543
QQQ,1d,7,0.4,0.0,12,26,0.6465783806506453,1.379128896618925,0.7202974804332323,0.24054970237754197,2.994381091782553,0.17142857142857143,0.13367342258997905,-0.06096592018990832,0.10138559341430664
QQQ,1d,7,0.4,0.0,20,50,0.46098243559826385,0.858049164940645,0.5924790269879501,0.25991736607567756,2.2794899622653295,0.05714285714285714,0.10106987079020789,0.0,0.10557126998901367
QQQ,1d,7,0.4,0.25,8,21,0.4248734815855135,1.1496997525232437,0.4485124857835584,0.07497621314294399,5.9820637370476195,0.7142857142857143,1.1609324315793483,-0.03558921462178799,0.1149604320526123
QQQ,1d,7,0.4,0.25,9,21,0.42996886534098483,1.2702279191090402,0.45114805071171266,0.06432327576676859,7.013760498571962,0.6857142857142857,1.0979054534930068,-0.03558921462178799,0.11148571968078613
QQQ,1d,7,0.4,0.25,10,30,0.35231418455091046,0.37718247441732466,0.42431435092688663,0.06876200031135221,6.170767996940234,0.37142857142857144,0.6068886279450756,-0.054873957185062716,0.1048736572265625
QQQ,1d,7,0.4,0.25,12,26,0.38773782962452485,0.9541978100945401,0.4251789288737523,0.07714687431791406,5.511291709909531,0.4,0.6415339585003137,-0.0600486582084262,0.10978174209594727
QQQ,1d,7,0.4,0.25,20,50,0.31253950685312265,0.432167495612815,0.3880842762939508,0.10027764993274506,3.8700974400001793,0.17142857142857143,0.3262019275292975,0.0,0.10524535179138184
QQQ,1d,7,0.4,0.5,8,21,0.5762162681720105,0.7886438869584556,0.5949433081960109,0.054032300824433825,11.01088236329505,0.7142857142857143,1.224140102917252,-0.03924861399075652,0.11191368103027344
QQQ,1d,7,0.4,0.5,9,21,0.5698661663546256,0.9102578103238939,0.5883726604507299,0.045239629931341244,13.005691278723642,0.6857142857142857,1.1626902145001032,-0.04003120568595564,0.10771036148071289
QQQ,1d,7,0.4,0.5,10,30,0.5275356922459575,0.04810871533096428,0.537953389566501,0.04742130519312817,11.344128707036429,0.37142857142857144,0.6260307302754943,-0.054873957185062716,0.1067967414855957
QQQ,1d,7,0.4,0.5,12,26,0.5030302461188625,0.5931871451957713,0.5302936762551735,0.052540961167462916,10.092957275086336,0.4,0.6684611489291338,-0.0600486582084262,0.10532879829406738
QQQ,1d,7,0.4,0.5,20,50,0.41840793013283223,0.09399984839218956,0.44759087488452814,0.06820373191447392,6.562556949901186,0.17142857142857143,0.32678565455699454,0.0,0.10267186164855957
QQQ,1d,7,0.4,0.75,8,21,0.7285266374933486,0.47902732348815125,0.741329699127028,0.05066276202826354,14.632634887009475,0.7142857142857143,1.265485988518824,-0.05302105783208344,0.10332107543945312
QQQ,1d,7,0.4,0.75,9,21,0.7151694214391866,0.5978985132199641,0.729606221968099,0.04799122608019628,15.202908563929629,0.6857142857142857,1.204529582339845,-0.054105264872472025,0.11627936363220215
QQQ,1d,7,0.4,0.75,10,30,0.686796698625742,-0.20772680194712123,0.6618701934170501,0.04878438889458838,13.5672539600157,0.37142857142857144,0.638134699761885,-0.054873957185062716,0.10608410835266113
QQQ,1d,7,0.4,0.75,12,26,0.628809000472373,0.28857839336351554,0.6504530877892225,0.05148072335468357,12.634886330322825,0.4,0.6830871233731184,-0.0600486582084262,0.10694050788879395
QQQ,1d,7,0.4,0.75,20,50,0.5300482940034381,-0.17235884417935132,0.5325953719744793,0.0613240612822429,8.684933137797552,0.17142857142857143,0.32720004636362937,0.0,0.10391974449157715
QQQ,1d,7,0.4,1.0,8,21,0.8574013246296892,0.2152108210411492,0.86494096239255,0.05136984932577472,16.83752188773829,0.7142857142857143,1.29654009220255,-0.0667935016734098,0.11421895027160645
QQQ,1d,7,0.4,1.0,9,21,0.8388967409173236,0.3286387087151368,0.849660578226741,0.0539922497585411,15.736713732554406,0.6857142857142857,1.2358529100666902,-0.06932592160900863,0.10933518409729004
QQQ,1d,7,0.4,1.0,10,30,0.818765913212464,-0.4053186246052146,0.7685963590029778,0.0539659104843645,14.242256863722565,0.37142857142857144,0.6471671299589788,-0.054873957185062716,0.10788416862487793
QQQ,1d,7,0.4,1.0,12,26,0.7372484560927737,0.03337772142480322,0.7549074005100997,0.0552466610530729,13.664308143163534,0.4,0.6933680241496194,-0.0600486582084262,0.10515737533569336
QQQ,1d,7,0.4,1.0,20,50,0.6261438571546781,-0.38036646062779533,0.6098127537548231,0.06057764302534712,10.0666305801905,0.17142857142857143,0.32750943801536364,0.0,0.10284161567687988
QQQ,1d,7,0.55,0.0,8,21,0.8321948642526174,1.972276651512046,0.7009160797159727,0.25737453268011606,2.7233311408752416,0.2857142857142857,0.27794866003139723,-0.052264443109491854,0.12489557266235352
QQQ,1d,7,0.55,0.0,9,21,0.7519660350621868,1.6014456150044065,0.7200390454547867,0.25088129700622386,2.870038755567036,0.2571428571428571,0.22043250274262352,-0.052264443109491854,0.12327909469604492
QQQ,1d,7,0.55,0.0,10,30,0.5320577520229282,0.9367555364393876,0.6949642617219353,0.23869935022770553,2.9114627294082664,0.11428571428571428,-0.014656091356793383,-0.06262042854791483,0.11530804634094238
QQQ,1d,7,0.55,0.0,12,26,0.4709227037723866,0.8120394050739461,0.7325230926466474,0.24476557510052596,2.992753749565469,0.17142857142857143,0.00012935008684885778,-0.06775271652637971,0.1220848560333252
QQQ,1d,7,0.55,0.0,20,50,0.5409087291984808,1.0181088401459744,0.602044599033267,0.24656231471467074,2.4417543278256897,0.05714285714285714,0.10106987079020789,0.0,0.09621214866638184
QQQ,1d,7,0.55,0.25,8,21,0.45908820214447915,1.5829604956582854,0.4538123480272378,0.08016191790993568,5.661196237059967,0.7428571428571429,1.2470924626576068,-0.030933370995145704,0.11067342758178711
QQQ,1d,7,0.55,0.25,9,21,0.43270983278801445,1.1883064864713764,0.4574403721837784,0.06935490226794834,6.5956458336064845,0.7142857142857143,1.1804261602714847,-0.027057015174702825,0.11097288131713867
QQQ,1d,7,0.55,0.25,10,30,0.36990391685133733,0.5155840528171929,0.43480263199043145,0.06840849157186188,6.355974558124545,0.45714285714285713,0.854746281668376,-0.005589225541335563,0.10525298118591309
QQQ,1d,7,0.55,0.25,12,26,0.33579807058424616,0.38865593411861976,0.4320978837707979,0.07305247254422316,5.914897452775776,0.4857142857142857,0.8530202028466787,-0.005589225541335563,0.10130190849304199
QQQ,1d,7,0.55,0.25,20,50,0.3351763537295638,0.5953834852069508,0.39234314426514555,0.1037333013417549,3.7822294209315688,0.17142857142857143,0.3262019275292975,0.0,0.10558152198791504
QQQ,1d,7,0.55,0.5,8,21,0.6079968506062375,1.2325447074821514,0.6123708752268948,0.055164841964454106,11.100745573085856,0.7428571428571429,1.3126336368747775,-0.045796818385885674,0.11757612228393555
QQQ,1d,7,0.55,0.5,9,21,0.5923512851342355,0.831126233387173,0.6074454972121422,0.04681936111592498,12.974237211569463,0.7142857142857143,1.2483853865727803,-0.04295601319405129,0.11691856384277344
QQQ,1d,7,0.55,0.5,10,30,0.5438511745005549,0.1789627049197151,0.5487303738529985,0.05032005950873525,10.904803754410153,0.45714285714285713,0.8758413869397214,-0.008982164217197108,0.11544179916381836
QQQ,1d,7,0.55,0.5,12,26,0.4924982733649187,0.055632574199957485,0.5406291438519603,0.05093811147368518,10.613450876192205,0.4857142857142857,0.8844390850497295,-0.01097229703219349,0.11546611785888672
QQQ,1d,7,0.55,0.5,20,50,0.43880691087620305,0.25284572392747884,0.4562663743814168,0.07377207560035559,6.184811402801544,0.17142857142857143,0.32678565455699454,0.0,0.10642647743225098
QQQ,1d,7,0.55,0.75,8,21,0.7622369673503174,0.9192822622430392,0.7672101902981283,0.04638689063014843,16.53937523890623,0.7428571428571429,1.3575942188810914,-0.060660265776625866,0.11378812789916992
QQQ,1d,7,0.55,0.75,9,21,0.7504821767919407,0.5241015474352864,0.7576420472905862,0.04998968887700914,15.155966446493224,0.7142857142857143,1.2942781387519762,-0.05885501121340009,0.1263883113861084
QQQ,1d,7,0.55,0.75,10,30,0.7042053746805055,-0.08852465854232738,0.6740306222996971,0.05310577493321091,12.692228352705511,0.45714285714285713,0.8886195740582804,-0.012843928876384858,0.11301159858703613
QQQ,1d,7,0.55,0.75,12,26,0.6400190405926663,-0.204378715394525,0.6637359662003137,0.05150815644107708,12.886036155450382,0.4857142857142857,0.9035027336831642,-0.02529597753280599,0.11071395874023438
QQQ,1d,7,0.55,0.75,20,50,0.5519998732809263,-0.022975790514885408,0.5448586474301378,0.0678549630414266,8.029753801464638,0.17142857142857143,0.32720004636362937,0.0,0.10860657691955566
QQQ,1d,7,0.55,1.0,8,21,0.8933694818924458,0.6410872607374776,0.8972434479597938,0.042461538973571786,21.13073312105436,0.7428571428571429,1.3919047009167491,-0.07552371316736584,0.11740612983703613
QQQ,1d,7,0.55,1.0,9,21,0.8837350166195923,0.2617073479048668,0.8845374678812588,0.05760228048922078,15.355945291901834,0.7142857142857143,1.3291542568398445,-0.07475400923274833,0.11246728897094727
QQQ,1d,7,0.55,1.0,10,30,0.8374200397604468,-0.29981397236146756,0.7820617797353439,0.058875665455938336,13.283277117617077,0.45714285714285713,0.8980487290865676,-0.016705693535573274,0.109710693359375
QQQ,1d,7,0.55,1.0,12,26,0.7633209790993952,-0.40581753454609704,0.770545253348119,0.055984179040479816,13.763625126858964,0.4857142857142857,0.9176698094657356,-0.039619658033418936,0.10811114311218262
QQQ,1d,7,0.55,1.0,20,50,0.6498730988935782,-0.24362642823602942,0.6248612226878142,0.06790872097743886,9.201487138822866,0.17142857142857143,0.32750943801536364,0.0,0.10905170440673828
QQQ,1d,7,0.7,0.0,8,21,0.8147974300799353,1.7881064329970457,0.7134249450824524,0.19512575790570788,3.656231513151668,0.2571428571428571,0.1753250387799365,-0.052264443109491854,0.11221981048583984
QQQ,1d,7,0.7,0.0,9,21,0.7077963002745511,1.4110885789323975,0.7284250876879145,0.2607369141108423,2.7937167630136654,0.2571428571428571,0.14134838523883841,-0.052264443109491854,0.11555624008178711
QQQ,1d,7,0.7,0.0,10,30,0.6754929835066672,1.351341438615365,0.6926068679512414,0.22422102268262212,3.0889470561893067,0.11428571428571428,-0.014656091356793383,-0.06262042854791483,0.11076903343200684
QQQ,1d,7,0.7,0.0,12,26,0.5109359662230452,0.9014218742444973,0.7188784678177523,0.2419694532083675,2.9709471930686373,0.17142857142857143,0.00012935008684885778,-0.06775271652637971,0.10840177536010742
QQQ,1d,7,0.7,0.0,20,50,0.4553520864966912,0.7638555926126762,0.5938093121783943,0.2348865422193589,2.5280686861311956,0.05714285714285714,0.10106987079020789,0.0,0.1060171127319336
QQQ,1d,7,0.7,0.25,8,21,0.4579276343566465,1.383529583327343,0.45918306314152313,0.06836835364213778,6.716310086169937,0.7142857142857143,1.2410477268898066,-0.048313588907183735,0.11697697639465332
QQQ,1d,7,0.7,0.25,9,21,0.4285274162873072,0.9879732677067001,0.4574601729460192,0.05933745244841067,7.709467698225594,0.6857142857142857,1.1781575885992575,-0.048313588907183735,0.11202263832092285
QQQ,1d,7,0.7,0.25,10,30,0.4113083026217414,0.9379854034002708,0.4365591410443841,0.06393105506387484,6.828592780272574,0.45714285714285713,0.854746281668376,-0.005589225541335563,0.11330461502075195
QQQ,1d,7,0.7,0.25,12,26,0.3590204922627701,0.47218261608763457,0.4258577284115179,0.07250444354476795,5.873539711377435,0.4857142857142857,0.8530202028466787,-0.005589225541335563,0.10919857025146484
QQQ,1d,7,0.7,0.25,20,50,0.310463359279986,0.3484713279201943,0.3834140066726762,0.09268173696045437,4.1368884447674095,0.17142857142857143,0.3262019275292975,0.0,0.10572648048400879
QQQ,1d,7,0.7,0.5,8,21,0.6352052951377367,1.0263739066842676,0.6271731332453768,0.05194817767637715,12.073053594920939,0.7428571428571429,1.3209556091559642,-0.058907512572046516,0.12176275253295898
QQQ,1d,7,0.7,0.5,9,21,0.6127927505396307,0.6298424227725832,0.6166702449502841,0.04245620271845543,14.524856333470954,0.7142857142857143,1.2590925153410328,-0.058907512572046516,0.11332964897155762
QQQ,1d,7,0.7,0.5,10,30,0.5746707797206619,0.5904999044046089,0.5646754443951039,0.04969256055013638,11.363379913284708,0.45714285714285713,0.8758413869397214,-0.008982164217197108,0.11235380172729492
QQQ,1d,7,0.7,0.5,12,26,0.5290384250913265,0.1300508105647591,0.5467752223991246,0.04651569547039319,11.75463930765352,0.4857142857142857,0.8844390850497295,-0.01097229703219349,0.10871076583862305
QQQ,1d,7,0.7,0.5,20,50,0.4420860765484047,0.02411641181005142,0.4699917062323358,0.0700471205142873,6.709650629199998,0.17142857142857143,0.32678565455699454,0.0,0.10718655586242676
QQQ,1d,7,0.7,0.75,8,21,0.8079131131551486,0.7132113664651993,0.7894297778219977,0.046933691994749456,16.82010820521668,0.7428571428571429,1.375249527532911,-0.06950143623690974,0.11884760856628418
QQQ,1d,7,0.7,0.75,9,21,0.7866998799644621,0.32857702272045985,0.7736879903684086,0.04822029497885619,16.044862245402236,0.7142857142857143,1.313816951845856,-0.06950143623690974,0.1193704605102539
QQQ,1d,7,0.7,0.75,10,30,0.7326079735842974,0.2997408938746533,0.6990954620877134,0.05251746887498416,13.311674706789157,0.45714285714285713,0.8886195740582804,-0.012843928876384858,0.11410188674926758
QQQ,1d,7,0.7,0.75,12,26,0.6870379743943681,-0.14038497211776924,0.6777401338159134,0.04677811134400561,14.488403108706578,0.4857142857142857,0.9035027336831642,-0.02529597753280599,0.10117650032043457
QQQ,1d,7,0.7,0.75,20,50,0.5710962213558142,-0.22759774988562775,0.5735937610913104,0.06709452191905554,8.549040140464937,0.17142857142857143,0.32720004636362937,0.0,0.10329198837280273
QQQ,1d,7,0.7,1.0,8,21,0.9527900815867059,0.4404377084868887,0.925308424751185,0.0449515463399512,20.584573837648087,0.7428571428571429,1.4165958435101336,-0.08009535990177263,0.11544394493103027
QQQ,1d,7,0.7,1.0,9,21,0.9316603669493998,0.07670477963761613,0.9058561415350486,0.05626503909668701,16.09980471138404,0.7142857142857143,1.3554457763325172,-0.08009535990177263,0.11082935333251953
QQQ,1d,7,0.7,1.0,10,30,0.8650934819419656,0.05756871118689566,0.8138145884130635,0.05758521117859169,14.132353980419428,0.45714285714285713,0.8980487290865676,-0.016705693535573274,0.10010361671447754
QQQ,1d,7,0.7,1.0,12,26,0.818584824380327,-0.3523272768884602,0.7902704248155236,0.05208387047502419,15.173035675113324,0.4857142857142857,0.9176698094657356,-0.039619658033418936,0.10410523414611816
QQQ,1d,7,0.7,1.0,20,50,0.6800603747861945,-0.42168170592405685,0.6646387015135191,0.06831318986310507,9.729288045916306,0.17142857142857143,0.32750943801536364,0.0,0.10870671272277832
QQQ,1d,7,0.85,0.0,8,21,0.7841102244214112,1.6676701333538593,0.7404097788593026,0.19145797781153584,3.867218213221361,0.2571428571428571,-0.026102962310484992,-0.055854808006388756,0.12219429016113281
QQQ,1d,7,0.85,0.0,9,21,0.6917583672932194,1.3471178845585956,0.8173455269277025,0.2570343037485908,3.1799083430014097,0.2571428571428571,0.06493525323830107,-0.05166515644120828,0.10950446128845215
QQQ,1d,7,0.85,0.0,10,30,0.7596408264777996,1.5871871465727834,0.7584917632080096,0.19161113104919014,3.958495307943726,0.14285714285714285,-0.001398844464241557,-0.0392457401829065,0.10785555839538574
QQQ,1d,7,0.85,0.0,12,26,0.7112112055583608,1.4090959643936358,0.7645853095242503,0.19683363048078517,3.8844241589035207,0.17142857142857143,-0.03029532554788742,-0.06417444980533327,0.10928082466125488
QQQ,1d,7,0.85,0.0,20,50,0.49902188737185854,0.8882262151670675,0.6055971844099645,0.20521139335425329,2.9510894814915627,0.02857142857142857,-0.06680484148144328,-0.01554956402079366,0.1016092300415039
QQQ,1d,7,0.85,0.25,8,21,0.4579941831897672,1.2443669864866465,0.4710751506557894,0.044652590264831836,10.549783290552035,0.7142857142857143,1.0796492421256343,-0.07011725686030013,0.11351227760314941
QQQ,1d,7,0.85,0.25,9,21,0.43739420534509627,0.9137119672930762,0.4824511230561561,0.05627178414458045,8.573588529138917,0.6857142857142857,1.0613345719912575,-0.06488071611027002,0.1156919002532959
QQQ,1d,7,0.85,0.25,10,30,0.43207611753696185,1.1846199485832276,0.4559263840321514,0.05487622988419263,8.308267258780532,0.5142857142857142,0.8999812618569573,-0.023000243719325075,0.11294412612915039
QQQ,1d,7,0.85,0.25,12,26,0.41206975485422404,0.9931300741061653,0.43731693379004855,0.05605960702020742,7.800927566838132,0.5142857142857142,0.8710439545530411,-0.06303405518381444,0.11657881736755371
QQQ,1d,7,0.85,0.25,20,50,0.3337959661724155,0.4706880848383683,0.3950220128404645,0.06703329574290051,5.8929224419388815,0.2,0.27633701150076045,-0.01554956402079366,0.10886955261230469
QQQ,1d,7,0.85,0.5,8,21,0.653238398651192,0.8768128303384297,0.6557837145861934,0.039930405042133,16.423167105223104,0.7428571428571429,1.18435160781771,-0.08437970571421105,0.11356186866760254
QQQ,1d,7,0.85,0.5,9,21,0.6449400823405673,0.551199504120695,0.6518472792544262,0.04190863709424653,15.554008062550803,0.7142857142857143,1.1568425337349226,-0.07809627577933165,0.11271429061889648
QQQ,1d,7,0.85,0.5,10,30,0.5920509425827559,0.83715613898131,0.5875630375110138,0.040071195643331,14.662977434984555,0.5142857142857142,0.9381343690660813,-0.02858975861172086,0.1057283878326416
QQQ,1d,7,0.85,0.5,12,26,0.568858679294511,0.6405293830732464,0.5678088149768936,0.0446877322402522,12.706145210596373,0.5428571428571428,0.9224884654764701,-0.07641002800313557,0.11748695373535156
QQQ,1d,7,0.85,0.5,20,50,0.4692211798389636,0.13885245122417245,0.4979848411280553,0.05797541239421514,8.589586870756694,0.2,0.2763260896191553,-0.01554956402079366,0.10733890533447266
QQQ,1d,7,0.85,0.75,8,21,0.8374069485824014,0.5599720700248785,0.8313080941240039,0.045124768457964426,18.422434563811702,0.7428571428571429,1.2554934653914511,-0.09864215456812253,0.11356234550476074
QQQ,1d,7,0.85,0.75,9,21,0.8347853463831362,0.24997340327141204,0.8188526845424915,0.049380989743405414,16.582346542615525,0.7142857142857143,1.2220551813975753,-0.09131183544839339,0.11785602569580078
QQQ,1d,7,0.85,0.75,10,30,0.7504292104625094,0.5386454309958584,0.7270278119417083,0.043988240148703554,16.52777673041634,0.5142857142857142,0.96247906627089,-0.04228746152883078,0.11372518539428711
QQQ,1d,7,0.85,0.75,12,26,0.7234853957142023,0.3433638094927045,0.7064214083896684,0.048692662963196916,14.507758775148499,0.5428571428571428,0.9541120720277937,-0.08978600082245636,0.11187195777893066
QQQ,1d,7,0.85,0.75,20,50,0.6028077823556104,-0.12341212447327998,0.6126367634106709,0.06351259224162273,9.645910232729909,0.2,0.27630928202452076,-0.01554956402079366,0.10806965827941895
QQQ,1d,7,0.85,1.0,8,21,0.9907994401337744,0.2887828071549745,0.9776926446774153,0.05040922151025602,19.395114929090873,0.7428571428571429,1.3096154067174666,-0.11290460342203368,0.12653517723083496
QQQ,1d,7,0.85,1.0,9,21,0.991858156890781,0.0012998476011152338,0.9592452693055137,0.05822666913932735,16.474328404569892,0.7142857142857143,1.271713244760522,-0.10452739511745501,0.12243771553039551
QQQ,1d,7,0.85,1.0,10,30,0.8838445616287385,0.2833658579300582,0.8461749337542168,0.05020843507021796,16.853242539242988,0.5142857142857142,0.9808084623329295,-0.05598516444594104,0.11365914344787598
QQQ,1d,7,0.85,1.0,12,26,0.8536977534302983,0.09434450975874076,0.8249152826580458,0.05410296712230903,15.247135721654292,0.5428571428571428,0.9776640406725562,-0.10316197364177726,0.10845184326171875
QQQ,1d,7,0.85,1.0,20,50,0.7156825071661457,-0.3295058976891784,0.7118255766336433,0.07021403120911403,10.137939160816135,0.2,0.2762917684231273,-0.01554956402079366,0.11065435409545898
QQQ,1d,7,1.0,0.0,8,21,0.77168272117857,1.6130779437462879,0.831998849161517,0.20869174003068156,3.986735886332625,0.2571428571428571,-0.028691804674400377,-0.04856290216538528,0.10989236831665039
QQQ,1d,7,1.0,0.0,9,21,0.7394175936205722,1.4961852742039388,0.8493776148309949,0.25292836276698993,3.3581746449427796,0.2571428571428571,0.06282590313877003,-0.04856290216538528,0.11252117156982422
QQQ,1d,7,1.0,0.0,10,30,0.74354311308582,1.538353058054478,0.858123487553982,0.18902507706170568,4.539733568122576,0.14285714285714285,-0.018874253772644504,-0.0392457401829065,0.10833191871643066
QQQ,1d,7,1.0,0.0,12,26,0.7389566581766651,1.5144723131603697,0.8316594542121158,0.17945553331852526,4.634348347096987,0.17142857142857143,-0.026862394472106716,-0.06417444980533327,0.1091301441192627
QQQ,1d,7,1.0,0.0,20,50,0.5104945362709068,0.9287768024138612,0.6094223265238158,0.165902287634682,3.673381092042371,0.02857142857142857,-0.06680484148144328,-0.01554956402079366,0.10239243507385254
QQQ,1d,7,1.0,0.25,8,21,0.4613506569999844,1.192404520323144,0.49763180619905467,0.046182206516646084,10.775401258051334,0.7428571428571429,1.0981499456243375,-0.05346850853683105,0.11497378349304199
QQQ,1d,7,1.0,0.25,9,21,0.4509580508409354,1.0677868634353591,0.4964201686658341,0.05374312369129238,9.236905757792146,0.7142857142857143,1.079824945201232,-0.05149486705380024,0.11583995819091797
QQQ,1d,7,1.0,0.25,10,30,0.42816643802156973,1.1324752377611156,0.48293081858601195,0.05531786301309044,8.730106195022953,0.5142857142857142,0.8972267555022692,-0.035376391178609246,0.12754416465759277
QQQ,1d,7,1.0,0.25,12,26,0.42354666131159113,1.103245414644431,0.464523590440602,0.04776005348610463,9.726194937695182,0.5428571428571428,0.8758483795577501,-0.03322336581641783,0.1119537353515625
QQQ,1d,7,1.0,0.25,20,50,0.3424309333607631,0.5131454289744806,0.4014756453121418,0.06755184930237522,5.943222124313114,0.2,0.27633701150076045,-0.01554956402079366,0.10927748680114746
QQQ,1d,7,1.0,0.5,8,21,0.6685012337047809,0.8300342622920134,0.6837429846858568,0.03824560754398099,17.877686578767992,0.7428571428571429,1.2034242505997494,-0.07331328729940711,0.1158137321472168
QQQ,1d,7,1.0,0.5,9,21,0.6579309286643986,0.7033047377640815,0.6761487157399546,0.03852260226566663,17.552000020065464,0.7142857142857143,1.1760013073392044,-0.06940994445263149,0.1169881820678711
QQQ,1d,7,1.0,0.5,10,30,0.5895414392423511,0.783926344769708,0.6142725400090673,0.04019463446390631,15.282451207776683,0.5142857142857142,0.9363285251910964,-0.04164299201682953,0.11609578132629395
QQQ,1d,7,1.0,0.5,12,26,0.5814448299663912,0.7504570984636587,0.5944505637419605,0.040743440400478455,14.59009248848263,0.5428571428571428,0.9254732446038186,-0.03905953384145422,0.10097432136535645
QQQ,1d,7,1.0,0.5,20,50,0.4811116439046297,0.18128428039196187,0.5170793141027988,0.06903238565984134,7.490387434250339,0.2,0.2763260896191553,-0.01554956402079366,0.10986328125
QQQ,1d,7,1.0,0.75,8,21,0.8605901953409124,0.519730420561827,0.8633920481498517,0.04683931931120841,18.433061386168486,0.7428571428571429,1.277297680792981,-0.09294849948389139,0.11746692657470703
QQQ,1d,7,1.0,0.75,9,21,0.8487894436017658,0.3952179360898831,0.8511372591090571,0.04513090644717457,18.859299006221107,0.7142857142857143,1.2439871066597956,-0.08715939539265616,0.10935163497924805
QQQ,1d,7,1.0,0.75,10,30,0.7485619558920704,0.4860380813124878,0.7563345491858466,0.04104626006583121,18.42639373167774,0.5142857142857142,0.9610458486014751,-0.04790959285504914,0.11710333824157715
QQQ,1d,7,1.0,0.75,12,26,0.7378416182775556,0.44953463723291875,0.7348224322121526,0.04710176515603183,15.600740859242546,0.5428571428571428,0.9564521476740063,-0.0456132850283435,0.11334514617919922
QQQ,1d,7,1.0,0.75,20,50,0.617605581946826,-0.0824217596637058,0.6406994833244951,0.07762775144063828,8.253485015786348,0.2,0.27630928202452076,-0.01554956402079366,0.11172008514404297
QQQ,1d,7,1.0,1.0,8,21,1.0199370421906604,0.2555603608268928,1.0136034038225525,0.05540715668612884,18.293727100353223,0.7428571428571429,1.3340864460408692,-0.11237414509028287,0.10878372192382812
QQQ,1d,7,1.0,1.0,9,21,1.0069399573380566,0.1364648015168135,0.9977352714527526,0.05349146439278922,18.652233263355,0.7142857142857143,1.2963343159098446,-0.10474321987387392,0.12158393859863281
QQQ,1d,7,1.0,1.0,10,30,0.8823746889894517,0.2326480804465083,0.8780407999011708,0.04437499134133414,19.786838788254567,0.5142857142857142,0.9796013447474711,-0.05598516444594104,0.10662722587585449
QQQ,1d,7,1.0,1.0,12,26,0.8696169741444417,0.1943006192329837,0.8551031787767329,0.05359305144182164,15.95548594028084,0.5428571428571428,0.9796394107690051,-0.05598516444594104,0.10848784446716309
QQQ,1d,7,1.0,1.0,20,50,0.7327985286658145,-0.2909429749426724,0.7467023492375372,0.08547364354023797,8.736053809219168,0.2,0.2762917684231273,-0.01554956402079366,0.10552334785461426
QQQ,1d,10,0.0,0.0,8,21,0.4943308404310308,0.8852911473532787,0.6053228782812375,0.30169553077927086,2.006403199668573,0.2571428571428571,0.23171940162597202,-0.09209662853507894,0.11179161071777344
QQQ,1d,10,0.0,0.0,9,21,0.510141131880268,0.9261251430173885,0.600502253092771,0.30831413530795887,1.9476961459874707,0.2,0.13082456547523083,-0.09209662853507894,0.11019396781921387
QQQ,1d,10,0.0,0.0,10,30,0.5959558551235901,1.2568373086591165,0.5942733803178889,0.21551007802529845,2.7575201390262962,0.17142857142857143,0.2422390074254514,-0.0701757076017665,0.11023759841918945
QQQ,1d,10,0.0,0.0,12,26,0.4711564335781789,0.9153656084308963,0.5813524639344623,0.24181295698815117,2.4041410815010567,0.17142857142857143,0.18063006133937065,-0.09209662853507894,0.1078181266784668
QQQ,1d,10,0.0,0.0,20,50,0.568976886701633,1.2739416040112577,0.6148838794479483,0.21013917526345055,2.9260792457050004,0.05714285714285714,0.08276767326189313,0.0,0.1081540584564209
QQQ,1d,10,0.0,0.25,8,21,0.33580822458884874,0.4598305012981434,0.4046479236784145,0.09063574858549975,4.464551018704243,0.5142857142857142,0.7769956762332821,-0.09209662853507894,0.13873791694641113
QQQ,1d,10,0.0,0.25,9,21,0.3423967250967982,0.5030618045161999,0.3964389410003565,0.0828732365701026,4.783678753333208,0.5142857142857142,0.773504207212516,-0.09209662853507894,0.12639498710632324
QQQ,1d,10,0.0,0.25,10,30,0.3665415587337888,0.833932902195802,0.40019840990660216,0.08465557480849638,4.727372187973574,0.37142857142857144,0.5931955212388088,-0.0701757076017665,0.10113930702209473
QQQ,1d,10,0.0,0.25,12,26,0.3257841345907419,0.48440590267414363,0.40325585093732325,0.09393067734545761,4.293121931339126,0.3142857142857143,0.44530006176941944,-0.09209662853507894,0.10065913200378418
QQQ,1d,10,0.0,0.25,20,50,0.3601056236806941,0.8802250955923923,0.42358127442076576,0.10360855556047519,4.088284718664242,0.14285714285714285,0.25259938246432817,0.0,0.1123361587524414
QQQ,1d,10,0.0,0.5,8,21,0.47227793303907006,0.12269066626193514,0.5163983364693815,0.06160664080634672,8.382186233666259,0.5428571428571428,0.814941388852828,-0.09209662853507894,0.11629748344421387
QQQ,1d,10,0.0,0.5,9,21,0.48098361285782765,0.16602718365916136,0.5015145235777045,0.05074560320842095,9.882915797017878,0.5142857142857142,0.8052803186695497,-0.09209662853507894,0.11904740333557129
QQQ,1d,10,0.0,0.5,10,30,0.46515796853049984,0.4819381142907784,0.48072176351931517,0.05478579051793257,8.774570175490387,0.37142857142857144,0.6054252222378379,-0.0701757076017665,0.11174225807189941
QQQ,1d,10,0.0,0.5,12,26,0.43877198838424925,0.13800950368956189,0.4889689587054777,0.058614073505841045,8.342176707045462,0.3142857142857143,0.44984190717007383,-0.09209662853507894,0.11071491241455078
QQQ,1d,10,0.0,0.5,20,50,0.42208873172887845,0.541923328574057,0.45057767541395516,0.06857440081952713,6.570639626874427,0.14285714285714285,0.25286785356373814,0.0,0.10726523399353027
QQQ,1d,10,0.0,0.75,8,21,0.6054000094882522,-0.142651800581855,0.6367713154805806,0.062123602257692985,10.250070703228209,0.5428571428571428,0.8424529042885569,-0.09209662853507894,0.12062191963195801
QQQ,1d,10,0.0,0.75,9,21,0.616792902345569,-0.1009589236063213,0.617733772035298,0.053238209051671884,11.603203470570143,0.5142857142857142,0.8276878733994546,-0.09209662853507894,0.12740111351013184
QQQ,1d,10,0.0,0.75,10,30,0.5780112841531351,0.19057984330074662,0.5791679866843785,0.04969109469517276,11.655367832752571,0.37142857142857144,0.6155131293487179,-0.0701757076017665,0.11799263954162598
QQQ,1d,10,0.0,0.75,12,26,0.5567550290679866,-0.13779274288423649,0.5905262077232193,0.05034637208251181,11.729270318731526,0.3142857142857143,0.4542040653484114,-0.09209662853507894,0.11049985885620117
QQQ,1d,10,0.0,0.75,20,50,0.5086250534654361,0.25334948979407224,0.513359999919793,0.059187203832861884,8.673496409282398,0.14285714285714285,0.2530590524804751,0.0,0.1211538314819336
QQQ,1d,10,0.0,1.0,8,21,0.7177235767048654,-0.3500340196140975,0.7404677484752495,0.06798089150538984,10.892292408618117,0.5428571428571428,0.8639065318512984,-0.09588080160760437,0.11763954162597656
QQQ,1d,10,0.0,1.0,9,21,0.7314293273566171,-0.3112224560641954,0.7183963567446444,0.06169123294234209,11.645031594944335,0.5142857142857142,0.8449837039201397,-0.10387494452980905,0.1267852783203125
QQQ,1d,10,0.0,1.0,10,30,0.6764116415900112,-0.049222053837432056,0.666351514828625,0.051592823825684586,12.915585258136105,0.37142857142857144,0.6236601899485492,-0.0701757076017665,0.1130223274230957
QQQ,1d,10,0.0,1.0,12,26,0.6579998540370048,-0.3551600309531312,0.6798833146921448,0.05066376064398524,13.419519318151128,0.3142857142857143,0.457858930272811,-0.09209662853507894,0.12711572647094727
QQQ,1d,10,0.0,1.0,20,50,0.5872060690304628,0.00905171361995305,0.5744214431423375,0.05830731170288341,9.85161940014345,0.14285714285714285,0.2532021409451131,0.0,0.10496330261230469
QQQ,1d,10,0.1,0.0,8,21,0.4992421216666378,0.8928456559920712,0.6120783178359975,0.2582330166457841,2.370255847940544,0.2571428571428571,0.23171940162597202,-0.09209662853507894,0.11414051055908203
QQQ,1d,10,0.1,0.0,9,21,0.5803038756382247,1.1361676055586183,0.6082007910377486,0.29043239981518804,2.0941217006944384,0.2,0.13082456547523083,-0.09209662853507894,0.1253364086151123
QQQ,1d,10,0.1,0.0,10,30,0.5375827124671358,1.0690754778817655,0.6196605865284421,0.2218738772000502,2.792850579564767,0.17142857142857143,0.2422390074254514,-0.0701757076017665,0.11402344703674316
QQQ,1d,10,0.1,0.0,12,26,0.4766274745334827,0.9318855338676497,0.6488554294051798,0.24257164352927998,2.6749022266770384,0.17142857142857143,0.18063006133937065,-0.09209662853507894,0.10971283912658691
QQQ,1d,10,0.1,0.0,20,50,0.5548503136253262,1.2171426374535796,0.6267108344744751,0.20561578036172776,3.0479705077691,0.05714285714285714,0.08276767326189313,0.0,0.124786376953125
QQQ,1d,10,0.1,0.25,8,21,0.3392546848135004,0.4677561772223593,0.40720556886925163,0.0754298098876507,5.398470040899824,0.5142857142857142,0.7769956762332821,-0.09209662853507894,0.1359875202178955
QQQ,1d,10,0.1,0.25,9,21,0.3651390269620255,0.7092595784013516,0.39931805008403354,0.08055407723524004,4.957142627528525,0.5142857142857142,0.773504207212516,-0.09209662853507894,0.12246346473693848
QQQ,1d,10,0.1,0.25,10,30,0.3476038416467755,0.6457412003883187,0.4134399028613232,0.07984642853694454,5.177938580809869,0.37142857142857144,0.5931955212388088,-0.0701757076017665,0.10651206970214844
QQQ,1d,10,0.1,0.25,12,26,0.32809141765380234,0.501394922919959,0.42438951519755186,0.09579599468263611,4.4301384061360585,0.3142857142857143,0.44530006176941944,-0.09209662853507894,0.11532330513000488
QQQ,1d,10,0.1,0.25,20,50,0.35360980873739334,0.787530935270091,0.4216500201085146,0.10407068372333601,4.05157345972127,0.14285714285714285,0.25259938246432817,0.0,0.11101913452148438
QQQ,1d,10,0.1,0.5,8,21,0.4798414445752493,0.13059680289630782,0.5240139886372144,0.057566577433584065,9.10274697573921,0.5428571428571428,0.814941388852828,-0.09209662853507894,0.11294841766357422
QQQ,1d,10,0.1,0.5,9,21,0.49462251340932567,0.35918840047529366,0.5104578254657497,0.0542581949978121,9.407939675957397,0.5142857142857142,0.8052803186695497,-0.09209662853507894,0.11669445037841797
QQQ,1d,10,0.1,0.5,10,30,0.45951319245683864,0.3018811975744353,0.496834450429693,0.05116361363781758,9.710698973429388,0.37142857142857144,0.6054252222378379,-0.0701757076017665,0.11309337615966797
QQQ,1d,10,0.1,0.5,12,26,0.4404063879964105,0.15457179134174326,0.5053742643488179,0.05963993667999056,8.473755883754535,0.3142857142857143,0.44984190717007383,-0.09209662853507894,0.10899901390075684
QQQ,1d,10,0.1,0.5,20,50,0.43129946051130164,0.4288826243268078,0.4512177626609266,0.0739389851111168,6.102569057214252,0.14285714285714285,0.25286785356373814,0.0,0.11614489555358887
QQQ,1d,10,0.1,0.75,8,21,0.6161924420213928,-0.1350565460333052,0.6481160084679396,0.06091149377264275,10.640290827328695,0.5428571428571428,0.8424529042885569,-0.09209662853507894,0.1123507022857666
QQQ,1d,10,0.1,0.75,9,21,0.6272912234502519,0.07386444368984191,0.6310543841003814,0.05396159800848723,11.6945088246113,0.5142857142857142,0.8276878733994546,-0.09209662853507894,0.11151337623596191
QQQ,1d,10,0.1,0.75,10,30,0.5791111518076076,0.024071810254060466,0.5982139009448982,0.0479633038284276,12.472324739863728,0.37142857142857144,0.6155131293487179,-0.0701757076017665,0.10668206214904785
QQQ,1d,10,0.1,0.75,12,26,0.5581121800444989,-0.12230331250937265,0.6063515603147549,0.05184711447237069,11.69499144716876,0.3142857142857143,0.4542040653484114,-0.09209662853507894,0.10073208808898926
QQQ,1d,10,0.1,0.75,20,50,0.5279409565707058,0.131757252278778,0.5169350007056409,0.06422488990809161,8.048826575575227,0.14285714285714285,0.2530590524804751,0.0,0.10266447067260742
QQQ,1d,10,0.1,1.0,8,21,0.7310447786546047,-0.34295326410162363,0.7546334811767013,0.06706945259495918,11.251522891263587,0.5428571428571428,0.8639065318512984,-0.09588080160760437,0.11361217498779297
QQQ,1d,10,0.1,1.0,9,21,0.7402615081133967,-0.15723499272614416,0.7350264947951413,0.0588452296061435,12.490842498444492,0.5142857142857142,0.8449837039201397,-0.10387494452980905,0.11312484741210938
QQQ,1d,10,0.1,1.0,10,30,0.6820276631037071,-0.1991408622231441,0.6877302411015552,0.05185108505154368,13.263565080998832,0.37142857142857144,0.6236601899485492,-0.0701757076017665,0.11275601387023926
QQQ,1d,10,0.1,1.0,12,26,0.6591885106920105,-0.3411711417254967,0.6958402497789391,0.05306088993546436,13.113995084237358,0.3142857142857143,0.457858930272811,-0.09209662853507894,0.1066901683807373
QQQ,1d,10,0.1,1.0,20,50,0.6139295282373018,-0.11244430620178625,0.5802363364430854,0.06078175975814362,9.546224702145853,0.14285714285714285,0.2532021409451131,0.0,0.10757088661193848
QQQ,1d,10,0.25,0.0,8,21,0.6006363238455231,1.1841533888178017,0.6282058968324362,0.2648501235209401,2.371929786103225,0.2571428571428571,0.23171940162597202,-0.09209662853507894,0.11770510673522949
QQQ,1d,10,0.25,0.0,9,21,0.5726110373440124,1.0915320742083972,0.6144760823656881,0.3119341517256126,1.9698903725879977,0.2,0.13082456547523083,-0.09209662853507894,0.12946653366088867
QQQ,1d,10,0.25,0.0,10,30,0.4466859054371269,0.770008918339866,0.5938080124381235,0.26074632357301114,2.277339922960994,0.17142857142857143,0.2422390074254514,-0.0701757076017665,0.10255169868469238
QQQ,1d,10,0.25,0.0,12,26,0.6368828461115538,1.4957401605890626,0.636091842512558,0.2259287277682785,2.8154535671309544,0.17142857142857143,0.18063006133937065,-0.09209662853507894,0.1072227954864502
QQQ,1d,10,0.25,0.0,20,50,0.472485906493626,0.9000271870220171,0.5874599173807653,0.19740372604658124,2.9759312508728573,0.05714285714285714,0.08276767326189313,0.0,0.1067652702331543
QQQ,1d,10,0.25,0.25,8,21,0.37302368964865307,0.746207965545306,0.41796902170409067,0.07935859947599717,5.266839693038052,0.5142857142857142,0.7769956762332821,-0.09209662853507894,0.10608243942260742
QQQ,1d,10,0.25,0.25,9,21,0.3716803216625463,0.6636138752174916,0.40689406977890547,0.0784878630956664,5.184165471328415,0.5142857142857142,0.773504207212516,-0.09209662853507894,0.11020565032958984
QQQ,1d,10,0.25,0.25,10,30,0.318274704770228,0.3504477795336145,0.40618934041018695,0.08032089888978838,5.057081606712795,0.37142857142857144,0.5931955212388088,-0.0701757076017665,0.11296844482421875
QQQ,1d,10,0.25,0.25,12,26,0.39396294035730084,1.071425685455849,0.4225260727000818,0.09362931700186014,4.51275397738603,0.3142857142857143,0.44530006176941944,-0.09209662853507894,0.10908317565917969
QQQ,1d,10,0.25,0.25,20,50,0.3098142540488994,0.4691163503531468,0.38728875563099624,0.0932979371421912,4.151096664021058,0.14285714285714285,0.25259938246432817,0.0,0.1055154800415039
QQQ,1d,10,0.25,0.5,8,21,0.5064091465757234,0.3834805186016479,0.5480053179868343,0.06079265160823568,9.014334849519791,0.5428571428571428,0.814941388852828,-0.09209662853507894,0.11301469802856445
QQQ,1d,10,0.25,0.5,9,21,0.5219405016473334,0.3148203824019091,0.53389867617467,0.05663208041047404,9.42749537549968,0.5142857142857142,0.8052803186695497,-0.09209662853507894,0.11534929275512695
QQQ,1d,10,0.25,0.5,10,30,0.45867837655162297,0.023542547097616273,0.5055434718749456,0.05086670455175895,9.938592962328324,0.37142857142857144,0.6054252222378379,-0.0701757076017665,0.12491583824157715
QQQ,1d,10,0.25,0.5,12,26,0.48926997616440376,0.7048194283380196,0.5118389497534973,0.06078690228639621,8.420217686730917,0.3142857142857143,0.44984190717007383,-0.09209662853507894,0.12000322341918945
QQQ,1d,10,0.25,0.5,20,50,0.4001039503135687,0.12459631757915957,0.4329265308640384,0.07134178864026722,6.0683442217438746,0.14285714285714285,0.25286785356373814,0.0,0.1103963851928711
QQQ,1d,10,0.25,0.75,8,21,0.6417611339734813,0.08571934382548863,0.6817413920257768,0.061956110335163704,11.003618341076663,0.5428571428571428,0.8424529042885569,-0.09209662853507894,0.12318682670593262
QQQ,1d,10,0.25,0.75,9,21,0.668380853585575,0.032360996529314345,0.6654320917079495,0.06009679803158034,11.072671315338145,0.5142857142857142,0.8276878733994546,-0.09209662853507894,0.11014342308044434
QQQ,1d,10,0.25,0.75,10,30,0.593929722060942,-0.22952236079331878,0.6168090229283033,0.05023499425883973,12.278473045107692,0.37142857142857144,0.6155131293487179,-0.0701757076017665,0.10731744766235352
QQQ,1d,10,0.25,0.75,12,26,0.6021381252704933,0.3903596154586979,0.6180045512980982,0.05450651373551509,11.33817793405161,0.3142857142857143,0.4542040653484114,-0.09209662853507894,0.10807394981384277
QQQ,1d,10,0.25,0.75,20,50,0.5025169301038669,-0.148335578802248,0.5084331837951317,0.06667937134584546,7.625044650736801,0.14285714285714285,0.2530590524804751,0.0,0.10479235649108887
QQQ,1d,10,0.25,1.0,8,21,0.7567628761894395,-0.1564767269333811,0.7955728418283627,0.06628323075622386,12.002626195972804,0.5428571428571428,0.8639065318512984,-0.09588080160760437,0.11433935165405273
QQQ,1d,10,0.25,1.0,9,21,0.7916063903766604,-0.19486924670870098,0.777610490876284,0.06693687887789569,11.617071245505462,0.5142857142857142,0.8449837039201397,-0.10387494452980905,0.1128072738647461
QQQ,1d,10,0.25,1.0,10,30,0.7077295284276979,-0.4241211149297346,0.7134425604084261,0.05627267588149748,12.67831232889721,0.37142857142857144,0.6236601899485492,-0.0701757076017665,0.11232471466064453
QQQ,1d,10,0.25,1.0,12,26,0.701164355316266,0.12267010703895864,0.711211756384335,0.05612299897518722,12.672376198192328,0.3142857142857143,0.457858930272811,-0.09209662853507894,0.11120796203613281
QQQ,1d,10,0.25,1.0,20,50,0.592092911186848,-0.36247728778937427,0.578633354534169,0.06611917903857477,8.751369314440321,0.14285714285714285,0.2532021409451131,0.0,0.10566878318786621
QQQ,1d,10,0.4,0.0,8,21,0.5970515501852399,1.1659336848815247,0.647627122511543,0.2992482231711902,2.164180343824653,0.2571428571428571,0.23171940162597202,-0.09209662853507894,0.12057876586914062
QQQ,1d,10,0.4,0.0,9,21,0.692478694131666,1.456007816560708,0.6553936632004694,0.34257864279763894,1.9131188618422141,0.2,0.13082456547523083,-0.09209662853507894,0.11367368698120117
QQQ,1d,10,0.4,0.0,10,30,0.3634368888228433,0.555624708537146,0.6362788644676602,0.2518008326007511,2.526913266710788,0.17142857142857143,0.2422390074254514,-0.0701757076017665,0.10426783561706543
QQQ,1d,10,0.4,0.0,12,26,0.6066894105662973,1.3677783979159295,0.6792128012991671,0.23786060897161934,2.8555077035904177,0.17142857142857143,0.18063006133937065,-0.09209662853507894,0.10562443733215332
QQQ,1d,10,0.4,0.0,20,50,0.4579792876952616,0.849952662207577,0.5736575402056986,0.2160553090126472,2.65514206907139,0.05714285714285714,0.08276767326189313,0.0,0.10568475723266602
QQQ,1d,10,0.4,0.25,8,21,0.37917649166300005,0.7293142675379058,0.43791780819400794,0.08839415780901003,4.95414877010538,0.5142857142857142,0.7769956762332821,-0.09209662853507894,0.11073684692382812
QQQ,1d,10,0.4,0.25,9,21,0.414435447933031,1.0388823337514395,0.42873147064789413,0.07967190490480164,5.381212751975452,0.5142857142857142,0.773504207212516,-0.09209662853507894,0.11231446266174316
QQQ,1d,10,0.4,0.25,10,30,0.303875583767888,0.14832958187227363,0.41742465335951734,0.08054539559394423,5.182476916047343,0.37142857142857144,0.5931955212388088,-0.0701757076017665,0.1208338737487793
QQQ,1d,10,0.4,0.25,12,26,0.3855526771660823,0.9399926751297365,0.42567896477628836,0.08157330496043518,5.218361141340932,0.3142857142857143,0.44530006176941944,-0.09209662853507894,0.1144258975982666
QQQ,1d,10,0.4,0.25,20,50,0.3061600008838243,0.4199124994936003,0.3827434602112515,0.0909526295899416,4.208162665959676,0.14285714285714285,0.25259938246432817,0.0,0.11172914505004883
QQQ,1d,10,0.4,0.5,8,21,0.5268998331043521,0.3687035886661083,0.5760684488823881,0.0621000151178069,9.276462296982647,0.5428571428571428,0.814941388852828,-0.09209662853507894,0.11809039115905762
QQQ,1d,10,0.4,0.5,9,21,0.565712561756628,0.683849606894587,0.5596046659022156,0.05157220475175548,10.850896691267927,0.5142857142857142,0.8052803186695497,-0.09209662853507894,0.10955524444580078
QQQ,1d,10,0.4,0.5,10,30,0.4727807677118446,-0.15818731188791046,0.5171442493406192,0.05324361018040417,9.712794598044546,0.37142857142857144,0.6054252222378379,-0.0701757076017665,0.10647726058959961
QQQ,1d,10,0.4,0.5,12,26,0.49612511598285725,0.5763586164583556,0.5154101535333685,0.057315625357858856,8.992489400845345,0.3142857142857143,0.44984190717007383,-0.09209662853507894,0.11079216003417969
QQQ,1d,10,0.4,0.5,20,50,0.40541712727446133,0.0787798647180622,0.43559293681078115,0.06857738220204243,6.351845503921961,0.14285714285714285,0.25286785356373814,0.0,0.10805439949035645
QQQ,1d,10,0.4,0.75,8,21,0.6721547343589335,0.07340039545297894,0.7154581664180772,0.05754488933067171,12.433044441302531,0.5428571428571428,0.8424529042885569,-0.09209662853507894,0.11321091651916504
QQQ,1d,10,0.4,0.75,9,21,0.7167262893700704,0.38332770669572525,0.6946220538791166,0.05302816308855006,13.099115892798117,0.5142857142857142,0.8276878733994546,-0.09209662853507894,0.1034078598022461
QQQ,1d,10,0.4,0.75,10,30,0.6246212170508819,-0.387299443064273,0.6302108174338821,0.05100461038442159,12.35595787682692,0.37142857142857144,0.6155131293487179,-0.0701757076017665,0.10449910163879395
QQQ,1d,10,0.4,0.75,12,26,0.6181976604509615,0.2694534117497085,0.6235825831682182,0.056708949823339225,10.996193459953222,0.3142857142857143,0.4542040653484114,-0.09209662853507894,0.11052203178405762
QQQ,1d,10,0.4,0.75,20,50,0.5130344563826756,-0.1892644188587277,0.5155803564319379,0.06679076291489563,7.719336236492569,0.14285714285714285,0.2530590524804751,0.0,0.10539937019348145
QQQ,1d,10,0.4,1.0,8,21,0.7946396990198298,-0.16630751862697613,0.8334676143749903,0.05835728947622746,14.28215089932361,0.5428571428571428,0.8639065318512984,-0.09588080160760437,0.1113743782043457
QQQ,1d,10,0.4,1.0,9,21,0.8442727834145299,0.13035477065957668,0.809548316969719,0.05954691119478115,13.595135343320209,0.5142857142857142,0.8449837039201397,-0.10387494452980905,0.11571073532104492
QQQ,1d,10,0.4,1.0,10,30,0.7502770578904207,-0.5573584548689487,0.7285008653274093,0.05463284598542406,13.334485000502664,0.37142857142857144,0.6236601899485492,-0.0701757076017665,0.11484885215759277
QQQ,1d,10,0.4,1.0,12,26,0.723821540149441,0.012356398371079491,0.7186582966620759,0.06068350956729294,11.842727979751137,0.3142857142857143,0.457858930272811,-0.09209662853507894,0.11469674110412598
QQQ,1d,10,0.4,1.0,20,50,0.6062673119705286,-0.39780073263655436,0.5889669139942731,0.06909412152244637,8.524124788285173,0.14285714285714285,0.2532021409451131,0.0,0.10729360580444336
QQQ,1d,10,0.55,0.0,8,21,0.6173546308722702,1.2271423639527081,0.6442950395373416,0.29836527496515924,2.1594169750906076,0.2857142857142857,0.24872698919640004,-0.07431868371903227,0.11049079895019531
QQQ,1d,10,0.55,0.0,9,21,0.6597084303381009,1.3113127711584442,0.6409171546275453,0.3076865114792393,2.083019991829542,0.2,0.05419113344117424,-0.07431868371903227,0.11295866966247559
QQQ,1d,10,0.55,0.0,10,30,0.44863276028440524,0.7471403614071952,0.6591911417486512,0.2547696073056606,2.5874010197683615,0.14285714285714285,0.13858298662979032,-0.07779676228363142,0.1069490909576416
QQQ,1d,10,0.55,0.0,12,26,0.44685595417661483,0.8121611219810485,0.7059396140796979,0.2443369842020547,2.889204908479677,0.17142857142857143,0.05181365396424478,-0.07885719131116364,0.11215925216674805
QQQ,1d,10,0.55,0.0,20,50,0.5568187003229936,1.063784632391405,0.5863960724983508,0.22591241736009535,2.5956788004426463,0.05714285714285714,0.08276767326189313,0.0,0.10842084884643555
QQQ,1d,10,0.55,0.25,8,21,0.3930520866853207,0.7956388852707197,0.44855500697888867,0.08735035166684102,5.135125370641916,0.6571428571428571,1.1810770539163018,-0.06743462874169792,0.11261105537414551
QQQ,1d,10,0.55,0.25,9,21,0.41157857975373513,0.8916740895773496,0.43473809216898696,0.08250990215708534,5.268920224160693,0.6285714285714286,1.1172071013321656,-0.04094500093683617,0.11997056007385254
QQQ,1d,10,0.55,0.25,10,30,0.33377269220985384,0.3350708198166539,0.4181817027218656,0.0816264886537771,5.123112725032245,0.4857142857142857,0.9485114156114207,-0.001951543538931011,0.10899019241333008
QQQ,1d,10,0.55,0.25,12,26,0.33504286131884986,0.38624176622596096,0.42979044958329415,0.08664137923752621,4.960567956853841,0.5142857142857142,1.0019584287890277,-0.03895396295686082,0.11327576637268066
QQQ,1d,10,0.55,0.25,20,50,0.33453769216854407,0.6377592643781058,0.38893034825601086,0.10843229137745,3.586849851785889,0.14285714285714285,0.25259938246432817,0.0,0.10534024238586426
QQQ,1d,10,0.55,0.5,8,21,0.551450249827028,0.4374055776035599,0.6002021573173233,0.059830821216986636,10.031655008387537,0.6857142857142857,1.2265268961700133,-0.08185123053729348,0.12087893486022949
QQQ,1d,10,0.55,0.5,9,21,0.5837997689935112,0.5408038493859157,0.5776223489120131,0.05633286137422635,10.253737069643854,0.6285714285714286,1.156867688827432,-0.05006579655362209,0.12128591537475586
QQQ,1d,10,0.55,0.5,10,30,0.49826555689102725,0.014918355907474146,0.5202720162062426,0.05311020095088928,9.796084497728325,0.4857142857142857,0.9694822826767374,-0.01097229703219349,0.1124262809753418
QQQ,1d,10,0.55,0.5,12,26,0.4869507896398343,0.05079552217545413,0.5251217311291768,0.056722242520358145,9.257774513070524,0.5142857142857142,1.0326616739885774,-0.06420203630223287,0.11036419868469238
QQQ,1d,10,0.55,0.5,20,50,0.4234645491620567,0.2905020047388047,0.4455470993330238,0.07766599849706479,5.73670728446068,0.14285714285714285,0.25286785356373814,0.0,0.10605883598327637
QQQ,1d,10,0.55,0.75,8,21,0.7051131608358275,0.14226876192229354,0.7489854381060054,0.05463782969845328,13.708184278908284,0.6857142857142857,1.2560381577612343,-0.09626783233288883,0.11688828468322754
QQQ,1d,10,0.55,0.75,9,21,0.7480562364396149,0.24888959785737197,0.7212108984548833,0.05945964335229584,12.129418506292405,0.6285714285714286,1.18156912772368,-0.05918659217040734,0.11572384834289551
QQQ,1d,10,0.55,0.75,10,30,0.6498923610581547,-0.23260010621370986,0.6363516413957472,0.050744828298683,12.540226516290383,0.4857142857142857,0.9824005265793898,-0.02529597753280599,0.11300945281982422
QQQ,1d,10,0.55,0.75,12,26,0.6308347547247549,-0.21127857992084542,0.6384786549345872,0.05216233207658709,12.240224497576989,0.5142857142857142,1.0486540772346815,-0.08945010964760547,0.11015033721923828
QQQ,1d,10,0.55,0.75,20,50,0.5276311687167471,0.009502808012146202,0.5285292550051899,0.0707851123579263,7.466672544541166,0.14285714285714285,0.2530590524804751,0.0,0.10567593574523926
QQQ,1d,10,0.55,1.0,8,21,0.8341863087969992,-0.0990187674894385,0.8741098484937243,0.0551401562588312,15.852509455914491,0.6857142857142857,1.2782214204474431,-0.11068443412848417,0.12221312522888184
QQQ,1d,10,0.55,1.0,9,21,0.8853678232044845,0.007243380816241318,0.8427061077722244,0.06736567007855727,12.509429606942494,0.6285714285714286,1.199829166503589,-0.06830738778719314,0.11585211753845215
QQQ,1d,10,0.55,1.0,10,30,0.775992188538611,-0.422990290663537,0.7372634944363944,0.054778295096405326,13.459044191478958,0.4857142857142857,0.9919881080785968,-0.039619658033418936,0.11076045036315918
QQQ,1d,10,0.55,1.0,12,26,0.7513682969955819,-0.41429276238481805,0.7378147336020692,0.05428191883627647,13.592274359855338,0.5142857142857142,1.0598108376827597,-0.11469818299297752,0.10852527618408203
QQQ,1d,10,0.55,1.0,20,50,0.6190077179161868,-0.21621211986815747,0.6042468923560365,0.0703190743837184,8.592930121047543,0.14285714285714285,0.2532021409451131,0.0,0.10330820083618164
QQQ,1d,10,0.7,0.0,8,21,0.6826019799807322,1.3304791176204644,0.6467838775463887,0.22260303620896146,2.9055483184840347,0.2857142857142857,0.19774746498863316,-0.07431868371903227,0.10612678527832031
QQQ,1d,10,0.7,0.0,9,21,0.5850979720647234,1.0535824238135865,0.6398139909695232,0.3118872619706342,2.0514271308385945,0.2,-0.04795096279058067,-0.07431868371903227,0.11237239837646484
QQQ,1d,10,0.7,0.0,10,30,0.5661048746209021,1.0339009108179669,0.6629143254343378,0.2514150293916949,2.636733082498194,0.14285714285714285,0.13858298662979032,-0.07779676228363142,0.10082697868347168
QQQ,1d,10,0.7,0.0,12,26,0.4712132322157885,0.8552470882482905,0.6874322194731837,0.2648791289445255,2.59526759323176,0.17142857142857143,0.05181365396424478,-0.07885719131116364,0.10532927513122559
QQQ,1d,10,0.7,0.0,20,50,0.4891133042043588,0.8496852118216873,0.5570566599680136,0.20510040838823013,2.7160192626899753,0.05714285714285714,0.08276767326189313,0.0,0.10454583168029785
QQQ,1d,10,0.7,0.25,8,21,0.4197036395068388,0.9039778992794376,0.4396023837360862,0.07252852764243617,6.061096206217159,0.6857142857142857,1.1921590321949203,-0.048313588907183735,0.1106715202331543
QQQ,1d,10,0.7,0.25,9,21,0.39734826643894383,0.6289685573397399,0.42866494623529033,0.07799465783886712,5.496080861344243,0.6285714285714286,1.0836143184583162,-0.048313588907183735,0.10970044136047363
QQQ,1d,10,0.7,0.25,10,30,0.3785834462787489,0.614847052265906,0.4218482139333345,0.07555660842497773,5.583207382213289,0.4857142857142857,0.9485114156114207,-0.001951543538931011,0.10955357551574707
QQQ,1d,10,0.7,0.25,12,26,0.3528609875253833,0.4259961860047161,0.4194960693288937,0.0956090475029372,4.387618957463272,0.5142857142857142,1.0019584287890277,-0.03895396295686082,0.10875272750854492
QQQ,1d,10,0.7,0.25,20,50,0.3181471218147383,0.43250244865573806,0.3664864124474941,0.08622442778215504,4.250378017856117,0.14285714285714285,0.25259938246432817,0.0,0.11243295669555664
QQQ,1d,10,0.7,0.5,8,21,0.602800685269291,0.5457172651415574,0.604124363077363,0.06087384344756856,9.924202725883461,0.7142857142857143,1.2471995671108582,-0.058907512572046516,0.1383514404296875
QQQ,1d,10,0.7,0.5,9,21,0.5929367955859386,0.28502957296184417,0.5876456673815834,0.05625161505239017,10.446734139709184,0.6571428571428571,1.139889246229786,-0.058907512572046516,0.10915780067443848
QQQ,1d,10,0.7,0.5,10,30,0.5483298484546885,0.27595301122830085,0.5438912369832668,0.05186268706040318,10.48713955661052,0.4857142857142857,0.9694822826767374,-0.01097229703219349,0.11456799507141113
QQQ,1d,10,0.7,0.5,12,26,0.5202803740321278,0.08585012378658186,0.5363100180528184,0.059674873777754635,8.987199873269644,0.5142857142857142,1.0326616739885774,-0.06420203630223287,0.11344003677368164
QQQ,1d,10,0.7,0.5,20,50,0.43992330569406063,0.10268146869080264,0.4521212155995176,0.06734607632814911,6.713400991566622,0.14285714285714285,0.25286785356373814,0.0,0.10707449913024902
QQQ,1d,10,0.7,0.75,8,21,0.7749581222225654,0.24683761783884184,0.7624598463254294,0.06186804884764185,12.323967872384118,0.7142857142857143,1.283142119519706,-0.06950143623690974,0.1151888370513916
QQQ,1d,10,0.7,0.75,9,21,0.7712303936949891,0.00801854492116294,0.7423521527482294,0.05973375203385858,12.427683302522931,0.6571428571428571,1.176505575878681,-0.06950143623690974,0.11479687690734863
QQQ,1d,10,0.7,0.75,10,30,0.7074063673602534,0.0032411082841503625,0.6731962320182644,0.04998288508325704,13.468534897433672,0.4857142857142857,0.9824005265793898,-0.02529597753280599,0.1129462718963623
QQQ,1d,10,0.7,0.75,12,26,0.6755927362602006,-0.1813675770812867,0.6633050290098803,0.05048180786855974,13.139486421265612,0.5142857142857142,1.0486540772346815,-0.08945010964760547,0.1139366626739502
QQQ,1d,10,0.7,0.75,20,50,0.5636798209963254,-0.1565748412125585,0.5536577964419206,0.0649633847929023,8.522613133643423,0.14285714285714285,0.2530590524804751,0.0,0.1020503044128418
QQQ,1d,10,0.7,1.0,8,21,0.9183750717262917,-0.000794211128995137,0.895037805060222,0.06464785270958803,13.844818776594531,0.7142857142857143,1.3102132118795304,-0.08009535990177263,0.10813593864440918
QQQ,1d,10,0.7,1.0,9,21,0.9187315266626855,-0.21380762840184364,0.8722770706958242,0.06679936522942516,13.058164066379266,0.6571428571428571,1.2040413636218037,-0.08009535990177263,0.12012314796447754
QQQ,1d,10,0.7,1.0,10,30,0.8400182882538787,-0.2151169977401658,0.7838900067638493,0.05297194527843381,14.798210687629597,0.4857142857142857,0.9919881080785968,-0.039619658033418936,0.1102902889251709
QQQ,1d,10,0.7,1.0,12,26,0.8049499485954572,-0.38941671479842477,0.7725632504666979,0.04956381346836483,15.58724392665635,0.5142857142857142,1.0598108376827597,-0.11469818299297752,0.10980081558227539
QQQ,1d,10,0.7,1.0,20,50,0.6690422186525462,-0.35914706439048993,0.6428199245006162,0.06598066005175676,9.742550680705124,0.14285714285714285,0.2532021409451131,0.0,0.10587549209594727
QQQ,1d,10,0.85,0.0,8,21,0.7609392955313178,1.5883549193100408,0.6860879389459064,0.21616350799851447,3.173930444127606,0.2571428571428571,-0.004489819606656864,-0.04856290216538528,0.11114621162414551
QQQ,1d,10,0.85,0.0,9,21,0.663609368438275,1.2579698248985856,0.8147384895820992,0.2884199758158421,2.8248337767780503,0.2571428571428571,0.08648262762662118,-0.04856290216538528,0.1104130744934082
QQQ,1d,10,0.85,0.0,10,30,0.714674441116475,1.4350359832854611,0.7328125803162556,0.20026118806183305,3.659284094978958,0.14285714285714285,-0.0035129985446438576,-0.03935113277517577,0.10224604606628418
QQQ,1d,10,0.85,0.0,12,26,0.7004878430154949,1.3725097909830146,0.7633114035899464,0.2274325747239426,3.3562096569343813,0.17142857142857143,0.007199873204202906,-0.06417444980533327,0.10838532447814941
QQQ,1d,10,0.85,0.0,20,50,0.53002110242906,0.9750570961346987,0.5954821994129479,0.204709898245494,2.9089077006859165,0.02857142857142857,-0.06680484148144328,-0.01554956402079366,0.10191535949707031
QQQ,1d,10,0.85,0.25,8,21,0.450132748275171,1.159346147168368,0.45625005199527047,0.056893247058694904,8.019406090929776,0.6857142857142857,1.0707710282481713,-0.0549420730342266,0.11317944526672363
QQQ,1d,10,0.85,0.25,9,21,0.4305389918211448,0.8242196592538058,0.47994709840554045,0.06808809471777182,7.048913622784461,0.6857142857142857,1.052663109472716,-0.04963819228902622,0.10883545875549316
QQQ,1d,10,0.85,0.25,10,30,0.41705487964655596,1.02356465764393,0.4447896249501648,0.05810106474226166,7.655447054598173,0.4857142857142857,0.8957517535795698,-0.05287217493743379,0.10247445106506348
QQQ,1d,10,0.85,0.25,12,26,0.4088448778207819,0.9551290270497574,0.4419411773218192,0.07544286432048164,5.857958619445452,0.5142857142857142,0.8649879195426089,-0.047759271792406244,0.11092495918273926
QQQ,1d,10,0.85,0.25,20,50,0.3414281682245399,0.5571400450686022,0.3902541227198819,0.06977696676117502,5.5928788658240345,0.2,0.27633701150076045,-0.01554956402079366,0.10924148559570312
QQQ,1d,10,0.85,0.5,8,21,0.6438679421303595,0.7898302126533996,0.6419473563419726,0.05180867464887173,12.390731102324246,0.7142857142857143,1.1642168821552208,-0.06617069925904318,0.1053473949432373
QQQ,1d,10,0.85,0.5,9,21,0.6407320639410949,0.46539333161298924,0.643390103189248,0.04668263839956727,13.782213800392483,0.6857142857142857,1.1368542823545622,-0.059806466717697515,0.10718989372253418
QQQ,1d,10,0.85,0.5,10,30,0.5772416871272089,0.6741529684611116,0.5761690885553052,0.04241246996359383,13.584898239830865,0.5142857142857142,0.9354897058974253,-0.0663932170996917,0.10698151588439941
QQQ,1d,10,0.85,0.5,12,26,0.5667925473093471,0.6028174633142303,0.5700061769907928,0.05216932879761888,10.92607840905956,0.5142857142857142,0.9062924342359562,-0.0580815100383274,0.10398745536804199
QQQ,1d,10,0.85,0.5,20,50,0.4680249941423259,0.22107849832887183,0.49046718690415936,0.06023436701246732,8.142646984281289,0.2,0.2763260896191553,-0.01554956402079366,0.1030426025390625
QQQ,1d,10,0.85,0.75,8,21,0.8262624614544629,0.47395752701634897,0.8167536411641618,0.05690441388369728,14.353080638585684,0.7142857142857143,1.2271753790458244,-0.0773993254838593,0.11049985885620117
QQQ,1d,10,0.85,0.75,9,21,0.831540540316827,0.17039563380775502,0.8065316421403853,0.05141306930171332,15.687288331441982,0.6857142857142857,1.1938554328832054,-0.06997474114636859,0.12226986885070801
QQQ,1d,10,0.85,0.75,10,30,0.7344963984592493,0.3789009052585044,0.7146357664525654,0.04535630814639882,15.756039141146582,0.5142857142857142,0.9603978911634256,-0.07991425926194962,0.11785888671875
QQQ,1d,10,0.85,0.75,12,26,0.7218472227134898,0.3071520877604954,0.7068503569253851,0.049370860872401987,14.317156809402734,0.5142857142857142,0.9313606497380893,-0.06840374828424889,0.10571050643920898
QQQ,1d,10,0.85,0.75,20,50,0.5968120087300598,-0.047764296446783594,0.6030016509047238,0.06640408965350547,9.080790867718662,0.2,0.27630928202452076,-0.01554956402079366,0.1036062240600586
QQQ,1d,10,0.85,1.0,8,21,0.9781425588143563,0.20594643512808308,0.9622929186396126,0.062309820631949654,15.443679806489323,0.7142857142857143,1.2749075268816144,-0.0886279517086751,0.11039233207702637
QQQ,1d,10,0.85,1.0,9,21,0.9891487476195706,-0.07062380953464142,0.9440391676284248,0.059649616782976235,15.826407922504035,0.6857142857142857,1.237105387267736,-0.08014301557503956,0.11543536186218262
QQQ,1d,10,0.85,1.0,10,30,0.8667615420184411,0.13063118309160382,0.8329026354631599,0.05105602691963208,16.31350274815238,0.5142857142857142,0.9790458732165283,-0.09343530142420775,0.10483670234680176
QQQ,1d,10,0.85,1.0,12,26,0.8523014044790606,0.060446538556692575,0.8239661141131436,0.051550981521917665,15.983519416848003,0.5142857142857142,0.9499782310540524,-0.07872598653017004,0.11748290061950684
QQQ,1d,10,0.85,1.0,20,50,0.7063433138708513,-0.26168924809258065,0.7005577212491948,0.07376734928772467,9.49685366240714,0.2,0.2762917684231273,-0.01554956402079366,0.11328649520874023
QQQ,1d,10,1.0,0.0,8,21,0.77168272117857,1.6130779437462879,0.831998849161517,0.20869174003068156,3.986735886332625,0.2571428571428571,-0.028691804674400377,-0.04856290216538528,0.11888003349304199
QQQ,1d,10,1.0,0.0,9,21,0.7394175936205722,1.4961852742039388,0.8493776148309949,0.25292836276698993,3.3581746449427796,0.2571428571428571,0.06282590313877003,-0.04856290216538528,0.11069774627685547
QQQ,1d,10,1.0,0.0,10,30,0.74354311308582,1.538353058054478,0.858123487553982,0.18902507706170568,4.539733568122576,0.14285714285714285,-0.018874253772644504,-0.0392457401829065,0.11606693267822266
QQQ,1d,10,1.0,0.0,12,26,0.7389566581766651,1.5144723131603697,0.8316594542121158,0.17945553331852526,4.634348347096987,0.17142857142857143,-0.026862394472106716,-0.06417444980533327,0.1091759204864502
QQQ,1d,10,1.0,0.0,20,50,0.5104945362709068,0.9287768024138612,0.6094223265238158,0.165902287634682,3.673381092042371,0.02857142857142857,-0.06680484148144328,-0.01554956402079366,0.120849609375
QQQ,1d,10,1.0,0.25,8,21,0.4613506569999844,1.192404520323144,0.49763180619905467,0.046182206516646084,10.775401258051334,0.7428571428571429,1.0981499456243375,-0.05346850853683105,0.12301945686340332
QQQ,1d,10,1.0,0.25,9,21,0.4509580508409354,1.0677868634353591,0.4964201686658341,0.05374312369129238,9.236905757792146,0.7142857142857143,1.079824945201232,-0.05149486705380024,0.12545132637023926
QQQ,1d,10,1.0,0.25,10,30,0.42816643802156973,1.1324752377611156,0.48293081858601195,0.05531786301309044,8.730106195022953,0.5142857142857142,0.8972267555022692,-0.035376391178609246,0.12415647506713867
QQQ,1d,10,1.0,0.25,12,26,0.42354666131159113,1.103245414644431,0.464523590440602,0.04776005348610463,9.726194937695182,0.5428571428571428,0.8758483795577501,-0.03322336581641783,0.1070253849029541
QQQ,1d,10,1.0,0.25,20,50,0.3424309333607631,0.5131454289744806,0.4014756453121418,0.06755184930237522,5.943222124313114,0.2,0.27633701150076045,-0.01554956402079366,0.10807013511657715
QQQ,1d,10,1.0,0.5,8,21,0.6685012337047809,0.8300342622920134,0.6837429846858568,0.03824560754398099,17.877686578767992,0.7428571428571429,1.2034242505997494,-0.07331328729940711,0.11152958869934082
QQQ,1d,10,1.0,0.5,9,21,0.6579309286643986,0.7033047377640815,0.6761487157399546,0.03852260226566663,17.552000020065464,0.7142857142857143,1.1760013073392044,-0.06940994445263149,0.11527729034423828
QQQ,1d,10,1.0,0.5,10,30,0.5895414392423511,0.783926344769708,0.6142725400090673,0.04019463446390631,15.282451207776683,0.5142857142857142,0.9363285251910964,-0.04164299201682953,0.10741758346557617
QQQ,1d,10,1.0,0.5,12,26,0.5814448299663912,0.7504570984636587,0.5944505637419605,0.040743440400478455,14.59009248848263,0.5428571428571428,0.9254732446038186,-0.03905953384145422,0.11133456230163574
QQQ,1d,10,1.0,0.5,20,50,0.4811116439046297,0.18128428039196187,0.5170793141027988,0.06903238565984134,7.490387434250339,0.2,0.2763260896191553,-0.01554956402079366,0.10707759857177734
QQQ,1d,10,1.0,0.75,8,21,0.8605901953409124,0.519730420561827,0.8633920481498517,0.04683931931120841,18.433061386168486,0.7428571428571429,1.277297680792981,-0.09294849948389139,0.1110084056854248
QQQ,1d,10,1.0,0.75,9,21,0.8487894436017658,0.3952179360898831,0.8511372591090571,0.04513090644717457,18.859299006221107,0.7142857142857143,1.2439871066597956,-0.08715939539265616,0.1122891902923584
QQQ,1d,10,1.0,0.75,10,30,0.7485619558920704,0.4860380813124878,0.7563345491858466,0.04104626006583121,18.42639373167774,0.5142857142857142,0.9610458486014751,-0.04790959285504914,0.1117849349975586
QQQ,1d,10,1.0,0.75,12,26,0.7378416182775556,0.44953463723291875,0.7348224322121526,0.04710176515603183,15.600740859242546,0.5428571428571428,0.9564521476740063,-0.0456132850283435,0.10557436943054199
QQQ,1d,10,1.0,0.75,20,50,0.617605581946826,-0.0824217596637058,0.6406994833244951,0.07762775144063828,8.253485015786348,0.2,0.27630928202452076,-0.01554956402079366,0.1062631607055664
QQQ,1d,10,1.0,1.0,8,21,1.0199370421906604,0.2555603608268928,1.0136034038225525,0.05540715668612884,18.293727100353223,0.7428571428571429,1.3340864460408692,-0.11237414509028287,0.10727906227111816
QQQ,1d,10,1.0,1.0,9,21,1.0069399573380566,0.1364648015168135,0.9977352714527526,0.05349146439278922,18.652233263355,0.7142857142857143,1.2963343159098446,-0.10474321987387392,0.10816121101379395
QQQ,1d,10,1.0,1.0,10,30,0.8823746889894517,0.2326480804465083,0.8780407999011708,0.04437499134133414,19.786838788254567,0.5142857142857142,0.9796013447474711,-0.05598516444594104,0.11394739151000977
QQQ,1d,10,1.0,1.0,12,26,0.8696169741444417,0.1943006192329837,0.8551031787767329,0.05359305144182164,15.95548594028084,0.5428571428571428,0.9796394107690051,-0.05598516444594104,0.10888886451721191
QQQ,1d,10,1.0,1.0,20,50,0.7327985286658145,-0.2909429749426724,0.7467023492375372,0.08547364354023797,8.736053809219168,0.2,0.2762917684231273,-0.01554956402079366,0.10043692588806152
QQQ,1d,14,0.0,0.0,8,21,0.47782177197134446,0.9142941816761816,0.6692077944640991,0.23174109047134764,2.887739041457732,0.22857142857142856,0.35817441633709435,-0.058264387348601065,0.11176109313964844
QQQ,1d,14,0.0,0.0,9,21,0.6859825668331894,1.5743230677697917,0.6017177546500715,0.21793262033008798,2.7610265674715873,0.22857142857142856,0.3792630460350878,-0.058264387348601065,0.10769295692443848
QQQ,1d,14,0.0,0.0,10,30,0.5270034397022996,1.035555251295126,0.5944052568326962,0.24000559994701098,2.4766307826314486,0.11428571428571428,0.22597331510479815,-0.04765797015775752,0.10772299766540527
QQQ,1d,14,0.0,0.0,12,26,0.4566548765001218,0.9088957620068532,0.5939938799716644,0.24029387499062804,2.471947651578016,0.11428571428571428,0.1786304204079907,-0.058264387348601065,0.11369466781616211
QQQ,1d,14,0.0,0.0,20,50,0.5903179531557016,1.3796906479409752,0.6531685373020515,0.1973318795488644,3.3100000810579133,0.02857142857142857,-0.020828104834996575,-0.0004999999999999449,0.10351204872131348
QQQ,1d,14,0.0,0.25,8,21,0.32804998401304425,0.49253495564861915,0.4135245154036175,0.0860006180370184,4.808390042332237,0.45714285714285713,0.8037635372968487,-0.058264387348601065,0.11687231063842773
QQQ,1d,14,0.0,0.25,9,21,0.39604029126644424,1.176648919198716,0.3980388092227922,0.06620850463342573,6.011898492899054,0.45714285714285713,0.8234768768071229,-0.058264387348601065,0.10956597328186035
QQQ,1d,14,0.0,0.25,10,30,0.32503956268501916,0.6004107474697771,0.4005923105078759,0.10312082731783256,3.884688679554474,0.2857142857142857,0.5483963819165523,-0.04765797015775752,0.10895919799804688
QQQ,1d,14,0.0,0.25,12,26,0.3137946567471885,0.4827953091549422,0.39389693305985873,0.10314010819881778,3.819047118901255,0.2571428571428571,0.4447372262402091,-0.058264387348601065,0.10692906379699707
QQQ,1d,14,0.0,0.25,20,50,0.3681397509646855,0.9925127552483184,0.43689750603824284,0.094107848544258,4.642519330709959,0.11428571428571428,0.1504683194993292,-0.0004999999999999449,0.10722994804382324
QQQ,1d,14,0.0,0.5,8,21,0.44237249776106546,0.15450391621578996,0.47748930382860333,0.0675389914887626,7.069831712071831,0.45714285714285713,0.808291022326408,-0.058264387348601065,0.11050820350646973
QQQ,1d,14,0.0,0.5,9,21,0.46670902460676794,0.8318000297383454,0.47216174148007906,0.05511161989607023,8.567371860425878,0.45714285714285713,0.8284442848808558,-0.058264387348601065,0.11577367782592773
QQQ,1d,14,0.0,0.5,10,30,0.40293596708222773,0.2470062277739995,0.45178999035227607,0.07229622934276383,6.249150121098203,0.2857142857142857,0.5529371266448587,-0.04765797015775752,0.10943794250488281
QQQ,1d,14,0.0,0.5,12,26,0.4045595309844885,0.14199634384568016,0.4561978501280416,0.07308775631711745,6.241782113937984,0.2571428571428571,0.4493111913211978,-0.058264387348601065,0.11252355575561523
QQQ,1d,14,0.0,0.5,20,50,0.40553079502549305,0.6553051918303567,0.426069851235417,0.0613963134584925,6.93966505861081,0.11428571428571428,0.15049288527235918,-0.0004999999999999449,0.10570287704467773
QQQ,1d,14,0.0,0.75,8,21,0.5603197913152337,-0.114364258364546,0.5675356210437958,0.06659156280090028,8.522635558811709,0.45714285714285713,0.8124723491887007,-0.058264387348601065,0.11546635627746582
QQQ,1d,14,0.0,0.75,9,21,0.5628395851640874,0.534141863545821,0.5669056590376302,0.05991442893543095,9.461922096404818,0.45714285714285713,0.8329173507619112,-0.058264387348601065,0.11256146430969238
QQQ,1d,14,0.0,0.75,10,30,0.49865178995771237,-0.037552546943809384,0.5313335066463823,0.06775047283489789,7.842506249974028,0.2857142857142857,0.5572845924615926,-0.04765797015775752,0.10996675491333008
QQQ,1d,14,0.0,0.75,12,26,0.506690504413608,-0.12846806765541174,0.5430520685405932,0.06551870803873107,8.288503921957231,0.2571428571428571,0.4536512981553041,-0.058264387348601065,0.11794471740722656
QQQ,1d,14,0.0,0.75,20,50,0.4753944049890246,0.3634667337844655,0.46526827900924356,0.052373782727190975,8.883610363467016,0.11428571428571428,0.1505098039351683,-0.0004999999999999449,0.10214972496032715
QQQ,1d,14,0.0,1.0,8,21,0.6613023694005163,-0.326540151884371,0.6491212200249559,0.06909649369375039,9.394416204416858,0.45714285714285713,0.8159297550903417,-0.058264387348601065,0.10650467872619629
QQQ,1d,14,0.0,1.0,9,21,0.6492871387877435,0.27843417510238266,0.6514208276764878,0.06579945755101828,9.900094194110977,0.45714285714285713,0.836585772219097,-0.058264387348601065,0.11826109886169434
QQQ,1d,14,0.0,1.0,10,30,0.5836136338322707,-0.26463763124242756,0.6048296336905217,0.06957631480913784,8.69303922390391,0.2857142857142857,0.5609170165879139,-0.04765797015775752,0.1202998161315918
QQQ,1d,14,0.0,1.0,12,26,0.5959570416290066,-0.34134717397526704,0.6218453461979957,0.06377508351714872,9.750600264298916,0.2571428571428571,0.45725668416148224,-0.058264387348601065,0.11680197715759277
QQQ,1d,14,0.0,1.0,20,50,0.541712418706227,0.11255984865935975,0.5098871896329386,0.051223773268017934,9.954112262778025,0.11428571428571428,0.15052215103543154,-0.0004999999999999449,0.11124992370605469
QQQ,1d,14,0.1,0.0,8,21,0.4395998995870961,0.7922759247522275,0.6685365707546762,0.23738209873523705,2.816288904330251,0.22857142857142856,0.35817441633709435,-0.058264387348601065,0.10721921920776367
QQQ,1d,14,0.1,0.0,9,21,0.6260916940235385,1.346391156737817,0.5961069102700619,0.20142005604592372,2.9595211220383617,0.22857142857142856,0.3792630460350878,-0.058264387348601065,0.10636186599731445
QQQ,1d,14,0.1,0.0,10,30,0.4972878355246346,0.952707759661648,0.6300120538628784,0.24711301434997637,2.5494895747199187,0.11428571428571428,0.22597331510479815,-0.04765797015775752,0.10325908660888672
QQQ,1d,14,0.1,0.0,12,26,0.4392011875866735,0.8439042006132438,0.6753186929955298,0.2054051822779541,3.2877393136152193,0.11428571428571428,0.1786304204079907,-0.058264387348601065,0.10927248001098633
QQQ,1d,14,0.1,0.0,20,50,0.5704742274592424,1.2983625103508758,0.6654474456275664,0.20042418063150386,3.320195415198157,0.02857142857142857,-0.020828104834996575,-0.0004999999999999449,0.11144900321960449
QQQ,1d,14,0.1,0.25,8,21,0.3222102860166991,0.3747901838406189,0.408051299989899,0.09603465349807166,4.249000596415881,0.45714285714285713,0.8037635372968487,-0.058264387348601065,0.11377930641174316
QQQ,1d,14,0.1,0.25,9,21,0.37425077151553754,0.926394298982874,0.39168179206435727,0.07226629596128423,5.419978799995449,0.45714285714285713,0.8234768768071229,-0.058264387348601065,0.12666058540344238
QQQ,1d,14,0.1,0.25,10,30,0.31654243718338476,0.5171600641935814,0.4212643421295198,0.094906499777729,4.4387301514239885,0.2857142857142857,0.5483963819165523,-0.04765797015775752,0.11736321449279785
QQQ,1d,14,0.1,0.25,12,26,0.3077245001169032,0.4196318119382727,0.4242478503883852,0.0875587805985133,4.845291899777653,0.2571428571428571,0.4447372262402091,-0.058264387348601065,0.10660696029663086
QQQ,1d,14,0.1,0.25,20,50,0.35706947608467654,0.8719376231825895,0.4458417133840622,0.10883182431977202,4.096611594730604,0.11428571428571428,0.1504683194993292,-0.0004999999999999449,0.10691165924072266
QQQ,1d,14,0.1,0.5,8,21,0.4571059460467604,0.04630798781002188,0.48332858917656374,0.0708292948855753,6.823851486272466,0.45714285714285713,0.808291022326408,-0.058264387348601065,0.10056567192077637
QQQ,1d,14,0.1,0.5,9,21,0.46410810603838554,0.5697483606546017,0.4806720711338837,0.05703709752294928,8.427358543980642,0.45714285714285713,0.8284442848808558,-0.058264387348601065,0.12597012519836426
QQQ,1d,14,0.1,0.5,10,30,0.40493791694602377,0.1677025508147847,0.4753667486102023,0.06981390732657286,6.809055198508653,0.2857142857142857,0.5529371266448587,-0.04765797015775752,0.09990787506103516
QQQ,1d,14,0.1,0.5,12,26,0.40754920669986033,0.08357698579554573,0.4811409631092557,0.06433798993525457,7.4783337743912055,0.2571428571428571,0.4493111913211978,-0.058264387348601065,0.10152173042297363
QQQ,1d,14,0.1,0.5,20,50,0.41279872605012685,0.5121268255611882,0.4394257172479995,0.0772978604858571,5.684836740447682,0.11428571428571428,0.15049288527235918,-0.0004999999999999449,0.1126096248626709
QQQ,1d,14,0.1,0.75,8,21,0.5878804437875991,-0.21020436096746253,0.5814130961853604,0.06337749337496838,9.173810215962181,0.45714285714285713,0.8124723491887007,-0.058264387348601065,0.10549330711364746
QQQ,1d,14,0.1,0.75,9,21,0.57156045068275,0.26911363527629795,0.5855701434891211,0.056788899190179966,10.311348729055464,0.45714285714285713,0.8329173507619112,-0.058264387348601065,0.10491490364074707
QQQ,1d,14,0.1,0.75,10,30,0.5065712788623283,-0.1100767706108351,0.5584647474298372,0.0721700095454979,7.738183089441967,0.2857142857142857,0.5572845924615926,-0.04765797015775752,0.10043454170227051
QQQ,1d,14,0.1,0.75,12,26,0.5150484148842341,-0.18051097182532472,0.5676809705801154,0.062042076741506504,9.149935018218589,0.2571428571428571,0.4536512981553041,-0.058264387348601065,0.10762858390808105
QQQ,1d,14,0.1,0.75,20,50,0.4944563970702602,0.2105902756229927,0.4829862371480688,0.06853995397994413,7.046783796928113,0.11428571428571428,0.1505098039351683,-0.0004999999999999449,0.10388827323913574
QQQ,1d,14,0.1,1.0,8,21,0.6982040405161113,-0.4089591216650469,0.6690535386985348,0.061198070729506816,10.932592003687933,0.45714285714285713,0.8159297550903417,-0.058264387348601065,0.10944008827209473
QQQ,1d,14,0.1,1.0,9,21,0.666067832203214,0.017611254493877126,0.6776594790356427,0.05968226889538655,11.35445236211564,0.45714285714285713,0.836585772219097,-0.058264387348601065,0.11309981346130371
QQQ,1d,14,0.1,1.0,10,30,0.5956577150324939,-0.32878114193530217,0.6348775255913778,0.07907554373351493,8.028746887039045,0.2857142857142857,0.5609170165879139,-0.04765797015775752,0.10318589210510254
QQQ,1d,14,0.1,1.0,12,26,0.6081210463661838,-0.3863116891563083,0.6469358762052438,0.06428422427292647,10.063680218938305,0.2571428571428571,0.45725668416148224,-0.058264387348601065,0.10925817489624023
QQQ,1d,14,0.1,1.0,20,50,0.5693471222016122,-0.04029913155379761,0.5308708159397348,0.06656030139819649,7.97578744068186,0.11428571428571428,0.15052215103543154,-0.0004999999999999449,0.1006169319152832
QQQ,1d,14,0.25,0.0,8,21,0.5368686057094388,1.0764128098820325,0.6508184360874475,0.24816016348631,2.6225741752598037,0.22857142857142856,0.35817441633709435,-0.058264387348601065,0.1030282974243164
QQQ,1d,14,0.25,0.0,9,21,0.6118190173418299,1.2747598805165254,0.5781015900559086,0.24084742674852797,2.400281364265985,0.22857142857142856,0.3792630460350878,-0.058264387348601065,0.10812711715698242
QQQ,1d,14,0.25,0.0,10,30,0.46467535843621177,0.8379569113099685,0.624957502273922,0.2562146937483951,2.4391946188989273,0.11428571428571428,0.22597331510479815,-0.04765797015775752,0.1086890697479248
QQQ,1d,14,0.25,0.0,12,26,0.4857810391422446,0.9794270660971205,0.674777652467451,0.17869979373642295,3.7760404662958296,0.11428571428571428,0.1786304204079907,-0.058264387348601065,0.11092567443847656
QQQ,1d,14,0.25,0.0,20,50,0.46088386627491085,0.8776796052106706,0.6155000660039944,0.18976475480805532,3.2434899021505075,0.02857142857142857,-0.020828104834996575,-0.0004999999999999449,0.11402153968811035
QQQ,1d,14,0.25,0.25,8,21,0.3584418606580331,0.6526300256013373,0.40393411748306407,0.07941966842868269,5.086071567344669,0.45714285714285713,0.8037635372968487,-0.058264387348601065,0.11164641380310059
QQQ,1d,14,0.25,0.25,9,21,0.3805096123820331,0.8523212333214842,0.3904051206019251,0.06386993744274846,6.112502003808525,0.45714285714285713,0.8234768768071229,-0.058264387348601065,0.11339545249938965
QQQ,1d,14,0.25,0.25,10,30,0.3095530002066894,0.4059899237108131,0.41859406246327896,0.08072229683937224,5.1856064415044,0.2857142857142857,0.5483963819165523,-0.04765797015775752,0.09937572479248047
QQQ,1d,14,0.25,0.25,12,26,0.32853044434822976,0.5524485092763742,0.42435834275457207,0.07829882483229707,5.419728120613258,0.2571428571428571,0.4447372262402091,-0.058264387348601065,0.10183477401733398
QQQ,1d,14,0.25,0.25,20,50,0.3048526811365761,0.4484547498926337,0.39933577809489174,0.09290957298560243,4.298112296316055,0.11428571428571428,0.1504683194993292,-0.0004999999999999449,0.10205316543579102
QQQ,1d,14,0.25,0.5,8,21,0.48607495173913623,0.3055522430975883,0.5054214965224832,0.06270976673299607,8.05969345531858,0.45714285714285713,0.808291022326408,-0.058264387348601065,0.1031501293182373
QQQ,1d,14,0.25,0.5,9,21,0.5048776530952158,0.4969958064566078,0.5034054668476172,0.05420860448102785,9.2864494791376,0.45714285714285713,0.8284442848808558,-0.058264387348601065,0.11877036094665527
QQQ,1d,14,0.25,0.5,10,30,0.42067018660451394,0.06534215874341687,0.4873817685717198,0.06172833372388975,7.895592496498833,0.2857142857142857,0.5529371266448587,-0.04765797015775752,0.11103177070617676
QQQ,1d,14,0.25,0.5,12,26,0.42748626775675796,0.20826383066926324,0.4962638098535974,0.05953433805497644,8.335757582377537,0.2571428571428571,0.4493111913211978,-0.058264387348601065,0.1148216724395752
QQQ,1d,14,0.25,0.5,20,50,0.3914282868281903,0.10629375030130239,0.4201663887400028,0.06798327567567168,6.180437535026904,0.11428571428571428,0.15049288527235918,-0.0004999999999999449,0.09708070755004883
QQQ,1d,14,0.25,0.75,8,21,0.6157846477222426,0.02352596982962285,0.6205150689680845,0.06050968791532938,10.254805310454834,0.45714285714285713,0.8124723491887007,-0.058264387348601065,0.10727524757385254
QQQ,1d,14,0.25,0.75,9,21,0.6355071683297507,0.20040925437383872,0.6239873409867334,0.06064485113153414,10.28920558537363,0.45714285714285713,0.8329173507619112,-0.058264387348601065,0.09886956214904785
QQQ,1d,14,0.25,0.75,10,30,0.5364278043801167,-0.20074741004942964,0.5801992873596271,0.06935061079162966,8.366174150980294,0.2857142857142857,0.5572845924615926,-0.04765797015775752,0.10788083076477051
QQQ,1d,14,0.25,0.75,12,26,0.5367555709013133,-0.06724558414806148,0.5926303400549875,0.05968849450680803,9.928719847128871,0.2571428571428571,0.4536512981553041,-0.058264387348601065,0.11563444137573242
QQQ,1d,14,0.25,0.75,20,50,0.4899310142304157,-0.16409191539412715,0.4811566072792181,0.06467889370423971,7.439159511283945,0.11428571428571428,0.1505098039351683,-0.0004999999999999449,0.10333251953125
QQQ,1d,14,0.25,1.0,8,21,0.7262057456906551,-0.20382514896079273,0.7205658752741745,0.060811159425649276,11.849237575467935,0.45714285714285713,0.8159297550903417,-0.058264387348601065,0.11585736274719238
QQQ,1d,14,0.25,1.0,9,21,0.7472835167558549,-0.04521381319974016,0.7276224113038265,0.06748882352201556,10.781376431409692,0.45714285714285713,0.836585772219097,-0.058264387348601065,0.11539149284362793
QQQ,1d,14,0.25,1.0,10,30,0.6357582195407403,-0.4065875602018175,0.6636744322659944,0.07926547016495016,8.372806354203144,0.2857142857142857,0.5609170165879139,-0.04765797015775752,0.11298990249633789
QQQ,1d,14,0.25,1.0,12,26,0.6316700278906251,-0.2861589807782927,0.6790532672783935,0.06336891051140502,10.715874106059925,0.2571428571428571,0.45725668416148224,-0.058264387348601065,0.11095094680786133
QQQ,1d,14,0.25,1.0,20,50,0.5762853573939423,-0.37578473174986526,0.5413501517322599,0.06662813317580697,8.124948515424217,0.11428571428571428,0.15052215103543154,-0.0004999999999999449,0.10578227043151855
QQQ,1d,14,0.4,0.0,8,21,0.5412522333905797,1.080638691597688,0.6423013784221829,0.2879938974843975,2.2302603771560143,0.22857142857142856,0.35817441633709435,-0.058264387348601065,0.11338138580322266
QQQ,1d,14,0.4,0.0,9,21,0.5987375359412446,1.1827340413507015,0.6519369808000319,0.3283605026272803,1.9854305727508312,0.22857142857142856,0.3792630460350878,-0.058264387348601065,0.11432337760925293
QQQ,1d,14,0.4,0.0,10,30,0.3814643623455522,0.6106528368627182,0.6729998573721631,0.286406511247928,2.3498064148045166,0.11428571428571428,0.22597331510479815,-0.04765797015775752,0.10969877243041992
QQQ,1d,14,0.4,0.0,12,26,0.5012668734229986,1.0260176117417528,0.7081425940084625,0.22809880368447794,3.1045432179820387,0.11428571428571428,0.1786304204079907,-0.058264387348601065,0.1112058162689209
QQQ,1d,14,0.4,0.0,20,50,0.4574688099047077,0.8569734473202808,0.5711057545039243,0.22776922425907684,2.5073877138656724,0.02857142857142857,-0.020828104834996575,-0.0004999999999999449,0.10684895515441895
QQQ,1d,14,0.4,0.25,8,21,0.3666515612369486,0.6579040439073096,0.4213126757671392,0.09611937014159876,4.3832234350524795,0.45714285714285713,0.8037635372968487,-0.058264387348601065,0.10585141181945801
QQQ,1d,14,0.4,0.25,9,21,0.38130829102211716,0.7606513144090079,0.4230853111984601,0.08557842719773028,4.943831349236122,0.45714285714285713,0.8234768768071229,-0.058264387348601065,0.10892963409423828
QQQ,1d,14,0.4,0.25,10,30,0.2925014566474881,0.1908499624762714,0.4343426923000727,0.09782290383321351,4.44009199563959,0.2857142857142857,0.5483963819165523,-0.04765797015775752,0.10300207138061523
QQQ,1d,14,0.4,0.25,12,26,0.34124881997515405,0.6008730005595992,0.43171589674687993,0.08707270402894604,4.958108302268439,0.2571428571428571,0.4447372262402091,-0.058264387348601065,0.10147523880004883
QQQ,1d,14,0.4,0.25,20,50,0.30451529136277233,0.42425759234363847,0.3740627361550616,0.08612390192350035,4.343309206860172,0.11428571428571428,0.1504683194993292,-0.0004999999999999449,0.10535502433776855
QQQ,1d,14,0.4,0.5,8,21,0.5078307584275678,0.31159668926336503,0.5393779932689788,0.06897427535869159,7.819987821024794,0.45714285714285713,0.808291022326408,-0.058264387348601065,0.11078405380249023
QQQ,1d,14,0.4,0.5,9,21,0.5278324296373514,0.410036245081544,0.5376663813056426,0.05870725179764773,9.158432133033108,0.45714285714285713,0.8284442848808558,-0.058264387348601065,0.10192465782165527
QQQ,1d,14,0.4,0.5,10,30,0.4358796310671495,-0.1282892794899404,0.5062746302196546,0.06761219295879133,7.4879190877335065,0.2857142857142857,0.5529371266448587,-0.04765797015775752,0.11806464195251465
QQQ,1d,14,0.4,0.5,12,26,0.45002459855048127,0.2562144571291811,0.5095672385440426,0.06340771778812786,8.036359867843272,0.2571428571428571,0.4493111913211978,-0.058264387348601065,0.11158108711242676
QQQ,1d,14,0.4,0.5,20,50,0.39828607751321127,0.08024234421254683,0.41491024204465987,0.05747575654152306,7.218873956794464,0.11428571428571428,0.15049288527235918,-0.0004999999999999449,0.11037325859069824
QQQ,1d,14,0.4,0.75,8,21,0.6474617759610316,0.030039651266621448,0.6644953177303212,0.05975719587532666,11.119921341635223,0.45714285714285713,0.8124723491887007,-0.058264387348601065,0.12090706825256348
QQQ,1d,14,0.4,0.75,9,21,0.6728890094089376,0.1208811417736595,0.6612482156321413,0.05747316551696132,11.505338355462525,0.45714285714285713,0.8329173507619112,-0.058264387348601065,0.1154472827911377
QQQ,1d,14,0.4,0.75,10,30,0.570368950596487,-0.3685072079208517,0.6029123387069805,0.06856152945112275,8.7937410896995,0.2857142857142857,0.5572845924615926,-0.04765797015775752,0.10639524459838867
QQQ,1d,14,0.4,0.75,12,26,0.5664069802472251,-0.021450689516768873,0.6107349715908574,0.060051146752303664,10.170246608445135,0.2571428571428571,0.4536512981553041,-0.058264387348601065,0.1076352596282959
QQQ,1d,14,0.4,0.75,20,50,0.5015269861607589,-0.1904844770798403,0.4872960843044229,0.0578625177542097,8.421619093285488,0.11428571428571428,0.1505098039351683,-0.0004999999999999449,0.10940790176391602
QQQ,1d,14,0.4,1.0,8,21,0.7654992149827795,-0.1971309355332841,0.7716280010647988,0.05516772928155026,13.986945105657163,0.45714285714285713,0.8159297550903417,-0.058264387348601065,0.11354374885559082
QQQ,1d,14,0.4,1.0,9,21,0.7953430229775141,-0.11583650763018438,0.7674960916147042,0.06094948937463888,12.592330132532002,0.45714285714285713,0.836585772219097,-0.058264387348601065,0.11102843284606934
QQQ,1d,14,0.4,1.0,10,30,0.6829959604063399,-0.5474916364573466,0.6895450037382578,0.0750855399662132,9.18345934581462,0.2857142857142857,0.5609170165879139,-0.04765797015775752,0.1060633659362793
QQQ,1d,14,0.4,1.0,12,26,0.6667140711091177,-0.24367477224867906,0.7008296532401943,0.06142627594799351,11.409281165499126,0.2571428571428571,0.45725668416148224,-0.058264387348601065,0.10247111320495605
QQQ,1d,14,0.4,1.0,20,50,0.5913644638844326,-0.4012586157472704,0.5552529835324244,0.06362547907525903,8.726896702430272,0.11428571428571428,0.15052215103543154,-0.0004999999999999449,0.10422778129577637
QQQ,1d,14,0.55,0.0,8,21,0.575597238858686,1.193231527174552,0.6378959123532746,0.3077376208274091,2.072856450368903,0.2571428571428571,0.36935644789734623,-0.028592361856837223,0.11110520362854004
QQQ,1d,14,0.55,0.0,9,21,0.5056555150578668,0.8781521643444299,0.6298224675803767,0.3260681519814797,1.9315669554141244,0.2571428571428571,0.39864180865402427,-0.028592361856837223,0.109375
QQQ,1d,14,0.55,0.0,10,30,0.4480533453497172,0.7573040720651796,0.675997465940609,0.31216130625392685,2.165538945402543,0.11428571428571428,0.1863427815029731,-0.055463585417115935,0.10241818428039551
QQQ,1d,14,0.55,0.0,12,26,0.3727942840789947,0.6246462398894486,0.736392447740018,0.26639018138991094,2.764337799155489,0.14285714285714285,0.12099916500983632,-0.051332818854006645,0.10295248031616211
QQQ,1d,14,0.55,0.0,20,50,0.5276920750734629,0.9695289943237029,0.5604167284453173,0.2259813345276738,2.4799248558145335,0.02857142857142857,-0.020828104834996575,-0.0004999999999999449,0.10392999649047852
QQQ,1d,14,0.55,0.25,8,21,0.38855160561386193,0.7734005376827022,0.44199852714897625,0.1018052941556075,4.341606503031067,0.6857142857142857,1.2623807251751529,-0.004738612397839459,0.1058802604675293
QQQ,1d,14,0.55,0.25,9,21,0.366953866051282,0.46112259620382323,0.4265767389026349,0.09319200302622999,4.577396397227022,0.6571428571428571,1.2229597852429512,-0.004738612397839459,0.10216617584228516
QQQ,1d,14,0.55,0.25,10,30,0.32198211513853486,0.3459876125516146,0.43237032890955956,0.11221295564851869,3.853123076660242,0.42857142857142855,0.8781639548741845,-0.0012586348988209428,0.10580325126647949
QQQ,1d,14,0.55,0.25,12,26,0.3048658641164795,0.210202558553364,0.44245747229551774,0.09612874953415539,4.602759054285927,0.4857142857142857,0.9139406709147124,-0.0004999999999999449,0.10062742233276367
QQQ,1d,14,0.55,0.25,20,50,0.32131636213038867,0.5394108877034978,0.36865237914492466,0.10106795680700871,3.647569326536142,0.11428571428571428,0.1504683194993292,-0.0004999999999999449,0.10065889358520508
QQQ,1d,14,0.55,0.5,8,21,0.5430634923556634,0.4245446284349619,0.578007660582825,0.06808129497930566,8.48996278285422,0.6857142857142857,1.26932577551493,-0.004738612397839459,0.10536026954650879
QQQ,1d,14,0.55,0.5,9,21,0.5501506944504718,0.12915095960416112,0.5621195066394844,0.06625526804702761,8.48414810186105,0.6571428571428571,1.2303538975406607,-0.004738612397839459,0.10334420204162598
QQQ,1d,14,0.55,0.5,10,30,0.46838847780910114,0.02602568969282837,0.5134224034143985,0.07349198020484798,6.9861010954298655,0.42857142857142855,0.8881234773910394,-0.0012586348988209428,0.10121607780456543
QQQ,1d,14,0.55,0.5,12,26,0.4565663141765449,-0.10621458285771979,0.5234810930701161,0.061710813132415374,8.482809843177106,0.4857142857142857,0.9280507018730185,-0.0004999999999999449,0.10092282295227051
QQQ,1d,14,0.55,0.5,20,50,0.4149984707306991,0.1925358177663017,0.4222817267063562,0.06918257360846802,6.103874208210556,0.11428571428571428,0.15049288527235918,-0.0004999999999999449,0.09721875190734863
QQQ,1d,14,0.55,0.75,8,21,0.6937411454227816,0.13667580717085626,0.7155711326925867,0.058948853157674105,12.138847396718724,0.6857142857142857,1.27391689314664,-0.004738612397839459,0.1239621639251709
QQQ,1d,14,0.55,0.75,9,21,0.7171581723385393,-0.13341531876048218,0.6997989187686233,0.06540574421088668,10.699349532852542,0.6571428571428571,1.235402652044184,-0.004738612397839459,0.10779380798339844
QQQ,1d,14,0.55,0.75,10,30,0.6072975121926705,-0.22174288752916282,0.6166654525439135,0.06782294297427634,9.092283901301663,0.42857142857142855,0.8943577196635248,-0.007779118287382425,0.10719013214111328
QQQ,1d,14,0.55,0.75,12,26,0.597271765771925,-0.34586250616034075,0.6282534189957396,0.05334991090691952,11.776091249559233,0.4857142857142857,0.9357484134881614,-0.0004999999999999449,0.10370326042175293
QQQ,1d,14,0.55,0.75,20,50,0.5208902982761904,-0.08480801729106391,0.5026690936295531,0.06196855215087819,8.11168046020629,0.11428571428571428,0.1505098039351683,-0.0004999999999999449,0.10746908187866211
QQQ,1d,14,0.55,1.0,8,21,0.8205367690039758,-0.09920722330886811,0.8320857368963877,0.057192368041501636,14.548894640847617,0.6857142857142857,1.2774063737067771,-0.004738612397839459,0.1173558235168457
QQQ,1d,14,0.55,1.0,9,21,0.8554800496095722,-0.33971352817606937,0.8166203988965691,0.06945771254633161,11.757087427142729,0.6571428571428571,1.239266353540586,-0.004738612397839459,0.11439275741577148
QQQ,1d,14,0.55,1.0,10,30,0.7237081342293843,-0.41270617983347246,0.7083287244604919,0.0707297349670537,10.014581912266959,0.42857142857142855,0.8990084835713493,-0.016263845706187108,0.11786437034606934
QQQ,1d,14,0.55,1.0,12,26,0.7147086134725844,-0.5258433905399243,0.7214202402224175,0.05291863828193172,13.632630461482144,0.4857142857142857,0.9411871179968693,-0.0004999999999999449,0.11089634895324707
QQQ,1d,14,0.55,1.0,20,50,0.6132116011893165,-0.3045879430220515,0.5763389203121682,0.06124630983585788,9.410181966175193,0.11428571428571428,0.15052215103543154,-0.0004999999999999449,0.10679244995117188
QQQ,1d,14,0.7,0.0,8,21,0.7062968110379653,1.4069788707808972,0.662104172130946,0.20806879830553635,3.182140606967347,0.22857142857142856,0.22328806908231644,-0.03771966524232073,0.1098940372467041
QQQ,1d,14,0.7,0.0,9,21,0.4425439014557272,0.6972135957236445,0.67199367766254,0.3189459768832908,2.1069200628557763,0.22857142857142856,0.25569551742862884,-0.03771966524232073,0.11198043823242188
QQQ,1d,14,0.7,0.0,10,30,0.5635074688056123,1.02824825777232,0.6919567523704726,0.30222065761010003,2.2895746367648293,0.11428571428571428,0.1863427815029731,-0.055463585417115935,0.12269425392150879
QQQ,1d,14,0.7,0.0,12,26,0.4742985715111695,0.8828686832721433,0.7215252722094774,0.2759188153681669,2.6149911931403595,0.14285714285714285,0.12099916500983632,-0.051332818854006645,0.11108970642089844
QQQ,1d,14,0.7,0.0,20,50,0.47540105142556205,0.8076199101116803,0.5152334678573721,0.22567435074936146,2.2830838602017334,0.02857142857142857,-0.020828104834996575,-0.0004999999999999449,0.10598611831665039
QQQ,1d,14,0.7,0.25,8,21,0.42332643997604336,0.993646872052323,0.44227218609502505,0.07800840082809907,5.669545605346086,0.6857142857142857,1.2127272587248183,-0.048313588907183735,0.1205141544342041
QQQ,1d,14,0.7,0.25,9,21,0.3617043599103688,0.2864337578680767,0.43666207451733463,0.0806926862049843,5.4114207253936035,0.6571428571428571,1.1856792561122356,-0.048313588907183735,0.11602020263671875
QQQ,1d,14,0.7,0.25,10,30,0.369163507119165,0.6086217005227257,0.4355113370898381,0.10520276071478452,4.139732970226457,0.42857142857142855,0.8781639548741845,-0.0012586348988209428,0.11407828330993652
QQQ,1d,14,0.7,0.25,12,26,0.35413385803854036,0.45673359459144036,0.43189751330299153,0.10382415242240178,4.159894429437235,0.4857142857142857,0.9139406709147124,-0.0004999999999999449,0.11173343658447266
QQQ,1d,14,0.7,0.25,20,50,0.3124251997002848,0.38733675250862,0.3398429257926079,0.08456273103062908,4.018826280214565,0.11428571428571428,0.1504683194993292,-0.0004999999999999449,0.09834432601928711
QQQ,1d,14,0.7,0.5,8,21,0.5995433245875904,0.6411338887007001,0.5925863842637517,0.06333800046552093,9.355937666304063,0.7142857142857143,1.2447369644908013,-0.058907512572046516,0.11398839950561523
QQQ,1d,14,0.7,0.5,9,21,0.5706862300244342,-0.031652987058459536,0.584059071702649,0.05898775026779628,9.90136204637575,0.6857142857142857,1.2188330474568707,-0.058907512572046516,0.11286616325378418
QQQ,1d,14,0.7,0.5,10,30,0.5265616799617563,0.269408582968923,0.5425947848264706,0.07217411565658904,7.517858443990995,0.42857142857142855,0.8881234773910394,-0.0012586348988209428,0.10949063301086426
QQQ,1d,14,0.7,0.5,12,26,0.5165013955875182,0.11837502656037824,0.5367461287467297,0.06310133437658226,8.50609791456206,0.4857142857142857,0.9280507018730185,-0.0004999999999999449,0.10682177543640137
QQQ,1d,14,0.7,0.5,20,50,0.4366156840830414,0.0565144926758443,0.42690876815708567,0.06234228375568341,6.8478204909868525,0.11428571428571428,0.15049288527235918,-0.0004999999999999449,0.09902071952819824
QQQ,1d,14,0.7,0.75,8,21,0.7680649804829344,0.3425173097545542,0.7417367555261215,0.06250664132602983,11.866527136809026,0.7142857142857143,1.2672485772607602,-0.06950143623690974,0.11269688606262207
QQQ,1d,14,0.7,0.75,9,21,0.7537201568630181,-0.27630591898518886,0.731892820227398,0.061922238136054734,11.8195472621531,0.6857142857142857,1.242028406929861,-0.06950143623690974,0.1174478530883789
QQQ,1d,14,0.7,0.75,10,30,0.6768761554614575,-0.003406866968580169,0.6631160530760842,0.06561693578634756,10.105867412572076,0.42857142857142855,0.8943577196635248,-0.007779118287382425,0.1076958179473877
QQQ,1d,14,0.7,0.75,12,26,0.6684412488997843,-0.14820576023241328,0.6569217487988325,0.05076146500241506,12.94134731469193,0.4857142857142857,0.9357484134881614,-0.0004999999999999449,0.11718988418579102
QQQ,1d,14,0.7,0.75,20,50,0.5611096525866923,-0.2020706421872095,0.5277315496269959,0.05929050145730004,8.90077730253401,0.11428571428571428,0.1505098039351683,-0.0004999999999999449,0.11447501182556152
QQQ,1d,14,0.7,1.0,8,21,0.9089652580986124,0.09126237122826875,0.8674930722788019,0.06443551895195854,13.462964004768587,0.7142857142857143,1.2846600320910422,-0.08009535990177263,0.11886787414550781
QQQ,1d,14,0.7,1.0,9,21,0.9038253616396171,-0.46317646518788813,0.8568916496061425,0.0682668619188461,12.552087872807064,0.6857142857142857,1.2599197321579838,-0.08009535990177263,0.11812829971313477
QQQ,1d,14,0.7,1.0,10,30,0.8027898432450591,-0.22168992527937836,0.7675104253058342,0.06571790672829696,11.678862938818439,0.42857142857142855,0.8990084835713493,-0.016263845706187108,0.11031985282897949
QQQ,1d,14,0.7,1.0,12,26,0.7952625922328322,-0.35657599386888517,0.7613532688571693,0.04819586577241249,15.797065923711882,0.4857142857142857,0.9411871179968693,-0.0004999999999999449,0.10417413711547852
QQQ,1d,14,0.7,1.0,20,50,0.6668238321492176,-0.4026955423034262,0.6159948385304785,0.06023373228942836,10.22674197857389,0.11428571428571428,0.15052215103543154,-0.0004999999999999449,0.10104107856750488
QQQ,1d,14,0.85,0.0,8,21,0.7790682335019391,1.6546074191733036,0.6427708351279775,0.23508137649543004,2.7342482195329194,0.2571428571428571,0.0012547411526646797,-0.058841290975737315,0.10706329345703125
QQQ,1d,14,0.85,0.0,9,21,0.6278028445340889,1.1602127628635857,0.8230278092491176,0.3103672899411024,2.6517865636075935,0.2571428571428571,0.09200187542577713,-0.058841290975737315,0.11129450798034668
QQQ,1d,14,0.85,0.0,10,30,0.7142401641347611,1.4357913325354326,0.7423427848733539,0.26011327897472203,2.8539211369731543,0.14285714285714285,0.02307135498768711,-0.0392457401829065,0.1068563461303711
QQQ,1d,14,0.85,0.0,12,26,0.6635044521264617,1.2509050721036372,0.7560751205826739,0.24029903022148705,3.1463927252881074,0.17142857142857143,0.037733721829730026,-0.06417444980533327,0.1061716079711914
QQQ,1d,14,0.85,0.0,20,50,0.5022781219958806,0.891776314112072,0.5672234644477889,0.20952870513968092,2.707139644993526,0.02857142857142857,-0.06680484148144328,-0.01554956402079366,0.10115218162536621
QQQ,1d,14,0.85,0.25,8,21,0.4548674012259612,1.2299364499445788,0.443784847225477,0.06599856951982364,6.724158575773067,0.7142857142857143,1.0387276384858617,-0.0440554869360017,0.11426973342895508
QQQ,1d,14,0.85,0.25,9,21,0.42236123875439124,0.7260134152836,0.479536397554014,0.07205515420132941,6.655129710973079,0.6857142857142857,1.0206705480391,-0.0440554869360017,0.10483050346374512
QQQ,1d,14,0.85,0.25,10,30,0.41714568305325334,1.0238366795715566,0.4487105883092705,0.08451902175936006,5.308989372674301,0.4857142857142857,0.8887834414039952,-0.02619252818869866,0.11067724227905273
QQQ,1d,14,0.85,0.25,12,26,0.39790789299370877,0.8298883598625646,0.44022862987715544,0.07980719870598116,5.516151888741366,0.5142857142857142,0.8716243546222929,-0.014892055694610717,0.11052584648132324
QQQ,1d,14,0.85,0.25,20,50,0.3307723382794922,0.4733060770503106,0.3787278119920793,0.07060483439281366,5.364049292786489,0.2,0.27633701150076045,-0.01554956402079366,0.10246133804321289
QQQ,1d,14,0.85,0.5,8,21,0.6468963562044825,0.8616086005968024,0.6290112734963402,0.05341553149629234,11.775812312941245,0.7142857142857143,1.1323427384720897,-0.05469681067584109,0.11747884750366211
QQQ,1d,14,0.85,0.5,9,21,0.635459666690595,0.3711938652848492,0.6359036987927794,0.04874533761416709,13.045426084154634,0.6857142857142857,1.1050416413716695,-0.05469681067584109,0.11300015449523926
QQQ,1d,14,0.85,0.5,10,30,0.5772589397538922,0.6738767555327048,0.5732530645093729,0.05748837570575322,9.971634395160061,0.4857142857142857,0.9188189746760814,-0.03437977558640826,0.11883115768432617
QQQ,1d,14,0.85,0.5,12,26,0.5600097211226747,0.4796112285231715,0.5654296309734942,0.05327603264674562,10.613208283031442,0.5142857142857142,0.9105842989773951,-0.02858975861172086,0.12299871444702148
QQQ,1d,14,0.85,0.5,20,50,0.46120984529727144,0.14044665762938346,0.47969788327530516,0.06150429502179538,7.7994208876845725,0.2,0.2763260896191553,-0.01554956402079366,0.12350177764892578
QQQ,1d,14,0.85,0.75,8,21,0.8286922646283771,0.5444983578423175,0.8021800077215534,0.0563504255591669,14.235562549199903,0.7142857142857143,1.1957885960905983,-0.0653381344156806,0.10824394226074219
QQQ,1d,14,0.85,0.75,9,21,0.8273801562336613,0.08302838363227516,0.794384965660614,0.05414347670749394,14.671849943294536,0.6857142857142857,1.1625352923682777,-0.0653381344156806,0.11339592933654785
QQQ,1d,14,0.85,0.75,10,30,0.7343699857725461,0.3780720178356065,0.7078915746613875,0.055632060223284006,12.724525603046237,0.4857142857142857,0.9373289825323878,-0.04256702298411763,0.12133455276489258
QQQ,1d,14,0.85,0.75,12,26,0.716624681702853,0.18990749826533726,0.7002251611371932,0.05013245041902162,13.967503189740526,0.5142857142857142,0.9347661631087624,-0.04228746152883078,0.10661435127258301
QQQ,1d,14,0.85,0.75,20,50,0.5914694494187278,-0.12279275519826649,0.5916322029074411,0.06862342795650837,8.621431783944125,0.2,0.27630928202452076,-0.01554956402079366,0.1119382381439209
QQQ,1d,14,0.85,1.0,8,21,0.9802414116133159,0.2734553680016081,0.9461847828775362,0.06119903883268735,15.460778484843855,0.7142857142857143,1.244062385322562,-0.0759794581555201,0.1179656982421875
QQQ,1d,14,0.85,1.0,9,21,0.9856330404544708,-0.14956371207662333,0.9284142307116792,0.06325807402417712,14.676612353971462,0.6857142857142857,1.2063295035398285,-0.0759794581555201,0.11601495742797852
QQQ,1d,14,0.85,1.0,10,30,0.8665247832476897,0.129287610464907,0.8234857586215902,0.05950074283304099,13.839923997794283,0.4857142857142857,0.9511330022294973,-0.05598516444594104,0.1117088794708252
QQQ,1d,14,0.85,1.0,12,26,0.8479579111575981,-0.048293546691767664,0.8157751693663873,0.052913638646795096,15.41710587721598,0.5142857142857142,0.9528759008559124,-0.05598516444594104,0.11531519889831543
QQQ,1d,14,0.85,1.0,20,50,0.7018399410561045,-0.32973199146596466,0.6884721869119883,0.07682587734193749,8.961462084549044,0.2,0.2762917684231273,-0.01554956402079366,0.10948824882507324
QQQ,1d,14,1.0,0.0,8,21,0.77168272117857,1.6130779437462879,0.831998849161517,0.20869174003068156,3.986735886332625,0.2571428571428571,-0.028691804674400377,-0.04856290216538528,0.11482810974121094
QQQ,1d,14,1.0,0.0,9,21,0.7394175936205722,1.4961852742039388,0.8493776148309949,0.25292836276698993,3.3581746449427796,0.2571428571428571,0.06282590313877003,-0.04856290216538528,0.11432385444641113
QQQ,1d,14,1.0,0.0,10,30,0.74354311308582,1.538353058054478,0.858123487553982,0.18902507706170568,4.539733568122576,0.14285714285714285,-0.018874253772644504,-0.0392457401829065,0.11255097389221191
QQQ,1d,14,1.0,0.0,12,26,0.7389566581766651,1.5144723131603697,0.8316594542121158,0.17945553331852526,4.634348347096987,0.17142857142857143,-0.026862394472106716,-0.06417444980533327,0.11889147758483887
QQQ,1d,14,1.0,0.0,20,50,0.5104945362709068,0.9287768024138612,0.6094223265238158,0.165902287634682,3.673381092042371,0.02857142857142857,-0.06680484148144328,-0.01554956402079366,0.10984992980957031
QQQ,1d,14,1.0,0.25,8,21,0.4613506569999844,1.192404520323144,0.49763180619905467,0.046182206516646084,10.775401258051334,0.7428571428571429,1.0981499456243375,-0.05346850853683105,0.10881495475769043
QQQ,1d,14,1.0,0.25,9,21,0.4509580508409354,1.0677868634353591,0.4964201686658341,0.05374312369129238,9.236905757792146,0.7142857142857143,1.079824945201232,-0.05149486705380024,0.10842490196228027
QQQ,1d,14,1.0,0.25,10,30,0.42816643802156973,1.1324752377611156,0.48293081858601195,0.05531786301309044,8.730106195022953,0.5142857142857142,0.8972267555022692,-0.035376391178609246,0.10028409957885742
QQQ,1d,14,1.0,0.25,12,26,0.42354666131159113,1.103245414644431,0.464523590440602,0.04776005348610463,9.726194937695182,0.5428571428571428,0.8758483795577501,-0.03322336581641783,0.10083794593811035
QQQ,1d,14,1.0,0.25,20,50,0.3424309333607631,0.5131454289744806,0.4014756453121418,0.06755184930237522,5.943222124313114,0.2,0.27633701150076045,-0.01554956402079366,0.10312485694885254
QQQ,1d,14,1.0,0.5,8,21,0.6685012337047809,0.8300342622920134,0.6837429846858568,0.03824560754398099,17.877686578767992,0.7428571428571429,1.2034242505997494,-0.07331328729940711,0.11364436149597168
QQQ,1d,14,1.0,0.5,9,21,0.6579309286643986,0.7033047377640815,0.6761487157399546,0.03852260226566663,17.552000020065464,0.7142857142857143,1.1760013073392044,-0.06940994445263149,0.11482453346252441
QQQ,1d,14,1.0,0.5,10,30,0.5895414392423511,0.783926344769708,0.6142725400090673,0.04019463446390631,15.282451207776683,0.5142857142857142,0.9363285251910964,-0.04164299201682953,0.10650777816772461
QQQ,1d,14,1.0,0.5,12,26,0.5814448299663912,0.7504570984636587,0.5944505637419605,0.040743440400478455,14.59009248848263,0.5428571428571428,0.9254732446038186,-0.03905953384145422,0.10820770263671875
QQQ,1d,14,1.0,0.5,20,50,0.4811116439046297,0.18128428039196187,0.5170793141027988,0.06903238565984134,7.490387434250339,0.2,0.2763260896191553,-0.01554956402079366,0.10643196105957031
QQQ,1d,14,1.0,0.75,8,21,0.8605901953409124,0.519730420561827,0.8633920481498517,0.04683931931120841,18.433061386168486,0.7428571428571429,1.277297680792981,-0.09294849948389139,0.10896754264831543
QQQ,1d,14,1.0,0.75,9,21,0.8487894436017658,0.3952179360898831,0.8511372591090571,0.04513090644717457,18.859299006221107,0.7142857142857143,1.2439871066597956,-0.08715939539265616,0.1122438907623291
QQQ,1d,14,1.0,0.75,10,30,0.7485619558920704,0.4860380813124878,0.7563345491858466,0.04104626006583121,18.42639373167774,0.5142857142857142,0.9610458486014751,-0.04790959285504914,0.10417842864990234
QQQ,1d,14,1.0,0.75,12,26,0.7378416182775556,0.44953463723291875,0.7348224322121526,0.04710176515603183,15.600740859242546,0.5428571428571428,0.9564521476740063,-0.0456132850283435,0.1026308536529541
QQQ,1d,14,1.0,0.75,20,50,0.617605581946826,-0.0824217596637058,0.6406994833244951,0.07762775144063828,8.253485015786348,0.2,0.27630928202452076,-0.01554956402079366,0.09842944145202637
QQQ,1d,14,1.0,1.0,8,21,1.0199370421906604,0.2555603608268928,1.0136034038225525,0.05540715668612884,18.293727100353223,0.7428571428571429,1.3340864460408692,-0.11237414509028287,0.11061334609985352
QQQ,1d,14,1.0,1.0,9,21,1.0069399573380566,0.1364648015168135,0.9977352714527526,0.05349146439278922,18.652233263355,0.7142857142857143,1.2963343159098446,-0.10474321987387392,0.10559916496276855
QQQ,1d,14,1.0,1.0,10,30,0.8823746889894517,0.2326480804465083,0.8780407999011708,0.04437499134133414,19.786838788254567,0.5142857142857142,0.9796013447474711,-0.05598516444594104,0.10722637176513672
QQQ,1d,14,1.0,1.0,12,26,0.8696169741444417,0.1943006192329837,0.8551031787767329,0.05359305144182164,15.95548594028084,0.5428571428571428,0.9796394107690051,-0.05598516444594104,0.119598388671875
QQQ,1d,14,1.0,1.0,20,50,0.7327985286658145,-0.2909429749426724,0.7467023492375372,0.08547364354023797,8.736053809219168,0.2,0.2762917684231273,-0.01554956402079366,0.10348010063171387
QQQ,1d,19,0.0,0.0,8,21,0.77034779443923,2.1103461248964717,0.7140609494130816,0.20797858033732478,3.4333388960292512,0.22857142857142856,0.5004654483903572,-0.004738612397839459,0.10779857635498047
QQQ,1d,19,0.0,0.0,9,21,0.5671450932917923,1.0800417034694263,0.6831672270836855,0.2608453252244702,2.6190510659747748,0.2,0.3590753070023565,-0.004738612397839459,0.10582160949707031
QQQ,1d,19,0.0,0.0,10,30,0.5493333891116403,1.2150414227738686,0.6188037325636662,0.19423229584766621,3.1858951667285322,0.11428571428571428,0.2588491211750288,-0.009031268993681008,0.10503315925598145
QQQ,1d,19,0.0,0.0,12,26,0.3804629845985334,0.6821495660254073,0.5712590610187279,0.22223428487315694,2.570526241460814,0.11428571428571428,0.27577004993228366,-0.0012586348988209428,0.10829019546508789
QQQ,1d,19,0.0,0.0,20,50,0.5795825143548698,1.3715854781698096,0.629507172808176,0.18176690185827407,3.463266229288601,0.0,-0.057142857142857134,-0.0004999999999999449,0.10124754905700684
QQQ,1d,19,0.0,0.25,8,21,0.4449036554029939,1.7288608758250752,0.44706387486359594,0.08864197601150882,5.0434782140410706,0.4,0.8521130642063374,-0.004738612397839459,0.11443853378295898
QQQ,1d,19,0.0,0.25,9,21,0.33451348485790683,0.653145469450922,0.42820892437715097,0.09112558335805641,4.699107633633525,0.37142857142857144,0.6934734334979867,-0.004738612397839459,0.10828614234924316
QQQ,1d,19,0.0,0.25,10,30,0.3430086599211847,0.7879382112274298,0.43802098231472575,0.09580374144293413,4.572065513491816,0.22857142857142856,0.4679349695024124,-0.009031268993681008,0.11793637275695801
QQQ,1d,19,0.0,0.25,12,26,0.27717006916453935,0.26909124586345845,0.4020662331745151,0.10402434998676771,3.8651165157548157,0.2,0.42812737911646576,-0.0012586348988209428,0.10636448860168457
QQQ,1d,19,0.0,0.25,20,50,0.3675204276834556,0.9825296623111621,0.4391326322895609,0.09898990007886611,4.436135726369055,0.02857142857142857,0.00013679700636710964,-0.0004999999999999449,0.09997749328613281
QQQ,1d,19,0.0,0.5,8,21,0.47481644149442837,1.3747427127083838,0.472802274676461,0.061002890488930366,7.750489704455171,0.4,0.8510137383960689,-0.004738612397839459,0.10698819160461426
QQQ,1d,19,0.0,0.5,9,21,0.4173729032077658,0.30146390749791263,0.4635611315705484,0.0607170876857652,7.634772174345047,0.37142857142857144,0.6977587735647293,-0.004738612397839459,0.1097707748413086
QQQ,1d,19,0.0,0.5,10,30,0.3839226491842122,0.43162618414081555,0.45751212227698773,0.07090579030736804,6.452394371372605,0.22857142857142856,0.47253046813970284,-0.009031268993681008,0.11016631126403809
QQQ,1d,19,0.0,0.5,12,26,0.3729576362831689,-0.05164480144941841,0.43088583257882834,0.074095825525061,5.815251122792232,0.2,0.4326880452743482,-0.0012586348988209428,0.11417603492736816
QQQ,1d,19,0.0,0.5,20,50,0.3949268639725207,0.6457744188739283,0.4239846989643585,0.07223395684688479,5.869603680483461,0.02857142857142857,0.00011402654654374876,-0.0004999999999999449,0.10552453994750977
QQQ,1d,19,0.0,0.75,8,21,0.5491386547041129,1.0504434838046999,0.539733199133156,0.06169764744368511,8.748035322186322,0.4,0.8501367579989184,-0.004738612397839459,0.11035537719726562
QQQ,1d,19,0.0,0.75,9,21,0.5170674517714388,0.014312408512749064,0.5358791231387261,0.058982344675272386,9.085415747526001,0.37142857142857144,0.7017364856696375,-0.004738612397839459,0.11559677124023438
QQQ,1d,19,0.0,0.75,10,30,0.4565413645925784,0.13635145156103468,0.515456728597177,0.0676796710873738,7.61612342843285,0.22857142857142856,0.47687912426430656,-0.009031268993681008,0.10951972007751465
QQQ,1d,19,0.0,0.75,12,26,0.47502292287556525,-0.2984842583497369,0.49394601115144365,0.06796268264403334,7.267900440872441,0.2,0.43700531232587064,-0.0012586348988209428,0.11308765411376953
QQQ,1d,19,0.0,0.75,20,50,0.45909252696369,0.35584520651027396,0.45760451904971494,0.06665171728145293,6.865607334877354,0.02857142857142857,9.775481427821856e-05,-0.0004999999999999449,0.1297745704650879
QQQ,1d,19,0.0,1.0,8,21,0.6209738567904527,0.7569719992363966,0.6052496493989051,0.06917845022166234,8.749106802184171,0.4,0.8494293427331391,-0.004738612397839459,0.1090240478515625
QQQ,1d,19,0.0,1.0,9,21,0.605019917834312,-0.21799169273205132,0.6049276991945842,0.0629220931631474,9.613915697720019,0.37142857142857144,0.7050258458659248,-0.004738612397839459,0.10379695892333984
QQQ,1d,19,0.0,1.0,10,30,0.5250147064679684,-0.10660637039924947,0.5731496187297749,0.0696910935802988,8.224144424845134,0.22857142857142856,0.48048556334317244,-0.009031268993681008,0.10110831260681152
QQQ,1d,19,0.0,1.0,12,26,0.5634524699360037,-0.4866664608465716,0.5550981069116266,0.06779072775089863,8.188407549648533,0.2,0.4405837953136657,-0.0012586348988209428,0.10294342041015625
QQQ,1d,19,0.0,1.0,20,50,0.5215353034939786,0.1076618880096043,0.4976134918651211,0.06770424267706521,7.349812540384379,0.02857142857142857,8.554712407335963e-05,-0.0004999999999999449,0.12132120132446289
QQQ,1d,19,0.1,0.0,8,21,0.6470407609195569,1.5862166030084568,0.7079898484507481,0.24632467802891633,2.874214041873776,0.22857142857142856,0.5004654483903572,-0.004738612397839459,0.11798095703125
QQQ,1d,19,0.1,0.0,9,21,0.5640449436817357,1.0618723244605306,0.6978222012587515,0.2932159156475579,2.379891963632444,0.2,0.3590753070023565,-0.004738612397839459,0.11895179748535156
QQQ,1d,19,0.1,0.0,10,30,0.5406552863099001,1.1982942144581132,0.615595001815243,0.2187493581475583,2.814156836976823,0.11428571428571428,0.2588491211750288,-0.009031268993681008,0.10864853858947754
QQQ,1d,19,0.1,0.0,12,26,0.38638242759664176,0.6965822119864524,0.6189347011513191,0.25327909019054257,2.4436865304818207,0.11428571428571428,0.27577004993228366,-0.0012586348988209428,0.11241555213928223
QQQ,1d,19,0.1,0.0,20,50,0.5506698277370081,1.2504342748837334,0.61794532116831,0.2052592746355104,3.0105598018195656,0.0,-0.057142857142857134,-0.0004999999999999449,0.10909414291381836
QQQ,1d,19,0.1,0.25,8,21,0.3970260990150172,1.1763135203928425,0.4334113387429852,0.10929225047729592,3.9656182103507964,0.4,0.8521130642063374,-0.004738612397839459,0.11577653884887695
QQQ,1d,19,0.1,0.25,9,21,0.33975103095219,0.6300832820710005,0.42808743558626156,0.12152070276689167,3.522753126333088,0.37142857142857144,0.6934734334979867,-0.004738612397839459,0.11766600608825684
QQQ,1d,19,0.1,0.25,10,30,0.3422525570108045,0.7677260335751381,0.4378306412799545,0.11389814995451027,3.8440540206739047,0.22857142857142856,0.4679349695024124,-0.009031268993681008,0.10961580276489258
QQQ,1d,19,0.1,0.25,12,26,0.2794093521897186,0.2839388718121336,0.4170869354037534,0.12830702552425524,3.250694447163433,0.2,0.42812737911646576,-0.0012586348988209428,0.10535764694213867
QQQ,1d,19,0.1,0.25,20,50,0.35005711077273094,0.8266092114746411,0.42833401222277,0.09707744732719277,4.412291670372214,0.02857142857142857,0.00013679700636710964,-0.0004999999999999449,0.1063547134399414
QQQ,1d,19,0.1,0.5,8,21,0.4657259448461492,0.8184104003796469,0.4704734777176996,0.07175194919755862,6.5569435113507355,0.4,0.8510137383960689,-0.004738612397839459,0.10215568542480469
QQQ,1d,19,0.1,0.5,9,21,0.4415574970390179,0.27516649865570164,0.47224406549267295,0.07572465436927292,6.236331739327122,0.37142857142857144,0.6977587735647293,-0.004738612397839459,0.10484576225280762
QQQ,1d,19,0.1,0.5,10,30,0.3912204376807658,0.40924945605316343,0.47038724109486924,0.08145033385339831,5.775141964936753,0.22857142857142856,0.47253046813970284,-0.009031268993681008,0.10214519500732422
QQQ,1d,19,0.1,0.5,12,26,0.3744516626609053,-0.037134427926320934,0.44946893369119156,0.08893484451418324,5.053912627232521,0.2,0.4326880452743482,-0.0012586348988209428,0.09977889060974121
QQQ,1d,19,0.1,0.5,20,50,0.39849643959133185,0.4715366410807422,0.4208988260062855,0.07238901688603326,5.814401743691779,0.02857142857142857,0.00011402654654374876,-0.0004999999999999449,0.09559130668640137
QQQ,1d,19,0.1,0.75,8,21,0.5610041661364115,0.5087250539900066,0.5456212310980559,0.06509480016644062,8.381948015862394,0.4,0.8501367579989184,-0.004738612397839459,0.10946917533874512
QQQ,1d,19,0.1,0.75,9,21,0.5537800613030186,-0.01352551637942001,0.551749397176829,0.06361659263110923,8.673042273361515,0.37142857142857144,0.7017364856696375,-0.004738612397839459,0.10468912124633789
QQQ,1d,19,0.1,0.75,10,30,0.4693039578812795,0.11309292613292543,0.5378028366809455,0.07570759244315305,7.103684311250134,0.22857142857142856,0.47687912426430656,-0.009031268993681008,0.10619330406188965
QQQ,1d,19,0.1,0.75,12,26,0.47626532508338815,-0.2848461699174011,0.5174303964856807,0.07551627854441095,6.851905396548124,0.2,0.43700531232587064,-0.0012586348988209428,0.10581064224243164
QQQ,1d,19,0.1,0.75,20,50,0.47570587489226646,0.17585480687340138,0.4609254000580732,0.06858871266720905,6.720134875463741,0.02857142857142857,9.775481427821856e-05,-0.0004999999999999449,0.10132241249084473
QQQ,1d,19,0.1,1.0,8,21,0.6470892762251423,0.24303990784668006,0.6172396637370317,0.0677461308256929,9.111068871595865,0.4,0.8494293427331391,-0.004738612397839459,0.10811495780944824
QQQ,1d,19,0.1,1.0,9,21,0.6510217450322433,-0.2458512604051647,0.6263782101516491,0.062009860491603085,10.10126784975542,0.37142857142857144,0.7050258458659248,-0.004738612397839459,0.1140897274017334
QQQ,1d,19,0.1,1.0,10,30,0.5418149735036174,-0.12961334714952955,0.602397951894679,0.07693910894437209,7.829541570727315,0.22857142857142856,0.48048556334317244,-0.009031268993681008,0.11176037788391113
QQQ,1d,19,0.1,1.0,12,26,0.5645596540092112,-0.4742506242158254,0.5825540158075379,0.0700105211101532,8.320949574007008,0.2,0.4405837953136657,-0.0012586348988209428,0.10868358612060547
QQQ,1d,19,0.1,1.0,20,50,0.5474668534120739,-0.06877916457656685,0.5056032461361304,0.06905132976507673,7.32213626958772,0.02857142857142857,8.554712407335963e-05,-0.0004999999999999449,0.10287117958068848
QQQ,1d,19,0.25,0.0,8,21,0.6588678535213349,1.5975578275949154,0.6198085024916534,0.22937172636767694,2.7022009744048248,0.22857142857142856,0.5004654483903572,-0.004738612397839459,0.1095585823059082
QQQ,1d,19,0.25,0.0,9,21,0.5363283444058187,1.0279782846930878,0.6203506416646127,0.2603233891685221,2.3830000202671937,0.2,0.3590753070023565,-0.004738612397839459,0.10800385475158691
QQQ,1d,19,0.25,0.0,10,30,0.45244378511567673,0.8703761747198875,0.6197305031901111,0.22316428318759535,2.7770147370274127,0.11428571428571428,0.2588491211750288,-0.009031268993681008,0.10539054870605469
QQQ,1d,19,0.25,0.0,12,26,0.4619939522140076,0.9238075493800728,0.6249016846099977,0.24608874142711587,2.53933471716777,0.11428571428571428,0.27577004993228366,-0.0012586348988209428,0.10590791702270508
QQQ,1d,19,0.25,0.0,20,50,0.4364295035142755,0.8146127163759183,0.5708945540813781,0.1909037407421266,2.9904838525534414,0.0,-0.057142857142857134,-0.0004999999999999449,0.10112166404724121
QQQ,1d,19,0.25,0.25,8,21,0.403973763669638,1.199147550456368,0.3932426591650392,0.07908513309910978,4.972396754674814,0.4,0.8521130642063374,-0.004738612397839459,0.11211085319519043
QQQ,1d,19,0.25,0.25,9,21,0.3528542885793818,0.6137797757595767,0.39791934227128295,0.09414948432741072,4.2264633217479295,0.37142857142857144,0.6934734334979867,-0.004738612397839459,0.10935115814208984
QQQ,1d,19,0.25,0.25,10,30,0.3065760738189189,0.4419828572203177,0.43646498320473476,0.10442923275969689,4.179528774371909,0.22857142857142856,0.4679349695024124,-0.009031268993681008,0.12865424156188965
QQQ,1d,19,0.25,0.25,12,26,0.3218143602390282,0.4965839518782318,0.41741670493168403,0.12406924411990604,3.364385008489888,0.2,0.42812737911646576,-0.0012586348988209428,0.12165474891662598
QQQ,1d,19,0.25,0.25,20,50,0.2915858278371085,0.3917627605910632,0.38178929766717296,0.09429945005053428,4.048690607024487,0.02857142857142857,0.00013679700636710964,-0.0004999999999999449,0.11340904235839844
QQQ,1d,19,0.25,0.5,8,21,0.49043785051571487,0.8513266445584715,0.4796522623229724,0.059843479280794025,8.015113226829218,0.4,0.8510137383960689,-0.004738612397839459,0.11649560928344727
QQQ,1d,19,0.25,0.5,9,21,0.48281908989664307,0.2764648274392949,0.485489887750367,0.07032135829362632,6.903875288119543,0.37142857142857144,0.6977587735647293,-0.004738612397839459,0.11700606346130371
QQQ,1d,19,0.25,0.5,10,30,0.39882116613704877,0.10131303557100768,0.48457582660877757,0.0709576484984177,6.8290851918462785,0.22857142857142856,0.47253046813970284,-0.009031268993681008,0.12068843841552734
QQQ,1d,19,0.25,0.5,12,26,0.4233436816561612,0.1549930112405178,0.46512977864491634,0.08470988682590357,5.490855861971045,0.2,0.4326880452743482,-0.0012586348988209428,0.10981297492980957
QQQ,1d,19,0.25,0.5,20,50,0.3738092968963081,0.05807635958233104,0.40048861085052734,0.07514653684779996,5.329435362559257,0.02857142857142857,0.00011402654654374876,-0.0004999999999999449,0.10856795310974121
QQQ,1d,19,0.25,0.75,8,21,0.5981431199014144,0.5495510278252951,0.5843255994533886,0.06260542445936616,9.333465981572301,0.4,0.8501367579989184,-0.004738612397839459,0.10666465759277344
QQQ,1d,19,0.25,0.75,9,21,0.6140438860830764,0.003319348095838892,0.5905874649024989,0.066420114519946,8.891695974494972,0.37142857142857144,0.7017364856696375,-0.004738612397839459,0.10541653633117676
QQQ,1d,19,0.25,0.75,10,30,0.5018819674587169,-0.16728052522502856,0.5629351935749127,0.06791670783155793,8.28861132331478,0.22857142857142856,0.47687912426430656,-0.009031268993681008,0.10276079177856445
QQQ,1d,19,0.25,0.75,12,26,0.5332226535072639,-0.11606316850195564,0.5438841772894005,0.07338143697146873,7.411740621826019,0.2,0.43700531232587064,-0.0012586348988209428,0.1050577163696289
QQQ,1d,19,0.25,0.75,20,50,0.4692219128281657,-0.20328714352286625,0.457626752851722,0.0741434966955137,6.172176566355714,0.02857142857142857,9.775481427821856e-05,-0.0004999999999999449,0.09929418563842773
QQQ,1d,19,0.25,1.0,8,21,0.6934926416304081,0.28934286210458793,0.6767119577115978,0.06830799609085321,9.90677514256948,0.4,0.8494293427331391,-0.004738612397839459,0.10801529884338379
QQQ,1d,19,0.25,1.0,9,21,0.7254575670142609,-0.21656366816470884,0.683146438156031,0.06657772386643226,10.26088605141495,0.37142857142857144,0.7050258458659248,-0.004738612397839459,0.1348557472229004
QQQ,1d,19,0.25,1.0,10,30,0.591794170963521,-0.37715335617222456,0.635586380452581,0.07219555439263534,8.803677536651994,0.22857142857142856,0.48048556334317244,-0.009031268993681008,0.10542035102844238
QQQ,1d,19,0.25,1.0,12,26,0.6283876709777599,-0.3294517798419797,0.6170217531319908,0.07034845852831037,8.770934943566424,0.2,0.4405837953136657,-0.0012586348988209428,0.10590410232543945
QQQ,1d,19,0.25,1.0,20,50,0.5532441495601891,-0.40635892246800775,0.5144728705994678,0.07641576527567448,6.732548823445998,0.02857142857142857,8.554712407335963e-05,-0.0004999999999999449,0.09684538841247559
QQQ,1d,19,0.4,0.0,8,21,0.6430930641124672,1.5030483055912907,0.6278873090910592,0.27900975382412047,2.250413472952852,0.22857142857142856,0.5004654483903572,-0.004738612397839459,0.10294365882873535
QQQ,1d,19,0.4,0.0,9,21,0.5357252353062324,0.9889735055184534,0.6707582251579517,0.3022460841013938,2.21924537799118,0.2,0.3590753070023565,-0.004738612397839459,0.10444378852844238
QQQ,1d,19,0.4,0.0,10,30,0.39447375805804,0.692596197505341,0.680963861393771,0.23046938189234883,2.9546825517666635,0.11428571428571428,0.2588491211750288,-0.009031268993681008,0.11610293388366699
QQQ,1d,19,0.4,0.0,12,26,0.505330605017763,1.0689234434728903,0.6786848869629953,0.28244855433909566,2.4028619602994863,0.11428571428571428,0.27577004993228366,-0.0012586348988209428,0.10022926330566406
QQQ,1d,19,0.4,0.0,20,50,0.3980420862207662,0.6868350011381676,0.5395387839101492,0.2290453100087576,2.355598479137249,0.0,-0.057142857142857134,-0.0004999999999999449,0.10271072387695312
QQQ,1d,19,0.4,0.25,8,21,0.4025374856749433,1.1007535164955242,0.4129883760146532,0.09576984108649035,4.31230094285821,0.4,0.8521130642063374,-0.004738612397839459,0.1108558177947998
QQQ,1d,19,0.4,0.25,9,21,0.36028074241371016,0.5759051717183581,0.42557189538128737,0.10372049410358666,4.103064674530615,0.37142857142857144,0.6934734334979867,-0.004738612397839459,0.10531497001647949
QQQ,1d,19,0.4,0.25,10,30,0.29581530102019615,0.27253069684445674,0.4526229717972095,0.10012346949669827,4.520648096519822,0.22857142857142856,0.4679349695024124,-0.009031268993681008,0.10695910453796387
QQQ,1d,19,0.4,0.25,12,26,0.34700654945784476,0.6441600142007868,0.4263467540445878,0.1198375064840002,3.5577071532401283,0.2,0.42812737911646576,-0.0012586348988209428,0.10992002487182617
QQQ,1d,19,0.4,0.25,20,50,0.2739447697916535,0.2635997280025282,0.36336235845074255,0.09515178276657052,3.818765638287146,0.02857142857142857,0.00013679700636710964,-0.0004999999999999449,0.09954833984375
QQQ,1d,19,0.4,0.5,8,21,0.5136524183253142,0.7535924578091822,0.5210476289857833,0.07050970579761265,7.389729159860218,0.4,0.8510137383960689,-0.004738612397839459,0.1128544807434082
QQQ,1d,19,0.4,0.5,9,21,0.5108642524670214,0.24158411241818745,0.5200014917473552,0.06825494369046248,7.618517628636137,0.37142857142857144,0.6977587735647293,-0.004738612397839459,0.10668301582336426
QQQ,1d,19,0.4,0.5,10,30,0.4199173608593649,-0.05228172994995406,0.5025250266072596,0.06807653266829468,7.381765887752108,0.22857142857142856,0.47253046813970284,-0.009031268993681008,0.10558271408081055
QQQ,1d,19,0.4,0.5,12,26,0.4538264624852856,0.29812527790516663,0.480967877597296,0.08243872650184005,5.8342468158646374,0.2,0.4326880452743482,-0.0012586348988209428,0.1043100357055664
QQQ,1d,19,0.4,0.5,20,50,0.3699348426556971,-0.06378069754059401,0.4029058720387992,0.06711378963243937,6.003324715313872,0.02857142857142857,0.00011402654654374876,-0.0004999999999999449,0.10067200660705566
QQQ,1d,19,0.4,0.75,8,21,0.637574943798074,0.4557666726803189,0.6394506852197896,0.06376795078912936,10.027775352768556,0.4,0.8501367579989184,-0.004738612397839459,0.1040499210357666
QQQ,1d,19,0.4,0.75,9,21,0.6559012786643984,-0.02749217269637516,0.630939729548996,0.058450793357651964,10.794374093237142,0.37142857142857144,0.7017364856696375,-0.004738612397839459,0.10797429084777832
QQQ,1d,19,0.4,0.75,10,30,0.5421832941715053,-0.3012709005957168,0.584508102246094,0.06402223971928252,9.129766543766339,0.22857142857142856,0.47687912426430656,-0.009031268993681008,0.11136150360107422
QQQ,1d,19,0.4,0.75,12,26,0.5691033423265981,0.01797924494000469,0.5661471418764281,0.07253017870822108,7.8056769190375235,0.2,0.43700531232587064,-0.0012586348988209428,0.11244726181030273
QQQ,1d,19,0.4,0.75,20,50,0.47263998588729333,-0.3144727488390304,0.47287803310430104,0.06612159303867389,7.151643077136983,0.02857142857142857,9.775481427821856e-05,-0.0004999999999999449,0.10021209716796875
QQQ,1d,19,0.4,1.0,8,21,0.7448946097273057,0.2017600126743997,0.741665956343779,0.061475641976691725,12.064387332872084,0.4,0.8494293427331391,-0.004738612397839459,0.10470271110534668
QQQ,1d,19,0.4,1.0,9,21,0.7776379579836551,-0.24281865060822927,0.7280143161340187,0.055989163246016556,13.00277185667379,0.37142857142857144,0.7050258458659248,-0.004738612397839459,0.10396051406860352
QQQ,1d,19,0.4,1.0,10,30,0.6458464924354099,-0.4904114200464973,0.6602575229956391,0.06665056359376294,9.90625566229158,0.22857142857142856,0.48048556334317244,-0.009031268993681008,0.10458707809448242
QQQ,1d,19,0.4,1.0,12,26,0.6687026705274652,-0.20736599354474994,0.6442824832264977,0.06978916489632471,9.231841134416948,0.2,0.4405837953136657,-0.0012586348988209428,0.10384845733642578
QQQ,1d,19,0.4,1.0,20,50,0.5615770370300651,-0.5043952460043379,0.5387411980024398,0.07025944322066818,7.667883110180392,0.02857142857142857,8.554712407335963e-05,-0.0004999999999999449,0.10434484481811523
QQQ,1d,19,0.55,0.0,8,21,0.6599323338949202,1.5514183185332526,0.618980210552892,0.27963427345148173,2.2135348536247608,0.2571428571428571,0.49749732657724177,-0.004738612397839459,0.11597251892089844
QQQ,1d,19,0.55,0.0,9,21,0.5526794072383296,1.0242517485610736,0.6599201336228772,0.29900711711679673,2.207038213625873,0.22857142857142856,0.3643039162479257,-0.004738612397839459,0.11786890029907227
QQQ,1d,19,0.55,0.0,10,30,0.4023962406789302,0.6620978815666769,0.7110887770157968,0.26511364870938525,2.682203577512845,0.11428571428571428,0.2723195229699466,-0.0012586348988209428,0.09629964828491211
QQQ,1d,19,0.55,0.0,12,26,0.37057998759546873,0.6359765282468157,0.7157774435104124,0.3243799332087957,2.2066021052223452,0.14285714285714285,0.272824378588012,0.0,0.09658479690551758
QQQ,1d,19,0.55,0.0,20,50,0.4409215793079116,0.7257346682949537,0.544385926832478,0.23928930813467506,2.2750114958169827,0.0,-0.057142857142857134,-0.0004999999999999449,0.09995460510253906
QQQ,1d,19,0.55,0.25,8,21,0.4155997025842704,1.1513130582759237,0.4357607292929406,0.1105101613589029,3.943173405364274,0.6857142857142857,1.3645878095439403,-0.004738612397839459,0.12221956253051758
QQQ,1d,19,0.55,0.25,9,21,0.3785713331702864,0.6118467450312766,0.4340218015041025,0.09903284101536196,4.382604770843413,0.6285714285714286,1.1532185343500143,-0.004738612397839459,0.12477397918701172
QQQ,1d,19,0.55,0.25,10,30,0.3019421556854176,0.25612091802785497,0.46152036295949994,0.11774549674875057,3.919643431835938,0.4,0.8253305789603814,-0.0012586348988209428,0.11655354499816895
QQQ,1d,19,0.55,0.25,12,26,0.3078974403318961,0.22443360489358088,0.44081823859214725,0.13262473863919555,3.323800997575493,0.45714285714285713,0.8799566967762805,0.0,0.10381770133972168
QQQ,1d,19,0.55,0.25,20,50,0.28067253366803985,0.30116355396877426,0.36360216576429166,0.10287478255928405,3.534414914119087,0.02857142857142857,0.00013679700636710964,-0.0004999999999999449,0.09246587753295898
QQQ,1d,19,0.55,0.5,8,21,0.5454312349122867,0.803990009802207,0.5608057141059023,0.07193060880020569,7.796482241149872,0.6857142857142857,1.3634702169755961,-0.004738612397839459,0.10015678405761719
QQQ,1d,19,0.55,0.5,9,21,0.5488806480111957,0.27661266729083156,0.5485285061806504,0.06558216569803535,8.363988903725433,0.6285714285714286,1.157884786651698,-0.004738612397839459,0.10872411727905273
QQQ,1d,19,0.55,0.5,10,30,0.44353122329193667,-0.05502783372911624,0.5185339873158759,0.07775145681853259,6.669122464497408,0.4,0.8312578164976608,-0.0012586348988209428,0.10736298561096191
QQQ,1d,19,0.55,0.5,12,26,0.45882263432833764,-0.09006013747607311,0.5008348120598176,0.08722181991914886,5.74208165484361,0.45714285714285713,0.8864239979881219,0.0,0.1036381721496582
QQQ,1d,19,0.55,0.5,20,50,0.38079010347740855,-0.029293691650785436,0.4139229662212721,0.06947378843419408,5.957973151461893,0.02857142857142857,0.00011402654654374876,-0.0004999999999999449,0.09467649459838867
QQQ,1d,19,0.55,0.75,8,21,0.6825217118985765,0.5042924571404659,0.6908918813034972,0.059306477693858134,11.649518031907112,0.6857142857142857,1.3625356832893167,-0.004738612397839459,0.1057579517364502
QQQ,1d,19,0.55,0.75,9,21,0.7082440023537654,0.005573721615139471,0.6733530287609234,0.05966324452257361,11.285893587402208,0.6285714285714286,1.1621196813109125,-0.004738612397839459,0.1079254150390625
QQQ,1d,19,0.55,0.75,10,30,0.5777087176714124,-0.29247153014065463,0.6069727871640922,0.07082224780503452,8.570368859726372,0.4,0.8364136363197044,-0.0012586348988209428,0.10375070571899414
QQQ,1d,19,0.55,0.75,12,26,0.599121344789121,-0.3287701617758597,0.5914054702349836,0.07294462818603487,8.107594554141647,0.45714285714285713,0.8919586430669448,0.0,0.10420799255371094
QQQ,1d,19,0.55,0.75,20,50,0.4875288271405651,-0.28400397799535637,0.4911955382946901,0.06264373529538901,7.841095936864501,0.02857142857142857,9.775481427821856e-05,-0.0004999999999999449,0.10113286972045898
QQQ,1d,19,0.55,1.0,8,21,0.7997982482920548,0.24724279493900458,0.8018498140295135,0.055139974973156265,14.542077946532931,0.6857142857142857,1.3617612835832644,-0.004738612397839459,0.10747575759887695
QQQ,1d,19,0.55,1.0,9,21,0.8410196274519918,-0.21236419660734662,0.7809023179942196,0.06098509287737079,12.804806570754314,0.6285714285714286,1.1655891575989543,-0.004738612397839459,0.11001133918762207
QQQ,1d,19,0.55,1.0,10,30,0.6902061353122444,-0.47286000431178943,0.6879102954897383,0.0729366276171848,9.431616431463002,0.4,0.8405894436865401,-0.0012586348988209428,0.10741972923278809
QQQ,1d,19,0.55,1.0,12,26,0.7162955846173915,-0.5086885204287526,0.673984101465401,0.06777285658883639,9.944749792004789,0.45714285714285713,0.8964138867221713,0.0,0.10853052139282227
QQQ,1d,19,0.55,1.0,20,50,0.579654026220431,-0.47831089518698744,0.5623775821454557,0.06256029005071709,8.989369801347486,0.02857142857142857,8.554712407335963e-05,-0.0004999999999999449,0.1013643741607666
QQQ,1d,19,0.7,0.0,8,21,0.7839231308895206,1.671461095376296,0.6253523342641091,0.18614340369883434,3.359519176279171,0.22857142857142856,0.35142894776221195,-0.03771966524232073,0.10864138603210449
QQQ,1d,19,0.7,0.0,9,21,0.512116178920075,0.8951240869579309,0.6855170198191127,0.3029342868792091,2.2629231800771805,0.2,0.22135762502253029,-0.03771966524232073,0.10572099685668945
QQQ,1d,19,0.7,0.0,10,30,0.498723632990814,0.8575540477024759,0.6946788824967927,0.282684047501476,2.4574392811931327,0.11428571428571428,0.2723195229699466,-0.0012586348988209428,0.11914563179016113
QQQ,1d,19,0.7,0.0,12,26,0.44828935586820784,0.8203509735461694,0.6752331367427398,0.2718836134639579,2.48353745244103,0.14285714285714285,0.272824378588012,0.0,0.10293030738830566
QQQ,1d,19,0.7,0.0,20,50,0.49715786755975394,0.860308274715677,0.4675651029052562,0.26273446507692866,1.7796108430934372,0.0,-0.057142857142857134,-0.0004999999999999449,0.10963749885559082
QQQ,1d,19,0.7,0.25,8,21,0.4379534044785706,1.278125498028973,0.4358072181653241,0.08268471992828692,5.2707104594815455,0.6857142857142857,1.3149343430936058,-0.048313588907183735,0.11281442642211914
QQQ,1d,19,0.7,0.25,9,21,0.37540505954000886,0.48297694342496134,0.4408631691741046,0.07944357721250492,5.549387183243682,0.6285714285714286,1.1159380052192986,-0.048313588907183735,0.10879325866699219
QQQ,1d,19,0.7,0.25,10,30,0.35004040610679815,0.4413095025235505,0.4440891228085615,0.10003127012887356,4.439502989779365,0.4,0.8253305789603814,-0.0012586348988209428,0.10570478439331055
QQQ,1d,19,0.7,0.25,12,26,0.34380381073789,0.3963589384105586,0.4131129105545308,0.10610121307863743,3.893573867514127,0.45714285714285713,0.8799566967762805,0.0,0.10927128791809082
QQQ,1d,19,0.7,0.25,20,50,0.3088263463541887,0.43628134727341616,0.3203462521398031,0.0944852850884725,3.390435366097936,0.02857142857142857,0.00013679700636710964,-0.0004999999999999449,0.10626721382141113
QQQ,1d,19,0.7,0.5,8,21,0.5944729286174515,0.9320101103740881,0.5806722802150425,0.06293462724032738,9.226594415148266,0.7142857142857143,1.338881405951467,-0.058907512572046516,0.11192464828491211
QQQ,1d,19,0.7,0.5,9,21,0.5659082801356887,0.15383881214679573,0.5758252513920514,0.05835046930805602,9.86839108957349,0.6571428571428571,1.1463639365679075,-0.058907512572046516,0.10700321197509766
QQQ,1d,19,0.7,0.5,10,30,0.5142350593551258,0.1127469236214611,0.5362829649328504,0.06163276158469443,8.70126457332115,0.4,0.8312578164976608,-0.0012586348988209428,0.10534071922302246
QQQ,1d,19,0.7,0.5,12,26,0.5043014659452627,0.06283044222671208,0.5082859215088542,0.0673978395386725,7.5415758871202785,0.45714285714285713,0.8864239979881219,0.0,0.10434579849243164
QQQ,1d,19,0.7,0.5,20,50,0.4136903039485981,0.09941548972682002,0.41323351532263697,0.06479138069573803,6.377908772513925,0.02857142857142857,0.00011402654654374876,-0.0004999999999999449,0.10520029067993164
QQQ,1d,19,0.7,0.75,8,21,0.7518239087512987,0.6293630790900158,0.7253597421529823,0.05858666490559082,12.380970026572761,0.7142857142857143,1.3558673674034372,-0.06950143623690974,0.11527872085571289
QQQ,1d,19,0.7,0.75,9,21,0.7383607621207983,-0.10749023067995989,0.7157283407720191,0.05998137978257236,11.93250877799871,0.6571428571428571,1.1687454361965894,-0.06950143623690974,0.11155200004577637
QQQ,1d,19,0.7,0.75,10,30,0.6672319178347605,-0.14530125540321281,0.6470357758922598,0.054274529858147055,11.921536263572708,0.4,0.8364136363197044,-0.0012586348988209428,0.10248947143554688
QQQ,1d,19,0.7,0.75,12,26,0.6540698445194405,-0.197493675921118,0.6206975535153799,0.05694668370080712,10.899625986588973,0.45714285714285713,0.8919586430669448,0.0,0.10203981399536133
QQQ,1d,19,0.7,0.75,20,50,0.5259360921145475,-0.1662528748001283,0.5157990636062693,0.05882255845419029,8.768728820388903,0.02857142857142857,9.775481427821856e-05,-0.0004999999999999449,0.10731959342956543
QQQ,1d,19,0.7,1.0,8,21,0.8847667452636154,0.36637989112583025,0.8476111188870536,0.058025883685000744,14.607465928281155,0.7142857142857143,1.3690149419675293,-0.08009535990177263,0.11945986747741699
QQQ,1d,19,0.7,1.0,9,21,0.8808742232796727,-0.3137620774789911,0.8348745134755475,0.0651035459951007,12.823794782827578,0.6571428571428571,1.186242536216352,-0.08009535990177263,0.11243629455566406
QQQ,1d,19,0.7,1.0,10,30,0.7947088291927807,-0.346934715157185,0.744163623547626,0.05579508344479764,13.33744082099786,0.4,0.8405894436865401,-0.0012586348988209428,0.1039586067199707
QQQ,1d,19,0.7,1.0,12,26,0.779061473609515,-0.39906704029358986,0.7190291253793824,0.05499160196520292,13.07525330566589,0.45714285714285713,0.8964138867221713,0.0,0.1115572452545166
QQQ,1d,19,0.7,1.0,20,50,0.6226661043763171,-0.37412551327211885,0.6048263016744005,0.05845308024041605,10.347210090328263,0.02857142857142857,8.554712407335963e-05,-0.0004999999999999449,0.10240983963012695
QQQ,1d,19,0.85,0.0,8,21,0.8301729578722575,1.8501591161817226,0.6091185679696577,0.2511936510504944,2.424896351569069,0.2857142857142857,0.019329783472708664,-0.05027908904080325,0.11230015754699707
QQQ,1d,19,0.85,0.0,9,21,0.634797431401411,1.1818897485989455,0.7909060692913221,0.3296265855012186,2.3994001214698693,0.2857142857142857,0.10920064836238536,-0.05027908904080325,0.1123049259185791
QQQ,1d,19,0.85,0.0,10,30,0.7124388486453519,1.4302210307687444,0.7511381073487027,0.26670792242715435,2.816332190334017,0.17142857142857143,0.051797674190525285,-0.0392457401829065,0.10228109359741211
QQQ,1d,19,0.85,0.0,12,26,0.6714833488577379,1.2688999007614448,0.7173121793954137,0.26705403007865214,2.6860189272715806,0.2,0.050491507800669,-0.06417444980533327,0.1043853759765625
QQQ,1d,19,0.85,0.0,20,50,0.518556133851822,0.9313876217947918,0.5382256846365997,0.24698078719418695,2.1792208647121343,0.02857142857142857,-0.06680484148144328,-0.01554956402079366,0.10487985610961914
QQQ,1d,19,0.85,0.25,8,21,0.4637268289274044,1.438624482670774,0.43363218623935423,0.06445622689585485,6.727545298920389,0.7142857142857143,1.0339584479620822,-0.0440554869360017,0.11184906959533691
QQQ,1d,19,0.85,0.25,9,21,0.42169523281170807,0.7481271579223501,0.46908165838867905,0.07664633129332907,6.1200797281931445,0.6857142857142857,1.0221564661081797,-0.0440554869360017,0.10949397087097168
QQQ,1d,19,0.85,0.25,10,30,0.41687004659211113,1.0190660885007348,0.4523582460647148,0.0851756883713081,5.3108845342433915,0.4857142857142857,0.8954167457374691,-0.014892055694610717,0.11065149307250977
QQQ,1d,19,0.85,0.25,12,26,0.39938452509224814,0.8486137396943587,0.4267682174515673,0.08700882712925251,4.904884154082421,0.5142857142857142,0.874312472730876,-0.014892055694610717,0.10587835311889648
QQQ,1d,19,0.85,0.25,20,50,0.332519085741006,0.5117879309602476,0.3662607775569573,0.08091451817105888,4.526514967099683,0.2,0.27633701150076045,-0.01554956402079366,0.10601043701171875
QQQ,1d,19,0.85,0.5,8,21,0.6434224575281371,1.074146145719702,0.6202393005953135,0.05133011477567311,12.083341393369796,0.7142857142857143,1.1203057719679503,-0.05469681067584109,0.1254429817199707
QQQ,1d,19,0.85,0.5,9,21,0.6308647832721467,0.39273893761136125,0.6243363869258427,0.04991509374302408,12.507967833138594,0.6857142857142857,1.1060072961098186,-0.05469681067584109,0.10913419723510742
QQQ,1d,19,0.85,0.5,10,30,0.577316376781739,0.6701963859652704,0.5666766788497377,0.0507717566925622,11.16125806481604,0.4857142857142857,0.9230763163147403,-0.02858975861172086,0.11506867408752441
QQQ,1d,19,0.85,0.5,12,26,0.5606927414557463,0.49822230500226095,0.5499486254149648,0.055283397749734925,9.94780798214599,0.5142857142857142,0.9122503622011087,-0.02858975861172086,0.11850476264953613
QQQ,1d,19,0.85,0.5,20,50,0.456052755872348,0.17608908802647205,0.47019374434454625,0.063967667455486,7.350490693939184,0.2,0.2763260896191553,-0.01554956402079366,0.1213223934173584
QQQ,1d,19,0.85,0.75,8,21,0.818362410151314,0.7537009289165397,0.7932703608457488,0.054399299609640704,14.582363496186714,0.7142857142857143,1.1782333362869444,-0.0653381344156806,0.13066458702087402
QQQ,1d,19,0.85,0.75,9,21,0.8202120832747444,0.1033302451854008,0.7811247920025367,0.054311043966395,14.382430072341423,0.6857142857142857,1.1633239513348468,-0.0653381344156806,0.1185464859008789
QQQ,1d,19,0.85,0.75,10,30,0.7345952625375228,0.37559897345139026,0.6950053726915411,0.04758131193244549,14.606687887847412,0.4857142857142857,0.9406959230126473,-0.04228746152883078,0.11622381210327148
QQQ,1d,19,0.85,0.75,12,26,0.7169838478853636,0.20779927128790465,0.6821432653681826,0.05000806417597116,13.640665292857946,0.5142857142857142,0.936070350939309,-0.04228746152883078,0.11829209327697754
QQQ,1d,19,0.85,0.75,20,50,0.582121136854802,-0.0909314140867229,0.5828694244588426,0.06849938549804539,8.50911902670243,0.2,0.27630928202452076,-0.01554956402079366,0.10931897163391113
QQQ,1d,19,0.85,1.0,8,21,0.9650526414171335,0.4739791368794377,0.9369303277248088,0.05942541679653022,15.766491481798324,0.7142857142857143,1.2221617998446739,-0.0759794581555201,0.12197542190551758
QQQ,1d,19,0.85,1.0,9,21,0.9765205915744274,-0.1309217859871068,0.9136558319107092,0.06331859196149996,14.429503303962377,0.6857142857142857,1.207024235435672,-0.0759794581555201,0.12203240394592285
QQQ,1d,19,0.85,1.0,10,30,0.866848584446177,0.12801581866088352,0.8059962032579959,0.052605330152971454,15.321569143549393,0.4857142857142857,0.9539943211204689,-0.05598516444594104,0.1135869026184082
QQQ,1d,19,0.85,1.0,12,26,0.8481346067149017,-0.031530889215535374,0.7954423370714967,0.052205674922250866,15.236702489837304,0.5142857142857142,0.9539846612578466,-0.05598516444594104,0.11291122436523438
QQQ,1d,19,0.85,1.0,20,50,0.6894564321654836,-0.30204862987183134,0.6799578769646679,0.07561257287610727,8.99265626205833,0.2,0.2762917684231273,-0.01554956402079366,0.11144852638244629
QQQ,1d,19,1.0,0.0,8,21,0.77168272117857,1.6130779437462879,0.831998849161517,0.20869174003068156,3.986735886332625,0.2571428571428571,-0.028691804674400377,-0.04856290216538528,0.1127016544342041
QQQ,1d,19,1.0,0.0,9,21,0.7394175936205722,1.4961852742039388,0.8493776148309949,0.25292836276698993,3.3581746449427796,0.2571428571428571,0.06282590313877003,-0.04856290216538528,0.11553597450256348
QQQ,1d,19,1.0,0.0,10,30,0.74354311308582,1.538353058054478,0.858123487553982,0.18902507706170568,4.539733568122576,0.14285714285714285,-0.018874253772644504,-0.0392457401829065,0.11566543579101562
QQQ,1d,19,1.0,0.0,12,26,0.7389566581766651,1.5144723131603697,0.8316594542121158,0.17945553331852526,4.634348347096987,0.17142857142857143,-0.026862394472106716,-0.06417444980533327,0.11466574668884277
QQQ,1d,19,1.0,0.0,20,50,0.5104945362709068,0.9287768024138612,0.6094223265238158,0.165902287634682,3.673381092042371,0.02857142857142857,-0.06680484148144328,-0.01554956402079366,0.10185432434082031
QQQ,1d,19,1.0,0.25,8,21,0.4613506569999844,1.192404520323144,0.49763180619905467,0.046182206516646084,10.775401258051334,0.7428571428571429,1.0981499456243375,-0.05346850853683105,0.13153314590454102
QQQ,1d,19,1.0,0.25,9,21,0.4509580508409354,1.0677868634353591,0.4964201686658341,0.05374312369129238,9.236905757792146,0.7142857142857143,1.079824945201232,-0.05149486705380024,0.1133880615234375
QQQ,1d,19,1.0,0.25,10,30,0.42816643802156973,1.1324752377611156,0.48293081858601195,0.05531786301309044,8.730106195022953,0.5142857142857142,0.8972267555022692,-0.035376391178609246,0.10599470138549805
QQQ,1d,19,1.0,0.25,12,26,0.42354666131159113,1.103245414644431,0.464523590440602,0.04776005348610463,9.726194937695182,0.5428571428571428,0.8758483795577501,-0.03322336581641783,0.11519098281860352
QQQ,1d,19,1.0,0.25,20,50,0.3424309333607631,0.5131454289744806,0.4014756453121418,0.06755184930237522,5.943222124313114,0.2,0.27633701150076045,-0.01554956402079366,0.10197973251342773
QQQ,1d,19,1.0,0.5,8,21,0.6685012337047809,0.8300342622920134,0.6837429846858568,0.03824560754398099,17.877686578767992,0.7428571428571429,1.2034242505997494,-0.07331328729940711,0.11913871765136719
QQQ,1d,19,1.0,0.5,9,21,0.6579309286643986,0.7033047377640815,0.6761487157399546,0.03852260226566663,17.552000020065464,0.7142857142857143,1.1760013073392044,-0.06940994445263149,0.10959410667419434
QQQ,1d,19,1.0,0.5,10,30,0.5895414392423511,0.783926344769708,0.6142725400090673,0.04019463446390631,15.282451207776683,0.5142857142857142,0.9363285251910964,-0.04164299201682953,0.11194062232971191
QQQ,1d,19,1.0,0.5,12,26,0.5814448299663912,0.7504570984636587,0.5944505637419605,0.040743440400478455,14.59009248848263,0.5428571428571428,0.9254732446038186,-0.03905953384145422,0.11867237091064453
QQQ,1d,19,1.0,0.5,20,50,0.4811116439046297,0.18128428039196187,0.5170793141027988,0.06903238565984134,7.490387434250339,0.2,0.2763260896191553,-0.01554956402079366,0.1218111515045166
QQQ,1d,19,1.0,0.75,8,21,0.8605901953409124,0.519730420561827,0.8633920481498517,0.04683931931120841,18.433061386168486,0.7428571428571429,1.277297680792981,-0.09294849948389139,0.10882234573364258
QQQ,1d,19,1.0,0.75,9,21,0.8487894436017658,0.3952179360898831,0.8511372591090571,0.04513090644717457,18.859299006221107,0.7142857142857143,1.2439871066597956,-0.08715939539265616,0.1076974868774414
QQQ,1d,19,1.0,0.75,10,30,0.7485619558920704,0.4860380813124878,0.7563345491858466,0.04104626006583121,18.42639373167774,0.5142857142857142,0.9610458486014751,-0.04790959285504914,0.10508251190185547
QQQ,1d,19,1.0,0.75,12,26,0.7378416182775556,0.44953463723291875,0.7348224322121526,0.04710176515603183,15.600740859242546,0.5428571428571428,0.9564521476740063,-0.0456132850283435,0.11164283752441406
QQQ,1d,19,1.0,0.75,20,50,0.617605581946826,-0.0824217596637058,0.6406994833244951,0.07762775144063828,8.253485015786348,0.2,0.27630928202452076,-0.01554956402079366,0.11298036575317383
QQQ,1d,19,1.0,1.0,8,21,1.0199370421906604,0.2555603608268928,1.0136034038225525,0.05540715668612884,18.293727100353223,0.7428571428571429,1.3340864460408692,-0.11237414509028287,0.13289332389831543
QQQ,1d,19,1.0,1.0,9,21,1.0069399573380566,0.1364648015168135,0.9977352714527526,0.05349146439278922,18.652233263355,0.7142857142857143,1.2963343159098446,-0.10474321987387392,0.12665295600891113
QQQ,1d,19,1.0,1.0,10,30,0.8823746889894517,0.2326480804465083,0.8780407999011708,0.04437499134133414,19.786838788254567,0.5142857142857142,0.9796013447474711,-0.05598516444594104,0.10891151428222656
QQQ,1d,19,1.0,1.0,12,26,0.8696169741444417,0.1943006192329837,0.8551031787767329,0.05359305144182164,15.95548594028084,0.5428571428571428,0.9796394107690051,-0.05598516444594104,0.11432361602783203
QQQ,1d,19,1.0,1.0,20,50,0.7327985286658145,-0.2909429749426724,0.7467023492375372,0.08547364354023797,8.736053809219168,0.2,0.2762917684231273,-0.01554956402079366,0.10672211647033691
