ticker,timeframe,n_mu,x_zero,bear_alloc,fast_period,slow_period,in_sample_sharpe,in_sample_return,mc_sharpe_mean,mc_sharpe_std,mc_robust_sharpe,wf_pos_sharpe_frac,wf_mean_sharpe,wf_worst_return,runtime_s
QQQ,1h,1,0.0,0.0,8,21,0.19246851118307542,0.17668933901086548,0.2458504795344471,0.37809554548238755,0.6502337371385385,0.3026315789473684,-0.041626950078498,-0.048373500254873414,0.194716215133667
QQQ,1h,1,0.0,0.0,9,21,0.24271485435182227,0.2361307857242021,0.2603816990876006,0.37514140828012343,0.6940894642405615,0.32894736842105265,0.17555448836935897,-0.0515576740621867,0.201246976852417
QQQ,1h,1,0.0,0.0,10,30,0.12761231952247445,0.10651841230296388,0.188557000633008,0.3867575447348994,0.48753283083915855,0.23684210526315788,0.07061429891243096,-0.02655736515012208,0.18442392349243164
QQQ,1h,1,0.0,0.0,12,26,0.2123782610520765,0.20045646351043578,0.23423287997995873,0.3598234687499019,0.6509660995535678,0.25,0.05717171111048772,-0.04757412859397725,0.18577051162719727
QQQ,1h,1,0.0,0.0,20,50,0.1657200202063057,0.1420639064499376,0.17991935093519978,0.33253513332976575,0.5410536599053996,0.05263157894736842,-0.07806403481346487,-0.020228801232517024,0.194566011428833
QQQ,1h,1,0.0,0.25,8,21,0.344804522719419,0.04009282318331997,0.35961041326566556,0.04707915554514094,7.638421061330637,0.8289473684210527,1.0707785628653772,-0.02691240366783476,0.1996917724609375
QQQ,1h,1,0.0,0.25,9,21,0.34367875889347854,0.10261989163210639,0.3552534031407652,0.04861117815384874,7.3080599284475145,0.8289473684210527,1.1125461865054789,-0.02691240366783476,0.19329333305358887
QQQ,1h,1,0.0,0.25,10,30,0.2972581014210082,-0.040135185813541585,0.3101337226432407,0.04814537995472854,6.441609203933207,0.5394736842105263,0.7727727538854672,-0.022654979289436494,0.18396210670471191
QQQ,1h,1,0.0,0.25,12,26,0.29940806484143384,0.06314692899833818,0.31401105100160864,0.046160312951958854,6.80261962973289,0.618421052631579,0.9675049293138993,-0.030960485732967946,0.18660736083984375
QQQ,1h,1,0.0,0.25,20,50,0.24464359715402217,-0.0015662589222905643,0.25841420074489163,0.04975977903787582,5.193234490615274,0.17105263157894737,0.19375606823596267,-0.020228801232517024,0.1804056167602539
QQQ,1h,1,0.0,0.5,8,21,0.6039933895397875,-0.08245633964410637,0.6118999027684584,0.045623300769872595,13.412004226851716,0.8289473684210527,1.1873447130926933,-0.03401888510971851,0.19519925117492676
QQQ,1h,1,0.0,0.5,9,21,0.5968703733593033,-0.018318675972385567,0.6025670614529413,0.04865360807986796,12.384838149388417,0.8289473684210527,1.2173845239777537,-0.03401888510971851,0.1851339340209961
QQQ,1h,1,0.0,0.5,10,30,0.525463187233799,-0.1689176397939247,0.5285485203346026,0.033974746500402345,15.557099751379846,0.5394736842105263,0.81912504314797,-0.023663573764759027,0.18563365936279297
QQQ,1h,1,0.0,0.5,12,26,0.5196258528609385,-0.06009419033550545,0.5315134359417677,0.0355348424652171,14.957528979114906,0.618421052631579,1.0164368120384635,-0.0392659921764994,0.18331027030944824
QQQ,1h,1,0.0,0.5,20,50,0.4269668548376648,-0.12856821961968745,0.4294715979632314,0.038583842937517716,11.130866322950602,0.17105263157894737,0.1950605195688607,-0.020228801232517024,0.17810916900634766
QQQ,1h,1,0.0,0.75,8,21,0.8097590556541806,-0.19213525426546407,0.8125755149980158,0.052944884685079886,15.347573610392685,0.8289473684210527,1.2744797227111755,-0.04112536655160248,0.21953177452087402
QQQ,1h,1,0.0,0.75,9,21,0.7986811024313084,-0.12761024440050805,0.7995924905529697,0.05687072678483857,14.059825427906025,0.8289473684210527,1.296169473317681,-0.04112536655160248,0.21359515190124512
QQQ,1h,1,0.0,0.75,10,30,0.7063360375052964,-0.2817629005708917,0.702445124462513,0.03473604994503729,20.22236626139095,0.5394736842105263,0.8536126920492894,-0.026659620899331382,0.18074846267700195
QQQ,1h,1,0.0,0.75,12,26,0.6955871958082079,-0.17047967968601474,0.7052789071124129,0.037447062362986935,18.834024957042235,0.618421052631579,1.0505872648244783,-0.04757149862003074,0.19806981086730957
QQQ,1h,1,0.0,0.75,20,50,0.5729667439475888,-0.24067173658603802,0.5671052534840351,0.04232555822002354,13.398647940708003,0.17105263157894737,0.19554890136270492,-0.020228801232517024,0.19180059432983398
QQQ,1h,1,0.0,1.0,8,21,0.9738568215062748,-0.2900635038908711,0.9725909350481047,0.06094705466485324,15.957964505362314,0.8289473684210527,1.342566207506889,-0.048231847993486454,0.23577618598937988
QQQ,1h,1,0.0,1.0,9,21,0.959792933559329,-0.22615006549542038,0.9567591993073478,0.06541679175355207,14.625590366947286,0.8289473684210527,1.3578407019663918,-0.048231847993486454,0.22716617584228516
QQQ,1h,1,0.0,1.0,10,30,0.8505326034297732,-0.380433710613967,0.8411485346239254,0.03970043366483793,21.187389078042184,0.5394736842105263,0.8804607010069835,-0.029655668033903182,0.2075176239013672
QQQ,1h,1,0.0,1.0,12,26,0.8361551596483144,-0.26915030670384044,0.8439970649116544,0.04242295039078567,19.894822428356417,0.618421052631579,1.076724135091056,-0.055877005063562524,0.1925337314605713
QQQ,1h,1,0.0,1.0,20,50,0.6897123397551012,-0.3394524339567133,0.6772028062566592,0.049490845797808145,13.683395289369882,0.17105263157894737,0.19581839414439897,-0.020228801232517024,0.21411752700805664
QQQ,1h,1,0.1,0.0,8,21,0.220454600249804,0.209085403130846,0.23894101207584542,0.37341688003782014,0.6398773725806,0.3026315789473684,-0.05910058706703787,-0.048373500254873414,0.19526243209838867
QQQ,1h,1,0.1,0.0,9,21,0.23702655618848484,0.22946639448484496,0.25192851003771843,0.36539454328450277,0.6894698201378513,0.32894736842105265,0.18033623519512942,-0.0515576740621867,0.19805216789245605
QQQ,1h,1,0.1,0.0,10,30,0.15010317129687614,0.13075669473360763,0.19073103906450212,0.38604120540549286,0.4940691211036931,0.23684210526315788,0.07061429891243096,-0.02655736515012208,0.22603654861450195
QQQ,1h,1,0.1,0.0,12,26,0.24783585712630324,0.24239651232357873,0.2503748055094148,0.3661919011593293,0.683725676938107,0.25,0.055943824001628985,-0.04757412859397725,0.2093193531036377
QQQ,1h,1,0.1,0.0,20,50,0.17568065797316773,0.1525638850446378,0.18206992157424037,0.342958635247328,0.530880120405596,0.05263157894736842,-0.07806403481346487,-0.020228801232517024,0.1810009479522705
QQQ,1h,1,0.1,0.25,8,21,0.34680417532848246,0.07598441592059602,0.36097899811046924,0.04746656321459189,7.604911197773409,0.8289473684210527,1.070051970269506,-0.02691240366783476,0.20163726806640625
QQQ,1h,1,0.1,0.25,9,21,0.3426452449118705,0.09525661426647147,0.3574886535522496,0.04780281718611249,7.47840137037166,0.8289473684210527,1.112585387429655,-0.02691240366783476,0.20640945434570312
QQQ,1h,1,0.1,0.25,10,30,0.2991918462695394,-0.01375284022150769,0.31024816178847753,0.04867902437565038,6.3733438738280475,0.5394736842105263,0.7727727538854672,-0.022654979289436494,0.1849982738494873
QQQ,1h,1,0.1,0.25,12,26,0.3026169227726764,0.1098520669486398,0.3155070939922252,0.04687407845260551,6.730950333481973,0.618421052631579,0.9675460094193823,-0.030960485732967946,0.1936018466949463
QQQ,1h,1,0.1,0.25,20,50,0.24584810480229596,0.01015463259761984,0.25856738950949326,0.04985936197487321,5.185934582151275,0.17105263157894737,0.19375606823596267,-0.020228801232517024,0.17598390579223633
QQQ,1h,1,0.1,0.5,8,21,0.6051616975521896,-0.04435541593466419,0.614968503386473,0.044695601008207214,13.759038686459315,0.8289473684210527,1.1868488874541594,-0.03401888510971851,0.19574236869812012
QQQ,1h,1,0.1,0.5,9,21,0.5961564678652483,-0.026113552499729464,0.6075904943057767,0.049870598998667186,12.183340615620335,0.8289473684210527,1.217387246973089,-0.03401888510971851,0.1999800205230713
QQQ,1h,1,0.1,0.5,10,30,0.5266726682431446,-0.1414001682654502,0.5291467560143457,0.03574902248714656,14.80171258401817,0.5394736842105263,0.81912504314797,-0.023663573764759027,0.20141196250915527
QQQ,1h,1,0.1,0.5,12,26,0.5215422604234643,-0.010247736232357973,0.5329737530213192,0.03712807988914117,14.355004476738312,0.618421052631579,1.016455980034101,-0.0392659921764994,0.18114805221557617
QQQ,1h,1,0.1,0.5,20,50,0.42774213091282104,-0.11613181284732466,0.42953205562403385,0.03786016077635748,11.3452253454841,0.17105263157894737,0.1950605195688607,-0.020228801232517024,0.18009305000305176
QQQ,1h,1,0.1,0.75,8,21,0.8106628084939796,-0.1528868779680027,0.8168945275663132,0.05123403990704114,15.944370755233898,0.8289473684210527,1.274077936610106,-0.04112536655160248,0.18795514106750488
QQQ,1h,1,0.1,0.75,9,21,0.7981540098676574,-0.135617303604886,0.8067109263717622,0.0594167660687842,13.577159777391252,0.8289473684210527,1.296162604900353,-0.04112536655160248,0.194566011428833
QQQ,1h,1,0.1,0.75,10,30,0.7073178462932128,-0.25390921618947615,0.7034398960211121,0.03694489372221924,19.040246841962148,0.5394736842105263,0.8536126920492894,-0.026659620899331382,0.18040990829467773
QQQ,1h,1,0.1,0.75,12,26,0.6970571308883883,-0.11884600916871846,0.7069342906517466,0.03927847305391525,17.998008468439686,0.618421052631579,1.0505997943545806,-0.04757149862003074,0.1868724822998047
QQQ,1h,1,0.1,0.75,20,50,0.5735790576335619,-0.22792280838041135,0.5671491851686186,0.04148218459907013,13.672114683693197,0.17105263157894737,0.19554890136270492,-0.020228801232517024,0.18309998512268066
QQQ,1h,1,0.1,1.0,8,21,0.974627379440448,-0.250532343499963,0.9778832563671249,0.05878367173706156,16.635287103894793,0.8289473684210527,1.342223402172003,-0.048231847993486454,0.1897745132446289
QQQ,1h,1,0.1,1.0,9,21,0.9593959526800622,-0.23419176865026758,0.9655224518045082,0.06884134397255012,14.025328328707554,0.8289473684210527,1.3578308961480168,-0.048231847993486454,0.194779634475708
QQQ,1h,1,0.1,1.0,10,30,0.8513979259181552,-0.35286484988285094,0.842460172323405,0.04182492608788623,20.142538221183063,0.5394736842105263,0.8804607010069835,-0.029655668033903182,0.18098926544189453
QQQ,1h,1,0.1,1.0,12,26,0.8373858810929795,-0.21684525002270705,0.8458525908608104,0.04414392362018863,19.161246248486417,0.618421052631579,1.076733645346437,-0.055877005063562524,0.1869206428527832
QQQ,1h,1,0.1,1.0,20,50,0.6902300656382788,-0.32670729188521563,0.6772448397269719,0.048724707307799604,13.899413196034981,0.17105263157894737,0.19581839414439897,-0.020228801232517024,0.16846776008605957
QQQ,1h,1,0.25,0.0,8,21,0.24635074704695353,0.24063690338318522,0.23326243461579277,0.37377366029789083,0.6240740303366664,0.3026315789473684,-0.05910058706703787,-0.048373500254873414,0.18294596672058105
QQQ,1h,1,0.25,0.0,9,21,0.21581735312946135,0.20593454775168563,0.23212417463569834,0.3463225694219185,0.6702542517606055,0.32894736842105265,0.18033623519512942,-0.0515576740621867,0.19605040550231934
QQQ,1h,1,0.25,0.0,10,30,0.165865029182742,0.14877113930750752,0.19618565384049297,0.40330112715314304,0.48644955501450066,0.23684210526315788,0.07061429891243096,-0.02655736515012208,0.18338751792907715
QQQ,1h,1,0.25,0.0,12,26,0.264858579300379,0.26223043285770964,0.25029018129663666,0.37629890876734,0.6651366120527002,0.25,0.055943824001628985,-0.04757412859397725,0.18947386741638184
QQQ,1h,1,0.25,0.0,20,50,0.1968386685855973,0.17486866501362974,0.17849158192243866,0.3380027180475384,0.5280773567546717,0.05263157894736842,-0.07806403481346487,-0.020228801232517024,0.17478656768798828
QQQ,1h,1,0.25,0.25,8,21,0.3501071714463505,0.10931387074623289,0.3642963523485463,0.04599224069143724,7.920822009795457,0.8289473684210527,1.070051970269506,-0.02691240366783476,0.19018197059631348
QQQ,1h,1,0.25,0.25,9,21,0.3475408804013316,0.06931121443976074,0.35981511636934493,0.04596382209769853,7.82822445889158,0.8289473684210527,1.112585387429655,-0.02691240366783476,0.2005624771118164
QQQ,1h,1,0.25,0.25,10,30,0.30253747352272625,0.006134114342831953,0.3118251525190034,0.049506515367868285,6.298668977243153,0.5394736842105263,0.7727727538854672,-0.022654979289436494,0.20835494995117188
QQQ,1h,1,0.25,0.25,12,26,0.3040770375381641,0.13214178723585301,0.3190337866183999,0.04487911167186258,7.108736664643507,0.618421052631579,0.9675460094193823,-0.030960485732967946,0.18507075309753418
QQQ,1h,1,0.25,0.25,20,50,0.2478552767327891,0.03429318678792037,0.2577953388566717,0.04711556829097502,5.471553208582488,0.17105263157894737,0.19375606823596267,-0.020228801232517024,0.17560076713562012
QQQ,1h,1,0.25,0.5,8,21,0.6091055836078237,-0.009987798779901746,0.6220486238417836,0.044281814529011955,14.047496256826564,0.8289473684210527,1.1868488874541594,-0.03401888510971851,0.1971743106842041
QQQ,1h,1,0.25,0.5,9,21,0.6075132541571068,-0.05352794398445271,0.6140635465542543,0.05145042550292058,11.93505283098965,0.8289473684210527,1.217387246973089,-0.03401888510971851,0.20231413841247559
QQQ,1h,1,0.25,0.5,10,30,0.5310916029483802,-0.1203663895513718,0.5317990879355088,0.03647082431548888,14.581493506568696,0.5394736842105263,0.81912504314797,-0.023663573764759027,0.18214631080627441
QQQ,1h,1,0.25,0.5,12,26,0.522457827947696,0.013760581459960619,0.5391546736014227,0.03718119577012087,14.50073518169881,0.618421052631579,1.016455980034101,-0.0392659921764994,0.19923973083496094
QQQ,1h,1,0.25,0.5,20,50,0.4289075508165689,-0.09109667676349054,0.4298867310939869,0.03823094736686131,11.244469747736721,0.17105263157894737,0.1950605195688607,-0.020228801232517024,0.1788034439086914
QQQ,1h,1,0.25,0.75,8,21,0.8154768690672932,-0.11810550984803092,0.8269295244912642,0.05121317677068109,16.146811751085732,0.8289473684210527,1.274077936610106,-0.04112536655160248,0.20859861373901367
QQQ,1h,1,0.25,0.75,9,21,0.8142548521145967,-0.16373018667684813,0.8162262115278445,0.06294471772640801,12.967350414940418,0.8289473684210527,1.296162604900353,-0.04112536655160248,0.19540143013000488
QQQ,1h,1,0.25,0.75,10,30,0.7128162199988982,-0.2323232944384217,0.707011735856047,0.038863254529341765,18.19229357958822,0.5394736842105263,0.8536126920492894,-0.026659620899331382,0.21706342697143555
QQQ,1h,1,0.25,0.75,12,26,0.6978039575910812,-0.09374589982534653,0.7152380447970054,0.04276937441825109,16.723135526896787,0.618421052631579,1.0505997943545806,-0.04757149862003074,0.18819475173950195
QQQ,1h,1,0.25,0.75,20,50,0.5744660232361043,-0.20272309875062067,0.568207258692843,0.04215515649054465,13.478950287381597,0.17105263157894737,0.19554890136270492,-0.020228801232517024,0.17384958267211914
QQQ,1h,1,0.25,1.0,8,21,0.980209802644487,-0.21585738545825606,0.9902707888416582,0.05885741427790701,16.82491154242518,0.8289473684210527,1.342223402172003,-0.048231847993486454,0.18745183944702148
QQQ,1h,1,0.25,1.0,9,21,0.9792008099957834,-0.26238359525524557,0.977414529731419,0.0736485975860863,13.271325751843946,0.8289473684210527,1.3578308961480168,-0.048231847993486454,0.18399381637573242
QQQ,1h,1,0.25,1.0,10,30,0.8577997316799376,-0.33120688161139566,0.8467768996316186,0.044891472277412685,18.862756258000424,0.5394736842105263,0.8804607010069835,-0.029655668033903182,0.17946267127990723
QQQ,1h,1,0.25,1.0,12,26,0.8380469932324994,-0.19118093996184804,0.8558511512549906,0.05041030183029316,16.97770336976404,0.618421052631579,1.076733645346437,-0.055877005063562524,0.17980194091796875
QQQ,1h,1,0.25,1.0,20,50,0.6909732579248725,-0.3019035349063527,0.6788201375436966,0.04875397746114298,13.923379648044463,0.17105263157894737,0.19581839414439897,-0.020228801232517024,0.16856169700622559
QQQ,1h,1,0.4,0.0,8,21,0.15848470087360922,0.14005111338616705,0.23207258092750177,0.381532966671546,0.60826350853002,0.3026315789473684,-0.05910058706703787,-0.048373500254873414,0.18769407272338867
QQQ,1h,1,0.4,0.0,9,21,0.21562300490281475,0.2069544510812067,0.23476871794356685,0.36286943216436446,0.6469784918042548,0.32894736842105265,0.18033623519512942,-0.0515576740621867,0.19818854331970215
QQQ,1h,1,0.4,0.0,10,30,0.17538890429154946,0.15987615669679878,0.1911281615597437,0.39813842466063004,0.48005454817042537,0.23684210526315788,0.07061429891243096,-0.02655736515012208,0.1848437786102295
QQQ,1h,1,0.4,0.0,12,26,0.2969618409827339,0.3031729417544664,0.2523806357020638,0.3770049336281717,0.6694358964304139,0.25,0.055943824001628985,-0.04757412859397725,0.18472743034362793
QQQ,1h,1,0.4,0.0,20,50,0.18821912748661693,0.16476598793678288,0.179364092761402,0.3414214228792255,0.5253451621424772,0.05263157894736842,-0.07806403481346487,-0.020228801232517024,0.1734602451324463
QQQ,1h,1,0.4,0.25,8,21,0.352491799253261,-0.002123288116846478,0.3660114570446757,0.04547373419907884,8.048854212023125,0.8289473684210527,1.070051970269506,-0.02691240366783476,0.19160914421081543
QQQ,1h,1,0.4,0.25,9,21,0.34922302819138906,0.07126448698684484,0.3621469828533724,0.044380066613755015,8.16012706797357,0.8289473684210527,1.112585387429655,-0.02691240366783476,0.1891164779663086
QQQ,1h,1,0.4,0.25,10,30,0.30317853433200126,0.01843156610251273,0.3120875533330247,0.049091104924165054,6.357313688806378,0.5394736842105263,0.7727727538854672,-0.022654979289436494,0.18712925910949707
QQQ,1h,1,0.4,0.25,12,26,0.30697824160848175,0.1783185464887802,0.3239647046877065,0.05078516884965389,6.379120361828124,0.618421052631579,0.9675460094193823,-0.030960485732967946,0.1998579502105713
QQQ,1h,1,0.4,0.25,20,50,0.24931053031890982,0.023201951446462532,0.25787827432489274,0.04658594863247036,5.535537686682456,0.17105263157894737,0.19375606823596267,-0.020228801232517024,0.17917943000793457
QQQ,1h,1,0.4,0.5,8,21,0.6226884909954741,-0.12828989454622453,0.6255718244117492,0.043993660745789816,14.219590136554306,0.8289473684210527,1.1868488874541594,-0.03401888510971851,0.19055700302124023
QQQ,1h,1,0.4,0.5,9,21,0.6106124738547769,-0.05089545401428597,0.6178885773191615,0.05164657696477503,11.963785668517499,0.8289473684210527,1.217387246973089,-0.03401888510971851,0.21666884422302246
QQQ,1h,1,0.4,0.5,10,30,0.531442866594829,-0.10731570221291709,0.533118833742701,0.03621746428389692,14.719938137130637,0.5394736842105263,0.81912504314797,-0.023663573764759027,0.18694472312927246
QQQ,1h,1,0.4,0.5,12,26,0.5241995148419828,0.06367720342823002,0.5446208974291807,0.04322761909258246,12.598910346247445,0.618421052631579,1.016455980034101,-0.0392659921764994,0.1930251121520996
QQQ,1h,1,0.4,0.5,20,50,0.43280782176439747,-0.1027630747392152,0.42994219809471934,0.03757918838686486,11.440965506455644,0.17105263157894737,0.1950605195688607,-0.020228801232517024,0.17901158332824707
QQQ,1h,1,0.4,0.75,8,21,0.836618727725651,-0.23998347063212044,0.8319031638864234,0.051354427094677975,16.199249236150784,0.8289473684210527,1.274077936610106,-0.04112536655160248,0.19054770469665527
QQQ,1h,1,0.4,0.75,9,21,0.8184675488358165,-0.1606265728328431,0.821351141572001,0.06489719712879792,12.656188216293998,0.8289473684210527,1.296162604900353,-0.04112536655160248,0.19144535064697266
QQQ,1h,1,0.4,0.75,10,30,0.7130991218138972,-0.21888110030147678,0.7090889082974228,0.038983194701334135,18.189604872818578,0.5394736842105263,0.8536126920492894,-0.026659620899331382,0.18182897567749023
QQQ,1h,1,0.4,0.75,12,26,0.699171445352412,-0.04136950403961115,0.7210668464681927,0.04746326645102211,15.19210329133731,0.618421052631579,1.0505997943545806,-0.04757149862003074,0.18387365341186523
QQQ,1h,1,0.4,0.75,20,50,0.580068095327642,-0.21462974426514803,0.5682617979905022,0.0416217752462729,13.652992805524034,0.17105263157894737,0.19554890136270492,-0.020228801232517024,0.17117905616760254
QQQ,1h,1,0.4,1.0,8,21,1.0071162100885274,-0.3386343384943922,0.9964029015761889,0.0593648546331471,16.7843904905283,0.8289473684210527,1.342223402172003,-0.048231847993486454,0.18915510177612305
QQQ,1h,1,0.4,1.0,9,21,0.9842977643594021,-0.25897757514597763,0.9835984811774926,0.07690663897565496,12.789513288818327,0.8289473684210527,1.3578308961480168,-0.048231847993486454,0.1836686134338379
QQQ,1h,1,0.4,1.0,10,30,0.8580581483217553,-0.3176671745392593,0.8494385803798103,0.045379919302783026,18.718380143256812,0.5394736842105263,0.8804607010069835,-0.029655668033903182,0.1834242343902588
QQQ,1h,1,0.4,1.0,12,26,0.8392221834801536,-0.1374309636613552,0.8619307957204605,0.05383406918351169,16.0108795191067,0.618421052631579,1.076733645346437,-0.055877005063562524,0.18158912658691406
QQQ,1h,1,0.4,1.0,20,50,0.697877308255805,-0.31378330546288435,0.6788766362416789,0.04833964740356552,14.043888871882942,0.17105263157894737,0.19581839414439897,-0.020228801232517024,0.16968226432800293
QQQ,1h,1,0.55,0.0,8,21,0.15486773803238738,0.13573007643981883,0.22127902189611462,0.3661366466377195,0.6043618521340289,0.3157894736842105,-0.054810013450642715,-0.04336364920888858,0.18717527389526367
QQQ,1h,1,0.55,0.0,9,21,0.2296076534599552,0.2233448744919766,0.23148388951675214,0.3617314923963306,0.6399329181522496,0.35526315789473684,0.1552204370211425,-0.04656458614383996,0.20650672912597656
QQQ,1h,1,0.55,0.0,10,30,0.19496538334210428,0.1824312875030092,0.20428957173071974,0.3852325125948187,0.530301999576002,0.2236842105263158,0.029817564220060093,-0.02314365179979172,0.19260811805725098
QQQ,1h,1,0.55,0.0,12,26,0.2791805767598271,0.2803739009163779,0.24253882401351978,0.3775856629051573,0.6423411899366559,0.23684210526315788,0.031757867412526744,-0.04256006924467948,0.19419312477111816
QQQ,1h,1,0.55,0.0,20,50,0.17359546827772965,0.14917099180140947,0.199435578780084,0.3336942147466494,0.5976596835264328,0.05263157894736842,-0.08231207173029179,-0.021929341953379478,0.19916558265686035
QQQ,1h,1,0.55,0.25,8,21,0.3549909222740055,-0.006941503116931758,0.36755117002287013,0.045168773569970726,8.137284698542864,0.8289473684210527,1.0470516627683142,-0.027234152873520934,0.1982572078704834
QQQ,1h,1,0.55,0.25,9,21,0.35335089125416225,0.08953689201753812,0.3646549113109695,0.04485563740234474,8.129522450881678,0.8289473684210527,1.0633360980120532,-0.026525099262264984,0.19107699394226074
QQQ,1h,1,0.55,0.25,10,30,0.30642695288967287,0.04342942450629472,0.31960973980193935,0.05202867017381158,6.142954235313391,0.5526315789473685,0.8388315218997636,-0.022897511762766776,0.19065356254577637
QQQ,1h,1,0.55,0.25,12,26,0.3090517756690713,0.15255841769591916,0.32516902339834697,0.049941174449492774,6.511040779131087,0.618421052631579,0.9782814722414792,-0.029101176625589975,0.2033078670501709
QQQ,1h,1,0.55,0.25,20,50,0.24984170056327784,0.006154237105920224,0.2604717829590628,0.044864816590701496,5.805702614040044,0.17105263157894737,0.19473559096937246,-0.020228801232517024,0.1740555763244629
QQQ,1h,1,0.55,0.5,8,21,0.6281498470696835,-0.1334352839666716,0.6300750684630725,0.044571827839045716,14.136172982143565,0.8289473684210527,1.17222428132347,-0.03125369047896298,0.19123029708862305
QQQ,1h,1,0.55,0.5,9,21,0.6171805685020836,-0.031373123079113996,0.6236763432728042,0.05198487421413788,11.997265602754663,0.8289473684210527,1.1771318689977235,-0.03125369047896298,0.19517016410827637
QQQ,1h,1,0.55,0.5,10,30,0.5356725362763745,-0.08076266810513266,0.5414563045519862,0.04094028078210936,13.22551517010111,0.5526315789473685,0.8886395039253425,-0.02633937750720261,0.18890690803527832
QQQ,1h,1,0.55,0.5,12,26,0.5303460707716969,0.035778532289724385,0.5489213686491387,0.04366903521667053,12.570036547076942,0.618421052631579,1.02405949695183,-0.03554737396174357,0.18169856071472168
QQQ,1h,1,0.55,0.5,20,50,0.4360429603398075,-0.12062073770711257,0.43232367923017706,0.03715569701466601,11.635461422229039,0.17105263157894737,0.19554817091188156,-0.020228801232517024,0.17057466506958008
QQQ,1h,1,0.55,0.75,8,21,0.84434107303678,-0.24531303630304724,0.8385637776898509,0.0523794215297826,16.00941272734463,0.8289473684210527,1.2675327660122087,-0.03789945979658582,0.19214177131652832
QQQ,1h,1,0.55,0.75,9,21,0.827119858226964,-0.14038245174283748,0.8296128423306037,0.06441079545358194,12.880027897318387,0.8289473684210527,1.2649703280399125,-0.03789945979658582,0.1871964931488037
QQQ,1h,1,0.55,0.75,10,30,0.7184017581034872,-0.19150474358614622,0.7181835560263663,0.0439830445157557,16.328645820984427,0.5526315789473685,0.9255484454578514,-0.029781243251638556,0.18178653717041016
QQQ,1h,1,0.55,0.75,12,26,0.7081589463561193,-0.07069972887156761,0.7275628812337611,0.04827128918703565,15.072373112196983,0.618421052631579,1.0577982591250181,-0.041993571297896826,0.18892931938171387
QQQ,1h,1,0.55,0.75,20,50,0.5851317574427515,-0.2327826385737547,0.5707761059156048,0.042207331274170014,13.5231508054362,0.17105263157894737,0.19586877382874712,-0.020228801232517024,0.1700739860534668
QQQ,1h,1,0.55,1.0,8,21,1.016621916029166,-0.34402946995040573,1.0047402772448515,0.06069285102421201,16.554507825708065,0.8289473684210527,1.34231854514788,-0.04454522911420922,0.2002546787261963
QQQ,1h,1,0.55,1.0,9,21,0.9946411132378598,-0.23844774292047455,0.9938032581444668,0.07565252744149718,13.136418461537644,0.8289473684210527,1.3342268889734006,-0.04454522911420922,0.1948094367980957
QQQ,1h,1,0.55,1.0,10,30,0.8642735411663153,-0.2900632300459033,0.8591296174838877,0.05026079529506165,17.093434603258277,0.5526315789473685,0.9542605857861717,-0.03322310899607428,0.19180607795715332
QQQ,1h,1,0.55,1.0,12,26,0.8503907771788681,-0.16759045906982106,0.8701212898312344,0.054643484312095314,15.92360554575092,0.618421052631579,1.084038872452104,-0.04843976863405053,0.1935410499572754
QQQ,1h,1,0.55,1.0,20,50,0.704326012028435,-0.3318260736958054,0.6815529900576625,0.049561656326630725,13.751618500519058,0.17105263157894737,0.1960547177991675,-0.020228801232517024,0.18365883827209473
QQQ,1h,1,0.7,0.0,8,21,0.23680662647518283,0.23368102814777858,0.2171442156214515,0.32902443961537126,0.6599637883291969,0.3157894736842105,-0.08495350338913922,-0.04336364920888858,0.1998424530029297
QQQ,1h,1,0.7,0.0,9,21,0.222906337723194,0.21522840164460466,0.2518424705192883,0.32251498295551023,0.7808706070379033,0.35526315789473684,0.12367966838648714,-0.04656458614383996,0.19839906692504883
QQQ,1h,1,0.7,0.0,10,30,0.19912885294142765,0.18684497718451598,0.18972434483732725,0.3886368854335876,0.4881789453043267,0.2236842105263158,0.02785091864866286,-0.02314365179979172,0.19513964653015137
QQQ,1h,1,0.7,0.0,12,26,0.26846552516060906,0.2679488661323546,0.24259389847296847,0.3681575581342433,0.6589404267629082,0.23684210526315788,0.01326644256773176,-0.04256006924467948,0.20551586151123047
QQQ,1h,1,0.7,0.0,20,50,0.16747391212146368,0.1425249135212454,0.19832884809498585,0.3346163346411164,0.5927052195694452,0.05263157894736842,-0.08231207173029179,-0.021929341953379478,0.1784517765045166
QQQ,1h,1,0.7,0.25,8,21,0.36491068828352774,0.10176941072023382,0.3714610040078082,0.04295054318618876,8.648575232158082,0.8289473684210527,1.047857927594919,-0.028007024323906116,0.19584107398986816
QQQ,1h,1,0.7,0.25,9,21,0.3555954244579946,0.08051958290519456,0.36881076135133367,0.04236787328460371,8.704962811653749,0.8289473684210527,1.0633353297518553,-0.026525099262264984,0.197218656539917
QQQ,1h,1,0.7,0.25,10,30,0.30995321438876183,0.048407453031351855,0.3201563519600704,0.05097243779980284,6.28096998651512,0.5526315789473685,0.8387018413623903,-0.022897511762766776,0.19556140899658203
QQQ,1h,1,0.7,0.25,12,26,0.3133236921888926,0.138925355042254,0.3274319735396154,0.049107180307372246,6.667700558047709,0.618421052631579,0.9764042505002836,-0.029101176625589975,0.1806039810180664
QQQ,1h,1,0.7,0.25,20,50,0.24877585213214684,-0.0012657427455325942,0.2607491349999538,0.045794712055868735,5.693869953409566,0.17105263157894737,0.19473559096937246,-0.020228801232517024,0.1781773567199707
QQQ,1h,1,0.7,0.5,8,21,0.638199095265432,-0.017818870858781866,0.6370337397052233,0.04520873719488079,14.09094301747844,0.8289473684210527,1.17450775108324,-0.03125369047896298,0.1835191249847412
QQQ,1h,1,0.7,0.5,9,21,0.6225917644224492,-0.040973804907336486,0.6288268506850497,0.05119116396555315,12.283894367164443,0.8289473684210527,1.179056783050214,-0.03125369047896298,0.18947696685791016
QQQ,1h,1,0.7,0.5,10,30,0.5424036229476961,-0.07548372154890881,0.5446141746834544,0.04075701160944393,13.362465823113984,0.5526315789473685,0.8885268911647709,-0.02633937750720261,0.18529438972473145
QQQ,1h,1,0.7,0.5,12,26,0.540022850405949,0.021342401846906167,0.5532071413997476,0.043066203468684255,12.845505218541359,0.618421052631579,1.0236784215421153,-0.03554737396174357,0.19254827499389648
QQQ,1h,1,0.7,0.5,20,50,0.4352944907842005,-0.1285556944813263,0.4332409192996679,0.03794291852854012,11.418228647166144,0.17105263157894737,0.19554817091188156,-0.020228801232517024,0.17799901962280273
QQQ,1h,1,0.7,0.75,8,21,0.8556003114108605,-0.12598262944322125,0.8479641983541548,0.05391419371831908,15.728032636163338,0.8289473684210527,1.2709344215018907,-0.03789945979658582,0.19373035430908203
QQQ,1h,1,0.7,0.75,9,21,0.8349018261966701,-0.150303148047095,0.8358934080539351,0.06402152364667694,13.056443527759159,0.8289473684210527,1.2681667836625052,-0.03789945979658582,0.19324278831481934
QQQ,1h,1,0.7,0.75,10,30,0.7276796169847665,-0.1861305392896071,0.7231660073605527,0.045256394325110576,15.979311170163262,0.5526315789473685,0.925444614845803,-0.029781243251638556,0.18642044067382812
QQQ,1h,1,0.7,0.75,12,26,0.7218518797114355,-0.08559685874487866,0.7334410227377355,0.048286704452594836,15.18929550178324,0.618421052631579,1.058584343789663,-0.041993571297896826,0.19089937210083008
QQQ,1h,1,0.7,0.75,20,50,0.5845322724774121,-0.24101437154369265,0.5721577249458949,0.043185670278597335,13.248786489935627,0.17105263157894737,0.19586877382874712,-0.020228801232517024,0.18977022171020508
QQQ,1h,1,0.7,1.0,8,21,1.0290658191259188,-0.22359284443308436,1.016092945814508,0.0625683113556061,16.23973739741126,0.8289473684210527,1.3466096986089027,-0.04454522911420922,0.1990492343902588
QQQ,1h,1,0.7,1.0,9,21,1.004278432222176,-0.24847274292297838,1.001051405702881,0.07540554236897576,13.275568005393001,0.8289473684210527,1.3383886655271924,-0.04454522911420922,0.19644618034362793
QQQ,1h,1,0.7,1.0,10,30,0.875576683623422,-0.28475095364118663,0.8655147714968274,0.05267169446545217,16.432256077588814,0.5526315789473685,0.9541640381989467,-0.03322310899607428,0.18802452087402344
QQQ,1h,1,0.7,1.0,12,26,0.8672237525436128,-0.18266288043541923,0.8772634812825141,0.05525779695811645,15.875831639604638,0.618421052631579,1.0857564206052128,-0.04843976863405053,0.18887114524841309
QQQ,1h,1,0.7,1.0,20,50,0.703824491714197,-0.340173068022806,0.6832894155742701,0.05077926826077901,13.456070537787378,0.17105263157894737,0.1960547177991675,-0.020228801232517024,0.23246312141418457
QQQ,1h,1,0.85,0.0,8,21,0.26151436759863256,0.2642673296426781,0.18769843194014774,0.3491612871724827,0.5375694237472161,0.3157894736842105,-0.16901778445884777,-0.03992895137758534,0.21575379371643066
QQQ,1h,1,0.85,0.0,9,21,0.2687791773495895,0.27367524584724956,0.2621799412709536,0.33190497024443094,0.7899247217595795,0.3684210526315789,0.04004839810765251,-0.04336364920888858,0.19765710830688477
QQQ,1h,1,0.85,0.0,10,30,0.2041644864389451,0.19273797366432754,0.22115006424442085,0.3640750958943057,0.6074298042858244,0.2236842105263158,0.002646385187586361,-0.04256006924467948,0.18694615364074707
QQQ,1h,1,0.85,0.0,12,26,0.23726977642655295,0.23067757201916295,0.2590956786066526,0.38987638174078343,0.6645585389137966,0.25,0.04906915096683394,-0.03977727267051845,0.18982672691345215
QQQ,1h,1,0.85,0.0,20,50,0.15484751189907986,0.12945601115187055,0.18736593781869745,0.33834403231444155,0.5537734374595621,0.039473684210526314,-0.11360594556969704,-0.027254584217823896,0.18640613555908203
QQQ,1h,1,0.85,0.25,8,21,0.3682479641035173,0.1361332416789649,0.37615427881170066,0.04126937445175113,9.114610623707668,0.8289473684210527,1.0309063626935355,-0.027612544917970383,0.21787047386169434
QQQ,1h,1,0.85,0.25,9,21,0.36416936267510364,0.146018038429653,0.3726690647792563,0.043851534465754995,8.498427006477618,0.8289473684210527,1.0810083634623413,-0.025303486409563147,0.20702815055847168
QQQ,1h,1,0.85,0.25,10,30,0.3121276042504795,0.05447634987354766,0.3253843616491308,0.05050476139045873,6.442647241386668,0.5526315789473685,0.843677665640222,-0.023815083055705788,0.17556357383728027
QQQ,1h,1,0.85,0.25,12,26,0.3157705448812053,0.09670498827743801,0.33212758353316174,0.048225991105524356,6.886900111734895,0.618421052631579,0.9881078062691284,-0.02613666453640484,0.1779789924621582
QQQ,1h,1,0.85,0.25,20,50,0.24744704688407415,-0.01554911983879459,0.2611494341853589,0.044199366857131904,5.908442874973456,0.15789473684210525,0.16970592533776455,-0.0184423187708731,0.17602205276489258
QQQ,1h,1,0.85,0.5,8,21,0.6422478845533458,0.019175828102923953,0.6479469213803919,0.04874056644617443,13.29379136567766,0.8289473684210527,1.166356107407166,-0.03227912096767427,0.1952807903289795
QQQ,1h,1,0.85,0.5,9,21,0.6338567501038352,0.02937724370078887,0.6351700095494001,0.05262364734970915,12.070049142135538,0.8289473684210527,1.202141558127342,-0.03227912096767427,0.19384384155273438
QQQ,1h,1,0.85,0.5,10,30,0.5461223572115694,-0.06951616573389152,0.551756162481915,0.04498434409823855,12.265515337446478,0.5526315789473685,0.8940962912509999,-0.027253716634387137,0.18294906616210938
QQQ,1h,1,0.85,0.5,12,26,0.5485537315603719,-0.024475373020975244,0.5602434709287017,0.040649342257754496,13.78235021310404,0.618421052631579,1.0353960948999672,-0.03003942866613274,0.18272614479064941
QQQ,1h,1,0.85,0.5,20,50,0.4345643830767318,-0.1435140325766442,0.43577536940055717,0.03580828535706437,12.16967986752781,0.15789473684210525,0.1708840068691983,-0.0184423187708731,0.18532776832580566
QQQ,1h,1,0.85,0.75,8,21,0.8605248269498639,-0.08733273844787692,0.8635518659216815,0.06203896367473087,13.919508237585461,0.8289473684210527,1.2690343572373954,-0.03930015987656155,0.20202374458312988
QQQ,1h,1,0.85,0.75,9,21,0.848888757858067,-0.0769562531790734,0.8443719511180034,0.06589567895629948,12.81376813308156,0.8289473684210527,1.2949736305239512,-0.03930015987656155,0.20008182525634766
QQQ,1h,1,0.85,0.75,10,30,0.7326626923082727,-0.1804601944123545,0.7322786398353814,0.05102202095847539,14.35220765620694,0.5526315789473685,0.9312275938367778,-0.030987702171036413,0.1892542839050293
QQQ,1h,1,0.85,0.75,12,26,0.7346101704965635,-0.1338386202672165,0.7425651938609742,0.0454337323045772,16.343917970088597,0.618421052631579,1.0702731021358158,-0.03394219279586064,0.1900322437286377
QQQ,1h,1,0.85,0.75,20,50,0.5840417319315258,-0.25621575487074366,0.5761336878395852,0.041549325500306926,13.866258498837226,0.15789473684210525,0.17134073215549234,-0.0184423187708731,0.18948125839233398
QQQ,1h,1,0.85,1.0,8,21,1.0347433442816865,-0.1841087513191314,1.035357712314207,0.07410388560775948,13.971706123407298,0.8289473684210527,1.3494839788144766,-0.04629563660919256,0.22935247421264648
QQQ,1h,1,0.85,1.0,9,21,1.0205512329842674,-0.17368096566146962,1.0112608282659716,0.0777237263394725,13.010966868072,0.8289473684210527,1.3679869644577964,-0.04629563660919256,0.20928144454956055
QQQ,1h,1,0.85,1.0,10,30,0.8815654521506263,-0.27950910323434874,0.8762866860986831,0.05868844198584348,14.931162873774301,0.5526315789473685,0.9600602561434395,-0.03654546353356858,0.18566060066223145
QQQ,1h,1,0.85,1.0,12,26,0.8832202784852865,-0.2323207821194908,0.8880916549675808,0.052319571691641927,16.97436783698774,0.618421052631579,1.0974068153894776,-0.03784495692558876,0.19992947578430176
QQQ,1h,1,0.85,1.0,20,50,0.7034710385507172,-0.3552775130953596,0.6883537311047329,0.04977692127571555,13.82877272163791,0.15789473684210525,0.17160240970926388,-0.0184423187708731,0.19097685813903809
QQQ,1h,1,1.0,0.0,8,21,0.23798863121275504,0.23592866904400167,0.2401655269232572,0.3504005914971822,0.6854027440338625,0.3026315789473684,-0.15701015891586456,-0.03992895137758534,0.20121169090270996
QQQ,1h,1,1.0,0.0,9,21,0.25852839437912056,0.2596565005008069,0.26464238550045605,0.33402630696663815,0.7922800689075306,0.35526315789473684,0.049333241319065746,-0.04336364920888858,0.19928717613220215
QQQ,1h,1,1.0,0.0,10,30,0.21955838876654243,0.21124977122633037,0.2442894183729305,0.3693817845694032,0.6613466840486038,0.21052631578947367,-0.001076710593769973,-0.04256006924467948,0.1879863739013672
QQQ,1h,1,1.0,0.0,12,26,0.23929060240212777,0.23379083272943735,0.2493840643041795,0.3903094668628053,0.6389393173285202,0.25,0.0677278642670662,-0.03977727267051845,0.1912097930908203
QQQ,1h,1,1.0,0.0,20,50,0.16859710987022716,0.14450238991419573,0.17572437745132968,0.35246504178491445,0.49855831534794415,0.039473684210526314,-0.11360594556969704,-0.027254584217823896,0.1767270565032959
QQQ,1h,1,1.0,0.25,8,21,0.3706500482122184,0.10457867771997043,0.38239032926577193,0.04052954384549683,9.434854009793122,0.8289473684210527,1.0492298368424364,-0.02561059463531279,0.1987757682800293
QQQ,1h,1,1.0,0.25,9,21,0.3660389616711965,0.1302901186733867,0.37728500508346097,0.043507870037246314,8.6716496293768,0.8289473684210527,1.0991585014619742,-0.024747278957658714,0.20020174980163574
QQQ,1h,1,1.0,0.25,10,30,0.31527072227776787,0.0748903558309284,0.3302589815996009,0.05040471910541214,6.552144074226966,0.5526315789473685,0.8343576225385793,-0.022043719954689456,0.19686603546142578
QQQ,1h,1,1.0,0.25,12,26,0.3174276238644238,0.10003195753395433,0.3341147341676013,0.04692812917419011,7.119711355366799,0.618421052631579,1.0044608326216327,-0.023815083055705788,0.2023310661315918
QQQ,1h,1,1.0,0.25,20,50,0.24920719574351935,0.0007532868071609133,0.2609386059093117,0.04472351330840006,5.834483621846894,0.15789473684210525,0.16970592533776455,-0.0184423187708731,0.18326210975646973
QQQ,1h,1,1.0,0.5,8,21,0.6494722562113949,-0.01449701903365097,0.6537200687527758,0.04682540488729777,13.96079906465708,0.8289473684210527,1.1847878880991152,-0.03169897223081597,0.19648122787475586
QQQ,1h,1,1.0,0.5,9,21,0.6389031004485005,0.012466956265302365,0.6426758432939315,0.050038050956351686,12.843742532148967,0.8289473684210527,1.2209218470256025,-0.03169897223081597,0.19106817245483398
QQQ,1h,1,1.0,0.5,10,30,0.5503038842942879,-0.04794302825339325,0.5582755530007028,0.04555588655047504,12.254740172428525,0.5526315789473685,0.8876972953160966,-0.025128222636387476,0.1969435214996338
QQQ,1h,1,1.0,0.5,12,26,0.5517428984733282,-0.021072414376477222,0.5654465925341373,0.040925790872991266,13.816387673214166,0.618421052631579,1.051183044888932,-0.027253716634387137,0.21750235557556152
QQQ,1h,1,1.0,0.5,20,50,0.435778017466646,-0.12658502658613013,0.43694980647139114,0.03783695094164821,11.548229854600361,0.15789473684210525,0.1708840068691983,-0.0184423187708731,0.1728062629699707
QQQ,1h,1,1.0,0.75,8,21,0.871202796031255,-0.12220926780516417,0.8697799579769635,0.060078372726565236,14.477422048955853,0.8289473684210527,1.2877736053997124,-0.03862580361078405,0.19907283782958984
QQQ,1h,1,1.0,0.75,9,21,0.8562562390488936,-0.0946023917092792,0.8543190455043878,0.0620392591883203,13.770619712126162,0.8289473684210527,1.3143820022352162,-0.03862580361078405,0.18805193901062012
QQQ,1h,1,1.0,0.75,10,30,0.7378879993145916,-0.15833430434407314,0.7404276354390924,0.05234494318350073,14.145160743482805,0.5526315789473685,0.927234126142174,-0.02821272531808583,0.17870497703552246
QQQ,1h,1,1.0,0.75,12,26,0.7390366285309308,-0.13046499690330504,0.7501493229836429,0.046838900379134935,16.01551951287498,0.618421052631579,1.085661498389366,-0.03069235021306793,0.1812434196472168
QQQ,1h,1,1.0,0.75,20,50,0.5850678486239783,-0.23915265582345324,0.578198367185523,0.04567608376974707,12.65866771985572,0.15789473684210525,0.17134073215549234,-0.0184423187708731,0.1690974235534668
QQQ,1h,1,1.0,1.0,8,21,1.0481016354340145,-0.21943609300145717,1.0421123947038813,0.07219330635581428,14.435027945218248,0.8289473684210527,1.3684735244015227,-0.045527773097562285,0.18488621711730957
QQQ,1h,1,1.0,1.0,9,21,1.0297282353868973,-0.1916885870949787,1.0231839994227074,0.0729666545390816,14.022624524668055,0.8289473684210527,1.3878777395612587,-0.045527773097562285,0.18912625312805176
QQQ,1h,1,1.0,1.0,10,30,0.887665985382281,-0.25731821065523375,0.8857920575495626,0.0605654222456744,14.625375745858458,0.5526315789473685,0.9580032780352729,-0.03287381481979612,0.19239377975463867
QQQ,1h,1,1.0,1.0,12,26,0.8886379420143713,-0.22905484201513826,0.897532919507656,0.054385016986860865,16.50331229508479,0.618421052631579,1.1124410034059875,-0.03413098379174906,0.19014883041381836
QQQ,1h,1,1.0,1.0,20,50,0.7043899625420716,-0.3384582951873013,0.6910809675242264,0.0554078818366396,12.472611199283113,0.15789473684210525,0.17160240970926388,-0.0184423187708731,0.1778416633605957
QQQ,1h,2,0.0,0.0,8,21,0.2297431114392991,0.2188654131259855,0.27527171871054207,0.4082915509093287,0.6742038087672134,0.35526315789473684,0.146959372942196,-0.039821817501699,0.1940772533416748
QQQ,1h,2,0.0,0.0,9,21,0.26997897996673303,0.26771492829145016,0.24534550119692672,0.37069455410234753,0.6618535354290305,0.34210526315789475,0.20473026152590182,-0.043732886394649007,0.19073057174682617
QQQ,1h,2,0.0,0.0,10,30,0.2145616343111148,0.1975159837410818,0.2273292295795109,0.36263924407864656,0.6268743201169077,0.18421052631578946,-0.033473687372806094,-0.024348240070546923,0.19620251655578613
QQQ,1h,2,0.0,0.0,12,26,0.2641995180626549,0.2534254433212795,0.27881469402962394,0.3631157595387052,0.7678396949331652,0.2236842105263158,0.09092974441346391,-0.024348240070546923,0.17609500885009766
QQQ,1h,2,0.0,0.0,20,50,0.22815678052601374,0.21213594104357525,0.22253118251686863,0.34972082321962644,0.6363109307252143,0.05263157894736842,-0.05787037572488499,-0.020228801232517024,0.16443419456481934
QQQ,1h,2,0.0,0.25,8,21,0.329790372192826,0.08695271097231472,0.34713905082248975,0.04213152183707238,8.239413998974873,0.8289473684210527,1.1571692955192037,-0.027203536936614703,0.1822037696838379
QQQ,1h,2,0.0,0.25,9,21,0.32795229693091216,0.13796837347741642,0.34298765685903976,0.04548673912110167,7.54038789076276,0.8157894736842105,1.1573203772775302,-0.027203536936614703,0.1936659812927246
QQQ,1h,2,0.0,0.25,10,30,0.30152685095257126,0.05918870198102688,0.3090433936105109,0.04834763324967303,6.392110075266216,0.5394736842105263,0.7911325226482853,-0.024348240070546923,0.18738651275634766
QQQ,1h,2,0.0,0.25,12,26,0.29982875393036473,0.1212198786192844,0.31242666851019585,0.05113314340337773,6.110061844732153,0.6052631578947368,0.9928263112934622,-0.03307685005175842,0.17683649063110352
QQQ,1h,2,0.0,0.25,20,50,0.24750431469858536,0.0757485201654704,0.2572708782336254,0.050605561274466006,5.083845959899199,0.15789473684210525,0.15179747138701435,-0.020228801232517024,0.17109417915344238
QQQ,1h,2,0.0,0.5,8,21,0.5730930861063099,-0.03247180340573441,0.588382896136002,0.03803516578556629,15.469444762070252,0.8289473684210527,1.2512256726433857,-0.0343078922254374,0.2070457935333252
QQQ,1h,2,0.0,0.5,9,21,0.5653208427114823,0.019587731770734695,0.5794951841417815,0.042115550549848606,13.75964878948649,0.8157894736842105,1.244151489046473,-0.0343078922254374,0.19728422164916992
QQQ,1h,2,0.0,0.5,10,30,0.5234897846306948,-0.06497975566034975,0.5215598485996271,0.037451785464246753,13.926167795058339,0.5394736842105263,0.8314564051033592,-0.024348240070546923,0.18448925018310547
QQQ,1h,2,0.0,0.5,12,26,0.5149285832289439,0.0009668153149513525,0.522995821579847,0.04083368501739617,12.80795062598533,0.6052631578947368,1.029421357706628,-0.04180546003296981,0.18977880477905273
QQQ,1h,2,0.0,0.5,20,50,0.4229590691880639,-0.046797770455211385,0.4201760332820479,0.04081576676030803,10.294453997386498,0.15789473684210525,0.15194089377234643,-0.020228801232517024,0.17680096626281738
QQQ,1h,2,0.0,0.75,8,21,0.7670762115539504,-0.14034492737461246,0.7810160315602035,0.0459685582891953,16.990222461333484,0.8289473684210527,1.3216751709561994,-0.04141224751426009,0.19749045372009277
QQQ,1h,2,0.0,0.75,9,21,0.7552894093863839,-0.08816479533294075,0.7681365832849611,0.05006047631388474,15.344172485868086,0.8157894736842105,1.3088165288577975,-0.04141224751426009,0.19471025466918945
QQQ,1h,2,0.0,0.75,10,30,0.7007285178767855,-0.17617879152272742,0.691558504646837,0.03905140311285527,17.70892847686653,0.5394736842105263,0.8613041797643863,-0.02632314160338889,0.19266963005065918
QQQ,1h,2,0.0,0.75,12,26,0.6876248509488414,-0.1081447178610272,0.6921208782336598,0.04175796681186808,16.574582794029887,0.6052631578947368,1.0554393856246367,-0.0505340700141812,0.19648981094360352
QQQ,1h,2,0.0,0.75,20,50,0.564800060343717,-0.15671956631335593,0.5524285413724912,0.04541234969071045,12.164720503011011,0.15789473684210525,0.1520432565673453,-0.020228801232517024,0.1842195987701416
QQQ,1h,2,0.0,1.0,8,21,0.9219522427575767,-0.23756833190434135,0.934790215938652,0.054942142171089926,17.014083888970212,0.8289473684210527,1.3768481294626338,-0.04851660280308279,0.1914522647857666
QQQ,1h,2,0.0,1.0,9,21,0.9071025388677793,-0.18601597125414093,0.9186601432918898,0.05912604975461965,15.537316413060605,0.8157894736842105,1.35936382241367,-0.04851660280308279,0.19694232940673828
QQQ,1h,2,0.0,1.0,10,30,0.8422906425329173,-0.2755356018463264,0.8273193600862543,0.04377286899680755,18.900277250426342,0.5394736842105263,0.8845315173189411,-0.029320224457686894,0.19283843040466309
QQQ,1h,2,0.0,1.0,12,26,0.8257600155018145,-0.20690857284383513,0.8273235493452844,0.04559295098381156,18.14586534745333,0.6052631578947368,1.0754769432044988,-0.0592626799953927,0.2059917449951172
QQQ,1h,2,0.0,1.0,20,50,0.6784922018013094,-0.2551494667517814,0.6584664547875255,0.05271120223731407,12.491964266400274,0.15789473684210525,0.15211998321895703,-0.020228801232517024,0.19491887092590332
QQQ,1h,2,0.1,0.0,8,21,0.24766919836393725,0.24082202036001865,0.27859708649142767,0.3994234726623017,0.6974980329385188,0.34210526315789475,0.12967281378265055,-0.039821817501699,0.1941220760345459
QQQ,1h,2,0.1,0.0,9,21,0.276247049925495,0.2749473332588126,0.24622414814711538,0.3788381682008092,0.6499454617165195,0.34210526315789475,0.21042875266155198,-0.043732886394649007,0.2028663158416748
QQQ,1h,2,0.1,0.0,10,30,0.24835517703585774,0.2363893022587047,0.22524986920411316,0.36549717532444764,0.6162834747058208,0.18421052631578946,-0.033473687372806094,-0.024348240070546923,0.1953747272491455
QQQ,1h,2,0.1,0.0,12,26,0.3049941865610821,0.3020111263928793,0.2941542655250433,0.3612499994943012,0.8142678641849622,0.2236842105263158,0.09092974441346391,-0.024348240070546923,0.19899415969848633
QQQ,1h,2,0.1,0.0,20,50,0.24212261112664094,0.22790412252793435,0.23115356689753366,0.35763209920401257,0.6463445742482731,0.05263157894736842,-0.05787037572488499,-0.020228801232517024,0.18501663208007812
QQQ,1h,2,0.1,0.25,8,21,0.33283988318389146,0.11141416833257467,0.3493813394691808,0.04251783819332465,8.217288420934677,0.8289473684210527,1.1565939159981697,-0.027203536936614703,0.2075366973876953
QQQ,1h,2,0.1,0.25,9,21,0.3284809164653151,0.14616241936666108,0.34566567821546473,0.04508494448612455,7.666986887870021,0.8157894736842105,1.157369597773096,-0.027203536936614703,0.20991921424865723
QQQ,1h,2,0.1,0.25,10,30,0.3043418931474266,0.10243227266450416,0.3089583003422619,0.04961677521523064,6.226891993726798,0.5394736842105263,0.7911325226482853,-0.024348240070546923,0.2081773281097412
QQQ,1h,2,0.1,0.25,12,26,0.3035005089953276,0.1758162744515417,0.31394272508951987,0.051419739122853386,6.10549042925791,0.6052631578947368,0.9928263112934622,-0.03307685005175842,0.19173288345336914
QQQ,1h,2,0.1,0.25,20,50,0.2491499738426137,0.0935414214514434,0.2582622775746356,0.051168390559435416,5.047301170722717,0.15789473684210525,0.15179747138701435,-0.020228801232517024,0.19537639617919922
QQQ,1h,2,0.1,0.5,8,21,0.5771068440144006,-0.00635615770865261,0.5920777101759283,0.03641544114938394,16.258973981589257,0.8289473684210527,1.2508314003813445,-0.0343078922254374,0.20366287231445312
QQQ,1h,2,0.1,0.5,9,21,0.5657375346135716,0.028482755173037555,0.5845119890089697,0.04078627760680051,14.331094262730929,0.8157894736842105,1.2441586077640499,-0.0343078922254374,0.19748592376708984
QQQ,1h,2,0.1,0.5,10,30,0.5251633080708735,-0.018883411513922033,0.5220576119305722,0.039705410104794545,13.148274014868624,0.5394736842105263,0.8314564051033592,-0.024348240070546923,0.21242642402648926
QQQ,1h,2,0.1,0.5,12,26,0.5171804354603599,0.05974985459865212,0.5245197127959831,0.04224386992065451,12.416469271900844,0.6052631578947368,1.029421357706628,-0.04180546003296981,0.2020125389099121
QQQ,1h,2,0.1,0.5,20,50,0.42399327233726397,-0.027665071562121835,0.4208056452873682,0.040495963162443756,10.391298599304001,0.15789473684210525,0.15194089377234643,-0.020228801232517024,0.20122480392456055
QQQ,1h,2,0.1,0.75,8,21,0.7721016809402255,-0.11328551501503326,0.7859125890789198,0.04303111583990504,18.26382081289422,0.8289473684210527,1.3213541756112486,-0.04141224751426009,0.20521855354309082
QQQ,1h,2,0.1,0.75,9,21,0.7556945768592847,-0.078795009809554,0.7750162796915996,0.04820621414853221,16.077103198845524,0.8157894736842105,1.3088126978681622,-0.04141224751426009,0.19734907150268555
QQQ,1h,2,0.1,0.75,10,30,0.7020316149421417,-0.12849357389865634,0.6924881661116481,0.041714783068449265,16.600545781943847,0.5394736842105263,0.8613041797643863,-0.02632314160338889,0.19315648078918457
QQQ,1h,2,0.1,0.75,12,26,0.6893948887538972,-0.04673037784625489,0.6938588647914863,0.043714831212156774,15.872390343315091,0.6052631578947368,1.0554393856246367,-0.0505340700141812,0.20335173606872559
QQQ,1h,2,0.1,0.75,20,50,0.5656075143608779,-0.13681385748724073,0.5529377171625081,0.044864728105958686,12.324552950741497,0.15789473684210525,0.1520432565673453,-0.020228801232517024,0.18253207206726074
QQQ,1h,2,0.1,1.0,8,21,0.9278311050912194,-0.21015131625933314,0.9406511627185843,0.051253626163080906,18.352870482287077,0.8289473684210527,1.3765727794769504,-0.04851660280308279,0.19123387336730957
QQQ,1h,2,0.1,1.0,9,21,0.9075064058323173,-0.17636581988674893,0.9270246378924065,0.05694233500888129,16.280060130091584,0.8157894736842105,1.3593564542808487,-0.04851660280308279,0.19352364540100098
QQQ,1h,2,0.1,1.0,10,30,0.843403701143893,-0.22730103411001779,0.8285842600148037,0.04644709289617431,17.83931368680022,0.5394736842105263,0.8845315173189411,-0.029320224457686894,0.19205331802368164
QQQ,1h,2,0.1,1.0,12,26,0.8272723043002621,-0.14417470801927357,0.8292708810855135,0.04771086172416574,17.381175923416293,0.6052631578947368,1.0754769432044988,-0.0592626799953927,0.19954943656921387
QQQ,1h,2,0.1,1.0,20,50,0.6791708941991964,-0.23493446488947234,0.6589116277623587,0.052140667546263085,12.637192018643091,0.15789473684210525,0.15211998321895703,-0.020228801232517024,0.18238329887390137
QQQ,1h,2,0.25,0.0,8,21,0.2781102497811269,0.2788696702893041,0.2553876871059813,0.4089400460166092,0.6245113179637307,0.34210526315789475,0.12967281378265055,-0.039821817501699,0.1902143955230713
QQQ,1h,2,0.25,0.0,9,21,0.24765490623331263,0.24193180328358577,0.2754431078531271,0.3938157479460049,0.6994212630899982,0.34210526315789475,0.21042875266155198,-0.043732886394649007,0.20751094818115234
QQQ,1h,2,0.25,0.0,10,30,0.2539171827187311,0.24382456448022483,0.2016107092127835,0.4093048596919575,0.49256856946315164,0.18421052631578946,-0.033473687372806094,-0.024348240070546923,0.17876911163330078
QQQ,1h,2,0.25,0.0,12,26,0.33152226965089354,0.33360388653706985,0.28670906786311373,0.3718220696323711,0.7710921198050172,0.2236842105263158,0.09092974441346391,-0.024348240070546923,0.19100451469421387
QQQ,1h,2,0.25,0.0,20,50,0.25729294407377257,0.2443964869816062,0.21492337214518767,0.35194610657983877,0.6106712593975874,0.05263157894736842,-0.05787037572488499,-0.020228801232517024,0.17945122718811035
QQQ,1h,2,0.25,0.25,8,21,0.33695755211827116,0.1525538615073727,0.35347859549958505,0.041762044508421844,8.464111363807909,0.8289473684210527,1.1565939159981697,-0.027203536936614703,0.24592804908752441
QQQ,1h,2,0.25,0.25,9,21,0.33477307824162017,0.10966203490940307,0.35353919009852813,0.04614075694427976,7.662188778685776,0.8157894736842105,1.157369597773096,-0.027203536936614703,0.2228856086730957
QQQ,1h,2,0.25,0.25,10,30,0.30670770622666355,0.11081495945244102,0.3083660571620973,0.05119756437589874,6.023061075680012,0.5394736842105263,0.7911325226482853,-0.024348240070546923,0.19227218627929688
QQQ,1h,2,0.25,0.25,12,26,0.3057150519478533,0.21180702699197518,0.3175430215357724,0.048133969465689576,6.597066999889145,0.6052631578947368,0.9928263112934622,-0.03307685005175842,0.1865077018737793
QQQ,1h,2,0.25,0.25,20,50,0.25028911948562554,0.1116467638956069,0.25571437645583317,0.04854019601054315,5.268095258624231,0.15789473684210525,0.15179747138701435,-0.020228801232517024,0.1916654109954834
QQQ,1h,2,0.25,0.5,8,21,0.5817834062248692,0.036854253583147756,0.6025865268287052,0.0355020611463026,16.973282884773077,0.8289473684210527,1.2508314003813445,-0.0343078922254374,0.19738507270812988
QQQ,1h,2,0.25,0.5,9,21,0.5806376919790202,-0.010184569350915829,0.5969448283180876,0.04493349994563942,13.2850730310408,0.8157894736842105,1.2441586077640499,-0.0343078922254374,0.19725918769836426
QQQ,1h,2,0.25,0.5,10,30,0.529008147827445,-0.009824471109021848,0.5245724981132447,0.03979431520101003,13.18209637390444,0.5394736842105263,0.8314564051033592,-0.024348240070546923,0.18951702117919922
QQQ,1h,2,0.25,0.5,12,26,0.5185325199027291,0.09903671728628227,0.5321307853985491,0.041839201360900594,12.718473777939602,0.6052631578947368,1.029421357706628,-0.04180546003296981,0.19007515907287598
QQQ,1h,2,0.25,0.5,20,50,0.4245503321447495,-0.00861357053690548,0.4199833384189843,0.04132159299158846,10.16377414356889,0.15789473684210525,0.15194089377234643,-0.020228801232517024,0.17268729209899902
QQQ,1h,2,0.25,0.75,8,21,0.7776511739224164,-0.06887909654259738,0.8011720728088818,0.04176154149341882,19.1844468417225,0.8289473684210527,1.3213541756112486,-0.04141224751426009,0.19025373458862305
QQQ,1h,2,0.25,0.75,9,21,0.7768632743592361,-0.11854626831600545,0.7913630028458709,0.05320230219175106,14.874600726743937,0.8157894736842105,1.3088126978681622,-0.04141224751426009,0.18256402015686035
QQQ,1h,2,0.25,0.75,10,30,0.7071133318112282,-0.11899048960715763,0.6970132593352508,0.042824245044053466,16.276136534765076,0.5394736842105263,0.8613041797643863,-0.02632314160338889,0.1852869987487793
QQQ,1h,2,0.25,0.75,12,26,0.6904746222802705,-0.0051149039615012715,0.7044876113880105,0.046403554236678905,15.18175973751511,0.6052631578947368,1.0554393856246367,-0.0505340700141812,0.19157695770263672
QQQ,1h,2,0.25,0.75,20,50,0.5659989696020237,-0.11735428599722564,0.5530530284444426,0.04622217826700691,11.965100935954986,0.15789473684210525,0.1520432565673453,-0.020228801232517024,0.17119145393371582
QQQ,1h,2,0.25,1.0,8,21,0.9341583624163278,-0.16529001649330977,0.9596333165476569,0.04960687030695546,19.344766372272133,0.8289473684210527,1.3765727794769504,-0.04851660280308279,0.19261431694030762
QQQ,1h,2,0.25,1.0,9,21,0.9335557627530904,-0.21632328853231242,0.946553576408883,0.06198210065701145,15.271402007602147,0.8157894736842105,1.3593564542808487,-0.04851660280308279,0.21913433074951172
QQQ,1h,2,0.25,1.0,10,30,0.8494809102547082,-0.2175507126736388,0.8346205747603316,0.04888803125756148,17.07208397006663,0.5394736842105263,0.8845315173189411,-0.029320224457686894,0.20895838737487793
QQQ,1h,2,0.25,1.0,12,26,0.8282132446318454,-0.10107255485844291,0.8422691035048662,0.05274024121423134,15.9701412832672,0.6052631578947368,1.0754769432044988,-0.0592626799953927,0.17887210845947266
QQQ,1h,2,0.25,1.0,20,50,0.6794902256900416,-0.21549474302395266,0.6596827558555918,0.05306448169729795,12.431719575038889,0.15789473684210525,0.15211998321895703,-0.020228801232517024,0.16826534271240234
QQQ,1h,2,0.4,0.0,8,21,0.26006667935034233,0.2578746052027103,0.2576370742932049,0.41791039886373615,0.6164887856193548,0.34210526315789475,0.12967281378265055,-0.039821817501699,0.18157553672790527
QQQ,1h,2,0.4,0.0,9,21,0.2521807192343968,0.24899394915694173,0.27231483929381645,0.4169238535252606,0.6531524569565493,0.34210526315789475,0.21042875266155198,-0.043732886394649007,0.18607735633850098
QQQ,1h,2,0.4,0.0,10,30,0.27363990376805025,0.26762470984387443,0.20505226615485422,0.41953077752724033,0.4887657286157988,0.18421052631578946,-0.033473687372806094,-0.024348240070546923,0.18041086196899414
QQQ,1h,2,0.4,0.0,12,26,0.3576152825530916,0.3673837094085388,0.2875909388098678,0.3780269625474794,0.7607683242269974,0.2236842105263158,0.09092974441346391,-0.024348240070546923,0.1851658821105957
QQQ,1h,2,0.4,0.0,20,50,0.23906230442920878,0.22168988144220925,0.21640142761518583,0.35139052879757426,0.6158430859126779,0.05263157894736842,-0.05787037572488499,-0.020228801232517024,0.18082737922668457
QQQ,1h,2,0.4,0.25,8,21,0.34386109078661337,0.1286188958900465,0.3613949843080902,0.04654619143310036,7.76422244615897,0.8289473684210527,1.1565939159981697,-0.027203536936614703,0.19725608825683594
QQQ,1h,2,0.4,0.25,9,21,0.3405726098109737,0.11822953515624923,0.35828198847934517,0.04487245833681869,7.984451972522489,0.8157894736842105,1.157369597773096,-0.027203536936614703,0.19781041145324707
QQQ,1h,2,0.4,0.25,10,30,0.3083778526360048,0.13754151983615004,0.3096685722919469,0.052402759537457676,5.909394372076812,0.5394736842105263,0.7911325226482853,-0.024348240070546923,0.19063091278076172
QQQ,1h,2,0.4,0.25,12,26,0.3077715145750233,0.250330984779755,0.3229274085602517,0.05237795130754986,6.165331031450715,0.6052631578947368,0.9928263112934622,-0.03307685005175842,0.18573451042175293
QQQ,1h,2,0.4,0.25,20,50,0.2503598567364053,0.0862725727901974,0.255882714787229,0.04869104712255816,5.255231298336171,0.15789473684210525,0.15179747138701435,-0.020228801232517024,0.1790447235107422
QQQ,1h,2,0.4,0.5,8,21,0.5966784667937048,0.01071549686119777,0.6137591678147629,0.040517265826276634,15.148089469964237,0.8289473684210527,1.2508314003813445,-0.0343078922254374,0.20609474182128906
QQQ,1h,2,0.4,0.5,9,21,0.5906981308990593,-0.0006124976167487528,0.6055167162209941,0.04624216533492628,13.094471503125156,0.8157894736842105,1.2441586077640499,-0.0343078922254374,0.20868992805480957
QQQ,1h,2,0.4,0.5,10,30,0.5300223929411966,0.01893695296745923,0.5265651840499687,0.03995159313010029,13.180079761406171,0.5394736842105263,0.8314564051033592,-0.024348240070546923,0.1932680606842041
QQQ,1h,2,0.4,0.5,12,26,0.5196866898736737,0.14113582941764946,0.5378900897503935,0.045836954700178296,11.734856586105213,0.6052631578947368,1.029421357706628,-0.04180546003296981,0.19283199310302734
QQQ,1h,2,0.4,0.5,20,50,0.42762278258406977,-0.035786254240008586,0.4201084625173645,0.04140053513555302,10.147416238506375,0.15789473684210525,0.15194089377234643,-0.020228801232517024,0.18067502975463867
QQQ,1h,2,0.4,0.75,8,21,0.7984908249971249,-0.0965725979144425,0.8148993822432447,0.046414647956599074,17.55694415705215,0.8289473684210527,1.3213541756112486,-0.04141224751426009,0.2162611484527588
QQQ,1h,2,0.4,0.75,9,21,0.7902952098022568,-0.10837534357916767,0.8030187218326891,0.05732167829449265,14.008988322134341,0.8157894736842105,1.3088126978681622,-0.04141224751426009,0.2152397632598877
QQQ,1h,2,0.4,0.75,10,30,0.7079240649623948,-0.08895184508041898,0.6996281138438641,0.04281156307700402,16.342036206093706,0.5394736842105263,0.8613041797643863,-0.02632314160338889,0.26194334030151367
QQQ,1h,2,0.4,0.75,12,26,0.691365836624224,0.03953099648932712,0.7105290985179142,0.04990600279814151,14.237347386682995,0.6052631578947368,1.0554393856246367,-0.0505340700141812,0.20527982711791992
QQQ,1h,2,0.4,0.75,20,50,0.5710052381053242,-0.14559396163836058,0.5531731522865292,0.04625848203370876,11.95830749230875,0.15789473684210525,0.1520432565673453,-0.020228801232517024,0.19195961952209473
QQQ,1h,2,0.4,1.0,8,21,0.9596600760091089,-0.19397161669796104,0.9753701071360392,0.05398859984720058,18.06622342302908,0.8289473684210527,1.3765727794769504,-0.04851660280308279,0.19616174697875977
QQQ,1h,2,0.4,1.0,9,21,0.949673538319348,-0.20587807943230418,0.9606770701377405,0.06814007574124502,14.09856181824355,0.8157894736842105,1.3593564542808487,-0.04851660280308279,0.19218111038208008
QQQ,1h,2,0.4,1.0,10,30,0.8501896066699027,-0.18687184673772417,0.8377440237233419,0.04902681901659879,17.087464382294733,0.5394736842105263,0.8845315173189411,-0.029320224457686894,0.1797657012939453
QQQ,1h,2,0.4,1.0,12,26,0.8289824695121276,-0.054776658660373956,0.8485057109833182,0.05586799687738281,15.18768809351783,0.6052631578947368,1.0754769432044988,-0.0592626799953927,0.18804526329040527
QQQ,1h,2,0.4,1.0,20,50,0.6859406646217133,-0.2441925164357337,0.6598020734414719,0.05307999872518854,12.430333257117619,0.15789473684210525,0.15211998321895703,-0.020228801232517024,0.17704987525939941
QQQ,1h,2,0.55,0.0,8,21,0.2190335212481966,0.20818418406805583,0.23667691511527772,0.40873900110861794,0.5790416732275162,0.3157894736842105,0.0657499551013934,-0.03585002558052597,0.19483375549316406
QQQ,1h,2,0.55,0.0,9,21,0.23757011655804208,0.23241422721687965,0.24358411086802545,0.3974439253723329,0.612876673457347,0.34210526315789475,0.14605878321310553,-0.03977727267051845,0.19229388236999512
QQQ,1h,2,0.55,0.0,10,30,0.2513008388260719,0.2441137593568672,0.21146883423949978,0.40726205875268245,0.519245114281363,0.18421052631578946,-0.08783384980123592,-0.024836065950511577,0.19130468368530273
QQQ,1h,2,0.55,0.0,12,26,0.2859733809350814,0.2850651209001369,0.26050964098523827,0.3819743082002339,0.682008280118874,0.2236842105263158,0.05276610149090307,-0.024348240070546923,0.18429064750671387
QQQ,1h,2,0.55,0.0,20,50,0.211459051325467,0.18978363162427936,0.24371723452072963,0.3559545951350458,0.6846862994654294,0.05263157894736842,-0.0647579839473166,-0.020228801232517024,0.17072725296020508
QQQ,1h,2,0.55,0.25,8,21,0.3466892524809945,0.07306073604611463,0.3633597416441317,0.04612306130816271,7.878049100349405,0.8289473684210527,1.1085865205570966,-0.02921903107332724,0.1998763084411621
QQQ,1h,2,0.55,0.25,9,21,0.3456912956956692,0.09978485055466946,0.3593897164780579,0.043787934796539155,8.20750551831147,0.8289473684210527,1.1380966292217287,-0.02921903107332724,0.19059371948242188
QQQ,1h,2,0.55,0.25,10,30,0.3079256354138946,0.11165262409093168,0.3171837922808024,0.05384006693275825,5.891222101876999,0.5526315789473685,0.8613456686612831,-0.022559731922985327,0.20857715606689453
QQQ,1h,2,0.55,0.25,12,26,0.30713980207820973,0.1576500762237374,0.3221596974540058,0.05099583632986451,6.317372566852885,0.618421052631579,1.0308691544970976,-0.03121754094438034,0.21938061714172363
QQQ,1h,2,0.55,0.25,20,50,0.2490379614083995,0.0507873576981277,0.2600747598643566,0.04819439820860493,5.396369070501667,0.17105263157894737,0.19607763697765113,-0.020228801232517024,0.18033719062805176
QQQ,1h,2,0.55,0.5,8,21,0.606715789615571,-0.04880586042628232,0.6202865956559271,0.03957861196340069,15.672267542619263,0.8289473684210527,1.2159519174294153,-0.031771146957425556,0.1871931552886963
QQQ,1h,2,0.55,0.5,9,21,0.6021657653335947,-0.0202762324680551,0.612243765464918,0.046210779465669365,13.248938289815312,0.8289473684210527,1.238852782511644,-0.031771146957425556,0.1870746612548828
QQQ,1h,2,0.55,0.5,10,30,0.5320383891687525,-0.008388719431811631,0.5362099078051912,0.043048180714342604,12.456041089479516,0.5526315789473685,0.9048412009951243,-0.026002787504591285,0.19138574600219727
QQQ,1h,2,0.55,0.5,12,26,0.5265839821875494,0.04112123112266208,0.5410019063681867,0.04629946459694254,11.684841521988412,0.618421052631579,1.066880211135595,-0.03808684181821387,0.18073225021362305
QQQ,1h,2,0.55,0.5,20,50,0.42968939001237166,-0.07361031940259122,0.424296740582584,0.04137583940191546,10.25469807297593,0.17105263157894737,0.19620044293446337,-0.020228801232517024,0.17064499855041504
QQQ,1h,2,0.55,0.75,8,21,0.8135562490605819,-0.15845206238234177,0.8246589384713274,0.04481020622894014,18.403372978424972,0.8289473684210527,1.2981754672652597,-0.03818730590234276,0.19235944747924805
QQQ,1h,2,0.55,0.75,9,21,0.8065071053034891,-0.1287205106639372,0.8135774113276444,0.05626351400008234,14.460124394762364,0.8289473684210527,1.3162633376586619,-0.03818730590234276,0.18353819847106934
QQQ,1h,2,0.55,0.75,10,30,0.7115709497662362,-0.1169505094366029,0.7108732388297396,0.04603919021450496,15.440611260051531,0.5526315789473685,0.9370065923731262,-0.029445843086197465,0.1777184009552002
QQQ,1h,2,0.55,0.75,12,26,0.7030547750947147,-0.06523274006712776,0.7161417274804172,0.05111348354849112,14.01081823744251,0.618421052631579,1.0932681434218066,-0.044956142692047285,0.19426560401916504
QQQ,1h,2,0.55,0.75,20,50,0.5751799991942167,-0.18472541164290157,0.5577880956800259,0.047015742689837305,11.863858013681758,0.17105263157894737,0.19629957382757982,-0.020228801232517024,0.17885494232177734
QQQ,1h,2,0.55,1.0,8,21,0.9785943809585129,-0.2568723122896722,0.9876230274338328,0.051945903332258216,19.012529652564968,0.8289473684210527,1.3628279541362056,-0.04483108690508797,0.18577098846435547
QQQ,1h,2,0.55,1.0,9,21,0.9696102764743867,-0.2264627730512606,0.974157235817996,0.06594115519291888,14.77312966337912,0.8289473684210527,1.3772229752518608,-0.04483108690508797,0.1845407485961914
QQQ,1h,2,0.55,1.0,10,30,0.8550655086378216,-0.21493237812808164,0.850216697404577,0.05204950882551425,16.33476888811307,0.5526315789473685,0.9620410704806236,-0.032888898667803534,0.18301677703857422
QQQ,1h,2,0.55,1.0,12,26,0.844250243209107,-0.16210504308219553,0.8559918031596805,0.057332775207340536,14.930234932183861,0.618421052631579,1.1137805153158353,-0.051825443565881035,0.18719029426574707
QQQ,1h,2,0.55,1.0,20,50,0.6916716478147052,-0.2837835281139186,0.6648375676449695,0.05447770866665305,12.203846011826311,0.17105263157894737,0.19637631670837805,-0.020228801232517024,0.18107891082763672
QQQ,1h,2,0.7,0.0,8,21,0.3064790500541289,0.31989472843861333,0.22944611210133442,0.34790791114409575,0.6595024279465233,0.3157894736842105,0.02552616493432368,-0.03585002558052597,0.18843412399291992
QQQ,1h,2,0.7,0.0,9,21,0.22999913772485742,0.22421644757002612,0.250602640017603,0.33733165115854963,0.7428969062254315,0.34210526315789475,0.10342398473152033,-0.03977727267051845,0.18711495399475098
QQQ,1h,2,0.7,0.0,10,30,0.20135819166171778,0.18878550862319377,0.19722129427020135,0.3973395300948526,0.4963545767095482,0.18421052631578946,-0.08969829224691286,-0.024836065950511577,0.190415620803833
QQQ,1h,2,0.7,0.0,12,26,0.3133738674731914,0.3199934421053998,0.24028718854606046,0.39665557921341515,0.6057829541249871,0.2236842105263158,0.034274676646108115,-0.024348240070546923,0.19610261917114258
QQQ,1h,2,0.7,0.0,20,50,0.1928201659640872,0.16925058055788766,0.22971156436603635,0.3509455887779943,0.6545503682377106,0.05263157894736842,-0.0647579839473166,-0.020228801232517024,0.1781938076019287
QQQ,1h,2,0.7,0.25,8,21,0.3592015214666391,0.19906366602415781,0.36857432374348076,0.042924986643069866,8.586474978041402,0.8289473684210527,1.0858055603192824,-0.02921903107332724,0.19956302642822266
QQQ,1h,2,0.7,0.25,9,21,0.3514249526458004,0.090581909222053,0.3642575549396315,0.03969742272854001,9.17584895700931,0.8289473684210527,1.113423532799381,-0.02921903107332724,0.19855737686157227
QQQ,1h,2,0.7,0.25,10,30,0.3084529461930401,0.05064005987267439,0.3184033239962293,0.05288973164289051,6.020134988509237,0.5526315789473685,0.8611999043642227,-0.022559731922985327,0.19248509407043457
QQQ,1h,2,0.7,0.25,12,26,0.3153517775566852,0.19781809224202118,0.32244007267075614,0.052091145208191775,6.189920981427179,0.618421052631579,1.0289734551176308,-0.03121754094438034,0.2144618034362793
QQQ,1h,2,0.7,0.25,20,50,0.24921515241690154,0.02801334172473746,0.2613789032512096,0.04819308236358385,5.423577211336775,0.17105263157894737,0.19607763697765113,-0.020228801232517024,0.18675613403320312
QQQ,1h,2,0.7,0.5,8,21,0.6206551075295066,0.0874000273880231,0.6301613421698383,0.04107655919402285,15.341142357939626,0.8289473684210527,1.1975983517470548,-0.031771146957425556,0.19032597541809082
QQQ,1h,2,0.7,0.5,9,21,0.6139136372756854,-0.03017599109944069,0.6198731007085144,0.046589917170281575,13.304876641933898,0.8289473684210527,1.2174212132802367,-0.031771146957425556,0.20415234565734863
QQQ,1h,2,0.7,0.5,10,30,0.5392540652477679,-0.07303070132169653,0.5405475241088714,0.04273681989981217,12.648286076878806,0.5526315789473685,0.9047144393534451,-0.026002787504591285,0.18593764305114746
QQQ,1h,2,0.7,0.5,12,26,0.538840422172126,0.08521278334279447,0.5446951806837476,0.04606483742978572,11.824532790634475,0.618421052631579,1.0664806983047646,-0.03808684181821387,0.19180774688720703
QQQ,1h,2,0.7,0.5,20,50,0.43271289697661125,-0.09781578690073822,0.4289187443625798,0.04068931823193483,10.541310668261453,0.17105263157894737,0.19620044293446337,-0.020228801232517024,0.17900753021240234
QQQ,1h,2,0.7,0.75,8,21,0.8298101937778296,-0.015549241789996837,0.8381884109106649,0.047916379567147234,17.492732516155073,0.8289473684210527,1.2833350463662772,-0.03818730590234276,0.2095017433166504
QQQ,1h,2,0.7,0.75,9,21,0.8228302476395811,-0.13905506649096455,0.8235820330464334,0.0585637032270139,14.06301151848158,0.8289473684210527,1.2973581922979922,-0.03818730590234276,0.18820571899414062
QQQ,1h,2,0.7,0.75,10,30,0.7232695396870431,-0.1835226914904763,0.7174063224900517,0.046486108500520616,15.432703352271725,0.5526315789473685,0.9368893856137371,-0.029445843086197465,0.23452210426330566
QQQ,1h,2,0.7,0.75,12,26,0.7188277111310417,-0.018363126489332027,0.7221176894101528,0.05131114284694717,14.073311357809997,0.618421052631579,1.0940364519352557,-0.044956142692047285,0.18684768676757812
QQQ,1h,2,0.7,0.75,20,50,0.5800580953370598,-0.20969228502148385,0.5647039847953224,0.04695259777092945,12.027108437117338,0.17105263157894737,0.19629957382757982,-0.020228801232517024,0.17763090133666992
QQQ,1h,2,0.7,1.0,8,21,0.9969233235548425,-0.11024877690595647,1.004058341432244,0.05560099237770207,18.058280949584386,0.8289473684210527,1.3507995369025694,-0.04483108690508797,0.20221233367919922
QQQ,1h,2,0.7,1.0,9,21,0.9895401616359989,-0.2370119394713266,0.986089810630765,0.06933297654316335,14.222522381061676,0.8289473684210527,1.360328366890609,-0.04483108690508797,0.21461272239685059
QQQ,1h,2,0.7,1.0,10,30,0.870168776779482,-0.2820469630458343,0.8584380564968297,0.05312429568089411,16.159048237613863,0.5526315789473685,0.9619317852798662,-0.03458289310806373,0.20009136199951172
QQQ,1h,2,0.7,1.0,12,26,0.8628792157977734,-0.11344619334725414,0.8636968610683164,0.05828163742612141,14.819365055814538,0.618421052631579,1.1154811976552366,-0.051825443565881035,0.20396661758422852
QQQ,1h,2,0.7,1.0,20,50,0.6979431746570591,-0.3089642841702992,0.6735051719391468,0.05523312010766321,12.193864308703116,0.17105263157894737,0.19637631670837805,-0.020228801232517024,0.19848108291625977
QQQ,1h,2,0.85,0.0,8,21,0.32926792326986465,0.3498222993986222,0.1983112840461266,0.35596142216117066,0.5571145402277219,0.3157894736842105,-0.1481683514625969,-0.03992895137758534,0.1945350170135498
QQQ,1h,2,0.85,0.0,9,21,0.26057388751014715,0.26329507343909775,0.26463791076570486,0.32830469118744554,0.8060741069782943,0.3684210526315789,0.04201145118798437,-0.04336364920888858,0.18880248069763184
QQQ,1h,2,0.85,0.0,10,30,0.19900673541320918,0.18684518401092354,0.21941355730614184,0.3761597109608017,0.5832989310463559,0.2236842105263158,-0.007591399174816765,-0.04256006924467948,0.1865222454071045
QQQ,1h,2,0.85,0.0,12,26,0.23944088499143196,0.23300863496875968,0.2482799829478878,0.42706530600374765,0.5813630361856391,0.25,0.03883136660443082,-0.03977727267051845,0.20473337173461914
QQQ,1h,2,0.85,0.0,20,50,0.1469806341130347,0.12111697981486436,0.20396526648475355,0.3564250258576397,0.5722529331209747,0.039473684210526314,-0.11360594556969704,-0.027254584217823896,0.17716383934020996
QQQ,1h,2,0.85,0.25,8,21,0.3658074120491132,0.23320599361433247,0.3748477083298265,0.04104904064304965,9.131704479756095,0.8289473684210527,1.030188252622925,-0.026862614860129863,0.18907690048217773
QQQ,1h,2,0.85,0.25,9,21,0.36187780158814425,0.1343040498928667,0.3707982840142722,0.044204335964177915,8.388278568753025,0.8289473684210527,1.0810504203846878,-0.025303486409563147,0.19699692726135254
QQQ,1h,2,0.85,0.25,10,30,0.311647636638902,0.047979434806481924,0.32458515378287256,0.05098773713943631,6.3659454604786365,0.5526315789473685,0.8434498257361224,-0.02408653308602704,0.18531489372253418
QQQ,1h,2,0.85,0.25,12,26,0.3141058309600933,0.09929447314127615,0.32867874467656805,0.0504406458949681,6.516148610804301,0.618421052631579,0.987871602401683,-0.02613666453640484,0.19171977043151855
QQQ,1h,2,0.85,0.25,20,50,0.24647503381949049,-0.024726786967374736,0.2615456517528828,0.044659850002735986,5.85639342131377,0.15789473684210525,0.16970592533776455,-0.0184423187708731,0.1813664436340332
QQQ,1h,2,0.85,0.5,8,21,0.6308653248661357,0.12473403992746834,0.6445836980442665,0.048373763124796444,13.325068309888263,0.8289473684210527,1.1612438474079552,-0.0319445165394433,0.19637441635131836
QQQ,1h,2,0.85,0.5,9,21,0.630441074441792,0.016707727903626957,0.631433632424139,0.05255305265337321,12.015165638215485,0.8289473684210527,1.1994738176297213,-0.0319445165394433,0.2008199691772461
QQQ,1h,2,0.85,0.5,10,30,0.5458269996001724,-0.0763796751667738,0.5501382046184919,0.04541851551929763,12.112641690914504,0.5526315789473685,0.8939653477402478,-0.030514288825931435,0.18819212913513184
QQQ,1h,2,0.85,0.5,12,26,0.5452198751625879,-0.021719042435644487,0.5556383055234142,0.04275931835171051,12.994554799800424,0.618421052631579,1.0352568439630185,-0.030514288825931435,0.1793351173400879
QQQ,1h,2,0.85,0.5,20,50,0.4339443588600332,-0.15319122765189652,0.43371051208075356,0.03598397125870076,12.052880682975879,0.15789473684210525,0.1708840068691983,-0.0184423187708731,0.16846466064453125
QQQ,1h,2,0.85,0.75,8,21,0.8430992404434039,0.02407912368121634,0.8587142516224935,0.06167257714137298,13.923761441881208,0.8289473684210527,1.2605732732759716,-0.03858554666932268,0.19123339653015137
QQQ,1h,2,0.85,0.75,9,21,0.8444946564940402,-0.09025690803859365,0.8392271003624708,0.06554436272191413,12.803955451105228,0.8289473684210527,1.2901281971747522,-0.03858554666932268,0.20255517959594727
QQQ,1h,2,0.85,0.75,10,30,0.7324343477642702,-0.18749635813215926,0.7300221804231588,0.051031071400108395,14.305444906289155,0.5526315789473685,0.9311308270266346,-0.03692425124404619,0.2441418170928955
QQQ,1h,2,0.85,0.75,12,26,0.730018653836755,-0.1309915387644709,0.7368683017831346,0.04804798354384036,15.33609211947042,0.618421052631579,1.0701683358317418,-0.03692425124404619,0.2083284854888916
QQQ,1h,2,0.85,0.75,20,50,0.5835565928968688,-0.2661162637496248,0.5725134736045369,0.04240484068792276,13.501134877924287,0.15789473684210525,0.17134073215549234,-0.0184423187708731,0.19383835792541504
QQQ,1h,2,0.85,1.0,8,21,1.0127033012617028,-0.06910681313508771,1.0293792445165075,0.07373175643526877,13.961138243332492,0.8289473684210527,1.3383708500170501,-0.0452265767992025,0.1941232681274414
QQQ,1h,2,0.85,1.0,9,21,1.0153600723655172,-0.18733728641082503,1.005008949697505,0.07715747235769026,13.025426040895132,0.8289473684210527,1.3613922109104835,-0.0452265767992025,0.19894123077392578
QQQ,1h,2,0.85,1.0,10,30,0.8813745800224105,-0.28656190166183815,0.8735246506518836,0.058285963337383416,14.986878497581987,0.5526315789473685,0.9599818798311794,-0.04331642034037053,0.18828558921813965
QQQ,1h,2,0.85,1.0,12,26,0.8776404155216818,-0.2294453741182585,0.8814910395204144,0.055351098193448516,15.925448063192173,0.618421052631579,1.0973208566413584,-0.04331642034037053,0.19240903854370117
QQQ,1h,2,0.85,1.0,20,50,0.7030643959881874,-0.36517977631935683,0.683574244248274,0.05118576033978733,13.354773665771322,0.15789473684210525,0.17160240970926388,-0.0184423187708731,0.17345142364501953
QQQ,1h,2,1.0,0.0,8,21,0.23798863121275504,0.23592866904400167,0.2401655269232572,0.3504005914971822,0.6854027440338625,0.3026315789473684,-0.15701015891586456,-0.03992895137758534,0.20708370208740234
QQQ,1h,2,1.0,0.0,9,21,0.25852839437912056,0.2596565005008069,0.26464238550045605,0.33402630696663815,0.7922800689075306,0.35526315789473684,0.049333241319065746,-0.04336364920888858,0.22208023071289062
QQQ,1h,2,1.0,0.0,10,30,0.21955838876654243,0.21124977122633037,0.2442894183729305,0.3693817845694032,0.6613466840486038,0.21052631578947367,-0.001076710593769973,-0.04256006924467948,0.20206928253173828
QQQ,1h,2,1.0,0.0,12,26,0.23929060240212777,0.23379083272943735,0.2493840643041795,0.3903094668628053,0.6389393173285202,0.25,0.0677278642670662,-0.03977727267051845,0.18859338760375977
QQQ,1h,2,1.0,0.0,20,50,0.16859710987022716,0.14450238991419573,0.17572437745132968,0.35246504178491445,0.49855831534794415,0.039473684210526314,-0.11360594556969704,-0.027254584217823896,0.17306184768676758
QQQ,1h,2,1.0,0.25,8,21,0.3706500482122184,0.10457867771997043,0.38239032926577193,0.04052954384549683,9.434854009793122,0.8289473684210527,1.0492298368424364,-0.02561059463531279,0.19193792343139648
QQQ,1h,2,1.0,0.25,9,21,0.3660389616711965,0.1302901186733867,0.37728500508346097,0.043507870037246314,8.6716496293768,0.8289473684210527,1.0991585014619742,-0.024747278957658714,0.20266437530517578
QQQ,1h,2,1.0,0.25,10,30,0.31527072227776787,0.0748903558309284,0.3302589815996009,0.05040471910541214,6.552144074226966,0.5526315789473685,0.8343576225385793,-0.022043719954689456,0.22696256637573242
QQQ,1h,2,1.0,0.25,12,26,0.3174276238644238,0.10003195753395433,0.3341147341676013,0.04692812917419011,7.119711355366799,0.618421052631579,1.0044608326216327,-0.023815083055705788,0.18546199798583984
QQQ,1h,2,1.0,0.25,20,50,0.24920719574351935,0.0007532868071609133,0.2609386059093117,0.04472351330840006,5.834483621846894,0.15789473684210525,0.16970592533776455,-0.0184423187708731,0.18031835556030273
QQQ,1h,2,1.0,0.5,8,21,0.6494722562113949,-0.01449701903365097,0.6537200687527758,0.04682540488729777,13.96079906465708,0.8289473684210527,1.1847878880991152,-0.03169897223081597,0.22002577781677246
QQQ,1h,2,1.0,0.5,9,21,0.6389031004485005,0.012466956265302365,0.6426758432939315,0.050038050956351686,12.843742532148967,0.8289473684210527,1.2209218470256025,-0.03169897223081597,0.20337486267089844
QQQ,1h,2,1.0,0.5,10,30,0.5503038842942879,-0.04794302825339325,0.5582755530007028,0.04555588655047504,12.254740172428525,0.5526315789473685,0.8876972953160966,-0.025128222636387476,0.19429612159729004
QQQ,1h,2,1.0,0.5,12,26,0.5517428984733282,-0.021072414376477222,0.5654465925341373,0.040925790872991266,13.816387673214166,0.618421052631579,1.051183044888932,-0.027253716634387137,0.20162653923034668
QQQ,1h,2,1.0,0.5,20,50,0.435778017466646,-0.12658502658613013,0.43694980647139114,0.03783695094164821,11.548229854600361,0.15789473684210525,0.1708840068691983,-0.0184423187708731,0.1925199031829834
QQQ,1h,2,1.0,0.75,8,21,0.871202796031255,-0.12220926780516417,0.8697799579769635,0.060078372726565236,14.477422048955853,0.8289473684210527,1.2877736053997124,-0.03862580361078405,0.2011113166809082
QQQ,1h,2,1.0,0.75,9,21,0.8562562390488936,-0.0946023917092792,0.8543190455043878,0.0620392591883203,13.770619712126162,0.8289473684210527,1.3143820022352162,-0.03862580361078405,0.1950078010559082
QQQ,1h,2,1.0,0.75,10,30,0.7378879993145916,-0.15833430434407314,0.7404276354390924,0.05234494318350073,14.145160743482805,0.5526315789473685,0.927234126142174,-0.02821272531808583,0.18581557273864746
QQQ,1h,2,1.0,0.75,12,26,0.7390366285309308,-0.13046499690330504,0.7501493229836429,0.046838900379134935,16.01551951287498,0.618421052631579,1.085661498389366,-0.03069235021306793,0.20305848121643066
QQQ,1h,2,1.0,0.75,20,50,0.5850678486239783,-0.23915265582345324,0.578198367185523,0.04567608376974707,12.65866771985572,0.15789473684210525,0.17134073215549234,-0.0184423187708731,0.18036556243896484
QQQ,1h,2,1.0,1.0,8,21,1.0481016354340145,-0.21943609300145717,1.0421123947038813,0.07219330635581428,14.435027945218248,0.8289473684210527,1.3684735244015227,-0.045527773097562285,0.1945357322692871
QQQ,1h,2,1.0,1.0,9,21,1.0297282353868973,-0.1916885870949787,1.0231839994227074,0.0729666545390816,14.022624524668055,0.8289473684210527,1.3878777395612587,-0.045527773097562285,0.19868993759155273
QQQ,1h,2,1.0,1.0,10,30,0.887665985382281,-0.25731821065523375,0.8857920575495626,0.0605654222456744,14.625375745858458,0.5526315789473685,0.9580032780352729,-0.03287381481979612,0.19413304328918457
QQQ,1h,2,1.0,1.0,12,26,0.8886379420143713,-0.22905484201513826,0.897532919507656,0.054385016986860865,16.50331229508479,0.618421052631579,1.1124410034059875,-0.03413098379174906,0.1850113868713379
QQQ,1h,2,1.0,1.0,20,50,0.7043899625420716,-0.3384582951873013,0.6910809675242264,0.0554078818366396,12.472611199283113,0.15789473684210525,0.17160240970926388,-0.0184423187708731,0.18547749519348145
QQQ,1h,3,0.0,0.0,8,21,0.2702907356289901,0.26650633710808824,0.2192527667080167,0.33369457148944726,0.6570462495969921,0.3026315789473684,0.15041743240008176,-0.04693101074952477,0.1959547996520996
QQQ,1h,3,0.0,0.0,9,21,0.36881655557644016,0.3888526324987531,0.21541717727707743,0.39517599042367574,0.5451170680843351,0.3026315789473684,0.13196879336028913,-0.0496930752609549,0.19353222846984863
QQQ,1h,3,0.0,0.0,10,30,0.24383350855870412,0.22999783481131053,0.21372899958118596,0.3885533664186149,0.5500634354327566,0.18421052631578946,0.06144204701035391,-0.025806390602368223,0.19124746322631836
QQQ,1h,3,0.0,0.0,12,26,0.31728043494830893,0.3175018017976847,0.30839037718918794,0.38691058105263054,0.7970585253837716,0.2236842105263158,0.09580391545694585,-0.025806390602368223,0.18125581741333008
QQQ,1h,3,0.0,0.0,20,50,0.24837132420950894,0.23530316149099928,0.25276686778837515,0.3041660914606753,0.8310159313766065,0.05263157894736842,-0.060528951771896676,-0.020228801232517024,0.17175841331481934
QQQ,1h,3,0.0,0.25,8,21,0.3260921624568213,0.14077001806595457,0.332595422748395,0.04083396662054386,8.145067704029122,0.8026315789473685,1.0890781293106264,-0.022559731922985327,0.18389201164245605
QQQ,1h,3,0.0,0.25,9,21,0.32010204774789475,0.27479724403538297,0.3314202953966714,0.04747465958545769,6.980993614079355,0.7894736842105263,1.0891693685654567,-0.021136586717255823,0.20032167434692383
QQQ,1h,3,0.0,0.25,10,30,0.29584433275775635,0.09579226307134325,0.3059146501736513,0.051300237900956405,5.963220887284581,0.5394736842105263,0.8458934853437045,-0.019344644172128778,0.19256877899169922
QQQ,1h,3,0.0,0.25,12,26,0.30123305123235206,0.19345966244488233,0.30936849121626725,0.05596089254341302,5.528298015909362,0.6052631578947368,0.9877483927693881,-0.02640107658514712,0.19623661041259766
QQQ,1h,3,0.0,0.25,20,50,0.2425625490358901,0.10175824880278461,0.25759819376232657,0.051935345145225464,4.95997847019234,0.15789473684210525,0.1491388953400027,-0.020228801232517024,0.1854691505432129
QQQ,1h,3,0.0,0.5,8,21,0.5619017966139622,0.02578800897133182,0.5677678481013358,0.03630686655577827,15.638029440769106,0.8026315789473685,1.1772985199653,-0.026466390736485157,0.19576621055603027
QQQ,1h,3,0.0,0.5,9,21,0.5396589216543686,0.1678116326516843,0.5598628018749607,0.042166697407920735,13.27736902083762,0.7894736842105263,1.1754950491294067,-0.026466390736485157,0.19372081756591797
QQQ,1h,3,0.0,0.5,10,30,0.5100906732194423,-0.025601668306066583,0.5118553490860742,0.04223876299135748,12.118142503150613,0.5394736842105263,0.8769620930837402,-0.022344738367638062,0.17781877517700195
QQQ,1h,3,0.0,0.5,12,26,0.5109498862990226,0.07888053804715933,0.5139238940917787,0.04583968607683544,11.211331011960928,0.6052631578947368,1.0244201274877942,-0.03379506598832527,0.18489933013916016
QQQ,1h,3,0.0,0.5,20,50,0.4108093559094354,-0.01881442239622777,0.41627280979835257,0.04452417727965066,9.349365563428524,0.15789473684210525,0.14928231772533473,-0.020228801232517024,0.1947307586669922
QQQ,1h,3,0.0,0.75,8,21,0.7506604612566724,-0.07913912330154127,0.7550147520395942,0.040526684162576244,18.630064799054082,0.8026315789473685,1.2432451746701165,-0.033628433990370965,0.19901680946350098
QQQ,1h,3,0.0,0.75,9,21,0.7173253888379874,0.06773938612461805,0.7420433151873419,0.04880406901512376,15.204537862557979,0.7894736842105263,1.239463549265218,-0.033628433990370965,0.19797158241271973
QQQ,1h,3,0.0,0.75,10,30,0.681829247233147,-0.13516500826760647,0.6765977405461778,0.046597383204739135,14.52008018504707,0.5394736842105263,0.8996869052450428,-0.0253448325631479,0.18737101554870605
QQQ,1h,3,0.0,0.75,12,26,0.6802956307867445,-0.026673195548016393,0.6789208670633771,0.04661928188079011,14.5630914864678,0.6052631578947368,1.050457271861935,-0.04118905539150319,0.19388747215270996
QQQ,1h,3,0.0,0.75,20,50,0.5475276529080102,-0.12750139276146555,0.5459196133234527,0.048910863913003436,11.16152056308935,0.15789473684210525,0.14938468052033363,-0.020228801232517024,0.19262051582336426
QQQ,1h,3,0.0,1.0,8,21,0.9015166506613196,-0.17469483877457193,0.9043745604495907,0.04602181160089157,19.650998711056182,0.8026315789473685,1.2948524073750938,-0.04079047724425766,0.21892571449279785
QQQ,1h,3,0.0,1.0,9,21,0.8597070266196902,-0.025613369091554317,0.8873956426666982,0.05692948069860559,15.587629322753225,0.7894736842105263,1.289395888671614,-0.04079047724425766,0.20132851600646973
QQQ,1h,3,0.0,1.0,10,30,0.8191357256149839,-0.2338359083976298,0.8081371636123296,0.05363093429705108,15.068489374736947,0.5394736842105263,0.9173160510780504,-0.028344926758657407,0.18934392929077148
QQQ,1h,3,0.0,1.0,12,26,0.8159433133827255,-0.12365849421257824,0.8109706957616343,0.04999495969287377,16.22104909661982,0.6052631578947368,1.0705011208994688,-0.04858304479468145,0.20406246185302734
QQQ,1h,3,0.0,1.0,20,50,0.6572602099705407,-0.2253182054019841,0.6500351480094771,0.055461354536059534,11.720506169513785,0.15789473684210525,0.14946140717194534,-0.020228801232517024,0.18008160591125488
QQQ,1h,3,0.1,0.0,8,21,0.28803120009093264,0.2890178587707046,0.2159421338546558,0.3540526592239522,0.6099152999669011,0.3026315789473684,0.14222611739506766,-0.04693101074952477,0.20968246459960938
QQQ,1h,3,0.1,0.0,9,21,0.3487758038371183,0.367193863323803,0.20360268692322142,0.4011458314616458,0.5075527924130708,0.3026315789473684,0.12377747835527514,-0.0496930752609549,0.19804906845092773
QQQ,1h,3,0.1,0.0,10,30,0.26034359669739604,0.24913715330592812,0.19025142471350764,0.4059209081867154,0.46869087272044596,0.18421052631578946,0.06039034601932267,-0.025806390602368223,0.18111252784729004
QQQ,1h,3,0.1,0.0,12,26,0.36762391228650015,0.3807322634776775,0.295438539623387,0.3961045972905865,0.745859910852411,0.2236842105263158,0.09457602834808711,-0.025806390602368223,0.18047523498535156
QQQ,1h,3,0.1,0.0,20,50,0.2638248407761655,0.2529846499469419,0.24344279509138947,0.31331521514729516,0.7769900193865229,0.05263157894736842,-0.060528951771896676,-0.020228801232517024,0.17883658409118652
QQQ,1h,3,0.1,0.25,8,21,0.3309464556976126,0.16598907624288595,0.33608965332741547,0.042363951850254614,7.93338767156104,0.8026315789473685,1.0814453842975837,-0.022559731922985327,0.19887018203735352
QQQ,1h,3,0.1,0.25,9,21,0.3184067365129878,0.2501178422229007,0.33459569158299,0.04793305333727494,6.9804794038186815,0.7894736842105263,1.0890615963243926,-0.021136586717255823,0.20374464988708496
QQQ,1h,3,0.1,0.25,10,30,0.29919418948474663,0.11713023569983183,0.30546575603444337,0.051986599993341126,5.875855625749135,0.5394736842105263,0.846073506896203,-0.019344644172128778,0.19789791107177734
QQQ,1h,3,0.1,0.25,12,26,0.30591422297832316,0.26554276135587296,0.30860737455541626,0.05693227112792842,5.420605369175714,0.6052631578947368,0.9877892472079768,-0.02640107658514712,0.19271373748779297
QQQ,1h,3,0.1,0.25,20,50,0.2444433490890146,0.12179512044283891,0.25692231399073356,0.05163879878417258,4.975373557091356,0.15789473684210525,0.1491388953400027,-0.020228801232517024,0.19443893432617188
QQQ,1h,3,0.1,0.5,8,21,0.569277691345651,0.052864833504682185,0.5745184429663548,0.034641559735340846,16.584658639958377,0.8026315789473685,1.1727735334062508,-0.026466390736485157,0.19578337669372559
QQQ,1h,3,0.1,0.5,9,21,0.5386791819011721,0.14086754895474352,0.5676067663718665,0.041102741466273046,13.80946248652581,0.7894736842105263,1.1753785411537685,-0.026466390736485157,0.19007277488708496
QQQ,1h,3,0.1,0.5,10,30,0.5146348621455684,-0.0028037853193837448,0.514296344330263,0.04012163151443166,12.818430480457202,0.5394736842105263,0.8770532998652983,-0.022344738367638062,0.18871378898620605
QQQ,1h,3,0.1,0.5,12,26,0.5138356553038734,0.15761378500564138,0.5147014698556026,0.04747536701465356,10.841442672717767,0.6052631578947368,1.0244391467688494,-0.03379506598832527,0.18651723861694336
QQQ,1h,3,0.1,0.5,20,50,0.4120116659076554,0.0028356150093125088,0.41664235157527746,0.0428021330366236,9.734149258841326,0.15789473684210525,0.14928231772533473,-0.020228801232517024,0.1878197193145752
QQQ,1h,3,0.1,0.75,8,21,0.7602503974113264,-0.05092233654935718,0.7642572819962441,0.037721862330906984,20.26032742742021,0.8026315789473685,1.2411922214482682,-0.033628433990370965,0.18749403953552246
QQQ,1h,3,0.1,0.75,9,21,0.7166619217364316,0.03919492229468502,0.7531416657292269,0.04709437705003286,15.992178109269659,0.7894736842105263,1.239352855909648,-0.033628433990370965,0.19302749633789062
QQQ,1h,3,0.1,0.75,10,30,0.6875407756749374,-0.11152519206007683,0.6809024751312418,0.04210915458890083,16.169939334538785,0.5394736842105263,0.899749326458165,-0.0253448325631479,0.1833784580230713
QQQ,1h,3,0.1,0.75,12,26,0.6825612889075718,0.05677162649369327,0.6806489612274741,0.04890514333938046,13.917737782794458,0.6052631578947368,1.050469683915716,-0.04118905539150319,0.1970231533050537
QQQ,1h,3,0.1,0.75,20,50,0.5484825265039843,-0.10485968707771764,0.5469272165551289,0.04669040021776813,11.713911510807623,0.15789473684210525,0.14938468052033363,-0.020228801232517024,0.21483111381530762
QQQ,1h,3,0.1,1.0,8,21,0.9129138526076247,-0.1459379552001635,0.915582844065361,0.04287170780210816,21.35634176953264,0.8026315789473685,1.2947735715678848,-0.04079047724425766,0.1902012825012207
QQQ,1h,3,0.1,1.0,9,21,0.859234755983128,-0.0551798022927128,0.9011105917865798,0.054954106131465244,16.397511582317016,0.7894736842105263,1.2892940539798206,-0.04079047724425766,0.20664429664611816
QQQ,1h,3,0.1,1.0,10,30,0.8258156760574146,-0.20986507403141907,0.8138358670987836,0.047550542678117626,17.11517516441099,0.5394736842105263,0.9173644901372459,-0.028344926758657407,0.19037127494812012
QQQ,1h,3,0.1,1.0,12,26,0.8178728832715471,-0.03719286886859963,0.8133962645653814,0.052694395465043994,15.436105820873607,0.6052631578947368,1.070510532690017,-0.04858304479468145,0.18276524543762207
QQQ,1h,3,0.1,1.0,20,50,0.6580749632790459,-0.2022000109406562,0.6515110659881478,0.053095783914704486,12.270485864466474,0.15789473684210525,0.14946140717194534,-0.020228801232517024,0.18304228782653809
QQQ,1h,3,0.25,0.0,8,21,0.3320130755603868,0.3447256719953,0.2428584228855793,0.38865291815480685,0.6248722485825895,0.3026315789473684,0.14222611739506766,-0.04693101074952477,0.197601318359375
QQQ,1h,3,0.25,0.0,9,21,0.2968433470871277,0.3024244311466242,0.23571736658344347,0.4013606117851589,0.5872957127881266,0.3026315789473684,0.12377747835527514,-0.0496930752609549,0.19648265838623047
QQQ,1h,3,0.25,0.0,10,30,0.28599305914877104,0.2822755010697149,0.18165180229290318,0.4248432901821415,0.4275736641975074,0.18421052631578946,0.06039034601932267,-0.025806390602368223,0.18733716011047363
QQQ,1h,3,0.25,0.0,12,26,0.377428147940768,0.3915457977336678,0.2813253719670743,0.37981316610305366,0.7406941019278491,0.2236842105263158,0.09457602834808711,-0.025806390602368223,0.1887667179107666
QQQ,1h,3,0.25,0.0,20,50,0.27400606735472044,0.26393383857077546,0.2411459890011251,0.3101168405746193,0.7775972067634339,0.05263157894736842,-0.060528951771896676,-0.020228801232517024,0.19017362594604492
QQQ,1h,3,0.25,0.25,8,21,0.3381496955252053,0.2276228689712032,0.343199798232415,0.04196829248109226,8.17759737037276,0.8026315789473685,1.0814453842975837,-0.022559731922985327,0.20044565200805664
QQQ,1h,3,0.25,0.25,9,21,0.3262960859221775,0.17692571088363218,0.3426408133729396,0.04770696811635374,7.182196373017547,0.7894736842105263,1.0890615963243926,-0.021136586717255823,0.2069997787475586
QQQ,1h,3,0.25,0.25,10,30,0.30368824330369215,0.1544621421485175,0.3023878207547136,0.05464595028486776,5.533581522114166,0.5394736842105263,0.846073506896203,-0.019344644172128778,0.1822054386138916
QQQ,1h,3,0.25,0.25,12,26,0.3062470417652979,0.27808340446861424,0.3115466478127778,0.0527913817647773,5.901467955526093,0.6052631578947368,0.9877892472079768,-0.02640107658514712,0.17836213111877441
QQQ,1h,3,0.25,0.25,20,50,0.2450912048083975,0.13378044423362145,0.25629887602966056,0.04765558393874364,5.378149942703597,0.15789473684210525,0.1491388953400027,-0.020228801232517024,0.17542028427124023
QQQ,1h,3,0.25,0.5,8,21,0.5781388535406901,0.11885317122313466,0.5854518427344927,0.034837840638221054,16.805055422757338,0.8026315789473685,1.1727735334062508,-0.026466390736485157,0.19786906242370605
QQQ,1h,3,0.25,0.5,9,21,0.559739784779233,0.06160533673610136,0.5798132370387407,0.04357641900577777,13.305665088309885,0.7894736842105263,1.1753785411537685,-0.026466390736485157,0.18888425827026367
QQQ,1h,3,0.25,0.5,10,30,0.5198221635380412,0.037513494508831124,0.5154262652560394,0.03999668891699726,12.886723356667668,0.5394736842105263,0.8770532998652983,-0.022344738367638062,0.20000362396240234
QQQ,1h,3,0.25,0.5,12,26,0.5139279637344893,0.17154734103610858,0.522235376276087,0.04478689440668637,11.66045074556723,0.6052631578947368,1.0244391467688494,-0.03379506598832527,0.21118617057800293
QQQ,1h,3,0.25,0.5,20,50,0.4122739162118064,0.015410923694711975,0.41710295334502023,0.042481237289351714,9.818521774778219,0.15789473684210525,0.14928231772533473,-0.020228801232517024,0.18869423866271973
QQQ,1h,3,0.25,0.75,8,21,0.7709993562720378,0.018045175520735812,0.7785377026031856,0.03863649642492695,20.150318342552914,0.8026315789473685,1.2411922214482682,-0.033628433990370965,0.20722365379333496
QQQ,1h,3,0.25,0.75,9,21,0.7471039189408131,-0.044110412977712454,0.7690332105431137,0.050279566388600094,15.295144047174537,0.7894736842105263,1.239352855909648,-0.033628433990370965,0.2018909454345703
QQQ,1h,3,0.25,0.75,10,30,0.693683075522916,-0.06925325421852524,0.6851346010009909,0.04049388109813003,16.919459988058044,0.5394736842105263,0.899749326458165,-0.0253448325631479,0.20574116706848145
QQQ,1h,3,0.25,0.75,12,26,0.6826254660912398,0.07179245627199493,0.6915000103950683,0.04685473012370053,14.75838210079214,0.6052631578947368,1.050469683915716,-0.04118905539150319,0.20256781578063965
QQQ,1h,3,0.25,0.75,20,50,0.5486483158553563,-0.09205203196022393,0.5480660923616778,0.047186533598146056,11.614883539214059,0.15789473684210525,0.14938468052033363,-0.020228801232517024,0.1726675033569336
QQQ,1h,3,0.25,1.0,8,21,0.9252786255101325,-0.07518480900057378,0.9325965780980093,0.044188304244637426,21.105054698069495,0.8026315789473685,1.2947735715678848,-0.04079047724425766,0.19519996643066406
QQQ,1h,3,0.25,1.0,9,21,0.8969348412264423,-0.1407986429946304,0.9200175547041718,0.05810540595075325,15.833596541497789,0.7894736842105263,1.2892940539798206,-0.04079047724425766,0.2048182487487793
QQQ,1h,3,0.25,1.0,10,30,0.8327996022771448,-0.1665100702007698,0.8205183507076637,0.04505149235206235,18.21290056932159,0.5394736842105263,0.9173644901372459,-0.028344926758657407,0.18727827072143555
QQQ,1h,3,0.25,1.0,12,26,0.8179443513846499,-0.021362067874225565,0.8268199971268555,0.050965213294388544,16.223222541048237,0.6052631578947368,1.070510532690017,-0.04858304479468145,0.19851231575012207
QQQ,1h,3,0.25,1.0,20,50,0.6582060063543115,-0.18944232573934172,0.6531494737483435,0.053428363008949264,12.224770458322686,0.15789473684210525,0.14946140717194534,-0.020228801232517024,0.2111492156982422
QQQ,1h,3,0.4,0.0,8,21,0.31711807982521845,0.32728174135784505,0.26043053524400267,0.37289258555436783,0.6984063114497937,0.3026315789473684,0.14222611739506766,-0.04693101074952477,0.18831729888916016
QQQ,1h,3,0.4,0.0,9,21,0.24571233671942835,0.2404622887852681,0.2584932052570658,0.41600546268896227,0.6213697377583122,0.3026315789473684,0.12377747835527514,-0.0496930752609549,0.19588327407836914
QQQ,1h,3,0.4,0.0,10,30,0.2990662930817645,0.2989227996639152,0.18280563251239873,0.4284717001523496,0.4266457561780613,0.18421052631578946,0.06039034601932267,-0.025806390602368223,0.1894216537475586
QQQ,1h,3,0.4,0.0,12,26,0.393719369763608,0.415251833790774,0.27903330571097534,0.38139885675914537,0.7316049871832359,0.2236842105263158,0.09457602834808711,-0.025806390602368223,0.19039440155029297
QQQ,1h,3,0.4,0.0,20,50,0.2364166436143477,0.21847027663417506,0.2395259134832064,0.32120569447484826,0.7457088015665995,0.05263157894736842,-0.060528951771896676,-0.020228801232517024,0.18560028076171875
QQQ,1h,3,0.4,0.25,8,21,0.34536818223136645,0.20743312671199954,0.3520838759404358,0.0460859184638566,7.639727875154783,0.8026315789473685,1.0814453842975837,-0.022559731922985327,0.20766925811767578
QQQ,1h,3,0.4,0.25,9,21,0.3306833876618811,0.10831495280841241,0.3498055879349575,0.04514614194857149,7.748294158412045,0.7894736842105263,1.0890615963243926,-0.021136586717255823,0.22621917724609375
QQQ,1h,3,0.4,0.25,10,30,0.304696510360659,0.17317380739109,0.3041886872379099,0.055306127617236134,5.500090140881779,0.5394736842105263,0.846073506896203,-0.019344644172128778,0.20093989372253418
QQQ,1h,3,0.4,0.25,12,26,0.3095969436233161,0.3052870399027623,0.3174525480756892,0.05606485778320655,5.662237640969772,0.6052631578947368,0.9877892472079768,-0.02640107658514712,0.1948387622833252
QQQ,1h,3,0.4,0.25,20,50,0.24523215355478556,0.08271869671439158,0.2562359892721481,0.048166600099501466,5.319785676024914,0.15789473684210525,0.1491388953400027,-0.020228801232517024,0.1763753890991211
QQQ,1h,3,0.4,0.5,8,21,0.593378635378947,0.09646865455543874,0.5970000681914025,0.038391037155363954,15.550506379273223,0.8026315789473685,1.1727735334062508,-0.026466390736485157,0.19832611083984375
QQQ,1h,3,0.4,0.5,9,21,0.573608844055845,-0.011630100390339848,0.590605736973596,0.04472028585550403,13.206662830418963,0.7894736842105263,1.1753785411537685,-0.026466390736485157,0.18500638008117676
QQQ,1h,3,0.4,0.5,10,30,0.5203947190574693,0.05766808743739471,0.5184404719555613,0.03928927021321938,13.195472177060834,0.5394736842105263,0.8770532998652983,-0.022344738367638062,0.18826556205749512
QQQ,1h,3,0.4,0.5,12,26,0.5184247265806754,0.2014567415107824,0.5291027160405715,0.04689963610917531,11.281595337091737,0.6052631578947368,1.0244391467688494,-0.03379506598832527,0.20231056213378906
QQQ,1h,3,0.4,0.5,20,50,0.4185228376206561,-0.03955282104960944,0.4171006065920528,0.04237214492706068,9.843745397124666,0.15789473684210525,0.14928231772533473,-0.020228801232517024,0.19037199020385742
QQQ,1h,3,0.4,0.75,8,21,0.7922303580247388,-0.00603177581703862,0.792317012791498,0.04074803358317494,19.44430057401959,0.8026315789473685,1.2411922214482682,-0.033628433990370965,0.20886754989624023
QQQ,1h,3,0.4,0.75,9,21,0.7675687547786347,-0.12023477197454913,0.7830316644998311,0.054811698195272374,14.285849376718804,0.7894736842105263,1.239352855909648,-0.033628433990370965,0.19873285293579102
QQQ,1h,3,0.4,0.75,10,30,0.6941395341550585,-0.048185185659130325,0.6891472926931295,0.03931112408785907,17.53059238786731,0.5394736842105263,0.899749326458165,-0.0253448325631479,0.18270564079284668
QQQ,1h,3,0.4,0.75,12,26,0.6882833969446446,0.10370052943461738,0.6990433638219352,0.047872060956717685,14.602324400738828,0.6052631578947368,1.050469683915716,-0.04118905539150319,0.19600582122802734
QQQ,1h,3,0.4,0.75,20,50,0.5588277517472082,-0.1494758308613653,0.5480911520232035,0.04694445450895841,11.675311977874006,0.15789473684210525,0.14938468052033363,-0.020228801232517024,0.1834571361541748
QQQ,1h,3,0.4,1.0,8,21,0.9512111909755191,-0.10050027334627765,0.9481531047383317,0.04518157514516583,20.985392866272804,0.8026315789473685,1.2947735715678848,-0.04079047724425766,0.22211527824401855
QQQ,1h,3,0.4,1.0,9,21,0.9224697822868358,-0.21833959917757295,0.9366370244557098,0.06497970730757238,14.414300452636223,0.7894736842105263,1.2892940539798206,-0.04079047724425766,0.20493650436401367
QQQ,1h,3,0.4,1.0,10,30,0.833206566758409,-0.1449748938393699,0.8253296129551219,0.043883345561584415,18.80735396067016,0.5394736842105263,0.9173644901372459,-0.028344926758657407,0.19317221641540527
QQQ,1h,3,0.4,1.0,12,26,0.8245736392163537,0.01191861697007357,0.8348554077001242,0.05121643748095578,16.30053648324437,0.6052631578947368,1.070510532690017,-0.04858304479468145,0.19634652137756348
QQQ,1h,3,0.4,1.0,20,50,0.6713243617641131,-0.24811245709407548,0.653189960401128,0.053169538537150084,12.285040990994077,0.15789473684210525,0.14946140717194534,-0.020228801232517024,0.18390178680419922
QQQ,1h,3,0.55,0.0,8,21,0.2852262678454163,0.28608089388575997,0.22649226205148115,0.38097116740570564,0.5945128698159038,0.3157894736842105,0.06665000863771983,-0.03977727267051845,0.18918776512145996
QQQ,1h,3,0.55,0.0,9,21,0.23272060491727858,0.22503310236130192,0.22152154272930727,0.4085607696850829,0.5421997390989234,0.3026315789473684,0.050068334618612875,-0.04256006924467948,0.21512818336486816
QQQ,1h,3,0.55,0.0,10,30,0.284573691369712,0.2852618768355426,0.1904939511571132,0.42245085074260424,0.4509257131859336,0.18421052631578946,0.0064806203020332884,-0.02021069107234086,0.22630047798156738
QQQ,1h,3,0.55,0.0,12,26,0.29273103863309197,0.29325519056195537,0.24100318259178888,0.38173705799929813,0.6313329490589619,0.2236842105263158,0.045488209456664444,-0.02021069107234086,0.1911771297454834
QQQ,1h,3,0.55,0.0,20,50,0.19088349761270762,0.16727369404647363,0.26111263076552904,0.3174579545331343,0.8225109090415805,0.05263157894736842,-0.06742582964758559,-0.020228801232517024,0.1861729621887207
QQQ,1h,3,0.55,0.25,8,21,0.3490207639630243,0.16072900174730775,0.35440965918888534,0.046230642866477004,7.666120071323443,0.8289473684210527,1.115552643667448,-0.025758019052673053,0.19407081604003906
QQQ,1h,3,0.55,0.25,9,21,0.33790105570706286,0.09111191914367289,0.35153141325434906,0.04402062686140782,7.98560671026089,0.8289473684210527,1.1360482018709785,-0.025758019052673053,0.19540190696716309
QQQ,1h,3,0.55,0.25,10,30,0.305149835942242,0.15838938679100067,0.31384282303658684,0.05581054317638916,5.623360841421789,0.5526315789473685,0.9115167362030766,-0.021577641568974237,0.19086813926696777
QQQ,1h,3,0.55,0.25,12,26,0.3059302362056507,0.167222882677188,0.3176098459547515,0.05261648491935562,6.036318207906641,0.618421052631579,1.0305557213625334,-0.02454176747776915,0.20193123817443848
QQQ,1h,3,0.55,0.25,20,50,0.24438187788766658,0.025953239512006343,0.259415708665233,0.047032084558118206,5.515717857342032,0.17105263157894737,0.19596006937129126,-0.020228801232517024,0.18615436553955078
QQQ,1h,3,0.55,0.5,8,21,0.6040403191644488,0.04573238353095532,0.6054668386208685,0.038228681875041415,15.838025506606943,0.8289473684210527,1.2168346046971081,-0.03365175332959702,0.2351980209350586
QQQ,1h,3,0.55,0.5,9,21,0.5887887711866927,-0.030009860733824945,0.5993996187466697,0.04506804930204936,13.299879360862718,0.8289473684210527,1.234750318350182,-0.03365175332959702,0.20554757118225098
QQQ,1h,3,0.55,0.5,10,30,0.523043045655096,0.04234618736909446,0.5317822301440023,0.04390324329643678,12.112595567333909,0.5526315789473685,0.9436898107811674,-0.025024156586194835,0.18776202201843262
QQQ,1h,3,0.55,0.5,12,26,0.5234997531298552,0.05170087723102501,0.5352763706070988,0.04639983592060447,11.536169471008886,0.618421052631579,1.0667654904836419,-0.030076447773569326,0.2029132843017578
QQQ,1h,3,0.55,0.5,20,50,0.423956458982389,-0.09987388149494947,0.42073812825264484,0.042320391702301986,9.941735209170076,0.17105263157894737,0.1961429175174636,-0.020228801232517024,0.21747350692749023
QQQ,1h,3,0.55,0.75,8,21,0.8078639249770169,-0.05952437218611095,0.8050850577034743,0.040172621736794596,20.040640189686375,0.8289473684210527,1.2945684656458867,-0.04152306506169057,0.22093558311462402
QQQ,1h,3,0.55,0.75,9,21,0.7887374463326007,-0.1392915004909302,0.7966729128085477,0.05446912095251624,14.626138606184808,0.8289473684210527,1.3102487990732,-0.04152306506169057,0.20067763328552246
QQQ,1h,3,0.55,0.75,10,30,0.6983259282410779,-0.06358328564657978,0.7053082337074542,0.04706239713337426,14.986661892903994,0.5526315789473685,0.9673658020732102,-0.02847067160341643,0.19186162948608398
QQQ,1h,3,0.55,0.75,12,26,0.6986261091274995,-0.053969797910509265,0.7091644831299246,0.04944792268736646,14.341643583565753,0.618421052631579,1.093213686306914,-0.03561112806936939,0.19762635231018066
QQQ,1h,3,0.55,0.75,20,50,0.5682542886034844,-0.2116888881984731,0.5523390873064954,0.047640168323229724,11.593978500642082,0.17105263157894737,0.19626149507014148,-0.020228801232517024,0.18890929222106934
QQQ,1h,3,0.55,1.0,8,21,0.9706886250012015,-0.15565287224818558,0.9642311976903141,0.04430532331750239,21.76332606310998,0.8289473684210527,1.355765274844765,-0.049371954248953354,0.2062060832977295
QQQ,1h,3,0.55,1.0,9,21,0.948347528446458,-0.2376601400869366,0.9539878001985217,0.0636875594667028,14.979186016655051,0.8289473684210527,1.3696217371616597,-0.049371954248953354,0.2024829387664795
QQQ,1h,3,0.55,1.0,10,30,0.8385724568562682,-0.16009360921037574,0.8436840903061993,0.05362291710841833,15.733647772283323,0.5526315789473685,0.9857707409448565,-0.03191718662063736,0.19480586051940918
QQQ,1h,3,0.55,1.0,12,26,0.8387740481762717,-0.150434470555744,0.8479523124838344,0.05421119537159087,15.641645727815844,0.618421052631579,1.1137527402913505,-0.041145808365169456,0.19044184684753418
QQQ,1h,3,0.55,1.0,20,50,0.6837233700175808,-0.3108598942044536,0.6579655036186834,0.054397522512961864,12.095504964622299,0.17105263157894737,0.19634785830423673,-0.020228801232517024,0.18187880516052246
QQQ,1h,3,0.7,0.0,8,21,0.33405175019627087,0.35171850858894693,0.2119423579355225,0.30223123294276294,0.7012589528616339,0.3157894736842105,0.013725318575358247,-0.03977727267051845,0.20423650741577148
QQQ,1h,3,0.7,0.0,9,21,0.2504138524697998,0.24775199022221184,0.23718876734829863,0.35420426544321,0.6696383711006648,0.3026315789473684,-0.008303905198337376,-0.04256006924467948,0.19314050674438477
QQQ,1h,3,0.7,0.0,10,30,0.17007548922449126,0.1532027296555487,0.17703396698615204,0.40851669410261565,0.43335797420724925,0.18421052631578946,-0.00021880192537011332,-0.02021069107234086,0.20706391334533691
QQQ,1h,3,0.7,0.0,12,26,0.29213518478271233,0.293328127283337,0.23018151997395972,0.3935394747903712,0.5849007144621813,0.2236842105263158,0.026996784611869485,-0.02021069107234086,0.21075654029846191
QQQ,1h,3,0.7,0.0,20,50,0.16523624182412144,0.13970408467326512,0.25644829068706076,0.3097785508584018,0.8278439226229126,0.05263157894736842,-0.06742582964758559,-0.020228801232517024,0.20354270935058594
QQQ,1h,3,0.7,0.25,8,21,0.35945141246239926,0.2353655416060516,0.3615414512191449,0.0438742619216141,8.240399618917259,0.8289473684210527,1.0901923350747058,-0.03426666783068344,0.21233654022216797
QQQ,1h,3,0.7,0.25,9,21,0.3496860164603848,0.11667781905710628,0.35969064323721844,0.03985178670410042,9.025709334136561,0.8289473684210527,1.1093144716962788,-0.03426666783068344,0.20916223526000977
QQQ,1h,3,0.7,0.25,10,30,0.3032538320376285,0.01159062318893711,0.31557799681863535,0.05438653136303922,5.80250273201097,0.5526315789473685,0.909678275924122,-0.021577641568974237,0.20231986045837402
QQQ,1h,3,0.7,0.25,12,26,0.3133460187008464,0.16750666735563446,0.31927064965799457,0.05231721742904869,6.102592327104962,0.618421052631579,1.0287079802196486,-0.02454176747776915,0.2075648307800293
QQQ,1h,3,0.7,0.25,20,50,0.24348865944287687,-0.004396612913621922,0.2613395816312699,0.04716110802306546,5.541421577785121,0.17105263157894737,0.19596006937129126,-0.020228801232517024,0.1994783878326416
QQQ,1h,3,0.7,0.5,8,21,0.6186965073629401,0.1270786054108055,0.6199180727296133,0.0397819026742583,15.582916629343222,0.8289473684210527,1.1956004141559315,-0.04379731243075691,0.21275615692138672
QQQ,1h,3,0.7,0.5,9,21,0.6087168043936183,-0.0024470578891083727,0.6129633521908776,0.04488088612969054,13.657559042386584,0.8289473684210527,1.2128468314445235,-0.04379731243075691,0.21945929527282715
QQQ,1h,3,0.7,0.5,10,30,0.5336474087261411,-0.11411668375483974,0.5369936578839352,0.04384024682301581,12.2488739639581,0.5526315789473685,0.9433392585244377,-0.025024156586194835,0.21816730499267578
QQQ,1h,3,0.7,0.5,12,26,0.5376828068903677,0.0521830277018529,0.5404594287505515,0.04550428738466082,11.877110044200728,0.618421052631579,1.0664139040701246,-0.030076447773569326,0.1837773323059082
QQQ,1h,3,0.7,0.5,20,50,0.42623599686032765,-0.1318896115796786,0.4250521987821371,0.04309300434909774,9.863600953388543,0.17105263157894737,0.1961429175174636,-0.020228801232517024,0.18176722526550293
QQQ,1h,3,0.7,0.75,8,21,0.8264793893683686,0.02653690766835415,0.825094043331217,0.04279608811637147,19.279660353245713,0.8289473684210527,1.276825737045944,-0.053284162056216,0.19008135795593262
QQQ,1h,3,0.7,0.75,9,21,0.8152179448157953,-0.11045901307264472,0.8146689080161748,0.05555973227862,14.662937969729352,0.8289473684210527,1.292069823979817,-0.053284162056216,0.19942808151245117
QQQ,1h,3,0.7,0.75,10,30,0.7168858770964395,-0.2254951871741292,0.7130078506192497,0.048489078534068045,14.704504028021402,0.5526315789473685,0.9681780356394712,-0.02847067160341643,0.1881122589111328
QQQ,1h,3,0.7,0.75,12,26,0.718000040412035,-0.053304235351456786,0.7168343585366453,0.04944400105091961,14.497903553525488,0.618421052631579,1.0940282777802506,-0.03561112806936939,0.1980304718017578
QQQ,1h,3,0.7,0.75,20,50,0.5725299165571782,-0.24446351167958646,0.5583699874109685,0.04954749806862358,11.269388146251558,0.17105263157894737,0.19626149507014148,-0.020228801232517024,0.21101617813110352
QQQ,1h,3,0.7,1.0,8,21,0.9925762423904134,-0.0666000520095622,0.9886215570102894,0.047191367242958186,20.949203525308114,0.8289473684210527,1.340863536085298,-0.06272721670706105,0.20627641677856445
QQQ,1h,3,0.7,1.0,9,21,0.9800668042403347,-0.208173056930108,0.9755462676087718,0.06535640096446858,14.926560416616786,0.8289473684210527,1.3544003918448133,-0.06272721670706105,0.1908881664276123
QQQ,1h,3,0.7,1.0,10,30,0.8630747165766897,-0.3239943065982196,0.8533083045362847,0.05617946777911833,15.188970958059802,0.5526315789473685,0.9875113176821333,-0.03191718662063736,0.1889965534210205
QQQ,1h,3,0.7,1.0,12,26,0.8622394820911478,-0.14960226017795775,0.8575378689781402,0.05531286451595408,15.503407326351677,0.618421052631579,1.1154973964590085,-0.041145808365169456,0.19270777702331543
QQQ,1h,3,0.7,1.0,20,50,0.6894846923596571,-0.343665954034606,0.6653196962851307,0.05732838209117862,11.605415537926135,0.17105263157894737,0.19634785830423673,-0.020228801232517024,0.17653822898864746
QQQ,1h,3,0.85,0.0,8,21,0.3144181921411019,0.3306380941053273,0.1843599875390419,0.33031770131626054,0.5581293003808101,0.3157894736842105,-0.1730528655021702,-0.03992895137758534,0.18554902076721191
QQQ,1h,3,0.85,0.0,9,21,0.28123883024065766,0.2895879233428269,0.2576842144989821,0.33393763899343937,0.7716536994023745,0.3684210526315789,0.036503577451518394,-0.04336364920888858,0.20006823539733887
QQQ,1h,3,0.85,0.0,10,30,0.20113626709660742,0.18940377902205752,0.21806535503336139,0.37414584481069507,0.582835164569835,0.2236842105263158,-0.004348652474635626,-0.04256006924467948,0.19248461723327637
QQQ,1h,3,0.85,0.0,12,26,0.2206330065888953,0.210932280290979,0.24560526185794762,0.42608179649731587,0.5764274932113764,0.25,0.04207411330461195,-0.03977727267051845,0.19251585006713867
QQQ,1h,3,0.85,0.0,20,50,0.13288049247056952,0.10658408596948954,0.1947553518043084,0.3399241930874041,0.5729376012793278,0.039473684210526314,-0.11360594556969704,-0.027254584217823896,0.20049095153808594
QQQ,1h,3,0.85,0.25,8,21,0.3644451191611985,0.21128062215521637,0.37217953646978413,0.04054118874389961,9.180281782580622,0.8289473684210527,1.0358554999035008,-0.03775674149841124,0.19647932052612305
QQQ,1h,3,0.85,0.25,9,21,0.36215956504765134,0.16392482700704036,0.3697588156826963,0.0443150826030656,8.343859335537317,0.8289473684210527,1.079250505938812,-0.03775674149841124,0.2041640281677246
QQQ,1h,3,0.85,0.25,10,30,0.309794962628766,0.05079110792255315,0.32336658013420994,0.05082254335173075,6.362660323712386,0.5526315789473685,0.8435404871668296,-0.023815083055705788,0.18764734268188477
QQQ,1h,3,0.85,0.25,12,26,0.3121547243314562,0.07468777621106759,0.3278960845677307,0.05064378822174904,6.474556822882284,0.618421052631579,0.9879327396467732,-0.02613666453640484,0.1943035125732422
QQQ,1h,3,0.85,0.25,20,50,0.24495783351331213,-0.0403702703062353,0.25904261500479253,0.04462277837023327,5.805165533520283,0.15789473684210525,0.16970592533776455,-0.0184423187708731,0.18559479713439941
QQQ,1h,3,0.85,0.5,8,21,0.6299883324650667,0.10071837023163277,0.6411177393557677,0.046056422731995283,13.920267822068272,0.8289473684210527,1.1623010179760214,-0.047252943203487385,0.21108269691467285
QQQ,1h,3,0.85,0.5,9,21,0.6286630729100263,0.048687690033361486,0.6303079916023566,0.052195450398009526,12.075918241839588,0.8289473684210527,1.1964297761240588,-0.047252943203487385,0.2055819034576416
QQQ,1h,3,0.85,0.5,10,30,0.5423329746962825,-0.07341957459370985,0.5482098977448144,0.04594332157863951,11.932308742772626,0.5526315789473685,0.8940122491540291,-0.02840473890768147,0.19675922393798828
QQQ,1h,3,0.85,0.5,12,26,0.5439526300087626,-0.04800186209043533,0.5551236274675113,0.04356223162198921,12.743232079673753,0.618421052631579,1.0352741062499997,-0.03003942866613274,0.18801021575927734
QQQ,1h,3,0.85,0.5,20,50,0.43302154592040476,-0.16932866436559546,0.4306544186181213,0.03724751530898737,11.561963665109486,0.15789473684210525,0.1708840068691983,-0.0184423187708731,0.1873161792755127
QQQ,1h,3,0.85,0.75,8,21,0.8424112667712935,-0.001453147867800153,0.854432498861596,0.05769261102926203,14.81008544453332,0.8289473684210527,1.2582811949442665,-0.05670550820506104,0.19498515129089355
QQQ,1h,3,0.85,0.75,9,21,0.8413930540598278,-0.05674617122922865,0.8379345492301589,0.06480533748742548,12.930023694309867,0.8289473684210527,1.2860739701236135,-0.05670550820506104,0.2035350799560547
QQQ,1h,3,0.85,0.75,10,30,0.7277119781955959,-0.18447278790838828,0.7274703519644093,0.05237702855723156,13.889110780110672,0.5526315789473685,0.9311609529588833,-0.03446808837687754,0.21369266510009766
QQQ,1h,3,0.85,0.75,12,26,0.72901163996669,-0.15823614487975468,0.7364529306119091,0.048965493820312254,15.040243100875413,0.618421052631579,1.0701697614575878,-0.03446808837687754,0.1992337703704834
QQQ,1h,3,0.85,0.75,20,50,0.5828466500729009,-0.28227255047612265,0.5688487834560537,0.04349457747885013,13.078613850948768,0.15789473684210525,0.17134073215549234,-0.0184423187708731,0.1825118064880371
QQQ,1h,3,0.85,1.0,8,21,1.012126787906465,-0.09565415019766454,1.024407599469478,0.06850870461332431,14.952955325187101,0.8289473684210527,1.33352266543226,-0.06611443650313154,0.19611477851867676
QQQ,1h,3,0.85,1.0,9,21,1.011263498623965,-0.15299701463820947,1.0035637904674528,0.0761183222049601,13.184260522259088,0.8289473684210527,1.3565239459803724,-0.06611443650313154,0.18565893173217773
QQQ,1h,3,0.85,1.0,10,30,0.8756883357147122,-0.2835427345860021,0.8704595666207888,0.060306772702355856,14.433860868611607,0.5526315789473685,0.9600027135428053,-0.04051503312373328,0.17935872077941895
QQQ,1h,3,0.85,1.0,12,26,0.8767855544755873,-0.25706155880805626,0.8811329567205425,0.05623038935264254,15.670049004900475,0.618421052631579,1.0973143793343105,-0.04051503312373328,0.20457816123962402
QQQ,1h,3,0.85,1.0,20,50,0.7024716821742318,-0.38099694074081103,0.6793900493806628,0.05187982932636084,13.095456523320818,0.15789473684210525,0.17160240970926388,-0.0184423187708731,0.19490957260131836
QQQ,1h,3,1.0,0.0,8,21,0.23798863121275504,0.23592866904400167,0.2401655269232572,0.3504005914971822,0.6854027440338625,0.3026315789473684,-0.15701015891586456,-0.03992895137758534,0.22441458702087402
QQQ,1h,3,1.0,0.0,9,21,0.25852839437912056,0.2596565005008069,0.26464238550045605,0.33402630696663815,0.7922800689075306,0.35526315789473684,0.049333241319065746,-0.04336364920888858,0.19019556045532227
QQQ,1h,3,1.0,0.0,10,30,0.21955838876654243,0.21124977122633037,0.2442894183729305,0.3693817845694032,0.6613466840486038,0.21052631578947367,-0.001076710593769973,-0.04256006924467948,0.18956327438354492
QQQ,1h,3,1.0,0.0,12,26,0.23929060240212777,0.23379083272943735,0.2493840643041795,0.3903094668628053,0.6389393173285202,0.25,0.0677278642670662,-0.03977727267051845,0.20766091346740723
QQQ,1h,3,1.0,0.0,20,50,0.16859710987022716,0.14450238991419573,0.17572437745132968,0.35246504178491445,0.49855831534794415,0.039473684210526314,-0.11360594556969704,-0.027254584217823896,0.18217682838439941
QQQ,1h,3,1.0,0.25,8,21,0.3706500482122184,0.10457867771997043,0.38239032926577193,0.04052954384549683,9.434854009793122,0.8289473684210527,1.0492298368424364,-0.02561059463531279,0.1883707046508789
QQQ,1h,3,1.0,0.25,9,21,0.3660389616711965,0.1302901186733867,0.37728500508346097,0.043507870037246314,8.6716496293768,0.8289473684210527,1.0991585014619742,-0.024747278957658714,0.1875300407409668
QQQ,1h,3,1.0,0.25,10,30,0.31527072227776787,0.0748903558309284,0.3302589815996009,0.05040471910541214,6.552144074226966,0.5526315789473685,0.8343576225385793,-0.022043719954689456,0.18373322486877441
QQQ,1h,3,1.0,0.25,12,26,0.3174276238644238,0.10003195753395433,0.3341147341676013,0.04692812917419011,7.119711355366799,0.618421052631579,1.0044608326216327,-0.023815083055705788,0.19534754753112793
QQQ,1h,3,1.0,0.25,20,50,0.24920719574351935,0.0007532868071609133,0.2609386059093117,0.04472351330840006,5.834483621846894,0.15789473684210525,0.16970592533776455,-0.0184423187708731,0.1844642162322998
QQQ,1h,3,1.0,0.5,8,21,0.6494722562113949,-0.01449701903365097,0.6537200687527758,0.04682540488729777,13.96079906465708,0.8289473684210527,1.1847878880991152,-0.03169897223081597,0.21252202987670898
QQQ,1h,3,1.0,0.5,9,21,0.6389031004485005,0.012466956265302365,0.6426758432939315,0.050038050956351686,12.843742532148967,0.8289473684210527,1.2209218470256025,-0.03169897223081597,0.20250773429870605
QQQ,1h,3,1.0,0.5,10,30,0.5503038842942879,-0.04794302825339325,0.5582755530007028,0.04555588655047504,12.254740172428525,0.5526315789473685,0.8876972953160966,-0.025128222636387476,0.18793821334838867
QQQ,1h,3,1.0,0.5,12,26,0.5517428984733282,-0.021072414376477222,0.5654465925341373,0.040925790872991266,13.816387673214166,0.618421052631579,1.051183044888932,-0.027253716634387137,0.18841314315795898
QQQ,1h,3,1.0,0.5,20,50,0.435778017466646,-0.12658502658613013,0.43694980647139114,0.03783695094164821,11.548229854600361,0.15789473684210525,0.1708840068691983,-0.0184423187708731,0.17084312438964844
QQQ,1h,3,1.0,0.75,8,21,0.871202796031255,-0.12220926780516417,0.8697799579769635,0.060078372726565236,14.477422048955853,0.8289473684210527,1.2877736053997124,-0.03862580361078405,0.20507597923278809
QQQ,1h,3,1.0,0.75,9,21,0.8562562390488936,-0.0946023917092792,0.8543190455043878,0.0620392591883203,13.770619712126162,0.8289473684210527,1.3143820022352162,-0.03862580361078405,0.2052614688873291
QQQ,1h,3,1.0,0.75,10,30,0.7378879993145916,-0.15833430434407314,0.7404276354390924,0.05234494318350073,14.145160743482805,0.5526315789473685,0.927234126142174,-0.02821272531808583,0.1979522705078125
QQQ,1h,3,1.0,0.75,12,26,0.7390366285309308,-0.13046499690330504,0.7501493229836429,0.046838900379134935,16.01551951287498,0.618421052631579,1.085661498389366,-0.03069235021306793,0.22155046463012695
QQQ,1h,3,1.0,0.75,20,50,0.5850678486239783,-0.23915265582345324,0.578198367185523,0.04567608376974707,12.65866771985572,0.15789473684210525,0.17134073215549234,-0.0184423187708731,0.1837611198425293
QQQ,1h,3,1.0,1.0,8,21,1.0481016354340145,-0.21943609300145717,1.0421123947038813,0.07219330635581428,14.435027945218248,0.8289473684210527,1.3684735244015227,-0.045527773097562285,0.22374773025512695
QQQ,1h,3,1.0,1.0,9,21,1.0297282353868973,-0.1916885870949787,1.0231839994227074,0.0729666545390816,14.022624524668055,0.8289473684210527,1.3878777395612587,-0.045527773097562285,0.1934669017791748
QQQ,1h,3,1.0,1.0,10,30,0.887665985382281,-0.25731821065523375,0.8857920575495626,0.0605654222456744,14.625375745858458,0.5526315789473685,0.9580032780352729,-0.03287381481979612,0.19539213180541992
QQQ,1h,3,1.0,1.0,12,26,0.8886379420143713,-0.22905484201513826,0.897532919507656,0.054385016986860865,16.50331229508479,0.618421052631579,1.1124410034059875,-0.03413098379174906,0.19315767288208008
QQQ,1h,3,1.0,1.0,20,50,0.7043899625420716,-0.3384582951873013,0.6910809675242264,0.0554078818366396,12.472611199283113,0.15789473684210525,0.17160240970926388,-0.0184423187708731,0.18499112129211426
QQQ,1h,5,0.0,0.0,8,21,0.29467831046078224,0.29363758302615994,0.26606641274211656,0.3132982836053827,0.8492431228166019,0.25,0.04650727976036447,-0.03185304957488,0.2063312530517578
QQQ,1h,5,0.0,0.0,9,21,0.35308555865394736,0.37822221643236875,0.28606205205105334,0.34468699024828947,0.8299183321221185,0.25,0.07788277731133482,-0.03185304957488,0.21005892753601074
QQQ,1h,5,0.0,0.0,10,30,0.3380273266891204,0.3495342404049533,0.25109455675105047,0.4186443796114334,0.5997800734458801,0.19736842105263158,0.19510064970337798,-0.02704882159317956,0.20152950286865234
QQQ,1h,5,0.0,0.0,12,26,0.288312501476882,0.2863314715863219,0.2726074553671479,0.4136418785903227,0.6590422040828766,0.23684210526315788,0.232888828134429,-0.02704882159317956,0.18996763229370117
QQQ,1h,5,0.0,0.0,20,50,0.33534624805792396,0.33961219082655014,0.2890878893858226,0.3370861948940698,0.857608213462047,0.039473684210526314,-0.10888164162172269,-0.019616497482333628,0.1814136505126953
QQQ,1h,5,0.0,0.25,8,21,0.3110604432951562,0.16935396434868943,0.31888334898767756,0.04693189190207649,6.794598215921669,0.7631578947368421,1.066190126700693,-0.027117516348776682,0.20294427871704102
QQQ,1h,5,0.0,0.25,9,21,0.30820443345611465,0.26352238862051247,0.319966218411727,0.05235341929637244,6.111658468769726,0.75,1.060159504267082,-0.025769534537893213,0.19479775428771973
QQQ,1h,5,0.0,0.25,10,30,0.29150372017227555,0.23040710958985966,0.3025020210849966,0.059475653392109036,5.086148765624678,0.5263157894736842,0.9311179883558572,-0.02614557525722372,0.19913887977600098
QQQ,1h,5,0.0,0.25,12,26,0.28823132061024154,0.15929898083441763,0.28919142497369127,0.05102011222179503,5.668184807522885,0.5921052631578947,1.035863402780335,-0.032810990707378807,0.19243860244750977
QQQ,1h,5,0.0,0.25,20,50,0.2435259049917936,0.21970089342572607,0.25415630954456364,0.058736440736773844,4.32706351213142,0.13157894736842105,0.07414423191767835,-0.019616497482333628,0.18018484115600586
QQQ,1h,5,0.0,0.5,8,21,0.5316411260306697,0.05493246055213308,0.5350992574248825,0.03984611196801547,13.42914605707095,0.7631578947368421,1.1418686588772284,-0.031113075589278005,0.19827961921691895
QQQ,1h,5,0.0,0.5,9,21,0.5178832504147028,0.15647059601805058,0.5310915752777161,0.04838624094186907,10.97608669199507,0.75,1.1266807127349456,-0.031113075589278005,0.19814372062683105
QQQ,1h,5,0.0,0.5,10,30,0.48943616857776356,0.11912012551738815,0.4967602121515554,0.04445408017058372,11.174682059449584,0.5263157894736842,0.950243665867886,-0.02959587408303177,0.19543075561523438
QQQ,1h,5,0.0,0.5,12,26,0.4899886955194799,0.04246017963296711,0.4808892808957272,0.04004918707207618,12.007466719119039,0.5921052631578947,1.060012023388446,-0.039562259619829954,0.19048094749450684
QQQ,1h,5,0.0,0.5,20,50,0.3988220711451453,0.10897732762563872,0.4043598766490059,0.0513292893660293,7.877761053061042,0.13157894736842105,0.0743415273058521,-0.019616497482333628,0.18240785598754883
QQQ,1h,5,0.0,0.75,8,21,0.7090264584086946,-0.050142272144744204,0.7085626709085466,0.04198313669626892,16.877316148021812,0.7631578947368421,1.197798989265508,-0.0364566166406628,0.21434831619262695
QQQ,1h,5,0.0,0.75,9,21,0.6878981764010467,0.05677985884649428,0.7008793064349053,0.05303739544779575,13.21481382178306,0.75,1.175504890664157,-0.0364566166406628,0.19962191581726074
QQQ,1h,5,0.0,0.75,10,30,0.6502211055672792,0.015515589525944007,0.6535575144027491,0.04533833330102968,14.415119983863768,0.5263157894736842,0.9636044261562435,-0.033046172908840044,0.1915569305419922
QQQ,1h,5,0.0,0.75,12,26,0.6529055233466847,-0.06468535832718891,0.6360247291923552,0.04251054172099319,14.961576668835157,0.5921052631578947,1.076692705906677,-0.04631352853228088,0.18763065338134766
QQQ,1h,5,0.0,0.75,20,50,0.5273381607831477,0.006894239178206085,0.528205091385672,0.05475707755067233,9.646334592945902,0.13157894736842105,0.07448249128602957,-0.019616497482333628,0.18478941917419434
QQQ,1h,5,0.0,1.0,8,21,0.8509641661565013,-0.14639533593339993,0.8471934277999285,0.046120085535183555,18.369294375085914,0.7631578947368421,1.2414393995143251,-0.04180015769204781,0.20746612548828125
QQQ,1h,5,0.0,1.0,9,21,0.824215416419673,-0.03585564265629548,0.8366319374865258,0.058842696991967466,14.218109982292845,0.75,1.2135611996858313,-0.04180015769204781,0.19794631004333496
QQQ,1h,5,0.0,1.0,10,30,0.779216970179955,-0.08061830581610474,0.7790361242749781,0.050384897797076944,15.461699007756518,0.5263157894736842,0.9738305089334665,-0.03649647173464854,0.20382046699523926
QQQ,1h,5,0.0,1.0,12,26,0.7834162970267494,-0.16266015450561555,0.7603156564122965,0.04756885485369597,15.9834761368703,0.5921052631578947,1.0894800750851283,-0.05306479744473225,0.2072463035583496
QQQ,1h,5,0.0,1.0,20,50,0.6309588300637963,-0.08707872980713682,0.627890779699756,0.06010141636335247,10.447187731878806,0.13157894736842105,0.07458823464937277,-0.019616497482333628,0.19554662704467773
QQQ,1h,5,0.1,0.0,8,21,0.2845342947522416,0.28722694949896255,0.24631744184356794,0.3752397064572717,0.6564269121972994,0.25,0.05988515226664818,-0.03185304957488,0.20366501808166504
QQQ,1h,5,0.1,0.0,9,21,0.30684303506126626,0.3199820628356249,0.2666212504930898,0.3498756420880098,0.7620457626084822,0.25,0.09126064981761854,-0.03185304957488,0.20659279823303223
QQQ,1h,5,0.1,0.0,10,30,0.3536292752684649,0.36905567483335155,0.22001423608488926,0.44702093403409443,0.4921788205742255,0.19736842105263158,0.19276895569673402,-0.02704882159317956,0.1901228427886963
QQQ,1h,5,0.1,0.0,12,26,0.3490782723822998,0.36216547259884546,0.2726952556919768,0.4368970816451701,0.6241636008762556,0.23684210526315788,0.232888828134429,-0.02704882159317956,0.18772339820861816
QQQ,1h,5,0.1,0.0,20,50,0.3140729944137644,0.31302469123761334,0.27740111252082883,0.3625102248494822,0.7652228640888915,0.039473684210526314,-0.10888164162172269,-0.019616497482333628,0.18393182754516602
QQQ,1h,5,0.1,0.25,8,21,0.3159647293380846,0.16253981736689216,0.32089168062754747,0.05067218734517498,6.332698417805776,0.7763157894736842,1.1187804120845921,-0.027117516348776682,0.20597457885742188
QQQ,1h,5,0.1,0.25,9,21,0.3053749001834771,0.19735804466195006,0.32176553682196685,0.053669387680113506,5.995327145146336,0.7631578947368421,1.1094739969322955,-0.025769534537893213,0.2028191089630127
QQQ,1h,5,0.1,0.25,10,30,0.2948412841266019,0.2528305804715154,0.30118888862959803,0.06038182621833676,4.9880718668646855,0.5263157894736842,0.9312824830197849,-0.02614557525722372,0.1863243579864502
QQQ,1h,5,0.1,0.25,12,26,0.29421001918590256,0.2455199096506342,0.2897052036234064,0.05457760031663215,5.3081337754441495,0.5921052631578947,1.035863402780335,-0.032810990707378807,0.17982220649719238
QQQ,1h,5,0.1,0.25,20,50,0.24067808334957008,0.18956120168802726,0.253400617500131,0.05911212718751655,4.286778865126761,0.13157894736842105,0.07414423191767835,-0.019616497482333628,0.17463088035583496
QQQ,1h,5,0.1,0.5,8,21,0.541700157194985,0.04799922390495981,0.5418559919235493,0.03925620024484337,13.803067758569592,0.7763157894736842,1.1971415268516261,-0.031113075589278005,0.19332647323608398
QQQ,1h,5,0.1,0.5,9,21,0.5185748735473286,0.08441993671989878,0.5378403673925505,0.04897569146979089,10.981782007596571,0.7631578947368421,1.1755126539386702,-0.031113075589278005,0.18897485733032227
QQQ,1h,5,0.1,0.5,10,30,0.49408990299656025,0.14379244701909344,0.49873373184585035,0.04307293041374501,11.578820550521431,0.5263157894736842,0.9503242113712126,-0.02959587408303177,0.23438215255737305
QQQ,1h,5,0.1,0.5,12,26,0.4936593938999872,0.13637085146204386,0.4833493193883836,0.041751691353405875,11.576760215462615,0.5921052631578947,1.060012023388446,-0.039562259619829954,0.25559234619140625
QQQ,1h,5,0.1,0.5,20,50,0.3969708104839819,0.07615817065799879,0.4047760538802678,0.04960997548548712,8.159166577267928,0.13157894736842105,0.0743415273058521,-0.019616497482333628,0.21570158004760742
QQQ,1h,5,0.1,0.75,8,21,0.7229846454805904,-0.05698007341793787,0.7186256586492845,0.039751972582300316,18.07773581956169,0.7763157894736842,1.2553929946520146,-0.0364566166406628,0.18455100059509277
QQQ,1h,5,0.1,0.75,9,21,0.6906235399157925,-0.019386263463896936,0.7110136757203142,0.05354436980883394,13.278962442901113,0.7631578947368421,1.22417319741445,-0.0364566166406628,0.191056489944458
QQQ,1h,5,0.1,0.75,10,30,0.6561236887275894,0.041851126657318716,0.6575543817145135,0.04198456731503961,15.661811559957792,0.5263157894736842,0.9636584407545149,-0.033046172908840044,0.17787766456604004
QQQ,1h,5,0.1,0.75,12,26,0.655768655875225,0.03455141365227954,0.639810828774136,0.04262542800535941,15.010074003097186,0.5921052631578947,1.076692705906677,-0.04631352853228088,0.2015385627746582
QQQ,1h,5,0.1,0.75,20,50,0.5258571533414526,-0.02784005714082205,0.529316745827117,0.052105399918144356,10.158577549709893,0.13157894736842105,0.07448249128602957,-0.019616497482333628,0.19361042976379395
QQQ,1h,5,0.1,1.0,8,21,0.8679888418986574,-0.1529806651304627,0.8597951775681478,0.0431919465434976,19.90637714607903,0.7763157894736842,1.3009282967518254,-0.04180015769204781,0.18987679481506348
QQQ,1h,5,0.1,1.0,9,21,0.8284007817760943,-0.11461109482419274,0.849348026276252,0.0594310652477724,14.291314192926862,0.7631578947368421,1.2621486786398337,-0.04180015769204781,0.20033836364746094
QQQ,1h,5,0.1,1.0,10,30,0.7861499705409868,-0.0531396880850018,0.7845223364246298,0.045700553339111064,17.166582877087976,0.5263157894736842,0.9738720294092549,-0.03649647173464854,0.18972063064575195
QQQ,1h,5,0.1,1.0,12,26,0.785838983906889,-0.0601481220183383,0.7651062862240443,0.046632746708945426,16.407060278893592,0.5921052631578947,1.0894800750851283,-0.05306479744473225,0.1931772232055664
QQQ,1h,5,0.1,1.0,20,50,0.6296906417921185,-0.12306351442644636,0.6295069877178829,0.05698842263407852,11.046225858187622,0.13157894736842105,0.07458823464937277,-0.019616497482333628,0.20743322372436523
QQQ,1h,5,0.25,0.0,8,21,0.2743336590144474,0.27699156082229903,0.2700162911910995,0.3820818589294578,0.7066974913377175,0.25,0.05988515226664818,-0.03185304957488,0.22902274131774902
QQQ,1h,5,0.25,0.0,9,21,0.23192517208161054,0.22567079460172268,0.2995865242723209,0.3658359943324048,0.8189093717227602,0.25,0.09126064981761854,-0.03185304957488,0.23508810997009277
QQQ,1h,5,0.25,0.0,10,30,0.3566011344826267,0.37395245285109,0.22098006846894275,0.4491484824057058,0.4919978072403602,0.19736842105263158,0.19276895569673402,-0.02704882159317956,0.17460322380065918
QQQ,1h,5,0.25,0.0,12,26,0.3831788104923232,0.4021788032373528,0.2616189138688827,0.38207755357620926,0.684727253459814,0.23684210526315788,0.232888828134429,-0.02704882159317956,0.17763304710388184
QQQ,1h,5,0.25,0.0,20,50,0.3243520358167537,0.3253374962193416,0.2726428595446793,0.35650587636899655,0.7647639986233608,0.039473684210526314,-0.10888164162172269,-0.019616497482333628,0.19126677513122559
QQQ,1h,5,0.25,0.25,8,21,0.3242875613184515,0.15103525625635217,0.3307394107091818,0.04568058124008004,7.240262749086734,0.7763157894736842,1.1187804120845921,-0.027117516348776682,0.20073699951171875
QQQ,1h,5,0.25,0.25,9,21,0.3129105397792345,0.09151396221030783,0.33347806468719915,0.05131044172858877,6.499224201794278,0.7631578947368421,1.1094739969322955,-0.025769534537893213,0.1985926628112793
QQQ,1h,5,0.25,0.25,10,30,0.29704449430278085,0.2589862970396781,0.29895219185294214,0.060206869848593865,4.965416614494935,0.5263157894736842,0.9312824830197849,-0.02614557525722372,0.1843254566192627
QQQ,1h,5,0.25,0.25,12,26,0.29705627456319894,0.291781395145728,0.29901700942493475,0.05621705500773004,5.318973208109512,0.5921052631578947,1.035863402780335,-0.032810990707378807,0.18246841430664062
QQQ,1h,5,0.25,0.25,20,50,0.24162503679963684,0.2033466859585744,0.25331038739360173,0.05504530527559877,4.601852712512662,0.13157894736842105,0.07414423191767835,-0.019616497482333628,0.18805527687072754
QQQ,1h,5,0.25,0.5,8,21,0.5583668916833374,0.03582960314043038,0.5579164664768401,0.03418135857498688,16.322243753210863,0.7763157894736842,1.1971415268516261,-0.031113075589278005,0.194413423538208
QQQ,1h,5,0.25,0.5,9,21,0.5422341859407882,-0.029440656385152253,0.5557412301958206,0.04736570636778279,11.732987277348505,0.7631578947368421,1.1755126539386702,-0.031113075589278005,0.20578813552856445
QQQ,1h,5,0.25,0.5,10,30,0.4980448411461023,0.15113650786558774,0.5010384766853238,0.04228819524764243,11.84818774485905,0.5263157894736842,0.9503242113712126,-0.02959587408303177,0.18384933471679688
QQQ,1h,5,0.25,0.5,12,26,0.49540674780042204,0.18761171870839455,0.5003204237797212,0.04938944662531271,10.130107906965305,0.5921052631578947,1.060012023388446,-0.039562259619829954,0.19388318061828613
QQQ,1h,5,0.25,0.5,20,50,0.39745572893545045,0.09095546528131071,0.4072695780572653,0.04844419263628274,8.406984529911163,0.13157894736842105,0.0743415273058521,-0.019616497482333628,0.17955827713012695
QQQ,1h,5,0.25,0.75,8,21,0.7459505641211045,-0.0693374210945863,0.7398596693003037,0.035011276190688195,21.132039439827135,0.7763157894736842,1.2553929946520146,-0.0364566166406628,0.1853320598602295
QQQ,1h,5,0.25,0.75,9,21,0.7255372479157193,-0.1382864721811755,0.73430734211776,0.05250093879733174,13.986556410969929,0.7631578947368421,1.22417319741445,-0.0364566166406628,0.20291781425476074
QQQ,1h,5,0.25,0.75,10,30,0.6614804884067891,0.050286585437109954,0.6633043024031946,0.041712310805763576,15.90188339101901,0.5263157894736842,0.9636584407545149,-0.033046172908840044,0.183884859085083
QQQ,1h,5,0.25,0.75,12,26,0.6571713411630897,0.08961930652037298,0.6621803907143434,0.05215766466870471,12.695744622010665,0.5921052631578947,1.076692705906677,-0.04631352853228088,0.1902787685394287
QQQ,1h,5,0.25,0.75,20,50,0.5262060815768855,-0.012418741611594286,0.5335282488248236,0.05123017982482219,10.414334883250147,0.13157894736842105,0.07448249128602957,-0.019616497482333628,0.19362473487854004
QQQ,1h,5,0.25,1.0,8,21,0.8959060980949621,-0.16515656853504423,0.8852014975253077,0.038960075685489204,22.72073351887773,0.7763157894736842,1.3009282967518254,-0.04180015769204781,0.20619726181030273
QQQ,1h,5,0.25,1.0,9,21,0.8719727242532013,-0.23605620732792132,0.8770379742436216,0.05869587714309965,14.942071179981117,0.7631578947368421,1.2621486786398337,-0.04180015769204781,0.20941638946533203
QQQ,1h,5,0.25,1.0,10,30,0.7926195405245272,-0.04372868229649729,0.7930123951086842,0.046023711175538516,17.23051824491216,0.5263157894736842,0.9738720294092549,-0.03649647173464854,0.18930935859680176
QQQ,1h,5,0.25,1.0,12,26,0.7870661872140992,-0.0022911345535654437,0.7916101189364804,0.05651951486346532,14.00596096496546,0.5921052631578947,1.0894800750851283,-0.05306479744473225,0.19067740440368652
QQQ,1h,5,0.25,1.0,20,50,0.6299773525920722,-0.10734139726026926,0.6350147904883692,0.0556447301609502,11.411948420840819,0.13157894736842105,0.07458823464937277,-0.019616497482333628,0.17468547821044922
QQQ,1h,5,0.4,0.0,8,21,0.26733612565600245,0.26925057264091423,0.28770307280845625,0.3688875202633491,0.7799208620640373,0.25,0.05988515226664818,-0.03185304957488,0.20996761322021484
QQQ,1h,5,0.4,0.0,9,21,0.22956359190781622,0.22262656686898197,0.3026303743625925,0.41102700307248374,0.7362785707517719,0.25,0.09126064981761854,-0.03185304957488,0.19570446014404297
QQQ,1h,5,0.4,0.0,10,30,0.3505427700229875,0.36700101066002544,0.19140515551105106,0.4563869477714356,0.4193922644933071,0.19736842105263158,0.19276895569673402,-0.02704882159317956,0.18921470642089844
QQQ,1h,5,0.4,0.0,12,26,0.4158439210264239,0.4446384688463918,0.2273844055751711,0.4056486201575703,0.5605452459984847,0.23684210526315788,0.232888828134429,-0.02704882159317956,0.19184303283691406
QQQ,1h,5,0.4,0.0,20,50,0.327151296813435,0.32751113828105294,0.2759232870758085,0.34130607969677745,0.8084335541896698,0.039473684210526314,-0.10888164162172269,-0.019616497482333628,0.18227529525756836
QQQ,1h,5,0.4,0.25,8,21,0.33220485380771986,0.14212432521441376,0.34347581232366153,0.050962194304040066,6.739815995254981,0.7763157894736842,1.1187804120845921,-0.027117516348776682,0.20950770378112793
QQQ,1h,5,0.4,0.25,9,21,0.3259955822383179,0.08919687927823228,0.34214517843270936,0.04854464762351362,7.048051539815569,0.7631578947368421,1.1094739969322955,-0.025769534537893213,0.20500826835632324
QQQ,1h,5,0.4,0.25,10,30,0.29844154856701177,0.2509411185692487,0.30054737176980734,0.06027304941191398,4.986430497581546,0.5263157894736842,0.9312824830197849,-0.02614557525722372,0.20758438110351562
QQQ,1h,5,0.4,0.25,12,26,0.3001114874030375,0.34091442286510887,0.3043765109755267,0.059172107955647577,5.143918672014727,0.5921052631578947,1.035863402780335,-0.032810990707378807,0.19109845161437988
QQQ,1h,5,0.4,0.25,20,50,0.2467506172281832,0.20550470150856848,0.2536978850970905,0.05387321730150671,4.709165292231306,0.13157894736842105,0.07414423191767835,-0.019616497482333628,0.18026995658874512
QQQ,1h,5,0.4,0.5,8,21,0.57427466964492,0.026009785236603244,0.5770610681074441,0.044342539811934874,13.01371257836988,0.7763157894736842,1.1971415268516261,-0.031113075589278005,0.19339990615844727
QQQ,1h,5,0.4,0.5,9,21,0.5663092893542461,-0.03124740319735797,0.5711164323908444,0.048263901890592625,11.833200591313231,0.7631578947368421,1.1755126539386702,-0.031113075589278005,0.18371939659118652
QQQ,1h,5,0.4,0.5,10,30,0.5015049866303805,0.14221770260123434,0.5070518053026843,0.04242757818091568,11.950995721239657,0.5263157894736842,0.9503242113712126,-0.02959587408303177,0.17659902572631836
QQQ,1h,5,0.4,0.5,12,26,0.49727466375549206,0.24208351763220937,0.5094691482390414,0.05074622547384537,10.039547640870788,0.5921052631578947,1.060012023388446,-0.039562259619829954,0.19298744201660156
QQQ,1h,5,0.4,0.5,20,50,0.4071093967493098,0.0929700201488195,0.407537017676015,0.048286665149586155,8.43994954742713,0.13157894736842105,0.0743415273058521,-0.019616497482333628,0.18088102340698242
QQQ,1h,5,0.4,0.75,8,21,0.7679447828295284,-0.07982947780665361,0.764116357136712,0.04714543841419042,16.207641350657557,0.7763157894736842,1.2553929946520146,-0.0364566166406628,0.1925492286682129
QQQ,1h,5,0.4,0.75,9,21,0.7580412994152158,-0.1397483788209224,0.7550627070052107,0.05779854532643414,13.063697412119524,0.7631578947368421,1.22417319741445,-0.0364566166406628,0.20190763473510742
QQQ,1h,5,0.4,0.75,10,30,0.666426901797386,0.04069490518044061,0.6723626143409789,0.04344654081289816,15.475630551037375,0.5263157894736842,0.9636584407545149,-0.033046172908840044,0.19667673110961914
QQQ,1h,5,0.4,0.75,12,26,0.6586418257271742,0.14821618723609187,0.6737580004204635,0.053090309128692906,12.690790682481218,0.5921052631578947,1.076692705906677,-0.04631352853228088,0.2022395133972168
QQQ,1h,5,0.4,0.75,20,50,0.539276055237406,-0.010639914049868526,0.5337579053920722,0.051420969948931625,10.380160193830847,0.13157894736842105,0.07448249128602957,-0.019616497482333628,0.18074321746826172
QQQ,1h,5,0.4,1.0,8,21,0.9227023036381765,-0.1761088318932742,0.9135155029223243,0.0516741298056617,17.678391612164788,0.7763157894736842,1.3009282967518254,-0.04180015769204781,0.20024991035461426
QQQ,1h,5,0.4,1.0,9,21,0.9111381088884593,-0.23729717715415632,0.9020940208946777,0.06740649692849406,13.38289426094393,0.7631578947368421,1.2621486786398337,-0.04180015769204781,0.21448540687561035
QQQ,1h,5,0.4,1.0,10,30,0.7987152149779602,-0.05381177392411818,0.8044017620974969,0.04942453315672697,16.275353771106143,0.5263157894736842,0.9738720294092549,-0.03649647173464854,0.19336295127868652
QQQ,1h,5,0.4,1.0,12,26,0.7883256899966221,0.059336066923300734,0.8049777301570987,0.05750482011515192,13.998439235965812,0.5921052631578947,1.0894800750851283,-0.05306479744473225,0.18623638153076172
QQQ,1h,5,0.4,1.0,20,50,0.6457257457307595,-0.10586086883384294,0.6352233456795489,0.05597006853454375,11.349340143964628,0.13157894736842105,0.07458823464937277,-0.019616497482333628,0.17947745323181152
QQQ,1h,5,0.55,0.0,8,21,0.2926485168356383,0.29600779541112066,0.23579849812228226,0.383432108656272,0.6149680550975036,0.2631578947368421,0.006776410749469582,-0.03797610357062409,0.18450689315795898
QQQ,1h,5,0.55,0.0,9,21,0.2525186782960751,0.24987212230609002,0.2425878565287028,0.4012121496563038,0.6046373638896887,0.2631578947368421,0.026000618870727476,-0.03016933103373176,0.19574570655822754
QQQ,1h,5,0.55,0.0,10,30,0.3047219842233105,0.31470438776601783,0.21053104706512174,0.4590979118217971,0.45857548388684727,0.18421052631578946,0.15379564046224825,-0.024470318419800297,0.24066424369812012
QQQ,1h,5,0.55,0.0,12,26,0.25843541123942126,0.25681226284838377,0.22987157827801666,0.4344682079164435,0.5290872245414682,0.2236842105263158,0.16227426147357857,-0.024943323572293008,0.20557403564453125
QQQ,1h,5,0.55,0.0,20,50,0.2851555758152667,0.2743335385809307,0.28459990886049047,0.34335348427460477,0.8288831245203709,0.039473684210526314,-0.10888164162172269,-0.019616497482333628,0.18334579467773438
QQQ,1h,5,0.55,0.25,8,21,0.3443897645902835,0.17237710794794903,0.3487902505418371,0.05046210951769846,6.911923696323212,0.8289473684210527,1.160807933280835,-0.026931319146823673,0.21079039573669434
QQQ,1h,5,0.55,0.25,9,21,0.33654697829122737,0.11973657854006481,0.34655649914727304,0.045609175562391364,7.598394289613915,0.8289473684210527,1.1962640076912825,-0.027117516348776682,0.19293451309204102
QQQ,1h,5,0.55,0.25,10,30,0.2979491107727421,0.1931332512109618,0.3118042758294281,0.06200974532645183,5.02831085965483,0.5394736842105263,0.9815558275385386,-0.02836415586245644,0.18707060813903809
QQQ,1h,5,0.55,0.25,12,26,0.29535881523865737,0.12781068767627413,0.31067510872136345,0.0565779869098502,5.4910951359295375,0.6052631578947368,1.0686501344312862,-0.031415632478863253,0.1805577278137207
QQQ,1h,5,0.55,0.25,20,50,0.24616217920465713,0.145270719405157,0.2568770525131136,0.051516014263096724,4.986353392970589,0.14473684210526316,0.10040675218333171,-0.019616497482333628,0.17585253715515137
QQQ,1h,5,0.55,0.5,8,21,0.5947775560782407,0.05879385079481381,0.5930714688534927,0.044562414595203804,13.308782170823486,0.8289473684210527,1.2507497819204247,-0.030792927962927208,0.21640253067016602
QQQ,1h,5,0.55,0.5,9,21,0.5837402371657641,0.0015635492898466996,0.5865630937858687,0.049640870567377426,11.81613229344413,0.8289473684210527,1.275072014291027,-0.031016349708005042,0.19707036018371582
QQQ,1h,5,0.55,0.5,10,30,0.5062404135100402,0.08098120373327711,0.5228548353681407,0.047674524007332575,10.967174738603013,0.5394736842105263,0.9994601128745584,-0.032257993305112365,0.18876409530639648
QQQ,1h,5,0.55,0.5,12,26,0.5071592001374007,0.01033550726657917,0.5214314106970187,0.049589963323443564,10.514857760552385,0.6052631578947368,1.0937097651955419,-0.03788794138543339,0.19977092742919922
QQQ,1h,5,0.55,0.5,20,50,0.41309585667309684,0.027572954834157448,0.4136900966238416,0.04572494756722712,9.047360765490515,0.14473684210526316,0.10061292978283304,-0.019616497482333628,0.1890270709991455
QQQ,1h,5,0.55,0.75,8,21,0.7951504746244058,-0.04534447644420314,0.7876970533026119,0.04858045310093261,16.214279674709132,0.8289473684210527,1.318883863265494,-0.03638826113084159,0.19939160346984863
QQQ,1h,5,0.55,0.75,9,21,0.7811095648374935,-0.10552999672109287,0.7782504602678405,0.0614439065482535,12.666031572335983,0.8289473684210527,1.3346552006535926,-0.03638826113084159,0.20922279357910156
QQQ,1h,5,0.55,0.75,10,30,0.6745425075924268,-0.022260705306455075,0.6917399359547098,0.05061703104016681,13.666149944784083,0.5394736842105263,1.0123102893952183,-0.03615183074776829,0.19088292121887207
QQQ,1h,5,0.55,0.75,12,26,0.6774140807019715,-0.09642300065156739,0.6900878975221196,0.05442813746484076,12.678881359258334,0.6052631578947368,1.111790389435968,-0.044360250292003744,0.18814635276794434
QQQ,1h,5,0.55,0.75,20,50,0.5494259328807015,-0.07956302428962814,0.5421530598645083,0.0488503279857305,11.098248102302911,0.14473684210526316,0.10076023722105129,-0.019616497482333628,0.17667770385742188
QQQ,1h,5,0.55,1.0,8,21,0.9552697579266652,-0.14063143077866092,0.9429431974601232,0.05422854877132607,17.38831701796738,0.8289473684210527,1.3723958833972494,-0.042892901596618294,0.20252394676208496
QQQ,1h,5,0.55,1.0,9,21,0.938732872922537,-0.20239317985317606,0.9312498981008265,0.07237388318213539,12.867209235647234,0.8289473684210527,1.3814084417726407,-0.042892901596618294,0.20478272438049316
QQQ,1h,5,0.55,1.0,10,30,0.8093614677083565,-0.11710212509210705,0.8265895446566791,0.057394719591333763,14.401839586328231,0.5394736842105263,1.0222342074936892,-0.04004566819042432,0.19310402870178223
QQQ,1h,5,0.55,1.0,12,26,0.8136240598621526,-0.19324678646360927,0.8247605310533681,0.06103452141830494,13.513017090783858,0.6052631578947368,1.1257997411171035,-0.05083255919857421,0.20574665069580078
QQQ,1h,5,0.55,1.0,20,50,0.6589663508446427,-0.17690620289666592,0.6453728775754416,0.053531904729019766,12.05585493066873,0.14473684210526316,0.1008707376417604,-0.019616497482333628,0.17612075805664062
QQQ,1h,5,0.7,0.0,8,21,0.3538908278294801,0.3774454585384661,0.21172382990864155,0.31493880760904797,0.6722697387343474,0.2631578947368421,-0.03227638232947694,-0.02376876457493815,0.18972444534301758
QQQ,1h,5,0.7,0.0,9,21,0.2627265947344722,0.26236930176329154,0.2578186089421125,0.35623331394760444,0.7237352567762178,0.2631578947368421,-0.026309386262228326,-0.023218682989548656,0.18633580207824707
QQQ,1h,5,0.7,0.0,10,30,0.21878510021190054,0.20996059130563638,0.18237518876597783,0.43525613961494414,0.41900658524270046,0.18421052631578946,0.14708814993710823,-0.024470318419800297,0.19100236892700195
QQQ,1h,5,0.7,0.0,12,26,0.32551305252911095,0.3324797006852809,0.21148404241517507,0.4466341424827969,0.4735062152650384,0.2236842105263158,0.16227426147357857,-0.024943323572293008,0.18645238876342773
QQQ,1h,5,0.7,0.0,20,50,0.20978722480218454,0.1870111189577237,0.28916735598934556,0.3370096621816439,0.8580387699195641,0.039473684210526314,-0.10888164162172269,-0.019616497482333628,0.1861419677734375
QQQ,1h,5,0.7,0.25,8,21,0.35789262095600005,0.26548692441299515,0.355188330988193,0.046334971432224946,7.665664184291854,0.8289473684210527,1.1305561425263349,-0.026931319146823673,0.19593167304992676
QQQ,1h,5,0.7,0.25,9,21,0.3490089740746386,0.13369757691546158,0.35642568026833926,0.043678925648057386,8.16012928386189,0.8289473684210527,1.1505965634769082,-0.027117516348776682,0.1923677921295166
QQQ,1h,5,0.7,0.25,10,30,0.3041890490720338,0.0740067381952676,0.31123003941372934,0.05941149016022938,5.238549623555305,0.5394736842105263,0.9816344067666463,-0.02836415586245644,0.19140958786010742
QQQ,1h,5,0.7,0.25,12,26,0.3126351101502693,0.21160345098546052,0.31232386384608446,0.05655336817572027,5.5226394805636465,0.6052631578947368,1.0705116736644193,-0.031415632478863253,0.20801544189453125
QQQ,1h,5,0.7,0.25,20,50,0.23907952064363422,0.04747378540702485,0.25997797164670905,0.05152622592284802,5.045546554020528,0.14473684210526316,0.10040675218333171,-0.019616497482333628,0.19838571548461914
QQQ,1h,5,0.7,0.5,8,21,0.6136331609136089,0.16083784234374177,0.6070643627310639,0.040106073981475324,15.136469428831704,0.8289473684210527,1.2288720951450458,-0.03686143022177302,0.18345880508422852
QQQ,1h,5,0.7,0.5,9,21,0.6062323623265992,0.01651559157914595,0.6036933128926064,0.050440005022200585,11.968541887077485,0.8289473684210527,1.2413590380924335,-0.03686143022177302,0.1926431655883789
QQQ,1h,5,0.7,0.5,10,30,0.5294033756589134,-0.04832159812515979,0.5273131902777436,0.047422085938110134,11.11956970779253,0.5394736842105263,1.0022613775335174,-0.032257993305112365,0.2016000747680664
QQQ,1h,5,0.7,0.5,12,26,0.532492236907244,0.09979195944129282,0.5292603264815434,0.047462593841209516,11.151104135863974,0.6052631578947368,1.0968101712983254,-0.03788794138543339,0.1966869831085205
QQQ,1h,5,0.7,0.5,20,50,0.4116470852119023,-0.07739421787918532,0.41877505062324233,0.046416063248169874,9.022200964872955,0.14473684210526316,0.10061292978283304,-0.019616497482333628,0.17992877960205078
QQQ,1h,5,0.7,0.75,8,21,0.8189750138533649,0.06322232554593277,0.807289037655526,0.04218518408420405,19.136790680920836,0.8289473684210527,1.3037237775415516,-0.04678479603685992,0.19210457801818848
QQQ,1h,5,0.7,0.75,9,21,0.8114969986371948,-0.08998227526792513,0.8011838421667408,0.0624709889232236,12.824894498651046,0.8289473684210527,1.3102708403600598,-0.04678479603685992,0.19915246963500977
QQQ,1h,5,0.7,0.75,10,30,0.7094037234263361,-0.15816548858643742,0.6994659604439513,0.05198723646412065,13.454570929668334,0.5394736842105263,1.0172806603945361,-0.03615183074776829,0.188812255859375
QQQ,1h,5,0.7,0.75,12,26,0.7098332624365239,-0.0034056734130117894,0.7021501367306275,0.05152431400540618,13.627549445043647,0.6052631578947368,1.1159001420130472,-0.044360250292003744,0.18817758560180664
QQQ,1h,5,0.7,0.75,20,50,0.5509100121818807,-0.18890752531865163,0.5488208902447022,0.050883007995685035,10.785936442500473,0.14473684210526316,0.10076023722105129,-0.019616497482333628,0.19108963012695312
QQQ,1h,5,0.7,1.0,8,21,0.983192712171687,-0.027649781803244067,0.9669089037197274,0.04616797417747365,20.943282024956233,0.8289473684210527,1.3625707574247419,-0.05666137556591766,0.2016439437866211
QQQ,1h,5,0.7,1.0,9,21,0.975398175089357,-0.18657691081694228,0.9588146876887139,0.07325406806514045,13.088893395464364,0.8289473684210527,1.3643905838927024,-0.05666137556591766,0.1906907558441162
QQQ,1h,5,0.7,1.0,10,30,0.8531954872778039,-0.2566012896816443,0.8367712501629823,0.059797119225958074,13.99350438607313,0.5394736842105263,1.0289427202041392,-0.04004566819042432,0.2066359519958496
QQQ,1h,5,0.7,1.0,12,26,0.8518194618602253,-0.09844729105671457,0.8400583705835624,0.05797040654025275,14.491158863967142,0.6052631578947368,1.130722130242708,-0.05083255919857421,0.19600844383239746
QQQ,1h,5,0.7,1.0,20,50,0.6624775699422771,-0.2882920330473877,0.6532944656099442,0.05686137228606602,11.48924901641945,0.14473684210526316,0.1008707376417604,-0.019616497482333628,0.1779024600982666
QQQ,1h,5,0.85,0.0,8,21,0.3308549832333149,0.3536137002450699,0.18353285664195224,0.3420816732965654,0.5365176534401469,0.3026315789473684,-0.17741875343903155,-0.03992895137758534,0.1855015754699707
QQQ,1h,5,0.85,0.0,9,21,0.2800831683307172,0.2887391223451927,0.2515528761230653,0.32452162697480386,0.7751498057865835,0.34210526315789475,0.028861651081318336,-0.04336364920888858,0.18452668190002441
QQQ,1h,5,0.85,0.0,10,30,0.21892793873087246,0.21045012834326227,0.23946052593389147,0.40243148416676094,0.5950342737961899,0.21052631578947367,-0.010497465182078614,-0.04256006924467948,0.18976497650146484
QQQ,1h,5,0.85,0.0,12,26,0.23954143573113257,0.2335197225540746,0.25438813826880147,0.4714134256726192,0.5396285392293123,0.23684210526315788,0.03355990756793337,-0.03977727267051845,0.18205976486206055
QQQ,1h,5,0.85,0.0,20,50,0.1403992460938497,0.11432275254306967,0.19665744357165568,0.3351070123787139,0.5868496817649628,0.039473684210526314,-0.11360594556969704,-0.027254584217823896,0.17592644691467285
QQQ,1h,5,0.85,0.25,8,21,0.3644027407515445,0.23765986390764504,0.36961203750506666,0.04027203181235824,9.177884026989771,0.8289473684210527,1.0192423805212454,-0.03951847744747372,0.20307588577270508
QQQ,1h,5,0.85,0.25,9,21,0.36196505624331693,0.16299958966581363,0.36712718936819433,0.0442519204423655,8.296299588768072,0.8289473684210527,1.0762683247246434,-0.03951847744747372,0.18818211555480957
QQQ,1h,5,0.85,0.25,10,30,0.3096820708108644,0.07403866390516667,0.3234895275527779,0.05352301695223607,6.043932983849918,0.5526315789473685,0.8565709481551513,-0.02613666453640484,0.19370174407958984
QQQ,1h,5,0.85,0.25,12,26,0.3121744233147696,0.09971090133322269,0.32570806619578996,0.05337078583048764,6.102740687204418,0.618421052631579,0.9867439761582233,-0.024262227332212505,0.18360161781311035
QQQ,1h,5,0.85,0.25,20,50,0.243487204513541,-0.03196548592411519,0.25755989416724046,0.04606582086809034,5.591127853875962,0.15789473684210525,0.16970592533776455,-0.0184423187708731,0.17249751091003418
QQQ,1h,5,0.85,0.5,8,21,0.6279799825045963,0.12974440288025857,0.6359080098976386,0.04651935068465026,13.669752490923432,0.8289473684210527,1.1462855320016894,-0.049359255414878844,0.19297313690185547
QQQ,1h,5,0.85,0.5,9,21,0.6285206401217314,0.04772173901206411,0.6260566318634603,0.05272807252986897,11.873307743400193,0.8289473684210527,1.1925552973759739,-0.049359255414878844,0.19051742553710938
QQQ,1h,5,0.85,0.5,10,30,0.5399069367744239,-0.04881255425961384,0.5451433794958944,0.04842754852681971,11.25688572061392,0.5526315789473685,0.9047189433398488,-0.03003942866613274,0.20035576820373535
QQQ,1h,5,0.85,0.5,12,26,0.541654893835396,-0.021437987097891353,0.549611742810536,0.044925318326205645,12.233897572406045,0.618421052631579,1.0345088177195552,-0.027790253991075597,0.17988038063049316
QQQ,1h,5,0.85,0.5,20,50,0.429259873358788,-0.16058322351481213,0.4280775813067506,0.04004406087268687,10.690164083701424,0.15789473684210525,0.1708840068691983,-0.0184423187708731,0.18166613578796387
QQQ,1h,5,0.85,0.75,8,21,0.8391139308264498,0.029545711967939203,0.8472107899502962,0.05921967559835058,14.306238279594583,0.8289473684210527,1.2426777246961827,-0.05915385420186037,0.20488834381103516
QQQ,1h,5,0.85,0.75,9,21,0.8412873899212018,-0.05772433584261816,0.8323628584355893,0.0654310117632005,12.721228604074929,0.8289473684210527,1.2813164420914582,-0.05915385420186037,0.20077061653137207
QQQ,1h,5,0.85,0.75,10,30,0.7237742569256641,-0.1591962284667583,0.7223723508150596,0.05537062014133991,13.046130763410643,0.5526315789473685,0.9396879731993885,-0.03394219279586064,0.19513297080993652
QQQ,1h,5,0.85,0.75,12,26,0.7252085981313791,-0.13087006355207564,0.7285143667585301,0.05081586900282646,14.336355572665873,0.618421052631579,1.0695638315816594,-0.03329645200177833,0.19358015060424805
QQQ,1h,5,0.85,0.75,20,50,0.577445925661446,-0.27344337216676706,0.5654390365546995,0.0465498341023504,12.146961368572295,0.15789473684210525,0.17134073215549234,-0.0184423187708731,0.1731092929840088
QQQ,1h,5,0.85,1.0,8,21,1.0078547603827281,-0.06327790572270864,1.015597268797932,0.07090284190924394,14.323787896935112,0.8289473684210527,1.3182852797317826,-0.06890227380841785,0.1975088119506836
QQQ,1h,5,0.85,1.0,9,21,1.0111851606585096,-0.153965096918097,0.9969321692540692,0.07673286871014225,12.992244210495661,0.8289473684210527,1.3510280170136821,-0.06890227380841785,0.2077782154083252
QQQ,1h,5,0.85,1.0,10,30,0.8706147233057889,-0.25815420423024216,0.863846854308816,0.06374846977255608,13.550864160204593,0.5526315789473685,0.9667227933524898,-0.03917871817181262,0.19235444068908691
QQQ,1h,5,0.85,1.0,12,26,0.8718508009259996,-0.22949462492640393,0.8713004585102139,0.058768166785550954,14.826061559647567,0.618421052631579,1.0968004738420891,-0.03917871817181262,0.18187761306762695
QQQ,1h,5,0.85,1.0,20,50,0.6958017294855003,-0.372282912165233,0.6753268121172461,0.054917880660381516,12.29702974689691,0.15789473684210525,0.17160240970926388,-0.0184423187708731,0.1797645092010498
QQQ,1h,5,1.0,0.0,8,21,0.23798863121275504,0.23592866904400167,0.2401655269232572,0.3504005914971822,0.6854027440338625,0.3026315789473684,-0.15701015891586456,-0.03992895137758534,0.1871035099029541
QQQ,1h,5,1.0,0.0,9,21,0.25852839437912056,0.2596565005008069,0.26464238550045605,0.33402630696663815,0.7922800689075306,0.35526315789473684,0.049333241319065746,-0.04336364920888858,0.18817996978759766
QQQ,1h,5,1.0,0.0,10,30,0.21955838876654243,0.21124977122633037,0.2442894183729305,0.3693817845694032,0.6613466840486038,0.21052631578947367,-0.001076710593769973,-0.04256006924467948,0.17943811416625977
QQQ,1h,5,1.0,0.0,12,26,0.23929060240212777,0.23379083272943735,0.2493840643041795,0.3903094668628053,0.6389393173285202,0.25,0.0677278642670662,-0.03977727267051845,0.1981959342956543
QQQ,1h,5,1.0,0.0,20,50,0.16859710987022716,0.14450238991419573,0.17572437745132968,0.35246504178491445,0.49855831534794415,0.039473684210526314,-0.11360594556969704,-0.027254584217823896,0.18282032012939453
QQQ,1h,5,1.0,0.25,8,21,0.3706500482122184,0.10457867771997043,0.38239032926577193,0.04052954384549683,9.434854009793122,0.8289473684210527,1.0492298368424364,-0.02561059463531279,0.18697023391723633
QQQ,1h,5,1.0,0.25,9,21,0.3660389616711965,0.1302901186733867,0.37728500508346097,0.043507870037246314,8.6716496293768,0.8289473684210527,1.0991585014619742,-0.024747278957658714,0.18888401985168457
QQQ,1h,5,1.0,0.25,10,30,0.31527072227776787,0.0748903558309284,0.3302589815996009,0.05040471910541214,6.552144074226966,0.5526315789473685,0.8343576225385793,-0.022043719954689456,0.18342876434326172
QQQ,1h,5,1.0,0.25,12,26,0.3174276238644238,0.10003195753395433,0.3341147341676013,0.04692812917419011,7.119711355366799,0.618421052631579,1.0044608326216327,-0.023815083055705788,0.18669891357421875
QQQ,1h,5,1.0,0.25,20,50,0.24920719574351935,0.0007532868071609133,0.2609386059093117,0.04472351330840006,5.834483621846894,0.15789473684210525,0.16970592533776455,-0.0184423187708731,0.16962146759033203
QQQ,1h,5,1.0,0.5,8,21,0.6494722562113949,-0.01449701903365097,0.6537200687527758,0.04682540488729777,13.96079906465708,0.8289473684210527,1.1847878880991152,-0.03169897223081597,0.20581340789794922
QQQ,1h,5,1.0,0.5,9,21,0.6389031004485005,0.012466956265302365,0.6426758432939315,0.050038050956351686,12.843742532148967,0.8289473684210527,1.2209218470256025,-0.03169897223081597,0.21056699752807617
QQQ,1h,5,1.0,0.5,10,30,0.5503038842942879,-0.04794302825339325,0.5582755530007028,0.04555588655047504,12.254740172428525,0.5526315789473685,0.8876972953160966,-0.025128222636387476,0.2153644561767578
QQQ,1h,5,1.0,0.5,12,26,0.5517428984733282,-0.021072414376477222,0.5654465925341373,0.040925790872991266,13.816387673214166,0.618421052631579,1.051183044888932,-0.027253716634387137,0.1956620216369629
QQQ,1h,5,1.0,0.5,20,50,0.435778017466646,-0.12658502658613013,0.43694980647139114,0.03783695094164821,11.548229854600361,0.15789473684210525,0.1708840068691983,-0.0184423187708731,0.1762690544128418
QQQ,1h,5,1.0,0.75,8,21,0.871202796031255,-0.12220926780516417,0.8697799579769635,0.060078372726565236,14.477422048955853,0.8289473684210527,1.2877736053997124,-0.03862580361078405,0.2087852954864502
QQQ,1h,5,1.0,0.75,9,21,0.8562562390488936,-0.0946023917092792,0.8543190455043878,0.0620392591883203,13.770619712126162,0.8289473684210527,1.3143820022352162,-0.03862580361078405,0.1925950050354004
QQQ,1h,5,1.0,0.75,10,30,0.7378879993145916,-0.15833430434407314,0.7404276354390924,0.05234494318350073,14.145160743482805,0.5526315789473685,0.927234126142174,-0.02821272531808583,0.19429802894592285
QQQ,1h,5,1.0,0.75,12,26,0.7390366285309308,-0.13046499690330504,0.7501493229836429,0.046838900379134935,16.01551951287498,0.618421052631579,1.085661498389366,-0.03069235021306793,0.19318222999572754
QQQ,1h,5,1.0,0.75,20,50,0.5850678486239783,-0.23915265582345324,0.578198367185523,0.04567608376974707,12.65866771985572,0.15789473684210525,0.17134073215549234,-0.0184423187708731,0.18594741821289062
QQQ,1h,5,1.0,1.0,8,21,1.0481016354340145,-0.21943609300145717,1.0421123947038813,0.07219330635581428,14.435027945218248,0.8289473684210527,1.3684735244015227,-0.045527773097562285,0.2011127471923828
QQQ,1h,5,1.0,1.0,9,21,1.0297282353868973,-0.1916885870949787,1.0231839994227074,0.0729666545390816,14.022624524668055,0.8289473684210527,1.3878777395612587,-0.045527773097562285,0.20818638801574707
QQQ,1h,5,1.0,1.0,10,30,0.887665985382281,-0.25731821065523375,0.8857920575495626,0.0605654222456744,14.625375745858458,0.5526315789473685,0.9580032780352729,-0.03287381481979612,0.1857316493988037
QQQ,1h,5,1.0,1.0,12,26,0.8886379420143713,-0.22905484201513826,0.897532919507656,0.054385016986860865,16.50331229508479,0.618421052631579,1.1124410034059875,-0.03413098379174906,0.20541620254516602
QQQ,1h,5,1.0,1.0,20,50,0.7043899625420716,-0.3384582951873013,0.6910809675242264,0.0554078818366396,12.472611199283113,0.15789473684210525,0.17160240970926388,-0.0184423187708731,0.186476469039917
QQQ,1h,7,0.0,0.0,8,21,0.22735925933122628,0.21385627929963724,0.3051977127156893,0.31368056753817775,0.972957027943862,0.2894736842105263,0.1784885329941851,-0.02440304161974627,0.20232343673706055
QQQ,1h,7,0.0,0.0,9,21,0.33516892072205273,0.3443761224474562,0.4434374878088452,0.329623927400075,1.3452830663916915,0.27631578947368424,0.15110157917120917,-0.022926905421537858,0.2041761875152588
QQQ,1h,7,0.0,0.0,10,30,0.16129000828039292,0.14026802293600693,0.32536679043226996,0.3546010026108068,0.9175574463600067,0.19736842105263158,0.32270179194687865,-0.02237200436796627,0.19565486907958984
QQQ,1h,7,0.0,0.0,12,26,0.32761334879934834,0.33433269123392595,0.31923515897121446,0.33960608519562274,0.9400160152823114,0.23684210526315788,0.32984364822440887,-0.026933910942464,0.1796579360961914
QQQ,1h,7,0.0,0.0,20,50,0.2646208399221385,0.2569425566204775,0.26110287800098353,0.3332651724906771,0.7834688396918754,0.039473684210526314,-0.025325947148442763,-0.01833661599378411,0.173234224319458
QQQ,1h,7,0.0,0.25,8,21,0.27959734715418827,0.07842216265428759,0.30971753810817365,0.049201373657798274,6.294896160060448,0.7763157894736842,1.1179182326813473,-0.028297147598489114,0.19341182708740234
QQQ,1h,7,0.0,0.25,9,21,0.29280026248511337,0.2233539895886092,0.3128365533070598,0.0498872199542801,6.270875659011739,0.7631578947368421,1.114945388773782,-0.026643984151657696,0.18889188766479492
QQQ,1h,7,0.0,0.25,10,30,0.25615419738137524,-0.0040866044731927564,0.29840220067797696,0.055276041805678744,5.398400300206026,0.5131578947368421,0.9469008617654274,-0.025823444480820634,0.20308232307434082
QQQ,1h,7,0.0,0.25,12,26,0.27298075282156375,0.21288615385306175,0.29296125028367265,0.053844047208592156,5.4409218004868585,0.5921052631578947,1.0656176428007873,-0.03367912005212481,0.18982338905334473
QQQ,1h,7,0.0,0.25,20,50,0.2344907377472191,0.12578499682006083,0.2584845902759584,0.06762885972008476,3.82210481362282,0.11842105263157894,0.13143515426105498,-0.01833661599378411,0.17696475982666016
QQQ,1h,7,0.0,0.5,8,21,0.4820660726763681,-0.04339391712759755,0.5104939457039299,0.03905555936909569,13.070967461494845,0.7763157894736842,1.1816547781910167,-0.03219125357723174,0.1970202922821045
QQQ,1h,7,0.0,0.5,9,21,0.4929677579538757,0.1107692909504141,0.5036833573692435,0.04461150386041733,11.29043663143912,0.7631578947368421,1.1730546322976712,-0.03198272894838383,0.20208215713500977
QQQ,1h,7,0.0,0.5,10,30,0.44842519184525004,-0.1321076271441104,0.4801722742430329,0.04690373088843295,10.237400418853447,0.5131578947368421,0.9642643679471147,-0.029274884593674888,0.2003018856048584
QQQ,1h,7,0.0,0.5,12,26,0.45626631990886807,0.1003782779664153,0.4726473961967619,0.04818369421582205,9.809281000325603,0.5921052631578947,1.0848836954007044,-0.04042432916178562,0.18165230751037598
QQQ,1h,7,0.0,0.5,20,50,0.39298579512944476,0.006626538971990836,0.4048385722582206,0.05479214508372011,7.388624256992388,0.11842105263157894,0.13162389216985004,-0.01833661599378411,0.17668390274047852
QQQ,1h,7,0.0,0.75,8,21,0.6445737788089779,-0.1527697781016868,0.6729201421209352,0.04195851148523416,16.03775058506892,0.7763157894736842,1.229454400244846,-0.0373214737451103,0.18277597427368164
QQQ,1h,7,0.0,0.75,9,21,0.6553934338641797,0.006348672053218651,0.6601494000594125,0.048351009981773045,13.653270124207747,0.7631578947368421,1.2162093563462941,-0.0373214737451103,0.18565773963928223
QQQ,1h,7,0.0,0.75,10,30,0.6020488326684588,-0.24536656556008807,0.6284812670964475,0.052368552297675175,12.001119746904823,0.5131578947368421,0.9770570663959279,-0.03272632470652903,0.18259572982788086
QQQ,1h,7,0.0,0.75,12,26,0.6057730232416881,-0.0035914910898400265,0.6191861709225869,0.05200351728063694,11.906620999905625,0.5921052631578947,1.0985234404467799,-0.047169538271446654,0.19122862815856934
QQQ,1h,7,0.0,0.75,20,50,0.5226974658686441,-0.10144972348248671,0.5248426095263892,0.05107137563303129,10.276649160531681,0.11842105263157894,0.13175875717795668,-0.01833661599378411,0.18756699562072754
QQQ,1h,7,0.0,1.0,8,21,0.774555057483373,-0.25080570413986525,0.8029963279896289,0.0479037477600248,16.762703661773234,0.7763157894736842,1.2669453841392475,-0.042660218541836326,0.19668126106262207
QQQ,1h,7,0.0,1.0,9,21,0.7856503651997709,-0.09021813252622812,0.7858698918885001,0.053593309246925194,14.663582132383208,0.7631578947368421,1.2499546673408657,-0.042660218541836326,0.19382095336914062
QQQ,1h,7,0.0,1.0,10,30,0.7247992058780921,-0.34532262871148967,0.7474837712365747,0.06026748159796244,12.402770970636444,0.5131578947368421,0.9870097616720472,-0.036177764819383396,0.1918330192565918
QQQ,1h,7,0.0,1.0,12,26,0.725849943361693,-0.09943957449055729,0.7367613011979312,0.0572504421005697,12.869093655271522,0.5921052631578947,1.1090632287974014,-0.053914747381107464,0.1880497932434082
QQQ,1h,7,0.0,1.0,20,50,0.6270060438333152,-0.19930940882511394,0.6212272469924821,0.0502788210490642,12.355644663709642,0.11842105263157894,0.13185993366119506,-0.01833661599378411,0.17872047424316406
QQQ,1h,7,0.1,0.0,8,21,0.2510702301800631,0.24804549611137605,0.2622180760608832,0.3767168486228272,0.6960614504487391,0.2894736842105263,0.1748336183125114,-0.02440304161974627,0.20376086235046387
QQQ,1h,7,0.1,0.0,9,21,0.26366775610902515,0.261814068355698,0.4058574681852548,0.3413503913311759,1.1889761327137152,0.27631578947368424,0.14744666448953547,-0.022926905421537858,0.19974589347839355
QQQ,1h,7,0.1,0.0,10,30,0.22496453187038296,0.2118262538224751,0.2831305991440275,0.38759268247154605,0.7304848928999393,0.19736842105263158,0.3190468772652049,-0.02237200436796627,0.18099284172058105
QQQ,1h,7,0.1,0.0,12,26,0.4053703450393867,0.4351381019254925,0.318758884232083,0.3712362109189203,0.8586416811093394,0.23684210526315788,0.32984364822440887,-0.026933910942464,0.18203163146972656
QQQ,1h,7,0.1,0.0,20,50,0.22728608522100102,0.2139569442810192,0.2543074019147319,0.36202635311406023,0.7024554973063236,0.039473684210526314,-0.025325947148442763,-0.01833661599378411,0.17217350006103516
QQQ,1h,7,0.1,0.25,8,21,0.28848613917528243,0.1163739726062436,0.3109629734140843,0.05176011225404971,6.00777239214265,0.7763157894736842,1.1179931332252648,-0.028297147598489114,0.18536949157714844
QQQ,1h,7,0.1,0.25,9,21,0.2899117002379781,0.13140154440865492,0.31388603012104754,0.05285351663146918,5.938791780113239,0.7631578947368421,1.1150202893176993,-0.026643984151657696,0.19599437713623047
QQQ,1h,7,0.1,0.25,10,30,0.26770058648782175,0.07512862257228892,0.2975639231637854,0.05588327512010753,5.324740229062165,0.5131578947368421,0.9473342701208693,-0.025823444480820634,0.178056001663208
QQQ,1h,7,0.1,0.25,12,26,0.2835051234891236,0.3290813815659186,0.2939622983597857,0.0572231387290362,5.137122934688362,0.5921052631578947,1.0659376557962077,-0.03367912005212481,0.19089818000793457
QQQ,1h,7,0.1,0.25,20,50,0.23224494309598678,0.07770325858883687,0.25937669300586086,0.06888214317270751,3.765514269141253,0.11842105263157894,0.13143515426105498,-0.01833661599378411,0.1768345832824707
QQQ,1h,7,0.1,0.5,8,21,0.4952595783468759,-0.0030093490945812817,0.5189381918415299,0.0390614385377,13.285178715081848,0.7763157894736842,1.1816676065110359,-0.03219125357723174,0.1899428367614746
QQQ,1h,7,0.1,0.5,9,21,0.49631141207906615,0.012628181199833,0.5118162114723488,0.045052076159305794,11.360546618596397,0.7631578947368421,1.1730674606176903,-0.03198272894838383,0.1873006820678711
QQQ,1h,7,0.1,0.5,10,30,0.46112297229417504,-0.04809470423076623,0.4838686387237023,0.043963098860728925,11.006245038743831,0.5131578947368421,0.9646397198350984,-0.029274884593674888,0.18139290809631348
QQQ,1h,7,0.1,0.5,12,26,0.465611191930444,0.22873452958029716,0.4761474022581491,0.04890878814073155,9.73541607467494,0.5921052631578947,1.0852079471826768,-0.04042432916178562,0.22600245475769043
QQQ,1h,7,0.1,0.5,20,50,0.39476549318764986,-0.0449355592339602,0.4070720709009912,0.053627525817947,7.59073003447719,0.11842105263157894,0.13162389216985004,-0.01833661599378411,0.1972360610961914
QQQ,1h,7,0.1,0.75,8,21,0.6615513109541451,-0.1110513967757445,0.6861825751977962,0.04147291270827349,16.545319110439735,0.7763157894736842,1.229449656831096,-0.0373214737451103,0.21127033233642578
QQQ,1h,7,0.1,0.75,9,21,0.6624736905591654,-0.09530805501623041,0.6729377121452402,0.04700780583412253,14.31544613079475,0.7631578947368421,1.2162046129325441,-0.0373214737451103,0.20593619346618652
QQQ,1h,7,0.1,0.75,10,30,0.6167074419658407,-0.158917967962393,0.6350787082795304,0.04765199722747978,13.32743106753342,0.5131578947368421,0.9774069195388424,-0.03272632470652903,0.19328093528747559
QQQ,1h,7,0.1,0.75,12,26,0.6154958875215963,0.134023963829752,0.6244663288384318,0.05095327420953424,12.255666363469599,0.5921052631578947,1.0988408331373545,-0.047169538271446654,0.20638704299926758
QQQ,1h,7,0.1,0.75,20,50,0.5268413587557285,-0.1551263538188331,0.5280448497185415,0.04902135561932316,10.77173087213438,0.11842105263157894,0.13175875717795668,-0.01833661599378411,0.18781328201293945
QQQ,1h,7,0.1,1.0,8,21,0.7946154421406757,-0.2086510230140648,0.8199144917823663,0.047396918613164356,17.298898657826197,0.7763157894736842,1.2669340037518948,-0.042660218541836326,0.19090723991394043
QQQ,1h,7,0.1,1.0,9,21,0.7954601365262591,-0.19318536311721202,0.802165312880712,0.05098818806733088,15.73237534586319,0.7631578947368421,1.249943286953513,-0.042660218541836326,0.20253586769104004
QQQ,1h,7,0.1,1.0,10,30,0.7412258793315901,-0.25836297942180886,0.7562514366852375,0.054690667806145635,13.827796715992138,0.5131578947368421,0.987339025247563,-0.036177764819383396,0.1956782341003418
QQQ,1h,7,0.1,1.0,12,26,0.7361314755396561,0.04484623439087687,0.7434145216026546,0.054932962351107645,13.53312273332488,0.5921052631578947,1.1093682537981264,-0.053914747381107464,0.19040799140930176
QQQ,1h,7,0.1,1.0,20,50,0.6328649273660613,-0.25395754092727885,0.6251807126306251,0.047965136666254904,13.034065074820498,0.11842105263157894,0.13185993366119506,-0.01833661599378411,0.19127869606018066
QQQ,1h,7,0.25,0.0,8,21,0.23820955841492714,0.23333416690536857,0.2386100515675098,0.36470496395413826,0.6542550147398462,0.2894736842105263,0.1748336183125114,-0.02440304161974627,0.2257707118988037
QQQ,1h,7,0.25,0.0,9,21,0.1229106839279978,0.10263679415645721,0.3977863734253462,0.3330395934649946,1.1944116592466265,0.27631578947368424,0.14744666448953547,-0.022926905421537858,0.19021868705749512
QQQ,1h,7,0.25,0.0,10,30,0.27293565874910297,0.26828967252975944,0.30336364756676876,0.41347885088964936,0.7336860081574801,0.19736842105263158,0.3190468772652049,-0.02237200436796627,0.18546366691589355
QQQ,1h,7,0.25,0.0,12,26,0.44992037583392036,0.48870362670627454,0.3385851608996218,0.38011546805576596,0.8907429172283741,0.23684210526315788,0.32984364822440887,-0.026933910942464,0.1983177661895752
QQQ,1h,7,0.25,0.0,20,50,0.25595163174361185,0.24585035063257266,0.23998169489222954,0.3634138903334343,0.6603536663720943,0.039473684210526314,-0.025325947148442763,-0.01833661599378411,0.1828761100769043
QQQ,1h,7,0.25,0.25,8,21,0.2994954479657511,0.10290311620553472,0.31899741429993755,0.0465849321546955,6.847652224557,0.7763157894736842,1.1179931332252648,-0.028297147598489114,0.20550203323364258
QQQ,1h,7,0.25,0.25,9,21,0.2941910925323482,-0.04456066948734272,0.32413159226394406,0.05016059682166385,6.461876708052942,0.7631578947368421,1.1150202893176993,-0.026643984151657696,0.19896602630615234
QQQ,1h,7,0.25,0.25,10,30,0.2771461749930144,0.13818897701988342,0.29851608518530126,0.05552039469167998,5.37669241803923,0.5131578947368421,0.9473342701208693,-0.025823444480820634,0.1864161491394043
QQQ,1h,7,0.25,0.25,12,26,0.28932712154748,0.39163599445145225,0.2971534554369201,0.05585292725145579,5.320284362162503,0.5921052631578947,1.0659376557962077,-0.03367912005212481,0.18469882011413574
QQQ,1h,7,0.25,0.25,20,50,0.23271692190508778,0.11309527461605606,0.2580523215920084,0.06697759493521128,3.8528155846985457,0.11842105263157894,0.13143515426105498,-0.01833661599378411,0.17129802703857422
QQQ,1h,7,0.25,0.5,8,21,0.5171793347972639,-0.015042557901529197,0.5382453065107624,0.0321726845255644,16.729884821488024,0.7763157894736842,1.1816676065110359,-0.03219125357723174,0.21225500106811523
QQQ,1h,7,0.25,0.5,9,21,0.5211187203332495,-0.17377487494538346,0.532572929874188,0.04465111372871066,11.927427680975036,0.7631578947368421,1.1730674606176903,-0.03198272894838383,0.1953716278076172
QQQ,1h,7,0.25,0.5,10,30,0.4724491961195868,0.01938915221898152,0.49058175054343583,0.040571817375314075,12.091687833582982,0.5131578947368421,0.9646397198350984,-0.029274884593674888,0.2174391746520996
QQQ,1h,7,0.25,0.5,12,26,0.47189580266067027,0.29875168358666304,0.48695036353611076,0.04797306291870982,10.15049558876919,0.5921052631578947,1.0852079471826768,-0.04042432916178562,0.20147991180419922
QQQ,1h,7,0.25,0.5,20,50,0.3916956299106684,-0.007295780844596589,0.4087570942682618,0.05307079302679839,7.7021101618334145,0.11842105263157894,0.13162389216985004,-0.01833661599378411,0.19429445266723633
QQQ,1h,7,0.25,0.75,8,21,0.6916429435584931,-0.12153881858109772,0.7137299593006683,0.03205970921498051,22.262521300946933,0.7763157894736842,1.229449656831096,-0.0373214737451103,0.20648455619812012
QQQ,1h,7,0.25,0.75,9,21,0.7009573918189733,-0.28694479231750014,0.7017238788161688,0.048063260372837265,14.600005770993116,0.7631578947368421,1.2162046129325441,-0.0373214737451103,0.19757318496704102
QQQ,1h,7,0.25,0.75,10,30,0.6302570986246061,-0.08883962864453976,0.6463224619446154,0.04343080046993701,14.881661285336028,0.5131578947368421,0.9774069195388424,-0.03272632470652903,0.19321322441101074
QQQ,1h,7,0.25,0.75,12,26,0.6227980116502022,0.21009487573891894,0.641233056908158,0.05105766842117201,12.55899606732255,0.5921052631578947,1.0988408331373545,-0.047169538271446654,0.19774866104125977
QQQ,1h,7,0.25,0.75,20,50,0.5216356611285151,-0.1162753737008072,0.5316152761366808,0.04847804651884826,10.9661035109983,0.11842105263157894,0.13175875717795668,-0.01833661599378411,0.18650531768798828
QQQ,1h,7,0.25,1.0,8,21,0.8311102719211808,-0.21755495780555822,0.8538845134586115,0.03642140560310916,23.444578794227496,0.7763157894736842,1.2669340037518948,-0.042660218541836326,0.19278812408447266
QQQ,1h,7,0.25,1.0,9,21,0.8443174069805024,-0.38584063746490505,0.8372842197411426,0.05292055418409441,15.82153158919098,0.7631578947368421,1.249943286953513,-0.042660218541836326,0.19721651077270508
QQQ,1h,7,0.25,1.0,10,30,0.7566853057727916,-0.18721185163545306,0.7711193742209523,0.05040916659303851,15.297205376282568,0.5131578947368421,0.987339025247563,-0.036177764819383396,0.1924135684967041
QQQ,1h,7,0.25,1.0,12,26,0.74436631689768,0.1256789877800446,0.7649415259008288,0.05600926287085675,13.65741105474984,0.5921052631578947,1.1093682537981264,-0.053914747381107464,0.18841314315795898
QQQ,1h,7,0.25,1.0,20,50,0.6260959583870569,-0.21474423861157454,0.6301470002896881,0.046961593411565944,13.418347941628664,0.11842105263157894,0.13185993366119506,-0.01833661599378411,0.17564916610717773
QQQ,1h,7,0.4,0.0,8,21,0.2232914448750306,0.21569039316091376,0.24115425442609367,0.38782827555016525,0.6218067882853492,0.2894736842105263,0.1748336183125114,-0.02440304161974627,0.19588470458984375
QQQ,1h,7,0.4,0.0,9,21,0.16267612592528896,0.14662213521044487,0.3767065733384266,0.39409336739983314,0.9558815359514373,0.27631578947368424,0.14744666448953547,-0.022926905421537858,0.20887207984924316
QQQ,1h,7,0.4,0.0,10,30,0.28770350197872924,0.28723174032376253,0.276573395858773,0.42778368221574326,0.6465262873661677,0.19736842105263158,0.3190468772652049,-0.02237200436796627,0.1830461025238037
QQQ,1h,7,0.4,0.0,12,26,0.4457020933880105,0.4847889970058141,0.2999598022047742,0.402215636837164,0.7457686244212633,0.23684210526315788,0.32984364822440887,-0.026933910942464,0.1814422607421875
QQQ,1h,7,0.4,0.0,20,50,0.3099620951314273,0.3076838368363697,0.24932477113547757,0.34130058246111905,0.7305137581002535,0.039473684210526314,-0.025325947148442763,-0.01833661599378411,0.1851482391357422
QQQ,1h,7,0.4,0.25,8,21,0.3130920414899501,0.08284013990768702,0.3319692425758796,0.04924134134532788,6.741677491029142,0.7763157894736842,1.1179931332252648,-0.028297147598489114,0.21508431434631348
QQQ,1h,7,0.4,0.25,9,21,0.3119646444206702,0.003848174771098556,0.3329294319879654,0.04966846017753412,6.703035101107382,0.7631578947368421,1.1150202893176993,-0.026643984151657696,0.20748353004455566
QQQ,1h,7,0.4,0.25,10,30,0.2829109276395025,0.15900326815515808,0.3000546970933506,0.05702421336338486,5.2618822671215515,0.5131578947368421,0.9473342701208693,-0.025823444480820634,0.19377923011779785
QQQ,1h,7,0.4,0.25,12,26,0.29486350683799967,0.3863688529980729,0.3078521136766303,0.05640784572828507,5.457611608845069,0.5921052631578947,1.0659376557962077,-0.03367912005212481,0.204423189163208
QQQ,1h,7,0.4,0.25,20,50,0.24446455910851655,0.18313895987495732,0.25954937660296407,0.06343881747025633,4.091333775643838,0.11842105263157894,0.13143515426105498,-0.01833661599378411,0.18694853782653809
QQQ,1h,7,0.4,0.5,8,21,0.5444335217615103,-0.036902500178554454,0.5590421107105401,0.03991293064250805,14.006541281515151,0.7763157894736842,1.1816676065110359,-0.03219125357723174,0.20415210723876953
QQQ,1h,7,0.4,0.5,9,21,0.548540753556263,-0.12307611396016083,0.5501750749873716,0.0477038079986406,11.533147940790172,0.7631578947368421,1.1730674606176903,-0.03198272894838383,0.21820974349975586
QQQ,1h,7,0.4,0.5,10,30,0.4813288120804507,0.04130150190963655,0.49657891093019835,0.04309204115339666,11.523680420765038,0.5131578947368421,0.9646397198350984,-0.029274884593674888,0.18621468544006348
QQQ,1h,7,0.4,0.5,12,26,0.4834426420544501,0.2920924562822167,0.5022086184116412,0.051527546441664955,9.746410475418202,0.5921052631578947,1.0852079471826768,-0.04042432916178562,0.18694305419921875
QQQ,1h,7,0.4,0.5,20,50,0.4056088861059541,0.06878001483648344,0.40973134631593605,0.05145326822483861,7.963174360965897,0.11842105263157894,0.13162389216985004,-0.01833661599378411,0.18551111221313477
QQQ,1h,7,0.4,0.75,8,21,0.7292053569238433,-0.14465159853529042,0.740594270543661,0.04291887325058748,17.255678317079855,0.7763157894736842,1.229449656831096,-0.0373214737451103,0.1999211311340332
QQQ,1h,7,0.4,0.75,9,21,0.7364501839625831,-0.23561925923567772,0.7260362849244439,0.0572711805751513,12.677166379899196,0.7631578947368421,1.2162046129325441,-0.0373214737451103,0.19911956787109375
QQQ,1h,7,0.4,0.75,10,30,0.6417693388612962,-0.06645797292091726,0.6554301167024505,0.04813811239248082,13.615617317076786,0.5131578947368421,0.9774069195388424,-0.03272632470652903,0.19681167602539062
QQQ,1h,7,0.4,0.75,12,26,0.6388258746191174,0.20204568270562162,0.6593585420129581,0.05642801851843968,11.684949415643425,0.5921052631578947,1.0988408331373545,-0.047169538271446654,0.1895911693572998
QQQ,1h,7,0.4,0.75,20,50,0.5381040863261223,-0.03604421230960608,0.5324065233205765,0.04772997172241635,11.154553503968076,0.11842105263157894,0.13175875717795668,-0.01833661599378411,0.17747926712036133
QQQ,1h,7,0.4,1.0,8,21,0.8767839287283549,-0.241449174562976,0.8855315235028207,0.048499410463305546,18.258603868449292,0.7763157894736842,1.2669340037518948,-0.042660218541836326,0.20099163055419922
QQQ,1h,7,0.4,1.0,9,21,0.8863232519074592,-0.33515866692037644,0.866886682479486,0.06730915057393773,12.879180246484148,0.7631578947368421,1.249943286953513,-0.042660218541836326,0.20433473587036133
QQQ,1h,7,0.4,1.0,10,30,0.7703241830438963,-0.16486370523043614,0.7826172863177803,0.05684391619798557,13.76782844433077,0.5131578947368421,0.987339025247563,-0.036177764819383396,0.20278501510620117
QQQ,1h,7,0.4,1.0,12,26,0.7639019962486054,0.116276745318447,0.7851434078422728,0.06250418585263111,12.561453239202894,0.5921052631578947,1.1093682537981264,-0.053914747381107464,0.1967945098876953
QQQ,1h,7,0.4,1.0,20,50,0.6447539669630287,-0.13196269236013114,0.6308351343500436,0.046728260769833906,13.500077339862994,0.11842105263157894,0.13185993366119506,-0.01833661599378411,0.18540191650390625
QQQ,1h,7,0.55,0.0,8,21,0.22486654726726857,0.21360599603136676,0.19130370386544127,0.41819890003712384,0.45744669306509195,0.2894736842105263,0.06863774634288307,-0.03455335431568585,0.21679043769836426
QQQ,1h,7,0.55,0.0,9,21,0.19307508753949254,0.18124663072904634,0.2898462653144857,0.41449375034383734,0.6992777697469452,0.27631578947368424,0.04469000581485322,-0.031553373106768534,0.19786882400512695
QQQ,1h,7,0.55,0.0,10,30,0.2913096020534542,0.29785522268356823,0.2935360674020964,0.44254642242089537,0.663288759168685,0.18421052631578946,0.2579150108326996,-0.024147633503299848,0.20206522941589355
QQQ,1h,7,0.55,0.0,12,26,0.25212636414914463,0.24847478398788714,0.3085827193952718,0.4274733366414871,0.7218759462746881,0.2236842105263158,0.2369254887372433,-0.025818514776354107,0.198317289352417
QQQ,1h,7,0.55,0.0,20,50,0.2676482596937514,0.2550897698362453,0.26208245427074583,0.3415639541682653,0.767301265465605,0.039473684210526314,-0.025325947148442763,-0.01833661599378411,0.18573474884033203
QQQ,1h,7,0.55,0.25,8,21,0.32562008481322163,0.08040485911846451,0.33852825409543613,0.04898882685576071,6.910315592822322,0.8289473684210527,1.1987980641150227,-0.028111176162794016,0.2115797996520996
QQQ,1h,7,0.55,0.25,9,21,0.3256277256055454,0.04211410957910111,0.33774240922772925,0.046428136091930715,7.274520100461871,0.8289473684210527,1.2233266893743326,-0.028297147598489114,0.20337200164794922
QQQ,1h,7,0.55,0.25,10,30,0.2918104970346345,0.17196367849964345,0.31200940995833015,0.0589591791607784,5.291956475640508,0.5263157894736842,0.975660166154968,-0.02804275894634556,0.19034028053283691
QQQ,1h,7,0.55,0.25,12,26,0.287872207546192,0.1169670051843601,0.3159651352275406,0.054490570346376485,5.798528685221436,0.6052631578947368,1.094622537945707,-0.032285014269008205,0.18970394134521484
QQQ,1h,7,0.55,0.25,20,50,0.24369094236037614,0.12395431492193043,0.25804752244951973,0.06078946233513457,4.244938391244426,0.13157894736842105,0.15769767452670835,-0.01833661599378411,0.18490242958068848
QQQ,1h,7,0.55,0.5,8,21,0.5680005221852443,-0.0396216707435183,0.5773134327391354,0.03873225966199969,14.90523501022428,0.8289473684210527,1.2775044345610462,-0.031968102733600734,0.19434762001037598
QQQ,1h,7,0.55,0.5,9,21,0.5703990536044221,-0.08256333256268944,0.5695316988659387,0.04477942984754473,12.718600947018674,0.8289473684210527,1.2958945045688488,-0.03219125357723174,0.19231057167053223
QQQ,1h,7,0.55,0.5,10,30,0.49719801081842685,0.056353146131109755,0.5137748689792282,0.04854308904212891,10.583893178560192,0.5263157894736842,0.9925634914892175,-0.0319378843893916,0.1903228759765625
QQQ,1h,7,0.55,0.5,12,26,0.49480581554278774,-0.0023303866372423876,0.5169995341629734,0.04958661912040575,10.426190438747197,0.6052631578947368,1.1161552392827954,-0.038751513761662526,0.18578600883483887
QQQ,1h,7,0.55,0.5,20,50,0.4113674835352908,0.00493959916358544,0.4127496897081143,0.04825114881839965,8.554194041297524,0.13157894736842105,0.15789529464683102,-0.01833661599378411,0.17691802978515625
QQQ,1h,7,0.55,0.75,8,21,0.7612620626634042,-0.1475909529331697,0.7672307045883089,0.042543917469406244,18.03385184591974,0.8289473684210527,1.33676130326051,-0.037455666249992636,0.2056560516357422
QQQ,1h,7,0.55,0.75,9,21,0.7650976738609363,-0.19400711006261218,0.7554066287444154,0.054578893179647855,13.840636640577792,0.8289473684210527,1.350329208207956,-0.037455666249992636,0.19516873359680176
QQQ,1h,7,0.55,0.75,10,30,0.6631124540453556,-0.04958955422204947,0.6766997620315953,0.05486997871074359,12.332787034581024,0.5263157894736842,1.005073526578661,-0.0358330098324372,0.1897265911102295
QQQ,1h,7,0.55,0.75,12,26,0.6612513064033292,-0.11034324635590931,0.6793411055805695,0.05570880982367928,12.194500434145201,0.6052631578947368,1.1316207953780921,-0.04521801325431685,0.19686412811279297
QQQ,1h,7,0.55,0.75,20,50,0.5480085681015435,-0.10289110402668533,0.5390395504549886,0.04501123448560343,11.975666888838544,0.13157894736842105,0.15803650311297837,-0.01833661599378411,0.1847217082977295
QQQ,1h,7,0.55,1.0,8,21,0.9155498726632408,-0.24454931215292408,0.9186469237919551,0.04919404764872398,18.67394466809611,0.8289473684210527,1.3831496119889366,-0.044112749584468425,0.20917320251464844
QQQ,1h,7,0.55,1.0,9,21,0.9204374460078611,-0.2933774759355574,0.9039303554578847,0.064689870248724,13.973290593757447,0.8289473684210527,1.392882931473321,-0.044112749584468425,0.19791889190673828
QQQ,1h,7,0.55,1.0,10,30,0.7960103826084056,-0.14646859839442894,0.8070830026109391,0.06388197442236711,12.633970848721196,0.5263157894736842,1.0148221453087682,-0.03972813527548291,0.1919112205505371
QQQ,1h,7,0.55,1.0,12,26,0.7944348561775868,-0.20795379790212942,0.8092361497042804,0.06306641225004107,12.831491769277763,0.6052631578947368,1.1435815991456142,-0.05168451274697072,0.19435477256774902
QQQ,1h,7,0.55,1.0,20,50,0.6577437899827534,-0.20042289111013578,0.6403828225855291,0.04484031881407006,14.28140654487472,0.13157894736842105,0.15814243665358269,-0.01833661599378411,0.1847844123840332
QQQ,1h,7,0.7,0.0,8,21,0.3215953483194043,0.3323876317144814,0.18455477407194074,0.29597371088621566,0.6235512387885392,0.2894736842105263,0.03632804195277337,-0.024254249591987742,0.19235968589782715
QQQ,1h,7,0.7,0.0,9,21,0.22665082820621968,0.22153618249372786,0.2851674599470119,0.367052798726323,0.7769112807109657,0.27631578947368424,0.005073978796610575,-0.02440304161974627,0.19710564613342285
QQQ,1h,7,0.7,0.0,10,30,0.17296425767510215,0.1571281993853091,0.2571492902500413,0.4126702753720364,0.6231349956529154,0.18421052631578946,0.25120752030755955,-0.024147633503299848,0.217149019241333
QQQ,1h,7,0.7,0.0,12,26,0.32241776548778983,0.33012995237146203,0.2601377161885484,0.41345868743809416,0.6291746287892379,0.2236842105263158,0.2369254887372433,-0.025818514776354107,0.19922590255737305
QQQ,1h,7,0.7,0.0,20,50,0.23406223787996677,0.21310671351944022,0.25656558735987267,0.3190716146298497,0.8041003197903099,0.039473684210526314,-0.025325947148442763,-0.01833661599378411,0.1981799602508545
QQQ,1h,7,0.7,0.25,8,21,0.3428892759083828,0.21417730979718175,0.34709645327391925,0.044969979982405754,7.718403552986208,0.8289473684210527,1.1493708995141092,-0.028111176162794016,0.21220684051513672
QQQ,1h,7,0.7,0.25,9,21,0.3409916244308739,0.08687979898825327,0.3538168802708084,0.04664262268567149,7.585698657110465,0.8289473684210527,1.1726465641432369,-0.028297147598489114,0.20304584503173828
QQQ,1h,7,0.7,0.25,10,30,0.29528981212753386,0.01590853921820856,0.311050217878991,0.0575778735626475,5.402252612551823,0.5263157894736842,0.9756667207355427,-0.02804275894634556,0.18762683868408203
QQQ,1h,7,0.7,0.25,12,26,0.30639769406943146,0.20975229888164848,0.3110131893140567,0.05442730105516446,5.7142864570637295,0.6052631578947368,1.0964230877820218,-0.032285014269008205,0.19428753852844238
QQQ,1h,7,0.7,0.25,20,50,0.24163512860731803,0.07656125872493891,0.26035834854730316,0.05998456157483272,4.340422630621339,0.13157894736842105,0.15769767452670835,-0.01833661599378411,0.1870427131652832
QQQ,1h,7,0.7,0.5,8,21,0.5896341963697496,0.10482597053159459,0.5951848089040463,0.036174622383946045,16.45310357595284,0.8289473684210527,1.2382141011436836,-0.03776981137281077,0.20869922637939453
QQQ,1h,7,0.7,0.5,9,21,0.5950799321807028,-0.03490752860917257,0.5961718064256327,0.05094992349833971,11.701132513870409,0.8289473684210527,1.2560085898770947,-0.03776981137281077,0.213423490524292
QQQ,1h,7,0.7,0.5,10,30,0.5190666834060201,-0.10956617266340796,0.5195598085864339,0.05009967408200808,10.370522725077358,0.5263157894736842,0.9953176025598099,-0.0319378843893916,0.19593024253845215
QQQ,1h,7,0.7,0.5,12,26,0.5213488975704393,0.09865538201707125,0.5208285623388635,0.048416657277828894,10.75721851986182,0.6052631578947368,1.1192189239061232,-0.038751513761662526,0.1947767734527588
QQQ,1h,7,0.7,0.5,20,50,0.41311737376395086,-0.04632911715459409,0.4173111950655706,0.04820734261640502,8.656589897231942,0.13157894736842105,0.15789529464683102,-0.01833661599378411,0.18345427513122559
QQQ,1h,7,0.7,0.75,8,21,0.7876039796904257,0.0038599162972023926,0.7920647684054802,0.03634172735251438,21.794912518121667,0.8289473684210527,1.3063862730378728,-0.047840684780553255,0.20842289924621582
QQQ,1h,7,0.7,0.75,9,21,0.7974596581024972,-0.1447803516773415,0.7901446871150661,0.06252093950614596,12.638080831101282,0.8289473684210527,1.3195753485724984,-0.047840684780553255,0.19081354141235352
QQQ,1h,7,0.7,0.75,10,30,0.6972632800934611,-0.2208423515025908,0.6868081101507989,0.056857076335728195,12.079553758539255,0.5263157894736842,1.0100064079349609,-0.0358330098324372,0.19336628913879395
QQQ,1h,7,0.7,0.75,12,26,0.6949350645329464,-0.0036894859486438225,0.689028060831123,0.053839493977624955,12.797818291484589,0.6052631578947368,1.1357026332592683,-0.04521801325431685,0.21606779098510742
QQQ,1h,7,0.7,0.75,20,50,0.5519884827430229,-0.1567149898246466,0.5452982119544812,0.04646909140907814,11.734643295563822,0.13157894736842105,0.15803650311297837,-0.01833661599378411,0.18392586708068848
QQQ,1h,7,0.7,1.0,8,21,0.945886117995059,-0.08919265868430015,0.9489432095149848,0.03920585158870666,24.204121860940017,0.8289473684210527,1.3600784664092196,-0.05786367541804138,0.19530081748962402
QQQ,1h,7,0.7,1.0,9,21,0.9589727109329431,-0.24366268854779916,0.9450425426023245,0.07336973656251379,12.88054975905648,0.8289473684210527,1.3695405249704597,-0.05786367541804138,0.18844223022460938
QQQ,1h,7,0.7,1.0,10,30,0.8394807689728969,-0.319343766837219,0.8204258287985665,0.0656496960746782,12.497024020725263,0.5263157894736842,1.021498960133046,-0.03972813527548291,0.18874835968017578
QQQ,1h,7,0.7,1.0,12,26,0.83395204308417,-0.09780338901596608,0.82339153389309,0.060820246681585734,13.538115657501674,0.6052631578947368,1.148480993931288,-0.05168451274697072,0.18720436096191406
QQQ,1h,7,0.7,1.0,20,50,0.6633425135275558,-0.25567619195251057,0.6479692972567606,0.048062036524580715,13.481935933475581,0.13157894736842105,0.15814243665358269,-0.01833661599378411,0.18407750129699707
QQQ,1h,7,0.85,0.0,8,21,0.3157678110650847,0.3337540328637536,0.1848674825248967,0.3301087841180043,0.5600198825936481,0.3026315789473684,-0.17014796892891385,-0.03992895137758534,0.19997000694274902
QQQ,1h,7,0.85,0.0,9,21,0.2804034735508492,0.2898297163542958,0.25410595483803117,0.3454977753595518,0.7354778321614048,0.34210526315789475,0.03169235934016313,-0.04336364920888858,0.20957112312316895
QQQ,1h,7,0.85,0.0,10,30,0.19772693539985803,0.1866926722971176,0.2765686182009811,0.39156107683094965,0.7063230606048856,0.21052631578947367,-0.006266107055415982,-0.04256006924467948,0.20066046714782715
QQQ,1h,7,0.85,0.0,12,26,0.23264298327052504,0.22697721591898246,0.26387570521044423,0.46934282805235944,0.562223793437846,0.23684210526315788,0.037791265694595996,-0.03977727267051845,0.19495415687561035
QQQ,1h,7,0.85,0.0,20,50,0.14518815414671227,0.11908829953978683,0.187117970865935,0.3321873818161918,0.5632904231427803,0.039473684210526314,-0.11360594556969704,-0.027254584217823896,0.19469237327575684
QQQ,1h,7,0.85,0.25,8,21,0.35628824475498455,0.21490364161130815,0.3670629473853012,0.0414625689404246,8.852875177915648,0.8289473684210527,1.0334569992110025,-0.040268395544578284,0.1926133632659912
QQQ,1h,7,0.85,0.25,9,21,0.3569421633246331,0.16388958465592185,0.364501363000718,0.04623092760143151,7.884361874439904,0.8289473684210527,1.0765579380024441,-0.040268395544578284,0.20906734466552734
QQQ,1h,7,0.85,0.25,10,30,0.30562186632356647,0.0481832012934762,0.3221602183339558,0.05461201474714834,5.8990722064649335,0.5526315789473685,0.856751659042945,-0.02613666453640484,0.1906442642211914
QQQ,1h,7,0.85,0.25,12,26,0.3095950178640431,0.09295912956056229,0.3230179507934903,0.05294731198080737,6.100743148407225,0.618421052631579,0.986942081888287,-0.024262227332212505,0.20824098587036133
QQQ,1h,7,0.85,0.25,20,50,0.2438307524506088,-0.026624890168427506,0.255697968447404,0.04597301373044784,5.561914429770257,0.15789473684210525,0.16970592533776455,-0.0184423187708731,0.1939563751220703
QQQ,1h,7,0.85,0.5,8,21,0.6147513249993969,0.10475224461501065,0.6313095270166891,0.04639541085443577,13.60715457391689,0.8289473684210527,1.1589250736196959,-0.05025584928089821,0.20920658111572266
QQQ,1h,7,0.85,0.5,9,21,0.6193094086769195,0.04831553921996634,0.6213272427474479,0.05363646506215683,11.58404533235776,0.8289473684210527,1.1927958536834506,-0.05025584928089821,0.2075965404510498
QQQ,1h,7,0.85,0.5,10,30,0.5350536948714584,-0.07577508952503997,0.5387018169674219,0.0519482012480319,10.369980173044608,0.5526315789473685,0.9048428821964016,-0.03003942866613274,0.21097135543823242
QQQ,1h,7,0.85,0.5,12,26,0.5377173102502444,-0.028078286662655882,0.5435311348545244,0.04683028225556311,11.606403136508037,0.618421052631579,1.0346503574664072,-0.027790253991075597,0.20301270484924316
QQQ,1h,7,0.85,0.5,20,50,0.42941874631124083,-0.15485484586376796,0.4255352715476196,0.038651314261360765,11.009593843824915,0.15789473684210525,0.1708840068691983,-0.0184423187708731,0.18447256088256836
QQQ,1h,7,0.85,0.75,8,21,0.8217596470788052,0.0029025414256453885,0.8409899250126001,0.058743596216545846,14.316282610830779,0.8289473684210527,1.2539794016781245,-0.06019604158070757,0.2005763053894043
QQQ,1h,7,0.85,0.75,9,21,0.8288602165961487,-0.057488370059484484,0.8259770302235714,0.06603750833752281,12.507695263151646,0.8289473684210527,1.281533450636146,-0.06019604158070757,0.18825054168701172
QQQ,1h,7,0.85,0.75,10,30,0.7180083017105179,-0.18648086843216471,0.7124967881354938,0.06038482984323137,11.79926796159315,0.5526315789473685,0.9397899987428162,-0.03394219279586064,0.19020652770996094
QQQ,1h,7,0.85,0.75,12,26,0.7201511493372095,-0.13716704374807742,0.7199857207377303,0.05457495204927317,13.192603817364581,0.618421052631579,1.0696829802339365,-0.031318280649938246,0.18574857711791992
QQQ,1h,7,0.85,0.75,20,50,0.5775483573732689,-0.26748711947729054,0.562212864998728,0.04431915381320821,12.685550526715486,0.15789473684210525,0.17134073215549234,-0.0184423187708731,0.17626380920410156
QQQ,1h,7,0.85,1.0,8,21,0.9871938585466965,-0.09105818809783328,1.0080801114059001,0.07036484265343028,14.326474321430979,0.8289473684210527,1.3284469677199027,-0.07008897244400547,0.20332908630371094
QQQ,1h,7,0.85,1.0,9,21,0.9962128997580437,-0.15412080563661323,0.9892260317333278,0.07723154947124963,12.808574196761118,0.8289473684210527,1.3512268248754213,-0.07008897244400547,0.22493433952331543
QQQ,1h,7,0.85,1.0,10,30,0.8640615375318045,-0.28515055516268184,0.8513583219134464,0.06969592596410701,12.215324068610423,0.5526315789473685,0.9668115047538566,-0.03784495692558876,0.20142579078674316
QQQ,1h,7,0.85,1.0,12,26,0.8658894259492068,-0.2352889242279882,0.8608702892907502,0.0637223470450073,13.50970780600273,0.618421052631579,1.0969055354921298,-0.03628825059435514,0.19135189056396484
QQQ,1h,7,0.85,1.0,20,50,0.6958783695432853,-0.3662332486290658,0.671525868965958,0.05227978422912287,12.844847752678351,0.15789473684210525,0.17160240970926388,-0.0184423187708731,0.20090579986572266
QQQ,1h,7,1.0,0.0,8,21,0.23798863121275504,0.23592866904400167,0.2401655269232572,0.3504005914971822,0.6854027440338625,0.3026315789473684,-0.15701015891586456,-0.03992895137758534,0.2047572135925293
QQQ,1h,7,1.0,0.0,9,21,0.25852839437912056,0.2596565005008069,0.26464238550045605,0.33402630696663815,0.7922800689075306,0.35526315789473684,0.049333241319065746,-0.04336364920888858,0.20107078552246094
QQQ,1h,7,1.0,0.0,10,30,0.21955838876654243,0.21124977122633037,0.2442894183729305,0.3693817845694032,0.6613466840486038,0.21052631578947367,-0.001076710593769973,-0.04256006924467948,0.19411516189575195
QQQ,1h,7,1.0,0.0,12,26,0.23929060240212777,0.23379083272943735,0.2493840643041795,0.3903094668628053,0.6389393173285202,0.25,0.0677278642670662,-0.03977727267051845,0.18395209312438965
QQQ,1h,7,1.0,0.0,20,50,0.16859710987022716,0.14450238991419573,0.17572437745132968,0.35246504178491445,0.49855831534794415,0.039473684210526314,-0.11360594556969704,-0.027254584217823896,0.18054533004760742
QQQ,1h,7,1.0,0.25,8,21,0.3706500482122184,0.10457867771997043,0.38239032926577193,0.04052954384549683,9.434854009793122,0.8289473684210527,1.0492298368424364,-0.02561059463531279,0.20743918418884277
QQQ,1h,7,1.0,0.25,9,21,0.3660389616711965,0.1302901186733867,0.37728500508346097,0.043507870037246314,8.6716496293768,0.8289473684210527,1.0991585014619742,-0.024747278957658714,0.19257426261901855
QQQ,1h,7,1.0,0.25,10,30,0.31527072227776787,0.0748903558309284,0.3302589815996009,0.05040471910541214,6.552144074226966,0.5526315789473685,0.8343576225385793,-0.022043719954689456,0.18602490425109863
QQQ,1h,7,1.0,0.25,12,26,0.3174276238644238,0.10003195753395433,0.3341147341676013,0.04692812917419011,7.119711355366799,0.618421052631579,1.0044608326216327,-0.023815083055705788,0.2058548927307129
QQQ,1h,7,1.0,0.25,20,50,0.24920719574351935,0.0007532868071609133,0.2609386059093117,0.04472351330840006,5.834483621846894,0.15789473684210525,0.16970592533776455,-0.0184423187708731,0.1829526424407959
QQQ,1h,7,1.0,0.5,8,21,0.6494722562113949,-0.01449701903365097,0.6537200687527758,0.04682540488729777,13.96079906465708,0.8289473684210527,1.1847878880991152,-0.03169897223081597,0.20493483543395996
QQQ,1h,7,1.0,0.5,9,21,0.6389031004485005,0.012466956265302365,0.6426758432939315,0.050038050956351686,12.843742532148967,0.8289473684210527,1.2209218470256025,-0.03169897223081597,0.19532370567321777
QQQ,1h,7,1.0,0.5,10,30,0.5503038842942879,-0.04794302825339325,0.5582755530007028,0.04555588655047504,12.254740172428525,0.5526315789473685,0.8876972953160966,-0.025128222636387476,0.18565106391906738
QQQ,1h,7,1.0,0.5,12,26,0.5517428984733282,-0.021072414376477222,0.5654465925341373,0.040925790872991266,13.816387673214166,0.618421052631579,1.051183044888932,-0.027253716634387137,0.19018197059631348
QQQ,1h,7,1.0,0.5,20,50,0.435778017466646,-0.12658502658613013,0.43694980647139114,0.03783695094164821,11.548229854600361,0.15789473684210525,0.1708840068691983,-0.0184423187708731,0.17674779891967773
QQQ,1h,7,1.0,0.75,8,21,0.871202796031255,-0.12220926780516417,0.8697799579769635,0.060078372726565236,14.477422048955853,0.8289473684210527,1.2877736053997124,-0.03862580361078405,0.2002565860748291
QQQ,1h,7,1.0,0.75,9,21,0.8562562390488936,-0.0946023917092792,0.8543190455043878,0.0620392591883203,13.770619712126162,0.8289473684210527,1.3143820022352162,-0.03862580361078405,0.19304752349853516
QQQ,1h,7,1.0,0.75,10,30,0.7378879993145916,-0.15833430434407314,0.7404276354390924,0.05234494318350073,14.145160743482805,0.5526315789473685,0.927234126142174,-0.02821272531808583,0.18590688705444336
QQQ,1h,7,1.0,0.75,12,26,0.7390366285309308,-0.13046499690330504,0.7501493229836429,0.046838900379134935,16.01551951287498,0.618421052631579,1.085661498389366,-0.03069235021306793,0.18472766876220703
QQQ,1h,7,1.0,0.75,20,50,0.5850678486239783,-0.23915265582345324,0.578198367185523,0.04567608376974707,12.65866771985572,0.15789473684210525,0.17134073215549234,-0.0184423187708731,0.17985320091247559
QQQ,1h,7,1.0,1.0,8,21,1.0481016354340145,-0.21943609300145717,1.0421123947038813,0.07219330635581428,14.435027945218248,0.8289473684210527,1.3684735244015227,-0.045527773097562285,0.1922471523284912
QQQ,1h,7,1.0,1.0,9,21,1.0297282353868973,-0.1916885870949787,1.0231839994227074,0.0729666545390816,14.022624524668055,0.8289473684210527,1.3878777395612587,-0.045527773097562285,0.1997988224029541
QQQ,1h,7,1.0,1.0,10,30,0.887665985382281,-0.25731821065523375,0.8857920575495626,0.0605654222456744,14.625375745858458,0.5526315789473685,0.9580032780352729,-0.03287381481979612,0.19620966911315918
QQQ,1h,7,1.0,1.0,12,26,0.8886379420143713,-0.22905484201513826,0.897532919507656,0.054385016986860865,16.50331229508479,0.618421052631579,1.1124410034059875,-0.03413098379174906,0.19047093391418457
QQQ,1h,7,1.0,1.0,20,50,0.7043899625420716,-0.3384582951873013,0.6910809675242264,0.0554078818366396,12.472611199283113,0.15789473684210525,0.17160240970926388,-0.0184423187708731,0.17543458938598633
QQQ,1h,10,0.0,0.0,8,21,0.17501992106228412,0.15833762479522884,0.3887540492318173,0.36532769709874796,1.0641242159275353,0.2894736842105263,0.20472899489934324,-0.022946558584753696,0.19298505783081055
QQQ,1h,10,0.0,0.0,9,21,0.3139740335637567,0.31832972345335864,0.4563407002963544,0.36758689395448807,1.2414498661447249,0.3026315789473684,0.3069542033754257,-0.02125161607711923,0.20102906227111816
QQQ,1h,10,0.0,0.0,10,30,0.1558401060083767,0.13637670765427456,0.2928225922757753,0.32841216420103225,0.8916313833507356,0.15789473684210525,0.23803832799924793,-0.018826634531522113,0.18967700004577637
QQQ,1h,10,0.0,0.0,12,26,0.3071783414195541,0.31110007633548054,0.28856338138724025,0.331107782343557,0.8715089066913785,0.19736842105263158,0.219245821692822,-0.020373014434089676,0.18758606910705566
QQQ,1h,10,0.0,0.0,20,50,0.32594411995418965,0.33691898410184407,0.2850376433495537,0.371039316246623,0.7682141241336657,0.039473684210526314,-0.02242770239469083,-0.019352870119540566,0.1886749267578125
QQQ,1h,10,0.0,0.25,8,21,0.26292897623032324,0.016576254381994726,0.29468230415485597,0.05485404531212021,5.37211617626576,0.7105263157894737,1.0197519073953945,-0.026992586375456318,0.20120906829833984
QQQ,1h,10,0.0,0.25,9,21,0.26955668877550765,0.19355886344756135,0.29330040446280214,0.04964203014240306,5.908308012815773,0.6973684210526315,1.0346871783910665,-0.026992586375456318,0.19857215881347656
QQQ,1h,10,0.0,0.25,10,30,0.2501045626576533,-0.006173094257277412,0.2745448854078056,0.05345657326912562,5.13584894463057,0.42105263157894735,0.7603215845271943,-0.018826634531522113,0.1830136775970459
QQQ,1h,10,0.0,0.25,12,26,0.257756882677089,0.18861006474231234,0.283569384646787,0.06089402258434089,4.656768802784066,0.5,0.8410372097249524,-0.025894444146874696,0.17965316772460938
QQQ,1h,10,0.0,0.25,20,50,0.23605662166417632,0.21622667165660858,0.24645111334410857,0.06151299700223577,4.006488471617649,0.10526315789473684,0.10848946498754183,-0.019352870119540566,0.1828157901763916
QQQ,1h,10,0.0,0.5,8,21,0.45813360604665887,-0.10958347504953081,0.46975001024350266,0.043663470060982285,10.758421389491708,0.7105263157894737,1.0684680457161826,-0.03273355667379341,0.19445490837097168
QQQ,1h,10,0.0,0.5,9,21,0.4514288284611533,0.07806170770949983,0.4613040402127805,0.04438211648194253,10.393917117505389,0.6973684210526315,1.0752496052391403,-0.03273355667379341,0.2051842212677002
QQQ,1h,10,0.0,0.5,10,30,0.4364527824974346,-0.13271616293819544,0.44065579058609083,0.04827068224706306,9.128849439721805,0.42105263157894735,0.7696502369792163,-0.018826634531522113,0.1786940097808838
QQQ,1h,10,0.0,0.5,12,26,0.42960737013318756,0.07533871753254817,0.45009253474923794,0.05598307946802876,8.03979593523933,0.5,0.8575635129294271,-0.03141587385965994,0.1975994110107422
QQQ,1h,10,0.0,0.5,20,50,0.38420185421100217,0.10423017037480631,0.38138447532011704,0.05188635661221252,7.350380720899381,0.10526315789473684,0.10860013037085865,-0.019352870119540566,0.19683194160461426
QQQ,1h,10,0.0,0.75,8,21,0.6142999391242052,-0.22162150323486685,0.6139808566408738,0.046665946787015494,13.156935601094673,0.7105263157894737,1.1059587935091317,-0.038474526972130274,0.2173786163330078
QQQ,1h,10,0.0,0.75,9,21,0.5996340380524129,-0.028546178183834314,0.6010155135384745,0.049567686868735576,12.125147480254121,0.6973684210526315,1.1071826788561927,-0.038474526972130274,0.20586681365966797
QQQ,1h,10,0.0,0.75,10,30,0.5854280570777105,-0.24478323136707392,0.5763475535288237,0.05217625772401195,11.046165031180145,0.42105263157894735,0.7771565832161184,-0.02582423799415401,0.19070005416870117
QQQ,1h,10,0.0,0.75,12,26,0.5701385760976598,-0.029150918791592595,0.585639026510004,0.05819721170826119,10.063008335275134,0.5,0.870160169437686,-0.03693730357244451,0.19168853759765625
QQQ,1h,10,0.0,0.75,20,50,0.5073252247641061,0.0005149127278829546,0.4935375130735009,0.051799997663619014,9.52775164737372,0.10526315789473684,0.1086790882420926,-0.019352870119540566,0.18089675903320312
QQQ,1h,10,0.0,1.0,8,21,0.7391249147764463,-0.3209091019598246,0.7300045242635098,0.052691569014802285,13.854294679637166,0.7105263157894737,1.1355921882468494,-0.044215497270467474,0.21058082580566406
QQQ,1h,10,0.0,1.0,9,21,0.7186347186620369,-0.12667310959068478,0.7136649717847201,0.05597896044191638,12.748807161669552,0.6973684210526315,1.1325760631309851,-0.044215497270467474,0.2102339267730713
QQQ,1h,10,0.0,1.0,10,30,0.7044947515047357,-0.34379589749673567,0.6852796022854514,0.05768550386989233,11.879580766618178,0.42105263157894735,0.7831712111299461,-0.03426565065887188,0.19294261932373047
QQQ,1h,10,0.0,1.0,12,26,0.6830859938410886,-0.1253067028091085,0.6943037778157275,0.06181966564991706,11.231115058880281,0.5,0.8800522384231568,-0.04245873328522942,0.18504023551940918
QQQ,1h,10,0.0,1.0,20,50,0.6067255255086058,-0.09533472373198881,0.5839582034397184,0.05379165108435656,10.855926369018675,0.10526315789473684,0.10873825764255517,-0.019352870119540566,0.1703324317932129
QQQ,1h,10,0.1,0.0,8,21,0.16439207959116514,0.14901251494161283,0.31157931845787357,0.42260451458810644,0.7372834593628416,0.2894736842105263,0.21017007105988417,-0.022946558584753696,0.18711161613464355
QQQ,1h,10,0.1,0.0,9,21,0.22445828684402433,0.21714452378243565,0.41349751823799547,0.4099439522979482,1.0086684189878339,0.3026315789473684,0.3123952795359667,-0.02125161607711923,0.18519830703735352
QQQ,1h,10,0.1,0.0,10,30,0.2341286839213663,0.22631688727901444,0.23619821141078604,0.37310464241222363,0.6330615719056722,0.15789473684210525,0.23803832799924793,-0.018826634531522113,0.1929008960723877
QQQ,1h,10,0.1,0.0,12,26,0.42838253908477253,0.4656619236449633,0.2710112580506185,0.38210468221450977,0.7092591916957339,0.19736842105263158,0.2118640192798141,-0.020373014434089676,0.1793687343597412
QQQ,1h,10,0.1,0.0,20,50,0.2819890677643227,0.2820708331173807,0.2935408129806274,0.38984202438834636,0.7529737550516431,0.039473684210526314,-0.02242770239469083,-0.019352870119540566,0.1737825870513916
QQQ,1h,10,0.1,0.25,8,21,0.2704019550455312,0.006215928650773916,0.2938597712231624,0.05551411370047642,5.293424529997325,0.7236842105263158,1.041901093985425,-0.026992586375456318,0.20500802993774414
QQQ,1h,10,0.1,0.25,9,21,0.26909766159963905,0.08112451542615906,0.2935491457602051,0.05368118264085418,5.468380749436002,0.6973684210526315,1.034931925322873,-0.026992586375456318,0.2014758586883545
QQQ,1h,10,0.1,0.25,10,30,0.26126040404121764,0.09375837801523246,0.273165345531447,0.05687134048851047,4.8032162278051755,0.42105263157894735,0.7606604175262133,-0.018826634531522113,0.1876816749572754
QQQ,1h,10,0.1,0.25,12,26,0.2735917677131903,0.367605397794736,0.28265826672462435,0.06777099362889272,4.170785340295188,0.5,0.8415021309485154,-0.025894444146874696,0.19242262840270996
QQQ,1h,10,0.1,0.25,20,50,0.2351507052349661,0.1528613398898857,0.24951012839995051,0.06183617594531296,4.035018734350807,0.10526315789473684,0.10848946498754183,-0.019352870119540566,0.17380905151367188
QQQ,1h,10,0.1,0.5,8,21,0.47342115194745393,-0.12060933141967367,0.4796512690262965,0.04310839667946428,11.126632071073754,0.7236842105263158,1.0936459279288415,-0.03273355667379341,0.2049856185913086
QQQ,1h,10,0.1,0.5,9,21,0.46228952067085965,-0.04163368967168668,0.46868509917202994,0.04696955482606415,9.978487147848146,0.6973684210526315,1.0753459719404586,-0.03273355667379341,0.21356630325317383
QQQ,1h,10,0.1,0.5,10,30,0.4463094673168382,-0.02632862277680148,0.4458896711162953,0.048175618553909026,9.255504848730485,0.42105263157894735,0.7699937530899634,-0.018826634531522113,0.17685222625732422
QQQ,1h,10,0.1,0.5,12,26,0.44246565305001445,0.2740160190364338,0.4526501933753477,0.05928383746971196,7.635305214622891,0.5,0.8579728773308927,-0.03141587385965994,0.18451809883117676
QQQ,1h,10,0.1,0.5,20,50,0.3902176447423313,0.03450052420910632,0.38610212499637087,0.05063774447233686,7.624789157172994,0.10526315789473684,0.10860013037085865,-0.019352870119540566,0.1812596321105957
QQQ,1h,10,0.1,0.75,8,21,0.6354837886228469,-0.2330045170921058,0.6307820340476478,0.04721998238567292,13.358370803607801,0.7236842105263158,1.1335725387082547,-0.038474526972130274,0.21291637420654297
QQQ,1h,10,0.1,0.75,9,21,0.617736851095864,-0.15217903228163676,0.6130320171176142,0.0527894260107807,11.612780502527539,0.6973684210526315,1.1072274996517595,-0.038474526972130274,0.20678091049194336
QQQ,1h,10,0.1,0.75,10,30,0.5956573507535587,-0.13488073405733825,0.5857714153776785,0.05029212204370786,11.64737918333604,0.42105263157894735,0.7774929599103683,-0.018826634531522113,0.2164325714111328
QQQ,1h,10,0.1,0.75,12,26,0.5827958081075207,0.18489914245319317,0.590368317083467,0.05968186862107153,9.891920791418203,0.5,0.870542593895992,-0.03693730357244451,0.192366361618042
QQQ,1h,10,0.1,0.75,20,50,0.5177037681089071,-0.07369007481233925,0.4996323789006091,0.04968862173114578,10.055267413212027,0.10526315789473684,0.1086790882420926,-0.019352870119540566,0.1828763484954834
QQQ,1h,10,0.1,1.0,8,21,0.7649376039045465,-0.33239547620177745,0.7519756286906563,0.05431339491656685,13.845122917574908,0.7236842105263158,1.165157737483206,-0.044215497270467474,0.19854092597961426
QQQ,1h,10,0.1,1.0,9,21,0.7421484196667266,-0.25150835979096475,0.72915964683331,0.059951035825791546,12.162586297126465,0.6973684210526315,1.1325955782223645,-0.044215497270467474,0.19137811660766602
QQQ,1h,10,0.1,1.0,10,30,0.7152916189500624,-0.2327944114614523,0.6978217388255574,0.054745435584588546,12.74666520366498,0.42105263157894735,0.7834945618668039,-0.018826634531522113,0.19773387908935547
QQQ,1h,10,0.1,1.0,12,26,0.6960045258397167,0.10023357201974603,0.700637950780816,0.06210887527533613,11.280802424368556,0.5,0.880411778289007,-0.04245873328522942,0.19152522087097168
QQQ,1h,10,0.1,1.0,20,50,0.6203486278752371,-0.17237130457672067,0.5911558620293234,0.051238960785401,11.537233639558034,0.10526315789473684,0.10873825764255517,-0.019352870119540566,0.16756224632263184
QQQ,1h,10,0.25,0.0,8,21,0.10007101137891079,0.07817462099854611,0.28032128980156246,0.44544768820599534,0.6293023787608684,0.2894736842105263,0.21017007105988417,-0.022946558584753696,0.1901533603668213
QQQ,1h,10,0.25,0.0,9,21,0.06726042931454453,0.04313290019290861,0.40909442383065187,0.37823444760450947,1.0815895443199037,0.3026315789473684,0.3123952795359667,-0.02125161607711923,0.18328094482421875
QQQ,1h,10,0.25,0.0,10,30,0.27556739428870003,0.27535160008083714,0.2563009932080744,0.43377959504865493,0.590855347124676,0.15789473684210525,0.23803832799924793,-0.018826634531522113,0.1775212287902832
QQQ,1h,10,0.25,0.0,12,26,0.39973534811631056,0.4189787488619072,0.2818569062622836,0.3935921806084694,0.7161140900374344,0.19736842105263158,0.2118640192798141,-0.020373014434089676,0.17630696296691895
QQQ,1h,10,0.25,0.0,20,50,0.32254896407963113,0.33298644476059236,0.283439800306784,0.3967060671431887,0.7144831495719931,0.039473684210526314,-0.02242770239469083,-0.019352870119540566,0.1745319366455078
QQQ,1h,10,0.25,0.25,8,21,0.27603463927829064,-0.06910026720651585,0.30953874807228354,0.05523212220035913,5.604324725191727,0.7236842105263158,1.041901093985425,-0.026992586375456318,0.18660879135131836
QQQ,1h,10,0.25,0.25,9,21,0.273818253187125,-0.10940666996540094,0.31249827375987344,0.04889569606373744,6.391120260411464,0.6973684210526315,1.034931925322873,-0.026992586375456318,0.18657755851745605
QQQ,1h,10,0.25,0.25,10,30,0.2680287625334192,0.14864342029011968,0.28726522193908377,0.06666453065490784,4.309116393935571,0.42105263157894735,0.7606604175262133,-0.018826634531522113,0.18143773078918457
QQQ,1h,10,0.25,0.25,12,26,0.27343340382037146,0.31291670483168565,0.2806330383940303,0.06696464496288111,4.190764224160179,0.5,0.8415021309485154,-0.025894444146874696,0.18322420120239258
QQQ,1h,10,0.25,0.25,20,50,0.24003951675261104,0.21090620072786082,0.24930415326873573,0.060888657685325566,4.094426823418364,0.10526315789473684,0.10848946498754183,-0.019352870119540566,0.16960620880126953
QQQ,1h,10,0.25,0.5,8,21,0.49231641684681493,-0.19782810457492783,0.5101249873093235,0.04343463724315879,11.744658633926342,0.7236842105263158,1.0936459279288415,-0.03273355667379341,0.18587660789489746
QQQ,1h,10,0.25,0.5,9,21,0.49129910053907105,-0.24150297147971111,0.5008467285109532,0.04441098936547392,11.277540439131098,0.6973684210526315,1.0753459719404586,-0.03273355667379341,0.19234132766723633
QQQ,1h,10,0.25,0.5,10,30,0.45341878047423917,0.03254682238056672,0.46620146698177417,0.047457212856939296,9.823616662595583,0.42105263157894735,0.7699937530899634,-0.018826634531522113,0.18161916732788086
QQQ,1h,10,0.25,0.5,12,26,0.44807780920647666,0.21262029140047,0.45941456975810846,0.05345220448756865,8.594866650728209,0.5,0.8579728773308927,-0.03141587385965994,0.20632338523864746
QQQ,1h,10,0.25,0.5,20,50,0.39314680796052287,0.09790556857224009,0.3902181975875998,0.052573630784230815,7.422317838178368,0.10526315789473684,0.10860013037085865,-0.019352870119540566,0.1842329502105713
QQQ,1h,10,0.25,0.75,8,21,0.6635683815666727,-0.31011374411322945,0.6719871119385039,0.0464407297416153,14.469779344064435,0.7236842105263158,1.1335725387082547,-0.038474526972130274,0.19432377815246582
QQQ,1h,10,0.25,0.75,9,21,0.6629026095334998,-0.3556040306610735,0.6551514957755281,0.04935478403425973,13.274326057647285,0.6973684210526315,1.1072274996517595,-0.038474526972130274,0.18894004821777344
QQQ,1h,10,0.25,0.75,10,30,0.6037151614347849,-0.07358465735099551,0.6107670459561846,0.04394822010481609,13.897423934337066,0.42105263157894735,0.7774929599103683,-0.018826634531522113,0.18668556213378906
QQQ,1h,10,0.25,0.75,12,26,0.5921914807249331,0.11800666131953785,0.6040903212737645,0.05176365960561465,11.670162540212683,0.5,0.870542593895992,-0.03693730357244451,0.1852719783782959
QQQ,1h,10,0.25,0.75,20,50,0.5199728157524394,-0.0064846279036983034,0.5066444198420844,0.05276314260336316,9.602241163887584,0.10526315789473684,0.1086790882420926,-0.019352870119540566,0.17444396018981934
QQQ,1h,10,0.25,1.0,8,21,0.8000682579494207,-0.4078563988638586,0.8014968927344169,0.05248618715857956,15.270625208739355,0.7236842105263158,1.165157737483206,-0.044215497270467474,0.20276570320129395
QQQ,1h,10,0.25,1.0,9,21,0.7995564236202968,-0.4539099957558945,0.7790649971377971,0.05535749904140293,14.073341654309916,0.6973684210526315,1.1325955782223645,-0.044215497270467474,0.2038130760192871
QQQ,1h,10,0.25,1.0,10,30,0.7242310376625972,-0.17038850282801898,0.7264443341612316,0.045901765739648166,15.82606512964178,0.42105263157894735,0.7834945618668039,-0.018826634531522113,0.18354558944702148
QQQ,1h,10,0.25,1.0,12,26,0.7082483555208643,0.028965042262041996,0.7199491205269777,0.05334604815923114,13.49582856405823,0.5,0.880411778289007,-0.04245873328522942,0.18103909492492676
QQQ,1h,10,0.25,1.0,20,50,0.6222688708860585,-0.10273015248670325,0.6003642051935432,0.05462592936393811,10.990462078799522,0.10526315789473684,0.10873825764255517,-0.019352870119540566,0.1724836826324463
QQQ,1h,10,0.4,0.0,8,21,0.12007356225976688,0.09980463210596446,0.2889336305318111,0.4710040188525287,0.6134419643291328,0.2894736842105263,0.21017007105988417,-0.022946558584753696,0.20633530616760254
QQQ,1h,10,0.4,0.0,9,21,0.09283579316428611,0.07043473007065604,0.3773657608521481,0.4536260338988464,0.8318873535734868,0.3026315789473684,0.3123952795359667,-0.02125161607711923,0.23801565170288086
QQQ,1h,10,0.4,0.0,10,30,0.2532300713983475,0.24873193153624218,0.25472382763788437,0.4472964063300058,0.5694743441554828,0.15789473684210525,0.23803832799924793,-0.018826634531522113,0.19448256492614746
QQQ,1h,10,0.4,0.0,12,26,0.417748544218391,0.4464154747897209,0.26087030543912226,0.4190352071095301,0.6225498502586069,0.19736842105263158,0.2118640192798141,-0.020373014434089676,0.2147674560546875
QQQ,1h,10,0.4,0.0,20,50,0.3641222463841554,0.37850314724830514,0.2867045502644798,0.381690776590503,0.7511435115763114,0.039473684210526314,-0.02242770239469083,-0.019352870119540566,0.18573808670043945
QQQ,1h,10,0.4,0.25,8,21,0.29439497475817544,-0.04594838757985198,0.325741926461529,0.05285750523819521,6.162642845015424,0.7236842105263158,1.041901093985425,-0.026992586375456318,0.20009541511535645
QQQ,1h,10,0.4,0.25,9,21,0.2933905723620773,-0.07980777740664746,0.3214129338932325,0.045613945918917834,7.0463742484495375,0.6973684210526315,1.034931925322873,-0.026992586375456318,0.21833276748657227
QQQ,1h,10,0.4,0.25,10,30,0.27407382581004647,0.11850435148699923,0.2921907446608986,0.06678911523616514,4.374825802493674,0.42105263157894735,0.7606604175262133,-0.018826634531522113,0.1916818618774414
QQQ,1h,10,0.4,0.25,12,26,0.28396924803077844,0.3444155885253881,0.2947802402791947,0.06747686334113645,4.3686120795049685,0.5,0.8415021309485154,-0.025894444146874696,0.2100362777709961
QQQ,1h,10,0.4,0.25,20,50,0.24932354876806423,0.26344702588700275,0.2510944907373581,0.06032809265604002,4.1621486720783745,0.10526315789473684,0.10848946498754183,-0.019352870119540566,0.1951885223388672
QQQ,1h,10,0.4,0.5,8,21,0.5231637985135943,-0.17408252806761138,0.5356615658328601,0.04399426213848735,12.175714281709684,0.7236842105263158,1.0936459279288415,-0.03273355667379341,0.1867690086364746
QQQ,1h,10,0.4,0.5,9,21,0.5230001863534213,-0.21108092352634844,0.5213269587974283,0.04714202716497047,11.058645335150276,0.6973684210526315,1.0753459719404586,-0.03273355667379341,0.207244873046875
QQQ,1h,10,0.4,0.5,10,30,0.4681293187548611,-0.00014121368409980573,0.4753831174399664,0.04709265051310219,10.09463498572255,0.42105263157894735,0.7699937530899634,-0.018826634531522113,0.18897438049316406
QQQ,1h,10,0.4,0.5,12,26,0.46592023457643256,0.24727901701688015,0.47871468048280974,0.05693438438494956,8.408182254963602,0.5,0.8579728773308927,-0.03141587385965994,0.24877238273620605
QQQ,1h,10,0.4,0.5,20,50,0.40549734738242615,0.15606631775718016,0.39288120638206764,0.05358020035781011,7.332581882083227,0.10526315789473684,0.10860013037085865,-0.019352870119540566,0.24205970764160156
QQQ,1h,10,0.4,0.75,8,21,0.7044339901632474,-0.2864799917385248,0.704800248762181,0.05070014743978777,13.901345150903396,0.7236842105263158,1.1335725387082547,-0.038474526972130274,0.21916723251342773
QQQ,1h,10,0.4,0.75,9,21,0.7044591943294927,-0.3254462535014241,0.6842260331757493,0.0585148705779231,11.69319912046253,0.6973684210526315,1.1072274996517595,-0.038474526972130274,0.21663451194763184
QQQ,1h,10,0.4,0.75,10,30,0.6246800415067796,-0.10797832949828723,0.6233263869589536,0.04496349304057859,13.862944019861066,0.42105263157894735,0.7774929599103683,-0.018826634531522113,0.19462227821350098
QQQ,1h,10,0.4,0.75,12,26,0.6158709259414162,0.15502144655039096,0.6269469097069703,0.05764282321186221,10.876408801190571,0.5,0.870542593895992,-0.03693730357244451,0.20647215843200684
QQQ,1h,10,0.4,0.75,20,50,0.53526822927739,0.056041691897412926,0.5101275487177326,0.05495043062879835,9.283413121250147,0.10526315789473684,0.1086790882420926,-0.019352870119540566,0.20894098281860352
QQQ,1h,10,0.4,1.0,8,21,0.8489376818034385,-0.3848573547264845,0.8400551970985581,0.05953840700009104,14.109467139375658,0.7236842105263158,1.165157737483206,-0.044215497270467474,0.209869384765625
QQQ,1h,10,0.4,1.0,9,21,0.8490107886057537,-0.4247941805660116,0.8148698908241545,0.06921540671797495,11.772955321124137,0.6973684210526315,1.1325955782223645,-0.044215497270467474,0.2010791301727295
QQQ,1h,10,0.4,1.0,10,30,0.7500481664816459,-0.2057625930414967,0.7416928592814294,0.04858029082660312,15.267361447644317,0.42105263157894735,0.7834945618668039,-0.018826634531522113,0.1987311840057373
QQQ,1h,10,0.4,1.0,12,26,0.7365785368554357,0.06762498480653267,0.7454723654119854,0.06093534916498322,12.233824465231333,0.5,0.880411778289007,-0.04245873328522942,0.1995699405670166
QQQ,1h,10,0.4,1.0,20,50,0.6399980023588226,-0.03695280766194864,0.6045264277866147,0.05768893313745337,10.479071026434672,0.10526315789473684,0.10873825764255517,-0.019352870119540566,0.1865553855895996
QQQ,1h,10,0.55,0.0,8,21,0.17385860994281993,0.15613149645035307,0.24205184142491115,0.4580892929476207,0.5283944531150351,0.2894736842105263,0.14851156040454538,-0.022946558584753696,0.21825146675109863
QQQ,1h,10,0.55,0.0,9,21,0.11101739488380812,0.08959088655653491,0.3386457354730893,0.44496785018211377,0.7610566366412549,0.2894736842105263,0.18095594085000286,-0.02195953673116402,0.21603012084960938
QQQ,1h,10,0.55,0.0,10,30,0.3214504521337504,0.34351559880926996,0.2706894305913662,0.4844786992239505,0.558723079105362,0.15789473684210525,0.19403880862434972,-0.016457401958966167,0.18318533897399902
QQQ,1h,10,0.55,0.0,12,26,0.24955920841692453,0.24856580622025182,0.30132836343993324,0.44704414455013364,0.6740461028589557,0.19736842105263158,0.1889477788181674,-0.019250097711160485,0.2041797637939453
QQQ,1h,10,0.55,0.0,20,50,0.30911811964641434,0.3052257341753333,0.2933020932806832,0.3680471324064008,0.7969144912581916,0.039473684210526314,-0.02242770239469083,-0.019352870119540566,0.19025111198425293
QQQ,1h,10,0.55,0.25,8,21,0.3149782385809319,0.015699693571537443,0.3361912268588341,0.04938269645575802,6.8078750450581005,0.8157894736842105,1.2343596339717118,-0.023739627409627095,0.191145658493042
QQQ,1h,10,0.55,0.25,9,21,0.30827670475549174,-0.059025901500102895,0.3369547564401577,0.04763328868712587,7.0739343372532755,0.8157894736842105,1.2955288495648705,-0.023739627409627095,0.20788192749023438
QQQ,1h,10,0.55,0.25,10,30,0.28413176810810836,0.22660079586814685,0.30220290737872835,0.06922345350065358,4.365614428293079,0.4868421052631579,0.9179893993018915,-0.01122825774368219,0.19565939903259277
QQQ,1h,10,0.55,0.25,12,26,0.2778154423201666,0.1187575067007347,0.3085344480423494,0.060969269615828034,5.0604911291614325,0.5657894736842105,1.0337657129098126,-0.024490938607803714,0.2052135467529297
QQQ,1h,10,0.55,0.25,20,50,0.24635561032734796,0.1799171843740246,0.24986170716264927,0.05568676462641482,4.486913700928644,0.11842105263157894,0.13475198525319518,-0.019352870119540566,0.1791238784790039
QQQ,1h,10,0.55,0.5,8,21,0.5544999761648892,-0.10943297558643117,0.5619324321547994,0.04181949222959232,13.437093618204303,0.8157894736842105,1.302586951832673,-0.030004044394767226,0.20677614212036133
QQQ,1h,10,0.55,0.5,9,21,0.5483083856868847,-0.18949519423377625,0.5516514256856782,0.0463164542097226,11.91048483952982,0.8157894736842105,1.3533193768447735,-0.030004044394767226,0.2002723217010498
QQQ,1h,10,0.55,0.5,10,30,0.4770093890618561,0.11798772874262498,0.49230136060476787,0.05003308283738092,9.839516829391885,0.4868421052631579,0.9344084195518619,-0.015389708738715369,0.21875548362731934
QQQ,1h,10,0.55,0.5,12,26,0.47568612788857667,0.0005850558637137127,0.49935301685928657,0.050960460377454976,9.798832529389815,0.5657894736842105,1.0539877388150938,-0.02973177950444672,0.17986106872558594
QQQ,1h,10,0.55,0.5,20,50,0.4099063929029106,0.06480585079387202,0.3974702275271201,0.04558318776875816,8.719667205888978,0.11842105263157894,0.1348715328478396,-0.019352870119540566,0.17034196853637695
QQQ,1h,10,0.55,0.75,8,21,0.7448553546664866,-0.2206931146411708,0.742589172424892,0.04864762093289776,15.264655458674628,0.8157894736842105,1.354278525244749,-0.03652874879083867,0.19252252578735352
QQQ,1h,10,0.55,0.75,9,21,0.7381535290813797,-0.3037072605363923,0.7252056800446156,0.055968582733566294,12.957370807420583,0.8157894736842105,1.397293647787368,-0.03652874879083867,0.20710444450378418
QQQ,1h,10,0.55,0.75,10,30,0.6339441519002008,0.01729615019334041,0.6458457615461832,0.05098375205478039,12.667678142876634,0.4868421052631579,0.9467668873154554,-0.019551159733748324,0.19531846046447754
QQQ,1h,10,0.55,0.75,12,26,0.6351875367766793,-0.10676602122939571,0.6535489312197541,0.05497239952635614,11.888673895459386,0.5657894736842105,1.0690260383669956,-0.034972620401089394,0.20003962516784668
QQQ,1h,10,0.55,0.75,20,50,0.5441919431293186,-0.04073646054301061,0.5191209160732934,0.045382256444176435,11.438852026052315,0.11842105263157894,0.13495683417711432,-0.019352870119540566,0.1723775863647461
QQQ,1h,10,0.55,1.0,8,21,0.8967067853493078,-0.3194066989680806,0.8868152604479402,0.05727759887665445,15.482759016446721,0.8157894736842105,1.394840307536959,-0.04305345318691001,0.18784809112548828
QQQ,1h,10,0.55,1.0,9,21,0.8894127644381566,-0.40340602041800067,0.8640961919961114,0.06590349165676926,13.111538861952788,0.8157894736842105,1.4318217708382308,-0.04305345318691001,0.18939447402954102
QQQ,1h,10,0.55,1.0,10,30,0.7598762358645458,-0.07586166843706232,0.7686938196144174,0.05744202171664925,13.382081560538385,0.4868421052631579,0.9564432566025618,-0.023712610728781724,0.19774484634399414
QQQ,1h,10,0.55,1.0,12,26,0.7628869505411524,-0.20408171324484614,0.776918325805856,0.0616976554958584,12.592347627504394,0.5657894736842105,1.0807687142135083,-0.040213461297732844,0.21361780166625977
QQQ,1h,10,0.55,1.0,20,50,0.652236698786483,-0.1373213377353686,0.6170077050828966,0.04757406052662825,12.969414387858354,0.11842105263157894,0.1350207606349428,-0.019352870119540566,0.17371702194213867
QQQ,1h,10,0.7,0.0,8,21,0.3092050103576656,0.31804919345323035,0.21791275384828043,0.32603966080376723,0.6683627179315313,0.2894736842105263,0.12291622100090567,-0.018648988641712494,0.18862557411193848
QQQ,1h,10,0.7,0.0,9,21,0.14551789692465464,0.12830414748279995,0.30921938125961335,0.41488373976995446,0.7453157393709137,0.2894736842105263,0.15519506475411787,-0.018648988641712494,0.18844914436340332
QQQ,1h,10,0.7,0.0,10,30,0.2014524791263185,0.19094322562249944,0.2664773599378831,0.4542652687977034,0.5866117844385603,0.15789473684210525,0.19403880862434972,-0.016457401958966167,0.19411396980285645
QQQ,1h,10,0.7,0.0,12,26,0.335294733766653,0.3449774985914733,0.2534884056172758,0.4697871503576961,0.5395813943064847,0.19736842105263158,0.1889477788181674,-0.019250097711160485,0.19937562942504883
QQQ,1h,10,0.7,0.0,20,50,0.25993454786821735,0.24042977975284563,0.25701332974411323,0.3536557454858405,0.726733081604646,0.039473684210526314,-0.02242770239469083,-0.019352870119540566,0.20236682891845703
QQQ,1h,10,0.7,0.25,8,21,0.3381269954298198,0.19830670163956388,0.3460790102006382,0.046675627480102615,7.414555066199559,0.8157894736842105,1.1878335391985577,-0.0269912769883337,0.20494461059570312
QQQ,1h,10,0.7,0.25,9,21,0.3244433267542729,-0.016839714719611987,0.3534703859983359,0.04458039921285119,7.928829535838724,0.8157894736842105,1.2468971646803442,-0.0269912769883337,0.20786809921264648
QQQ,1h,10,0.7,0.25,10,30,0.28644626617761154,0.05283717870231519,0.3060804658483052,0.06750257568178444,4.534352397028622,0.4868421052631579,0.9198645654525976,-0.013173783002013106,0.1930234432220459
QQQ,1h,10,0.7,0.25,12,26,0.29994878602687225,0.22630727311782017,0.3066086671900674,0.06582146207293336,4.658186821349094,0.5657894736842105,1.0356408790605187,-0.024490938607803714,0.20654630661010742
QQQ,1h,10,0.7,0.25,20,50,0.2418837790284714,0.10648098231358172,0.25724074982520395,0.0584912969270215,4.397932057245344,0.11842105263157894,0.13475198525319518,-0.019352870119540566,0.16987919807434082
QQQ,1h,10,0.7,0.5,8,21,0.5822181364923811,0.08797812800358717,0.5851544802132489,0.03943194467212769,14.83960492130795,0.8157894736842105,1.264031531551198,-0.03698098777307646,0.1883699893951416
QQQ,1h,10,0.7,0.5,9,21,0.5739156656009214,-0.14547106618028793,0.5832728192369873,0.0506315965385759,11.519937333846372,0.8157894736842105,1.313734355631767,-0.03698098777307646,0.19344639778137207
QQQ,1h,10,0.7,0.5,10,30,0.4989193218913205,-0.07092092384748638,0.5039213022344327,0.05346920057246039,9.424515362849471,0.4868421052631579,0.9375157158383398,-0.019264382962090987,0.19184374809265137
QQQ,1h,10,0.7,0.5,12,26,0.5075239717038716,0.11633138225276629,0.5093407794973724,0.05057084054922328,10.071827439799108,0.5657894736842105,1.0570950351015715,-0.02973177950444672,0.18613147735595703
QQQ,1h,10,0.7,0.5,20,50,0.4101757655092698,-0.01494345685294074,0.41119835615371203,0.04900574918176474,8.39081869003894,0.11842105263157894,0.1348715328478396,-0.019352870119540566,0.18491530418395996
QQQ,1h,10,0.7,0.75,8,21,0.7780167105091486,-0.013511706509151566,0.7755461496460327,0.04081284616390939,19.00250099028488,0.8157894736842105,1.3232695933662597,-0.046923767956852824,0.1981971263885498
QQQ,1h,10,0.7,0.75,9,21,0.7716094283423708,-0.2591513899627075,0.7679843453664599,0.06300043637902843,12.190143267358485,0.8157894736842105,1.3656156080175943,-0.046923767956852824,0.20072007179260254
QQQ,1h,10,0.7,0.75,10,30,0.668859445368488,-0.18159662557403866,0.6630316254231609,0.05624390225958142,11.78850682093649,0.4868421052631579,0.9508808612946144,-0.025338606628882987,0.20286798477172852
QQQ,1h,10,0.7,0.75,12,26,0.6756494526619917,0.0146114979920684,0.6717974109792555,0.05164227429471473,13.008672064777942,0.5657894736842105,1.0731400123461545,-0.034972620401089394,0.19873809814453125
QQQ,1h,10,0.7,0.75,20,50,0.5470604296918478,-0.12477602833375556,0.5368566266202801,0.04983195248858108,10.773341195958558,0.11842105263157894,0.13495683417711432,-0.019352870119540566,0.17541933059692383
QQQ,1h,10,0.7,1.0,8,21,0.9345598168114957,-0.10672162007616393,0.9273600021442292,0.04443781356938618,20.868713549469057,0.8157894736842105,1.3701143105636298,-0.05681961753966225,0.18694090843200684
QQQ,1h,10,0.7,1.0,9,21,0.9291885033580918,-0.3593421794251195,0.9155810417775943,0.07415857853695282,12.346259324824642,0.8157894736842105,1.4066065671861903,-0.05681961753966225,0.19078564643859863
QQQ,1h,10,0.7,1.0,10,30,0.8046410698932115,-0.2803743303028364,0.7901949888604698,0.06289962432531647,12.562793456024256,0.4868421052631579,0.9613683624637951,-0.03139645400238866,0.18634533882141113
QQQ,1h,10,0.7,1.0,12,26,0.8103932518365204,-0.07929208958409728,0.801531255185167,0.05681969758060034,14.106573764286097,0.5657894736842105,1.0856938200747417,-0.040213461297732844,0.18902993202209473
QQQ,1h,10,0.7,1.0,20,50,0.6569412418027962,-0.22390867719092422,0.6376842296062254,0.053479903544974006,11.92381039113064,0.11842105263157894,0.1350207606349428,-0.019352870119540566,0.17906475067138672
QQQ,1h,10,0.85,0.0,8,21,0.2818440846120064,0.2909737576820257,0.18437191770331113,0.352985602226417,0.5223213540167247,0.3026315789473684,-0.17277686623245483,-0.03992895137758534,0.18778586387634277
QQQ,1h,10,0.85,0.0,9,21,0.2603225545955993,0.2642955593513019,0.23865991626157426,0.3196435880419867,0.7466438407962844,0.34210526315789475,0.0486047139202832,-0.04336364920888858,0.19661521911621094
QQQ,1h,10,0.85,0.0,10,30,0.2272794170355629,0.22161162100601484,0.31497076843542404,0.39139675878679747,0.8047352497545736,0.21052631578947367,-0.019435101258969717,-0.04256006924467948,0.18097901344299316
QQQ,1h,10,0.85,0.0,12,26,0.22336834575529568,0.2159181023981167,0.2908147851819389,0.48940331338078374,0.5942231636582084,0.23684210526315788,0.054660741053057106,-0.03977727267051845,0.18732786178588867
QQQ,1h,10,0.85,0.0,20,50,0.16799212991691181,0.1422185301152341,0.2045193533699881,0.33602531989869683,0.6086426863060366,0.039473684210526314,-0.11360594556969704,-0.027254584217823896,0.18518948554992676
QQQ,1h,10,0.85,0.25,8,21,0.3534331769961898,0.16616516241464696,0.36256970152045387,0.04260788868412279,8.509450074102363,0.8289473684210527,1.0585902760027632,-0.03961717871540027,0.19268345832824707
QQQ,1h,10,0.85,0.25,9,21,0.34670366365099653,0.13514589276543898,0.3619322615370056,0.04543074453120813,7.966681269957625,0.8289473684210527,1.120681971320356,-0.03961717871540027,0.195328950881958
QQQ,1h,10,0.85,0.25,10,30,0.3049716271417214,0.08704123525435126,0.3188264319006119,0.05433383809974562,5.867916625277105,0.5526315789473685,0.8411357744702637,-0.024262227332212505,0.20986151695251465
QQQ,1h,10,0.85,0.25,12,26,0.3069444773443261,0.08074823812718801,0.32100648481917793,0.054000727798730094,5.944484415388321,0.618421052631579,0.9728017109455079,-0.022100985118259864,0.20175838470458984
QQQ,1h,10,0.85,0.25,20,50,0.2438810100177087,-0.0016866341666078588,0.2566823718532278,0.04596746779243889,5.584000689623565,0.15789473684210525,0.16970592533776455,-0.0184423187708731,0.18270540237426758
QQQ,1h,10,0.85,0.5,8,21,0.6129438213773973,0.05153641126716457,0.6233126508827899,0.04786286384425251,13.022886656157304,0.8289473684210527,1.1782572530512319,-0.04947726157012866,0.19991755485534668
QQQ,1h,10,0.85,0.5,9,21,0.6026416372299293,0.017306278126409502,0.6146681534428519,0.0535217836131177,11.484448236740047,0.8289473684210527,1.2278942845956011,-0.04947726157012866,0.19520854949951172
QQQ,1h,10,0.85,0.5,10,30,0.5300210976349272,-0.03433345305668334,0.5275603157712101,0.05088727408577264,10.367234740889932,0.5526315789473685,0.8895235080923257,-0.02813648721417883,0.18757224082946777
QQQ,1h,10,0.85,0.5,12,26,0.533761130514751,-0.040999478505190146,0.5362358240966889,0.04623036379265115,11.599212727413791,0.618421052631579,1.0202880289171044,-0.02813648721417883,0.18769502639770508
QQQ,1h,10,0.85,0.5,20,50,0.4265407630178151,-0.1290857794473258,0.42544721599606605,0.03856428733116894,11.032155536612379,0.15789473684210525,0.1708840068691983,-0.0184423187708731,0.19771051406860352
QQQ,1h,10,0.85,0.75,8,21,0.8203163756864575,-0.05349398572812569,0.830260753796906,0.06019446071045075,13.792976031310452,0.8289473684210527,1.268714118341942,-0.05929102280214704,0.20032644271850586
QQQ,1h,10,0.85,0.75,9,21,0.8069577420935734,-0.08995753122286976,0.8158867996511944,0.06487593479367725,12.576108571628783,0.8289473684210527,1.3095273071756761,-0.05929102280214704,0.19876551628112793
QQQ,1h,10,0.85,0.75,10,30,0.7100399586776016,-0.1435839853664782,0.6959423255412986,0.05817064790458744,11.963805640996057,0.5526315789473685,0.9247756258011076,-0.03415576116293639,0.19507575035095215
QQQ,1h,10,0.85,0.75,12,26,0.71504433872144,-0.15043735382469448,0.7090499112410471,0.05371456251726624,13.200329259186038,0.618421052631579,1.055429601240321,-0.03415576116293639,0.20031380653381348
QQQ,1h,10,0.85,0.75,20,50,0.572801563175706,-0.24164294339012604,0.5615385897604741,0.043739271384421165,12.838316048412278,0.15789473684210525,0.17134073215549234,-0.0184423187708731,0.17143702507019043
QQQ,1h,10,0.85,1.0,8,21,0.9859514106211698,-0.14950971851213957,0.995181387674297,0.07169225510288854,13.881295632925353,0.8289473684210527,1.3395703852177934,-0.06905846241145552,0.19837093353271484
QQQ,1h,10,0.85,1.0,9,21,0.9701068781320333,-0.18736925092567314,0.9763368722054816,0.07494676030357614,13.027072394467396,0.8289473684210527,1.3736209474858188,-0.06905846241145552,0.184952974319458
QQQ,1h,10,0.85,1.0,10,30,0.8538610470529283,-0.24172641663376593,0.8306422568836742,0.06645748112877799,12.498852541132234,0.5526315789473685,0.9521000013318868,-0.04015880696453267,0.17711424827575684
QQQ,1h,10,0.85,1.0,12,26,0.8598435423370536,-0.24861693083233083,0.8471410088772642,0.06289104216041397,13.469978867840851,0.618421052631579,1.08284068307997,-0.04015880696453267,0.18182706832885742
QQQ,1h,10,0.85,1.0,20,50,0.6897349343561895,-0.34088598219439115,0.6704372320233647,0.05124007128792053,13.084236910135122,0.15789473684210525,0.17160240970926388,-0.0184423187708731,0.1852715015411377
QQQ,1h,10,1.0,0.0,8,21,0.23798863121275504,0.23592866904400167,0.2401655269232572,0.3504005914971822,0.6854027440338625,0.3026315789473684,-0.15701015891586456,-0.03992895137758534,0.1998608112335205
QQQ,1h,10,1.0,0.0,9,21,0.25852839437912056,0.2596565005008069,0.26464238550045605,0.33402630696663815,0.7922800689075306,0.35526315789473684,0.049333241319065746,-0.04336364920888858,0.18809199333190918
QQQ,1h,10,1.0,0.0,10,30,0.21955838876654243,0.21124977122633037,0.2442894183729305,0.3693817845694032,0.6613466840486038,0.21052631578947367,-0.001076710593769973,-0.04256006924467948,0.19846534729003906
QQQ,1h,10,1.0,0.0,12,26,0.23929060240212777,0.23379083272943735,0.2493840643041795,0.3903094668628053,0.6389393173285202,0.25,0.0677278642670662,-0.03977727267051845,0.19114065170288086
QQQ,1h,10,1.0,0.0,20,50,0.16859710987022716,0.14450238991419573,0.17572437745132968,0.35246504178491445,0.49855831534794415,0.039473684210526314,-0.11360594556969704,-0.027254584217823896,0.18096494674682617
QQQ,1h,10,1.0,0.25,8,21,0.3706500482122184,0.10457867771997043,0.38239032926577193,0.04052954384549683,9.434854009793122,0.8289473684210527,1.0492298368424364,-0.02561059463531279,0.25193309783935547
QQQ,1h,10,1.0,0.25,9,21,0.3660389616711965,0.1302901186733867,0.37728500508346097,0.043507870037246314,8.6716496293768,0.8289473684210527,1.0991585014619742,-0.024747278957658714,0.19275116920471191
QQQ,1h,10,1.0,0.25,10,30,0.31527072227776787,0.0748903558309284,0.3302589815996009,0.05040471910541214,6.552144074226966,0.5526315789473685,0.8343576225385793,-0.022043719954689456,0.1960151195526123
QQQ,1h,10,1.0,0.25,12,26,0.3174276238644238,0.10003195753395433,0.3341147341676013,0.04692812917419011,7.119711355366799,0.618421052631579,1.0044608326216327,-0.023815083055705788,0.19103574752807617
QQQ,1h,10,1.0,0.25,20,50,0.24920719574351935,0.0007532868071609133,0.2609386059093117,0.04472351330840006,5.834483621846894,0.15789473684210525,0.16970592533776455,-0.0184423187708731,0.20016694068908691
QQQ,1h,10,1.0,0.5,8,21,0.6494722562113949,-0.01449701903365097,0.6537200687527758,0.04682540488729777,13.96079906465708,0.8289473684210527,1.1847878880991152,-0.03169897223081597,0.19591021537780762
QQQ,1h,10,1.0,0.5,9,21,0.6389031004485005,0.012466956265302365,0.6426758432939315,0.050038050956351686,12.843742532148967,0.8289473684210527,1.2209218470256025,-0.03169897223081597,0.19353079795837402
QQQ,1h,10,1.0,0.5,10,30,0.5503038842942879,-0.04794302825339325,0.5582755530007028,0.04555588655047504,12.254740172428525,0.5526315789473685,0.8876972953160966,-0.025128222636387476,0.18384194374084473
QQQ,1h,10,1.0,0.5,12,26,0.5517428984733282,-0.021072414376477222,0.5654465925341373,0.040925790872991266,13.816387673214166,0.618421052631579,1.051183044888932,-0.027253716634387137,0.18287014961242676
QQQ,1h,10,1.0,0.5,20,50,0.435778017466646,-0.12658502658613013,0.43694980647139114,0.03783695094164821,11.548229854600361,0.15789473684210525,0.1708840068691983,-0.0184423187708731,0.17347002029418945
QQQ,1h,10,1.0,0.75,8,21,0.871202796031255,-0.12220926780516417,0.8697799579769635,0.060078372726565236,14.477422048955853,0.8289473684210527,1.2877736053997124,-0.03862580361078405,0.19742131233215332
QQQ,1h,10,1.0,0.75,9,21,0.8562562390488936,-0.0946023917092792,0.8543190455043878,0.0620392591883203,13.770619712126162,0.8289473684210527,1.3143820022352162,-0.03862580361078405,0.23479747772216797
QQQ,1h,10,1.0,0.75,10,30,0.7378879993145916,-0.15833430434407314,0.7404276354390924,0.05234494318350073,14.145160743482805,0.5526315789473685,0.927234126142174,-0.02821272531808583,0.1888866424560547
QQQ,1h,10,1.0,0.75,12,26,0.7390366285309308,-0.13046499690330504,0.7501493229836429,0.046838900379134935,16.01551951287498,0.618421052631579,1.085661498389366,-0.03069235021306793,0.1942288875579834
QQQ,1h,10,1.0,0.75,20,50,0.5850678486239783,-0.23915265582345324,0.578198367185523,0.04567608376974707,12.65866771985572,0.15789473684210525,0.17134073215549234,-0.0184423187708731,0.18414998054504395
QQQ,1h,10,1.0,1.0,8,21,1.0481016354340145,-0.21943609300145717,1.0421123947038813,0.07219330635581428,14.435027945218248,0.8289473684210527,1.3684735244015227,-0.045527773097562285,0.18819832801818848
QQQ,1h,10,1.0,1.0,9,21,1.0297282353868973,-0.1916885870949787,1.0231839994227074,0.0729666545390816,14.022624524668055,0.8289473684210527,1.3878777395612587,-0.045527773097562285,0.20261549949645996
QQQ,1h,10,1.0,1.0,10,30,0.887665985382281,-0.25731821065523375,0.8857920575495626,0.0605654222456744,14.625375745858458,0.5526315789473685,0.9580032780352729,-0.03287381481979612,0.18896865844726562
QQQ,1h,10,1.0,1.0,12,26,0.8886379420143713,-0.22905484201513826,0.897532919507656,0.054385016986860865,16.50331229508479,0.618421052631579,1.1124410034059875,-0.03413098379174906,0.1815800666809082
QQQ,1h,10,1.0,1.0,20,50,0.7043899625420716,-0.3384582951873013,0.6910809675242264,0.0554078818366396,12.472611199283113,0.15789473684210525,0.17160240970926388,-0.0184423187708731,0.1692969799041748
QQQ,1h,14,0.0,0.0,8,21,0.12501124849625558,0.10458081006988063,0.38183757378974253,0.34711187123058096,1.1000418177461118,0.2894736842105263,0.4737825939386646,-0.031024514228108258,0.18379569053649902
QQQ,1h,14,0.0,0.0,9,21,0.3511098747281414,0.3763632708367399,0.37711505117577027,0.3523674295102407,1.0702324323786865,0.2894736842105263,0.5081273889110841,-0.021485892201976386,0.19777464866638184
QQQ,1h,14,0.0,0.0,10,30,0.18981262014283376,0.17367373684200027,0.3016429352612905,0.2732566721628752,1.1038813174212105,0.14473684210526316,0.16015463612987313,-0.0184423187708731,0.17722201347351074
QQQ,1h,14,0.0,0.0,12,26,0.1814577949262639,0.16350352079998798,0.24150749060469773,0.2537841168930829,0.9516257107076673,0.19736842105263158,0.20290129302003876,-0.0184423187708731,0.19249987602233887
QQQ,1h,14,0.0,0.0,20,50,0.41473635292347044,0.4505841045158181,0.3300425369073535,0.40530690376437584,0.8143027760988324,0.02631578947368421,-0.06507212839212186,-0.008421373000225385,0.16952037811279297
QQQ,1h,14,0.0,0.25,8,21,0.25065615169503735,-0.04217903447953897,0.27888208944483883,0.0531107554175961,5.250953168563717,0.6842105263157895,1.1666102690283324,-0.01984236568766662,0.21471261978149414
QQQ,1h,14,0.0,0.25,9,21,0.2633394925446143,0.2637261493966938,0.28238415487474466,0.058891138128726185,4.795019485911447,0.6578947368421053,1.1220732706590326,-0.021485892201976386,0.18399477005004883
QQQ,1h,14,0.0,0.25,10,30,0.2383529581619965,0.029735002319095427,0.27343222088631475,0.06316099991867216,4.329130654017409,0.3684210526315789,0.6258639939459062,-0.0184423187708731,0.18926191329956055
QQQ,1h,14,0.0,0.25,12,26,0.23454514490213735,0.01928263274809483,0.2755415660070858,0.06823480528448848,4.0381380859560165,0.4473684210526316,0.7118794897753523,-0.0184423187708731,0.18157649040222168
QQQ,1h,14,0.0,0.25,20,50,0.22746932286882549,0.3493685801685287,0.27377014062854765,0.0807483124206718,3.390413154423543,0.09210526315789473,0.06651819226400084,-0.008421373000225385,0.16816973686218262
QQQ,1h,14,0.0,0.5,8,21,0.44221473764970176,-0.17109967270168214,0.43841533795404536,0.04773006852782139,9.1853071130308,0.6842105263157895,1.1962933658768002,-0.01984236568766662,0.20233678817749023
QQQ,1h,14,0.0,0.5,9,21,0.4329606820711684,0.15815166863761032,0.43857527424426535,0.05786906135252673,7.578752169013986,0.6578947368421053,1.1467101817593826,-0.021485892201976386,0.22361397743225098
QQQ,1h,14,0.0,0.5,10,30,0.4111311782004291,-0.09880824564071633,0.4249234917066336,0.063512926441332,6.690346603681424,0.3684210526315789,0.6327509099953869,-0.0184423187708731,0.21663475036621094
QQQ,1h,14,0.0,0.5,12,26,0.4056183512859194,-0.10905700531494167,0.4345379516862091,0.0642709311767204,6.761034012272149,0.4473684210526316,0.7219893449461277,-0.0184423187708731,0.23982524871826172
QQQ,1h,14,0.0,0.5,20,50,0.34997046232210477,0.2537947298898291,0.3874817483987397,0.07199327061323542,5.3821939897741515,0.09210526315789473,0.06651634008445217,-0.008421373000225385,0.20811915397644043
QQQ,1h,14,0.0,0.75,8,21,0.5947306125162869,-0.2841290272230659,0.5703561456594628,0.048760283467823844,11.697145814089287,0.6842105263157895,1.2191123999754112,-0.01984236568766662,0.20905160903930664
QQQ,1h,14,0.0,0.75,9,21,0.5727560467571376,0.05944987816187974,0.5680139923505746,0.06276391785415235,9.050008536281899,0.6578947368421053,1.1664331080375316,-0.021485892201976386,0.20805788040161133
QQQ,1h,14,0.0,0.75,10,30,0.5503377219934239,-0.2132751926066453,0.5494966611334166,0.06865798839254364,8.00339004970167,0.3684210526315789,0.6379016487051774,-0.0184423187708731,0.18477177619934082
QQQ,1h,14,0.0,0.75,12,26,0.5433645627336291,-0.22297912173830614,0.5634418718018361,0.0662985197471182,8.498558850951227,0.4473684210526316,0.7296770905720019,-0.0184423187708731,0.18024253845214844
QQQ,1h,14,0.0,0.75,20,50,0.4559935160270455,0.1636687342284906,0.48497289805905996,0.07470300969639819,6.492012838974585,0.09210526315789473,0.06651500649130929,-0.008421373000225385,0.17797589302062988
QQQ,1h,14,0.0,1.0,8,21,0.7164994402852843,-0.3830303029868528,0.676588436795834,0.050836625435881244,13.309074530314671,0.6842105263157895,1.2371754135884667,-0.023972749441211527,0.1926870346069336
QQQ,1h,14,0.0,1.0,9,21,0.6853196307308373,-0.032598462554356056,0.6722548500561594,0.06792198532181619,9.89745583658955,0.6578947368421053,1.1822190247692248,-0.023972749441211527,0.19054746627807617
QQQ,1h,14,0.0,1.0,10,30,0.6618356451312203,-0.3149197035381588,0.6496135462821042,0.07417293600826029,8.758094006279592,0.3684210526315789,0.6419388816750544,-0.0184423187708731,0.18254637718200684
QQQ,1h,14,0.0,1.0,12,26,0.6536815255368005,-0.3238532797880699,0.6666439041161472,0.06966302891005914,9.569550944688908,0.4473684210526316,0.7357342122120997,-0.0184423187708731,0.1756126880645752
QQQ,1h,14,0.0,1.0,20,50,0.5424492475150383,0.07879242460680769,0.5640483007085441,0.07948345198058221,7.096424307871542,0.09210526315789473,0.06651400049158358,-0.008421373000225385,0.18327903747558594
QQQ,1h,14,0.1,0.0,8,21,0.12259071294633629,0.10311828744854568,0.3267056545215116,0.45271692011487735,0.7216554981833013,0.2894736842105263,0.459179542776298,-0.031024514228108258,0.20797252655029297
QQQ,1h,14,0.1,0.0,9,21,0.22967047111059233,0.2285900663411915,0.3307233394365402,0.4226647883988194,0.7824719458874706,0.2894736842105263,0.4935243377487174,-0.021485892201976386,0.19870567321777344
QQQ,1h,14,0.1,0.0,10,30,0.21758714165656454,0.2070322143529757,0.2751038185852187,0.3095109144989369,0.8888339819310753,0.14473684210526316,0.1576431166579113,-0.0184423187708731,0.19122624397277832
QQQ,1h,14,0.1,0.0,12,26,0.2638466981734735,0.25350114774439847,0.22757139183923983,0.289977422551196,0.7847900358486072,0.19736842105263158,0.200389773548077,-0.0184423187708731,0.20135259628295898
QQQ,1h,14,0.1,0.0,20,50,0.36481474032559486,0.38452617988556836,0.3355134664986609,0.398124374834182,0.8427353051126336,0.02631578947368421,-0.06507212839212186,-0.008421373000225385,0.18952488899230957
QQQ,1h,14,0.1,0.25,8,21,0.2569644009591413,-0.04362569962704144,0.2741957742024267,0.05567625029006417,4.924824728208374,0.6973684210526315,1.19292689698258,-0.01984236568766662,0.20244956016540527
QQQ,1h,14,0.1,0.25,9,21,0.25819701324102684,0.09684200173048385,0.27698257176418795,0.06382923970405159,4.3394308478126264,0.6578947368421053,1.122233218158602,-0.021485892201976386,0.198716402053833
QQQ,1h,14,0.1,0.25,10,30,0.24650577075936417,0.06639524642279038,0.2745041449072455,0.06572768957278254,4.176385123096067,0.3684210526315789,0.6278986273321857,-0.0184423187708731,0.1974048614501953
QQQ,1h,14,0.1,0.25,12,26,0.24595859404523052,0.11916186223604641,0.27629790671856025,0.07265383748134599,3.802936173736181,0.4473684210526316,0.7139141231616318,-0.0184423187708731,0.19194650650024414
QQQ,1h,14,0.1,0.25,20,50,0.22511928243772042,0.2717029889916376,0.2754986631695693,0.07802062615299506,3.531100386573781,0.09210526315789473,0.06651819226400084,-0.008421373000225385,0.181671142578125
QQQ,1h,14,0.1,0.5,8,21,0.4543427951369297,-0.17245679549491788,0.4435174067498651,0.044933991274586735,9.8704209033998,0.6973684210526315,1.2225079173923008,-0.01984236568766662,0.20522117614746094
QQQ,1h,14,0.1,0.5,9,21,0.44137189745468997,-0.022487263135780977,0.4419851462529456,0.058360906677871055,7.573308425321893,0.6578947368421053,1.146741495121922,-0.021485892201976386,0.20721817016601562
QQQ,1h,14,0.1,0.5,10,30,0.42223610571631187,-0.06022885319983906,0.4312674767717281,0.06253987419378054,6.895880145768134,0.3684210526315789,0.6338317581955345,-0.0184423187708731,0.19722199440002441
QQQ,1h,14,0.1,0.5,12,26,0.41571317345211944,-0.0028650934164913266,0.4397356156143769,0.06568336251333144,6.694779298564775,0.4473684210526316,0.7230701931462753,-0.0184423187708731,0.18760347366333008
QQQ,1h,14,0.1,0.5,20,50,0.35595722998295154,0.1666362202032261,0.3925724674674468,0.06914378263584951,5.677624979457035,0.09210526315789473,0.06651634008445217,-0.008421373000225385,0.19035673141479492
QQQ,1h,14,0.1,0.75,8,21,0.6113468285987992,-0.2853487678227623,0.58199835163979,0.048567661305255666,11.983248441423513,0.6973684210526315,1.2453029380853835,-0.020619050219776835,0.20920109748840332
QQQ,1h,14,0.1,0.75,9,21,0.5893896986761394,-0.13034261723818452,0.5773194469115608,0.06365749034694315,9.069151858879145,0.6578947368421053,1.1664214477296748,-0.021485892201976386,0.20937228202819824
QQQ,1h,14,0.1,0.75,10,30,0.5642370626000075,-0.17390456428095957,0.5594151830970069,0.06652590816102613,8.408982283157128,0.3684210526315789,0.6386550852155105,-0.0184423187708731,0.19798636436462402
QQQ,1h,14,0.1,0.75,12,26,0.5539048236908203,-0.11344035957219911,0.5716131230997982,0.06655937570556678,8.5880180972309,0.4473684210526316,0.7304305270823349,-0.0184423187708731,0.20645403861999512
QQQ,1h,14,0.1,0.75,20,50,0.4670884263217471,0.06892903106705028,0.49245823875764777,0.07125391099548237,6.911315208913523,0.09210526315789473,0.06651500649130929,-0.008421373000225385,0.19071149826049805
QQQ,1h,14,0.1,1.0,8,21,0.7366589616805386,-0.3840848961437088,0.6932169922279021,0.05438903363822747,12.745528755647404,0.6973684210526315,1.2633605872509326,-0.027230137134126253,0.2094249725341797
QQQ,1h,14,0.1,1.0,9,21,0.7079871157277248,-0.2276279171440433,0.6860573806545099,0.06992106869734213,9.811883505730636,0.6578947368421053,1.1821877850672116,-0.027230137134126253,0.20266342163085938
QQQ,1h,14,0.1,1.0,10,30,0.6780421729415068,-0.275662512887037,0.6622491339504306,0.07155899245674087,9.254589971355118,0.3684210526315789,0.64252299995658,-0.0184423187708731,0.1947460174560547
QQQ,1h,14,0.1,1.0,12,26,0.664867329397041,-0.21339974513229387,0.6770668967877727,0.06943156124615946,9.751572406492933,0.4473684210526316,0.7363183304936252,-0.0184423187708731,0.19414258003234863
QQQ,1h,14,0.1,1.0,20,50,0.5573020019730701,-0.021808362737458675,0.5733762767786443,0.07560511798994438,7.583828873263639,0.09210526315789473,0.06651400049158358,-0.008421373000225385,0.20017504692077637
QQQ,1h,14,0.25,0.0,8,21,0.09905233351519789,0.07708993172635248,0.2900221804035742,0.4228186135059309,0.6859257637660884,0.2894736842105263,0.459179542776298,-0.031024514228108258,0.20125532150268555
QQQ,1h,14,0.25,0.0,9,21,0.029774439809008988,0.004700008593622851,0.34500296251242646,0.43702022804420154,0.7894439212949471,0.2894736842105263,0.4935243377487174,-0.021485892201976386,0.20374584197998047
QQQ,1h,14,0.25,0.0,10,30,0.23588886160980582,0.22780994982823444,0.31711008734454005,0.38835279991242727,0.8165515670700654,0.14473684210526316,0.1576431166579113,-0.0184423187708731,0.19411206245422363
QQQ,1h,14,0.25,0.0,12,26,0.23604536164586112,0.21771057920533865,0.24497845363099113,0.35046662709640036,0.6990065092948398,0.19736842105263158,0.200389773548077,-0.0184423187708731,0.19873714447021484
QQQ,1h,14,0.25,0.0,20,50,0.42614688188568695,0.46969800295613173,0.30957397569387324,0.4148951286980945,0.7461499407459663,0.02631578947368421,-0.06507212839212186,-0.008421373000225385,0.18946552276611328
QQQ,1h,14,0.25,0.25,8,21,0.2674255553783252,-0.07043561092238781,0.2963952627724434,0.056171018342778774,5.276658168518807,0.6973684210526315,1.19292689698258,-0.01984236568766662,0.20984840393066406
QQQ,1h,14,0.25,0.25,9,21,0.260039472483082,-0.14874082346345963,0.29306958197763755,0.05294222646490428,5.535648980911582,0.6578947368421053,1.122233218158602,-0.021485892201976386,0.19859886169433594
QQQ,1h,14,0.25,0.25,10,30,0.25311531909311025,0.08967886533156477,0.2983001812181699,0.07562120751000344,3.9446630256295463,0.3684210526315789,0.6278986273321857,-0.0184423187708731,0.1860651969909668
QQQ,1h,14,0.25,0.25,12,26,0.24701955821231794,0.0790814247195668,0.2783708484453684,0.07506589862908081,3.7083529742429078,0.4473684210526316,0.7139141231616318,-0.0184423187708731,0.19110774993896484
QQQ,1h,14,0.25,0.25,20,50,0.23655939007582932,0.3707452115225398,0.2730769427219016,0.07898697423108375,3.45724020169439,0.09210526315789473,0.06651819226400084,-0.008421373000225385,0.1838066577911377
QQQ,1h,14,0.25,0.5,8,21,0.476771176791384,-0.1994131372039033,0.48151119183743096,0.044070117929908045,10.926024582082068,0.6973684210526315,1.2225079173923008,-0.01984236568766662,0.195662260055542
QQQ,1h,14,0.25,0.5,9,21,0.47230370641080693,-0.2806234479522173,0.4704792692074129,0.04772349958608842,9.858440250357486,0.6578947368421053,1.146741495121922,-0.021485892201976386,0.20447206497192383
QQQ,1h,14,0.25,0.5,10,30,0.4322640908028424,-0.035241058692144,0.4602905994949376,0.0603159596769314,7.631323483210391,0.3684210526315789,0.6338317581955345,-0.0184423187708731,0.19810867309570312
QQQ,1h,14,0.25,0.5,12,26,0.4224691261143168,-0.04585932012591609,0.44866149029788804,0.06407339322588249,7.002305757651851,0.4473684210526316,0.7230701931462753,-0.0184423187708731,0.19925689697265625
QQQ,1h,14,0.25,0.5,20,50,0.36670981170975714,0.27709768609877705,0.39756496961710736,0.06983159563304435,5.693196124376963,0.09210526315789473,0.06651634008445217,-0.008421373000225385,0.17821240425109863
QQQ,1h,14,0.25,0.75,8,21,0.6426243438406631,-0.31194397541322727,0.6312754139079042,0.04338562030748434,14.550337402897625,0.6973684210526315,1.2453029380853835,-0.020619050219776835,0.1991112232208252
QQQ,1h,14,0.25,0.75,9,21,0.6392265139768097,-0.39366580791115113,0.6156100031629783,0.0538801092792478,11.42555223807023,0.6578947368421053,1.1664214477296748,-0.021485892201976386,0.21765542030334473
QQQ,1h,14,0.25,0.75,10,30,0.5771928984138315,-0.147895557521177,0.5925682810325601,0.05861007785114358,10.110347959911438,0.3684210526315789,0.6386550852155105,-0.0184423187708731,0.1914360523223877
QQQ,1h,14,0.25,0.75,12,26,0.5644285695212296,-0.15817989093779072,0.5859782673051884,0.06348002421627227,9.23090806186209,0.4473684210526316,0.7304305270823349,-0.0184423187708731,0.2054595947265625
QQQ,1h,14,0.25,0.75,20,50,0.4786349994115079,0.18859082670730287,0.502159151226487,0.0714347541641546,7.029619645257582,0.09210526315789473,0.06651500649130929,-0.008421373000225385,0.21302366256713867
QQQ,1h,14,0.25,1.0,8,21,0.7748481856704522,-0.4099223960545929,0.751162200622923,0.045585316850683164,16.478161226418365,0.6973684210526315,1.2633605872509326,-0.027230137134126253,0.18375396728515625
QQQ,1h,14,0.25,1.0,9,21,0.7720477870163707,-0.4902958481875054,0.7321288566853601,0.06103111109617021,11.99599423205163,0.6578947368421053,1.1821877850672116,-0.027230137134126253,0.1892547607421875
QQQ,1h,14,0.25,1.0,10,30,0.6933637307117513,-0.249206882994076,0.6985921236023447,0.061197527880436274,11.415365093949681,0.3684210526315789,0.64252299995658,-0.0184423187708731,0.19404911994934082
QQQ,1h,14,0.25,1.0,12,26,0.6782326575027289,-0.25890414923410154,0.69578702681109,0.0657492696671576,10.582429741552586,0.4473684210526316,0.7363183304936252,-0.0184423187708731,0.2006359100341797
QQQ,1h,14,0.25,1.0,20,50,0.5697409585344286,0.10505346446413166,0.5865808789167347,0.07528037951773069,7.79194901346875,0.09210526315789473,0.06651400049158358,-0.008421373000225385,0.19600415229797363
QQQ,1h,14,0.4,0.0,8,21,0.14721532780697077,0.13036068065318096,0.27114015133553493,0.452415659720187,0.5993164593445582,0.2894736842105263,0.459179542776298,-0.031024514228108258,0.2218947410583496
QQQ,1h,14,0.4,0.0,9,21,0.08335059936735968,0.060569118589005155,0.32514632384849723,0.4973345659521387,0.6537778511855696,0.2894736842105263,0.4935243377487174,-0.021485892201976386,0.21401429176330566
QQQ,1h,14,0.4,0.0,10,30,0.2580272586512092,0.25864827956299163,0.30830016909944036,0.4001615448696863,0.7704392714693241,0.14473684210526316,0.1576431166579113,-0.0184423187708731,0.2076272964477539
QQQ,1h,14,0.4,0.0,12,26,0.24575301344548162,0.231374020588059,0.23982512106301423,0.38629238803824334,0.6208383299524693,0.19736842105263158,0.200389773548077,-0.0184423187708731,0.19841241836547852
QQQ,1h,14,0.4,0.0,20,50,0.4365592492326665,0.47659680420544603,0.30990242770035625,0.427189169352379,0.7254454230901264,0.02631578947368421,-0.06507212839212186,-0.008421373000225385,0.18372249603271484
QQQ,1h,14,0.4,0.25,8,21,0.28746260600324164,-0.012773453821765757,0.3182958152959639,0.05649579810978292,5.633973250142424,0.6973684210526315,1.19292689698258,-0.01984236568766662,0.2098221778869629
QQQ,1h,14,0.4,0.25,9,21,0.2837877600346973,-0.09023433027827499,0.30709902445872095,0.04988731305248978,6.155854177506043,0.6578947368421053,1.122233218158602,-0.021485892201976386,0.2204287052154541
QQQ,1h,14,0.4,0.25,10,30,0.26533678491703006,0.12459633032037365,0.30207466669488997,0.07516787850514807,4.018666918665286,0.3684210526315789,0.6278986273321857,-0.0184423187708731,0.18791842460632324
QQQ,1h,14,0.4,0.25,12,26,0.25993059220238707,0.09424111112146849,0.2967640523815606,0.07051167681691156,4.208722097931793,0.4473684210526316,0.7139141231616318,-0.0184423187708731,0.18222713470458984
QQQ,1h,14,0.4,0.25,20,50,0.24204310548250896,0.3783582929879845,0.269571543554511,0.07363152971863608,3.6610884574123235,0.09210526315789473,0.06651819226400084,-0.008421373000225385,0.1703336238861084
QQQ,1h,14,0.4,0.5,8,21,0.5068903758056452,-0.1396093495590509,0.5172198038413196,0.0503479775600621,10.27290129428352,0.6973684210526315,1.2225079173923008,-0.01984236568766662,0.19571423530578613
QQQ,1h,14,0.4,0.5,9,21,0.5073249748087119,-0.22164311523422675,0.49941107732846335,0.046787467441140804,10.674035262898734,0.6578947368421053,1.146741495121922,-0.021485892201976386,0.2038888931274414
QQQ,1h,14,0.4,0.5,10,30,0.4513858067840142,0.0026437423307739127,0.4696889041558279,0.061040434480876496,7.694717577788177,0.3684210526315789,0.6338317581955345,-0.0184423187708731,0.20574378967285156
QQQ,1h,14,0.4,0.5,12,26,0.4450156051036773,-0.029732091536789906,0.4732923564527861,0.06013121034609588,7.870993344864801,0.4473684210526316,0.7230701931462753,-0.0184423187708731,0.20659875869750977
QQQ,1h,14,0.4,0.5,20,50,0.37738345062486794,0.2851243282126614,0.39788508031540937,0.06286608975431426,6.329089050557721,0.09210526315789473,0.06651634008445217,-0.008421373000225385,0.20984673500061035
QQQ,1h,14,0.4,0.75,8,21,0.6813542774284165,-0.2517605123011787,0.6772199537534728,0.055433117414080385,12.216883793395576,0.6973684210526315,1.2453029380853835,-0.020619050219776835,0.20716500282287598
QQQ,1h,14,0.4,0.75,9,21,0.6839243683941538,-0.33583414980314585,0.6558274738936394,0.0563873350787855,11.630758449167782,0.6578947368421053,1.1664214477296748,-0.021485892201976386,0.20604777336120605
QQQ,1h,14,0.4,0.75,10,30,0.602017476583297,-0.10800800981538694,0.6062472534412736,0.06098873399183169,9.9403154281325,0.3684210526315789,0.6386550852155105,-0.0184423187708731,0.20598959922790527
QQQ,1h,14,0.4,0.75,12,26,0.5945326195578601,-0.14152116453388908,0.6152792532922418,0.06091877771472662,10.09999340718064,0.4473684210526316,0.7304305270823349,-0.0184423187708731,0.1933300495147705
QQQ,1h,14,0.4,0.75,20,50,0.4931879304299308,0.19677482039543137,0.5056155212825495,0.06441650404103061,7.849161155353815,0.09210526315789473,0.06651500649130929,-0.008421373000225385,0.17627286911010742
QQQ,1h,14,0.4,1.0,8,21,0.8205558574173298,-0.3507119612049342,0.8050654987901396,0.0620423308537041,12.976067915444458,0.6973684210526315,1.2633605872509326,-0.027230137134126253,0.19433307647705078
QQQ,1h,14,0.4,1.0,9,21,0.8245960443796038,-0.4347900431295936,0.7812233094418515,0.06618544427943426,11.803551641106083,0.6578947368421053,1.1821877850672116,-0.027230137134126253,0.1987776756286621
QQQ,1h,14,0.4,1.0,10,30,0.7227671960471087,-0.20814605444472467,0.7156426223179606,0.0649168413520184,11.023990191348238,0.3684210526315789,0.64252299995658,-0.0184423187708731,0.19704437255859375
QQQ,1h,14,0.4,1.0,12,26,0.7143309896777612,-0.24206977961361975,0.7286891364464587,0.06459109299267891,11.281573088243794,0.4473684210526316,0.7363183304936252,-0.0184423187708731,0.22367405891418457
QQQ,1h,14,0.4,1.0,20,50,0.5873199338498833,0.1131792570536565,0.5925896954297336,0.06860524665313622,8.63767312762287,0.09210526315789473,0.06651400049158358,-0.008421373000225385,0.19326543807983398
QQQ,1h,14,0.55,0.0,8,21,0.13079189962702426,0.10893904049797065,0.2363583431580411,0.47032057056191173,0.5025473218737889,0.3026315789473684,0.3491297662545242,-0.031024514228108258,0.21750617027282715
QQQ,1h,14,0.55,0.0,9,21,0.11171848829360173,0.09116374840761221,0.32810145076572395,0.4961540404030408,0.661289486827916,0.2894736842105263,0.32455258807307347,-0.030295147222550778,0.25390028953552246
QQQ,1h,14,0.55,0.0,10,30,0.2945776143451545,0.31069007787773373,0.36002834773662157,0.44970737514511966,0.8005835964341059,0.14473684210526316,0.12335944696680042,-0.0184423187708731,0.22593474388122559
QQQ,1h,14,0.55,0.0,12,26,0.1969419679082217,0.19180308051524464,0.2896874199910958,0.4156336532934101,0.6969777776550627,0.19736842105263158,0.17443101348294895,-0.0184423187708731,0.19347500801086426
QQQ,1h,14,0.55,0.0,20,50,0.39490048847208653,0.41309589741913366,0.3103499880467793,0.41072484526537945,0.7556153264754523,0.02631578947368421,-0.06507212839212186,-0.008421373000225385,0.16896867752075195
QQQ,1h,14,0.55,0.25,8,21,0.30141669769158647,-0.03602862437462795,0.3366586988933602,0.056005283597505395,6.011195324227512,0.8026315789473685,1.3875622222362645,-0.024362020086012737,0.20746302604675293
QQQ,1h,14,0.55,0.25,9,21,0.2983997078614561,-0.057010223565518436,0.3306068586400495,0.05225827126444207,6.326402512763627,0.7894736842105263,1.3997288199050797,-0.024362020086012737,0.20049166679382324
QQQ,1h,14,0.55,0.25,10,30,0.27180140866593244,0.18379365293406114,0.3108898474228115,0.07718088972681635,4.028067680007496,0.4605263157894737,0.8008982115684912,-0.0184423187708731,0.19562745094299316
QQQ,1h,14,0.55,0.25,12,26,0.2652223155633631,0.0504803481835141,0.3103718721177933,0.06511666813184411,4.766396700294493,0.5394736842105263,0.9160577375757533,-0.0184423187708731,0.19682574272155762
QQQ,1h,14,0.55,0.25,20,50,0.24017946411067834,0.30469817760407714,0.26745867601837814,0.07517370570935784,3.5578753700455676,0.10526315789473684,0.09278071252965418,-0.008421373000225385,0.18458294868469238
QQQ,1h,14,0.55,0.5,8,21,0.5346779388638554,-0.16379316817158862,0.5530363266795654,0.05002479610900596,11.055243992888604,0.8026315789473685,1.4337747973453154,-0.031063189878078434,0.21057558059692383
QQQ,1h,14,0.55,0.5,9,21,0.5306184682448316,-0.18709530242133687,0.5360042333510424,0.04992532545756125,10.736118962442616,0.7894736842105263,1.4392848031183583,-0.031063189878078434,0.20122385025024414
QQQ,1h,14,0.55,0.5,10,30,0.45807085214867677,0.06715092768160558,0.48406160149329597,0.06045251783109028,8.007302571677945,0.4605263157894737,0.8102792500760156,-0.0184423187708731,0.20556902885437012
QQQ,1h,14,0.55,0.5,12,26,0.45945459155655277,-0.07608840355518742,0.49269557039177087,0.05532385061146418,8.905663017781245,0.5394736842105263,0.9283090479209978,-0.0184423187708731,0.19832468032836914
QQQ,1h,14,0.55,0.5,20,50,0.3831402027102548,0.20319045617385534,0.40353011700029295,0.0557711703889686,7.235460797862514,0.10526315789473684,0.09278774256143314,-0.008421373000225385,0.1939530372619629
QQQ,1h,14,0.55,0.75,8,21,0.7195411320338767,-0.2761577948343117,0.725900806283198,0.054716054597973726,13.266687658983363,0.8026315789473685,1.468622680841942,-0.03776435967014391,0.21512508392333984
QQQ,1h,14,0.55,0.75,9,21,0.7144232532896769,-0.3009982435882099,0.7022742961795587,0.05877165265933072,11.94920109274933,0.7894736842105263,1.4691083164230496,-0.03776435967014391,0.20722603797912598
QQQ,1h,14,0.55,0.75,10,30,0.609629497181381,-0.03981043717966992,0.6259666481672514,0.06227799645670608,10.05116869169685,0.4605263157894737,0.8174562932520587,-0.0184423187708731,0.20566201210021973
QQQ,1h,14,0.55,0.75,12,26,0.6154177168000114,-0.18915761811925869,0.6399927671248478,0.059138643953994596,10.821904669013275,0.5394736842105263,0.9378458109399024,-0.0184423187708731,0.1922919750213623
QQQ,1h,14,0.55,0.75,20,50,0.5036834795403878,0.10827088314892208,0.5168145283902499,0.05042838064467825,10.248485511199728,0.10526315789473684,0.09279275242633102,-0.008421373000225385,0.1948080062866211
QQQ,1h,14,0.55,1.0,8,21,0.8669099536684808,-0.3747683097306268,0.8637698907070644,0.060927210272222886,14.177079286048697,0.8026315789473685,1.495973255897028,-0.044465529462209386,0.20975494384765625
QQQ,1h,14,0.55,1.0,9,21,0.8608996955871462,-0.40047075473003035,0.8353568533986582,0.06802078561794413,12.280905693895544,0.7894736842105263,1.4925040491232247,-0.044465529462209386,0.20159196853637695
QQQ,1h,14,0.55,1.0,10,30,0.7312637057168299,-0.13766534554888699,0.7398358728884491,0.06897354454086345,10.726371651816915,0.4605263157894737,0.8230719688195812,-0.0184423187708731,0.19212889671325684
QQQ,1h,14,0.55,1.0,12,26,0.740181135783453,-0.2899167853171333,0.7577720215344581,0.06595035582668429,11.49003689268731,0.5394736842105263,0.9453679681857118,-0.0184423187708731,0.20113277435302734
QQQ,1h,14,0.55,1.0,20,50,0.6013139087448927,0.019637127652110564,0.6081096467023428,0.05025239407789056,12.101107974274434,0.10526315789473684,0.09279650348397123,-0.008421373000225385,0.20985841751098633
QQQ,1h,14,0.7,0.0,8,21,0.29849443969023226,0.30306126853343707,0.23265857631223857,0.31993474636135943,0.727206341162631,0.3026315789473684,0.3331251973681759,-0.01766085029394704,0.20756101608276367
QQQ,1h,14,0.7,0.0,9,21,0.15437753597900014,0.13945529528452538,0.30254490586853555,0.43895508278635964,0.6892388714309177,0.2894736842105263,0.3092901201664931,-0.01766085029394704,0.19614672660827637
QQQ,1h,14,0.7,0.0,10,30,0.21870593670264693,0.21065540456699616,0.346550908329933,0.42450743325584794,0.8163600473894859,0.14473684210526316,0.12335944696680042,-0.0184423187708731,0.1937551498413086
QQQ,1h,14,0.7,0.0,12,26,0.27943478830228213,0.2767287303161252,0.2673099155044193,0.45025630360557123,0.5936838937375217,0.19736842105263158,0.17443101348294895,-0.0184423187708731,0.1985151767730713
QQQ,1h,14,0.7,0.0,20,50,0.3157804163996136,0.30302165214424703,0.2767490796309505,0.39186778992802124,0.7062307409388869,0.02631578947368421,-0.06507212839212186,-0.008421373000225385,0.21001458168029785
QQQ,1h,14,0.7,0.25,8,21,0.3316770976009457,0.1810171547144197,0.3447183789134719,0.049490542973099294,6.965338390020179,0.8026315789473685,1.3272859497744915,-0.027870782624790924,0.21008086204528809
QQQ,1h,14,0.7,0.25,9,21,0.315936661596157,-0.004533188980569092,0.35084970765794476,0.04447590191970904,7.8885349709450026,0.7894736842105263,1.3380423650145348,-0.027870782624790924,0.21056652069091797
QQQ,1h,14,0.7,0.25,10,30,0.2836038705685528,0.07427310235077234,0.3103797862300702,0.06686847041818073,4.641646268996781,0.4605263157894737,0.7936992068958265,-0.0184423187708731,0.20564675331115723
QQQ,1h,14,0.7,0.25,12,26,0.29006273177004005,0.14801351722510359,0.3060514804408893,0.06430581495139592,4.759312679144356,0.5394736842105263,0.9088587329030883,-0.0184423187708731,0.1940326690673828
QQQ,1h,14,0.7,0.25,20,50,0.24359384240320253,0.17830525164010114,0.275260056469785,0.07624303802573516,3.6102975904091523,0.10526315789473684,0.09278071252965418,-0.008421373000225385,0.20025873184204102
QQQ,1h,14,0.7,0.5,8,21,0.5716507244217984,0.06884609157773602,0.5745779638031924,0.04910547899929163,11.700893169405413,0.8026315789473685,1.3874508747345013,-0.03803251508228711,0.20868277549743652
QQQ,1h,14,0.7,0.5,9,21,0.5575781111755358,-0.13248036646264272,0.5740580075921046,0.0538449377000024,10.661318075813819,0.7894736842105263,1.3922856186792274,-0.03803251508228711,0.2050330638885498
QQQ,1h,14,0.7,0.5,10,30,0.49192565034456154,-0.04856882939960716,0.4952473089394747,0.05648486772850878,8.767787353594453,0.4605263157894737,0.806206100400523,-0.0184423187708731,0.206221342086792
QQQ,1h,14,0.7,0.5,12,26,0.496223594330552,0.03029077037997996,0.5014147115129202,0.05021100465485872,9.986151740232113,0.5394736842105263,0.924235898245505,-0.0184423187708731,0.18143177032470703
QQQ,1h,14,0.7,0.5,20,50,0.40506739477233517,0.0640325740912484,0.42046828864840424,0.057168583623532984,7.354883784025076,0.10526315789473684,0.09278774256143314,-0.008421373000225385,0.17442727088928223
QQQ,1h,14,0.7,0.75,8,21,0.7641202557407427,-0.03407835946507576,0.7577726414375119,0.05363398146537657,14.128591999583179,0.8026315789473685,1.4342950881875287,-0.04814604766643604,0.19221091270446777
QQQ,1h,14,0.7,0.75,9,21,0.7493486311789914,-0.2458696396451754,0.7536517925916573,0.06757213521205249,11.153292555083153,0.7894736842105263,1.4343477018711623,-0.04814604766643604,0.1986837387084961
QQQ,1h,14,0.7,0.75,10,30,0.6589683908490712,-0.15896357444982623,0.6455882161446288,0.06214322035129399,10.388715172711288,0.4605263157894737,0.8156447615730795,-0.0184423187708731,0.1938328742980957
QQQ,1h,14,0.7,0.75,12,26,0.6624404891772506,-0.07712340656682704,0.6581706479561621,0.052770749718708515,12.47226259745225,0.5394736842105263,0.9360342792609234,-0.0184423187708731,0.19676852226257324
QQQ,1h,14,0.7,0.75,20,50,0.5377571663188341,-0.04050420437215363,0.5397869834756783,0.05107240773000798,10.56905298706962,0.10526315789473684,0.09279275242633102,-0.008421373000225385,0.18590235710144043
QQQ,1h,14,0.7,1.0,8,21,0.9179944327550726,-0.12836214142619717,0.9038242007430005,0.05862957577649435,15.415840704502587,0.8026315789473685,1.4713140172443924,-0.058211380377237165,0.22164130210876465
QQQ,1h,14,0.7,1.0,9,21,0.902262975045563,-0.3460918201606765,0.8971669480412015,0.07942075238526243,11.296379360511859,0.7894736842105263,1.4675320794466173,-0.058211380377237165,0.2135622501373291
QQQ,1h,14,0.7,1.0,10,30,0.7925256171818101,-0.2579517627258263,0.766032763943084,0.07085315637796606,10.811554531977139,0.4605263157894737,0.8229713501904473,-0.0184423187708731,0.19592857360839844
QQQ,1h,14,0.7,1.0,12,26,0.7955094677232439,-0.1749051236170156,0.7833558355118517,0.05945182679171833,13.176312281475152,0.5394736842105263,0.945267349556578,-0.0184423187708731,0.2029414176940918
QQQ,1h,14,0.7,1.0,20,50,0.6445383427628231,-0.13598362063490543,0.6355979715083139,0.049961072001832404,12.721864164263774,0.10526315789473684,0.09279650348397123,-0.008421373000225385,0.18744182586669922
QQQ,1h,14,0.85,0.0,8,21,0.274909456729774,0.2807525407590181,0.16473205923184295,0.3417073905505882,0.4820851517621921,0.3026315789473684,-0.11544800975971735,-0.03992895137758534,0.20447421073913574
QQQ,1h,14,0.85,0.0,9,21,0.2701459297067475,0.2782690238586334,0.23086159630134734,0.3369796242304771,0.6850906692905848,0.34210526315789475,0.09064820303202838,-0.04336364920888858,0.20352387428283691
QQQ,1h,14,0.85,0.0,10,30,0.24634670540372228,0.24349009574721503,0.32365490150573983,0.3853265264608635,0.8399497031217562,0.2236842105263158,0.032312124057410255,-0.04256006924467948,0.17804551124572754
QQQ,1h,14,0.85,0.0,12,26,0.22320635695222912,0.21625587030148852,0.28191700727196534,0.4961611908101368,0.5681964097426655,0.2631578947368421,0.09439901889826088,-0.03977727267051845,0.19511151313781738
QQQ,1h,14,0.85,0.0,20,50,0.17651842573425788,0.14959245139372235,0.1954155352425285,0.34445813766105343,0.5673128716582021,0.039473684210526314,-0.11360594556969704,-0.027254584217823896,0.19671273231506348
QQQ,1h,14,0.85,0.25,8,21,0.35254690827315854,0.15455628148563405,0.3605587340485232,0.047682688682926765,7.5616275845121255,0.8289473684210527,1.0870698193667356,-0.040485271759686414,0.2199709415435791
QQQ,1h,14,0.85,0.25,9,21,0.34416560862796697,0.1510688309729129,0.36144361864039043,0.04970207483622284,7.2722038231082164,0.8289473684210527,1.1295327456656772,-0.040485271759686414,0.22014546394348145
QQQ,1h,14,0.85,0.25,10,30,0.3065762545158334,0.11108044664658467,0.3163431390370373,0.05209386203856372,6.072560694441445,0.5526315789473685,0.857313186520321,-0.019697593438161576,0.21811270713806152
QQQ,1h,14,0.85,0.25,12,26,0.30701683107211303,0.08065976613378645,0.31782205566147825,0.0545594149504968,5.82524676904704,0.618421052631579,0.9884266519424376,-0.019697593438161576,0.18066167831420898
QQQ,1h,14,0.85,0.25,20,50,0.2422075250229976,0.006794105170608189,0.25950516306363325,0.05379433629557924,4.824023883067391,0.15789473684210525,0.16970592533776455,-0.0184423187708731,0.17178821563720703
QQQ,1h,14,0.85,0.5,8,21,0.6123514314358164,0.038900481202352344,0.6188530470838933,0.05525764419336629,11.199410617620702,0.8289473684210527,1.1999439289437075,-0.05051514410909663,0.19409489631652832
QQQ,1h,14,0.85,0.5,9,21,0.5968438230309255,0.03469000963779156,0.6106467845762383,0.05693315178757794,10.725680300549834,0.8289473684210527,1.2329003769278477,-0.05051514410909663,0.1974935531616211
QQQ,1h,14,0.85,0.5,10,30,0.530963782113779,-0.009018108829626392,0.5215085822693766,0.050982266861644476,10.22921526193892,0.5526315789473685,0.9033429016302233,-0.020845452127082553,0.20198774337768555
QQQ,1h,14,0.85,0.5,12,26,0.5338069521080532,-0.04158172911910751,0.5311241777212025,0.04669045004379986,11.375434959889228,0.618421052631579,1.0336567149336806,-0.020845452127082553,0.20474720001220703
QQQ,1h,14,0.85,0.5,20,50,0.422576358178152,-0.11976071095667995,0.42580980319717393,0.04363777753177931,9.75782515246284,0.15789473684210525,0.1708840068691983,-0.0184423187708731,0.19446372985839844
QQQ,1h,14,0.85,0.75,8,21,0.819846851538692,-0.06684321000713522,0.8235124344124853,0.06800672649872422,12.109279137673743,0.8289473684210527,1.2850118160805926,-0.060497442033677684,0.20577216148376465
QQQ,1h,14,0.85,0.75,9,21,0.7988052613048751,-0.07154277004066567,0.8089957568277955,0.06800941883357511,11.895348772314575,0.8289473684210527,1.3115556372844936,-0.060497442033677684,0.21244549751281738
QQQ,1h,14,0.85,0.75,10,30,0.7107566364641544,-0.11770759423915356,0.6873253613950626,0.05959722625793556,11.532841451720131,0.5526315789473685,0.9369786798411632,-0.02429109415383035,0.20908379554748535
QQQ,1h,14,0.85,0.75,12,26,0.7150732797763916,-0.15153773884910837,0.7023475073047761,0.05453389715338059,12.879099862043091,0.618421052631579,1.0672335866842875,-0.02429109415383035,0.20874714851379395
QQQ,1h,14,0.85,0.75,20,50,0.5671963417268288,-0.23171340196847334,0.5598412819186758,0.04574393044204593,12.238591579443572,0.15789473684210525,0.17134073215549234,-0.0184423187708731,0.18488430976867676
QQQ,1h,14,0.85,1.0,8,21,0.9855577366213772,-0.1633017096464151,0.9865155444312516,0.07959401355130269,12.394343499155102,0.8289473684210527,1.3516552063671012,-0.07043216553342946,0.2030961513519287
QQQ,1h,14,0.85,1.0,9,21,0.9601220510648084,-0.1682978557890339,0.9671206717102484,0.07797416533046841,12.40309104446862,0.8289473684210527,1.3733741803881663,-0.07043216553342946,0.20314621925354004
QQQ,1h,14,0.85,1.0,10,30,0.8544578644321238,-0.21585840536906853,0.8200344289127666,0.0686519603719065,11.944807176232333,0.5526315789473685,0.9630106937694279,-0.029902379699917936,0.20360279083251953
QQQ,1h,14,0.85,1.0,12,26,0.8598607170988577,-0.2502274469460579,0.8391592458818898,0.06406136930545989,13.099302356160676,0.618421052631579,1.093392134272954,-0.029902379699917936,0.23655915260314941
QQQ,1h,14,0.85,1.0,20,50,0.6828578616752095,-0.3305674364009006,0.6670495065656878,0.051129197089700394,13.046352075418374,0.15789473684210525,0.17160240970926388,-0.0184423187708731,0.22426247596740723
QQQ,1h,14,1.0,0.0,8,21,0.23798863121275504,0.23592866904400167,0.2401655269232572,0.3504005914971822,0.6854027440338625,0.3026315789473684,-0.15701015891586456,-0.03992895137758534,0.20429205894470215
QQQ,1h,14,1.0,0.0,9,21,0.25852839437912056,0.2596565005008069,0.26464238550045605,0.33402630696663815,0.7922800689075306,0.35526315789473684,0.049333241319065746,-0.04336364920888858,0.19926190376281738
QQQ,1h,14,1.0,0.0,10,30,0.21955838876654243,0.21124977122633037,0.2442894183729305,0.3693817845694032,0.6613466840486038,0.21052631578947367,-0.001076710593769973,-0.04256006924467948,0.1956787109375
QQQ,1h,14,1.0,0.0,12,26,0.23929060240212777,0.23379083272943735,0.2493840643041795,0.3903094668628053,0.6389393173285202,0.25,0.0677278642670662,-0.03977727267051845,0.1908724308013916
QQQ,1h,14,1.0,0.0,20,50,0.16859710987022716,0.14450238991419573,0.17572437745132968,0.35246504178491445,0.49855831534794415,0.039473684210526314,-0.11360594556969704,-0.027254584217823896,0.20256495475769043
QQQ,1h,14,1.0,0.25,8,21,0.3706500482122184,0.10457867771997043,0.38239032926577193,0.04052954384549683,9.434854009793122,0.8289473684210527,1.0492298368424364,-0.02561059463531279,0.20273470878601074
QQQ,1h,14,1.0,0.25,9,21,0.3660389616711965,0.1302901186733867,0.37728500508346097,0.043507870037246314,8.6716496293768,0.8289473684210527,1.0991585014619742,-0.024747278957658714,0.2022874355316162
QQQ,1h,14,1.0,0.25,10,30,0.31527072227776787,0.0748903558309284,0.3302589815996009,0.05040471910541214,6.552144074226966,0.5526315789473685,0.8343576225385793,-0.022043719954689456,0.198195219039917
QQQ,1h,14,1.0,0.25,12,26,0.3174276238644238,0.10003195753395433,0.3341147341676013,0.04692812917419011,7.119711355366799,0.618421052631579,1.0044608326216327,-0.023815083055705788,0.2165815830230713
QQQ,1h,14,1.0,0.25,20,50,0.24920719574351935,0.0007532868071609133,0.2609386059093117,0.04472351330840006,5.834483621846894,0.15789473684210525,0.16970592533776455,-0.0184423187708731,0.22092294692993164
QQQ,1h,14,1.0,0.5,8,21,0.6494722562113949,-0.01449701903365097,0.6537200687527758,0.04682540488729777,13.96079906465708,0.8289473684210527,1.1847878880991152,-0.03169897223081597,0.2048807144165039
QQQ,1h,14,1.0,0.5,9,21,0.6389031004485005,0.012466956265302365,0.6426758432939315,0.050038050956351686,12.843742532148967,0.8289473684210527,1.2209218470256025,-0.03169897223081597,0.20126914978027344
QQQ,1h,14,1.0,0.5,10,30,0.5503038842942879,-0.04794302825339325,0.5582755530007028,0.04555588655047504,12.254740172428525,0.5526315789473685,0.8876972953160966,-0.025128222636387476,0.19031238555908203
QQQ,1h,14,1.0,0.5,12,26,0.5517428984733282,-0.021072414376477222,0.5654465925341373,0.040925790872991266,13.816387673214166,0.618421052631579,1.051183044888932,-0.027253716634387137,0.19634437561035156
QQQ,1h,14,1.0,0.5,20,50,0.435778017466646,-0.12658502658613013,0.43694980647139114,0.03783695094164821,11.548229854600361,0.15789473684210525,0.1708840068691983,-0.0184423187708731,0.18661046028137207
QQQ,1h,14,1.0,0.75,8,21,0.871202796031255,-0.12220926780516417,0.8697799579769635,0.060078372726565236,14.477422048955853,0.8289473684210527,1.2877736053997124,-0.03862580361078405,0.22303986549377441
QQQ,1h,14,1.0,0.75,9,21,0.8562562390488936,-0.0946023917092792,0.8543190455043878,0.0620392591883203,13.770619712126162,0.8289473684210527,1.3143820022352162,-0.03862580361078405,0.19817137718200684
QQQ,1h,14,1.0,0.75,10,30,0.7378879993145916,-0.15833430434407314,0.7404276354390924,0.05234494318350073,14.145160743482805,0.5526315789473685,0.927234126142174,-0.02821272531808583,0.19198155403137207
QQQ,1h,14,1.0,0.75,12,26,0.7390366285309308,-0.13046499690330504,0.7501493229836429,0.046838900379134935,16.01551951287498,0.618421052631579,1.085661498389366,-0.03069235021306793,0.19394326210021973
QQQ,1h,14,1.0,0.75,20,50,0.5850678486239783,-0.23915265582345324,0.578198367185523,0.04567608376974707,12.65866771985572,0.15789473684210525,0.17134073215549234,-0.0184423187708731,0.18497753143310547
QQQ,1h,14,1.0,1.0,8,21,1.0481016354340145,-0.21943609300145717,1.0421123947038813,0.07219330635581428,14.435027945218248,0.8289473684210527,1.3684735244015227,-0.045527773097562285,0.21821856498718262
QQQ,1h,14,1.0,1.0,9,21,1.0297282353868973,-0.1916885870949787,1.0231839994227074,0.0729666545390816,14.022624524668055,0.8289473684210527,1.3878777395612587,-0.045527773097562285,0.21389389038085938
QQQ,1h,14,1.0,1.0,10,30,0.887665985382281,-0.25731821065523375,0.8857920575495626,0.0605654222456744,14.625375745858458,0.5526315789473685,0.9580032780352729,-0.03287381481979612,0.18132901191711426
QQQ,1h,14,1.0,1.0,12,26,0.8886379420143713,-0.22905484201513826,0.897532919507656,0.054385016986860865,16.50331229508479,0.618421052631579,1.1124410034059875,-0.03413098379174906,0.18987751007080078
QQQ,1h,14,1.0,1.0,20,50,0.7043899625420716,-0.3384582951873013,0.6910809675242264,0.0554078818366396,12.472611199283113,0.15789473684210525,0.17160240970926388,-0.0184423187708731,0.174515962600708
QQQ,1h,19,0.0,0.0,8,21,0.16294578573740975,0.15079825095200428,0.3415154899151709,0.32429989915378377,1.053085402759325,0.27631578947368424,0.3440970238850982,-0.03059505848249,0.196380615234375
QQQ,1h,19,0.0,0.0,9,21,0.3538621445513061,0.4002532007359718,0.3297147548593574,0.3978310215609256,0.8287809069430837,0.27631578947368424,0.40241447577633,-0.028595898223291116,0.19057655334472656
QQQ,1h,19,0.0,0.0,10,30,0.20914156292696134,0.209341648838145,0.289162161490351,0.37099308850640783,0.7794273544407461,0.15789473684210525,0.22013322341136662,-0.019616497482333628,0.18542933464050293
QQQ,1h,19,0.0,0.0,12,26,0.2212159786705246,0.2192937278974676,0.2678341903105326,0.38226463908351416,0.7006512319650323,0.19736842105263158,0.2530214475108145,-0.019616497482333628,0.19562458992004395
QQQ,1h,19,0.0,0.0,20,50,0.4007771432813181,0.4491734380498973,0.41607092330851836,0.39054073306630205,1.065371389155154,0.0,-0.12023155541295366,-0.0057721851362548815,0.19098854064941406
QQQ,1h,19,0.0,0.25,8,21,0.22548353958108194,0.00845821880834996,0.262884387028748,0.04819632736943149,5.454448531185851,0.5526315789473685,0.8160892315349414,-0.021402649210461977,0.1848456859588623
QQQ,1h,19,0.0,0.25,9,21,0.2326213369268111,0.29435325121422107,0.2643694211976776,0.057708567430676094,4.58111218087779,0.5526315789473685,0.8681524226247975,-0.02079578870623222,0.1971442699432373
QQQ,1h,19,0.0,0.25,10,30,0.22361537704830084,0.07257777641307528,0.24933275125422413,0.06122203920897287,4.072597947989966,0.27631578947368424,0.44818756298030915,-0.019616497482333628,0.18419170379638672
QQQ,1h,19,0.0,0.25,12,26,0.22241868773046233,0.08335543173434345,0.26276192473331395,0.0747558033568182,3.5149368067000837,0.35526315789473684,0.5359918616727464,-0.019616497482333628,0.1936788558959961
QQQ,1h,19,0.0,0.25,20,50,0.21717259176304457,0.34826938109893857,0.28632335276234017,0.10624091750854724,2.695038404005736,0.05263157894736842,-0.014834046289668282,-0.0057721851362548815,0.18722772598266602
QQQ,1h,19,0.0,0.5,8,21,0.39052055854908496,-0.11840630046165179,0.4089827011333143,0.04773501596659582,8.567771327855294,0.5526315789473685,0.843805511820812,-0.021402649210461977,0.19289112091064453
QQQ,1h,19,0.0,0.5,9,21,0.3681626651114585,0.19496375428062218,0.4078938304611254,0.0458463472865135,8.896975541192447,0.5526315789473685,0.8943940873168734,-0.02079578870623222,0.19759058952331543
QQQ,1h,19,0.0,0.5,10,30,0.3793224658916598,-0.05030912451732583,0.38168274726555845,0.06388649407272091,5.97438868426706,0.27631578947368424,0.4571194817995728,-0.019616497482333628,0.18881940841674805
QQQ,1h,19,0.0,0.5,12,26,0.37541645599324064,-0.03914523408983561,0.40140284708614227,0.06086649682991596,6.594807784121596,0.35526315789473684,0.5449442789488215,-0.019616497482333628,0.1923980712890625
QQQ,1h,19,0.0,0.5,20,50,0.327577458184825,0.2531142397703039,0.3804765448819401,0.08153246413648658,4.66656501691175,0.05263157894736842,-0.014856429182241527,-0.0057721851362548815,0.19363951683044434
QQQ,1h,19,0.0,0.75,8,21,0.5234744990324625,-0.23121146017424077,0.5304902510268641,0.05180712495774918,10.239716090392982,0.5526315789473685,0.8644430794890808,-0.02637247652272523,0.20988941192626953
QQQ,1h,19,0.0,0.75,9,21,0.48297957152931303,0.10181800412792752,0.5277535558859996,0.05019538830346657,10.51398492417982,0.5526315789473685,0.9145545235724484,-0.02659151251942693,0.20246648788452148
QQQ,1h,19,0.0,0.75,10,30,0.5062353685469773,-0.16053238008760662,0.49200347924824894,0.07075633425570035,6.953490234107367,0.27631578947368424,0.4643565265400538,-0.02458471996830136,0.21138644218444824
QQQ,1h,19,0.0,0.75,12,26,0.5004083787453091,-0.14933387393535147,0.5161789380458781,0.059324348721500976,8.700962575570575,0.35526315789473684,0.5522213011932521,-0.02458471996830136,0.20145583152770996
QQQ,1h,19,0.0,0.75,20,50,0.424839856045629,0.1634840213013249,0.4657217320089845,0.07265735686717448,6.409835866454299,0.05263157894736842,-0.014872419166360114,-0.0057721851362548815,0.1851494312286377
QQQ,1h,19,0.0,1.0,8,21,0.6299793386387977,-0.3312753025703916,0.6284677856639047,0.05603685828621985,11.215257330342745,0.5526315789473685,0.8806318964964377,-0.03289092602319743,0.21584391593933105
QQQ,1h,19,0.0,1.0,9,21,0.5761042279707091,0.014648217071166147,0.6245041834799884,0.05740015013717947,10.879835366066088,0.5526315789473685,0.930509970403511,-0.03314124393440987,0.21132612228393555
QQQ,1h,19,0.0,1.0,10,30,0.6082136220514333,-0.2592221814820207,0.5809966877008244,0.07705442454680357,7.540082105835747,0.27631578947368424,0.47016605895574076,-0.033229707805139896,0.18038344383239746
QQQ,1h,19,0.0,1.0,12,26,0.6008984430439045,-0.2482649504315435,0.6085893143306333,0.0609946301233514,9.977752354590292,0.35526315789473684,0.5580689111370606,-0.033229707805139896,0.1954941749572754
QQQ,1h,19,0.0,1.0,20,50,0.5045165938487728,0.07915457805210147,0.535717788443218,0.0688433843067672,7.781688739415412,0.05263157894736842,-0.014884412858222331,-0.0057721851362548815,0.18561172485351562
QQQ,1h,19,0.1,0.0,8,21,0.24226720645165786,0.24069238785602876,0.3097787520231207,0.40344452658877067,0.7678348114978318,0.2631578947368421,0.30121624433882155,-0.03059505848249,0.18785691261291504
QQQ,1h,19,0.1,0.0,9,21,0.27386249518441574,0.2976293466447828,0.31340804099021935,0.43906533229479916,0.7138073036925392,0.2631578947368421,0.3595336962300533,-0.02079578870623222,0.19483375549316406
QQQ,1h,19,0.1,0.0,10,30,0.14828291652796655,0.13503534424738395,0.248874683553285,0.3907782367554983,0.6368693549047375,0.15789473684210525,0.22013322341136662,-0.019616497482333628,0.17429041862487793
QQQ,1h,19,0.1,0.0,12,26,0.2766866626841639,0.2787573036485802,0.27130259376448185,0.40260378836513866,0.6738699475883368,0.19736842105263158,0.2530214475108145,-0.019616497482333628,0.1850583553314209
QQQ,1h,19,0.1,0.0,20,50,0.3846028772396346,0.42495803843054736,0.39265925752130565,0.40550373475126694,0.9683246388893557,0.0,-0.12023155541295366,-0.0057721851362548815,0.17755389213562012
QQQ,1h,19,0.1,0.25,8,21,0.24750683802268406,0.1098294130759272,0.25389438931995395,0.05076726609059252,5.001143628000132,0.5921052631578947,0.8879007002743243,-0.021402649210461977,0.19841313362121582
QQQ,1h,19,0.1,0.25,9,21,0.23615760429838523,0.17078396932849826,0.2567196297800024,0.06682488143078455,3.84167729569271,0.5789473684210527,0.9138072109095023,-0.02083658094209595,0.21871042251586914
QQQ,1h,19,0.1,0.25,10,30,0.22532130128280053,-0.010040349403248938,0.2519490250579401,0.06353123708698785,3.9657503396788574,0.2894736842105263,0.4746797785054458,-0.019616497482333628,0.20017766952514648
QQQ,1h,19,0.1,0.25,12,26,0.23635369414628396,0.1498411857067654,0.2731646943589487,0.07812399803537842,3.4965529316004305,0.35526315789473684,0.5363832487166121,-0.019616497482333628,0.19959807395935059
QQQ,1h,19,0.1,0.25,20,50,0.21939588921397624,0.3190013837435304,0.2840267981470711,0.10501217251143645,2.7047035724943114,0.05263157894736842,-0.014834046289668282,-0.0057721851362548815,0.19470787048339844
QQQ,1h,19,0.1,0.5,8,21,0.4198245862874077,-0.008864380749408318,0.409783598951398,0.04058096116601323,10.097927382128985,0.5921052631578947,0.9177402844432336,-0.027171047159741613,0.21502351760864258
QQQ,1h,19,0.1,0.5,9,21,0.39073761953992225,0.05488787936654571,0.40905099102859654,0.04551703750294116,8.986766570697073,0.5789473684210527,0.9421456217863335,-0.027171047159741613,0.1950995922088623
QQQ,1h,19,0.1,0.5,10,30,0.3933804918661782,-0.1383504233869024,0.3941183030866755,0.06175792897756545,6.381663206838514,0.2894736842105263,0.48365282252593356,-0.019616497482333628,0.19975900650024414
QQQ,1h,19,0.1,0.5,12,26,0.39399482523977913,0.03209066772236402,0.4161845560046464,0.06598432284255086,6.307324801949234,0.35526315789473684,0.54534102753238,-0.019616497482333628,0.19963526725769043
QQQ,1h,19,0.1,0.5,20,50,0.3370164812939484,0.21968403142803994,0.38364624489103766,0.08024989368067122,4.780644899264729,0.05263157894736842,-0.014856429182241527,-0.0057721851362548815,0.19748759269714355
QQQ,1h,19,0.1,0.75,8,21,0.5597763207123154,-0.11634073381198673,0.5382268187548694,0.045305986892590744,11.879816679214422,0.5921052631578947,0.9405279855853967,-0.03350551337738694,0.20656466484069824
QQQ,1h,19,0.1,0.75,9,21,0.5182019097160632,-0.05084837878037085,0.5353433588797698,0.04744199444677762,11.284166383020427,0.5789473684210527,0.9644372312509352,-0.03350551337738694,0.20646238327026367
QQQ,1h,19,0.1,0.75,10,30,0.5284094312541424,-0.25159509161250493,0.5111476986760476,0.06692384714014969,7.6377512728104096,0.2894736842105263,0.4909071273135257,-0.019616497482333628,0.19591760635375977
QQQ,1h,19,0.1,0.75,12,26,0.5234542742507383,-0.07526467536335146,0.5341324439883455,0.06626894764413785,8.06007131509949,0.35526315789473684,0.5526097488471278,-0.019616497482333628,0.20596790313720703
QQQ,1h,19,0.1,0.75,20,50,0.4391304625599141,0.12669579091182803,0.4724060455103767,0.07286549619694867,6.483261216440591,0.05263157894736842,-0.014872419166360114,-0.0057721851362548815,0.20891547203063965
QQQ,1h,19,0.1,1.0,8,21,0.6720799174787047,-0.2134957651167526,0.6416066338222148,0.05191892591310655,12.357856456738562,0.5921052631578947,0.9585361986531097,-0.03983997959503327,0.21248841285705566
QQQ,1h,19,0.1,1.0,9,21,0.6208871894217839,-0.1471734949426471,0.6371429625480796,0.05474820630934722,11.637695652492992,0.5789473684210527,0.9821978591957039,-0.03983997959503327,0.21477150917053223
QQQ,1h,19,0.1,1.0,10,30,0.6364983340916738,-0.35133231812829424,0.6052515166158028,0.07234798443108013,8.365837989479516,0.2894736842105263,0.49672075334678195,-0.019616497482333628,0.19566130638122559
QQQ,1h,19,0.1,1.0,12,26,0.627646263952287,-0.17296276481329842,0.6289616910140869,0.06964181074272441,9.031380492641707,0.35526315789473684,0.5584422732066359,-0.019616497482333628,0.1933906078338623
QQQ,1h,19,0.1,1.0,20,50,0.5224830185976127,0.03973157668723615,0.5450297532810857,0.07091340636734637,7.685849280144813,0.05263157894736842,-0.014884412858222331,-0.0057721851362548815,0.17711973190307617
QQQ,1h,19,0.25,0.0,8,21,0.13086106447633833,0.11224937380361832,0.2751118074622777,0.39524342344302754,0.6960566353406605,0.2631578947368421,0.30121624433882155,-0.03059505848249,0.19288349151611328
QQQ,1h,19,0.25,0.0,9,21,0.02262882842622119,-0.003651511546679531,0.26904475446140164,0.4192830108573616,0.6416781684315123,0.2631578947368421,0.3595336962300533,-0.02079578870623222,0.19511818885803223
QQQ,1h,19,0.25,0.0,10,30,0.15488761946719043,0.14064850156036113,0.3023926958580318,0.4565653280398236,0.6623207617545058,0.15789473684210525,0.22013322341136662,-0.019616497482333628,0.1777651309967041
QQQ,1h,19,0.25,0.0,12,26,0.1826474658197164,0.16488241342094745,0.25246303104992396,0.4068698710862767,0.620500678450062,0.19736842105263158,0.2530214475108145,-0.019616497482333628,0.20165562629699707
QQQ,1h,19,0.25,0.0,20,50,0.45956620496543293,0.5326111113036884,0.3728677095073435,0.4442085718440682,0.8393978260244656,0.0,-0.12023155541295366,-0.0057721851362548815,0.1929152011871338
QQQ,1h,19,0.25,0.25,8,21,0.25067959333903145,-0.03150021527813285,0.2755205267770879,0.05000704163139885,5.509634599221956,0.5921052631578947,0.8879007002743243,-0.021402649210461977,0.21187353134155273
QQQ,1h,19,0.25,0.25,9,21,0.23552796458588526,-0.16007855695442963,0.26551564204674527,0.04659606015056464,5.698242323252041,0.5789473684210527,0.9138072109095023,-0.02083658094209595,0.2184128761291504
QQQ,1h,19,0.25,0.25,10,30,0.23615470542801106,-0.003813028426748799,0.2625344884466274,0.07851356020286784,3.3438107731744138,0.2894736842105263,0.4746797785054458,-0.019616497482333628,0.217637300491333
QQQ,1h,19,0.25,0.25,12,26,0.2334546838550105,0.022434121036490673,0.2553520752306878,0.07234362567409698,3.5297107775746714,0.35526315789473684,0.5363832487166121,-0.019616497482333628,0.2009286880493164
QQQ,1h,19,0.25,0.25,20,50,0.2335477319636012,0.4451056700504723,0.2816239678256073,0.09996592069279142,2.817199760417105,0.05263157894736842,-0.014834046289668282,-0.0057721851362548815,0.2001035213470459
QQQ,1h,19,0.25,0.5,8,21,0.4421544033017353,-0.1581057214340148,0.44752983541445257,0.04175744683350596,10.717365867669786,0.5921052631578947,0.9177402844432336,-0.027171047159741613,0.21531343460083008
QQQ,1h,19,0.25,0.5,9,21,0.429926742171072,-0.29343296036003685,0.43797169416745063,0.03934985239608224,11.130199162095359,0.5789473684210527,0.9421456217863335,-0.027171047159741613,0.20055103302001953
QQQ,1h,19,0.25,0.5,10,30,0.41258585426048744,-0.13173268071139976,0.4090202519198517,0.0632764557694608,6.464019625404774,0.2894736842105263,0.48365282252593356,-0.019616497482333628,0.18541407585144043
QQQ,1h,19,0.25,0.5,12,26,0.4046930851638331,-0.1045036489236626,0.40927328343683805,0.056687995430578356,7.219752265504698,0.35526315789473684,0.54534102753238,-0.019616497482333628,0.20401740074157715
QQQ,1h,19,0.25,0.5,20,50,0.34971163016288753,0.36139752669284353,0.3884414815180684,0.078740604923488,4.933178782351441,0.05263157894736842,-0.014856429182241527,-0.0057721851362548815,0.2138824462890625
QQQ,1h,19,0.25,0.75,8,21,0.5947501764406329,-0.26942468837231015,0.5872732240917544,0.044472387283941185,13.20534515815877,0.5921052631578947,0.9405279855853967,-0.03350551337738694,0.22658324241638184
QQQ,1h,19,0.25,0.75,9,21,0.5827867814964952,-0.40685936632477937,0.5783348889244869,0.046578647715563665,12.416309130658673,0.5789473684210527,0.9644372312509352,-0.03350551337738694,0.20978474617004395
QQQ,1h,19,0.25,0.75,10,30,0.5541075675480248,-0.24477295744008032,0.5297815182453754,0.062021458395534745,8.541906816617477,0.2894736842105263,0.4909071273135257,-0.019616497482333628,0.2215900421142578
QQQ,1h,19,0.25,0.75,12,26,0.5426414112024917,-0.21737419036152106,0.5349874499072237,0.0546125196915847,9.796058722953603,0.35526315789473684,0.5526097488471278,-0.019616497482333628,0.21076059341430664
QQQ,1h,19,0.25,0.75,20,50,0.4524260888724545,0.28142003590696474,0.4819788561549901,0.07480074083598943,6.443503777747239,0.05263157894736842,-0.014872419166360114,-0.0057721851362548815,0.1814868450164795
QQQ,1h,19,0.25,1.0,8,21,0.7166015322143156,-0.36713659973505364,0.6992814988000563,0.04908457157335945,14.24646230750825,0.5921052631578947,0.9585361986531097,-0.03983997959503327,0.1974797248840332
QQQ,1h,19,0.25,1.0,9,21,0.7044393776650265,-0.5031185438495775,0.6909438187021412,0.055093007723393886,12.541406745683062,0.5789473684210527,0.9821978591957039,-0.03983997959503327,0.19987273216247559
QQQ,1h,19,0.25,1.0,10,30,0.6673220893513011,-0.344458384074637,0.6269010933218072,0.06425052092119458,9.757136352104014,0.2894736842105263,0.49672075334678195,-0.019616497482333628,0.1963062286376953
QQQ,1h,19,0.25,1.0,12,26,0.653126496301332,-0.3175168737405164,0.635908720611232,0.0562749634827135,11.30002902279217,0.35526315789473684,0.5584422732066359,-0.019616497482333628,0.2081284523010254
QQQ,1h,19,0.25,1.0,20,50,0.5365972568286248,0.20509803874706778,0.5582002819969935,0.07558343948967876,7.38521937829011,0.05263157894736842,-0.014884412858222331,-0.0057721851362548815,0.18578553199768066
QQQ,1h,19,0.4,0.0,8,21,0.22999825901967103,0.23101892561028103,0.26709305872141664,0.45792393422470906,0.5832694881380686,0.2631578947368421,0.30121624433882155,-0.03059505848249,0.1995830535888672
QQQ,1h,19,0.4,0.0,9,21,0.05614690941267222,0.032123038791401104,0.2438485119228336,0.48242206398692744,0.5054671627320955,0.2631578947368421,0.3595336962300533,-0.02079578870623222,0.20644378662109375
QQQ,1h,19,0.4,0.0,10,30,0.2082252396668568,0.20592857937618003,0.27372622883762926,0.49547471273178423,0.5524524699322158,0.15789473684210525,0.22013322341136662,-0.019616497482333628,0.19934964179992676
QQQ,1h,19,0.4,0.0,12,26,0.23612195957210172,0.22398312110616558,0.2311087501175924,0.4129670766074645,0.5596299637640776,0.19736842105263158,0.2530214475108145,-0.019616497482333628,0.21315670013427734
QQQ,1h,19,0.4,0.0,20,50,0.473372550298237,0.545412837541071,0.34023294875551047,0.4530057918568557,0.7510565093680301,0.0,-0.12023155541295366,-0.0057721851362548815,0.19307160377502441
QQQ,1h,19,0.4,0.25,8,21,0.28005794934182365,0.099508070470826,0.30524334285653354,0.06442345353983975,4.738077921696168,0.5921052631578947,0.8879007002743243,-0.021402649210461977,0.2129988670349121
QQQ,1h,19,0.4,0.25,9,21,0.2662008382814671,-0.11979627325586995,0.27736139665121884,0.05101170841995698,5.437210500142915,0.5789473684210527,0.9138072109095023,-0.02083658094209595,0.20145559310913086
QQQ,1h,19,0.4,0.25,10,30,0.25295301895221606,0.06807968379540563,0.2737428999119051,0.08593926939147158,3.1853063430752266,0.2894736842105263,0.4746797785054458,-0.019616497482333628,0.19717192649841309
QQQ,1h,19,0.4,0.25,12,26,0.2492429004768503,0.08761460727433068,0.2789717383200167,0.07462003344847704,3.7385635656762144,0.35526315789473684,0.5363832487166121,-0.019616497482333628,0.19588255882263184
QQQ,1h,19,0.4,0.25,20,50,0.23960190959789396,0.45967325662190994,0.27767311287240404,0.0896270919331011,3.0980935215399277,0.05263157894736842,-0.014834046289668282,-0.0057721851362548815,0.1960749626159668
QQQ,1h,19,0.4,0.5,8,21,0.4821663838288033,-0.019583017875219766,0.4940575008157926,0.05693480951722333,8.677599960465933,0.5921052631578947,0.9177402844432336,-0.027171047159741613,0.21253013610839844
QQQ,1h,19,0.4,0.5,9,21,0.47887921459683763,-0.2509948992738229,0.4636587005440734,0.037096389603258575,12.498755418056781,0.5789473684210527,0.9421456217863335,-0.027171047159741613,0.1925346851348877
QQQ,1h,19,0.4,0.5,10,30,0.4349890482032419,-0.055836889142235835,0.42986285759660275,0.06608582890534422,6.504614752011391,0.2894736842105263,0.48365282252593356,-0.019616497482333628,0.19445061683654785
QQQ,1h,19,0.4,0.5,12,26,0.4265852305383258,-0.03560818310692182,0.44158274118085117,0.06175764787316995,7.150251934589834,0.35526315789473684,0.54534102753238,-0.019616497482333628,0.19016742706298828
QQQ,1h,19,0.4,0.5,20,50,0.36127349184258467,0.37727521885422255,0.39392493304541687,0.07314472588468322,5.385554847337342,0.05263157894736842,-0.014856429182241527,-0.0057721851362548815,0.1871650218963623
QQQ,1h,19,0.4,0.75,8,21,0.6447068237528903,-0.12724051568524797,0.6460286595939274,0.06014307161890437,10.741530856413153,0.5921052631578947,0.9405279855853967,-0.03350551337738694,0.19954419136047363
QQQ,1h,19,0.4,0.75,9,21,0.6466002505752894,-0.36402250707640005,0.6142948460196305,0.04048521175258948,15.173314388811107,0.5789473684210527,0.9644372312509352,-0.03350551337738694,0.2024240493774414
QQQ,1h,19,0.4,0.75,10,30,0.5818374774560131,-0.1669949972762934,0.5573698024722828,0.06279282520518967,8.876329431761539,0.2894736842105263,0.4909071273135257,-0.019616497482333628,0.19228267669677734
QQQ,1h,19,0.4,0.75,12,26,0.5701443677109846,-0.14669578349877643,0.5732307949540358,0.060527109439425984,9.470645472136924,0.35526315789473684,0.5526097488471278,-0.019616497482333628,0.20806527137756348
QQQ,1h,19,0.4,0.75,20,50,0.4681138944248754,0.29820462552927407,0.49358964736386285,0.0722353838748879,6.833072946892107,0.05263157894736842,-0.014872419166360114,-0.0057721851362548815,0.19853639602661133
QQQ,1h,19,0.4,1.0,8,21,0.774765399390215,-0.2243928887345128,0.7674667072325113,0.06517111879671829,11.776178181417952,0.5921052631578947,0.9585361986531097,-0.03983997959503327,0.21407055854797363
QQQ,1h,19,0.4,1.0,9,21,0.7801506039402344,-0.4611617917805678,0.7349361645904967,0.046852575121067,15.686142387935403,0.5789473684210527,0.9821978591957039,-0.03983997959503327,0.20102715492248535
QQQ,1h,19,0.4,1.0,10,30,0.6994575245401335,-0.2664993106158564,0.6596393120492905,0.0640999258631194,10.290796801511144,0.2894736842105263,0.49672075334678195,-0.019616497482333628,0.2077343463897705
QQQ,1h,19,0.4,1.0,12,26,0.6852396470314724,-0.24661328087373335,0.6785815965929918,0.062302845945022785,10.891662913629741,0.35526315789473684,0.5584422732066359,-0.019616497482333628,0.19972896575927734
QQQ,1h,19,0.4,1.0,20,50,0.5555018230929539,0.22243536156897514,0.5744130303202517,0.07503798874119165,7.6549630388071845,0.05263157894736842,-0.014884412858222331,-0.0057721851362548815,0.21160531044006348
QQQ,1h,19,0.55,0.0,8,21,0.16434424944689643,0.14694808567746698,0.20712010314613183,0.4575482188864174,0.45267382670666173,0.2894736842105263,0.2561287119475758,-0.03059505848249,0.19313311576843262
QQQ,1h,19,0.55,0.0,9,21,0.14391519520990867,0.13263454475144387,0.24328992738611627,0.42556892165073396,0.5716816125633,0.27631578947368424,0.26596418002002276,-0.030861384068263553,0.19306325912475586
QQQ,1h,19,0.55,0.0,10,30,0.2271628147029119,0.23226856274982022,0.3251969066098761,0.50047506022915,0.6497764473238283,0.14473684210526316,0.15321487922225996,-0.019616497482333628,0.17791461944580078
QQQ,1h,19,0.55,0.0,12,26,0.1568515119662245,0.14660632133902962,0.27751385901528736,0.42884892773916894,0.6471133330758253,0.18421052631578946,0.19433946866365706,-0.019616497482333628,0.1771097183227539
QQQ,1h,19,0.55,0.0,20,50,0.44388671392084705,0.4887920164984081,0.339552466260702,0.45058427726406947,0.753582589082894,0.0,-0.12023155541295366,-0.0057721851362548815,0.1938610076904297
QQQ,1h,19,0.55,0.25,8,21,0.29302969278412017,0.006260326178658238,0.3225790830112879,0.05998748559317765,5.377439641310365,0.7631578947368421,1.258493099825312,-0.0184423187708731,0.19214701652526855
QQQ,1h,19,0.55,0.25,9,21,0.2862539176932981,-0.010819521647986274,0.3042057695173442,0.04818154862690958,6.313739972804529,0.7631578947368421,1.3212897916316788,-0.0184423187708731,0.19509458541870117
QQQ,1h,19,0.55,0.25,10,30,0.26205530974981256,0.09640996071534502,0.2858615235874698,0.079787239017712,3.582797538889788,0.4342105263157895,0.7854424744221875,-0.019616497482333628,0.18406438827514648
QQQ,1h,19,0.55,0.25,12,26,0.2533261961237472,0.0007088455511325975,0.29359465423109754,0.06620633539158115,4.434540176474279,0.4868421052631579,0.8435662647105385,-0.019616497482333628,0.1913444995880127
QQQ,1h,19,0.55,0.25,20,50,0.24075418579043883,0.39307210721692276,0.2663993428533863,0.0845945154739318,3.14913255736394,0.06578947368421052,0.011428473975985079,-0.0057721851362548815,0.17949891090393066
QQQ,1h,19,0.55,0.5,8,21,0.5153323083608523,-0.11871040993693494,0.5315907921807701,0.05325002471326873,9.98292104169314,0.7631578947368421,1.2973245518498586,-0.0184423187708731,0.20285463333129883
QQQ,1h,19,0.55,0.5,9,21,0.5038589574630441,-0.13778415603586358,0.5060015345303157,0.0418391237383161,12.09398021084561,0.7631578947368421,1.3570630985122794,-0.0184423187708731,0.19349050521850586
QQQ,1h,19,0.55,0.5,10,30,0.44914062568503044,-0.02620050278091779,0.45081713650298283,0.06252863125059545,7.209771387706328,0.4342105263157895,0.7915371116228158,-0.019616497482333628,0.1943662166595459
QQQ,1h,19,0.55,0.5,12,26,0.44356115065952223,-0.12865933121427764,0.46446766861978145,0.056495348142345414,8.221343595396755,0.4868421052631579,0.853179436847604,-0.019616497482333628,0.19220471382141113
QQQ,1h,19,0.55,0.5,20,50,0.37298139907700645,0.3021415289144245,0.3939231673813147,0.06271187653850914,6.281476318754717,0.06578947368421052,0.011414973294739436,-0.0057721851362548815,0.17823433876037598
QQQ,1h,19,0.55,0.75,8,21,0.6922351746468803,-0.2295207149446874,0.698100493935985,0.0562738408444355,12.40541756987634,0.7631578947368421,1.3270231367582854,-0.02431350894234796,0.20800447463989258
QQQ,1h,19,0.55,0.75,9,21,0.6769486121827446,-0.24989946094105076,0.668300615530548,0.04692558276707147,14.2417115808204,0.7631578947368421,1.3843792221152238,-0.024344635648527624,0.19147682189941406
QQQ,1h,19,0.55,0.75,10,30,0.6002553348935142,-0.13663687913677047,0.5862780441787561,0.06262215625514701,9.362150383165208,0.4342105263157895,0.7964112197659197,-0.019616497482333628,0.1968393325805664
QQQ,1h,19,0.55,0.75,12,26,0.5958005114810424,-0.24309355851371217,0.603270895804812,0.05879674440239458,10.260277196236105,0.4868421052631579,0.8604053239538102,-0.019616497482333628,0.19488930702209473
QQQ,1h,19,0.55,0.75,20,50,0.4867194513367488,0.21588063007564284,0.5015521647628356,0.05679937768035897,8.830240492868475,0.06578947368421052,0.011405326768661602,-0.0057721851362548815,0.1763134002685547
QQQ,1h,19,0.55,1.0,8,21,0.8334027894828124,-0.32759776896962867,0.8307946095990685,0.06101289581286229,13.616705100299903,0.7631578947368421,1.3504533659497928,-0.034221932630428165,0.21032094955444336
QQQ,1h,19,0.55,1.0,9,21,0.8150644812453713,-0.3486820442991002,0.7980434274920547,0.05344609603020515,14.93174407053116,0.7631578947368421,1.40591697222108,-0.03426343490533412,0.18851041793823242
QQQ,1h,19,0.55,1.0,10,30,0.7213179182359488,-0.23591348939304768,0.6950968712813237,0.06696730066950757,10.379645951562512,0.4342105263157895,0.8003027269912814,-0.019616497482333628,0.1903989315032959
QQQ,1h,19,0.55,1.0,12,26,0.7174938996714882,-0.34407222745738475,0.7144399969769886,0.06355112883935761,11.241971779650457,0.4868421052631579,0.8660349073391194,-0.019616497482333628,0.17954182624816895
QQQ,1h,19,0.55,1.0,20,50,0.5792857742199737,0.13416064689334695,0.588571771814851,0.0560833461818462,10.494590852451092,0.06578947368421052,0.011398090134165303,-0.0057721851362548815,0.18126296997070312
QQQ,1h,19,0.7,0.0,8,21,0.28568436403329023,0.29095990173571273,0.18669663230976002,0.3552644526543005,0.5255145312594225,0.2894736842105263,0.24371188861720514,-0.0184423187708731,0.19834351539611816
QQQ,1h,19,0.7,0.0,9,21,0.24020907844096337,0.25418761024845216,0.2699690524834312,0.3813586710314309,0.7079137646281048,0.27631578947368424,0.2572217449403627,-0.0184423187708731,0.2048788070678711
QQQ,1h,19,0.7,0.0,10,30,0.15667613765230737,0.13871684893751524,0.2901652376899969,0.48913481279641036,0.5932213984752106,0.14473684210526316,0.15321487922225996,-0.019616497482333628,0.19910216331481934
QQQ,1h,19,0.7,0.0,12,26,0.29274660638205974,0.2947735983487596,0.22628102327889751,0.4668559652262851,0.48469129695969315,0.18421052631578946,0.19433946866365706,-0.019616497482333628,0.17796897888183594
QQQ,1h,19,0.7,0.0,20,50,0.3657558776405224,0.36368627020993705,0.26598334628456666,0.40239161867646916,0.6610061789045923,0.0,-0.12023155541295366,-0.0057721851362548815,0.17514348030090332
QQQ,1h,19,0.7,0.25,8,21,0.32388689270429155,0.1676374046905884,0.33385424151211923,0.05519656058463947,6.048460954377415,0.7763157894736842,1.2242904617898684,-0.0184423187708731,0.19243168830871582
QQQ,1h,19,0.7,0.25,9,21,0.3142035247073638,0.12415970925490538,0.33077690059510967,0.043556349135120166,7.5942292493105,0.7631578947368421,1.2566273584892975,-0.0184423187708731,0.2012171745300293
QQQ,1h,19,0.7,0.25,10,30,0.27490622878324944,-0.004762906561563529,0.28546284404286965,0.0662394698231924,4.309558104930977,0.4342105263157895,0.7706876649899659,-0.019616497482333628,0.18035531044006348
QQQ,1h,19,0.7,0.25,12,26,0.2873688057804874,0.16894903595343336,0.29100733679897905,0.06034556860442818,4.822348078391042,0.4868421052631579,0.8363672600378736,-0.019616497482333628,0.18262481689453125
QQQ,1h,19,0.7,0.25,20,50,0.24494087601796902,0.24744795897294103,0.27101869470327317,0.07886310990585849,3.436571231172562,0.06578947368421052,0.011428473975985079,-0.0057721851362548815,0.17473125457763672
QQQ,1h,19,0.7,0.5,8,21,0.5579500818257557,0.054654223339442254,0.5590050000646369,0.05288662359962699,10.56987498949696,0.7763157894736842,1.2798969680657728,-0.0184423187708731,0.20003342628479004
QQQ,1h,19,0.7,0.5,9,21,0.5428901513841199,0.005865858784200428,0.5489826786891497,0.0478042562764907,11.483970705745083,0.7631578947368421,1.3096614379110343,-0.0184423187708731,0.20008563995361328
QQQ,1h,19,0.7,0.5,10,30,0.48402801281378777,-0.13182437028025917,0.4656976311108968,0.05471941568387203,8.510647003274858,0.4342105263157895,0.7832264363009506,-0.019616497482333628,0.1994922161102295
QQQ,1h,19,0.7,0.5,12,26,0.48937774703808584,0.05349561297798977,0.4812816936792778,0.042940321121432846,11.208153109014715,0.4868421052631579,0.8491062871721113,-0.019616497482333628,0.19434571266174316
QQQ,1h,19,0.7,0.5,20,50,0.3995238724039183,0.1395930039984652,0.4142146669887463,0.06187245439357708,6.694653881901694,0.06578947368421052,0.011414973294739436,-0.0057721851362548815,0.1744687557220459
QQQ,1h,19,0.7,0.75,8,21,0.7457328295716151,-0.0487039218620835,0.7379952506927012,0.05689999825437924,12.970039953136594,0.7763157894736842,1.3229500011337636,-0.02431350894234796,0.1914067268371582
QQQ,1h,19,0.7,0.75,9,21,0.7261130163709513,-0.10151758804997024,0.7242476106175917,0.05814689486378886,12.455482142497328,0.7631578947368421,1.3505011375050038,-0.024344635648527624,0.19299626350402832
QQQ,1h,19,0.7,0.75,10,30,0.6506465961526089,-0.24411885930064647,0.6118009237066574,0.05989558922940895,10.214457050641402,0.4342105263157895,0.7926896367596136,-0.019616497482333628,0.1794569492340088
QQQ,1h,19,0.7,0.75,12,26,0.6526694779559867,-0.05223223323760229,0.6338026050180418,0.04401660533064307,14.399170500702084,0.4868421052631579,0.8585937922748312,-0.019616497482333628,0.18765568733215332
QQQ,1h,19,0.7,0.75,20,50,0.5279442286476275,0.03967597108809584,0.5318535736966219,0.05766598611552947,9.223003186507437,0.06578947368421052,0.011405326768661602,-0.0057721851362548815,0.18972277641296387
QQQ,1h,19,0.7,1.0,8,21,0.8958709621830898,-0.1431178103001699,0.8806006464263995,0.061718758976394984,14.267957765696403,0.7763157894736842,1.3568514065811266,-0.034221932630428165,0.2135782241821289
QQQ,1h,19,0.7,1.0,9,21,0.8725574609019079,-0.19879008092372996,0.8642823078381591,0.06776879905663996,12.753395660970872,0.7631578947368421,1.3825945851216277,-0.03426343490533412,0.2017204761505127
QQQ,1h,19,0.7,1.0,10,30,0.7836522245814467,-0.34316239372824153,0.7288175890621297,0.06787570682853715,10.737532220522102,0.4342105263157895,0.8000356898483837,-0.019616497482333628,0.19304299354553223
QQQ,1h,19,0.7,1.0,12,26,0.7834813804410949,-0.14886411403379596,0.7556082119003764,0.05004506333881194,15.098556410745356,0.4868421052631579,0.8659342887099855,-0.019616497482333628,0.18508434295654297
QQQ,1h,19,0.7,1.0,20,50,0.6315670997596214,-0.05274215717460262,0.6263112975194314,0.05772088881917883,10.850686992736119,0.06578947368421052,0.011398090134165303,-0.0057721851362548815,0.18465638160705566
QQQ,1h,19,0.85,0.0,8,21,0.28184443201319276,0.29109208357254435,0.14780501880483532,0.3621442037197874,0.40813857376880974,0.3157894736842105,-0.08653138962906586,-0.03992895137758534,0.20614290237426758
QQQ,1h,19,0.85,0.0,9,21,0.2862799194879387,0.3015005855137707,0.19648353876179067,0.3192946685957536,0.6153674272919061,0.3684210526315789,0.1163107260403219,-0.04336364920888858,0.18645215034484863
QQQ,1h,19,0.85,0.0,10,30,0.2329461592328026,0.2285732699401979,0.31179519046432974,0.40576514567852695,0.7684129447415717,0.2236842105263158,0.05914709222608679,-0.04256006924467948,0.18514657020568848
QQQ,1h,19,0.85,0.0,12,26,0.21484022008053388,0.2079918654630597,0.29486113991648544,0.5052510764677312,0.5835932938092757,0.2631578947368421,0.11824711138749643,-0.03977727267051845,0.20135855674743652
QQQ,1h,19,0.85,0.0,20,50,0.19599794830338407,0.1699015533174617,0.16143683735292935,0.34709304488016196,0.4651111272156645,0.039473684210526314,-0.11360594556969704,-0.027254584217823896,0.19487428665161133
QQQ,1h,19,0.85,0.25,8,21,0.351812385806809,0.16616258059977151,0.35507284094522734,0.04871738307901878,7.288421883607851,0.8157894736842105,1.096323209964666,-0.018244351800140723,0.20307159423828125
QQQ,1h,19,0.85,0.25,9,21,0.34051191441766915,0.1772689296275589,0.3499270807689868,0.049511813064882226,7.067547300488242,0.8289473684210527,1.1474393312669324,-0.018656308136912658,0.2125098705291748
QQQ,1h,19,0.85,0.25,10,30,0.3033168599419675,0.09470170941083378,0.30374294473744007,0.054539635634840614,5.569214777507703,0.5526315789473685,0.843915023882014,-0.019697593438161576,0.22414278984069824
QQQ,1h,19,0.85,0.25,12,26,0.3060898886814371,0.07168970419726683,0.31451871186232416,0.055554288356569385,5.661465949192234,0.6052631578947368,0.9762516383917473,-0.019697593438161576,0.2005913257598877
QQQ,1h,19,0.85,0.25,20,50,0.24190717234712789,0.02905889922194227,0.25472754895572647,0.05666228320023824,4.495539794179269,0.15789473684210525,0.16970592533776455,-0.0184423187708731,0.20000720024108887
QQQ,1h,19,0.85,0.5,8,21,0.6098809216260189,0.05138522091835762,0.6100668383427277,0.05711322328659214,10.681709125073082,0.8157894736842105,1.2021570938169877,-0.023631946323940167,0.21535205841064453
QQQ,1h,19,0.85,0.5,9,21,0.5881425610006888,0.06300631062531048,0.5962169428011903,0.05905054164981261,10.096722674229396,0.8289473684210527,1.2470747585316613,-0.023387963949331625,0.2396101951599121
QQQ,1h,19,0.85,0.5,10,30,0.5265503378030412,-0.026255670485108573,0.5045141174909508,0.05511118533856208,9.154477705235184,0.5526315789473685,0.888553943456942,-0.020845452127082553,0.20471739768981934
QQQ,1h,19,0.85,0.5,12,26,0.5331696230829455,-0.05091573143797534,0.5217000396312136,0.04584511864931814,11.379620230058515,0.6052631578947368,1.0176499659164948,-0.020845452127082553,0.216477632522583
QQQ,1h,19,0.85,0.5,20,50,0.4194201456078468,-0.09636242249901061,0.42212710207045107,0.04532990349362354,9.312331806085375,0.15789473684210525,0.1708840068691983,-0.0184423187708731,0.1795508861541748
QQQ,1h,19,0.85,0.75,8,21,0.8161408623392129,-0.05380977596453029,0.8120183340819235,0.07036822924754478,11.539559013562299,0.8157894736842105,1.2819635653368764,-0.029019540847739944,0.21332454681396484
QQQ,1h,19,0.85,0.75,9,21,0.7864802507432164,-0.041841206336351466,0.7919583945250543,0.07211601458459586,10.981727139067642,0.8289473684210527,1.3229944927400885,-0.028603377424132437,0.19270706176757812
QQQ,1h,19,0.85,0.75,10,30,0.7052725518666296,-0.13531762110636458,0.6668638661811566,0.063789851799597,10.454074548976607,0.5526315789473685,0.9212576431532289,-0.02429109415383035,0.18889784812927246
QQQ,1h,19,0.85,0.75,12,26,0.7145662873153773,-0.1609677787633419,0.6885714491934602,0.05276922642423052,13.048731161184556,0.6052631578947368,1.048501271892313,-0.02429109415383035,0.1945664882659912
QQQ,1h,19,0.85,0.75,20,50,0.5621866461394429,-0.2078423746334156,0.5563612334942696,0.04622937931322997,12.034797822497469,0.15789473684210525,0.17134073215549234,-0.0184423187708731,0.17419767379760742
QQQ,1h,19,0.85,1.0,8,21,0.9808952094608497,-0.1499965628090959,0.9728434271875905,0.08227442661359553,11.824372009987753,0.8157894736842105,1.34441637996213,-0.03440713537153961,0.19934463500976562
QQQ,1h,19,0.85,1.0,9,21,0.9449842020087541,-0.137831610804814,0.9479643265508347,0.08362773353405273,11.335525745951601,0.8289473684210527,1.3826135569922016,-0.03381879089893414,0.18732929229736328
QQQ,1h,19,0.85,1.0,10,30,0.8480884907854833,-0.23345455529702897,0.7968418977136426,0.07234066008626812,11.0151316944494,0.5526315789473685,0.9466259917119025,-0.029902379699917936,0.20522022247314453
QQQ,1h,19,0.85,1.0,12,26,0.8594374693811448,-0.2595476578757949,0.8220140325682257,0.061859442896517694,13.288416352913842,0.6052631578947368,1.072551516304316,-0.029902379699917936,0.20343899726867676
QQQ,1h,19,0.85,1.0,20,50,0.676454655754298,-0.30674686669608753,0.6635970672697823,0.050629284348131076,13.106980985684785,0.15789473684210525,0.17160240970926388,-0.0184423187708731,0.19475531578063965
QQQ,1h,19,1.0,0.0,8,21,0.23798863121275504,0.23592866904400167,0.2401655269232572,0.3504005914971822,0.6854027440338625,0.3026315789473684,-0.15701015891586456,-0.03992895137758534,0.20150995254516602
QQQ,1h,19,1.0,0.0,9,21,0.25852839437912056,0.2596565005008069,0.26464238550045605,0.33402630696663815,0.7922800689075306,0.35526315789473684,0.049333241319065746,-0.04336364920888858,0.20618677139282227
QQQ,1h,19,1.0,0.0,10,30,0.21955838876654243,0.21124977122633037,0.2442894183729305,0.3693817845694032,0.6613466840486038,0.21052631578947367,-0.001076710593769973,-0.04256006924467948,0.1935276985168457
QQQ,1h,19,1.0,0.0,12,26,0.23929060240212777,0.23379083272943735,0.2493840643041795,0.3903094668628053,0.6389393173285202,0.25,0.0677278642670662,-0.03977727267051845,0.186720609664917
QQQ,1h,19,1.0,0.0,20,50,0.16859710987022716,0.14450238991419573,0.17572437745132968,0.35246504178491445,0.49855831534794415,0.039473684210526314,-0.11360594556969704,-0.027254584217823896,0.1951463222503662
QQQ,1h,19,1.0,0.25,8,21,0.3706500482122184,0.10457867771997043,0.38239032926577193,0.04052954384549683,9.434854009793122,0.8289473684210527,1.0492298368424364,-0.02561059463531279,0.20383477210998535
QQQ,1h,19,1.0,0.25,9,21,0.3660389616711965,0.1302901186733867,0.37728500508346097,0.043507870037246314,8.6716496293768,0.8289473684210527,1.0991585014619742,-0.024747278957658714,0.19513487815856934
QQQ,1h,19,1.0,0.25,10,30,0.31527072227776787,0.0748903558309284,0.3302589815996009,0.05040471910541214,6.552144074226966,0.5526315789473685,0.8343576225385793,-0.022043719954689456,0.18675661087036133
QQQ,1h,19,1.0,0.25,12,26,0.3174276238644238,0.10003195753395433,0.3341147341676013,0.04692812917419011,7.119711355366799,0.618421052631579,1.0044608326216327,-0.023815083055705788,0.1889781951904297
QQQ,1h,19,1.0,0.25,20,50,0.24920719574351935,0.0007532868071609133,0.2609386059093117,0.04472351330840006,5.834483621846894,0.15789473684210525,0.16970592533776455,-0.0184423187708731,0.18325233459472656
QQQ,1h,19,1.0,0.5,8,21,0.6494722562113949,-0.01449701903365097,0.6537200687527758,0.04682540488729777,13.96079906465708,0.8289473684210527,1.1847878880991152,-0.03169897223081597,0.20808887481689453
QQQ,1h,19,1.0,0.5,9,21,0.6389031004485005,0.012466956265302365,0.6426758432939315,0.050038050956351686,12.843742532148967,0.8289473684210527,1.2209218470256025,-0.03169897223081597,0.19352006912231445
QQQ,1h,19,1.0,0.5,10,30,0.5503038842942879,-0.04794302825339325,0.5582755530007028,0.04555588655047504,12.254740172428525,0.5526315789473685,0.8876972953160966,-0.025128222636387476,0.19580721855163574
QQQ,1h,19,1.0,0.5,12,26,0.5517428984733282,-0.021072414376477222,0.5654465925341373,0.040925790872991266,13.816387673214166,0.618421052631579,1.051183044888932,-0.027253716634387137,0.2146902084350586
QQQ,1h,19,1.0,0.5,20,50,0.435778017466646,-0.12658502658613013,0.43694980647139114,0.03783695094164821,11.548229854600361,0.15789473684210525,0.1708840068691983,-0.0184423187708731,0.1797325611114502
QQQ,1h,19,1.0,0.75,8,21,0.871202796031255,-0.12220926780516417,0.8697799579769635,0.060078372726565236,14.477422048955853,0.8289473684210527,1.2877736053997124,-0.03862580361078405,0.21667790412902832
QQQ,1h,19,1.0,0.75,9,21,0.8562562390488936,-0.0946023917092792,0.8543190455043878,0.0620392591883203,13.770619712126162,0.8289473684210527,1.3143820022352162,-0.03862580361078405,0.19890880584716797
QQQ,1h,19,1.0,0.75,10,30,0.7378879993145916,-0.15833430434407314,0.7404276354390924,0.05234494318350073,14.145160743482805,0.5526315789473685,0.927234126142174,-0.02821272531808583,0.20475053787231445
QQQ,1h,19,1.0,0.75,12,26,0.7390366285309308,-0.13046499690330504,0.7501493229836429,0.046838900379134935,16.01551951287498,0.618421052631579,1.085661498389366,-0.03069235021306793,0.1925358772277832
QQQ,1h,19,1.0,0.75,20,50,0.5850678486239783,-0.23915265582345324,0.578198367185523,0.04567608376974707,12.65866771985572,0.15789473684210525,0.17134073215549234,-0.0184423187708731,0.20790958404541016
QQQ,1h,19,1.0,1.0,8,21,1.0481016354340145,-0.21943609300145717,1.0421123947038813,0.07219330635581428,14.435027945218248,0.8289473684210527,1.3684735244015227,-0.045527773097562285,0.21564197540283203
QQQ,1h,19,1.0,1.0,9,21,1.0297282353868973,-0.1916885870949787,1.0231839994227074,0.0729666545390816,14.022624524668055,0.8289473684210527,1.3878777395612587,-0.045527773097562285,0.22377800941467285
QQQ,1h,19,1.0,1.0,10,30,0.887665985382281,-0.25731821065523375,0.8857920575495626,0.0605654222456744,14.625375745858458,0.5526315789473685,0.9580032780352729,-0.03287381481979612,0.1967604160308838
QQQ,1h,19,1.0,1.0,12,26,0.8886379420143713,-0.22905484201513826,0.897532919507656,0.054385016986860865,16.50331229508479,0.618421052631579,1.1124410034059875,-0.03413098379174906,0.19605541229248047
QQQ,1h,19,1.0,1.0,20,50,0.7043899625420716,-0.3384582951873013,0.6910809675242264,0.0554078818366396,12.472611199283113,0.15789473684210525,0.17160240970926388,-0.0184423187708731,0.18416190147399902
