ticker,timeframe,n_mu,x_zero,bear_alloc,fast_period,slow_period,in_sample_sharpe,in_sample_return,mc_sharpe_mean,mc_sharpe_std,mc_robust_sharpe,wf_pos_sharpe_frac,wf_mean_sharpe,wf_worst_return,runtime_s
SLV,1d,1,0.0,0.0,8,21,-0.10071465497715701,-0.3307591630748128,0.06373077732854251,0.36828325511968774,0.17304826228884818,0.37142857142857144,0.04721877834258058,-0.0930895646014358,0.11465907096862793
SLV,1d,1,0.0,0.0,9,21,-0.11041751062416041,-0.341678668407142,-0.02882789149021458,0.31097408645921104,-0.09270190908333384,0.37142857142857144,0.023317914529100307,-0.0930895646014358,0.11044192314147949
SLV,1d,1,0.0,0.0,10,30,-0.1453022426555135,-0.38228827170798596,-0.09033568153094372,0.3899336407729203,-0.2316693716189292,0.22857142857142856,0.0014823341779117102,-0.0930895646014358,0.12392878532409668
SLV,1d,1,0.0,0.0,12,26,-0.22905038494103544,-0.47927489915786803,-0.08458137389537976,0.3580683743698603,-0.23621570613218398,0.2571428571428571,0.007325946824278616,-0.0930895646014358,0.1046144962310791
SLV,1d,1,0.0,0.0,20,50,-0.0009431858169382852,-0.1805280678256982,0.08228759672918676,0.2786558574729077,0.29530187334097996,0.11428571428571428,0.2483280196028336,-0.021380866616357408,0.09788346290588379
SLV,1d,1,0.0,0.25,8,21,0.3211173525750024,-0.3497087758892169,0.3909723723999772,0.09612759740985556,4.067222971702947,0.9428571428571428,1.313663227930241,-0.07829336962657452,0.12479686737060547
SLV,1d,1,0.0,0.25,9,21,0.32031124941482503,-0.36179213965437873,0.36056362691834754,0.08262355532994951,4.363932603462415,0.8857142857142857,1.2549754474604136,-0.1013556166306323,0.11373233795166016
SLV,1d,1,0.0,0.25,10,30,0.2746283336809263,-0.4142874938456004,0.32045689020105533,0.0956051311469795,3.3518796152101684,0.7142857142857143,1.1226796916675568,-0.08466263571930355,0.11231207847595215
SLV,1d,1,0.0,0.25,12,26,0.24732160958237834,-0.528767106181941,0.3204942940377762,0.09524993817134927,3.3647716753498043,0.7714285714285715,1.1351401164638835,-0.08466263571930355,0.10566282272338867
SLV,1d,1,0.0,0.25,20,50,0.25731473263047655,-0.15811972808379393,0.3146749536460748,0.0934996081417773,3.3655216305176405,0.17142857142857143,0.3634635892066195,-0.021380866616357408,0.10016417503356934
SLV,1d,1,0.0,0.5,8,21,0.6213867567280132,-0.40130712974015614,0.6504290056408644,0.052481803204499924,12.393419545940732,0.9428571428571428,1.430299819571849,-0.11371539465493918,0.11050724983215332
SLV,1d,1,0.0,0.5,9,21,0.6212480437648129,-0.41355251802532245,0.6346774114147913,0.049320928939769956,12.86831827903831,0.9142857142857143,1.367254117067071,-0.1403351902485439,0.10857582092285156
SLV,1d,1,0.0,0.5,10,30,0.5563040385805168,-0.4737791297862485,0.5724641064397357,0.04882125337145728,11.725715070937108,0.7428571428571429,1.1874182545436953,-0.12096645218660196,0.10551905632019043
SLV,1d,1,0.0,0.5,12,26,0.5424743139999191,-0.5966399720490592,0.5777148069472232,0.05318233671894123,10.862907547675812,0.7714285714285715,1.2024204709702093,-0.12096645218660196,0.10566139221191406
SLV,1d,1,0.0,0.5,20,50,0.47101634589214697,-0.1784706262299085,0.5025962219796266,0.06467056253218004,7.771638320441932,0.17142857142857143,0.363328318062566,-0.021380866616357408,0.09688949584960938
SLV,1d,1,0.0,0.75,8,21,0.8498024608935754,-0.47040668683703624,0.856746156682912,0.04069936959536872,21.050600173925133,0.9428571428571428,1.5133997638839845,-0.14910991539892904,0.11602044105529785
SLV,1d,1,0.0,0.75,9,21,0.8498100995684571,-0.4819885013111609,0.847200943510616,0.041307641331009594,20.50954535800676,0.9142857142857143,1.4461277733378632,-0.17893635805877084,0.11319470405578613
SLV,1d,1,0.0,0.75,10,30,0.7676321262919061,-0.5456478707774557,0.7656405152832902,0.043188286116373875,17.727967097842644,0.7428571428571429,1.2341939012593435,-0.15715382234776365,0.10907125473022461
SLV,1d,1,0.0,0.75,12,26,0.7601740877923694,-0.6687952651423866,0.7745440924626876,0.039761456925920556,19.479771425522415,0.7714285714285715,1.2526314428323664,-0.15715382234776365,0.10425710678100586
SLV,1d,1,0.0,0.75,20,50,0.6358249704785934,-0.22781464209511115,0.6532744590732703,0.057462354014903544,11.368738198644557,0.17142857142857143,0.3632301254238872,-0.021380866616357408,0.0993204116821289
SLV,1d,1,0.0,1.0,8,21,1.029950899254613,-0.5462155067422074,1.0214509649791494,0.04044091707268907,25.257858597597558,0.9428571428571428,1.5778532355325672,-0.18447693185854241,0.10909032821655273
SLV,1d,1,0.0,1.0,9,21,1.0299873726716589,-0.5565417551171978,1.0156512356899963,0.041625541678769924,24.399712165379555,0.9142857142857143,1.5071507374337139,-0.21715912006131333,0.10794472694396973
SLV,1d,1,0.0,1.0,10,30,0.9336073260763672,-0.6198883151568226,0.9183014651203321,0.051547076433818145,17.814811792466045,0.7428571428571429,1.2709708089262253,-0.19322474620278818,0.10292768478393555
SLV,1d,1,0.0,1.0,12,26,0.930332369987857,-0.7370013742966788,0.9299995208949972,0.03685458019262553,25.234299672774096,0.7714285714285715,1.2923432656614806,-0.19322474620278818,0.10218214988708496
SLV,1d,1,0.0,1.0,20,50,0.7663106727447194,-0.29518304349396596,0.7739292449545219,0.05535841769961425,13.980335369302198,0.17142857142857143,0.3631556250109225,-0.021380866616357408,0.1022346019744873
SLV,1d,1,0.1,0.0,8,21,-0.1009827828806021,-0.3316891245910242,0.07080812748499654,0.3498344040934259,0.2024046996420818,0.34285714285714286,-0.004426963034456849,-0.0930895646014358,0.1105043888092041
SLV,1d,1,0.1,0.0,9,21,-0.113602767239921,-0.34531727093419007,-0.026209572222972415,0.31197637664417766,-0.08401140017362772,0.34285714285714286,-0.014204550568464607,-0.0930895646014358,0.10884451866149902
SLV,1d,1,0.1,0.0,10,30,-0.1518960904290632,-0.39008272285268497,-0.09233354208952942,0.39018136109928553,-0.23664262646834694,0.22857142857142856,0.0014823341779117102,-0.0930895646014358,0.10159754753112793
SLV,1d,1,0.1,0.0,12,26,-0.2552396907453465,-0.5058575892228273,-0.08428355111617561,0.34091887026730094,-0.2472246580252135,0.2571428571428571,0.007325946824278616,-0.0930895646014358,0.1060636043548584
SLV,1d,1,0.1,0.0,20,50,0.015924234101274568,-0.15206360553864184,0.07664117171714957,0.2912697223073154,0.26312783597976014,0.11428571428571428,0.2483280196028336,-0.021380866616357408,0.09609174728393555
SLV,1d,1,0.1,0.25,8,21,0.32840128388844647,-0.3511078924921388,0.3940627245755072,0.09150153870990718,4.3066240210979165,0.9428571428571428,1.305218865881969,-0.07829336962657452,0.10506081581115723
SLV,1d,1,0.1,0.25,9,21,0.32102773378501526,-0.3669266121529663,0.362213672879314,0.08432988531584927,4.295199400813583,0.8857142857142857,1.2464237083767002,-0.1013556166306323,0.12229299545288086
SLV,1d,1,0.1,0.25,10,30,0.27515239720460405,-0.42362188692418845,0.31899245292437284,0.09109743528695038,3.501662279729056,0.7142857142857143,1.1226796916675568,-0.08466263571930355,0.10647249221801758
SLV,1d,1,0.1,0.25,12,26,0.2365692418444734,-0.5588775251308092,0.32075669104690097,0.08986044401332374,3.5694981765207157,0.7714285714285715,1.1351401164638835,-0.08466263571930355,0.11391305923461914
SLV,1d,1,0.1,0.25,20,50,0.2656680352793196,-0.1204177670240999,0.3148370435193661,0.09791644832231197,3.215364210137767,0.17142857142857143,0.3634635892066195,-0.021380866616357408,0.10010933876037598
SLV,1d,1,0.1,0.5,8,21,0.6338517891589754,-0.40316276016093977,0.6550476650239488,0.04982885498690984,13.145950578154595,0.9428571428571428,1.4294482641537187,-0.11371539465493918,0.1167914867401123
SLV,1d,1,0.1,0.5,9,21,0.6251939314252735,-0.42006844204063354,0.6378288400292065,0.04895895623603006,13.027827573656749,0.9142857142857143,1.3665280848538865,-0.1403351902485439,0.11220264434814453
SLV,1d,1,0.1,0.5,10,30,0.5606935164081632,-0.4839472110687486,0.5751644869866563,0.0483057699989189,11.9067450327265,0.7428571428571429,1.1874182545436953,-0.12096645218660196,0.1087038516998291
SLV,1d,1,0.1,0.5,12,26,0.5354446092011543,-0.6276213293871227,0.5804710710484763,0.051943778121345534,11.174987496913326,0.7714285714285715,1.2024204709702093,-0.12096645218660196,0.1066138744354248
SLV,1d,1,0.1,0.5,20,50,0.4768317721166235,-0.1329029225036853,0.5042675018829328,0.06781453779045002,7.435979338842389,0.17142857142857143,0.363328318062566,-0.021380866616357408,0.10566091537475586
SLV,1d,1,0.1,0.75,8,21,0.8663901850089237,-0.47265475857815786,0.8627221812397821,0.03932994316339703,21.935505415189276,0.9428571428571428,1.516568267102337,-0.14910991539892904,0.11159873008728027
SLV,1d,1,0.1,0.75,9,21,0.8561390732075245,-0.4896457302495347,0.851546641332987,0.04077260942632594,20.885262270782277,0.9142857142857143,1.4494659473733038,-0.17893635805877084,0.11283707618713379
SLV,1d,1,0.1,0.75,10,30,0.7747301760538498,-0.5559966882631787,0.7716457624993783,0.04580600589389163,16.845951692161826,0.7428571428571429,1.2341939012593435,-0.15715382234776365,0.10861492156982422
SLV,1d,1,0.1,0.75,12,26,0.7546290680195192,-0.6985365089161266,0.7791625841054575,0.0403284845268142,19.32040326453121,0.7714285714285715,1.2526314428323664,-0.15715382234776365,0.11056971549987793
SLV,1d,1,0.1,0.75,20,50,0.6406005798021646,-0.1762019882382393,0.6559007907102115,0.059697151693306374,10.987137109654684,0.17142857142857143,0.3632301254238872,-0.021380866616357408,0.09984874725341797
SLV,1d,1,0.1,1.0,8,21,1.0498195978526363,-0.5487568181915277,1.0285186439790386,0.040211655072064895,25.577625246605486,0.9428571428571428,1.5838053782354378,-0.18447693185854241,0.11340045928955078
SLV,1d,1,0.1,1.0,9,21,1.0381912239454594,-0.5650226246687771,1.020931585824023,0.04195821335672959,24.33210339878016,0.9142857142857143,1.513277169696349,-0.21715912006131333,0.11142158508300781
SLV,1d,1,0.1,1.0,10,30,0.942790993455749,-0.6298854066948982,0.9269461600280847,0.05501027824747616,16.8504175866555,0.7428571428571429,1.2709708089262253,-0.19322474620278818,0.1094512939453125
SLV,1d,1,0.1,1.0,12,26,0.925665164301243,-0.7640584235940182,0.936062827574504,0.037570434206405545,24.91487914225145,0.7714285714285715,1.2923432656614806,-0.19322474620278818,0.10652756690979004
SLV,1d,1,0.1,1.0,20,50,0.7704594170384081,-0.23953039579197444,0.7772611892462093,0.05680379483252825,13.68326168238881,0.17142857142857143,0.3631556250109225,-0.021380866616357408,0.10047364234924316
SLV,1d,1,0.25,0.0,8,21,-0.040540905518487165,-0.24356573387458647,0.04912963207008832,0.33533745114814667,0.1465080381027398,0.34285714285714286,-0.004426963034456849,-0.0930895646014358,0.10781359672546387
SLV,1d,1,0.25,0.0,9,21,-0.16478628108829793,-0.41086321998703856,-0.013739915978693987,0.33248898588821973,-0.041324424452704255,0.34285714285714286,-0.014204550568464607,-0.0930895646014358,0.1069178581237793
SLV,1d,1,0.25,0.0,10,30,-0.14188593227201096,-0.38068032695567566,-0.0860994166722695,0.38340702576485136,-0.22456400349083697,0.22857142857142856,0.0014823341779117102,-0.0930895646014358,0.10960698127746582
SLV,1d,1,0.25,0.0,12,26,-0.27853566562053145,-0.5274686142871845,-0.09125726804332705,0.3314519135940301,-0.2753258143958132,0.2571428571428571,0.007325946824278616,-0.0930895646014358,0.10627985000610352
SLV,1d,1,0.25,0.0,20,50,0.01585712514670154,-0.15096074131476533,0.06299067133663379,0.28958672313171374,0.21751919651365895,0.11428571428571428,0.2483280196028336,-0.021380866616357408,0.10695576667785645
SLV,1d,1,0.25,0.25,8,21,0.35027313796272297,-0.2429698792807865,0.38791664319584995,0.08034661864959186,4.828039433590034,0.9428571428571428,1.305218865881969,-0.07829336962657452,0.11696338653564453
SLV,1d,1,0.25,0.25,9,21,0.316763979399975,-0.4455555329398264,0.3680843276276749,0.09013727575984593,4.083597207978277,0.8857142857142857,1.2464237083767002,-0.1013556166306323,0.12356972694396973
SLV,1d,1,0.25,0.25,10,30,0.2812284796080555,-0.41274464392399723,0.32167369798494966,0.09182009872344206,3.5033037696225544,0.7142857142857143,1.1226796916675568,-0.08466263571930355,0.11843514442443848
SLV,1d,1,0.25,0.25,12,26,0.23224992534756667,-0.5820395581534967,0.319357660965507,0.08752316162184037,3.648835977216516,0.7714285714285715,1.1351401164638835,-0.08466263571930355,0.11556839942932129
SLV,1d,1,0.25,0.25,20,50,0.2714253844216978,-0.11887511986580546,0.3108566302659607,0.09624369012503696,3.229891017916135,0.17142857142857143,0.3634635892066195,-0.021380866616357408,0.1069650650024414
SLV,1d,1,0.25,0.5,8,21,0.6516782426437598,-0.2823627884520733,0.6585654450776394,0.04157254381291906,15.841355487921428,0.9428571428571428,1.4294482641537187,-0.11371539465493918,0.11543488502502441
SLV,1d,1,0.25,0.5,9,21,0.6374580583985242,-0.5058625167128286,0.6440753927879215,0.04986532870093987,12.916296945532455,0.9142857142857143,1.3665280848538865,-0.1403351902485439,0.11224246025085449
SLV,1d,1,0.25,0.5,10,30,0.5688016365272413,-0.47238719539235163,0.5809145658117416,0.05077991305316141,11.439849556331124,0.7428571428571429,1.1874182545436953,-0.12096645218660196,0.10397696495056152
SLV,1d,1,0.25,0.5,12,26,0.5374069848207439,-0.6501813983471971,0.5821526732802667,0.051682732007281455,11.263968653945163,0.7714285714285715,1.2024204709702093,-0.12096645218660196,0.1044306755065918
SLV,1d,1,0.25,0.5,20,50,0.48629573436274254,-0.13093229898558656,0.5053950557600407,0.0692831316639398,7.294633536651847,0.17142857142857143,0.363328318062566,-0.021380866616357408,0.09990763664245605
SLV,1d,1,0.25,0.75,8,21,0.8838922823025837,-0.3465570639655927,0.8728849226377703,0.03472972860826668,25.133652280542105,0.9428571428571428,1.516568267102337,-0.14910991539892904,0.11173295974731445
SLV,1d,1,0.25,0.75,9,21,0.879027303874867,-0.5770896977235124,0.8589646072674789,0.03923467130941794,21.892998682043043,0.9142857142857143,1.4494659473733038,-0.17893635805877084,0.11282086372375488
SLV,1d,1,0.25,0.75,10,30,0.784863756326024,-0.5444763821925118,0.7800051435673792,0.048213662154948496,16.178093691796484,0.7428571428571429,1.2341939012593435,-0.15715382234776365,0.10892558097839355
SLV,1d,1,0.25,0.75,12,26,0.760286019043355,-0.7190489693523252,0.7829577428327134,0.042244859042997414,18.533799391680013,0.7714285714285715,1.2526314428323664,-0.15715382234776365,0.10565686225891113
SLV,1d,1,0.25,0.75,20,50,0.6529451307053655,-0.17384129475578025,0.6601464243127502,0.06413382960784543,10.293263763435002,0.17142857142857143,0.3632301254238872,-0.021380866616357408,0.12052249908447266
SLV,1d,1,0.25,1.0,8,21,1.067651095314321,-0.42383637955594766,1.0437498216794339,0.03895827053952807,26.791482456091533,0.9428571428571428,1.5838053782354378,-0.18447693185854241,0.12842440605163574
SLV,1d,1,0.25,1.0,9,21,1.0690254102266032,-0.6495899544162163,1.0294697863558693,0.039656706518475596,25.95953816478056,0.9142857142857143,1.513277169696349,-0.21715912006131333,0.18007159233093262
SLV,1d,1,0.25,1.0,10,30,0.9546135861682009,-0.6189647533833176,0.9374114760965343,0.05657327781592159,16.569863233781298,0.7428571428571429,1.2709708089262253,-0.19322474620278818,0.11343908309936523
SLV,1d,1,0.25,1.0,12,26,0.9339638880797662,-0.7817317342735648,0.9414508111106844,0.04132505549159083,22.78159823166502,0.7714285714285715,1.2923432656614806,-0.19322474620278818,0.11176300048828125
SLV,1d,1,0.25,1.0,20,50,0.7850524298701109,-0.2368367411389577,0.7837676168285126,0.0636825386057415,12.307417920017555,0.17142857142857143,0.3631556250109225,-0.021380866616357408,0.10342550277709961
SLV,1d,1,0.4,0.0,8,21,-0.08087857221595053,-0.3009206522537432,0.05106331580164469,0.30578285538106587,0.16699208246325553,0.34285714285714286,-0.004426963034456849,-0.0930895646014358,0.11365270614624023
SLV,1d,1,0.4,0.0,9,21,-0.15031971913544628,-0.39362655310187156,-0.0027119207556518614,0.32343004071050746,-0.008384875906067181,0.34285714285714286,-0.014204550568464607,-0.0930895646014358,0.11519122123718262
SLV,1d,1,0.4,0.0,10,30,-0.12760596147469982,-0.3637001467447607,-0.0884000603433655,0.3895073944281594,-0.22695348434436455,0.22857142857142856,0.0014823341779117102,-0.0930895646014358,0.11271882057189941
SLV,1d,1,0.4,0.0,12,26,-0.2365783611276191,-0.4864015397573739,-0.09421127024892784,0.3323977339238374,-0.28342933971539813,0.2571428571428571,0.007325946824278616,-0.0930895646014358,0.11032462120056152
SLV,1d,1,0.4,0.0,20,50,-0.0013295598425267193,-0.17940306070239542,0.06650224103401123,0.2931576664487127,0.2268480365518452,0.11428571428571428,0.2483280196028336,-0.021380866616357408,0.10651826858520508
SLV,1d,1,0.4,0.25,8,21,0.347476191241222,-0.3140149939613517,0.38804201529011534,0.07534336946434736,5.150314062788732,0.9428571428571428,1.305218865881969,-0.07829336962657452,0.1180109977722168
SLV,1d,1,0.4,0.25,9,21,0.3189403327105823,-0.4252726366912355,0.37018203554071905,0.08494895202060992,4.357699850739856,0.8857142857142857,1.2464237083767002,-0.1013556166306323,0.11334896087646484
SLV,1d,1,0.4,0.25,10,30,0.2919809174176977,-0.3927720790463354,0.32449428398746216,0.09231440953405495,3.515098949614747,0.7142857142857143,1.1226796916675568,-0.08466263571930355,0.10912084579467773
SLV,1d,1,0.4,0.25,12,26,0.24471200785631472,-0.5359522274170927,0.3191481644332161,0.08672353880366783,3.6800639000183217,0.7714285714285715,1.1351401164638835,-0.08466263571930355,0.1089625358581543
SLV,1d,1,0.4,0.25,20,50,0.2679211501357069,-0.15678694456467146,0.3124325891025817,0.09732410640050841,3.2102281814626514,0.17142857142857143,0.3634635892066195,-0.021380866616357408,0.10428524017333984
SLV,1d,1,0.4,0.5,8,21,0.6611021639303859,-0.36245737882614193,0.6623301320029589,0.041158548605324016,16.092164433545744,0.9428571428571428,1.4294482641537187,-0.11371539465493918,0.10882282257080078
SLV,1d,1,0.4,0.5,9,21,0.6386042635080712,-0.484115991291556,0.6480806655326129,0.046318961930545875,13.991692354945123,0.9142857142857143,1.3665280848538865,-0.1403351902485439,0.11339402198791504
SLV,1d,1,0.4,0.5,10,30,0.5834952851193226,-0.4510079835163877,0.5875442556778334,0.05397357167718199,10.885776824108625,0.7428571428571429,1.1874182545436953,-0.12096645218660196,0.11244392395019531
SLV,1d,1,0.4,0.5,12,26,0.5455110833340553,-0.603162756824025,0.5838816782199199,0.051942282933612687,11.240970655182362,0.7714285714285715,1.2024204709702093,-0.12096645218660196,0.10705041885375977
SLV,1d,1,0.4,0.5,20,50,0.48886573767903996,-0.1774525355573825,0.5073011275891712,0.0690083154770718,7.351304318647271,0.17142857142857143,0.363328318062566,-0.021380866616357408,0.10356473922729492
SLV,1d,1,0.4,0.75,8,21,0.9011092018775443,-0.43094575283063075,0.8794142328949682,0.0342808036301206,25.653256043340733,0.9428571428571428,1.516568267102337,-0.14910991539892904,0.13263392448425293
SLV,1d,1,0.4,0.75,9,21,0.8799297103697078,-0.5553122853664436,0.8651298234453858,0.03812365531211997,22.692730179268793,0.9142857142857143,1.4494659473733038,-0.17893635805877084,0.11756420135498047
SLV,1d,1,0.4,0.75,10,30,0.8033949919660717,-0.5230854893822554,0.7896899517843566,0.054400807733127214,14.516143871582209,0.7428571428571429,1.2341939012593435,-0.15715382234776365,0.15040254592895508
SLV,1d,1,0.4,0.75,12,26,0.7668863958318806,-0.6742641551327992,0.7861475191265728,0.043919485402898056,17.89974340352126,0.7714285714285715,1.2526314428323664,-0.15715382234776365,0.13766717910766602
SLV,1d,1,0.4,0.75,20,50,0.6593438425346946,-0.2272085619257871,0.6623925914574087,0.06319936023899503,10.48100153154243,0.17142857142857143,0.3632301254238872,-0.021380866616357408,0.1289839744567871
SLV,1d,1,0.4,1.0,8,21,1.0906782864733853,-0.5082362277156851,1.0524337916311368,0.036892877765748025,28.526747040813234,0.9428571428571428,1.5838053782354378,-0.18447693185854241,0.159088134765625
SLV,1d,1,0.4,1.0,9,21,1.0698535176083168,-0.6289086762583146,1.037496721568877,0.04092353795357862,25.35207788597739,0.9142857142857143,1.513277169696349,-0.21715912006131333,0.13902497291564941
SLV,1d,1,0.4,1.0,10,30,0.9763686862966678,-0.5986427047856859,0.9495388565203676,0.06418426464607586,14.79395085004563,0.7428571428571429,1.2709708089262253,-0.19322474620278818,0.11559629440307617
SLV,1d,1,0.4,1.0,12,26,0.9397639937254616,-0.7412797651024616,0.9457840196209866,0.044210986058630414,21.39251131758823,0.7714285714285715,1.2923432656614806,-0.19322474620278818,0.13682341575622559
SLV,1d,1,0.4,1.0,20,50,0.7942861545374599,-0.29486057669883525,0.7862861945028503,0.062450950925320006,12.59045991858644,0.17142857142857143,0.3631556250109225,-0.021380866616357408,0.10150957107543945
SLV,1d,1,0.55,0.0,8,21,-0.11403194318518237,-0.34721653884400316,0.0534744129317414,0.3027067429025377,0.17665418490184912,0.3142857142857143,0.03771680048414327,-0.09483814654579314,0.10943412780761719
SLV,1d,1,0.55,0.0,9,21,-0.11663557795987496,-0.3508362620784765,0.009728035703105566,0.32437328387738984,0.029990249464511003,0.34285714285714286,0.0037994347020428253,-0.09483814654579314,0.11244630813598633
SLV,1d,1,0.55,0.0,10,30,-0.20693631100105,-0.455089193161512,-0.08039229192060271,0.3788903353031503,-0.2121782595913427,0.22857142857142856,-0.006139790334438024,-0.09483814654579314,0.10817527770996094
SLV,1d,1,0.55,0.0,12,26,-0.23275050539217715,-0.48284454312067293,-0.07409386082353611,0.32249135015392616,-0.2297545679540579,0.2571428571428571,0.0020746244320031288,-0.09483814654579314,0.1018533706665039
SLV,1d,1,0.55,0.0,20,50,0.02090003856029619,-0.1428424126801905,0.06151424615265658,0.28507292626319053,0.2157842449614602,0.11428571428571428,0.2483280196028336,-0.021380866616357408,0.0988621711730957
SLV,1d,1,0.55,0.25,8,21,0.345499766776471,-0.3694682628768662,0.3912609511637933,0.07385182720939411,5.297918358261338,0.9428571428571428,1.3395058718710284,-0.06201467833435648,0.10686302185058594
SLV,1d,1,0.55,0.25,9,21,0.3321847613936183,-0.37375041429075984,0.37731988501254715,0.0828019357501957,4.556896908194026,0.9142857142857143,1.2634050618483965,-0.08548423845422837,0.11778664588928223
SLV,1d,1,0.55,0.25,10,30,0.2786307690266075,-0.5000400815802499,0.3287654109214784,0.08836535582427579,3.720523816768921,0.7428571428571429,1.1398667923683177,-0.0684964350103846,0.11257243156433105
SLV,1d,1,0.55,0.25,12,26,0.24881240460943105,-0.5317314864874466,0.3265839563262043,0.08331317487632826,3.919955719020335,0.7714285714285715,1.14809321570526,-0.0684964350103846,0.11140227317810059
SLV,1d,1,0.55,0.25,20,50,0.27621007805625547,-0.10894346224185136,0.3100753918053955,0.09482522286084635,3.2699674459022723,0.17142857142857143,0.3634635892066195,-0.021380866616357408,0.10227704048156738
SLV,1d,1,0.55,0.5,8,21,0.6706234543551942,-0.4228666804935832,0.6701869725403148,0.0406072957900867,16.504102514108435,0.9428571428571428,1.459006764220559,-0.09418992617600186,0.1143791675567627
SLV,1d,1,0.55,0.5,9,21,0.6510071937356516,-0.4276420785710797,0.6568185335608074,0.04615366271883337,14.231124787692902,0.9142857142857143,1.3823428825746211,-0.12139617444704698,0.10922503471374512
SLV,1d,1,0.55,0.5,10,30,0.5906441578556489,-0.5656804505171156,0.5954230606143801,0.054152431936783714,10.995315248435437,0.7428571428571429,1.1985590354415434,-0.10160072956629707,0.11316823959350586
SLV,1d,1,0.55,0.5,12,26,0.5522669518832916,-0.5986380406256118,0.5903640064180499,0.04990308762949331,11.830210002259216,0.7714285714285715,1.2114445062047197,-0.10160072956629707,0.11481499671936035
SLV,1d,1,0.55,0.5,20,50,0.4941660080605278,-0.12036902595056087,0.5071690527680568,0.06748256632087138,7.5155566899535176,0.17142857142857143,0.363328318062566,-0.021380866616357408,0.10274958610534668
SLV,1d,1,0.55,0.75,8,21,0.9181427134033624,-0.4924046673206245,0.8908577264077921,0.03317119674345817,26.856363769374163,0.9428571428571428,1.5461616015505808,-0.12634022176422965,0.10792064666748047
SLV,1d,1,0.55,0.75,9,21,0.893229872916911,-0.4974480801381489,0.8759063244796271,0.04073637430515306,21.50182335615536,0.9142857142857143,1.4680752701197466,-0.15696481564697107,0.11492180824279785
SLV,1d,1,0.55,0.75,10,30,0.8228625910749036,-0.6376964064186728,0.8007050100620237,0.056143821927185256,14.261676219700254,0.7428571428571429,1.2428058957336992,-0.13459938248104864,0.11331725120544434
SLV,1d,1,0.55,0.75,12,26,0.7758737274814022,-0.6697602936396538,0.7928416412481656,0.04336808295653548,18.281685220967002,0.7714285714285715,1.2598894278994544,-0.13459938248104864,0.11831068992614746
SLV,1d,1,0.55,0.75,20,50,0.6635331893878106,-0.16340666086942068,0.6635469858640712,0.06260334294499353,10.599226090004446,0.17142857142857143,0.3632301254238872,-0.021380866616357408,0.11454224586486816
SLV,1d,1,0.55,1.0,8,21,1.113367703272023,-0.5675473938031358,1.0666909884763813,0.03471919466418822,30.72337935236269,0.9428571428571428,1.6144993099879632,-0.15846556509903775,0.11147499084472656
SLV,1d,1,0.55,1.0,9,21,1.084166761177761,-0.5726167550048772,1.0500432453080204,0.0453244352870048,23.167265927504754,0.9142857142857143,1.535082159789043,-0.19219016205400097,0.11036348342895508
SLV,1d,1,0.55,1.0,10,30,1.004844881184515,-0.7074035925335644,0.9630827023442146,0.06583096357689078,14.629630951996182,0.7428571428571429,1.2782333003776885,-0.1674923937546393,0.10730504989624023
SLV,1d,1,0.55,1.0,12,26,0.9505564015879239,-0.7370491865993256,0.9528280949780663,0.045111354687602793,21.121691014965602,0.7714285714285715,1.2986378062328545,-0.1674923937546393,0.10816001892089844
SLV,1d,1,0.55,1.0,20,50,0.7978614893841056,-0.22698575778313712,0.7883325934578637,0.06270739459369262,12.571604968852549,0.17142857142857143,0.3631556250109225,-0.021380866616357408,0.10096073150634766
SLV,1d,1,0.7,0.0,8,21,-0.11792183746208809,-0.3532235308127044,0.04829855113331518,0.28504378718153855,0.1694425674415939,0.34285714285714286,0.04817328943590819,-0.09483814654579314,0.1131289005279541
SLV,1d,1,0.7,0.0,9,21,-0.11477348720939673,-0.3475240874436677,0.009208793936892525,0.3135448545523195,0.029369941184462667,0.3142857142857143,-0.024845720655600236,-0.09483814654579314,0.10581803321838379
SLV,1d,1,0.7,0.0,10,30,-0.1892991875492379,-0.4366381314673279,-0.08197807461298916,0.3610432783488235,-0.22705885839477033,0.22857142857142856,-0.004709222813511601,-0.09483814654579314,0.11446595191955566
SLV,1d,1,0.7,0.0,12,26,-0.1862140816604883,-0.43189792833106844,-0.06863919248849823,0.3086313951310061,-0.22239860743707765,0.2571428571428571,0.003505191952929526,-0.09483814654579314,0.12047505378723145
SLV,1d,1,0.7,0.0,20,50,0.003429593286735091,-0.17162937407027656,0.04784306396698461,0.265469546831228,0.18022053579426492,0.11428571428571428,0.2483280196028336,-0.021380866616357408,0.09901022911071777
SLV,1d,1,0.7,0.25,8,21,0.3464881928225281,-0.3752140195655528,0.39165235560094,0.06861036382661873,5.708355615059293,0.9428571428571428,1.3437694142411978,-0.060580165742817216,0.10575485229492188
SLV,1d,1,0.7,0.25,9,21,0.33804004974183277,-0.369522461389705,0.38059015909757604,0.07564321806830164,5.031385084039182,0.9142857142857143,1.2569400286226573,-0.08408561915305535,0.10664248466491699
SLV,1d,1,0.7,0.25,10,30,0.2798563351723944,-0.47890088397809627,0.33292447194529723,0.07876083593208243,4.227030706382889,0.7428571428571429,1.139450656982626,-0.06707183532617156,0.1034393310546875
SLV,1d,1,0.7,0.25,12,26,0.2681401282055335,-0.47256799027790963,0.32383215009134947,0.07299747632801346,4.436210214120456,0.7714285714285715,1.147677080319568,-0.06707183532617156,0.10436630249023438
SLV,1d,1,0.7,0.25,20,50,0.26851030241746,-0.14732589196616364,0.30534161637076623,0.08787533862027921,3.474713397011045,0.17142857142857143,0.3634635892066195,-0.021380866616357408,0.10603952407836914
SLV,1d,1,0.7,0.5,8,21,0.6751919152342071,-0.4278785996290988,0.6753499806624221,0.03763366027783382,17.945370598464017,0.9428571428571428,1.461934306222753,-0.09246930073468496,0.12414741516113281
SLV,1d,1,0.7,0.5,9,21,0.6620694259995674,-0.4227137176437291,0.6632505412840106,0.04285411818826335,15.47693825760853,0.9142857142857143,1.3781567004639548,-0.11972722845188599,0.11681985855102539
SLV,1d,1,0.7,0.5,10,30,0.5909685802449255,-0.5436899097378693,0.6059603728419882,0.051679032964270157,11.725458819265,0.7428571428571429,1.1982652616247598,-0.09989418126678051,0.14269566535949707
SLV,1d,1,0.7,0.5,12,26,0.569000582788619,-0.5361642795398465,0.5880856830974646,0.04563498893493329,12.886727855592593,0.7714285714285715,1.211150732387936,-0.09989418126678051,0.11099886894226074
SLV,1d,1,0.7,0.5,20,50,0.4892782499112754,-0.1669348002952371,0.5074414526997774,0.06510416665239938,7.794300715176667,0.17142857142857143,0.363328318062566,-0.021380866616357408,0.10682344436645508
SLV,1d,1,0.7,0.75,8,21,0.9252540914585277,-0.4964029684574518,0.8993473134429364,0.0314892549698392,28.56045067767854,0.9428571428571428,1.548550500204437,-0.12433370836348168,0.11142253875732422
SLV,1d,1,0.7,0.75,9,21,0.908468891513474,-0.49206370689018586,0.8849226765262787,0.04103485629416852,21.565146230377696,0.9142857142857143,1.4647625401895172,-0.15502863701445835,0.10800051689147949
SLV,1d,1,0.7,0.75,10,30,0.8230496797167061,-0.6163647092785756,0.8161166753007748,0.05553757322821336,14.694856614407911,0.7428571428571429,1.242568753363645,-0.13261183769608265,0.10587215423583984
SLV,1d,1,0.7,0.75,12,26,0.792912324464046,-0.6081528038449274,0.79127207452566,0.043994359278216655,17.985761981933216,0.7714285714285715,1.2596522855294001,-0.13261183769608265,0.10466790199279785
SLV,1d,1,0.7,0.75,20,50,0.6598500641486111,-0.21623387851950315,0.6668172513339182,0.062257500023189624,10.71063327447364,0.17142857142857143,0.3632301254238872,-0.021380866616357408,0.10159897804260254
SLV,1d,1,0.7,1.0,8,21,1.1224137829555645,-0.5704207061903842,1.0777068512806092,0.033662486743549186,32.01506945968965,0.9428571428571428,1.6165677018229478,-0.1561733886292075,0.10840177536010742
SLV,1d,1,0.7,1.0,9,21,1.102733978580076,-0.5670191015004444,1.0611109705107205,0.047696436608613973,22.24717496650649,0.9142857142857143,1.5322919445225667,-0.18998984484077253,0.11357283592224121
SLV,1d,1,0.7,1.0,10,30,1.005055455405585,-0.6878053287773309,0.9823088049396415,0.06474846516568204,15.171151971341004,0.7428571428571429,1.2780365572933239,-0.16522480461407718,0.10841107368469238
SLV,1d,1,0.7,1.0,12,26,0.9683099388492807,-0.6794185437459419,0.9518841871102521,0.04851332556399877,19.62108711460167,0.7714285714285715,1.29844106314849,-0.16522480461407718,0.10630440711975098
SLV,1d,1,0.7,1.0,20,50,0.7948969177688587,-0.28393784588392434,0.7937388686887089,0.06342655188408083,12.514299534039878,0.17142857142857143,0.3631556250109225,-0.021380866616357408,0.09842205047607422
SLV,1d,1,0.85,0.0,8,21,-0.020941869967590506,-0.21607257157952864,0.024034838153509975,0.2905340878279288,0.08272639652440648,0.34285714285714286,-0.16323926471025302,-0.09956622008566307,0.10926413536071777
SLV,1d,1,0.85,0.0,9,21,-0.09855855540439344,-0.32614506065696913,0.01047327767971013,0.31976289400179303,0.03275326148271413,0.3142857142857143,0.025480919543989296,-0.09956622008566307,0.10678505897521973
SLV,1d,1,0.85,0.0,10,30,-0.16980606977667245,-0.4159168370661067,-0.10927103448773028,0.3412852991421831,-0.32017504053758494,0.2857142857142857,0.2074396493284855,-0.09956622008566307,0.10486960411071777
SLV,1d,1,0.85,0.0,12,26,-0.1354278743908178,-0.372414779055967,-0.061098328231850796,0.31762847397302246,-0.19235784332433664,0.2857142857142857,0.15931049305721845,-0.09956622008566307,0.1061863899230957
SLV,1d,1,0.85,0.0,20,50,-0.05570574159092241,-0.2634668110732902,0.03119900272084055,0.270302044830286,0.11542274029199225,0.11428571428571428,0.18393127577999793,-0.027476082705805704,0.10094881057739258
SLV,1d,1,0.85,0.25,8,21,0.37849850768659427,-0.2032150082843892,0.39392185586857403,0.07016744961907666,5.6140255632360505,0.9428571428571428,1.2428962986632202,-0.08472514061321834,0.11069703102111816
SLV,1d,1,0.85,0.25,9,21,0.3466798565883239,-0.34353472408658736,0.38592309206193826,0.0776439887850138,4.9704181624479595,0.9142857142857143,1.2225288259440419,-0.060580165742817216,0.10959434509277344
SLV,1d,1,0.85,0.25,10,30,0.29014578938641256,-0.45417710540446665,0.3295387143841408,0.07402222040167432,4.451889075954913,0.7714285714285715,1.2187153669524105,-0.08395223376758465,0.10536313056945801
SLV,1d,1,0.85,0.25,12,26,0.2844174883790679,-0.40169232062730953,0.3272826469482405,0.07454436897123644,4.390440907408113,0.8,1.229670975281245,-0.08395223376758465,0.10803556442260742
SLV,1d,1,0.85,0.25,20,50,0.25316672061778456,-0.2599540726470544,0.30380156246175577,0.08980410036906616,3.382936427326017,0.17142857142857143,0.29912720607824544,-0.027476082705805704,0.1037299633026123
SLV,1d,1,0.85,0.5,8,21,0.6994817265336528,-0.23135619909286997,0.6916523861416832,0.0377871416288778,18.303908587070968,0.9428571428571428,1.3836724529844189,-0.12046884485172671,0.11184191703796387
SLV,1d,1,0.85,0.5,9,21,0.6717550600611079,-0.3936668501060735,0.6755446915830665,0.0413107922252449,16.352741140854793,0.9142857142857143,1.341471523313682,-0.09246930073468496,0.1115729808807373
SLV,1d,1,0.85,0.5,10,30,0.6024915660500272,-0.5170250608946803,0.6144389818635837,0.0522188549512895,11.76661155126326,0.7714285714285715,1.2747252672780511,-0.11946941227905161,0.10638976097106934
SLV,1d,1,0.85,0.5,12,26,0.5797073303145802,-0.4592921969807553,0.5925352669446085,0.04689310858144271,12.635870917269408,0.8,1.2920979538358535,-0.11946941227905161,0.10362052917480469
SLV,1d,1,0.85,0.5,20,50,0.48960199556977707,-0.2939047617352323,0.5124666520650732,0.0667963205350342,7.672079060047747,0.17142857142857143,0.2989816243565045,-0.027476082705805704,0.09716510772705078
SLV,1d,1,0.85,0.75,8,21,0.9478806308853822,-0.2863012121794223,0.9254647674394221,0.029964817146930802,30.885046382944953,0.9428571428571428,1.4847060794194384,-0.15586376515463385,0.10593342781066895
SLV,1d,1,0.85,0.75,9,21,0.9197208430699992,-0.46152569764839135,0.9027378291182581,0.038206362846799305,23.627944715336437,0.9142857142857143,1.4270756808769132,-0.12433370836348168,0.10732817649841309
SLV,1d,1,0.85,0.75,10,30,0.836406227080404,-0.5894961516982529,0.8324086188865583,0.056452040339362644,14.745412457769747,0.7714285714285715,1.3179287739409182,-0.15465534465236774,0.10382723808288574
SLV,1d,1,0.85,0.75,12,26,0.8017018241788681,-0.5302013180364232,0.7969548200319364,0.045413330059452944,17.548918323950293,0.8,1.3400369015777562,-0.15465534465236774,0.10674071311950684
SLV,1d,1,0.85,0.75,20,50,0.6690819375605751,-0.35098203464818956,0.6760380144450484,0.06390309058236152,10.579112970658855,0.17142857142857143,0.29887612871505476,-0.027476082705805704,0.09785819053649902
SLV,1d,1,0.85,1.0,8,21,1.1445919850888209,-0.35691438147679433,1.111349586332603,0.030780891299566897,36.10517887596843,0.9428571428571428,1.563292172529159,-0.19090990152193987,0.11263632774353027
SLV,1d,1,0.85,1.0,9,21,1.1153456496112104,-0.5364030523132376,1.0833010436412691,0.0449810576782231,24.08349424308297,0.9142857142857143,1.4939567767755855,-0.1561733886292075,0.11387825012207031
SLV,1d,1,0.85,1.0,10,30,1.0199782378276718,-0.6620748944829582,1.0044596231601588,0.06493997893243787,15.46750768436769,0.7714285714285715,1.352744463042771,-0.18951003088753282,0.1131906509399414
SLV,1d,1,0.85,1.0,12,26,0.97606101721248,-0.60434460237683,0.9586079045951748,0.05014569990404285,19.1164527851747,0.8,1.3784336143099536,-0.18951003088753282,0.11712408065795898
SLV,1d,1,0.85,1.0,20,50,0.810432030098546,-0.42048770488949605,0.80605109973125,0.06528392246441206,12.346854620609678,0.17142857142857143,0.2987961847012371,-0.027476082705805704,0.11072444915771484
SLV,1d,1,1.0,0.0,8,21,-0.029757212339744148,-0.2297164777174513,0.05703532644107423,0.26865247663015945,0.21230150995254712,0.4,-0.09758917676078967,-0.09956622008566307,0.11250138282775879
SLV,1d,1,1.0,0.0,9,21,-0.11696327080943993,-0.3515504893977154,0.010506239795265581,0.2985244409538083,0.035193901583727434,0.34285714285714286,0.0447683268015583,-0.09956622008566307,0.11229085922241211
SLV,1d,1,1.0,0.0,10,30,-0.1760730944350404,-0.4236908656066567,-0.10993864050539512,0.3181453574567111,-0.3455610397217696,0.2857142857142857,0.20648507823548193,-0.09956622008566307,0.10769128799438477
SLV,1d,1,1.0,0.0,12,26,-0.11754637641705569,-0.35089798000654704,-0.0387215203192661,0.29939079095417487,-0.12933437329805134,0.2857142857142857,0.1575048003442348,-0.09956622008566307,0.11004471778869629
SLV,1d,1,1.0,0.0,20,50,-0.09722145415495934,-0.32222255497657126,0.007679559877188602,0.26492874156690616,0.02898726590315674,0.11428571428571428,0.18393127577999793,-0.027476082705805704,0.10144662857055664
SLV,1d,1,1.0,0.25,8,21,0.3739473387393061,-0.22112584700688875,0.4059433270180229,0.06453148052736242,6.290624726111718,0.9428571428571428,1.2510051976200578,-0.08633793749637364,0.11149334907531738
SLV,1d,1,1.0,0.25,9,21,0.33933923518288855,-0.3747196030626918,0.3851063131995009,0.06945741574108692,5.5444952722549194,0.9142857142857143,1.2235843455950863,-0.06219296262597229,0.12036848068237305
SLV,1d,1,1.0,0.25,10,30,0.29473000885839756,-0.4631954264073762,0.33179353970515996,0.06904849315012804,4.805224916114549,0.7428571428571429,1.2175393430929942,-0.08408561915305535,0.11865520477294922
SLV,1d,1,1.0,0.25,12,26,0.2904795325295987,-0.37577654037385133,0.3340747800140999,0.0725777630572677,4.6029908603065826,0.8,1.2265503166366918,-0.08408561915305535,0.10456514358520508
SLV,1d,1,1.0,0.25,20,50,0.2368335381847075,-0.3335407980808066,0.29900991185981496,0.08664488459684414,3.450981708280858,0.17142857142857143,0.29912720607824544,-0.027476082705805704,0.11644721031188965
SLV,1d,1,1.0,0.5,8,21,0.6964438441157885,-0.25276501910209204,0.7037085172040162,0.03560842656608704,19.762415390581122,0.9428571428571428,1.3892477477564578,-0.12358616627720898,0.11634445190429688
SLV,1d,1,1.0,0.5,9,21,0.6672646338691425,-0.4285034054478818,0.6810272723254379,0.037643771552370316,18.09136662563121,0.9142857142857143,1.3431055347015086,-0.095586622160167,0.1109004020690918
SLV,1d,1,1.0,0.5,10,30,0.6129760215114175,-0.5265332218737203,0.6222322825450146,0.05040759071690856,12.344019495783895,0.7714285714285715,1.2736178438295116,-0.11972722845188599,0.10986876487731934
SLV,1d,1,1.0,0.5,12,26,0.5837521920858026,-0.4308755733945774,0.5989678668052157,0.04641407239876648,12.904876384454775,0.8,1.2896143034104368,-0.11972722845188599,0.11386442184448242
SLV,1d,1,1.0,0.5,20,50,0.47947024665103183,-0.37793635898237676,0.5153868702504452,0.06453953021236805,7.985599965704102,0.17142857142857143,0.2989816243565045,-0.027476082705805704,0.11771941184997559
SLV,1d,1,1.0,0.75,8,21,0.9455714513762045,-0.3102327779917381,0.938856175661457,0.029607122915902558,31.71048326202541,0.9428571428571428,1.4909678262022728,-0.16037733878161364,0.11385059356689453
SLV,1d,1,1.0,0.75,9,21,0.9164675641508916,-0.4978999886575086,0.9128413902212588,0.03441118859601071,26.527458872114767,0.9142857142857143,1.4305062137856843,-0.12884728199046158,0.11546754837036133
SLV,1d,1,1.0,0.75,10,30,0.8512889795707903,-0.5988556387716228,0.8443161242460058,0.054766089787622825,15.416768433170517,0.7714285714285715,1.3169591170497028,-0.15502863701445835,0.10763096809387207
SLV,1d,1,1.0,0.75,12,26,0.8050389114848695,-0.5010658928745746,0.80404948079313,0.045239146038687214,17.77331252242317,0.8,1.3379240045582537,-0.15502863701445835,0.10415530204772949
SLV,1d,1,1.0,0.75,20,50,0.6614386840832004,-0.4408727870234461,0.6836528008397924,0.06121252107300697,11.168512403277969,0.17142857142857143,0.29887612871505476,-0.027476082705805704,0.1077113151550293
SLV,1d,1,1.0,1.0,8,21,1.1427586017148166,-0.3823305494214787,1.126041832782701,0.03106981620007221,36.24230750293541,0.9428571428571428,1.5706574516224783,-0.1967114550095893,0.10972809791564941
SLV,1d,1,1.0,1.0,9,21,1.1128467606766324,-0.5724669416049415,1.0969896675386746,0.03946223238943382,27.79846960286003,0.9142857142857143,1.4990836957699476,-0.1619749421168566,0.10553932189941406
SLV,1d,1,1.0,1.0,10,30,1.0383169454878496,-0.6708134465685196,1.0195773574721874,0.06269278878553325,16.263072312193284,0.7714285714285715,1.3518979095105583,-0.18998984484077253,0.10292840003967285
SLV,1d,1,1.0,1.0,12,26,0.9790053701680901,-0.5759693945023105,0.9664098579333746,0.04982256711454554,19.397030580771386,0.8,1.3765764943306438,-0.18998984484077253,0.10336637496948242
SLV,1d,1,1.0,1.0,20,50,0.8042165495578742,-0.51200723351728,0.8170556571615626,0.06198888666960444,13.180679651764043,0.17142857142857143,0.2987961847012371,-0.027476082705805704,0.09632420539855957
SLV,1d,2,0.0,0.0,8,21,-0.029752390836011992,-0.22912048436068155,0.03427653566015905,0.34682058026044665,0.09883074307302904,0.34285714285714286,0.14744610548392498,-0.08477945202279324,0.10782694816589355
SLV,1d,2,0.0,0.0,9,21,-0.11453454223592435,-0.3497196384257263,-0.015547500781856701,0.30283130672251735,-0.05134046723941521,0.34285714285714286,0.1772335617693326,-0.08477945202279324,0.10791015625
SLV,1d,2,0.0,0.0,10,30,-0.14804627891929795,-0.3834455187359447,-0.04540366183275842,0.39446039251338433,-0.11510322124728364,0.22857142857142856,0.14633386184672584,-0.07621180877399014,0.11334753036499023
SLV,1d,2,0.0,0.0,12,26,-0.11984064504248625,-0.3517310320990138,-0.02633367857838908,0.33111710419828433,-0.07952980454497924,0.2857142857142857,0.18180020998033955,-0.07621180877399014,0.10999131202697754
SLV,1d,2,0.0,0.0,20,50,-0.008959523242502767,-0.19327415115458146,0.11050826940576537,0.2850649306154657,0.3876599943990794,0.11428571428571428,0.2483280196028336,-0.021380866616357408,0.10705685615539551
SLV,1d,2,0.0,0.25,8,21,0.3308006264434169,-0.22442860263879238,0.3808633476746221,0.09485419609171611,4.015250388146867,0.9428571428571428,1.3401638208632518,-0.03923847892292254,0.11459493637084961
SLV,1d,2,0.0,0.25,9,21,0.30729888666980376,-0.37170531703478804,0.35697866858355,0.08178841506546292,4.36466054878098,0.9142857142857143,1.275498811200383,-0.06327451509404647,0.11119413375854492
SLV,1d,2,0.0,0.25,10,30,0.26074706668930675,-0.42004946863683834,0.331313593457209,0.10403664410084723,3.1845855498381166,0.7428571428571429,1.1874217843512664,-0.0446573464406721,0.11217069625854492
SLV,1d,2,0.0,0.25,12,26,0.27475172081211413,-0.3792426398975246,0.3298131881503047,0.09563454384663715,3.4486826086524185,0.7714285714285715,1.240567465910034,-0.0446573464406721,0.1132509708404541
SLV,1d,2,0.0,0.25,20,50,0.2501499988635425,-0.17666066117607804,0.31626169673135646,0.10116883005125182,3.1260784232766086,0.17142857142857143,0.3634635892066195,-0.021380866616357408,0.11420869827270508
SLV,1d,2,0.0,0.5,8,21,0.6117901123943088,-0.2610363646667071,0.637900645426895,0.05271015485525022,12.102044609405214,0.9428571428571428,1.4459683481369188,-0.06676958333147642,0.14965486526489258
SLV,1d,2,0.0,0.5,9,21,0.601182156882757,-0.42468389615973223,0.6202613913419063,0.04948310503048615,12.534811446447593,0.9142857142857143,1.3788259194922021,-0.09479144834567077,0.13860678672790527
SLV,1d,2,0.0,0.5,10,30,0.5376068017142233,-0.48377967388166176,0.5747288534354955,0.05684004742341631,10.111336627751042,0.7428571428571429,1.2379931131911166,-0.07203317047617386,0.13248825073242188
SLV,1d,2,0.0,0.5,12,26,0.5475054105619401,-0.437236936839014,0.5707440182077214,0.057728525658190054,9.886689668589325,0.7714285714285715,1.2919705356514255,-0.07203317047617386,0.10576510429382324
SLV,1d,2,0.0,0.5,20,50,0.4615149490046784,-0.2026598737579618,0.49282438727475375,0.0723618545149031,6.81055496129187,0.17142857142857143,0.363328318062566,-0.021380866616357408,0.09575486183166504
SLV,1d,2,0.0,0.75,8,21,0.8283957762212145,-0.32370876352504885,0.8403851513488295,0.04046399468574253,20.768714455296696,0.9428571428571428,1.5222290295872238,-0.09428703548692097,0.10513091087341309
SLV,1d,2,0.0,0.75,9,21,0.823816411159898,-0.4936717157518341,0.8250763292227612,0.04128476252957503,19.98500847938035,0.9142857142857143,1.4517600776984727,-0.12602166863797004,0.10638070106506348
SLV,1d,2,0.0,0.75,10,30,0.7448284494649474,-0.5591833486844093,0.7631859913284471,0.046493860471856746,16.414769253037445,0.7428571428571429,1.2766272695810252,-0.0993954192597255,0.10135293006896973
SLV,1d,2,0.0,0.75,12,26,0.7530087378284562,-0.5100596728558995,0.7576224135518068,0.04733222356431115,16.00648261374012,0.7714285714285715,1.3304746349172343,-0.0993954192597255,0.10546755790710449
SLV,1d,2,0.0,0.75,20,50,0.6240043489118435,-0.2569621519971925,0.6358317741052618,0.06820475333428272,9.322396798195951,0.17142857142857143,0.3632301254238872,-0.021380866616357408,0.12818193435668945
SLV,1d,2,0.0,1.0,8,21,0.9998735193398997,-0.40060445196327343,1.0015812244879472,0.03946754055308729,25.37734073246173,0.9428571428571428,1.5815432928212791,-0.12179083538925628,0.1524066925048828
SLV,1d,2,0.0,1.0,9,21,0.9991923876251124,-0.56818373245045,0.9875904751648246,0.04091987496961615,24.134738336764975,0.9142857142857143,1.5082188380927002,-0.15696517597094284,0.11442112922668457
SLV,1d,2,0.0,1.0,10,30,0.9075244009856545,-0.6359908517686135,0.912556252286827,0.04911059303551058,18.581658169490673,0.7428571428571429,1.307640947651651,-0.1267440927913266,0.10273575782775879
SLV,1d,2,0.0,1.0,12,26,0.9146268574419415,-0.5870005050807126,0.9058214251374542,0.04611808665975395,19.641348779717287,0.7714285714285715,1.3610342041395684,-0.1267440927913266,0.10395336151123047
SLV,1d,2,0.0,1.0,20,50,0.7525219387928339,-0.32826444893939766,0.7506771523344293,0.069681358508499,10.772998236578145,0.17142857142857143,0.3631556250109225,-0.021380866616357408,0.10541749000549316
SLV,1d,2,0.1,0.0,8,21,-0.03577395307916016,-0.2381111329095562,0.049267142951355335,0.3274953198157035,0.15043617410801532,0.3142857142857143,0.07980362517205875,-0.08477945202279324,0.10413503646850586
SLV,1d,2,0.1,0.0,9,21,-0.1485457431001209,-0.3906149481112977,-0.011631501035900348,0.3017809612272131,-0.038542858994815465,0.3142857142857143,0.12426929443845011,-0.08477945202279324,0.10720705986022949
SLV,1d,2,0.1,0.0,10,30,-0.15681826914377425,-0.3943352702620264,-0.05238905732930159,0.3983650962311742,-0.13151015946161063,0.22857142857142856,0.14633386184672584,-0.07621180877399014,0.10455083847045898
SLV,1d,2,0.1,0.0,12,26,-0.13925246998269875,-0.3770919439776108,-0.020284858509428464,0.31435913194324194,-0.06452765785436425,0.2857142857142857,0.18180020998033955,-0.07621180877399014,0.12124371528625488
SLV,1d,2,0.1,0.0,20,50,0.01151580670687352,-0.15928687596800828,0.09308861841740239,0.29452502136100717,0.3160635316729209,0.11428571428571428,0.2483280196028336,-0.021380866616357408,0.10426878929138184
SLV,1d,2,0.1,0.25,8,21,0.33857688477896924,-0.23636121576226143,0.387235844695112,0.08931458728651077,4.335639411879099,0.9428571428571428,1.327336490211929,-0.06314033529091223,0.11671710014343262
SLV,1d,2,0.1,0.25,9,21,0.30294061266484124,-0.42169499798096977,0.3597293682334424,0.0828415460752672,4.342378737193096,0.9142857142857143,1.2650572885953244,-0.08389217968769658,0.13499164581298828
SLV,1d,2,0.1,0.25,10,30,0.2609198152604936,-0.4326125838398498,0.3284545730123927,0.09792240686356063,3.3542330456607563,0.7428571428571429,1.1874217843512664,-0.0446573464406721,0.11059880256652832
SLV,1d,2,0.1,0.25,12,26,0.27027913344704785,-0.4099846269420373,0.33154058404697695,0.09099379026375341,3.643551753212804,0.7714285714285715,1.240567465910034,-0.0446573464406721,0.10911154747009277
SLV,1d,2,0.1,0.25,20,50,0.2593285612370229,-0.132027920316793,0.3123785051654034,0.1035740837820982,3.0159910062307986,0.17142857142857143,0.3634635892066195,-0.021380866616357408,0.09746146202087402
SLV,1d,2,0.1,0.5,8,21,0.6284957011570882,-0.27541243082935385,0.6447256389875731,0.04987259485645227,12.927453260518721,0.9428571428571428,1.4425327785568047,-0.08828466489139619,0.12573909759521484
SLV,1d,2,0.1,0.5,9,21,0.6060060043073919,-0.4803071667692831,0.6242797721694894,0.04960390397844076,12.58529515017243,0.9142857142857143,1.3766867809672854,-0.11260654426594574,0.10799622535705566
SLV,1d,2,0.1,0.5,10,30,0.5420203060271,-0.49695733321250835,0.5760453478960044,0.05322061545740596,10.823725786430083,0.7428571428571429,1.2379931131911166,-0.07203317047617386,0.10992026329040527
SLV,1d,2,0.1,0.5,12,26,0.5485360346347599,-0.47110091195615833,0.5740532170511312,0.05643552395073053,10.171841720691607,0.7714285714285715,1.2919705356514255,-0.07203317047617386,0.11201095581054688
SLV,1d,2,0.1,0.5,20,50,0.46770403355671675,-0.149227395893069,0.49369146629975746,0.07468196545783129,6.610584808169214,0.17142857142857143,0.363328318062566,-0.021380866616357408,0.10305166244506836
SLV,1d,2,0.1,0.75,8,21,0.8518717246266098,-0.33985978412371576,0.8481728279524644,0.0400655090980184,21.169650580938562,0.9428571428571428,1.5234077512762816,-0.11326852560943457,0.1102755069732666
SLV,1d,2,0.1,0.75,9,21,0.8343404283696665,-0.5515338152395137,0.8302108242331157,0.041533629305290726,19.98888221712327,0.9142857142857143,1.4538586939160678,-0.14096761307353012,0.10760974884033203
SLV,1d,2,0.1,0.75,10,30,0.7521105200953637,-0.5720862661761457,0.7676604940202648,0.04520913584756556,16.98020719990387,0.7428571428571429,1.2766272695810252,-0.0993954192597255,0.10710787773132324
SLV,1d,2,0.1,0.75,12,26,0.7573757028870711,-0.5448834335552375,0.7623236028385325,0.04726657438298818,16.128175413382657,0.7714285714285715,1.3304746349172343,-0.0993954192597255,0.12142205238342285
SLV,1d,2,0.1,0.75,20,50,0.6290138612494306,-0.19707025395577948,0.6395538330097732,0.07029618615605567,9.097987643170011,0.17142857142857143,0.3632301254238872,-0.021380866616357408,0.09890508651733398
SLV,1d,2,0.1,1.0,8,21,1.0286777425493108,-0.41779576760814385,1.0102427828907277,0.040927960593477794,24.683438124979972,0.9428571428571428,1.585815194355405,-0.13809191744502747,0.1082913875579834
SLV,1d,2,0.1,1.0,9,21,1.0139414946506373,-0.6253490681943608,0.993618675123017,0.04183491965050566,23.750940205546854,0.9142857142857143,1.5132128242483065,-0.16897538611044904,0.11045503616333008
SLV,1d,2,0.1,1.0,10,30,0.916984366963756,-0.6479687794078426,0.9195183923707428,0.04941248584897133,18.60902920733921,0.7428571428571429,1.307640947651651,-0.1267440927913266,0.10287308692932129
SLV,1d,2,0.1,1.0,12,26,0.9214498578018102,-0.6209646647174291,0.9116409743740552,0.04601338683975293,19.812516247694457,0.7714285714285715,1.3610342041395684,-0.1267440927913266,0.10362386703491211
SLV,1d,2,0.1,1.0,20,50,0.7568459236757774,-0.26441530982784667,0.7564722753230954,0.07135633570727856,10.601332983609652,0.17142857142857143,0.3631556250109225,-0.021380866616357408,0.09523415565490723
SLV,1d,2,0.25,0.0,8,21,0.07165349346526134,-0.05498083955510635,0.03145767547417973,0.29826099348794716,0.10547029668983834,0.3142857142857143,0.07980362517205875,-0.08477945202279324,0.10902094841003418
SLV,1d,2,0.25,0.0,9,21,-0.2147011355504971,-0.4683921325428332,0.008960294643819464,0.3171857835536023,0.028249357658569944,0.3142857142857143,0.12426929443845011,-0.08477945202279324,0.10443687438964844
SLV,1d,2,0.25,0.0,10,30,-0.14277444733500275,-0.3800424092506258,-0.05469360867448393,0.3775022285420117,-0.1448828762831983,0.22857142857142856,0.14633386184672584,-0.07621180877399014,0.11477446556091309
SLV,1d,2,0.25,0.0,12,26,-0.14986294391556285,-0.38912510518877885,-0.02483738836744568,0.30262225601734843,-0.08207389864287386,0.2857142857142857,0.18180020998033955,-0.07621180877399014,0.10958576202392578
SLV,1d,2,0.25,0.0,20,50,0.0594692841478906,-0.07401088247686927,0.07799965186534753,0.3045414746069551,0.25612160697000247,0.11428571428571428,0.2483280196028336,-0.021380866616357408,0.10821175575256348
SLV,1d,2,0.25,0.25,8,21,0.376252122329269,0.0010833386009023727,0.3780416374382116,0.07559362063528438,5.000972757504823,0.9428571428571428,1.327336490211929,-0.06314033529091223,0.11318302154541016
SLV,1d,2,0.25,0.25,9,21,0.29441224102503605,-0.5129351949396609,0.36902220753133164,0.08623343265473636,4.279340345975003,0.9142857142857143,1.2650572885953244,-0.08389217968769658,0.11115527153015137
SLV,1d,2,0.25,0.25,10,30,0.26891969325707743,-0.416789636979247,0.32742365710712334,0.09519510588331075,3.4395009498542515,0.7428571428571429,1.1874217843512664,-0.0446573464406721,0.10693120956420898
SLV,1d,2,0.25,0.25,12,26,0.2700137182865173,-0.4234383817548806,0.3299715248819225,0.08596134793219395,3.8386034283943875,0.7714285714285715,1.240567465910034,-0.0446573464406721,0.10890579223632812
SLV,1d,2,0.25,0.25,20,50,0.28468542317763557,-0.018361314200127432,0.31008380294139837,0.10284427984522786,3.0150806968365074,0.17142857142857143,0.3634635892066195,-0.021380866616357408,0.09615039825439453
SLV,1d,2,0.25,0.5,8,21,0.656539731521328,0.004779213485237133,0.6460123625581905,0.04110743154098821,15.71522078469076,0.9428571428571428,1.4425327785568047,-0.08828466489139619,0.10854053497314453
SLV,1d,2,0.25,0.5,9,21,0.6159601723131883,-0.5776156976534622,0.6340630719001267,0.048795519350786264,12.994288826847168,0.9142857142857143,1.3766867809672854,-0.11260654426594574,0.10837244987487793
SLV,1d,2,0.25,0.5,10,30,0.5516786720943959,-0.48132162953799007,0.5802796979309367,0.05452313709644448,10.642815671161692,0.7428571428571429,1.2379931131911166,-0.07203317047617386,0.10978317260742188
SLV,1d,2,0.25,0.5,12,26,0.553143272488545,-0.48479135541737584,0.5763770641657959,0.05345365223787135,10.782744303436742,0.7714285714285715,1.2919705356514255,-0.07203317047617386,0.10383915901184082
SLV,1d,2,0.25,0.5,20,50,0.4897993056972831,-0.010933836431639032,0.49628514007745006,0.0727839174178302,6.818609902905183,0.17142857142857143,0.363328318062566,-0.021380866616357408,0.09829950332641602
SLV,1d,2,0.25,0.75,8,21,0.8774810340770017,-0.03076859914883734,0.8569779211489756,0.03593665828047221,23.846900690113774,0.9428571428571428,1.5234077512762816,-0.11326852560943457,0.12876558303833008
SLV,1d,2,0.25,0.75,9,21,0.8557360050780201,-0.648428812810161,0.8416798195120714,0.04011043696010362,20.98406009262027,0.9142857142857143,1.4538586939160678,-0.14096761307353012,0.12303376197814941
SLV,1d,2,0.25,0.75,10,30,0.7637250131272116,-0.5577062976632747,0.7757327790115818,0.048822156589623286,15.888949468824915,0.7428571428571429,1.2766272695810252,-0.0993954192597255,0.11221599578857422
SLV,1d,2,0.25,0.75,12,26,0.7652065085702165,-0.5579176369838995,0.7673146559709662,0.04583576375144492,16.74052297092524,0.7714285714285715,1.3304746349172343,-0.0993954192597255,0.11557650566101074
SLV,1d,2,0.25,0.75,20,50,0.6512556952989755,-0.039315635694924134,0.6452409210064378,0.06818545110615075,9.46302929054367,0.17142857142857143,0.3632301254238872,-0.021380866616357408,0.11404871940612793
SLV,1d,2,0.25,1.0,8,21,1.0534186075505412,-0.09396952287687221,1.0248880421198185,0.04045354393600002,25.33493836142648,0.9428571428571428,1.585815194355405,-0.13809191744502747,0.10865235328674316
SLV,1d,2,0.25,1.0,9,21,1.0437729816828443,-0.7168517102034019,1.0067089157051068,0.04168201409248666,24.15211782883999,0.9142857142857143,1.5132128242483065,-0.16897538611044904,0.1125481128692627
SLV,1d,2,0.25,1.0,10,30,0.9302671866020971,-0.6354059143283615,0.9305561103788833,0.05354369349772268,17.379378402770474,0.7428571428571429,1.307640947651651,-0.1267440927913266,0.11790990829467773
SLV,1d,2,0.25,1.0,12,26,0.9316743382037732,-0.632747471773654,0.9186290159635628,0.04562868934084582,20.13270662020147,0.7714285714285715,1.3610342041395684,-0.1267440927913266,0.1098325252532959
SLV,1d,2,0.25,1.0,20,50,0.7797843874071125,-0.09300172954008246,0.7644489065977674,0.06910424115452404,11.062257450861557,0.17142857142857143,0.3631556250109225,-0.021380866616357408,0.11587166786193848
SLV,1d,2,0.4,0.0,8,21,0.02412962270851674,-0.13928332331307303,0.032026167996128216,0.2627855869219403,0.12187185899826955,0.3142857142857143,0.07980362517205875,-0.08477945202279324,0.11979055404663086
SLV,1d,2,0.4,0.0,9,21,-0.19837417102245702,-0.44948766135037244,-0.01163617360097106,0.3093780990359764,-0.03761149750816051,0.3142857142857143,0.12426929443845011,-0.08477945202279324,0.1132805347442627
SLV,1d,2,0.4,0.0,10,30,-0.1357351047619886,-0.3727524516465772,-0.05556637680603965,0.3835842184612377,-0.14486095655589334,0.22857142857142856,0.14633386184672584,-0.07621180877399014,0.11788582801818848
SLV,1d,2,0.4,0.0,12,26,-0.1814215366769819,-0.42856140060382686,-0.03708070777593139,0.3067162089615585,-0.12089582060718157,0.2857142857142857,0.18180020998033955,-0.07621180877399014,0.13503527641296387
SLV,1d,2,0.4,0.0,20,50,0.05292718639268996,-0.08628981765716937,0.07927195598609264,0.3093522444349984,0.256251433154704,0.11428571428571428,0.2483280196028336,-0.021380866616357408,0.10595250129699707
SLV,1d,2,0.4,0.25,8,21,0.3692808809267497,-0.10903863851314399,0.37862905323120705,0.0707977390889055,5.34803876654503,0.9428571428571428,1.327336490211929,-0.06314033529091223,0.11345028877258301
SLV,1d,2,0.4,0.25,9,21,0.3007817088531334,-0.4915641998413445,0.3606839601101283,0.08213171065347302,4.391531081483403,0.9142857142857143,1.2650572885953244,-0.08389217968769658,0.11078310012817383
SLV,1d,2,0.4,0.25,10,30,0.26954643036172937,-0.4086128184790401,0.3310351128174721,0.0952306387632585,3.4761408420289914,0.7428571428571429,1.1874217843512664,-0.0446573464406721,0.10945940017700195
SLV,1d,2,0.4,0.25,12,26,0.2649942649976737,-0.46847042392113414,0.32786416112505606,0.0849470922080188,3.859627829545724,0.7714285714285715,1.240567465910034,-0.0446573464406721,0.10947537422180176
SLV,1d,2,0.4,0.25,20,50,0.2850479433227967,-0.036354871700716496,0.3111863431356126,0.10312953076011737,3.0174319696987872,0.17142857142857143,0.3634635892066195,-0.021380866616357408,0.10595273971557617
SLV,1d,2,0.4,0.5,8,21,0.6630921234559329,-0.12618458808590793,0.6518547559741836,0.04242475767273408,15.36496120974012,0.9428571428571428,1.4425327785568047,-0.08828466489139619,0.10842394828796387
SLV,1d,2,0.4,0.5,9,21,0.6233769642693413,-0.555616993187008,0.6336144903129629,0.04363210892100923,14.521747996642723,0.9142857142857143,1.3766867809672854,-0.11260654426594574,0.10944366455078125
SLV,1d,2,0.4,0.5,10,30,0.5521485194623513,-0.4730081811017752,0.587474186640253,0.0538866481307294,10.902036163300346,0.7428571428571429,1.2379931131911166,-0.07203317047617386,0.10589265823364258
SLV,1d,2,0.4,0.5,12,26,0.5584577588266391,-0.5315203056473304,0.5780139021677766,0.05364193409592128,10.775411288008097,0.7714285714285715,1.2919705356514255,-0.07203317047617386,0.10923123359680176
SLV,1d,2,0.4,0.5,20,50,0.4948085234770412,-0.0351119622067112,0.49791862251386,0.07180891314543775,6.933938987565562,0.17142857142857143,0.363328318062566,-0.021380866616357408,0.10138416290283203
SLV,1d,2,0.4,0.75,8,21,0.8924197167476807,-0.17641878082189622,0.8668128482965447,0.03726760664852189,23.259149868990157,0.9428571428571428,1.5234077512762816,-0.11326852560943457,0.1149437427520752
SLV,1d,2,0.4,0.75,9,21,0.8647094918519006,-0.6272922123468384,0.8463251257778394,0.0346437394514708,24.42938144605832,0.9142857142857143,1.4538586939160678,-0.14096761307353012,0.11047863960266113
SLV,1d,2,0.4,0.75,10,30,0.7642923118939069,-0.5498391049606451,0.7858991520353651,0.049908699332970465,15.746736792160558,0.7428571428571429,1.2766272695810252,-0.0993954192597255,0.10753583908081055
SLV,1d,2,0.4,0.75,12,26,0.7769503289194674,-0.6031727122793236,0.7714446735103655,0.04798957792925686,16.075254394768372,0.7714285714285715,1.3304746349172343,-0.0993954192597255,0.10840773582458496
SLV,1d,2,0.4,0.75,20,50,0.6595685823607453,-0.06939013929637405,0.647296051228353,0.06698839808375019,9.662808333154809,0.17142857142857143,0.3632301254238872,-0.021380866616357408,0.11656832695007324
SLV,1d,2,0.4,1.0,8,21,1.0745632495685515,-0.24785628906245505,1.0378531407067118,0.03971147978663721,26.134839252601868,0.9428571428571428,1.585815194355405,-0.13809191744502747,0.12759923934936523
SLV,1d,2,0.4,1.0,9,21,1.0541552201041882,-0.6976075027218157,1.0151592671081815,0.0372806812762484,27.230169416322912,0.9142857142857143,1.5132128242483065,-0.16897538611044904,0.11677837371826172
SLV,1d,2,0.4,1.0,10,30,0.9309427917972829,-0.6283688267741061,0.9431259472723849,0.05657846729862701,16.669344227627594,0.7428571428571429,1.307640947651651,-0.1267440927913266,0.11208915710449219
SLV,1d,2,0.4,1.0,12,26,0.9481506835427217,-0.6742952783601568,0.924635241193546,0.049467817836694475,18.691652100887005,0.7714285714285715,1.3610342041395684,-0.1267440927913266,0.11623024940490723
SLV,1d,2,0.4,1.0,20,50,0.7906489287785649,-0.12815379177910846,0.7668254970160315,0.06803975868928254,11.270255976625327,0.17142857142857143,0.3631556250109225,-0.021380866616357408,0.10126018524169922
SLV,1d,2,0.55,0.0,8,21,-0.01672630053616773,-0.2076839810759612,0.046375484960096025,0.2686544193470717,0.1726213366331564,0.37142857142857144,0.0901710733177655,-0.10836356575457118,0.10688185691833496
SLV,1d,2,0.55,0.0,9,21,-0.1155079226532768,-0.34942848446862307,-0.004917284093234534,0.31034957936511176,-0.015844339480961818,0.34285714285714286,0.1474214090114075,-0.10836356575457118,0.1110692024230957
SLV,1d,2,0.55,0.0,10,30,-0.18406053290962618,-0.42720322506600317,-0.05391295655124455,0.35506650002013096,-0.15183904014652996,0.22857142857142856,0.133974134853006,-0.10836356575457118,0.11011910438537598
SLV,1d,2,0.55,0.0,12,26,-0.1799169879857995,-0.42578248465906454,-0.03414042722415277,0.3157555105787306,-0.10812298148519622,0.2857142857142857,0.1871598688065742,-0.10836356575457118,0.11291146278381348
SLV,1d,2,0.55,0.0,20,50,0.06604861284781316,-0.06263275862481188,0.06140688137853528,0.297007861309989,0.2067517038360292,0.11428571428571428,0.2483280196028336,-0.021380866616357408,0.10664081573486328
SLV,1d,2,0.55,0.25,8,21,0.3688096042072011,-0.19552302698359303,0.3872986347923083,0.06933566791505955,5.58584991590148,0.9428571428571428,1.3917348502792528,-0.09352644732297322,0.11389350891113281
SLV,1d,2,0.55,0.25,9,21,0.330016679855051,-0.3719222449282208,0.3657705569484245,0.08034251153199677,4.552640314247018,0.8857142857142857,1.3188168821477937,-0.10918842996181699,0.11455082893371582
SLV,1d,2,0.55,0.25,10,30,0.272544342463658,-0.46984139652648427,0.3312636018132241,0.08896115183586677,3.723688317619865,0.7428571428571429,1.193140262180912,-0.03093895569431948,0.10651421546936035
SLV,1d,2,0.55,0.25,12,26,0.26889936116904295,-0.4658366238447609,0.3333124501126725,0.08323732253609789,4.004362946298801,0.7714285714285715,1.24800553580921,-0.027941303818906693,0.12367820739746094
SLV,1d,2,0.55,0.25,20,50,0.2898884908108354,-0.00440649706822116,0.3042977657774105,0.09842417257119239,3.091697474594518,0.17142857142857143,0.3634635892066195,-0.021380866616357408,0.11473917961120605
SLV,1d,2,0.55,0.5,8,21,0.677730787370879,-0.2256686456034006,0.6645631528418705,0.03928691129301529,16.915637574186732,0.9428571428571428,1.5034486523171975,-0.12389823915373299,0.11894893646240234
SLV,1d,2,0.55,0.5,9,21,0.6461603481464357,-0.42548562100772136,0.6421675803983072,0.04526051567608356,14.188251521350644,0.9142857142857143,1.4285951323067938,-0.14225462450554693,0.11989617347717285
SLV,1d,2,0.55,0.5,10,30,0.5746047913777437,-0.5360807872035094,0.5924106526338786,0.052465469741343355,11.291439027506746,0.7428571428571429,1.2433964381059017,-0.05379446403210397,0.13373446464538574
SLV,1d,2,0.55,0.5,12,26,0.5652032581401959,-0.5294059945486747,0.5866598884464929,0.051700835088188214,11.347203337156996,0.7714285714285715,1.297790497920555,-0.051980272479572265,0.12159156799316406
SLV,1d,2,0.55,0.5,20,50,0.4981359370889314,0.004231040465508595,0.4968810824852972,0.06773591622936034,7.335563023947443,0.17142857142857143,0.363328318062566,-0.021380866616357408,0.10445618629455566
SLV,1d,2,0.55,0.75,8,21,0.9170113281176717,-0.2833587159608476,0.8833018760873952,0.033092620694776496,26.691807948193716,0.9428571428571428,1.5845763829907675,-0.15382721325072635,0.11125922203063965
SLV,1d,2,0.55,0.75,9,21,0.8863133133239607,-0.4950753742377445,0.8579857108935537,0.0400513336157558,21.422150860815044,0.9142857142857143,1.5078618927723213,-0.1747324696067203,0.11289310455322266
SLV,1d,2,0.55,0.75,10,30,0.7998559929083688,-0.6107417832909618,0.7943104365968703,0.05001343478664535,15.881941322073885,0.7428571428571429,1.281536550867073,-0.07664997236988857,0.11044859886169434
SLV,1d,2,0.55,0.75,12,26,0.7860165622130141,-0.6017895115819434,0.7828187195891705,0.04640154868163103,16.870530010974928,0.7714285714285715,1.3354132449963647,-0.07600733724167952,0.11031246185302734
SLV,1d,2,0.55,0.75,20,50,0.6624336731824534,-0.02399683917044193,0.6496003094792158,0.06282833504054669,10.33928893802441,0.17142857142857143,0.3632301254238872,-0.021380866616357408,0.10063791275024414
SLV,1d,2,0.55,1.0,8,21,1.10665268803431,-0.35698415826223695,1.0574578498843654,0.03528829518535577,29.96624927132207,0.9428571428571428,1.6481781180195678,-0.1833133696139525,0.1279284954071045
SLV,1d,2,0.55,1.0,9,21,1.0755997919398963,-0.5701431847947911,1.0293462831450317,0.04444456778847418,23.160227095559076,0.9142857142857143,1.5699116102632793,-0.20662196526533827,0.12255382537841797
SLV,1d,2,0.55,1.0,10,30,0.9764836873728838,-0.6842548307077301,0.9542125102971015,0.05633756837477087,16.937410289870048,0.7428571428571429,1.3122267313096667,-0.10002249810522834,0.10482501983642578
SLV,1d,2,0.55,1.0,12,26,0.9590721592202318,-0.6737040226095006,0.9381929729576634,0.04876620009508348,19.23859089140411,0.7714285714285715,1.3654769032915712,-0.10002249810522834,0.1048879623413086
SLV,1d,2,0.55,1.0,20,50,0.7932822020313309,-0.07829337221337951,0.7714636785125781,0.0638282357893218,12.08655807218223,0.17142857142857143,0.3631556250109225,-0.021380866616357408,0.09925985336303711
SLV,1d,2,0.7,0.0,8,21,-0.08066888486654117,-0.3033270497975873,0.03905580454976757,0.2627882945046272,0.14862079235070294,0.34285714285714286,0.03989375313894803,-0.10836356575457118,0.10857820510864258
SLV,1d,2,0.7,0.0,9,21,-0.12482907901876608,-0.3601410207633513,0.01023998992114893,0.32136376694925717,0.03186417068220951,0.3142857142857143,0.06782068989842463,-0.10836356575457118,0.10599493980407715
SLV,1d,2,0.7,0.0,10,30,-0.17078497704172046,-0.41313827714351525,-0.05359864707481314,0.34334923875933887,-0.1561053324844609,0.22857142857142856,0.10018413181303029,-0.10836356575457118,0.10286188125610352
SLV,1d,2,0.7,0.0,12,26,-0.1617197792709554,-0.4043743944218291,-0.02713173833136411,0.3042059615616482,-0.08918871343639262,0.2857142857142857,0.15336986576659847,-0.10836356575457118,0.10615921020507812
SLV,1d,2,0.7,0.0,20,50,0.007036517558151678,-0.16543702585137854,0.04367891567425584,0.2681087938881667,0.16291489376687565,0.11428571428571428,0.2483280196028336,-0.021380866616357408,0.10020661354064941
SLV,1d,2,0.7,0.25,8,21,0.35383432062056785,-0.314194279235093,0.3874570490534363,0.06639069724294504,5.836014157760772,0.9428571428571428,1.3846591062971132,-0.06794531854626795,0.10987162590026855
SLV,1d,2,0.7,0.25,9,21,0.3356658802073835,-0.3849822604948163,0.3780995996123725,0.07918536216058945,4.774867340324581,0.9142857142857143,1.30435360792158,-0.08395223376758465,0.12594914436340332
SLV,1d,2,0.7,0.25,10,30,0.28253328741235795,-0.4526536183049301,0.3379694754078778,0.07987703403624369,4.231121992518229,0.7428571428571429,1.187169003936853,-0.06574602924630157,0.1200253963470459
SLV,1d,2,0.7,0.25,12,26,0.27641038537205864,-0.4398135128507691,0.3329110732921422,0.07462742117869187,4.460975175532359,0.7714285714285715,1.2420342775651512,-0.06574602924630157,0.10582709312438965
SLV,1d,2,0.7,0.25,20,50,0.26946600839340273,-0.14111764446778008,0.29952102689868865,0.08781796060459865,3.410703514822958,0.17142857142857143,0.3634635892066195,-0.021380866616357408,0.10245966911315918
SLV,1d,2,0.7,0.5,8,21,0.6757712989480305,-0.35996160941981314,0.6703814760076547,0.03728522052528576,17.979817916137076,0.9428571428571428,1.4989592767905797,-0.09391627145604464,0.10989761352539062
SLV,1d,2,0.7,0.5,9,21,0.6607829998508644,-0.43995312385607543,0.6573071787941669,0.04700820572928713,13.982817863321474,0.9142857142857143,1.4193746939008178,-0.11946941227905161,0.10710644721984863
SLV,1d,2,0.7,0.5,10,30,0.5887777650457077,-0.5170354181151673,0.6062243686382793,0.05146901500093346,11.778433463847804,0.7428571428571429,1.2394586637512492,-0.09733157481461141,0.10807561874389648
SLV,1d,2,0.7,0.5,12,26,0.5741972507411833,-0.5006679828090859,0.5879940395378358,0.04797856114179226,12.255349588332216,0.7714285714285715,1.2938527235659028,-0.09733157481461141,0.11509990692138672
SLV,1d,2,0.7,0.5,20,50,0.4901073477096228,-0.16135149802542403,0.5000809227704535,0.06475050949707166,7.723196723155818,0.17142857142857143,0.363328318062566,-0.021380866616357408,0.10696220397949219
SLV,1d,2,0.7,0.75,8,21,0.9222300025585829,-0.4257485687104371,0.8930654543157918,0.03170307054840146,28.169683215773624,0.9428571428571428,1.5810538437547148,-0.1239604160013913,0.12861418724060059
SLV,1d,2,0.7,0.75,9,21,0.9075823519512851,-0.5100309152548514,0.876408781967769,0.044163505497335234,19.844638058014898,0.9142857142857143,1.500633315181811,-0.15465534465236774,0.10976910591125488
SLV,1d,2,0.7,0.75,10,30,0.8179516973269475,-0.5910845643844491,0.8137502953761262,0.05155925632455989,15.782816770157757,0.7428571428571429,1.278382162363607,-0.12890143657918374,0.11069107055664062
SLV,1d,2,0.7,0.75,12,26,0.7969373667348149,-0.5721726651069994,0.7859631347379289,0.04576087434488517,17.175439630247762,0.7714285714285715,1.3322588564928983,-0.12890143657918374,0.1098184585571289
SLV,1d,2,0.7,0.75,20,50,0.6607537565309705,-0.21169983159370753,0.6579404694891349,0.06351055041536939,10.359546015364323,0.17142857142857143,0.3632301254238872,-0.021380866616357408,0.11347746849060059
SLV,1d,2,0.7,1.0,8,21,1.1169081622947734,-0.5006368681720871,1.0702320311015838,0.034205052259399904,31.288712058829642,0.9428571428571428,1.6452257327820494,-0.15569357467596812,0.11647176742553711
SLV,1d,2,0.7,1.0,9,21,1.102059731829812,-0.5847979559248597,1.0505913432718055,0.0494860267619297,21.230060524480017,0.9142857142857143,1.5638395626330244,-0.18951003088753282,0.11321258544921875
SLV,1d,2,0.7,1.0,10,30,0.9978350906031493,-0.6650551835232061,0.9780942319116338,0.057633790550586074,16.97084683425681,0.7428571428571429,1.3095387083286354,-0.16045561454001978,0.11357569694519043
SLV,1d,2,0.7,1.0,12,26,0.9716689360391929,-0.6447654903806477,0.94286666000754,0.049622982738800676,19.000604316159006,0.7714285714285715,1.3627888803105397,-0.16045561454001978,0.10933876037597656
SLV,1d,2,0.7,1.0,20,50,0.7958744771494087,-0.28066671191626924,0.783599317755067,0.06637259824738659,11.80606663663225,0.17142857142857143,0.3631556250109225,-0.021380866616357408,0.1242671012878418
SLV,1d,2,0.85,0.0,8,21,-0.008003587178448757,-0.19600802186208854,0.022941019885646712,0.28249453510596306,0.08120872100071454,0.34285714285714286,-0.179166941144094,-0.09956622008566307,0.144578218460083
SLV,1d,2,0.85,0.0,9,21,-0.10483076492458263,-0.33457768405217836,-0.0012779654466639311,0.3138914846367789,-0.004071360674669895,0.3142857142857143,0.018217853610550706,-0.09956622008566307,0.11767959594726562
SLV,1d,2,0.85,0.0,10,30,-0.14689802325961718,-0.38687231409650336,-0.09788894818415582,0.34405385963252677,-0.2845163495294253,0.2857142857142857,0.2074396493284855,-0.09956622008566307,0.11514115333557129
SLV,1d,2,0.85,0.0,12,26,-0.140009576905652,-0.3779606482142217,-0.03784855708493216,0.32473787263292153,-0.11655110251866299,0.2857142857142857,0.15931049305721845,-0.09956622008566307,0.10791778564453125
SLV,1d,2,0.85,0.0,20,50,-0.07041831958112302,-0.28437405735828636,0.032555968249846266,0.2748221059140792,0.11846197066848987,0.11428571428571428,0.18393127577999793,-0.027476082705805704,0.10312056541442871
SLV,1d,2,0.85,0.25,8,21,0.3788729716244985,-0.1774063997278067,0.3955114087337793,0.07117621775048281,5.55679159744473,0.9428571428571428,1.2395629079309145,-0.08459175522774764,0.11946725845336914
SLV,1d,2,0.85,0.25,9,21,0.3450447742450239,-0.35391954633573053,0.38122362860336595,0.07681625086117139,4.9627992036781965,0.9142857142857143,1.2194447260277317,-0.06044678035734641,0.11677217483520508
SLV,1d,2,0.85,0.25,10,30,0.2941114420887044,-0.42144800490200596,0.3317019005751338,0.07657519963824985,4.331714473382141,0.7714285714285715,1.2188906521969012,-0.08262642768771455,0.11445808410644531
SLV,1d,2,0.85,0.25,12,26,0.28262427547094904,-0.4085509596408835,0.3337030522293452,0.08071789272189842,4.134189347324388,0.8,1.2298462605257359,-0.08262642768771455,0.11230659484863281
SLV,1d,2,0.85,0.25,20,50,0.24770574919966037,-0.2858844348749403,0.30623313316644535,0.08329646358661769,3.6764241839391176,0.17142857142857143,0.29912720607824544,-0.027476082705805704,0.09951925277709961
SLV,1d,2,0.85,0.5,8,21,0.6961529040306106,-0.2011031223481361,0.6928230148552146,0.03945259882276536,17.560896760378544,0.9428571428571428,1.3816882781121163,-0.12021102867889233,0.1096954345703125
SLV,1d,2,0.85,0.5,9,21,0.6708635877069081,-0.4053072628943851,0.6715097170491111,0.04266165944974522,15.740356228761783,0.9142857142857143,1.3395026620048907,-0.0922114845618508,0.11139678955078125
SLV,1d,2,0.85,0.5,10,30,0.600957445084788,-0.4835234010632472,0.6133347697249849,0.05195008444227468,11.806232392297714,0.7714285714285715,1.2749025287082851,-0.11690680582688207,0.10552859306335449
SLV,1d,2,0.85,0.5,12,26,0.5784699897206452,-0.46701162316869127,0.5945359469323206,0.05083519994148769,11.695359664497103,0.8,1.2922752152660872,-0.11690680582688207,0.10383176803588867
SLV,1d,2,0.85,0.5,20,50,0.486423757057636,-0.3232380445006252,0.5127479202059944,0.05940057771861128,8.6320359144477,0.17142857142857143,0.2989816243565045,-0.027476082705805704,0.09455394744873047
SLV,1d,2,0.85,0.75,8,21,0.942210143761105,-0.2531100961105185,0.9261263777602433,0.030958441296016468,29.91514879269491,0.9428571428571428,1.4832005704680726,-0.15549047279254302,0.12858891487121582
SLV,1d,2,0.85,0.75,9,21,0.9191156105070285,-0.4737229048917869,0.8986568157376077,0.04007630716305369,22.423643278342738,0.9142857142857143,1.4255228224637204,-0.1239604160013913,0.11240720748901367
SLV,1d,2,0.85,0.75,10,30,0.8317031575814883,-0.5574962658971825,0.8293722761531843,0.053740402587691034,15.432937533354984,0.7714285714285715,1.318102634466507,-0.15094494353546872,0.1083979606628418
SLV,1d,2,0.85,0.75,12,26,0.8006679449699887,-0.5383228552437598,0.7966301381035753,0.04728093605246748,16.848865623547677,0.8,1.3402107621033454,-0.15094494353546872,0.10774803161621094
SLV,1d,2,0.85,0.75,20,50,0.6668418563302478,-0.38207616871539785,0.6745460317766838,0.05718871222571943,11.795090421240868,0.17142857142857143,0.29887612871505476,-0.027476082705805704,0.10210728645324707
SLV,1d,2,0.85,1.0,8,21,1.1371721777801496,-0.3222918642382713,1.1115736452828682,0.030841526331815694,36.041460248229804,0.9428571428571428,1.5620452752136071,-0.19043008756870006,0.12716174125671387
SLV,1d,2,0.85,1.0,9,21,1.1148985466865338,-0.5485403261863312,1.0790733783767337,0.04656902827521139,23.17148152629851,0.9142857142857143,1.4926347000926439,-0.15569357467596812,0.11992692947387695
SLV,1d,2,0.85,1.0,10,30,1.0130045347827814,-0.633100078366193,1.0000308682756203,0.060619104708210456,16.496958724304168,0.7714285714285715,1.3529120097796357,-0.18474084081347542,0.11842226982116699
SLV,1d,2,0.85,1.0,12,26,0.9751457082041326,-0.6124585768807974,0.9566891135782646,0.05054227354297101,18.92849384317641,0.8,1.3786011610468185,-0.18474084081347542,0.11266875267028809
SLV,1d,2,0.85,1.0,20,50,0.8087290013484844,-0.45186747296774743,0.8031151046637868,0.05927243914791501,13.54955382651968,0.17142857142857143,0.2987961847012371,-0.027476082705805704,0.10430717468261719
SLV,1d,2,1.0,0.0,8,21,-0.029757212339744148,-0.2297164777174513,0.05703532644107423,0.26865247663015945,0.21230150995254712,0.4,-0.09758917676078967,-0.09956622008566307,0.11070561408996582
SLV,1d,2,1.0,0.0,9,21,-0.11696327080943993,-0.3515504893977154,0.010506239795265581,0.2985244409538083,0.035193901583727434,0.34285714285714286,0.0447683268015583,-0.09956622008566307,0.1077883243560791
SLV,1d,2,1.0,0.0,10,30,-0.1760730944350404,-0.4236908656066567,-0.10993864050539512,0.3181453574567111,-0.3455610397217696,0.2857142857142857,0.20648507823548193,-0.09956622008566307,0.10555267333984375
SLV,1d,2,1.0,0.0,12,26,-0.11754637641705569,-0.35089798000654704,-0.0387215203192661,0.29939079095417487,-0.12933437329805134,0.2857142857142857,0.1575048003442348,-0.09956622008566307,0.10381650924682617
SLV,1d,2,1.0,0.0,20,50,-0.09722145415495934,-0.32222255497657126,0.007679559877188602,0.26492874156690616,0.02898726590315674,0.11428571428571428,0.18393127577999793,-0.027476082705805704,0.09871983528137207
SLV,1d,2,1.0,0.25,8,21,0.3739473387393061,-0.22112584700688875,0.4059433270180229,0.06453148052736242,6.290624726111718,0.9428571428571428,1.2510051976200578,-0.08633793749637364,0.11639404296875
SLV,1d,2,1.0,0.25,9,21,0.33933923518288855,-0.3747196030626918,0.3851063131995009,0.06945741574108692,5.5444952722549194,0.9142857142857143,1.2235843455950863,-0.06219296262597229,0.10735154151916504
SLV,1d,2,1.0,0.25,10,30,0.29473000885839756,-0.4631954264073762,0.33179353970515996,0.06904849315012804,4.805224916114549,0.7428571428571429,1.2175393430929942,-0.08408561915305535,0.1069192886352539
SLV,1d,2,1.0,0.25,12,26,0.2904795325295987,-0.37577654037385133,0.3340747800140999,0.0725777630572677,4.6029908603065826,0.8,1.2265503166366918,-0.08408561915305535,0.11005711555480957
SLV,1d,2,1.0,0.25,20,50,0.2368335381847075,-0.3335407980808066,0.29900991185981496,0.08664488459684414,3.450981708280858,0.17142857142857143,0.29912720607824544,-0.027476082705805704,0.11686205863952637
SLV,1d,2,1.0,0.5,8,21,0.6964438441157885,-0.25276501910209204,0.7037085172040162,0.03560842656608704,19.762415390581122,0.9428571428571428,1.3892477477564578,-0.12358616627720898,0.11641597747802734
SLV,1d,2,1.0,0.5,9,21,0.6672646338691425,-0.4285034054478818,0.6810272723254379,0.037643771552370316,18.09136662563121,0.9142857142857143,1.3431055347015086,-0.095586622160167,0.10704684257507324
SLV,1d,2,1.0,0.5,10,30,0.6129760215114175,-0.5265332218737203,0.6222322825450146,0.05040759071690856,12.344019495783895,0.7714285714285715,1.2736178438295116,-0.11972722845188599,0.11420249938964844
SLV,1d,2,1.0,0.5,12,26,0.5837521920858026,-0.4308755733945774,0.5989678668052157,0.04641407239876648,12.904876384454775,0.8,1.2896143034104368,-0.11972722845188599,0.10649251937866211
SLV,1d,2,1.0,0.5,20,50,0.47947024665103183,-0.37793635898237676,0.5153868702504452,0.06453953021236805,7.985599965704102,0.17142857142857143,0.2989816243565045,-0.027476082705805704,0.10248017311096191
SLV,1d,2,1.0,0.75,8,21,0.9455714513762045,-0.3102327779917381,0.938856175661457,0.029607122915902558,31.71048326202541,0.9428571428571428,1.4909678262022728,-0.16037733878161364,0.11077046394348145
SLV,1d,2,1.0,0.75,9,21,0.9164675641508916,-0.4978999886575086,0.9128413902212588,0.03441118859601071,26.527458872114767,0.9142857142857143,1.4305062137856843,-0.12884728199046158,0.11255884170532227
SLV,1d,2,1.0,0.75,10,30,0.8512889795707903,-0.5988556387716228,0.8443161242460058,0.054766089787622825,15.416768433170517,0.7714285714285715,1.3169591170497028,-0.15502863701445835,0.11134457588195801
SLV,1d,2,1.0,0.75,12,26,0.8050389114848695,-0.5010658928745746,0.80404948079313,0.045239146038687214,17.77331252242317,0.8,1.3379240045582537,-0.15502863701445835,0.1053919792175293
SLV,1d,2,1.0,0.75,20,50,0.6614386840832004,-0.4408727870234461,0.6836528008397924,0.06121252107300697,11.168512403277969,0.17142857142857143,0.29887612871505476,-0.027476082705805704,0.10304951667785645
SLV,1d,2,1.0,1.0,8,21,1.1427586017148166,-0.3823305494214787,1.126041832782701,0.03106981620007221,36.24230750293541,0.9428571428571428,1.5706574516224783,-0.1967114550095893,0.11048269271850586
SLV,1d,2,1.0,1.0,9,21,1.1128467606766324,-0.5724669416049415,1.0969896675386746,0.03946223238943382,27.79846960286003,0.9142857142857143,1.4990836957699476,-0.1619749421168566,0.1091306209564209
SLV,1d,2,1.0,1.0,10,30,1.0383169454878496,-0.6708134465685196,1.0195773574721874,0.06269278878553325,16.263072312193284,0.7714285714285715,1.3518979095105583,-0.18998984484077253,0.10720252990722656
SLV,1d,2,1.0,1.0,12,26,0.9790053701680901,-0.5759693945023105,0.9664098579333746,0.04982256711454554,19.397030580771386,0.8,1.3765764943306438,-0.18998984484077253,0.10788822174072266
SLV,1d,2,1.0,1.0,20,50,0.8042165495578742,-0.51200723351728,0.8170556571615626,0.06198888666960444,13.180679651764043,0.17142857142857143,0.2987961847012371,-0.027476082705805704,0.10324215888977051
SLV,1d,3,0.0,0.0,8,21,0.005110628428914302,-0.171850850692703,-0.00554601595279228,0.33697319917061785,-0.016458329524254522,0.3142857142857143,0.03559493541321173,-0.09688081495939038,0.10711097717285156
SLV,1d,3,0.0,0.0,9,21,-0.22069046466304787,-0.47823449897872106,-0.07350643601340184,0.3573511290656403,-0.20569806566890617,0.34285714285714286,0.02970831118122464,-0.09688081495939038,0.10927391052246094
SLV,1d,3,0.0,0.0,10,30,-0.06853311016346711,-0.276657784684052,-0.015752017020134707,0.38893341016035377,-0.040500549987825145,0.2,0.0581287910427085,-0.07506586468383336,0.11318731307983398
SLV,1d,3,0.0,0.0,12,26,-0.1496373114693006,-0.3858621859922692,-0.0009841102359408188,0.3622910519762173,-0.0027163525860567513,0.2571428571428571,0.07166960138252979,-0.07506586468383336,0.10814452171325684
SLV,1d,3,0.0,0.0,20,50,0.015928406224289905,-0.15106209307042784,0.106371138569028,0.3180239979565473,0.33447519449007695,0.11428571428571428,0.2483280196028336,-0.021380866616357408,0.10137438774108887
SLV,1d,3,0.0,0.25,8,21,0.3390798620922076,-0.14933158376805988,0.36094885705921326,0.08987417741451557,4.016157559856747,0.9428571428571428,1.3445167126924307,-0.04355239344256623,0.11133170127868652
SLV,1d,3,0.0,0.25,9,21,0.2529506261163726,-0.5230959583679955,0.33581610706415543,0.09328731712759292,3.599804532966104,0.9142857142857143,1.3230845212600748,-0.06744678798282666,0.10820627212524414
SLV,1d,3,0.0,0.25,10,30,0.27981033159608215,-0.28653146979690525,0.3343917448563847,0.10895227800855092,3.06915790076588,0.7142857142857143,1.1727393220738063,-0.05535124797130786,0.1143503189086914
SLV,1d,3,0.0,0.25,12,26,0.2622177899302054,-0.4213810358280725,0.33515560203556144,0.10210010954139982,3.2826174579143,0.7714285714285715,1.24933611655029,-0.05535124797130786,0.11255359649658203
SLV,1d,3,0.0,0.25,20,50,0.25105133114888734,-0.11662266234963314,0.31443038182751826,0.10895972300298644,2.8857487258746075,0.17142857142857143,0.3634635892066195,-0.021380866616357408,0.10777568817138672
SLV,1d,3,0.0,0.5,8,21,0.6107515730309545,-0.17162066409429566,0.6173727046853059,0.049592456981006026,12.448923531289454,0.9428571428571428,1.4478266864978286,-0.07094616783048435,0.12212443351745605
SLV,1d,3,0.0,0.5,9,21,0.5504781049729246,-0.5861891046605963,0.6001259257947693,0.053724162709084845,11.170503094565436,0.9142857142857143,1.4206237582961272,-0.0987640960932411,0.11926913261413574
SLV,1d,3,0.0,0.5,10,30,0.5375438547216241,-0.33233340577686177,0.5683219054243771,0.058944294522926016,9.641677960931942,0.7142857142857143,1.2176140025926128,-0.08861357218576271,0.11792492866516113
SLV,1d,3,0.0,0.5,12,26,0.5389075412179648,-0.48365572237924814,0.5668020466982209,0.05858814323935827,9.674347322846293,0.7714285714285715,1.2944860262280298,-0.08861357218576271,0.10945653915405273
SLV,1d,3,0.0,0.5,20,50,0.45182363733560327,-0.12532707032931645,0.4863330762432301,0.07309819567184983,6.653147478857913,0.17142857142857143,0.363328318062566,-0.021380866616357408,0.10497617721557617
SLV,1d,3,0.0,0.75,8,21,0.8216084183170225,-0.22425763497247475,0.817299375958282,0.04108562977091286,19.892584840865705,0.9428571428571428,1.5201531539773145,-0.09840595793850893,0.11073422431945801
SLV,1d,3,0.0,0.75,9,21,0.770232285120223,-0.6548118778639822,0.8033640127842643,0.04342106956170427,18.501709444135866,0.9142857142857143,1.4851698059724638,-0.12986303695123425,0.11273980140686035
SLV,1d,3,0.0,0.75,10,30,0.7337516296069021,-0.3988957306464791,0.7505747675647257,0.043961745469007156,17.07336138629613,0.7142857142857143,1.2516105779712792,-0.12156027714981954,0.11174130439758301
SLV,1d,3,0.0,0.75,12,26,0.7460002979023023,-0.5575824326377337,0.747689477356108,0.044153661876801004,16.93380448132107,0.7714285714285715,1.3284960275940882,-0.12156027714981954,0.10923552513122559
SLV,1d,3,0.0,0.75,20,50,0.6073604770411597,-0.1643643977548589,0.6256076353618049,0.06478669388295102,9.656421679613397,0.17142857142857143,0.3632301254238872,-0.021380866616357408,0.11611580848693848
SLV,1d,3,0.0,1.0,8,21,0.9887667245566917,-0.2955918317488463,0.9760221157717742,0.044023913500773414,22.170271521967884,0.9428571428571428,1.5761902860355157,-0.12593176376663973,0.1289358139038086
SLV,1d,3,0.0,1.0,9,21,0.9420429304085833,-0.721125660641162,0.9641201451726589,0.043066125465064685,22.386972005521017,0.9142857142857143,1.534420463385991,-0.16074361055680708,0.12539172172546387
SLV,1d,3,0.0,1.0,10,30,0.8885206959510608,-0.47512777257296956,0.8952747188333758,0.042760933442237394,20.936744050331285,0.7142857142857143,1.2788942262751677,-0.15419136286347745,0.11260676383972168
SLV,1d,3,0.0,1.0,12,26,0.9085806629276264,-0.6331428379461215,0.8913839575976932,0.03992234059380962,22.327948320142124,0.7714285714285715,1.3557440748177167,-0.15419136286347745,0.10856842994689941
SLV,1d,3,0.0,1.0,20,50,0.7306371396350074,-0.22344928949517096,0.737451500474967,0.06327518471078827,11.65467163542287,0.17142857142857143,0.3631556250109225,-0.021380866616357408,0.10665535926818848
SLV,1d,3,0.1,0.0,8,21,-0.032087139403102066,-0.22967177839518305,0.0118199948889466,0.32656686676554353,0.03619471566732055,0.2857142857142857,-0.04027968773260116,-0.09688081495939038,0.12320351600646973
SLV,1d,3,0.1,0.0,9,21,-0.2893730437567942,-0.5386351696818656,-0.08049021374112728,0.3454320322704973,-0.23301317255400866,0.3142857142857143,-0.021607009849003878,-0.09688081495939038,0.13260889053344727
SLV,1d,3,0.1,0.0,10,30,-0.09580907080373746,-0.3155255807996473,-0.019275578138069127,0.38308090026458985,-0.050317251851386205,0.2,0.0581287910427085,-0.07506586468383336,0.11495447158813477
SLV,1d,3,0.1,0.0,12,26,-0.19088951549121352,-0.43516158230870516,-0.008025450661341443,0.35049556087668415,-0.022897438818533455,0.2571428571428571,0.07166960138252979,-0.07506586468383336,0.11244583129882812
SLV,1d,3,0.1,0.0,20,50,0.020752732160913667,-0.1424421438554273,0.0860957138314112,0.3200703564541741,0.2689899645353065,0.11428571428571428,0.2483280196028336,-0.021380866616357408,0.11073756217956543
SLV,1d,3,0.1,0.25,8,21,0.3355653263180904,-0.22480828248736395,0.3684880174329964,0.08574204215117873,4.29763518791966,0.9428571428571428,1.367126378557034,-0.0746012655764352,0.12152981758117676
SLV,1d,3,0.1,0.25,9,21,0.2430453129457541,-0.592305294624184,0.334769445673744,0.09040635072312647,3.7029416959765418,0.9142857142857143,1.3176506269725174,-0.06744678798282666,0.10831642150878906
SLV,1d,3,0.1,0.25,10,30,0.2773549272376871,-0.33526982053078047,0.33070680682213205,0.10332174928542669,3.200747268695126,0.7142857142857143,1.1727393220738063,-0.05535124797130786,0.11041140556335449
SLV,1d,3,0.1,0.25,12,26,0.25031063785735913,-0.4794303858164618,0.3329557615220095,0.09939619528237462,3.3497837676393507,0.7714285714285715,1.24933611655029,-0.05535124797130786,0.11110401153564453
SLV,1d,3,0.1,0.25,20,50,0.253341829734554,-0.10488066628726889,0.3080901128949009,0.10836941830466255,2.842961766471394,0.17142857142857143,0.3634635892066195,-0.021380866616357408,0.10221433639526367
SLV,1d,3,0.1,0.5,8,21,0.620001114853551,-0.2612141587439013,0.6249606524573865,0.04813657774587806,12.983071953238346,0.9428571428571428,1.4783556230388857,-0.10155069199724676,0.11956954002380371
SLV,1d,3,0.1,0.5,9,21,0.555982095812681,-0.6584547612584742,0.6028165651482179,0.051737832366904955,11.651368787027508,0.9142857142857143,1.4211597768077642,-0.0987640960932411,0.11732244491577148
SLV,1d,3,0.1,0.5,10,30,0.5445679522082606,-0.3879703310674568,0.568461801687794,0.05735277268310918,9.91167078928706,0.7142857142857143,1.2176140025926128,-0.08861357218576271,0.1034393310546875
SLV,1d,3,0.1,0.5,12,26,0.535368705801519,-0.5457880470814094,0.5685691233027595,0.059477120584676614,9.559459464640641,0.7714285714285715,1.2944860262280298,-0.08861357218576271,0.11249780654907227
SLV,1d,3,0.1,0.5,20,50,0.45351879685492363,-0.11071416172674786,0.4848916332655867,0.07367204244192668,6.5817590661723715,0.17142857142857143,0.363328318062566,-0.021380866616357408,0.10793209075927734
SLV,1d,3,0.1,0.75,8,21,0.839168698791825,-0.3236112633568514,0.825738590785096,0.04192745982946024,19.694457859927223,0.9428571428571428,1.5543219482758674,-0.12817764614020644,0.11870098114013672
SLV,1d,3,0.1,0.75,9,21,0.7849023533710876,-0.7253284747723927,0.8084507555556504,0.042425485598110206,19.05578083923362,0.9142857142857143,1.488978052803719,-0.12986303695123425,0.10778546333312988
SLV,1d,3,0.1,0.75,10,30,0.7468711654049772,-0.45827226794666664,0.7536635253560473,0.04605830750439721,16.363248373468664,0.7142857142857143,1.2516105779712792,-0.12156027714981954,0.11123347282409668
SLV,1d,3,0.1,0.75,12,26,0.7469072611695199,-0.6196461141217351,0.7521043092950574,0.04732317394403592,15.892938841855601,0.7714285714285715,1.3284960275940882,-0.12156027714981954,0.12068748474121094
SLV,1d,3,0.1,0.75,20,50,0.6088582336913396,-0.14730202231264355,0.6269138370257348,0.0660416601226433,9.492702573822621,0.17142857142857143,0.3632301254238872,-0.021380866616357408,0.09563517570495605
SLV,1d,3,0.1,1.0,8,21,1.0125844026166506,-0.40016657156680235,0.9852914641837955,0.046072986278979815,21.385448258502002,0.9428571428571428,1.6126245059893916,-0.15448212800531347,0.11053204536437988
SLV,1d,3,0.1,1.0,9,21,0.9634183444595554,-0.7863977883570501,0.9709687460300633,0.04321858542825153,22.466462898051063,0.9142857142857143,1.5406267521504164,-0.16074361055680708,0.11432719230651855
SLV,1d,3,0.1,1.0,10,30,0.906199625262547,-0.5353031377067817,0.9007029778284343,0.046975636503484956,19.173832328203034,0.7142857142857143,1.2788942262751677,-0.15419136286347745,0.11211585998535156
SLV,1d,3,0.1,1.0,12,26,0.9125716787702551,-0.6919022023524632,0.8977867788968317,0.04398453179175452,20.411420613669772,0.7714285714285715,1.3557440748177167,-0.15419136286347745,0.10992121696472168
SLV,1d,3,0.1,1.0,20,50,0.7320259750390693,-0.2044622694643996,0.7406884860102168,0.06485736001898933,11.420268814416028,0.17142857142857143,0.3631556250109225,-0.021380866616357408,0.10007500648498535
SLV,1d,3,0.25,0.0,8,21,0.07691113508915336,-0.044760439020342435,-0.006558319209186612,0.2794179661589352,-0.023471358335835094,0.2857142857142857,-0.04027968773260116,-0.09688081495939038,0.10901641845703125
SLV,1d,3,0.25,0.0,9,21,-0.26583455038855586,-0.5206124225871918,-0.04126089926101302,0.34834795878874125,-0.11844736913195482,0.3142857142857143,-0.021607009849003878,-0.09688081495939038,0.10791420936584473
SLV,1d,3,0.25,0.0,10,30,-0.07241042093465277,-0.2864816073093789,-0.04247906567369061,0.3778869940223208,-0.1124120870674408,0.2,0.0581287910427085,-0.07506586468383336,0.10866141319274902
SLV,1d,3,0.25,0.0,12,26,-0.19115824723238786,-0.43211334990402606,-0.029716896582274416,0.33994843637656375,-0.08741589430156037,0.2571428571428571,0.07166960138252979,-0.07506586468383336,0.10707354545593262
SLV,1d,3,0.25,0.0,20,50,0.045620381393090374,-0.09822559220109661,0.0732435665279075,0.31990292205292764,0.2289556033370318,0.11428571428571428,0.2483280196028336,-0.021380866616357408,0.11447000503540039
SLV,1d,3,0.25,0.25,8,21,0.37270254264993086,0.014467820375213769,0.35825985627708096,0.06266149109612565,5.717384792639129,0.9428571428571428,1.367126378557034,-0.0746012655764352,0.1102440357208252
SLV,1d,3,0.25,0.25,9,21,0.2639019401902876,-0.5716185149658322,0.3504452993362936,0.09321190795495851,3.759662333117721,0.9142857142857143,1.3176506269725174,-0.06744678798282666,0.10997605323791504
SLV,1d,3,0.25,0.25,10,30,0.28893540673028234,-0.30035632914733246,0.32239309122858767,0.10250923189274018,3.145015188153214,0.7142857142857143,1.1727393220738063,-0.05535124797130786,0.10669302940368652
SLV,1d,3,0.25,0.25,12,26,0.25096927607308467,-0.4757740935031288,0.32614175727763767,0.09960773023415637,3.2742615107376554,0.7714285714285715,1.24933611655029,-0.05535124797130786,0.10409331321716309
SLV,1d,3,0.25,0.25,20,50,0.26920131156658084,-0.04674588294091353,0.3063859335993413,0.1039103837719824,2.948559349676397,0.17142857142857143,0.3634635892066195,-0.021380866616357408,0.10183405876159668
SLV,1d,3,0.25,0.5,8,21,0.6473946006855954,0.02056346719947788,0.6257756478252078,0.031458272191447,19.892244685814187,0.9428571428571428,1.4783556230388857,-0.10155069199724676,0.11071181297302246
SLV,1d,3,0.25,0.5,9,21,0.5848637730664729,-0.6367874350738693,0.6174489180791662,0.05260761879686069,11.736872570936663,0.9142857142857143,1.4211597768077642,-0.0987640960932411,0.10746097564697266
SLV,1d,3,0.25,0.5,10,30,0.5566790494901448,-0.34985327118578013,0.5680047182834704,0.05840917682842318,9.724580093843525,0.7142857142857143,1.2176140025926128,-0.08861357218576271,0.10951471328735352
SLV,1d,3,0.25,0.5,12,26,0.536479479002142,-0.5427130150848481,0.568342708362936,0.061977130071423,9.170200486985648,0.7714285714285715,1.2944860262280298,-0.08861357218576271,0.10389137268066406
SLV,1d,3,0.25,0.5,20,50,0.46953272727706197,-0.04086098705798691,0.48795705743613793,0.06960269237775228,7.010606066613997,0.17142857142857143,0.363328318062566,-0.021380866616357408,0.09881114959716797
SLV,1d,3,0.25,0.75,8,21,0.8641296378701846,-0.013388782061263926,0.834397287788895,0.031754052752413234,26.27687540531288,0.9428571428571428,1.5543219482758674,-0.12817764614020644,0.10748815536499023
SLV,1d,3,0.25,0.75,9,21,0.8212983905583497,-0.704091694936298,0.8243361142631942,0.04360164458515427,18.906078477229475,0.9142857142857143,1.488978052803719,-0.12986303695123425,0.1064605712890625
SLV,1d,3,0.25,0.75,10,30,0.7605221788563289,-0.41930474907316795,0.7581193655065463,0.049291295670840125,15.380390293839174,0.7142857142857143,1.2516105779712792,-0.12156027714981954,0.1023857593536377
SLV,1d,3,0.25,0.75,12,26,0.7483303646491072,-0.6177684405269781,0.7558920401821807,0.052236404164770836,14.470598661382741,0.7714285714285715,1.3284960275940882,-0.12156027714981954,0.10272526741027832
SLV,1d,3,0.25,0.75,20,50,0.6264272203985469,-0.06852984635331683,0.6330550218210894,0.061845948016682986,10.235998349484793,0.17142857142857143,0.3632301254238872,-0.021380866616357408,0.09697318077087402
SLV,1d,3,0.25,1.0,8,21,1.036713949944854,-0.07577170252543464,1.0000202147818542,0.04039074589611059,24.758646878025363,0.9428571428571428,1.6126245059893916,-0.15448212800531347,0.10600090026855469
SLV,1d,3,0.25,1.0,9,21,1.0060639827196303,-0.7666274644020501,0.9882950279559705,0.045568941220105,21.687908507295646,0.9142857142857143,1.5406267521504164,-0.16074361055680708,0.10685133934020996
SLV,1d,3,0.25,1.0,10,30,0.9212836967906732,-0.4973716497203159,0.9087674123646499,0.05140547232909067,17.678417709049487,0.7142857142857143,1.2788942262751677,-0.15419136286347745,0.10320019721984863
SLV,1d,3,0.25,1.0,12,26,0.9141964580380455,-0.6913999400295724,0.9044897717960382,0.05086310536923063,17.782826377392297,0.7714285714285715,1.3557440748177167,-0.15419136286347745,0.11037802696228027
SLV,1d,3,0.25,1.0,20,50,0.7511264514338611,-0.11978050886282854,0.7491205024215768,0.06026022111215572,12.431426380386512,0.17142857142857143,0.3631556250109225,-0.021380866616357408,0.09881210327148438
SLV,1d,3,0.4,0.0,8,21,0.006876816902888185,-0.16888617580441312,0.014137183218341592,0.2512316398525868,0.05627150794635881,0.2857142857142857,-0.04027968773260116,-0.09688081495939038,0.10789346694946289
SLV,1d,3,0.4,0.0,9,21,-0.22195943706062482,-0.4715196645665851,-0.052984751407394184,0.33787550612938405,-0.1568173793193062,0.3142857142857143,-0.021607009849003878,-0.09688081495939038,0.11284542083740234
SLV,1d,3,0.4,0.0,10,30,-0.06654014898218376,-0.27865627636639123,-0.04676617405391016,0.3949949235052268,-0.11839689897506069,0.2,0.0581287910427085,-0.07506586468383336,0.1039438247680664
SLV,1d,3,0.4,0.0,12,26,-0.2647446452859513,-0.5111281847098192,-0.02556150902756258,0.31823729678166446,-0.08032216615106483,0.2571428571428571,0.07166960138252979,-0.07506586468383336,0.10369205474853516
SLV,1d,3,0.4,0.0,20,50,0.03908131339378686,-0.11078233336699539,0.07918829899940041,0.32901024316920385,0.24068642433930346,0.11428571428571428,0.2483280196028336,-0.021380866616357408,0.09978842735290527
SLV,1d,3,0.4,0.25,8,21,0.3611193168435079,-0.14764251608289258,0.36529158496199843,0.0611002434313021,5.97856185913094,0.9428571428571428,1.367126378557034,-0.0746012655764352,0.10657024383544922
SLV,1d,3,0.4,0.25,9,21,0.2857012109725519,-0.5174599821490962,0.34646596168090393,0.08853809906349334,3.9131850056148454,0.9142857142857143,1.3176506269725174,-0.06744678798282666,0.10952067375183105
SLV,1d,3,0.4,0.25,10,30,0.29764290383945713,-0.2930561122959956,0.32590528349565134,0.10228126546727949,3.1863634264469556,0.7142857142857143,1.1727393220738063,-0.05535124797130786,0.10974764823913574
SLV,1d,3,0.4,0.25,12,26,0.23600875549127945,-0.5646725306204052,0.32821528839680214,0.09382660943467931,3.4981045395794754,0.7714285714285715,1.24933611655029,-0.05535124797130786,0.10734963417053223
SLV,1d,3,0.4,0.25,20,50,0.2694547018711488,-0.06504680710177368,0.3099992129182814,0.10634972715333807,2.9149036976024933,0.17142857142857143,0.3634635892066195,-0.021380866616357408,0.10066556930541992
SLV,1d,3,0.4,0.5,8,21,0.6547608133282884,-0.17209409341728255,0.6349354781457335,0.033547177950986384,18.92664351896892,0.9428571428571428,1.4783556230388857,-0.10155069199724676,0.10831546783447266
SLV,1d,3,0.4,0.5,9,21,0.6062199643888465,-0.5832914766971127,0.6212192710664965,0.049652973270935576,12.511219976229055,0.9142857142857143,1.4211597768077642,-0.0987640960932411,0.1101844310760498
SLV,1d,3,0.4,0.5,10,30,0.5705182200290219,-0.3442098629858761,0.5763123397075741,0.058747162055131724,9.810045618318199,0.7142857142857143,1.2176140025926128,-0.08861357218576271,0.1050424575805664
SLV,1d,3,0.4,0.5,12,26,0.5396736981557152,-0.633486444600885,0.5731350192280635,0.061623774608753186,9.300550361721173,0.7714285714285715,1.2944860262280298,-0.08861357218576271,0.10514402389526367
SLV,1d,3,0.4,0.5,20,50,0.47450914415784445,-0.06552977372850033,0.4910382141453498,0.07060727973993539,6.954498402345605,0.17142857142857143,0.363328318062566,-0.021380866616357408,0.09691858291625977
SLV,1d,3,0.4,0.75,8,21,0.8830673726326171,-0.2274251199681171,0.8461227186279345,0.030677791140672622,27.580953098873696,0.9428571428571428,1.5543219482758674,-0.12817764614020644,0.1116020679473877
SLV,1d,3,0.4,0.75,9,21,0.8446805992683447,-0.6549056293594742,0.8336068759503709,0.0411656258922255,20.250071701395047,0.9142857142857143,1.488978052803719,-0.12986303695123425,0.1152033805847168
SLV,1d,3,0.4,0.75,10,30,0.7787435662459725,-0.4159672303816,0.7702786319729886,0.05132020390478292,15.00926678705578,0.7142857142857143,1.2516105779712792,-0.12156027714981954,0.10961747169494629
SLV,1d,3,0.4,0.75,12,26,0.7620522488763287,-0.7041520529044648,0.7629988317299375,0.05538872332562289,13.775346061767294,0.7714285714285715,1.3284960275940882,-0.12156027714981954,0.10629415512084961
SLV,1d,3,0.4,0.75,20,50,0.6347607373006441,-0.09932072238501166,0.6361499991837399,0.06240441882299238,10.193989643396147,0.17142857142857143,0.3632301254238872,-0.021380866616357408,0.09975123405456543
SLV,1d,3,0.4,1.0,8,21,1.0641715778286176,-0.301610942076568,1.0139648297377266,0.03575399602576475,28.359482643759645,0.9428571428571428,1.6126245059893916,-0.15448212800531347,0.11307263374328613
SLV,1d,3,0.4,1.0,9,21,1.0315808882170583,-0.7237364709379769,1.001812352799734,0.04322578079223844,23.176269680699857,0.9142857142857143,1.5406267521504164,-0.16074361055680708,0.11342740058898926
SLV,1d,3,0.4,1.0,10,30,0.9430699030941612,-0.49652871514892505,0.9240077928192448,0.0547735999309867,16.869583047005683,0.7142857142857143,1.2788942262751677,-0.15419136286347745,0.10841965675354004
SLV,1d,3,0.4,1.0,12,26,0.935484993397192,-0.7692108421024437,0.9134565017872399,0.0561481161197594,16.268693678678567,0.7714285714285715,1.3557440748177167,-0.15419136286347745,0.11328983306884766
SLV,1d,3,0.4,1.0,20,50,0.76206139820977,-0.1558617603695871,0.752321953675127,0.06057923172285097,12.418809751780744,0.17142857142857143,0.3631556250109225,-0.021380866616357408,0.10426759719848633
SLV,1d,3,0.55,0.0,8,21,-0.04506367701273138,-0.25127765397983604,0.023046127436142264,0.27540282820516543,0.08368152057964237,0.34285714285714286,-0.03611787333955791,-0.08137906032034026,0.10898089408874512
SLV,1d,3,0.55,0.0,9,21,-0.14398100646967144,-0.3824360153657028,-0.033335038336867094,0.3290002404051168,-0.10132223093764235,0.34285714285714286,-0.0013564118657107176,-0.08137906032034026,0.11240410804748535
SLV,1d,3,0.55,0.0,10,30,-0.15135471303463086,-0.38572044728623256,-0.04030037450698053,0.3551487835589812,-0.11347462351729456,0.2,0.06007097727547704,-0.07154551371851436,0.1111292839050293
SLV,1d,3,0.55,0.0,12,26,-0.27047652903622577,-0.5167659755798334,-0.01860922889020184,0.32223795195805666,-0.05774996016801915,0.2571428571428571,0.09446367812806054,-0.07154551371851436,0.10505342483520508
SLV,1d,3,0.55,0.0,20,50,0.06136740529594951,-0.07115345199929912,0.04658749102217068,0.31274074713825994,0.14896520983744646,0.11428571428571428,0.2483280196028336,-0.021380866616357408,0.09988880157470703
SLV,1d,3,0.55,0.25,8,21,0.36019271130388086,-0.25121876972164925,0.37422953406476384,0.06650522358845701,5.627069782977424,0.9142857142857143,1.4275277697171687,-0.10015406347892741,0.13451671600341797
SLV,1d,3,0.55,0.25,9,21,0.31287003560702764,-0.41239583439251193,0.35455325580235336,0.08482748934083516,4.179697625822278,0.9142857142857143,1.3686262038614085,-0.09540782688687632,0.11021184921264648
SLV,1d,3,0.55,0.25,10,30,0.28317971260499897,-0.419950997566339,0.32708311544998686,0.09619087572055114,3.400354898527093,0.7428571428571429,1.246587381448003,-0.03880056711589963,0.10524225234985352
SLV,1d,3,0.55,0.25,12,26,0.2375316298439586,-0.5715363396476693,0.3359786682524268,0.08979090101862512,3.741789696293787,0.7714285714285715,1.269035302742149,-0.03880056711589963,0.1066441535949707
SLV,1d,3,0.55,0.25,20,50,0.27850318315910316,-0.011648662859958914,0.2964626414093628,0.10000930318623194,2.964350635033483,0.17142857142857143,0.3634635892066195,-0.021380866616357408,0.09770774841308594
SLV,1d,3,0.55,0.5,8,21,0.6727308213050675,-0.29053728638961607,0.6489816689807361,0.037034950472304574,17.5234922878068,0.9428571428571428,1.532047592364327,-0.13156815156127455,0.10877132415771484
SLV,1d,3,0.55,0.5,9,21,0.6275637274872241,-0.47063968684724,0.6320662964267477,0.0496127852348256,12.7399881590012,0.9142857142857143,1.4662591153959135,-0.12599263824461693,0.11071515083312988
SLV,1d,3,0.55,0.5,10,30,0.5778251144954154,-0.48161628112900934,0.5825765471792137,0.057715680609693384,10.093904135323834,0.7428571428571429,1.2853407883900005,-0.06886553701338793,0.10661149024963379
SLV,1d,3,0.55,0.5,12,26,0.5450047790773295,-0.6410323228427008,0.5843006832541158,0.05688763884158062,10.271136140511347,0.7714285714285715,1.3068093769035811,-0.06886553701338793,0.11151409149169922
SLV,1d,3,0.55,0.5,20,50,0.48048319649839416,0.00016837017698789758,0.48669629464795383,0.06645407132121049,7.323799505006587,0.17142857142857143,0.363328318062566,-0.021380866616357408,0.10768914222717285
SLV,1d,3,0.55,0.75,8,21,0.9134846573724141,-0.35398784786018633,0.8646904275751611,0.031557847278456584,27.400171499196475,0.9428571428571428,1.6095251730567102,-0.1624452210867421,0.11583662033081055
SLV,1d,3,0.55,0.75,9,21,0.8651139763561582,-0.5421473158611629,0.8474395351424651,0.04476314190353723,18.931636589957495,0.9142857142857143,1.5371984205154963,-0.15608028137435792,0.1167912483215332
SLV,1d,3,0.55,0.75,10,30,0.799037657638839,-0.5553037272454963,0.7803534147448482,0.050697047616216136,15.392482431171034,0.7428571428571429,1.3174220190605475,-0.09865202782997107,0.11008191108703613
SLV,1d,3,0.55,0.75,12,26,0.7700772450591077,-0.7118522479966622,0.777298332312543,0.05078427670697412,15.305885654285548,0.7714285714285715,1.3384928006441539,-0.09865202782997107,0.12400317192077637
SLV,1d,3,0.55,0.75,20,50,0.6396186524795919,-0.02349345192647978,0.636899381294057,0.059664665019987226,10.674649410680516,0.17142857142857143,0.3632301254238872,-0.021380866616357408,0.10414981842041016
SLV,1d,3,0.55,1.0,8,21,1.1039772495619622,-0.42999312937715006,1.0362202345832152,0.03419852250491165,30.300146283641098,0.9428571428571428,1.670400312412112,-0.19278527205533058,0.112701416015625
SLV,1d,3,0.55,1.0,9,21,1.052032341210373,-0.6167225303545247,1.018170913072414,0.04890280716424158,20.820295850355905,0.9142857142857143,1.592855642562668,-0.18567075627609908,0.10879659652709961
SLV,1d,3,0.55,1.0,10,30,0.9728123818223936,-0.6308041471017465,0.9370293276187474,0.052628365859720555,17.804644174519364,0.7428571428571429,1.3437158511894902,-0.12816003956564836,0.10822510719299316
SLV,1d,3,0.55,1.0,12,26,0.9455755212942023,-0.7766242462302947,0.9303216183266303,0.052457590320537366,17.734737959597155,0.7714285714285715,1.3645280845647474,-0.12816003956564836,0.11062145233154297
SLV,1d,3,0.55,1.0,20,50,0.7663047118926807,-0.07244770010597856,0.7565946481826388,0.05907899647899444,12.806491194406902,0.17142857142857143,0.3631556250109225,-0.021380866616357408,0.10227465629577637
SLV,1d,3,0.7,0.0,8,21,-0.07144034173088269,-0.29135757677841423,0.03621801006546281,0.26430547010309996,0.13703087587001106,0.34285714285714286,-0.08426961349640763,-0.08137906032034026,0.10765218734741211
SLV,1d,3,0.7,0.0,9,21,-0.14852225784925766,-0.38729503683910604,0.005320460012769357,0.33312167438185597,0.01597152158484451,0.3142857142857143,-0.061085454507234384,-0.08137906032034026,0.11048293113708496
SLV,1d,3,0.7,0.0,10,30,-0.16912441198543976,-0.40734295724900094,-0.05453686767792034,0.3700956919298163,-0.14735882872222822,0.2,0.030416537914530688,-0.07154551371851436,0.11497783660888672
SLV,1d,3,0.7,0.0,12,26,-0.1799863755572426,-0.4255915643156901,-0.011012061076129493,0.311883536625984,-0.035308247415878645,0.2571428571428571,0.0648092387671142,-0.07154551371851436,0.1127479076385498
SLV,1d,3,0.7,0.0,20,50,0.02803583463791772,-0.13015577529981937,0.0486616557037504,0.2707064789623796,0.1797580016934614,0.11428571428571428,0.2483280196028336,-0.021380866616357408,0.10708189010620117
SLV,1d,3,0.7,0.25,8,21,0.35610114618345273,-0.299737098523562,0.38423321047780956,0.06138918497428418,6.258972335905162,0.9428571428571428,1.4196465463325558,-0.059120974277476535,0.1151282787322998
SLV,1d,3,0.7,0.25,9,21,0.31670966878825785,-0.41814333581851193,0.3746792091496538,0.08170078343058491,4.58599285609043,0.9142857142857143,1.3416070760365673,-0.08262642768771455,0.11279702186584473
SLV,1d,3,0.7,0.25,10,30,0.2810745476965236,-0.44612204484581586,0.3313095430627367,0.09112574036727036,3.6357404804332667,0.7428571428571429,1.2419077801784024,-0.07072777289094268,0.10848045349121094
SLV,1d,3,0.7,0.25,12,26,0.26891965289029507,-0.4651856170378694,0.33631897555660606,0.08051839107559894,4.17692121096701,0.7714285714285715,1.2643557014725484,-0.07072777289094268,0.10617828369140625
SLV,1d,3,0.7,0.25,20,50,0.26974386183505245,-0.09093415861732368,0.3001241193286067,0.08606143632911961,3.487324080681851,0.17142857142857143,0.3634635892066195,-0.021380866616357408,0.10185766220092773
SLV,1d,3,0.7,0.5,8,21,0.6772343311510082,-0.3440991586164195,0.6650209980417433,0.03368305659549993,19.74348723834613,0.9428571428571428,1.5271631436468995,-0.08964887810968092,0.11256837844848633
SLV,1d,3,0.7,0.5,9,21,0.6375566381648554,-0.4768101447129608,0.651758219529043,0.05137651865727616,12.68591637897478,0.9142857142857143,1.4493581561600202,-0.11690680582688207,0.1100924015045166
SLV,1d,3,0.7,0.5,10,30,0.5841396478864593,-0.5103977706660674,0.5958988800311394,0.05879164831164659,10.135774334346944,0.7428571428571429,1.2823231042905912,-0.10696062132499051,0.10942745208740234
SLV,1d,3,0.7,0.5,12,26,0.5691431205005374,-0.5282884545220023,0.5864464944833008,0.05284860406212872,11.09672629751725,0.7714285714285715,1.3037916928041717,-0.10696062132499051,0.10984611511230469
SLV,1d,3,0.7,0.5,20,50,0.4805207977628279,-0.09701265228965628,0.49662321908192997,0.06285908795166197,7.9005794589929215,0.17142857142857143,0.363328318062566,-0.021380866616357408,0.10312843322753906
SLV,1d,3,0.7,0.75,8,21,0.9234501072541441,-0.4095155923100816,0.8859015717840828,0.02995482031957141,29.57459141243008,0.9428571428571428,1.6057536006515758,-0.12025001488449272,0.1136772632598877
SLV,1d,3,0.7,0.75,9,21,0.8797010515739178,-0.548320508604704,0.869075619817712,0.049927286101818416,17.406826760929413,0.9142857142857143,1.5268922415081112,-0.15094494353546872,0.11124229431152344
SLV,1d,3,0.7,0.75,10,30,0.8109790234875436,-0.584848263256975,0.8003641101633642,0.05482166783103021,14.59941190826634,0.7428571428571429,1.3150146931279572,-0.14284334517639896,0.10408926010131836
SLV,1d,3,0.7,0.75,12,26,0.792814330752158,-0.6002876300200453,0.7814269880705181,0.051045570586531176,15.308419106528795,0.7714285714285715,1.3360854747115634,-0.14284334517639896,0.10087323188781738
SLV,1d,3,0.7,0.75,20,50,0.6445542372749322,-0.13512733471660288,0.6516785500767927,0.06082664544858781,10.713701952010613,0.17142857142857143,0.3632301254238872,-0.021380866616357408,0.09606766700744629
SLV,1d,3,0.7,1.0,8,21,1.1180086674659127,-0.4849016227040459,1.0616132384407635,0.033895130710887414,31.320523514009167,0.9428571428571428,1.6672608496553976,-0.15092438460191038,0.1077430248260498
SLV,1d,3,0.7,1.0,9,21,1.0702104776937478,-0.6225669705471595,1.041815584398536,0.055607074072991675,18.735306645176376,0.9142857142857143,1.587290976329303,-0.18474084081347542,0.11216497421264648
SLV,1d,3,0.7,1.0,10,30,0.9890302566760418,-0.6595655980601968,0.9622288652923757,0.057672509250042706,16.684359286684984,0.7428571428571429,1.3416597355741544,-0.17837594444516824,0.10219764709472656
SLV,1d,3,0.7,1.0,12,26,0.968094236233259,-0.6719493218434209,0.9361471885762258,0.05544689169860622,16.883673004879334,0.7714285714285715,1.3624719689494116,-0.17837594444516824,0.10633254051208496
SLV,1d,3,0.7,1.0,20,50,0.7746528459604458,-0.1945605546364212,0.7751744598080114,0.06262656302446022,12.377726357188873,0.17142857142857143,0.3631556250109225,-0.021380866616357408,0.10245370864868164
SLV,1d,3,0.85,0.0,8,21,-0.02266333594183619,-0.2200200886385134,0.023767185255657613,0.29021433953039344,0.08189528227349542,0.34285714285714286,-0.1925165924827287,-0.09956622008566307,0.1115267276763916
SLV,1d,3,0.85,0.0,9,21,-0.09825184516519068,-0.32588661732089863,-0.01794658836155516,0.3172033577763585,-0.05657754850819785,0.3142857142857143,0.028502615757217218,-0.09956622008566307,0.10628890991210938
SLV,1d,3,0.85,0.0,10,30,-0.1484365717013518,-0.38851916002737796,-0.10645415575085393,0.3559584345722322,-0.2990634450867378,0.2857142857142857,0.2074396493284855,-0.09956622008566307,0.10290193557739258
SLV,1d,3,0.85,0.0,12,26,-0.15814755591191454,-0.39966405793480586,-0.04019654484500988,0.33608642799665284,-0.11960180922691174,0.2857142857142857,0.15931049305721845,-0.09956622008566307,0.10430145263671875
SLV,1d,3,0.85,0.0,20,50,-0.05231347779984619,-0.2576838477286254,0.03342062705446617,0.2762503964968796,0.12097947180627368,0.11428571428571428,0.18393127577999793,-0.027476082705805704,0.10008835792541504
SLV,1d,3,0.85,0.25,8,21,0.37374117168266546,-0.20824617192729256,0.39657594406859586,0.07022729447672703,5.647034347877649,0.9428571428571428,1.26761024299502,-0.08326594914787788,0.11283636093139648
SLV,1d,3,0.85,0.25,9,21,0.34000851267470544,-0.34326273745860647,0.3750107721965178,0.076521735325595,4.900709198515577,0.9142857142857143,1.2516770137708169,-0.059120974277476535,0.11912655830383301
SLV,1d,3,0.85,0.25,10,30,0.29105325698366874,-0.4232553610348573,0.3267626809721472,0.07968834630196889,4.100507742172506,0.7714285714285715,1.218229849077467,-0.08760817133235554,0.10835051536560059
SLV,1d,3,0.85,0.25,12,26,0.2764586878389618,-0.4344195730743756,0.3311043021917178,0.0827325068176039,4.002106486652054,0.8,1.2291854574063015,-0.08760817133235554,0.11089706420898438
SLV,1d,3,0.85,0.25,20,50,0.2549870821997926,-0.25230039401143034,0.3058673806938369,0.08212982350279864,3.7241938147281446,0.17142857142857143,0.29912720607824544,-0.027476082705805704,0.10384845733642578
SLV,1d,3,0.85,0.5,8,21,0.6928230221775363,-0.23722887924559855,0.693106759076564,0.03752136335581181,18.472323420231113,0.9428571428571428,1.4078670915019198,-0.11764842222672289,0.12213778495788574
SLV,1d,3,0.85,0.5,9,21,0.6605393512709499,-0.39341620828279444,0.6667904277458675,0.04269216052468966,15.618568363628501,0.9142857142857143,1.3684295524999512,-0.08964887810968092,0.11142301559448242
SLV,1d,3,0.85,0.5,10,30,0.5954666814675132,-0.4853104297244065,0.607749327008529,0.053768820556312005,11.303006476997837,0.7714285714285715,1.2742332652624169,-0.12653585233726172,0.1078348159790039
SLV,1d,3,0.85,0.5,12,26,0.5746017619714981,-0.4950699969555481,0.5895614959445956,0.05280365293723357,11.165164967760719,0.8,1.2916059518202194,-0.12653585233726172,0.11481428146362305
SLV,1d,3,0.85,0.5,20,50,0.49107493079020803,-0.28468877570050233,0.5108897096591619,0.056443239085548644,9.051388934019677,0.17142857142857143,0.2989816243565045,-0.027476082705805704,0.09558367729187012
SLV,1d,3,0.85,0.75,8,21,0.93958866597429,-0.2927491400503581,0.9259457084169158,0.02888406298090169,32.057322026653814,0.9428571428571428,1.5068734122203227,-0.15178007167564445,0.11021637916564941
SLV,1d,3,0.85,0.75,9,21,0.9048312113302148,-0.4613223975861487,0.8942434938490973,0.04035521595872646,22.159303886855426,0.9142857142857143,1.451365856890483,-0.12025001488449272,0.11655116081237793
SLV,1d,3,0.85,0.75,10,30,0.8241977333549734,-0.5591288547376447,0.8228793570491449,0.05417667659382814,15.188812027330746,0.7714285714285715,1.3174452567384771,-0.16488685213268428,0.11359763145446777
SLV,1d,3,0.85,0.75,12,26,0.7976706139703746,-0.5667677826326324,0.7898491155525623,0.051021542687439615,15.48069842558888,0.8,1.3395533843753153,-0.16488685213268428,0.11265945434570312
SLV,1d,3,0.85,0.75,20,50,0.6704616517147746,-0.34060627698932977,0.6715722695735934,0.05350875645729413,12.550698503142787,0.17142857142857143,0.29887612871505476,-0.027476082705805704,0.10042881965637207
SLV,1d,3,0.85,1.0,8,21,1.1349668703690605,-0.36367905351463425,1.1110580649527715,0.029317771013967524,37.89708516460692,0.9428571428571428,1.5834327851090655,-0.18566089749464287,0.11486005783081055
SLV,1d,3,0.85,1.0,9,21,1.0974917768658725,-0.5362623285592856,1.0747120125105987,0.046841826380126655,22.943426752603337,0.9142857142857143,1.515856565666311,-0.15092438460191038,0.11667323112487793
SLV,1d,3,0.85,1.0,10,30,1.0038533350441943,-0.6344968229192065,0.99272652831662,0.05994562472011513,16.560450123785337,0.7714285714285715,1.3522777059565019,-0.2026611707186241,0.11344456672668457
SLV,1d,3,0.85,1.0,12,26,0.9726417187185862,-0.6398375427530877,0.9484871403399945,0.05587110103634857,16.97634595965683,0.8,1.3779668572236845,-0.2026611707186241,0.1126246452331543
SLV,1d,3,0.85,1.0,20,50,0.8117598762700726,-0.4093881842164384,0.7992572975926351,0.055454924290412745,14.41273805382895,0.17142857142857143,0.2987961847012371,-0.027476082705805704,0.10407257080078125
SLV,1d,3,1.0,0.0,8,21,-0.029757212339744148,-0.2297164777174513,0.05703532644107423,0.26865247663015945,0.21230150995254712,0.4,-0.09758917676078967,-0.09956622008566307,0.11513376235961914
SLV,1d,3,1.0,0.0,9,21,-0.11696327080943993,-0.3515504893977154,0.010506239795265581,0.2985244409538083,0.035193901583727434,0.34285714285714286,0.0447683268015583,-0.09956622008566307,0.1147913932800293
SLV,1d,3,1.0,0.0,10,30,-0.1760730944350404,-0.4236908656066567,-0.10993864050539512,0.3181453574567111,-0.3455610397217696,0.2857142857142857,0.20648507823548193,-0.09956622008566307,0.11566281318664551
SLV,1d,3,1.0,0.0,12,26,-0.11754637641705569,-0.35089798000654704,-0.0387215203192661,0.29939079095417487,-0.12933437329805134,0.2857142857142857,0.1575048003442348,-0.09956622008566307,0.11978721618652344
SLV,1d,3,1.0,0.0,20,50,-0.09722145415495934,-0.32222255497657126,0.007679559877188602,0.26492874156690616,0.02898726590315674,0.11428571428571428,0.18393127577999793,-0.027476082705805704,0.11368584632873535
SLV,1d,3,1.0,0.25,8,21,0.3739473387393061,-0.22112584700688875,0.4059433270180229,0.06453148052736242,6.290624726111718,0.9428571428571428,1.2510051976200578,-0.08633793749637364,0.1103963851928711
SLV,1d,3,1.0,0.25,9,21,0.33933923518288855,-0.3747196030626918,0.3851063131995009,0.06945741574108692,5.5444952722549194,0.9142857142857143,1.2235843455950863,-0.06219296262597229,0.1083981990814209
SLV,1d,3,1.0,0.25,10,30,0.29473000885839756,-0.4631954264073762,0.33179353970515996,0.06904849315012804,4.805224916114549,0.7428571428571429,1.2175393430929942,-0.08408561915305535,0.12007498741149902
SLV,1d,3,1.0,0.25,12,26,0.2904795325295987,-0.37577654037385133,0.3340747800140999,0.0725777630572677,4.6029908603065826,0.8,1.2265503166366918,-0.08408561915305535,0.1081686019897461
SLV,1d,3,1.0,0.25,20,50,0.2368335381847075,-0.3335407980808066,0.29900991185981496,0.08664488459684414,3.450981708280858,0.17142857142857143,0.29912720607824544,-0.027476082705805704,0.09929633140563965
SLV,1d,3,1.0,0.5,8,21,0.6964438441157885,-0.25276501910209204,0.7037085172040162,0.03560842656608704,19.762415390581122,0.9428571428571428,1.3892477477564578,-0.12358616627720898,0.1165618896484375
SLV,1d,3,1.0,0.5,9,21,0.6672646338691425,-0.4285034054478818,0.6810272723254379,0.037643771552370316,18.09136662563121,0.9142857142857143,1.3431055347015086,-0.095586622160167,0.11461925506591797
SLV,1d,3,1.0,0.5,10,30,0.6129760215114175,-0.5265332218737203,0.6222322825450146,0.05040759071690856,12.344019495783895,0.7714285714285715,1.2736178438295116,-0.11972722845188599,0.11358857154846191
SLV,1d,3,1.0,0.5,12,26,0.5837521920858026,-0.4308755733945774,0.5989678668052157,0.04641407239876648,12.904876384454775,0.8,1.2896143034104368,-0.11972722845188599,0.11801862716674805
SLV,1d,3,1.0,0.5,20,50,0.47947024665103183,-0.37793635898237676,0.5153868702504452,0.06453953021236805,7.985599965704102,0.17142857142857143,0.2989816243565045,-0.027476082705805704,0.11604094505310059
SLV,1d,3,1.0,0.75,8,21,0.9455714513762045,-0.3102327779917381,0.938856175661457,0.029607122915902558,31.71048326202541,0.9428571428571428,1.4909678262022728,-0.16037733878161364,0.11642599105834961
SLV,1d,3,1.0,0.75,9,21,0.9164675641508916,-0.4978999886575086,0.9128413902212588,0.03441118859601071,26.527458872114767,0.9142857142857143,1.4305062137856843,-0.12884728199046158,0.11636972427368164
SLV,1d,3,1.0,0.75,10,30,0.8512889795707903,-0.5988556387716228,0.8443161242460058,0.054766089787622825,15.416768433170517,0.7714285714285715,1.3169591170497028,-0.15502863701445835,0.11163067817687988
SLV,1d,3,1.0,0.75,12,26,0.8050389114848695,-0.5010658928745746,0.80404948079313,0.045239146038687214,17.77331252242317,0.8,1.3379240045582537,-0.15502863701445835,0.11376142501831055
SLV,1d,3,1.0,0.75,20,50,0.6614386840832004,-0.4408727870234461,0.6836528008397924,0.06121252107300697,11.168512403277969,0.17142857142857143,0.29887612871505476,-0.027476082705805704,0.10772156715393066
SLV,1d,3,1.0,1.0,8,21,1.1427586017148166,-0.3823305494214787,1.126041832782701,0.03106981620007221,36.24230750293541,0.9428571428571428,1.5706574516224783,-0.1967114550095893,0.11645913124084473
SLV,1d,3,1.0,1.0,9,21,1.1128467606766324,-0.5724669416049415,1.0969896675386746,0.03946223238943382,27.79846960286003,0.9142857142857143,1.4990836957699476,-0.1619749421168566,0.11452221870422363
SLV,1d,3,1.0,1.0,10,30,1.0383169454878496,-0.6708134465685196,1.0195773574721874,0.06269278878553325,16.263072312193284,0.7714285714285715,1.3518979095105583,-0.18998984484077253,0.11834478378295898
SLV,1d,3,1.0,1.0,12,26,0.9790053701680901,-0.5759693945023105,0.9664098579333746,0.04982256711454554,19.397030580771386,0.8,1.3765764943306438,-0.18998984484077253,0.1254258155822754
SLV,1d,3,1.0,1.0,20,50,0.8042165495578742,-0.51200723351728,0.8170556571615626,0.06198888666960444,13.180679651764043,0.17142857142857143,0.2987961847012371,-0.027476082705805704,0.10427665710449219
SLV,1d,5,0.0,0.0,8,21,-0.18041821896697133,-0.426027244704677,0.06873463362020392,0.46246215051517325,0.1486275872385123,0.2571428571428571,0.14151049442058242,-0.05919972469924906,0.11373662948608398
SLV,1d,5,0.0,0.0,9,21,-0.24884210250703123,-0.49853647102651233,0.04013086729434799,0.354799622693457,0.11310853994064313,0.2857142857142857,0.1960362711512609,-0.05862264822716756,0.11183810234069824
SLV,1d,5,0.0,0.0,10,30,-0.10621012324091218,-0.32381053017952566,0.028556435651031498,0.3222290970336516,0.0886215301905192,0.2571428571428571,0.5317601167097644,-0.024187415663064593,0.1086430549621582
SLV,1d,5,0.0,0.0,12,26,0.014272243615855796,-0.15867341184708839,0.12399705791637854,0.35415082725564573,0.3501249986545156,0.2857142857142857,0.5080352129772618,-0.039645818487618945,0.10949349403381348
SLV,1d,5,0.0,0.0,20,50,-0.062107666059888725,-0.27095575179612486,0.08857963508517146,0.30152949864619943,0.29376772582077165,0.11428571428571428,0.21107694263617574,-0.028148659589646963,0.10261249542236328
SLV,1d,5,0.0,0.25,8,21,0.2630744799366223,-0.46039327886036985,0.3769394612263187,0.12815999052692886,2.9411633043708485,0.8571428571428571,1.2856159946045147,-0.0673566586755574,0.10868096351623535
SLV,1d,5,0.0,0.25,9,21,0.2386439569436917,-0.5434757437656974,0.36247263307584043,0.09756233385944194,3.715292764501255,0.8285714285714286,1.3353494097498524,-0.028215104529017654,0.11338138580322266
SLV,1d,5,0.0,0.25,10,30,0.24413499976724332,-0.34393894830127714,0.32356867220435864,0.09744309861699953,3.320590958177003,0.6571428571428571,1.2119322952542657,0.0,0.11054086685180664
SLV,1d,5,0.0,0.25,12,26,0.28600960540522746,-0.13528552962374507,0.35386745431596345,0.1115922963596771,3.1710742216057697,0.7142857142857143,1.2981037715377504,0.0,0.10428857803344727
SLV,1d,5,0.0,0.25,20,50,0.21187712403557815,-0.270917306787231,0.2923887074503373,0.1111856724751149,2.6297336782828604,0.17142857142857143,0.32496189287632554,-0.028148659589646963,0.10740470886230469
SLV,1d,5,0.0,0.5,8,21,0.5493363673019788,-0.5185756258454769,0.6071380744166714,0.07226293971341181,8.40179041739134,0.8857142857142857,1.376189043465451,-0.1060331258352879,0.10935235023498535
SLV,1d,5,0.0,0.5,9,21,0.5328738741987744,-0.6059003042252316,0.5998837526386587,0.05852387709122199,10.250239431396718,0.8285714285714286,1.3940043608402888,-0.0533207738362681,0.11131620407104492
SLV,1d,5,0.0,0.5,10,30,0.49248187208320454,-0.3976942146263922,0.5435231481342319,0.06057066527983812,8.97337259914746,0.6571428571428571,1.2210076617886152,-0.006541601093541072,0.10569119453430176
SLV,1d,5,0.0,0.5,12,26,0.5178921446969469,-0.1560268764347944,0.5532175971661178,0.07035712750049011,7.862992944990031,0.7142857142857143,1.308789449386141,-0.022773969788429493,0.10721802711486816
SLV,1d,5,0.0,0.5,20,50,0.42060803832085664,-0.307907222473098,0.46075157446063264,0.07305512410436323,6.306902905296881,0.17142857142857143,0.325033590597517,-0.028148659589646963,0.10290312767028809
SLV,1d,5,0.0,0.75,8,21,0.7623915705957147,-0.5866550510609891,0.7912430729679897,0.051230471026635103,15.444774508448624,0.8857142857142857,1.4414896116738258,-0.14470959299501818,0.11365151405334473
SLV,1d,5,0.0,0.75,9,21,0.7488026347343377,-0.6732017375395757,0.7871883128523824,0.0473904501032081,16.61069500580864,0.8285714285714286,1.4386831474937942,-0.07842644314351843,0.12234997749328613
SLV,1d,5,0.0,0.75,10,30,0.6790099004462883,-0.4692031881257267,0.7166135281635563,0.04965099651434274,14.433014007212268,0.6571428571428571,1.2385589930315393,-0.02487359899320818,0.10778164863586426
SLV,1d,5,0.0,0.75,12,26,0.6979425015893734,-0.2067927452076912,0.7154147675460115,0.05732565701964437,12.479835465310986,0.7142857142857143,1.326724843139195,-0.04922215203554048,0.10290098190307617
SLV,1d,5,0.0,0.75,20,50,0.5777838174245722,-0.3672158040261039,0.5962824320234913,0.06363770722093255,9.369954670952605,0.17142857142857143,0.32508361832971244,-0.028148659589646963,0.10699748992919922
SLV,1d,5,0.0,1.0,8,21,0.929316404621659,-0.6556811893968112,0.9384989608477439,0.04268292902663605,21.987688807909098,0.8857142857142857,1.4924222053380278,-0.18338606015474856,0.11961650848388672
SLV,1d,5,0.0,1.0,9,21,0.9173370559629248,-0.7377376764591028,0.9364065238259686,0.04503526231980988,20.792740523553405,0.8285714285714286,1.4744677120116414,-0.10353211245076865,0.11283373832702637
SLV,1d,5,0.0,1.0,10,30,0.8255279899342692,-0.5472686819268983,0.8544386564701826,0.04738532525038064,18.031714501386038,0.6571428571428571,1.2549876673377478,-0.043205596892875064,0.11170077323913574
SLV,1d,5,0.0,1.0,12,26,0.8407876553326543,-0.27629616263518186,0.8457660914310654,0.05259086788876015,16.081995323218933,0.7142857142857143,1.3433122936968256,-0.0756703342826518,0.11252951622009277
SLV,1d,5,0.0,1.0,20,50,0.7013429853383655,-0.4380736943933823,0.7049945008995141,0.061764333415998754,11.41426551390418,0.17142857142857143,0.32512048657557185,-0.028148659589646963,0.10391426086425781
SLV,1d,5,0.1,0.0,8,21,-0.22034894537159602,-0.4682483111677418,0.0880305830571976,0.439665601337358,0.20022167481247008,0.2571428571428571,0.09200902749964796,-0.05919972469924906,0.1132819652557373
SLV,1d,5,0.1,0.0,9,21,-0.285230552046105,-0.5273215223376453,0.018299198899575007,0.35748239049177355,0.05118909178827401,0.2857142857142857,0.19132741874887785,-0.05862264822716756,0.11004781723022461
SLV,1d,5,0.1,0.0,10,30,-0.09515023316063091,-0.3107180062158842,0.020153694096699093,0.31594091769291405,0.06378943963278581,0.2571428571428571,0.5317601167097644,-0.024187415663064593,0.10626721382141113
SLV,1d,5,0.1,0.0,12,26,0.005301274526582135,-0.17340375391788254,0.1272638109314777,0.33931572995572135,0.3750601569461129,0.2857142857142857,0.5080352129772618,-0.039645818487618945,0.11203742027282715
SLV,1d,5,0.1,0.0,20,50,-0.08623400239977319,-0.3052210736484411,0.05739417305034554,0.30648743789284305,0.18726435721131324,0.11428571428571428,0.21107694263617574,-0.028148659589646963,0.13005757331848145
SLV,1d,5,0.1,0.25,8,21,0.266894765645043,-0.5100970423855151,0.38422938292265085,0.12011695980569753,3.1987937718718853,0.8571428571428571,1.364208670266902,-0.0673566586755574,0.11053609848022461
SLV,1d,5,0.1,0.25,9,21,0.24047245681013207,-0.577355679211665,0.35700626835195326,0.09609934340197597,3.7149709427110675,0.8571428571428571,1.4009169540528363,-0.028215104529017654,0.11397957801818848
SLV,1d,5,0.1,0.25,10,30,0.24769582612612048,-0.3278373587965925,0.31902124707034835,0.09273169307754764,3.440261214723689,0.6571428571428571,1.2119322952542657,0.0,0.10875749588012695
SLV,1d,5,0.1,0.25,12,26,0.2903098802693971,-0.15567157000279197,0.3570508103760508,0.10524920933534646,3.3924322342262037,0.7142857142857143,1.2981037715377504,0.0,0.12328910827636719
SLV,1d,5,0.1,0.25,20,50,0.20687621808012582,-0.31353428801456673,0.2807338219815475,0.11158523781150542,2.515868832540153,0.17142857142857143,0.32496189287632554,-0.028148659589646963,0.10561013221740723
SLV,1d,5,0.1,0.5,8,21,0.5685356208966795,-0.5718914624261696,0.6146179890930353,0.068018863783195,9.03599317759973,0.8857142857142857,1.449966421439528,-0.1060331258352879,0.1131746768951416
SLV,1d,5,0.1,0.5,9,21,0.5461131415656532,-0.642151719861128,0.6006637066116661,0.05584038756777731,10.756796877217218,0.8571428571428571,1.4630931402695992,-0.0533207738362681,0.13010120391845703
SLV,1d,5,0.1,0.5,10,30,0.49484762131639076,-0.379697258993989,0.5442105779601241,0.05968129193585589,9.118612555254826,0.6571428571428571,1.2210076617886152,-0.006541601093541072,0.1080925464630127
SLV,1d,5,0.1,0.5,12,26,0.5297143099370921,-0.18158485099544142,0.5601491392460085,0.0670815240050616,8.350274498887993,0.7142857142857143,1.308789449386141,-0.022773969788429493,0.10866117477416992
SLV,1d,5,0.1,0.5,20,50,0.422876405446455,-0.35620434144779456,0.4559612643604548,0.07398405340549441,6.16296679314671,0.17142857142857143,0.325033590597517,-0.028148659589646963,0.10082793235778809
SLV,1d,5,0.1,0.75,8,21,0.7920496248135187,-0.6401717895178793,0.7996718954114427,0.050068542941148854,15.971543177347627,0.8857142857142857,1.5118904490730416,-0.14470959299501818,0.12627410888671875
SLV,1d,5,0.1,0.75,9,21,0.7697353142678793,-0.7093804908378998,0.7917188294377713,0.04577385320751049,17.29631162682777,0.8571428571428571,1.5084748373341923,-0.07842644314351843,0.12387514114379883
SLV,1d,5,0.1,0.75,10,30,0.6809703842342617,-0.4504201898985899,0.7211315225305855,0.05209425277850933,13.842823038400066,0.6571428571428571,1.2385589930315393,-0.02487359899320818,0.1116950511932373
SLV,1d,5,0.1,0.75,12,26,0.715219529123262,-0.23662974609175969,0.7254838596269124,0.055862822753028965,12.986881504973281,0.7142857142857143,1.326724843139195,-0.04922215203554048,0.11724162101745605
SLV,1d,5,0.1,0.75,20,50,0.5843877116841769,-0.4184659600874392,0.5951185417201394,0.06427814746385496,9.258489318703342,0.17142857142857143,0.32508361832971244,-0.028148659589646963,0.10001492500305176
SLV,1d,5,0.1,1.0,8,21,0.9669387503017358,-0.7067432398251714,0.9478228660419099,0.04445331121818275,21.321760743308175,0.8857142857142857,1.5603482142160885,-0.18338606015474856,0.11545825004577637
SLV,1d,5,0.1,1.0,9,21,0.9441592638045923,-0.7719269588397797,0.9436418001629251,0.04540853241068128,20.78115609701924,0.8571428571428571,1.5445281683525032,-0.10353211245076865,0.11993837356567383
SLV,1d,5,0.1,1.0,10,30,0.8272727590344403,-0.528672333882415,0.861954687652988,0.05225702703349557,16.49452210705547,0.6571428571428571,1.2549876673377478,-0.043205596892875064,0.11154770851135254
SLV,1d,5,0.1,1.0,12,26,0.8623135553124928,-0.3092679671436982,0.8583655796192258,0.05216274070226209,16.455530673103645,0.7142857142857143,1.3433122936968256,-0.0756703342826518,0.12849640846252441
SLV,1d,5,0.1,1.0,20,50,0.7110832210615078,-0.48981138587973416,0.70629949840085,0.06174001439657564,11.43989850510991,0.17142857142857143,0.32512048657557185,-0.028148659589646963,0.11940240859985352
SLV,1d,5,0.25,0.0,8,21,-0.06675376012429363,-0.28204703224790584,0.06665513860197143,0.39577006233829026,0.16841884959200623,0.2571428571428571,0.09200902749964796,-0.05919972469924906,0.12609624862670898
SLV,1d,5,0.25,0.0,9,21,-0.2705953583576461,-0.523886948020631,0.011308874154323273,0.3762462052047382,0.030057111534638425,0.2857142857142857,0.19132741874887785,-0.05862264822716756,0.13258123397827148
SLV,1d,5,0.25,0.0,10,30,-0.0710950801966933,-0.2819532402624998,-0.025815860233885195,0.3323614138740642,-0.07767405949135582,0.2571428571428571,0.5317601167097644,-0.024187415663064593,0.11523795127868652
SLV,1d,5,0.25,0.0,12,26,-0.024262492827009794,-0.21770709068177208,0.08627076482092057,0.3330706484566604,0.25901641354670807,0.2857142857142857,0.5080352129772618,-0.039645818487618945,0.10793209075927734
SLV,1d,5,0.25,0.0,20,50,-0.04361629190794218,-0.24354803169003358,0.058267398531431217,0.3045434051461293,0.1913270737334559,0.11428571428571428,0.21107694263617574,-0.028148659589646963,0.10569167137145996
SLV,1d,5,0.25,0.25,8,21,0.3183324976548437,-0.2865304969046495,0.3706021186742968,0.09667192999204835,3.833606287831228,0.8571428571428571,1.364208670266902,-0.0673566586755574,0.10977530479431152
SLV,1d,5,0.25,0.25,9,21,0.25209787351489404,-0.5747041481882402,0.3610626007954033,0.1052510759414548,3.4304884540680796,0.8571428571428571,1.4009169540528363,-0.028215104529017654,0.10769248008728027
SLV,1d,5,0.25,0.25,10,30,0.26316133198273595,-0.29309484249145845,0.3065298825505667,0.09567295392330438,3.2039345497400906,0.6571428571428571,1.2119322952542657,0.0,0.10413908958435059
SLV,1d,5,0.25,0.25,12,26,0.2820138408852648,-0.21425616874995768,0.344994114731722,0.10270139581831303,3.3591959679111287,0.7142857142857143,1.2981037715377504,0.0,0.10491299629211426
SLV,1d,5,0.25,0.25,20,50,0.2262646810229667,-0.2356161832725837,0.28387273936669055,0.1074221686696394,2.6425899130718364,0.17142857142857143,0.32496189287632554,-0.028148659589646963,0.10445427894592285
SLV,1d,5,0.25,0.5,8,21,0.605204981322141,-0.32717548227091975,0.6106611881916189,0.05053422308084783,12.084111537930337,0.8857142857142857,1.449966421439528,-0.1060331258352879,0.1091604232788086
SLV,1d,5,0.25,0.5,9,21,0.5655633990513279,-0.6406516514487676,0.6105744201441209,0.060568565402447906,10.080714576730658,0.8571428571428571,1.4630931402695992,-0.0533207738362681,0.10726594924926758
SLV,1d,5,0.25,0.5,10,30,0.5140495366777099,-0.34114403317835096,0.5436194008158799,0.057570904525024495,9.442606561437357,0.6571428571428571,1.2210076617886152,-0.006541601093541072,0.11190128326416016
SLV,1d,5,0.25,0.5,12,26,0.5286770704620409,-0.25277551629711714,0.558947236812431,0.0681753466611657,8.198670988655502,0.7142857142857143,1.308789449386141,-0.022773969788429493,0.11494064331054688
SLV,1d,5,0.25,0.5,20,50,0.4363251749208692,-0.26642616894033666,0.46194970165207716,0.07196739594726043,6.418874763658336,0.17142857142857143,0.325033590597517,-0.028148659589646963,0.09880614280700684
SLV,1d,5,0.25,0.75,8,21,0.8244331467933839,-0.3893825564321377,0.8024962217770911,0.03894693136735287,20.604863941855527,0.8857142857142857,1.5118904490730416,-0.14470959299501818,0.10811519622802734
SLV,1d,5,0.25,0.75,9,21,0.7957681939593572,-0.7090803051352778,0.8063839747882012,0.04862722609336719,16.58297294688156,0.8571428571428571,1.5084748373341923,-0.07842644314351843,0.11486268043518066
SLV,1d,5,0.25,0.75,10,30,0.7043340550257878,-0.410440690384167,0.7275887552185164,0.048267325898702314,15.074146778826998,0.6571428571428571,1.2385589930315393,-0.02487359899320818,0.10674738883972168
SLV,1d,5,0.25,0.75,12,26,0.7183085042052221,-0.3176891254586517,0.7307301725240276,0.060183349619628644,12.141733172752849,0.7142857142857143,1.326724843139195,-0.04922215203554048,0.11702442169189453
SLV,1d,5,0.25,0.75,20,50,0.5956105496068624,-0.32151562831644653,0.6034571890003365,0.06421797990176374,9.397012953746971,0.17142857142857143,0.32508361832971244,-0.028148659589646963,0.09993529319763184
SLV,1d,5,0.25,1.0,8,21,0.9974662420357208,-0.46231293041118016,0.9558673710786089,0.04023246919094216,23.75860568095111,0.8857142857142857,1.5603482142160885,-0.18338606015474856,0.10995316505432129
SLV,1d,5,0.25,1.0,9,21,0.9755096154465676,-0.772655435130413,0.9621146851834732,0.04780345936452832,20.12646569878566,0.8571428571428571,1.5445281683525032,-0.10353211245076865,0.10820221900939941
SLV,1d,5,0.25,1.0,10,30,0.8541977738978467,-0.4894106849793063,0.8735093221092345,0.04861207854576159,17.968977016420837,0.6571428571428571,1.2549876673377478,-0.043205596892875064,0.10602235794067383
SLV,1d,5,0.25,1.0,12,26,0.8683473874468018,-0.3968972282094476,0.8682539856028677,0.05907219529668017,14.69818382814805,0.7142857142857143,1.3433122936968256,-0.0756703342826518,0.1056828498840332
SLV,1d,5,0.25,1.0,20,50,0.7210339479742964,-0.3901074760200506,0.7165329864997292,0.06309273310806453,11.356822746487452,0.17142857142857143,0.32512048657557185,-0.028148659589646963,0.0982351303100586
SLV,1d,5,0.4,0.0,8,21,-0.02528327704799912,-0.21733618126813914,0.04440383984592493,0.3650230137375431,0.12164668575623547,0.2571428571428571,0.09200902749964796,-0.05919972469924906,0.10407376289367676
SLV,1d,5,0.4,0.0,9,21,-0.1912447844142754,-0.43557742572876645,0.0157433438219265,0.38547381341720277,0.040841539097980946,0.2857142857142857,0.19132741874887785,-0.05862264822716756,0.10475301742553711
SLV,1d,5,0.4,0.0,10,30,-0.057512239306152464,-0.2653403165780611,-0.02969656609880894,0.37448825331052793,-0.07929905901263175,0.2571428571428571,0.5317601167097644,-0.024187415663064593,0.10322189331054688
SLV,1d,5,0.4,0.0,12,26,-0.058650340715102785,-0.2677597528254577,0.08461982053984657,0.30127234197527436,0.2808748389747353,0.2857142857142857,0.5080352129772618,-0.039645818487618945,0.1021425724029541
SLV,1d,5,0.4,0.0,20,50,-0.065169626815826,-0.27686038796748336,0.061798627178475264,0.3096901429325077,0.19954986811428269,0.11428571428571428,0.21107694263617574,-0.028148659589646963,0.09759688377380371
SLV,1d,5,0.4,0.25,8,21,0.3417618735043179,-0.2064289082693409,0.36423871426308785,0.09553564297630252,3.8125949950788187,0.8571428571428571,1.364208670266902,-0.0673566586755574,0.10961127281188965
SLV,1d,5,0.4,0.25,9,21,0.28820644907545284,-0.47439627966186027,0.3622337251098505,0.10541657721179767,3.4362121659676808,0.8571428571428571,1.4009169540528363,-0.028215104529017654,0.10741138458251953
SLV,1d,5,0.4,0.25,10,30,0.2791391116149229,-0.27437199356725817,0.3168545478926024,0.0990441317396668,3.199124898438616,0.6571428571428571,1.2119322952542657,0.0,0.10860919952392578
SLV,1d,5,0.4,0.25,12,26,0.2826720371950338,-0.27627453470591146,0.35039595947834357,0.10389749770639257,3.3725158662486683,0.7142857142857143,1.2981037715377504,0.0,0.10954570770263672
SLV,1d,5,0.4,0.25,20,50,0.22061512355096077,-0.2775580659359911,0.2869834187602235,0.10844953192752227,2.64623934893529,0.17142857142857143,0.32496189287632554,-0.028148659589646963,0.10190463066101074
SLV,1d,5,0.4,0.5,8,21,0.6315124364378139,-0.23686210743154035,0.6131281223129718,0.05517681930346559,11.112059920323496,0.8857142857142857,1.449966421439528,-0.1060331258352879,0.11382150650024414
SLV,1d,5,0.4,0.5,9,21,0.5995740357939465,-0.5376578545436774,0.6159052191654215,0.059074953062259065,10.425826636143396,0.8571428571428571,1.4630931402695992,-0.0533207738362681,0.1102759838104248
SLV,1d,5,0.4,0.5,10,30,0.537453518626601,-0.32199901902861505,0.5580038666715696,0.055459144860356184,10.061530304453848,0.6571428571428571,1.2210076617886152,-0.006541601093541072,0.10884213447570801
SLV,1d,5,0.4,0.5,12,26,0.5432211958452264,-0.3226136079317561,0.5687578344260393,0.07045041948102616,8.073164625786482,0.7142857142857143,1.308789449386141,-0.022773969788429493,0.10830259323120117
SLV,1d,5,0.4,0.5,20,50,0.43817153981636,-0.314246390496956,0.4649572151750757,0.07294472727179693,6.3741031403491855,0.17142857142857143,0.325033590597517,-0.028148659589646963,0.10025310516357422
SLV,1d,5,0.4,0.75,8,21,0.8551596723735531,-0.29413093938698653,0.810659452146002,0.04325556527575758,18.74115959363807,0.8857142857142857,1.5118904490730416,-0.14470959299501818,0.10582947731018066
SLV,1d,5,0.4,0.75,9,21,0.8322805573184084,-0.6105163530331171,0.8153377679203393,0.04695822211945442,17.36304593998995,0.8571428571428571,1.5084748373341923,-0.07842644314351843,0.10507082939147949
SLV,1d,5,0.4,0.75,10,30,0.7343863617837574,-0.39218747404620957,0.745366060999898,0.04312493902409475,17.283875128112005,0.6571428571428571,1.2385589930315393,-0.02487359899320818,0.10319948196411133
SLV,1d,5,0.4,0.75,12,26,0.7419651783633457,-0.39109569784188625,0.7436022154203674,0.062201865960618524,11.954660908262134,0.7142857142857143,1.326724843139195,-0.04922215203554048,0.10178637504577637
SLV,1d,5,0.4,0.75,20,50,0.6020078550571356,-0.37263359875941093,0.6066543335653265,0.06552098516593664,9.258931806793356,0.17142857142857143,0.32508361832971244,-0.028148659589646963,0.09496355056762695
SLV,1d,5,0.4,1.0,8,21,1.0321875532373408,-0.36685528155791436,0.9682643801172478,0.041248414426899985,23.47397817759022,0.8857142857142857,1.5603482142160885,-0.18338606015474856,0.1063230037689209
SLV,1d,5,0.4,1.0,9,21,1.014945477729265,-0.68328971580523,0.9740136141583207,0.04674385118127245,20.837256442159635,0.8571428571428571,1.5445281683525032,-0.10353211245076865,0.10564422607421875
SLV,1d,5,0.4,1.0,10,30,0.8897259500533982,-0.4729132439113015,0.8940126050734948,0.04213181619982232,21.21941766842857,0.6571428571428571,1.2549876673377478,-0.043205596892875064,0.10242199897766113
SLV,1d,5,0.4,1.0,12,26,0.8988214521431741,-0.4700517719553351,0.8834303330527934,0.06096743536568043,14.490200018321433,0.7142857142857143,1.3433122936968256,-0.0756703342826518,0.10268306732177734
SLV,1d,5,0.4,1.0,20,50,0.7307269147939708,-0.44225114087832684,0.7199282655109234,0.06463060932618181,11.139122360390326,0.17142857142857143,0.32512048657557185,-0.028148659589646963,0.09813165664672852
SLV,1d,5,0.55,0.0,8,21,-0.051091307810004656,-0.2573667072112962,0.046278597666605685,0.3267834047784573,0.1416185674972701,0.37142857142857144,0.09028198669248193,-0.06930733820653201,0.10456490516662598
SLV,1d,5,0.55,0.0,9,21,0.017191209049123284,-0.14906796545665912,0.008298186866310914,0.37401416522862785,0.022186825093211078,0.2857142857142857,0.14506365001044563,-0.05771568669308125,0.11004471778869629
SLV,1d,5,0.55,0.0,10,30,-0.13886629682108148,-0.3715925355558648,-0.04262091343955085,0.33947962324995545,-0.12554778113492102,0.2571428571428571,0.45718638121567645,-0.011949467357284305,0.10478639602661133
SLV,1d,5,0.55,0.0,12,26,-0.18725757574347746,-0.4300922206405985,0.06164099596878377,0.30642112255337645,0.20116431744370475,0.2857142857142857,0.4152436325750578,-0.01181752790348245,0.10451602935791016
SLV,1d,5,0.55,0.0,20,50,-0.024167484805390153,-0.21693487787207455,0.04792568107388485,0.28866508820264036,0.16602520717795094,0.11428571428571428,0.21107694263617574,-0.028148659589646963,0.0970158576965332
SLV,1d,5,0.55,0.25,8,21,0.3453293494773849,-0.25674708671898205,0.3757194497304816,0.08460424906645864,4.440905201290128,0.9142857142857143,1.4944140238420633,-0.10110876633760435,0.13144874572753906
SLV,1d,5,0.55,0.25,9,21,0.3575823368195812,-0.12047673394707914,0.3637647088714724,0.10352644466857623,3.5137370942855073,0.8571428571428571,1.4422350011925056,-0.10110876633760435,0.1426548957824707
SLV,1d,5,0.55,0.25,10,30,0.26895262261828956,-0.40336531255201247,0.319058835822564,0.09082475929861399,3.5129059332110217,0.7142857142857143,1.297979041131268,-0.035456768993238796,0.11276388168334961
SLV,1d,5,0.55,0.25,12,26,0.24712658526917256,-0.4718248045239295,0.35292059150184574,0.09563796905179711,3.6901723761062457,0.7428571428571429,1.3304595133114576,-0.035456768993238796,0.11201834678649902
SLV,1d,5,0.55,0.25,20,50,0.23781348345472533,-0.20042042995242237,0.2848301931947334,0.10094664146776595,2.8215915760375716,0.17142857142857143,0.32496189287632554,-0.028148659589646963,0.10739469528198242
SLV,1d,5,0.55,0.5,8,21,0.6486081582543025,-0.2944512492210205,0.6372024282639621,0.05103440556169081,12.485742142988352,0.9428571428571428,1.5741173610318224,-0.1434868275820439,0.11464357376098633
SLV,1d,5,0.55,0.5,9,21,0.6476931618255585,-0.14044063574662158,0.6254329486893019,0.06065683641706285,10.311005084224385,0.8857142857142857,1.5071117719481117,-0.1434868275820439,0.11305522918701172
SLV,1d,5,0.55,0.5,10,30,0.5522634420213829,-0.46394817469150873,0.568789310533845,0.05306747121190738,10.718229030785604,0.7142857142857143,1.3091013527542523,-0.06934117666584805,0.11139798164367676
SLV,1d,5,0.55,0.5,12,26,0.5336007279004126,-0.5368650115297952,0.5811770591181373,0.06445743834159817,9.016446729361716,0.7428571428571429,1.3414071597264783,-0.06934117666584805,0.11176133155822754
SLV,1d,5,0.55,0.5,20,50,0.4496893703949757,-0.22358976125637375,0.4706274260264648,0.07143298840472423,6.588376554540728,0.17142857142857143,0.325033590597517,-0.028148659589646963,0.12357974052429199
SLV,1d,5,0.55,0.75,8,21,0.8817213373425427,-0.35576619575252055,0.8441289154736034,0.04193714785858923,20.128429294237655,0.9428571428571428,1.6374489195623532,-0.18484987042639955,0.11174225807189941
SLV,1d,5,0.55,0.75,9,21,0.8737616656967916,-0.19460777959356168,0.8306690616708472,0.05071686310412634,16.37855756112928,0.8857142857142857,1.558639783567319,-0.18484987042639955,0.11097550392150879
SLV,1d,5,0.55,0.75,10,30,0.7647737290070327,-0.5377633200726517,0.7618753120909458,0.04409198721000261,17.279223738822743,0.7142857142857143,1.3292615828239944,-0.10268951580827368,0.10915017127990723
SLV,1d,5,0.55,0.75,12,26,0.7459956504203924,-0.6103684087390999,0.7625329700924656,0.057916897373977184,13.165984447831999,0.7428571428571429,1.3614154044169717,-0.10268951580827368,0.10886573791503906
SLV,1d,5,0.55,0.75,20,50,0.6114112625117893,-0.2726967210712432,0.6174184261792933,0.06637102392723743,9.302529773477193,0.17142857142857143,0.32508361832971244,-0.028148659589646963,0.13393664360046387
SLV,1d,5,0.55,1.0,8,21,1.0660522742233611,-0.4295204228208257,1.0090435727827411,0.0404917324603257,24.919743154270186,0.9428571428571428,1.6885418974040418,-0.22519789487067143,0.15201020240783691
SLV,1d,5,0.55,1.0,9,21,1.0532305335881782,-0.270669951921098,0.9938312987003842,0.05127613791561357,19.381945269278223,0.8857142857142857,1.6005314046682444,-0.22519789487067143,0.1350231170654297
SLV,1d,5,0.55,1.0,10,30,0.9316503507899968,-0.6143196525103305,0.9148003877421476,0.0442052249227243,20.694395048126584,0.7142857142857143,1.3480595866999787,-0.1355017864205157,0.10830879211425781
SLV,1d,5,0.55,1.0,12,26,0.9122593756091214,-0.6829775770824746,0.907211035636833,0.05828419286031205,15.565301518562984,0.7428571428571429,1.380110368127237,-0.1355017864205157,0.11676812171936035
SLV,1d,5,0.55,1.0,20,50,0.7389448082194582,-0.3372673538515327,0.7344535407681059,0.06653552018094842,11.038518054276926,0.17142857142857143,0.32512048657557185,-0.028148659589646963,0.10438346862792969
SLV,1d,5,0.7,0.0,8,21,-0.12562713612314483,-0.36157514648988665,0.042835363234383035,0.29148024474774986,0.1469580323409335,0.37142857142857144,0.05114336529042456,-0.08320935511152372,0.11702752113342285
SLV,1d,5,0.7,0.0,9,21,-0.04526990345069554,-0.2475530004125125,0.02958541718134649,0.35845240255169747,0.08253652917580755,0.2857142857142857,0.09026131361586516,-0.07790718566569443,0.12084603309631348
SLV,1d,5,0.7,0.0,10,30,-0.16980951993483911,-0.4075274996497491,-0.05972492719622289,0.3744935055008918,-0.15948187703906835,0.22857142857142856,0.4207413552295045,-0.034144799874255116,0.11260175704956055
SLV,1d,5,0.7,0.0,12,26,-0.17965334727362892,-0.4248840524767018,0.03889957246893845,0.2889532207018647,0.13462238757696401,0.2571428571428571,0.3787986065888858,-0.034144799874255116,0.11272835731506348
SLV,1d,5,0.7,0.0,20,50,-0.00011640937468146954,-0.1767287436281021,0.05608607432237332,0.2676501371787233,0.20954995545144017,0.11428571428571428,0.21107694263617574,-0.028148659589646963,0.11424827575683594
SLV,1d,5,0.7,0.25,8,21,0.3368692180913962,-0.38635032687835613,0.38074366309019353,0.07181668005387537,5.3016049029914445,0.9428571428571428,1.4679398684116565,-0.06506919322324134,0.11099362373352051
SLV,1d,5,0.7,0.25,9,21,0.3459956974480964,-0.24426781088478167,0.378134968073403,0.08736151342463697,4.328393056052124,0.8857142857142857,1.3996371983293978,-0.08857464663347947,0.10818290710449219
SLV,1d,5,0.7,0.25,10,30,0.2695099662454123,-0.4459555839664464,0.32510238457852453,0.09564645797289763,3.3990007729365734,0.7142857142857143,1.2919034542713097,-0.07635799402984589,0.10868239402770996
SLV,1d,5,0.7,0.25,12,26,0.26441396554173263,-0.46448667201290716,0.34643791500819077,0.08394747179464807,4.1268415546288955,0.7428571428571429,1.3243839264514996,-0.07635799402984589,0.10265851020812988
SLV,1d,5,0.7,0.25,20,50,0.2542136592859349,-0.14993349669987777,0.2916515831815312,0.09275495123197623,3.144323610845559,0.17142857142857143,0.32496189287632554,-0.028148659589646963,0.0966329574584961
SLV,1d,5,0.7,0.5,8,21,0.6615162278927286,-0.44132229736810313,0.6536147600964501,0.041461158258563606,15.7645079768472,0.9428571428571428,1.5566155126082342,-0.10114599256764889,0.1073598861694336
SLV,1d,5,0.7,0.5,9,21,0.6519133305656823,-0.2817242549637158,0.645159919340683,0.048590354680987324,13.277530562935453,0.8857142857142857,1.479227087381144,-0.12840392028484948,0.10818171501159668
SLV,1d,5,0.7,0.5,10,30,0.5650957969527998,-0.5098112030237438,0.587100529571757,0.06060438799351051,9.687426092556588,0.7142857142857143,1.3051579232713313,-0.11784308840427093,0.10530471801757812
SLV,1d,5,0.7,0.5,12,26,0.5618250698094333,-0.5276694957916552,0.5846448332927784,0.059500243960473195,9.825923296737502,0.7428571428571429,1.337463730243557,-0.11784308840427093,0.10477113723754883
SLV,1d,5,0.7,0.5,20,50,0.46579775112292326,-0.16569427717828178,0.48255680172021076,0.07030380732504272,6.86387864442614,0.17142857142857143,0.325033590597517,-0.028148659589646963,0.1008758544921875
SLV,1d,5,0.7,0.75,8,21,0.9079866274728067,-0.5115035948686815,0.8687657709046729,0.033404216255323464,26.007668141779018,0.9428571428571428,1.6269476026941836,-0.13689670142110077,0.12221908569335938
SLV,1d,5,0.7,0.75,9,21,0.8873224005917715,-0.3449458849068594,0.8556564447303853,0.042148031146271164,20.301219806944296,0.8857142857142857,1.542580346530507,-0.1675916300720771,0.11156582832336426
SLV,1d,5,0.7,0.75,10,30,0.7857964296731649,-0.5838534803170994,0.7892221317994841,0.05380956837472997,14.666947824285435,0.7142857142857143,1.3261113644456448,-0.15860008299753114,0.1105046272277832
SLV,1d,5,0.7,0.75,12,26,0.7832432846295029,-0.5997831880495312,0.7727983095601856,0.05663295462736913,13.645735325748195,0.7428571428571429,1.3582651860386221,-0.15860008299753114,0.10850834846496582
SLV,1d,5,0.7,0.75,20,50,0.6287718289268779,-0.21040598077959638,0.6335638596248704,0.06856461730548234,9.240390809768458,0.17142857142857143,0.32508361832971244,-0.028148659589646963,0.10019278526306152
SLV,1d,5,0.7,1.0,8,21,1.1022247409674786,-0.586462356386152,1.040016242810475,0.03272355650723354,31.78188295580217,0.9428571428571428,1.6830923231349186,-0.17232131978359755,0.10541033744812012
SLV,1d,5,0.7,1.0,9,21,1.0735463972890973,-0.42215015511836806,1.0231913611771246,0.04602077813282494,22.23324773483827,0.8857142857142857,1.5933106457230213,-0.20613777599516203,0.10813760757446289
SLV,1d,5,0.7,1.0,10,30,0.958878409786625,-0.6582321291458408,0.9491680512201883,0.05449930871896129,17.416148452722588,0.7142857142857143,1.3453692588424828,-0.19862897780962618,0.10636258125305176
SLV,1d,5,0.7,1.0,12,26,0.956743134142025,-0.6715644457040688,0.9226467692640087,0.0589270346151697,15.657444419008485,0.7428571428571429,1.3774200402697412,-0.19862897780962618,0.10652971267700195
SLV,1d,5,0.7,1.0,20,50,0.757626643539519,-0.2733801060190477,0.7539433857464357,0.07064948940177582,10.671604170538915,0.17142857142857143,0.32512048657557185,-0.028148659589646963,0.09696483612060547
SLV,1d,5,0.85,0.0,8,21,-0.012425312701596185,-0.20447117688229244,0.01589164190823469,0.2860615843568594,0.055553219227122794,0.34285714285714286,-0.2743649203360647,-0.09956622008566307,0.10580015182495117
SLV,1d,5,0.85,0.0,9,21,-0.03618185067915633,-0.2388473263080101,-0.017420913667147965,0.33149800175953764,-0.052552092545597805,0.3142857142857143,0.006014565764203017,-0.09956622008566307,0.1051778793334961
SLV,1d,5,0.85,0.0,10,30,-0.16147230909394336,-0.40516963482369583,-0.09308817946805617,0.34146693290552926,-0.27261257386175686,0.2857142857142857,0.22088009145966606,-0.09956622008566307,0.1029212474822998
SLV,1d,5,0.85,0.0,12,26,-0.1472712261636306,-0.38651443629390825,-0.025482736097031455,0.3507467347930023,-0.07265281061581491,0.2857142857142857,0.1555132772447565,-0.09956622008566307,0.1039888858795166
SLV,1d,5,0.85,0.0,20,50,-0.06892843325223622,-0.28076741701963603,0.03182711967679801,0.28573459862367573,0.11138699978967419,0.11428571428571428,0.18393127577999793,-0.027476082705805704,0.10312509536743164
SLV,1d,5,0.85,0.25,8,21,0.3737059996288942,-0.1890652762768873,0.39262575529581645,0.07171492219032999,5.474812539763976,0.9428571428571428,1.2152837976966075,-0.08921416809364269,0.11358451843261719
SLV,1d,5,0.85,0.25,9,21,0.3556780248181037,-0.23547241526657958,0.37048181331022084,0.0763836015092356,4.8502794577632695,0.9142857142857143,1.2089651096571141,-0.06853278784743622,0.1112813949584961
SLV,1d,5,0.85,0.25,10,30,0.2860863511328926,-0.44262984923187976,0.3274231035103067,0.07782375011159702,4.207238831857773,0.7714285714285715,1.222152155745523,-0.09323839247125887,0.10407090187072754
SLV,1d,5,0.85,0.25,12,26,0.2801289925547479,-0.41893495519599855,0.33584224315825845,0.09110456071745777,3.686338428213322,0.7714285714285715,1.220672211730946,-0.09323839247125887,0.1035008430480957
SLV,1d,5,0.85,0.25,20,50,0.24378650595647475,-0.2812713348976653,0.2974758385292239,0.0919811308683574,3.234096338247556,0.17142857142857143,0.29912720607824544,-0.027476082705805704,0.0975799560546875
SLV,1d,5,0.85,0.5,8,21,0.6890907034524538,-0.21568104608920957,0.6875461155434919,0.03893281400193011,17.659810449596744,0.9428571428571428,1.3624299812493397,-0.12914553668469042,0.10786795616149902
SLV,1d,5,0.85,0.5,9,21,0.666632846251042,-0.27188361476191614,0.6593780892929219,0.04184810810527849,15.75646114357441,0.9142857142857143,1.3289938675530577,-0.10114599256764889,0.10816431045532227
SLV,1d,5,0.85,0.5,10,30,0.5921945437566881,-0.5057575881345564,0.6047188645241524,0.05049161510551525,11.976619548818874,0.7714285714285715,1.2766110014529488,-0.13741831941654226,0.10569167137145996
SLV,1d,5,0.85,0.5,12,26,0.5768367988915077,-0.47847518006581613,0.5892604735143779,0.05749663157107323,10.24860861259283,0.8,1.2856804636768566,-0.13741831941654226,0.10541629791259766
SLV,1d,5,0.85,0.5,20,50,0.47914744507320883,-0.3179062750309405,0.5007909059728213,0.06521667426619181,7.678878317664081,0.17142857142857143,0.2989816243565045,-0.027476082705805704,0.10264348983764648
SLV,1d,5,0.85,0.75,8,21,0.933430673732212,-0.270111289680771,0.9188774251237755,0.02894624685261938,31.744268257030537,0.9428571428571428,1.464546754571668,-0.16842675821225273,0.11166119575500488
SLV,1d,5,0.85,0.75,9,21,0.9063257125762623,-0.33319466940961795,0.8845118034764423,0.038754578693452196,22.823414246685786,0.9142857142857143,1.4137021066333275,-0.13689670142110077,0.10768580436706543
SLV,1d,5,0.85,0.75,10,30,0.8215593304239449,-0.5792324686591261,0.8174454471988429,0.04963703997280834,16.46845677434931,0.7714285714285715,1.3192230603461734,-0.18064358995381657,0.10673022270202637
SLV,1d,5,0.85,0.75,12,26,0.7993494453278446,-0.5501433269345035,0.7866495746834715,0.053731917702648194,14.640266127049124,0.8,1.3346584796144765,-0.18064358995381657,0.10610604286193848
SLV,1d,5,0.85,0.75,20,50,0.656964443450651,-0.376354234425466,0.6601669224180404,0.06132678205018565,10.764740955718253,0.17142857142857143,0.29887612871505476,-0.027476082705805704,0.1008145809173584
SLV,1d,5,0.85,1.0,8,21,1.1269885082456634,-0.3410872861951053,1.1027369443655766,0.027642292647044143,39.89310721965368,0.9428571428571428,1.5432049038034954,-0.2070578326763296,0.11326980590820312
SLV,1d,5,0.85,1.0,9,21,1.0959418578979891,-0.4079477527305717,1.0631377499110193,0.04466635313253937,23.801758490476026,0.9142857142857143,1.479543341547629,-0.17232131978359755,0.11220574378967285
SLV,1d,5,0.85,1.0,10,30,1.0015776898743451,-0.6532005491831472,0.9854840236265521,0.054711116334127806,18.012500743141022,0.7714285714285715,1.353718060895188,-0.2229142040830817,0.10596323013305664
SLV,1d,5,0.85,1.0,12,26,0.9740045455032613,-0.6240231392615683,0.9432308342803492,0.05775314772719262,16.332111259733747,0.8,1.3736992248987305,-0.2229142040830817,0.10827422142028809
SLV,1d,5,0.85,1.0,20,50,0.7967821530084529,-0.4460752288368971,0.7868583889250511,0.06226310505529351,12.637634891903831,0.17142857142857143,0.2987961847012371,-0.027476082705805704,0.10390067100524902
SLV,1d,5,1.0,0.0,8,21,-0.029757212339744148,-0.2297164777174513,0.05703532644107423,0.26865247663015945,0.21230150995254712,0.4,-0.09758917676078967,-0.09956622008566307,0.11186718940734863
SLV,1d,5,1.0,0.0,9,21,-0.11696327080943993,-0.3515504893977154,0.010506239795265581,0.2985244409538083,0.035193901583727434,0.34285714285714286,0.0447683268015583,-0.09956622008566307,0.1114203929901123
SLV,1d,5,1.0,0.0,10,30,-0.1760730944350404,-0.4236908656066567,-0.10993864050539512,0.3181453574567111,-0.3455610397217696,0.2857142857142857,0.20648507823548193,-0.09956622008566307,0.11870241165161133
SLV,1d,5,1.0,0.0,12,26,-0.11754637641705569,-0.35089798000654704,-0.0387215203192661,0.29939079095417487,-0.12933437329805134,0.2857142857142857,0.1575048003442348,-0.09956622008566307,0.10471940040588379
SLV,1d,5,1.0,0.0,20,50,-0.09722145415495934,-0.32222255497657126,0.007679559877188602,0.26492874156690616,0.02898726590315674,0.11428571428571428,0.18393127577999793,-0.027476082705805704,0.09853744506835938
SLV,1d,5,1.0,0.25,8,21,0.3739473387393061,-0.22112584700688875,0.4059433270180229,0.06453148052736242,6.290624726111718,0.9428571428571428,1.2510051976200578,-0.08633793749637364,0.1113579273223877
SLV,1d,5,1.0,0.25,9,21,0.33933923518288855,-0.3747196030626918,0.3851063131995009,0.06945741574108692,5.5444952722549194,0.9142857142857143,1.2235843455950863,-0.06219296262597229,0.11012005805969238
SLV,1d,5,1.0,0.25,10,30,0.29473000885839756,-0.4631954264073762,0.33179353970515996,0.06904849315012804,4.805224916114549,0.7428571428571429,1.2175393430929942,-0.08408561915305535,0.10844969749450684
SLV,1d,5,1.0,0.25,12,26,0.2904795325295987,-0.37577654037385133,0.3340747800140999,0.0725777630572677,4.6029908603065826,0.8,1.2265503166366918,-0.08408561915305535,0.10700726509094238
SLV,1d,5,1.0,0.25,20,50,0.2368335381847075,-0.3335407980808066,0.29900991185981496,0.08664488459684414,3.450981708280858,0.17142857142857143,0.29912720607824544,-0.027476082705805704,0.09965109825134277
SLV,1d,5,1.0,0.5,8,21,0.6964438441157885,-0.25276501910209204,0.7037085172040162,0.03560842656608704,19.762415390581122,0.9428571428571428,1.3892477477564578,-0.12358616627720898,0.1100301742553711
SLV,1d,5,1.0,0.5,9,21,0.6672646338691425,-0.4285034054478818,0.6810272723254379,0.037643771552370316,18.09136662563121,0.9142857142857143,1.3431055347015086,-0.095586622160167,0.11760568618774414
SLV,1d,5,1.0,0.5,10,30,0.6129760215114175,-0.5265332218737203,0.6222322825450146,0.05040759071690856,12.344019495783895,0.7714285714285715,1.2736178438295116,-0.11972722845188599,0.11764836311340332
SLV,1d,5,1.0,0.5,12,26,0.5837521920858026,-0.4308755733945774,0.5989678668052157,0.04641407239876648,12.904876384454775,0.8,1.2896143034104368,-0.11972722845188599,0.10193967819213867
SLV,1d,5,1.0,0.5,20,50,0.47947024665103183,-0.37793635898237676,0.5153868702504452,0.06453953021236805,7.985599965704102,0.17142857142857143,0.2989816243565045,-0.027476082705805704,0.0986490249633789
SLV,1d,5,1.0,0.75,8,21,0.9455714513762045,-0.3102327779917381,0.938856175661457,0.029607122915902558,31.71048326202541,0.9428571428571428,1.4909678262022728,-0.16037733878161364,0.11215329170227051
SLV,1d,5,1.0,0.75,9,21,0.9164675641508916,-0.4978999886575086,0.9128413902212588,0.03441118859601071,26.527458872114767,0.9142857142857143,1.4305062137856843,-0.12884728199046158,0.11940288543701172
SLV,1d,5,1.0,0.75,10,30,0.8512889795707903,-0.5988556387716228,0.8443161242460058,0.054766089787622825,15.416768433170517,0.7714285714285715,1.3169591170497028,-0.15502863701445835,0.1109616756439209
SLV,1d,5,1.0,0.75,12,26,0.8050389114848695,-0.5010658928745746,0.80404948079313,0.045239146038687214,17.77331252242317,0.8,1.3379240045582537,-0.15502863701445835,0.10513019561767578
SLV,1d,5,1.0,0.75,20,50,0.6614386840832004,-0.4408727870234461,0.6836528008397924,0.06121252107300697,11.168512403277969,0.17142857142857143,0.29887612871505476,-0.027476082705805704,0.09986090660095215
SLV,1d,5,1.0,1.0,8,21,1.1427586017148166,-0.3823305494214787,1.126041832782701,0.03106981620007221,36.24230750293541,0.9428571428571428,1.5706574516224783,-0.1967114550095893,0.1104745864868164
SLV,1d,5,1.0,1.0,9,21,1.1128467606766324,-0.5724669416049415,1.0969896675386746,0.03946223238943382,27.79846960286003,0.9142857142857143,1.4990836957699476,-0.1619749421168566,0.11179447174072266
SLV,1d,5,1.0,1.0,10,30,1.0383169454878496,-0.6708134465685196,1.0195773574721874,0.06269278878553325,16.263072312193284,0.7714285714285715,1.3518979095105583,-0.18998984484077253,0.11198186874389648
SLV,1d,5,1.0,1.0,12,26,0.9790053701680901,-0.5759693945023105,0.9664098579333746,0.04982256711454554,19.397030580771386,0.8,1.3765764943306438,-0.18998984484077253,0.11262083053588867
SLV,1d,5,1.0,1.0,20,50,0.8042165495578742,-0.51200723351728,0.8170556571615626,0.06198888666960444,13.180679651764043,0.17142857142857143,0.2987961847012371,-0.027476082705805704,0.10697674751281738
SLV,1d,7,0.0,0.0,8,21,-0.08165340738352347,-0.3095411924627909,0.026102814064329787,0.46233032981297706,0.056459229215805415,0.34285714285714286,0.57948835922954,-0.03702023296429002,0.11006593704223633
SLV,1d,7,0.0,0.0,9,21,-0.19214998979782633,-0.4507633216921356,0.14531828297331556,0.41814540999333016,0.3475304989611952,0.3142857142857143,0.5750411388425554,-0.045948433625565666,0.10924339294433594
SLV,1d,7,0.0,0.0,10,30,-0.10455286745681758,-0.316849005768723,0.13507715583788077,0.2903180041126415,0.4652730933816688,0.2571428571428571,0.5909530415979573,0.0,0.10586929321289062
SLV,1d,7,0.0,0.0,12,26,0.10927792230987406,0.015398212953692036,0.12654190275687813,0.30292885680735016,0.41772812300068657,0.2857142857142857,0.6154384448969386,0.0,0.10368037223815918
SLV,1d,7,0.0,0.0,20,50,-0.13056229664867136,-0.36286025486447626,-0.018833537480991973,0.27709061858859313,-0.06796887450366855,0.08571428571428572,0.10149601111595301,-0.022741981393005317,0.10218405723571777
SLV,1d,7,0.0,0.25,8,21,0.26558655677599297,-0.3178520898177981,0.34678923027673086,0.13412289783711243,2.5856079451690217,0.8857142857142857,1.4280334660379772,-0.039128163998072285,0.10817074775695801
SLV,1d,7,0.0,0.25,9,21,0.22547688602434762,-0.4898930000873114,0.389383497105382,0.12342658610742269,3.154778151009437,0.8571428571428571,1.3842333433674152,-0.02684528607397141,0.10720682144165039
SLV,1d,7,0.0,0.25,10,30,0.2311581403014532,-0.339529600877445,0.3454450981919112,0.11327306569491408,3.0496667153189057,0.6,1.0483879665188134,0.0,0.1060333251953125
SLV,1d,7,0.0,0.25,12,26,0.3114341933689945,0.09724121165179755,0.33196107873985825,0.10641627472628376,3.1194578046798247,0.6571428571428571,1.1307202244104182,0.0,0.10743260383605957
SLV,1d,7,0.0,0.25,20,50,0.16806046562826926,-0.3888857045083778,0.21703825340845134,0.11832012437460447,1.8343308423282485,0.14285714285714285,0.21587371390159954,-0.022741981393005317,0.1014091968536377
SLV,1d,7,0.0,0.5,8,21,0.5202358689336233,-0.3616916896825725,0.5731819959818606,0.0763478084063527,7.507510797574742,0.8857142857142857,1.450096156037582,-0.04123609503185477,0.11220860481262207
SLV,1d,7,0.0,0.5,9,21,0.49452401779456073,-0.5517869139571665,0.5940193047839891,0.07357739283113286,8.073394312126826,0.8571428571428571,1.4121251554057426,-0.034355933165831964,0.11288857460021973
SLV,1d,7,0.0,0.5,10,30,0.46898863626450016,-0.3965369925871286,0.536969916536721,0.07247316677107483,7.409223861196501,0.6,1.048481483059736,-0.020714264683952766,0.10565304756164551
SLV,1d,7,0.0,0.5,12,26,0.5167374829411154,0.12628301411040166,0.522022358004483,0.06999275812640103,7.458233851304368,0.6571428571428571,1.13044344553822,-0.022773969788429493,0.12405729293823242
SLV,1d,7,0.0,0.5,20,50,0.3796163744733176,-0.4466827138973297,0.394686403578984,0.0896926859983815,4.400430193227864,0.14285714285714285,0.21586286695914575,-0.022741981393005317,0.12106990814208984
SLV,1d,7,0.0,0.75,8,21,0.7128648066644835,-0.426060235525482,0.7527329212207724,0.0548226175697894,13.73033529934138,0.8857142857142857,1.4805232177830439,-0.04600605573994532,0.11551046371459961
SLV,1d,7,0.0,0.75,9,21,0.6926419838433829,-0.6224181839254196,0.7622472828823489,0.058683173279166896,12.989196737132724,0.8571428571428571,1.4445056600020318,-0.04600605573994532,0.11049318313598633
SLV,1d,7,0.0,0.75,10,30,0.6473780378873581,-0.47169513021023535,0.6933152250076047,0.05764386309798097,12.027563521014065,0.6,1.0633824698207741,-0.042729820835710086,0.1088714599609375
SLV,1d,7,0.0,0.75,12,26,0.6811573672274516,0.11327656573229405,0.676576933617016,0.05932094554464976,11.405363272703893,0.6571428571428571,1.1451249858356005,-0.04922215203554048,0.10903263092041016
SLV,1d,7,0.0,0.75,20,50,0.5348761250199405,-0.5202296852112834,0.5305153514550438,0.08418676650415789,6.301647794357825,0.14285714285714285,0.21585402388690497,-0.022741981393005317,0.10094165802001953
SLV,1d,7,0.0,1.0,8,21,0.8644809090859786,-0.4999839261220963,0.8960405673283471,0.04619045473314628,19.398825417610542,0.8857142857142857,1.508168522017319,-0.07199492695648557,0.10734796524047852
SLV,1d,7,0.0,1.0,9,21,0.8473422895078742,-0.6927433052567273,0.8978036332092451,0.05465081077810473,16.428002081333084,0.8571428571428571,1.4729904738146162,-0.07199492695648557,0.10578680038452148
SLV,1d,7,0.0,1.0,10,30,0.7874920046672484,-0.5534143448325772,0.8191271788906945,0.05172773604934748,15.835357227102682,0.6,1.078779529738714,-0.06474537698746718,0.10669946670532227
SLV,1d,7,0.0,1.0,12,26,0.8126634277022499,0.06808383215612546,0.80078977264986,0.05613574500382032,14.265238175700032,0.6571428571428571,1.1603860300803666,-0.0756703342826518,0.1116037368774414
SLV,1d,7,0.0,1.0,20,50,0.6560149847471768,-0.5985004842814845,0.6378538500214133,0.08425406670656327,7.570600149698476,0.14285714285714285,0.21584679174563604,-0.022741981393005317,0.10552358627319336
SLV,1d,7,0.1,0.0,8,21,-0.15859201783107058,-0.4080249260991724,0.031445535697461294,0.43310955517310085,0.07260411441371563,0.34285714285714286,0.5744986254542581,-0.03702023296429002,0.11570405960083008
SLV,1d,7,0.1,0.0,9,21,-0.1651368583570681,-0.4199281401469033,0.13557125264235553,0.39055516976071,0.34712446061184893,0.34285714285714286,0.5784942834129414,-0.045948433625565666,0.1047971248626709
SLV,1d,7,0.1,0.0,10,30,-0.15905969096137498,-0.38579505378051204,0.12120064347528134,0.25965638100688004,0.46677321391177334,0.2571428571428571,0.5909530415979573,0.0,0.10612845420837402
SLV,1d,7,0.1,0.0,12,26,0.11917041132040038,0.03582059577974728,0.14685052623440148,0.30183755332022266,0.48652172209534905,0.2857142857142857,0.6154384448969386,0.0,0.1085209846496582
SLV,1d,7,0.1,0.0,20,50,-0.13371966473692534,-0.3676357718730434,-0.042184824295745625,0.2813012357271332,-0.14996316737358947,0.08571428571428572,0.10149601111595301,-0.022741981393005317,0.10010933876037598
SLV,1d,7,0.1,0.25,8,21,0.25464764681072516,-0.4384006645073555,0.3487590734231253,0.12758266559476833,2.7335929359781814,0.9142857142857143,1.500465580879097,-0.039128163998072285,0.1095266342163086
SLV,1d,7,0.1,0.25,9,21,0.24347664867786156,-0.45467117388889433,0.3843541493699315,0.11795573794546882,3.2584608096608174,0.8857142857142857,1.4582313804671807,-0.02684528607397141,0.10727524757385254
SLV,1d,7,0.1,0.25,10,30,0.2147908762097298,-0.4217020667904642,0.3375834137711575,0.09798450000350166,3.44527362755429,0.6,1.0483879665188134,0.0,0.10293698310852051
SLV,1d,7,0.1,0.25,12,26,0.31880854384831686,0.12189822563576147,0.3419070633571786,0.11228356262659604,3.045032196691208,0.6571428571428571,1.1307202244104182,0.0,0.10811018943786621
SLV,1d,7,0.1,0.25,20,50,0.1727352519540387,-0.3946165495996484,0.2077063788201119,0.11889940536541876,1.7469084742834395,0.14285714285714285,0.21587371390159954,-0.022741981393005317,0.10335135459899902
SLV,1d,7,0.1,0.5,8,21,0.5312138388847522,-0.49583741198199716,0.5779373699354793,0.07342445599673898,7.871183546271658,0.9142857142857143,1.5235927731776189,-0.04123609503185477,0.10803055763244629
SLV,1d,7,0.1,0.5,9,21,0.5147603651113175,-0.5152524816569954,0.5945645756499289,0.07019511990963695,8.470169670132615,0.8857142857142857,1.4864344085646175,-0.034355933165831964,0.10685896873474121
SLV,1d,7,0.1,0.5,10,30,0.4634752391978487,-0.48542636593730726,0.5360532840695545,0.06356924704185232,8.432588224879101,0.6,1.048481483059736,-0.020714264683952766,0.10300922393798828
SLV,1d,7,0.1,0.5,12,26,0.5261803377947949,0.15318476504225265,0.531786467220716,0.07436549615592697,7.150983920092253,0.6571428571428571,1.13044344553822,-0.022773969788429493,0.10909414291381836
SLV,1d,7,0.1,0.5,20,50,0.3883115420591492,-0.4529146044742146,0.3903761580066397,0.08915041371861368,4.378848529394241,0.14285714285714285,0.21586286695914575,-0.022741981393005317,0.1004786491394043
SLV,1d,7,0.1,0.75,8,21,0.7372230595356886,-0.5654945337321053,0.7596726250190718,0.05380512954951134,14.118962845726877,0.9142857142857143,1.5533351402840636,-0.04600605573994532,0.1109764575958252
SLV,1d,7,0.1,0.75,9,21,0.716188600659168,-0.5871017146149717,0.7662310897775484,0.05686986999687424,13.473410257833596,0.8857142857142857,1.5180096567680141,-0.04600605573994532,0.1050422191619873
SLV,1d,7,0.1,0.75,10,30,0.6474467489159136,-0.5613006259957085,0.6970717853647007,0.05217534328569972,13.360176310632056,0.6,1.0633824698207741,-0.042729820835710086,0.10870957374572754
SLV,1d,7,0.1,0.75,12,26,0.6927745645681732,0.140439338228461,0.6874092237978386,0.06342202253583161,10.83865188010162,0.6571428571428571,1.1451249858356005,-0.04922215203554048,0.10551810264587402
SLV,1d,7,0.1,0.75,20,50,0.5466377003077033,-0.5265385765436339,0.5287018052890348,0.08320283175826176,6.354372731268686,0.14285714285714285,0.21585402388690497,-0.022741981393005317,0.09754157066345215
SLV,1d,7,0.1,1.0,8,21,0.8986354010041092,-0.6375194894930776,0.9046786212552812,0.04649177698764941,19.458895311650704,0.9142857142857143,1.5804967703007962,-0.07199492695648557,0.10748791694641113
SLV,1d,7,0.1,1.0,9,21,0.8738864710650034,-0.6604462706830923,0.9042866123768404,0.05425344832096913,16.66781818230217,0.8857142857142857,1.5459401973066877,-0.07199492695648557,0.11220979690551758
SLV,1d,7,0.1,1.0,10,30,0.7913444667199351,-0.6388812212011648,0.8264153302442171,0.04861380502505497,16.999601858325892,0.6,1.078779529738714,-0.06474537698746718,0.11511540412902832
SLV,1d,7,0.1,1.0,12,26,0.8261345981861491,0.0937724372723534,0.8127524245692935,0.060117304826401166,13.519442145922092,0.6571428571428571,1.1603860300803666,-0.0756703342826518,0.12480044364929199
SLV,1d,7,0.1,1.0,20,50,0.6702057875851994,-0.6045382735823623,0.6376898940896718,0.08284152804571716,7.697708011104702,0.14285714285714285,0.21584679174563604,-0.022741981393005317,0.10911035537719727
SLV,1d,7,0.25,0.0,8,21,-0.01021348311815602,-0.19794204822292627,0.007834891311184611,0.3948985267126334,0.019840264729288393,0.34285714285714286,0.5744986254542581,-0.03702023296429002,0.12034416198730469
SLV,1d,7,0.25,0.0,9,21,-0.20615947099900617,-0.4671239337791776,0.10873576415221145,0.4228281546427011,0.25716301754809945,0.34285714285714286,0.5784942834129414,-0.045948433625565666,0.11076998710632324
SLV,1d,7,0.25,0.0,10,30,-0.13003310282338523,-0.35523897206733435,0.06870008999507235,0.3163497186736477,0.2171650105557535,0.2571428571428571,0.5909530415979573,0.0,0.11298608779907227
SLV,1d,7,0.25,0.0,12,26,0.027140197912596142,-0.13452252787832197,0.1461903277650617,0.2913377692333219,0.5017898233715902,0.2857142857142857,0.6154384448969386,0.0,0.10840320587158203
SLV,1d,7,0.25,0.0,20,50,-0.07017756950361992,-0.2820462311769566,-0.026374637642304005,0.2803024879836356,-0.0940934839074414,0.08571428571428572,0.10149601111595301,-0.022741981393005317,0.09856867790222168
SLV,1d,7,0.25,0.25,8,21,0.31772969571200127,-0.17814134849351104,0.3347296172254105,0.10962671165332333,3.0533581841252206,0.9142857142857143,1.500465580879097,-0.039128163998072285,0.10668206214904785
SLV,1d,7,0.25,0.25,9,21,0.2474473469220711,-0.5109395168991657,0.38100270549369586,0.12682461865687442,3.004169927957784,0.8857142857142857,1.4582313804671807,-0.02684528607397141,0.1067953109741211
SLV,1d,7,0.25,0.25,10,30,0.2326180026655626,-0.3866857776314676,0.32659038124702156,0.10979958785944581,2.97442265143189,0.6,1.0483879665188134,0.0,0.10554313659667969
SLV,1d,7,0.25,0.25,12,26,0.29164563317409,-0.1089908074044349,0.34996881574808564,0.10599122967054903,3.3018657943292906,0.6571428571428571,1.1307202244104182,0.0,0.11454105377197266
SLV,1d,7,0.25,0.25,20,50,0.20311866103586185,-0.2877515098033768,0.22097247748156615,0.10863689238659903,2.0340463780499705,0.14285714285714285,0.21587371390159954,-0.022741981393005317,0.11010169982910156
SLV,1d,7,0.25,0.5,8,21,0.5841668653019682,-0.2024666312352954,0.5757508675707245,0.06528420892865752,8.819144430468693,0.9142857142857143,1.5235927731776189,-0.04123609503185477,0.11904191970825195
SLV,1d,7,0.25,0.5,9,21,0.5385581671926526,-0.5760835016725827,0.6037502267514712,0.07372675974293955,8.189024295337886,0.8857142857142857,1.4864344085646175,-0.034355933165831964,0.10884213447570801
SLV,1d,7,0.25,0.5,10,30,0.4844493955240754,-0.4489238624741396,0.5400529629824622,0.06672570302655993,8.093627170439794,0.6,1.048481483059736,-0.020714264683952766,0.10529470443725586
SLV,1d,7,0.25,0.5,12,26,0.5221537351113017,-0.13196754152606938,0.545371470931203,0.07205306127530528,7.569025677443602,0.6571428571428571,1.13044344553822,-0.022773969788429493,0.10291290283203125
SLV,1d,7,0.25,0.5,20,50,0.409376701074748,-0.33165548821352286,0.4041042057491029,0.08214440377959935,4.9194368350806945,0.14285714285714285,0.21586286695914575,-0.022741981393005317,0.09858465194702148
SLV,1d,7,0.25,0.75,8,21,0.7900155630435411,-0.25631847313584644,0.765621306791736,0.05281902109021021,14.495181678663121,0.9142857142857143,1.5533351402840636,-0.04600605573994532,0.11734485626220703
SLV,1d,7,0.25,0.75,9,21,0.7536521024820277,-0.6483087149768161,0.7840873140874984,0.058140114107586106,13.486167444332397,0.8857142857142857,1.5180096567680141,-0.04600605573994532,0.10807991027832031
SLV,1d,7,0.25,0.75,10,30,0.672402309481963,-0.5258109171586598,0.7103122774894907,0.051650353725772334,13.752321644509111,0.6,1.0633824698207741,-0.042729820835710086,0.10421156883239746
SLV,1d,7,0.25,0.75,12,26,0.7018070955656791,-0.18860496200062926,0.7051756097961526,0.0630570435947576,11.183137831961076,0.6571428571428571,1.1451249858356005,-0.04922215203554048,0.10535693168640137
SLV,1d,7,0.25,0.75,20,50,0.5641122550996972,-0.3980248526249277,0.5438743157979744,0.0784707689199311,6.930916101420202,0.14285714285714285,0.21585402388690497,-0.022741981393005317,0.09928727149963379
SLV,1d,7,0.25,1.0,8,21,0.9529840581227644,-0.3280099194013675,0.9168499931084163,0.05065049269037404,18.101501967870504,0.9142857142857143,1.5804967703007962,-0.07199492695648557,0.10724234580993652
SLV,1d,7,0.25,1.0,9,21,0.9218300607391704,-0.7186390720366929,0.9287587501646286,0.05450197038479253,17.04082886558862,0.8857142857142857,1.5459401973066877,-0.07199492695648557,0.11015915870666504
SLV,1d,7,0.25,1.0,10,30,0.8197884863028129,-0.6062160399682193,0.8464222107324806,0.046826708987740044,18.075628824440493,0.6,1.078779529738714,-0.06474537698746718,0.10662245750427246
SLV,1d,7,0.25,1.0,12,26,0.8444417077621152,-0.2665287962614077,0.8337609036710825,0.061055081952420626,13.655880510009318,0.6571428571428571,1.1603860300803666,-0.0756703342826518,0.10559225082397461
SLV,1d,7,0.25,1.0,20,50,0.6856057912059048,-0.4752982677585863,0.6542566716394249,0.07938257712467485,8.241816974672888,0.14285714285714285,0.21584679174563604,-0.022741981393005317,0.10710763931274414
SLV,1d,7,0.4,0.0,8,21,0.0328890174668487,-0.12379534117124213,-0.017482325991066656,0.38975663076353856,-0.04485446714997136,0.34285714285714286,0.5744986254542581,-0.03702023296429002,0.10971641540527344
SLV,1d,7,0.4,0.0,9,21,-0.19834797304251214,-0.4521298937300562,0.09652091598596466,0.40876746222258187,0.23612670994201376,0.34285714285714286,0.5784942834129414,-0.045948433625565666,0.11363506317138672
SLV,1d,7,0.4,0.0,10,30,-0.09451363862479135,-0.3135117896859754,0.042142724777568794,0.35872254452181035,0.11748000068896287,0.2571428571428571,0.5909530415979573,0.0,0.10587644577026367
SLV,1d,7,0.4,0.0,12,26,-0.02724505608200683,-0.22110981972069277,0.12423057486350711,0.29120334510373086,0.4266110844957992,0.2857142857142857,0.6154384448969386,0.0,0.11045575141906738
SLV,1d,7,0.4,0.0,20,50,-0.07431714159451397,-0.29149015618715757,-0.021886861786148716,0.29570474103995154,-0.07401593126026906,0.08571428571428572,0.10149601111595301,-0.022741981393005317,0.09659218788146973
SLV,1d,7,0.4,0.25,8,21,0.34186673193733863,-0.0827523489285743,0.33716686872233637,0.10678417010064842,3.1574611518218747,0.9142857142857143,1.500465580879097,-0.039128163998072285,0.10527777671813965
SLV,1d,7,0.4,0.25,9,21,0.26074780310031787,-0.49478693706003973,0.37259201531680286,0.12696325591290095,2.9346444578611597,0.8857142857142857,1.4582313804671807,-0.02684528607397141,0.10714292526245117
SLV,1d,7,0.4,0.25,10,30,0.2575816479969646,-0.33690296051765933,0.32730397830716224,0.10106307238159658,3.238611003941374,0.6,1.0483879665188134,0.0,0.10353708267211914
SLV,1d,7,0.4,0.25,12,26,0.282704501308277,-0.2193138423947475,0.3494855855107211,0.10726570544681692,3.2581297447766144,0.6571428571428571,1.1307202244104182,0.0,0.10775256156921387
SLV,1d,7,0.4,0.25,20,50,0.206095888726162,-0.2974220265412827,0.22627822963542843,0.11050116006668911,2.0477452861025722,0.14285714285714285,0.21587371390159954,-0.022741981393005317,0.10474467277526855
SLV,1d,7,0.4,0.5,8,21,0.6113873540680187,-0.09081581039288522,0.5867534917252516,0.06575865173146228,8.922833365278974,0.9142857142857143,1.5235927731776189,-0.04123609503185477,0.11423015594482422
SLV,1d,7,0.4,0.5,9,21,0.5589134898119195,-0.5604001274567145,0.6038220400150914,0.07062954378008106,8.549142578284377,0.8857142857142857,1.4864344085646175,-0.034355933165831964,0.11212325096130371
SLV,1d,7,0.4,0.5,10,30,0.5141161166715783,-0.39489123035653584,0.5489641674235718,0.056029644726004586,9.797744927852193,0.6,1.048481483059736,-0.020714264683952766,0.10660648345947266
SLV,1d,7,0.4,0.5,12,26,0.5305148647985055,-0.25965810027880043,0.5526521735081591,0.07135665823651803,7.744927903943371,0.6571428571428571,1.13044344553822,-0.022773969788429493,0.1081078052520752
SLV,1d,7,0.4,0.5,20,50,0.41740083187813437,-0.33941710175547846,0.409288810556068,0.08227008170205735,4.974941097522123,0.14285714285714285,0.21586286695914575,-0.022741981393005317,0.09951281547546387
SLV,1d,7,0.4,0.75,8,21,0.8219370359056376,-0.13413208533969223,0.7819317230032178,0.0529188994483984,14.77603901732093,0.9142857142857143,1.5533351402840636,-0.04600605573994532,0.11330127716064453
SLV,1d,7,0.4,0.75,9,21,0.7801847679014374,-0.6342484563268573,0.7901761432728232,0.05238888073874502,15.082897976257698,0.8857142857142857,1.5180096567680141,-0.04600605573994532,0.10826992988586426
SLV,1d,7,0.4,0.75,10,30,0.7077520123739802,-0.4710039925887284,0.7250191981162775,0.04152269790502877,17.46079216178463,0.6,1.0633824698207741,-0.042729820835710086,0.10962438583374023
SLV,1d,7,0.4,0.75,12,26,0.7207948239822543,-0.32646547109289825,0.717237439513849,0.06207060993768313,11.555185944425743,0.6571428571428571,1.1451249858356005,-0.04922215203554048,0.10672783851623535
SLV,1d,7,0.4,0.75,20,50,0.575758089906954,-0.4027475661423323,0.5493882302522142,0.07893423298246263,6.960075616041972,0.14285714285714285,0.21585402388690497,-0.022741981393005317,0.10032486915588379
SLV,1d,7,0.4,1.0,8,21,0.9891474235114901,-0.20097125520187897,0.9370234521405829,0.048673240821143375,19.251305981120233,0.9142857142857143,1.5804967703007962,-0.07199492695648557,0.11521601676940918
SLV,1d,7,0.4,1.0,9,21,0.9534572844249793,-0.7068529487338552,0.939497213005643,0.04787325501020999,19.624677971140155,0.8857142857142857,1.5459401973066877,-0.07199492695648557,0.12917733192443848
SLV,1d,7,0.4,1.0,10,30,0.8600981770830288,-0.5534298257054071,0.8655856372219276,0.03930448271554743,22.022567845156587,0.6,1.078779529738714,-0.06474537698746718,0.10775160789489746
SLV,1d,7,0.4,1.0,12,26,0.871208768366355,-0.4075231493232194,0.849291879715808,0.060639239800782486,14.005648529004956,0.6571428571428571,1.1603860300803666,-0.0756703342826518,0.1058049201965332
SLV,1d,7,0.4,1.0,20,50,0.7000148883795964,-0.47656887449147467,0.6601285319915422,0.08050695672273854,8.19964583017326,0.14285714285714285,0.21584679174563604,-0.022741981393005317,0.10240912437438965
SLV,1d,7,0.55,0.0,8,21,0.003288130480361304,-0.17301724463651869,0.03574239037106687,0.2901731493262385,0.12317607764211874,0.34285714285714286,0.4864608766787092,-0.047793206645820874,0.11069345474243164
SLV,1d,7,0.55,0.0,9,21,0.09331406841384789,-0.010148155647815571,0.06572372681001305,0.3642173023587049,0.1804519620138311,0.34285714285714286,0.5661961896909552,-0.04108702894729577,0.11516666412353516
SLV,1d,7,0.55,0.0,10,30,-0.1178881525334867,-0.34523082363011526,0.023009518184012638,0.34709596901378,0.06629151657793854,0.2571428571428571,0.5855438356344829,0.0,0.10891938209533691
SLV,1d,7,0.55,0.0,12,26,-0.15262044127350433,-0.39140209429710315,0.08166892955188379,0.2911830205327166,0.2804728428274123,0.2857142857142857,0.6100292389334642,0.0,0.10725665092468262
SLV,1d,7,0.55,0.0,20,50,-0.0315139864639712,-0.23070998732789683,-0.005903595860473699,0.2611477980262995,-0.02260633980103161,0.08571428571428572,0.10149601111595301,-0.022741981393005317,0.10526251792907715
SLV,1d,7,0.55,0.25,8,21,0.34067958245757496,-0.14810476594720312,0.3619756620435592,0.09056019849325583,3.9970723128496246,0.9428571428571428,1.6254718111292208,-0.05256907244617859,0.12903833389282227
SLV,1d,7,0.55,0.25,9,21,0.3645417232155459,0.06371547328324323,0.3679288374338728,0.10693954497290513,3.440531166717546,0.8857142857142857,1.537032883724796,-0.01835488423481746,0.10526847839355469
SLV,1d,7,0.55,0.25,10,30,0.2688624101099444,-0.3714412317712369,0.33130839221119623,0.10122619024896502,3.2729513122675646,0.6857142857142857,1.2173646471643174,-0.0027736992562198415,0.10547590255737305
SLV,1d,7,0.55,0.25,12,26,0.25232735729175154,-0.4269233977691458,0.34926406810212635,0.09992023098600335,3.4954289502298153,0.7142857142857143,1.2419554167596178,-0.0027736992562198415,0.10423779487609863
SLV,1d,7,0.55,0.25,20,50,0.22903871738553272,-0.21890672944390588,0.24395858634532605,0.10088683501976475,2.4181409427457217,0.14285714285714285,0.21587371390159954,-0.022741981393005317,0.09713339805603027
SLV,1d,7,0.55,0.5,8,21,0.6221591664574999,-0.16963686568041958,0.6186202582044357,0.06095369214425876,10.149020288063118,0.9428571428571428,1.6561576864133123,-0.057335381531545604,0.10840868949890137
SLV,1d,7,0.55,0.5,9,21,0.6295885031791195,0.07951405696904001,0.6143447745504924,0.06321857628026681,9.717788831986958,0.8857142857142857,1.5633967657696912,-0.025789582079870255,0.10513067245483398
SLV,1d,7,0.55,0.5,10,30,0.5435818246777642,-0.42882975119662037,0.5642069130332542,0.05817545492731719,9.698367012998158,0.6857142857142857,1.2180519264276803,-0.028864246132001226,0.12194657325744629
SLV,1d,7,0.55,0.5,12,26,0.5289988285235515,-0.489628902683925,0.5683378855915974,0.06652337440544046,8.543431397928563,0.7142857142857143,1.2423825556875787,-0.028864246132001226,0.10278654098510742
SLV,1d,7,0.55,0.5,20,50,0.4378617275618962,-0.24695399604278656,0.43192014842589044,0.08711239133184337,4.958194142329839,0.14285714285714285,0.21586286695914575,-0.022741981393005317,0.09798359870910645
SLV,1d,7,0.55,0.75,8,21,0.8406600107293385,-0.2228808282936683,0.8208649850586713,0.052503802163434046,15.634391248532431,0.9428571428571428,1.6926541018963701,-0.062092133901921365,0.1145622730255127
SLV,1d,7,0.55,0.75,9,21,0.8397318675866388,0.050565131678991904,0.8108374162992661,0.05100024843788751,15.898695420803168,0.8857142857142857,1.5946992505733029,-0.05032463335184478,0.12393784523010254
SLV,1d,7,0.55,0.75,10,30,0.7503847175670448,-0.5017212432444147,0.7478819419014286,0.044333783244413866,16.869346290126572,0.6857142857142857,1.2331796231610004,-0.05495479300778272,0.10824394226074219
SLV,1d,7,0.55,0.75,12,26,0.735370217611056,-0.5641272396588801,0.7431964454807309,0.05958330242239178,12.473233527946128,0.7142857142857143,1.2573687925667345,-0.05495479300778272,0.10318684577941895
SLV,1d,7,0.55,0.75,20,50,0.5967753738448841,-0.3007815229552677,0.576775976591977,0.08986567190293664,6.418201348507684,0.14285714285714285,0.21585402388690497,-0.022741981393005317,0.0970306396484375
SLV,1d,7,0.55,1.0,8,21,1.013907561195372,-0.2957685377729854,0.9818373395328566,0.0502177001594395,19.55161897927536,0.9428571428571428,1.7253574194412413,-0.07718345619400158,0.10579061508178711
SLV,1d,7,0.55,1.0,9,21,1.0072764077484042,-0.010983571526147817,0.9677796653183238,0.04891044905625058,19.786767122201365,0.8857142857142857,1.6227584667943076,-0.07463920372388266,0.11315488815307617
SLV,1d,7,0.55,1.0,10,30,0.9129535029293536,-0.5792659704096822,0.8941906861170977,0.04110539522906269,21.753608769217706,0.6857142857142857,1.2487303282272244,-0.08104533988356455,0.11386680603027344
SLV,1d,7,0.55,1.0,12,26,0.8971503371009469,-0.6402147279322087,0.882875163670993,0.06040446709980916,14.616057488135382,0.7142857142857143,1.2728415966673319,-0.08104533988356455,0.1057882308959961
SLV,1d,7,0.55,1.0,20,50,0.7220298892769219,-0.3696090841609194,0.691423095059678,0.09461681217540542,7.307613511411513,0.14285714285714285,0.21584679174563604,-0.022741981393005317,0.09835982322692871
SLV,1d,7,0.7,0.0,8,21,-0.12110069516725416,-0.3539680000845524,0.047341493509420504,0.28483069127009025,0.16620924275512503,0.3142857142857143,0.3654461122699361,-0.08320935511152372,0.11206817626953125
SLV,1d,7,0.7,0.0,9,21,0.025836125901330782,-0.13308396196490957,0.06339716679392735,0.3118838236991271,0.2032717376682104,0.2857142857142857,0.448455226789564,-0.07790718566569443,0.11502265930175781
SLV,1d,7,0.7,0.0,10,30,-0.15938477708021193,-0.3944587303098972,-0.014051309491916023,0.3626370714845327,-0.038747581526604465,0.22857142857142856,0.5019581218144106,-0.034144799874255116,0.11432337760925293
SLV,1d,7,0.7,0.0,12,26,-0.1291035140852531,-0.3653582491047008,0.07096567856415928,0.27333706287588155,0.25962698880826046,0.2571428571428571,0.5264435251133919,-0.034144799874255116,0.12501168251037598
SLV,1d,7,0.7,0.0,20,50,0.032951851996587275,-0.12079517508437221,0.012867259096170888,0.2610331440534183,0.04929358355174126,0.08571428571428572,0.10149601111595301,-0.022741981393005317,0.12066507339477539
SLV,1d,7,0.7,0.25,8,21,0.3227364854068703,-0.3800843304346557,0.3769574228651208,0.0791753331667574,4.7610462474617075,0.9428571428571428,1.558587579782873,-0.07533324373172934,0.11846661567687988
SLV,1d,7,0.7,0.25,9,21,0.3609214488540998,-0.09550313945498756,0.3734371967279212,0.08703916836274692,4.290449963533357,0.8571428571428571,1.475981701289094,-0.09883869714196747,0.11690974235534668
SLV,1d,7,0.7,0.25,10,30,0.27304950423311974,-0.4317931511398654,0.32847344786305704,0.09887073651533669,3.322251451136957,0.6857142857142857,1.1984079188731083,-0.08501021499921102,0.11458349227905273
SLV,1d,7,0.7,0.25,12,26,0.279570787146253,-0.39351736616475586,0.3490439822858872,0.09314340714025686,3.747382589948541,0.7142857142857143,1.222998688468409,-0.08501021499921102,0.11963105201721191
SLV,1d,7,0.7,0.25,20,50,0.2645432743133372,-0.0742529487823127,0.2622182295346263,0.09656051206814309,2.7155844963785816,0.14285714285714285,0.21587371390159954,-0.022741981393005317,0.10383057594299316
SLV,1d,7,0.7,0.5,8,21,0.6372511345194294,-0.43762754475736587,0.6443290321392897,0.0490645942776335,13.132260474698603,0.9428571428571428,1.6179155335495878,-0.12098503423279616,0.12022972106933594
SLV,1d,7,0.7,0.5,9,21,0.6509380757581179,-0.1059080841352108,0.6312475819176027,0.05092570457694644,12.395460939844556,0.8857142857142857,1.5286501139601683,-0.14824296194999653,0.12439775466918945
SLV,1d,7,0.7,0.5,10,30,0.5668782128384393,-0.4959631898977659,0.5784184363556728,0.06026031845976978,9.598662123596792,0.6857142857142857,1.211092230234846,-0.13456667839102565,0.10642004013061523
SLV,1d,7,0.7,0.5,12,26,0.5679579019034324,-0.4506823107002501,0.5779424556227958,0.06768571260807493,8.538618171449185,0.7142857142857143,1.2354228594947443,-0.13456667839102565,0.10361933708190918
SLV,1d,7,0.7,0.5,20,50,0.4672168267056924,-0.07306182948108986,0.45310493148682696,0.07917577276689161,5.722772454913111,0.14285714285714285,0.21586286695914575,-0.022741981393005317,0.0976259708404541
SLV,1d,7,0.7,0.75,8,21,0.8758057911951423,-0.5109608722714318,0.855428669025048,0.040854322943335956,20.938510478108,0.9428571428571428,1.6729297184142025,-0.16562167489107826,0.10992288589477539
SLV,1d,7,0.7,0.75,9,21,0.8772451799902232,-0.15090539163580363,0.8361384605422796,0.04324770308825011,19.333707939033843,0.8857142857142857,1.5772899991852718,-0.1963166035420545,0.12000846862792969
SLV,1d,7,0.7,0.75,10,30,0.7868284111868302,-0.5713265318205651,0.7734151876322904,0.05029587850452371,15.377307457960557,0.6857142857142857,1.2319144526357046,-0.1828141900497,0.10520410537719727
SLV,1d,7,0.7,0.75,12,26,0.7848603401398456,-0.5217341963247148,0.760116978083283,0.06378417365089703,11.917015375060725,0.7142857142857143,1.2561036220414386,-0.1828141900497,0.10280370712280273
SLV,1d,7,0.7,0.75,20,50,0.6251292768501878,-0.10461340528206764,0.6014697611164771,0.08045894138663055,7.4754868849967275,0.14285714285714285,0.21585402388690497,-0.022741981393005317,0.10040163993835449
SLV,1d,7,0.7,1.0,8,21,1.063780243148725,-0.5890709986087852,1.023509582633289,0.0394917722281711,25.917033470156035,0.9428571428571428,1.7187249715965662,-0.20924316570657564,0.10593533515930176
SLV,1d,7,0.7,1.0,9,21,1.0568898046745985,-0.21902102153226444,0.9995934515032412,0.04465208415044756,22.386266408870906,0.8857142857142857,1.6177786911190555,-0.2430596219181409,0.10563898086547852
SLV,1d,7,0.7,1.0,10,30,0.9594776179677719,-0.6476074264738132,0.9282252927285656,0.04925242582404183,18.846285785896587,0.6857142857142857,1.251161382709172,-0.22975274997523287,0.10646557807922363
SLV,1d,7,0.7,1.0,12,26,0.9552743717546579,-0.5964464549520667,0.9054999121591386,0.06543230178652609,13.838729303965895,0.7142857142857143,1.2752726511492796,-0.22975274997523287,0.11657953262329102
SLV,1d,7,0.7,1.0,20,50,0.7504093671440613,-0.15862022043224933,0.7191613479469977,0.08461613401114657,8.499104294368516,0.14285714285714285,0.21584679174563604,-0.022741981393005317,0.09972214698791504
SLV,1d,7,0.85,0.0,8,21,0.032597446253017304,-0.1287722110708227,-0.0033235367097145196,0.3045425315614215,-0.010913210357431515,0.34285714285714286,-0.26117202662032063,-0.09956622008566307,0.10614752769470215
SLV,1d,7,0.85,0.0,9,21,-0.028847149736752332,-0.2280531747463571,-0.004753184164505092,0.3252403386087708,-0.014614374664708066,0.3142857142857143,0.01691908130847353,-0.09956622008566307,0.11006593704223633
SLV,1d,7,0.85,0.0,10,30,-0.16214186399926703,-0.4061967205098913,-0.07842855286162723,0.3202764007108983,-0.2448777140230878,0.2857142857142857,0.22088009145966606,-0.09956622008566307,0.10697650909423828
SLV,1d,7,0.85,0.0,12,26,-0.15651619997665098,-0.3972401546445814,-0.004082087769240103,0.36901004992847336,-0.011062267193078752,0.2857142857142857,0.1555132772447565,-0.09956622008566307,0.10464811325073242
SLV,1d,7,0.85,0.0,20,50,-0.055384999390510815,-0.26042407479848795,-0.01589480535112307,0.28629130409409004,-0.055519693137096544,0.11428571428571428,0.18393127577999793,-0.027476082705805704,0.09697747230529785
SLV,1d,7,0.85,0.25,8,21,0.3808202015489676,-0.09375846765607176,0.3841555087823302,0.07792748281255583,4.929653761643566,0.9142857142857143,1.1934334304394985,-0.09947821860213046,0.10866332054138184
SLV,1d,7,0.85,0.25,9,21,0.3587664366116735,-0.22159944750482607,0.3715740448262041,0.08024659274670944,4.630402763629372,0.9142857142857143,1.2111220704840364,-0.07533324373172934,0.1105508804321289
SLV,1d,7,0.85,0.25,10,30,0.28634701811087293,-0.44431535936851063,0.3279179035516791,0.0772879984775046,4.242804963400918,0.7428571428571429,1.2209949962728397,-0.10189061344062389,0.11131048202514648
SLV,1d,7,0.85,0.25,12,26,0.2771253116486799,-0.431739532748586,0.34103951138361205,0.10301522398862341,3.31057389557562,0.7428571428571429,1.219515052258263,-0.10189061344062389,0.11922788619995117
SLV,1d,7,0.85,0.25,20,50,0.24534978252389905,-0.254987295522469,0.2740321274251855,0.09414142076246579,2.9108560844499407,0.17142857142857143,0.29912720607824544,-0.027476082705805704,0.09954309463500977
SLV,1d,7,0.85,0.5,8,21,0.6860852929510431,-0.10640266664494435,0.6781599617924651,0.042821012478428275,15.837083771293317,0.9428571428571428,1.3385828744902368,-0.14898457834983725,0.11434149742126465
SLV,1d,7,0.85,0.5,9,21,0.6687784823609486,-0.2556572510081442,0.6581017896251143,0.04708587112344425,13.976629802595767,0.9142857142857143,1.3298855562762866,-0.12098503423279616,0.11911940574645996
SLV,1d,7,0.85,0.5,10,30,0.5922286965153571,-0.5080880072759484,0.6019484797517152,0.0512654198252958,11.7418033794136,0.7714285714285715,1.2754283650868183,-0.15414190940329686,0.11389327049255371
SLV,1d,7,0.85,0.5,12,26,0.5749530756403763,-0.4923875915100314,0.5870940995441385,0.063056845397356,9.31055297556569,0.8,1.2844978273107264,-0.15414190940329686,0.11139059066772461
SLV,1d,7,0.85,0.5,20,50,0.47540870927648765,-0.286960894442129,0.4812799281915421,0.06893726466155906,6.9814189836852405,0.17142857142857143,0.2989816243565045,-0.027476082705805704,0.1162261962890625
SLV,1d,7,0.85,0.75,8,21,0.9246256986578433,-0.15292292230481075,0.9079407348554002,0.032328161669991626,28.085133454965035,0.9428571428571428,1.440267472833313,-0.19715173168223,0.12399411201477051
SLV,1d,7,0.85,0.75,9,21,0.9080850552344714,-0.31545476289865837,0.8818092192278003,0.04309765749246484,20.460722705914474,0.9142857142857143,1.4141514118449932,-0.16562167489107826,0.11084747314453125
SLV,1d,7,0.85,0.75,10,30,0.8214429768996774,-0.582104786098534,0.8126104523229293,0.049866600273455415,16.29568584717598,0.7714285714285715,1.3180517704169703,-0.20485769700598477,0.10605311393737793
SLV,1d,7,0.85,0.75,12,26,0.7978817397289916,-0.5642736261627661,0.7799637825176269,0.0580774914490891,13.429708533491764,0.8,1.3334871896852731,-0.20485769700598477,0.10575509071350098
SLV,1d,7,0.85,0.75,20,50,0.6497980667098202,-0.3422425892498868,0.6411214073972774,0.06587522303184583,9.73236033048939,0.17142857142857143,0.29887612871505476,-0.027476082705805704,0.09779930114746094
SLV,1d,7,0.85,1.0,8,21,1.114027880464422,-0.2216893936466613,1.0903829333345203,0.03099361120152605,35.18089345073905,0.9428571428571428,1.5189375735761663,-0.24397967859930814,0.10912394523620605
SLV,1d,7,0.85,1.0,9,21,1.0974604742805387,-0.3895306060851439,1.059394105250362,0.04741880844741502,22.34122155189063,0.9142857142857143,1.4797761693218965,-0.20924316570657564,0.1154329776763916
SLV,1d,7,0.85,1.0,10,30,1.0013569773444237,-0.6564555563004943,0.9791118813843545,0.05409649759372139,18.0993580903839,0.7714285714285715,1.3525798239392373,-0.25403797624868885,0.10928010940551758
SLV,1d,7,0.85,1.0,12,26,0.9727690617046894,-0.637651199992441,0.9332434076504889,0.06305911770652785,14.799499923131338,0.8,1.37256098794278,-0.25403797624868885,0.10347557067871094
SLV,1d,7,0.85,1.0,20,50,0.7870438009843178,-0.41030347910462217,0.7676117007077062,0.06736988854087252,11.393987986814098,0.17142857142857143,0.2987961847012371,-0.027476082705805704,0.10104870796203613
SLV,1d,7,1.0,0.0,8,21,-0.029757212339744148,-0.2297164777174513,0.05703532644107423,0.26865247663015945,0.21230150995254712,0.4,-0.09758917676078967,-0.09956622008566307,0.10850334167480469
SLV,1d,7,1.0,0.0,9,21,-0.11696327080943993,-0.3515504893977154,0.010506239795265581,0.2985244409538083,0.035193901583727434,0.34285714285714286,0.0447683268015583,-0.09956622008566307,0.10739636421203613
SLV,1d,7,1.0,0.0,10,30,-0.1760730944350404,-0.4236908656066567,-0.10993864050539512,0.3181453574567111,-0.3455610397217696,0.2857142857142857,0.20648507823548193,-0.09956622008566307,0.10313224792480469
SLV,1d,7,1.0,0.0,12,26,-0.11754637641705569,-0.35089798000654704,-0.0387215203192661,0.29939079095417487,-0.12933437329805134,0.2857142857142857,0.1575048003442348,-0.09956622008566307,0.10150361061096191
SLV,1d,7,1.0,0.0,20,50,-0.09722145415495934,-0.32222255497657126,0.007679559877188602,0.26492874156690616,0.02898726590315674,0.11428571428571428,0.18393127577999793,-0.027476082705805704,0.09686779975891113
SLV,1d,7,1.0,0.25,8,21,0.3739473387393061,-0.22112584700688875,0.4059433270180229,0.06453148052736242,6.290624726111718,0.9428571428571428,1.2510051976200578,-0.08633793749637364,0.10787606239318848
SLV,1d,7,1.0,0.25,9,21,0.33933923518288855,-0.3747196030626918,0.3851063131995009,0.06945741574108692,5.5444952722549194,0.9142857142857143,1.2235843455950863,-0.06219296262597229,0.10981440544128418
SLV,1d,7,1.0,0.25,10,30,0.29473000885839756,-0.4631954264073762,0.33179353970515996,0.06904849315012804,4.805224916114549,0.7428571428571429,1.2175393430929942,-0.08408561915305535,0.10425019264221191
SLV,1d,7,1.0,0.25,12,26,0.2904795325295987,-0.37577654037385133,0.3340747800140999,0.0725777630572677,4.6029908603065826,0.8,1.2265503166366918,-0.08408561915305535,0.10311770439147949
SLV,1d,7,1.0,0.25,20,50,0.2368335381847075,-0.3335407980808066,0.29900991185981496,0.08664488459684414,3.450981708280858,0.17142857142857143,0.29912720607824544,-0.027476082705805704,0.09532928466796875
SLV,1d,7,1.0,0.5,8,21,0.6964438441157885,-0.25276501910209204,0.7037085172040162,0.03560842656608704,19.762415390581122,0.9428571428571428,1.3892477477564578,-0.12358616627720898,0.10767149925231934
SLV,1d,7,1.0,0.5,9,21,0.6672646338691425,-0.4285034054478818,0.6810272723254379,0.037643771552370316,18.09136662563121,0.9142857142857143,1.3431055347015086,-0.095586622160167,0.11165642738342285
SLV,1d,7,1.0,0.5,10,30,0.6129760215114175,-0.5265332218737203,0.6222322825450146,0.05040759071690856,12.344019495783895,0.7714285714285715,1.2736178438295116,-0.11972722845188599,0.10406136512756348
SLV,1d,7,1.0,0.5,12,26,0.5837521920858026,-0.4308755733945774,0.5989678668052157,0.04641407239876648,12.904876384454775,0.8,1.2896143034104368,-0.11972722845188599,0.11520004272460938
SLV,1d,7,1.0,0.5,20,50,0.47947024665103183,-0.37793635898237676,0.5153868702504452,0.06453953021236805,7.985599965704102,0.17142857142857143,0.2989816243565045,-0.027476082705805704,0.11957311630249023
SLV,1d,7,1.0,0.75,8,21,0.9455714513762045,-0.3102327779917381,0.938856175661457,0.029607122915902558,31.71048326202541,0.9428571428571428,1.4909678262022728,-0.16037733878161364,0.1459047794342041
SLV,1d,7,1.0,0.75,9,21,0.9164675641508916,-0.4978999886575086,0.9128413902212588,0.03441118859601071,26.527458872114767,0.9142857142857143,1.4305062137856843,-0.12884728199046158,0.11084723472595215
SLV,1d,7,1.0,0.75,10,30,0.8512889795707903,-0.5988556387716228,0.8443161242460058,0.054766089787622825,15.416768433170517,0.7714285714285715,1.3169591170497028,-0.15502863701445835,0.1321711540222168
SLV,1d,7,1.0,0.75,12,26,0.8050389114848695,-0.5010658928745746,0.80404948079313,0.045239146038687214,17.77331252242317,0.8,1.3379240045582537,-0.15502863701445835,0.14545702934265137
SLV,1d,7,1.0,0.75,20,50,0.6614386840832004,-0.4408727870234461,0.6836528008397924,0.06121252107300697,11.168512403277969,0.17142857142857143,0.29887612871505476,-0.027476082705805704,0.10797572135925293
SLV,1d,7,1.0,1.0,8,21,1.1427586017148166,-0.3823305494214787,1.126041832782701,0.03106981620007221,36.24230750293541,0.9428571428571428,1.5706574516224783,-0.1967114550095893,0.12009716033935547
SLV,1d,7,1.0,1.0,9,21,1.1128467606766324,-0.5724669416049415,1.0969896675386746,0.03946223238943382,27.79846960286003,0.9142857142857143,1.4990836957699476,-0.1619749421168566,0.1237185001373291
SLV,1d,7,1.0,1.0,10,30,1.0383169454878496,-0.6708134465685196,1.0195773574721874,0.06269278878553325,16.263072312193284,0.7714285714285715,1.3518979095105583,-0.18998984484077253,0.10806703567504883
SLV,1d,7,1.0,1.0,12,26,0.9790053701680901,-0.5759693945023105,0.9664098579333746,0.04982256711454554,19.397030580771386,0.8,1.3765764943306438,-0.18998984484077253,0.10662269592285156
SLV,1d,7,1.0,1.0,20,50,0.8042165495578742,-0.51200723351728,0.8170556571615626,0.06198888666960444,13.180679651764043,0.17142857142857143,0.2987961847012371,-0.027476082705805704,0.10968947410583496
SLV,1d,10,0.0,0.0,8,21,-0.12901496168982945,-0.3872966952673764,0.08417032279484939,0.3798947423261466,0.22156222083902288,0.2857142857142857,0.49602173171028047,-0.04320284495901627,0.10657000541687012
SLV,1d,10,0.0,0.0,9,21,-0.15235758437858093,-0.41492061970364336,0.10735380204980005,0.40633940176820993,0.2641973719079263,0.2857142857142857,0.44647269649772303,-0.06555244873435018,0.1044461727142334
SLV,1d,10,0.0,0.0,10,30,0.017707806338694072,-0.1477026337344859,0.1631646179775392,0.2665964419835611,0.6120284905662781,0.22857142857142856,0.5217808439127667,0.0,0.09988021850585938
SLV,1d,10,0.0,0.0,12,26,0.37291844695690335,0.714788147466906,0.16414633478378,0.2519549311152199,0.6514908601201986,0.2571428571428571,0.5388730862207233,0.0,0.10989499092102051
SLV,1d,10,0.0,0.0,20,50,-0.27359998284275505,-0.5317878903491835,-0.15768927191041454,0.2493891303222215,-0.6323021043726854,0.05714285714285714,0.12142836692158175,-0.015898411611318997,0.10519242286682129
SLV,1d,10,0.0,0.25,8,21,0.22096074514999994,-0.42451019476776064,0.34628473286107,0.13542623903350173,2.556998815978387,0.7714285714285715,1.235753375386014,-0.04523640896176784,0.11595678329467773
SLV,1d,10,0.0,0.25,9,21,0.2156642815458761,-0.45358548430940415,0.3500800963472734,0.14799362743325334,2.365507910164329,0.7428571428571429,1.1974990113106057,-0.04320284495901627,0.12398600578308105
SLV,1d,10,0.0,0.25,10,30,0.25277783902907713,-0.13649375971781819,0.34711374497005754,0.09916494059293435,3.500367598614685,0.5142857142857142,0.9644212198442024,0.0,0.10169267654418945
SLV,1d,10,0.0,0.25,12,26,0.40465590587007305,1.109448498958915,0.32543879203363957,0.09919691916371645,3.2807348733938935,0.5714285714285714,1.0424561912771886,0.0,0.10580015182495117
SLV,1d,10,0.0,0.25,20,50,0.08763104652732276,-0.5923764127231432,0.126430160997356,0.11566209833661686,1.0930993196180854,0.11428571428571428,0.23594166313293252,-0.015898411611318997,0.10161161422729492
SLV,1d,10,0.0,0.5,8,21,0.4744097313945601,-0.4902333593287118,0.5409370434431121,0.08213676543782301,6.585808931721299,0.7714285714285715,1.2685620293310509,-0.057931552713995305,0.10845685005187988
SLV,1d,10,0.0,0.5,9,21,0.46839000904481043,-0.5175034046301634,0.534905851309669,0.08733457589324177,6.124789017851768,0.7428571428571429,1.2313677665281364,-0.051166029430244064,0.11542129516601562
SLV,1d,10,0.0,0.5,10,30,0.4564625429620472,-0.17326622632694755,0.5184222143316101,0.06619813171110492,7.831372289992337,0.5142857142857142,0.9652143197793696,-0.022773969788429493,0.11011815071105957
SLV,1d,10,0.0,0.5,12,26,0.5466416879704596,1.4603227006612243,0.4986749813764929,0.06589811992179756,7.567362801370952,0.5714285714285714,1.0427954988472663,-0.01464826437662925,0.10283923149108887
SLV,1d,10,0.0,0.5,20,50,0.3192072668804767,-0.6665755666376967,0.3191924558572789,0.09501329165998285,3.3594505598179856,0.11428571428571428,0.23590432882843168,-0.015898411611318997,0.09583115577697754
SLV,1d,10,0.0,0.75,8,21,0.6629731731940974,-0.5683015600785877,0.6974359544167549,0.06250996092727557,11.157197094206406,0.7714285714285715,1.3012280421765932,-0.07364064910384793,0.1032102108001709
SLV,1d,10,0.0,0.75,9,21,0.6553131583488946,-0.5912667795344204,0.685302878519667,0.06755699903549371,10.144069279329834,0.7428571428571429,1.2639380762969947,-0.06384217589392283,0.10550284385681152
SLV,1d,10,0.0,0.75,10,30,0.6146613503433705,-0.24189919754870803,0.6598071303091307,0.05766890524547052,11.441298001074053,0.5142857142857142,0.9751701751425031,-0.04922215203554048,0.10403013229370117
SLV,1d,10,0.0,0.75,12,26,0.6770753127053944,1.7609403486332238,0.6414189472868511,0.055352347491526274,11.587926734002457,0.5714285714285714,1.052391648921375,-0.03703359391784,0.10691046714782715
SLV,1d,10,0.0,0.75,20,50,0.4811597084398991,-0.7408860363434407,0.45862076226163195,0.09313602723029009,4.924203618086873,0.11428571428571428,0.23587751497314252,-0.015898411611318997,0.10309720039367676
SLV,1d,10,0.0,1.0,8,21,0.8107720105690222,-0.6478382324060655,0.8228379702835543,0.05492898620018487,14.980031986841675,0.7714285714285715,1.3289220349729378,-0.08934974549370078,0.1057744026184082
SLV,1d,10,0.0,1.0,9,21,0.8014714080084772,-0.665067420410723,0.8062755469325819,0.06271610861960863,12.85595622366937,0.7428571428571429,1.291249867119515,-0.07848007604840601,0.10518264770507812
SLV,1d,10,0.0,1.0,10,30,0.7402030725563208,-0.32918601096287226,0.7738777310969069,0.05583489529356115,13.860108934173109,0.5142857142857142,0.9853181186874066,-0.0756703342826518,0.1103823184967041
SLV,1d,10,0.0,1.0,12,26,0.7852024911248873,2.0062955911963085,0.7565475439201487,0.050903593702206484,14.862360177280667,0.5714285714285714,1.0622484355196746,-0.059418923459050976,0.10679769515991211
SLV,1d,10,0.0,1.0,20,50,0.605538576801693,-0.8078619586693003,0.5669622870048125,0.09475629968441021,5.983373019979716,0.11428571428571428,0.23585732461858097,-0.015898411611318997,0.10166501998901367
SLV,1d,10,0.1,0.0,8,21,-0.22456264089907532,-0.49313071889481563,0.08713034053058674,0.33229291697834956,0.26220944256920076,0.3142857142857143,0.49875062973439344,-0.04320284495901627,0.12206530570983887
SLV,1d,10,0.1,0.0,9,21,-0.08862780023861129,-0.3330327157521844,0.08505261787240104,0.3592132238939739,0.2367747405020516,0.3142857142857143,0.44749099297519396,-0.06555244873435018,0.1054372787475586
SLV,1d,10,0.1,0.0,10,30,0.0322882726167152,-0.1264729474895171,0.14786835939006782,0.25568326492019733,0.5783263110169522,0.22857142857142856,0.5217808439127667,0.0,0.11208367347717285
SLV,1d,10,0.1,0.0,12,26,0.423847352280934,0.8991987425862586,0.1662250739736881,0.266605237645856,0.623487653286439,0.2571428571428571,0.5388730862207233,0.0,0.10544514656066895
SLV,1d,10,0.1,0.0,20,50,-0.24719119064363274,-0.5066518560584116,-0.14471444113066761,0.23408216071598412,-0.6182207165553812,0.05714285714285714,0.12142836692158175,-0.015898411611318997,0.10331964492797852
SLV,1d,10,0.1,0.25,8,21,0.20865365381132,-0.5474389307830384,0.33826785809558346,0.13447245171765043,2.5155178906519744,0.8,1.304053765413042,-0.04523640896176784,0.12547540664672852
SLV,1d,10,0.1,0.25,9,21,0.24578285025498564,-0.35623784437449424,0.3425076548418068,0.13519742134312482,2.5333889614102785,0.7714285714285715,1.2649597927615774,-0.04320284495901627,0.11310744285583496
SLV,1d,10,0.1,0.25,10,30,0.2724181367430481,-0.10683464563420242,0.3396910759537294,0.08261113707970873,4.11192834237317,0.5142857142857142,0.9644212198442024,0.0,0.1218569278717041
SLV,1d,10,0.1,0.25,12,26,0.4271927136960825,1.3881441811569064,0.32945931518919624,0.10675221956114252,3.086205762686722,0.5714285714285714,1.0424561912771886,0.0,0.11807131767272949
SLV,1d,10,0.1,0.25,20,50,0.10036251797927452,-0.5644476939274492,0.13505209609505148,0.11160751105720709,1.2100627889266995,0.11428571428571428,0.23594166313293252,-0.015898411611318997,0.11174917221069336
SLV,1d,10,0.1,0.5,8,21,0.48938523646749016,-0.6194447520171391,0.538922690386429,0.09047795277513013,5.9563979274138035,0.8,1.3392550977533528,-0.047318990892238455,0.1147761344909668
SLV,1d,10,0.1,0.5,9,21,0.4926372339228196,-0.41235938264711136,0.5404263334059782,0.08117866331065823,6.657246022120985,0.7714285714285715,1.3014820982877902,-0.051166029430244064,0.1339404582977295
SLV,1d,10,0.1,0.5,10,30,0.4847506987794523,-0.13557019116475622,0.5182648344047334,0.05679883815678944,9.12456753030929,0.5142857142857142,0.9652143197793696,-0.022773969788429493,0.11650371551513672
SLV,1d,10,0.1,0.5,12,26,0.5612334246821744,1.8437954289052443,0.5053483117604027,0.07261692276597671,6.9590984100082816,0.5714285714285714,1.0427954988472663,-0.01464826437662925,0.11483025550842285
SLV,1d,10,0.1,0.5,20,50,0.3275787947547692,-0.6385704067429424,0.32697668940886054,0.09272147169170168,3.5264398142434152,0.11428571428571428,0.23590432882843168,-0.015898411611318997,0.10372376441955566
SLV,1d,10,0.1,0.75,8,21,0.6945869060275692,-0.6944878376233032,0.6992211976334896,0.07535739883339322,9.278733189549037,0.8,1.3722247765712783,-0.04940157282270885,0.11809754371643066
SLV,1d,10,0.1,0.75,9,21,0.678544494574268,-0.4852359613053834,0.6993074473848165,0.06434138937849561,10.868702931965926,0.7714285714285715,1.3344653072622106,-0.06001944306940199,0.12265777587890625
SLV,1d,10,0.1,0.75,10,30,0.6505342336669611,-0.19715643642361325,0.664758270817674,0.05383255420072604,12.34862957345443,0.5142857142857142,0.9751701751425031,-0.04922215203554048,0.1142423152923584
SLV,1d,10,0.1,0.75,12,26,0.688472349275233,2.2545794109282813,0.6505805355003907,0.062371055446029444,10.430808503206224,0.5714285714285714,1.052391648921375,-0.03703359391784,0.10892796516418457
SLV,1d,10,0.1,0.75,20,50,0.48775437944572214,-0.714932875259273,0.46644654450149375,0.0911668885606316,5.116403025987643,0.11428571428571428,0.23587751497314252,-0.015898411611318997,0.1018822193145752
SLV,1d,10,0.1,1.0,8,21,0.8546132544998168,-0.7640811615509763,0.8273483954559774,0.06940048114561158,11.921363970374914,0.8,1.3999827200821964,-0.055743516132884974,0.1211397647857666
SLV,1d,10,0.1,1.0,9,21,0.8246946619589587,-0.5636325286690397,0.8265463878562043,0.06069022098869071,13.619103282062964,0.7714285714285715,1.3619051613657958,-0.06887285670856025,0.10727071762084961
SLV,1d,10,0.1,1.0,10,30,0.7822776912072511,-0.2788299727839173,0.7827579464497186,0.056095727564793,13.953967270423567,0.5142857142857142,0.9853181186874066,-0.0756703342826518,0.1073615550994873
SLV,1d,10,0.1,1.0,12,26,0.7947644198873173,2.610304206044834,0.7677794705658805,0.05826566542016587,13.177219637487404,0.5714285714285714,1.0622484355196746,-0.059418923459050976,0.11073088645935059
SLV,1d,10,0.1,1.0,20,50,0.6110992973668704,-0.7853678325928317,0.5749760216457239,0.09294869039764324,6.185950756120635,0.11428571428571428,0.23585732461858097,-0.015898411611318997,0.09966158866882324
SLV,1d,10,0.25,0.0,8,21,-0.010472573261322275,-0.20437661326627743,0.04310094494840819,0.29321987720825726,0.1469918934513299,0.3142857142857143,0.49875062973439344,-0.04320284495901627,0.11334943771362305
SLV,1d,10,0.25,0.0,9,21,-0.04253574175245724,-0.26724729316928963,0.1223381233625638,0.37989945470524467,0.3220276361214658,0.3142857142857143,0.44749099297519396,-0.06555244873435018,0.1158289909362793
SLV,1d,10,0.25,0.0,10,30,0.004707058132191621,-0.17669000226823106,0.10543103115894821,0.33281618010939407,0.31678457196490223,0.22857142857142856,0.5217808439127667,0.0,0.11348986625671387
SLV,1d,10,0.25,0.0,12,26,0.17213622114724733,0.15574936977104414,0.13422232804520937,0.2770692662162175,0.4844360035965368,0.2571428571428571,0.5388730862207233,0.0,0.11107444763183594
SLV,1d,10,0.25,0.0,20,50,-0.18305891787499218,-0.43731342355747094,-0.12278858340023299,0.2435559687155837,-0.5041493503434575,0.05714285714285714,0.12142836692158175,-0.015898411611318997,0.10848665237426758
SLV,1d,10,0.25,0.25,8,21,0.29910089896728403,-0.20329463324897223,0.31444252235848363,0.11129138634363912,2.825398556790066,0.8,1.304053765413042,-0.04523640896176784,0.11210942268371582
SLV,1d,10,0.25,0.25,9,21,0.2705834921554132,-0.27598246484996314,0.366362586743166,0.13507613132701665,2.7122673942756728,0.7714285714285715,1.2649597927615774,-0.04320284495901627,0.11260128021240234
SLV,1d,10,0.25,0.25,10,30,0.26605284594439405,-0.1741581519755082,0.3376112426146255,0.10515911727822672,3.210479997862517,0.5142857142857142,0.9644212198442024,0.0,0.11196541786193848
SLV,1d,10,0.25,0.25,12,26,0.33134963312060145,0.2803323864395586,0.32936818742123464,0.11138049683195547,2.957144175053973,0.5714285714285714,1.0424561912771886,0.0,0.10455679893493652
SLV,1d,10,0.25,0.25,20,50,0.13223704414974324,-0.48415696104206174,0.1511349719330158,0.11661933624034719,1.295968377161172,0.11428571428571428,0.23594166313293252,-0.015898411611318997,0.10443902015686035
SLV,1d,10,0.25,0.5,8,21,0.5567182637977186,-0.2475236937502695,0.5330181853977842,0.07624050993153855,6.991272564630232,0.8,1.3392550977533528,-0.047318990892238455,0.10803437232971191
SLV,1d,10,0.25,0.5,9,21,0.517607649494948,-0.3234100486185486,0.5676090213254483,0.07840259010619342,7.239671808758394,0.7714285714285715,1.3014820982877902,-0.051166029430244064,0.11163592338562012
SLV,1d,10,0.25,0.5,10,30,0.4899630218756757,-0.21733879655641752,0.5314318941839756,0.06699617276970941,7.932272430108855,0.5142857142857142,0.9652143197793696,-0.022773969788429493,0.10995912551879883
SLV,1d,10,0.25,0.5,12,26,0.5239062896054316,0.3429497518599878,0.5145541802493934,0.07513381946376414,6.8485028968553205,0.5714285714285714,1.0427954988472663,-0.01464826437662925,0.10897016525268555
SLV,1d,10,0.25,0.5,20,50,0.34965507701736437,-0.5542488634508551,0.3423132942155725,0.09935421242233723,3.445382796256882,0.11428571428571428,0.23590432882843168,-0.015898411611318997,0.09601020812988281
SLV,1d,10,0.25,0.75,8,21,0.7556869277084984,-0.3202227854418872,0.7055004807748798,0.06505065430380486,10.845401761525627,0.8,1.3722247765712783,-0.04940157282270885,0.1254878044128418
SLV,1d,10,0.25,0.75,9,21,0.7062221154189223,-0.3931939484064175,0.7316935994749467,0.06055779089271972,12.082567555530023,0.7714285714285715,1.3344653072622106,-0.06001944306940199,0.11294674873352051
SLV,1d,10,0.25,0.75,10,30,0.6632428318377553,-0.28935615010161153,0.6883480487799739,0.05913732596128882,11.639823708474157,0.5142857142857142,0.9751701751425031,-0.04922215203554048,0.11100625991821289
SLV,1d,10,0.25,0.75,12,26,0.6820724575188076,0.35248434037196064,0.6655000826717682,0.06367439677978176,10.451611893135066,0.5714285714285714,1.052391648921375,-0.03703359391784,0.11627817153930664
SLV,1d,10,0.25,0.75,20,50,0.5060247508419314,-0.6325709217367512,0.48254410169331213,0.09848662437791729,4.89959022091845,0.11428571428571428,0.23587751497314252,-0.015898411611318997,0.10216236114501953
SLV,1d,10,0.25,1.0,8,21,0.9133049120593324,-0.4079590870282953,0.8428969108355628,0.060775648480866175,13.868990819586724,0.8,1.3999827200821964,-0.055743516132884974,0.11164402961730957
SLV,1d,10,0.25,1.0,9,21,0.855102653198703,-0.47328035873421415,0.8636299647154168,0.05667784405474936,15.237523217735172,0.7714285714285715,1.3619051613657958,-0.06887285670856025,0.10904502868652344
SLV,1d,10,0.25,1.0,10,30,0.8005904063075265,-0.3768580277556155,0.8142866887145616,0.06013241613949049,13.541559461466553,0.5142857142857142,0.9853181186874066,-0.0756703342826518,0.10708737373352051
SLV,1d,10,0.25,1.0,12,26,0.809455931149097,0.31825628264598205,0.7868515705687946,0.05917275656654049,13.297531097507186,0.5714285714285714,1.0622484355196746,-0.059418923459050976,0.10507583618164062
SLV,1d,10,0.25,1.0,20,50,0.6271922458354472,-0.7094975406072059,0.5919944478801917,0.1003757455887814,5.897783816276395,0.11428571428571428,0.23585732461858097,-0.015898411611318997,0.09793853759765625
SLV,1d,10,0.4,0.0,8,21,0.11807158171157019,0.03840686199423193,0.03849652685278192,0.293058622203241,0.1313611814706613,0.3142857142857143,0.49875062973439344,-0.04320284495901627,0.10875415802001953
SLV,1d,10,0.4,0.0,9,21,-0.056111880958710676,-0.2807064042618027,0.07139205278571528,0.39989670390392684,0.17852623462199593,0.3142857142857143,0.44749099297519396,-0.06555244873435018,0.11037564277648926
SLV,1d,10,0.4,0.0,10,30,0.02245716109831519,-0.14583164098235302,0.08744475620173783,0.3744203169758044,0.23354703854756,0.22857142857142856,0.5217808439127667,0.0,0.10379290580749512
SLV,1d,10,0.4,0.0,12,26,0.050383847378044085,-0.08769392146355992,0.13415650089244058,0.25722314124101686,0.5215568873204008,0.2571428571428571,0.5388730862207233,0.0,0.12360763549804688
SLV,1d,10,0.4,0.0,20,50,-0.15711681058592009,-0.41122424843036665,-0.10399598076610683,0.2574225723305315,-0.40398936202290614,0.05714285714285714,0.12142836692158175,-0.015898411611318997,0.1007080078125
SLV,1d,10,0.4,0.25,8,21,0.35886150472684925,0.11822240969351228,0.32694574379728414,0.11001014752526746,2.971959870540036,0.8,1.304053765413042,-0.04523640896176784,0.10589241981506348
SLV,1d,10,0.4,0.25,9,21,0.2843253018400609,-0.29428895159953283,0.3470592513479815,0.13838161196746845,2.507986765102651,0.7714285714285715,1.2649597927615774,-0.04320284495901627,0.11169552803039551
SLV,1d,10,0.4,0.25,10,30,0.28064517809853434,-0.13304385812450403,0.34022827431816605,0.101013880170047,3.368133901454186,0.5142857142857142,0.9644212198442024,0.0,0.12297415733337402
SLV,1d,10,0.4,0.25,12,26,0.2932581119514322,-0.04853530069847822,0.3406230532754183,0.10413892366817928,3.2708524466870323,0.5714285714285714,1.0424561912771886,0.0,0.10703444480895996
SLV,1d,10,0.4,0.25,20,50,0.14946153449292043,-0.4546769861170813,0.16950378345713574,0.11670271682711202,1.4524407662954864,0.11428571428571428,0.23594166313293252,-0.015898411611318997,0.11777639389038086
SLV,1d,10,0.4,0.5,8,21,0.6086699349161078,0.13897347960595208,0.5538298744867353,0.07431511237500156,7.45245289668747,0.8,1.3392550977533528,-0.047318990892238455,0.11290764808654785
SLV,1d,10,0.4,0.5,9,21,0.5482732431296641,-0.34588763211056095,0.5656259827836116,0.07665904534757109,7.378463692302336,0.7714285714285715,1.3014820982877902,-0.051166029430244064,0.11383509635925293
SLV,1d,10,0.4,0.5,10,30,0.5089748398837816,-0.1676939808778053,0.5419794327933078,0.058002893384684284,9.344006844603687,0.5142857142857142,0.9652143197793696,-0.022773969788429493,0.10859799385070801
SLV,1d,10,0.4,0.5,12,26,0.5143768090016103,-0.06093132833604298,0.5316853897702064,0.06859056727144922,7.751581754179778,0.5714285714285714,1.0427954988472663,-0.01464826437662925,0.10667920112609863
SLV,1d,10,0.4,0.5,20,50,0.3667121250641804,-0.5243797504985866,0.3585456223504688,0.09815086556470495,3.653005200591952,0.11428571428571428,0.23590432882843168,-0.015898411611318997,0.09829473495483398
SLV,1d,10,0.4,0.75,8,21,0.8083080216178312,0.11301921313158347,0.732859784183726,0.06207775422942858,11.805513799278302,0.8,1.3722247765712783,-0.04940157282270885,0.10849857330322266
SLV,1d,10,0.4,0.75,9,21,0.7496383549668163,-0.4188339656551108,0.7407772830046615,0.05672611164868709,13.058841183975396,0.7714285714285715,1.3344653072622106,-0.06001944306940199,0.11566972732543945
SLV,1d,10,0.4,0.75,10,30,0.6867326684714709,-0.23353912199297733,0.7048116274900422,0.049436567184414186,14.25688852668248,0.5142857142857142,0.9751701751425031,-0.04922215203554048,0.1062169075012207
SLV,1d,10,0.4,0.75,12,26,0.6879361259425163,-0.11058310558646833,0.687094656002014,0.057430256000508176,11.963983862372723,0.5714285714285714,1.052391648921375,-0.03703359391784,0.10410714149475098
SLV,1d,10,0.4,0.75,20,50,0.5245639812276744,-0.6044748933699948,0.4981579567645804,0.09716595358190237,5.126877660338886,0.11428571428571428,0.23587751497314252,-0.015898411611318997,0.09864163398742676
SLV,1d,10,0.4,1.0,8,21,0.9678675485376552,0.05209069917456133,0.8754733958704175,0.05708677267992723,15.335836215142185,0.8,1.3999827200821964,-0.055743516132884974,0.10692095756530762
SLV,1d,10,0.4,1.0,9,21,0.908561710929232,-0.5009196192230345,0.8809466483662485,0.052543460798720076,16.766056802785016,0.7714285714285715,1.3619051613657958,-0.06887285670856025,0.10639333724975586
SLV,1d,10,0.4,1.0,10,30,0.8278515832417932,-0.3174828569297965,0.8353706818946594,0.05153816397203787,16.208778456832324,0.5142857142857142,0.9853181186874066,-0.0756703342826518,0.10310816764831543
SLV,1d,10,0.4,1.0,12,26,0.8259582586889522,-0.18516664336722,0.8119147073606067,0.05350888490598644,15.173455937030221,0.5714285714285714,1.0622484355196746,-0.059418923459050976,0.10558056831359863
SLV,1d,10,0.4,1.0,20,50,0.6472893310753934,-0.6845672814161846,0.6073420097031845,0.09919600183684225,6.122646058881906,0.11428571428571428,0.23585732461858097,-0.015898411611318997,0.09795427322387695
SLV,1d,10,0.55,0.0,8,21,0.07196378574372497,-0.05196391632953645,0.06801885400290326,0.2352095414555186,0.2891840763856367,0.3142857142857143,0.41676206308588987,-0.04021778402580889,0.1110389232635498
SLV,1d,10,0.55,0.0,9,21,0.195871738015995,0.21071980578812144,0.07744575323028453,0.3041278424604622,0.25464867867318913,0.3142857142857143,0.4550677808349661,-0.051267913629239215,0.11704826354980469
SLV,1d,10,0.55,0.0,10,30,0.07614978410437168,-0.045547526118499215,0.02779054904835664,0.39350798119274727,0.07062258042167721,0.22857142857142856,0.5163716379492922,0.0,0.10589289665222168
SLV,1d,10,0.55,0.0,12,26,-0.03519323812315396,-0.23159978554158966,0.06996857867209053,0.2766497358525025,0.2529139543780179,0.2571428571428571,0.5334638802572488,0.0,0.10480213165283203
SLV,1d,10,0.55,0.0,20,50,-0.14731724133471424,-0.401401030088952,-0.055362940436029365,0.2220533488764371,-0.24932269977534272,0.05714285714285714,0.12142836692158175,-0.015898411611318997,0.10391426086425781
SLV,1d,10,0.55,0.25,8,21,0.35552707708970993,-0.00327170324645476,0.35014382202958744,0.09123798069829668,3.837698065539544,0.9142857142857143,1.6014179170932963,-0.022648953118266202,0.11763405799865723
SLV,1d,10,0.55,0.25,9,21,0.38294552315828634,0.3568795834113889,0.356515456868897,0.10210953142190354,3.491500273327283,0.8571428571428571,1.4761278387074661,-0.033944501555717155,0.11671590805053711
SLV,1d,10,0.55,0.25,10,30,0.3311571499225301,0.008286472823355595,0.3227089935039062,0.12462311315299228,2.5894794740662257,0.6571428571428571,1.2000445085033309,0.0,0.10649228096008301
SLV,1d,10,0.55,0.25,12,26,0.27898548313625526,-0.23077146288754458,0.3320933281525632,0.09906410624573565,3.3523073163228445,0.6857142857142857,1.221082706786407,0.0,0.10813546180725098
SLV,1d,10,0.55,0.25,20,50,0.16377886918656823,-0.44216815529165154,0.19893893407186852,0.1036622516332266,1.919106819864823,0.11428571428571428,0.23594166313293252,-0.015898411611318997,0.10401654243469238
SLV,1d,10,0.55,0.5,8,21,0.6228591851170967,-0.009224049289239589,0.5906525109087628,0.0647463908253582,9.122554993095171,0.9142857142857143,1.6466774094718997,-0.05245910738057846,0.11233258247375488
SLV,1d,10,0.55,0.5,9,21,0.6201509476642647,0.4376186484656932,0.5899074325908191,0.06328745727206592,9.321079689690661,0.8571428571428571,1.5187911610218274,-0.04112496186389225,0.10872411727905273
SLV,1d,10,0.55,0.5,10,30,0.5747497100971322,0.00911299520611264,0.5437325068702529,0.07679870222349888,7.079969988137137,0.6571428571428571,1.200663967503118,-0.020017184523404397,0.1067817211151123
SLV,1d,10,0.55,0.5,12,26,0.5284445832900447,-0.2706823681961751,0.5419736766719554,0.06587392404923602,8.227438770261646,0.6857142857142857,1.2212238199247074,-0.011891479111604264,0.1042623519897461
SLV,1d,10,0.55,0.5,20,50,0.387728757669446,-0.5100068767564085,0.385697267511467,0.09549671765753162,4.0388536587681125,0.11428571428571428,0.23590432882843168,-0.015898411611318997,0.0968785285949707
SLV,1d,10,0.55,0.75,8,21,0.8338125353385157,-0.05546626211128658,0.7810017584396658,0.05687896819109,13.73094103633913,0.9142857142857143,1.6839563856793252,-0.08205903804515446,0.10930299758911133
SLV,1d,10,0.55,0.75,9,21,0.8140041725269074,0.4621598062348493,0.7765184223823772,0.054591749373075885,14.22409853686331,0.8571428571428571,1.5529316878499932,-0.05747070110968244,0.10887718200683594
SLV,1d,10,0.55,0.75,10,30,0.7672898832935947,-0.02951440094482216,0.7184183448896041,0.06087246373955848,11.802025098956754,0.6571428571428571,1.2129880418790164,-0.04600605573994532,0.10529470443725586
SLV,1d,10,0.55,0.75,12,26,0.7195277147193682,-0.33589598807222265,0.7088362187405745,0.055836507029890875,12.694852462048068,0.6857142857142857,1.2331698639383826,-0.03381749762224451,0.11072754859924316
SLV,1d,10,0.55,0.75,20,50,0.551344553717463,-0.5891882017126624,0.5260182654909802,0.09958556802109193,5.282073255630485,0.11428571428571428,0.23587751497314252,-0.015898411611318997,0.0949242115020752
SLV,1d,10,0.55,1.0,8,21,1.0018438107312786,-0.12927763782633905,0.9326810547820988,0.05449149515815954,17.11608485094833,0.9142857142857143,1.7146112940430855,-0.11144874511199343,0.11072301864624023
SLV,1d,10,0.55,1.0,9,21,0.9698055337083962,0.44008774788710814,0.9256715308342978,0.05517928790262616,16.775706356845575,0.8571428571428571,1.5809673224288903,-0.08413697008621424,0.11106181144714355
SLV,1d,10,0.55,1.0,10,30,0.920688636094204,-0.09569662244404065,0.8576515421795634,0.0553275552495629,15.50134536599354,0.6571428571428571,1.2256446683850655,-0.07199492695648557,0.1154484748840332
SLV,1d,10,0.55,1.0,12,26,0.8704447543658191,-0.41455234276680375,0.84198724054821,0.05278375407467649,15.951636167389644,0.6857142857142857,1.245521121227894,-0.05917940703261115,0.11149048805236816
SLV,1d,10,0.55,1.0,20,50,0.6787638419810588,-0.6693097287725707,0.6362635782833526,0.1047738022231175,6.072735405062604,0.11428571428571428,0.23585732461858097,-0.015898411611318997,0.10667705535888672
SLV,1d,10,0.7,0.0,8,21,-0.09896423132972448,-0.32335673843839696,0.08641063275537618,0.2340171906927958,0.3692490816574712,0.2571428571428571,0.2801917295075684,-0.08278783252367972,0.1111142635345459
SLV,1d,10,0.7,0.0,9,21,0.11304592334745661,0.029966504280256157,0.07961635226394753,0.297021552593742,0.268049074448293,0.2571428571428571,0.32398651958939967,-0.07748322524299833,0.11119794845581055
SLV,1d,10,0.7,0.0,10,30,-0.07808435592069715,-0.291925665524458,0.005569293186343331,0.36623844899902286,0.015206740858489684,0.2,0.43278592412921996,-0.034144799874255116,0.10557985305786133
SLV,1d,10,0.7,0.0,12,26,-0.036786140193559705,-0.23717295360721935,0.05658838075880768,0.2717527601085174,0.20823479671820289,0.22857142857142856,0.44987816643717654,-0.034144799874255116,0.10591673851013184
SLV,1d,10,0.7,0.0,20,50,0.025985926934708033,-0.1322959628665139,-0.05031904702071377,0.2558725243159878,-0.19665670300173635,0.05714285714285714,0.12142836692158175,-0.015898411611318997,0.1000051498413086
SLV,1d,10,0.7,0.25,8,21,0.3303462412028727,-0.3449819183667573,0.37500501829496535,0.0723560899106182,5.182770638355537,0.9142857142857143,1.5363384026595106,-0.06915798313951793,0.10978364944458008
SLV,1d,10,0.7,0.25,9,21,0.37481767185040804,0.11027214171966726,0.37002121533603416,0.09678255962800314,3.823222042879014,0.8571428571428571,1.4124421376421226,-0.09266343654975628,0.11315345764160156
SLV,1d,10,0.7,0.25,10,30,0.2913971883729249,-0.3096555909959735,0.3278682973762629,0.1081407583860483,3.0318660814807323,0.6571428571428571,1.1806118716485248,-0.07535359367899208,0.11989617347717285
SLV,1d,10,0.7,0.25,12,26,0.3001894019013383,-0.23495654638574304,0.33468241585143355,0.09408639691725522,3.5571817692813954,0.6857142857142857,1.201650069931601,-0.07535359367899208,0.10569143295288086
SLV,1d,10,0.7,0.25,20,50,0.26009688583512064,-0.09883253713409945,0.2188705863663023,0.11039687350075125,1.9825795733681977,0.11428571428571428,0.23594166313293252,-0.015898411611318997,0.09663987159729004
SLV,1d,10,0.7,0.5,8,21,0.641839493126496,-0.4012321939183642,0.6272855655157493,0.0473262924805404,13.254483557394154,0.9142857142857143,1.609415005055398,-0.10904907853180745,0.10859823226928711
SLV,1d,10,0.7,0.5,9,21,0.6437065911188872,0.13423396261718246,0.6175235218733364,0.05792671506258136,10.660427079391475,0.8571428571428571,1.482118812268397,-0.13630700624900793,0.11778879165649414
SLV,1d,10,0.7,0.5,10,30,0.5698468009125957,-0.3638080921073473,0.5680579333086644,0.07028046112412427,8.08272917141795,0.6571428571428571,1.193159786649068,-0.11590171639011371,0.11760878562927246
SLV,1d,10,0.7,0.5,12,26,0.5684682572422627,-0.2720189005105509,0.5582084434649616,0.06493027620091625,8.597044031318697,0.6857142857142857,1.2137196390706573,-0.11590171639011371,0.11191105842590332
SLV,1d,10,0.7,0.5,20,50,0.46398846356831214,-0.11015317824662996,0.41332000938330127,0.09057287502928381,4.563397256073274,0.11428571428571428,0.23590432882843168,-0.015898411611318997,0.1082918643951416
SLV,1d,10,0.7,0.75,8,21,0.8791814272608393,-0.4759502750156307,0.8281552347314847,0.0415899960106007,19.912366294057822,0.9142857142857143,1.6647123221483482,-0.14833958956474613,0.12012982368469238
SLV,1d,10,0.7,0.75,9,21,0.857858289430404,0.11354220259957826,0.8150721856343518,0.048034545990119484,16.968458196773817,0.8571428571428571,1.533900507449991,-0.17903451821572258,0.1130058765411377
SLV,1d,10,0.7,0.75,10,30,0.7817268557949821,-0.43792199273582977,0.7563552157343875,0.06131828834466071,12.334904253736351,0.6571428571428571,1.2111841928079563,-0.15578916800762044,0.10623884201049805
SLV,1d,10,0.7,0.75,12,26,0.7742713687063032,-0.3333731278712585,0.7353168662598178,0.05741217578996965,12.807681578726779,0.6857142857142857,1.2313660148673224,-0.15578916800762044,0.11089897155761719
SLV,1d,10,0.7,0.75,20,50,0.6225188989618669,-0.1525108152758441,0.5603243365980087,0.08992594406843321,6.230953062573406,0.11428571428571428,0.23587751497314252,-0.015898411611318997,0.0980532169342041
SLV,1d,10,0.7,1.0,8,21,1.0664510486305687,-0.5573640035634954,0.9884459005633284,0.041767821871319846,23.66524889922621,0.9142857142857143,1.7081906912483695,-0.18702951623833486,0.10800981521606445
SLV,1d,10,0.7,1.0,9,21,1.0287725006781232,0.059157951894561966,0.9728441513332757,0.04805589941117849,20.244010896755334,0.8571428571428571,1.5745550765476908,-0.2208459724499,0.1084146499633789
SLV,1d,10,0.7,1.0,10,30,0.9488179494107426,-0.5199883160716463,0.9060326892792778,0.06065148036353659,14.938344189600041,0.6571428571428571,1.227559535197086,-0.1950159485315115,0.10882449150085449
SLV,1d,10,0.7,1.0,12,26,0.9368556553543252,-0.4076877027138145,0.876491771733541,0.056026311031627446,15.644288470799944,0.6857142857142857,1.2474359880399144,-0.1950159485315115,0.1172325611114502
SLV,1d,10,0.7,1.0,20,50,0.7482138341630679,-0.215001101409368,0.676034908565827,0.09277933961546123,7.286481142976029,0.11428571428571428,0.23585732461858097,-0.015898411611318997,0.09902119636535645
SLV,1d,10,0.85,0.0,8,21,0.06369759675276507,-0.07324851349629302,0.017043366782404878,0.28592065807415495,0.0596087281597701,0.34285714285714286,-0.2727237482173859,-0.09956622008566307,0.10909104347229004
SLV,1d,10,0.85,0.0,9,21,-0.006170120216926513,-0.19256102209526138,-0.02079547855976823,0.3223882981549329,-0.06450444597022678,0.3142857142857143,-0.01764780746522631,-0.09956622008566307,0.10439014434814453
SLV,1d,10,0.85,0.0,10,30,-0.13812581121723974,-0.38049397572150645,-0.06895062998365972,0.32158830574886954,-0.21440652147812778,0.2857142857142857,0.20913605008235392,-0.09956622008566307,0.10260987281799316
SLV,1d,10,0.85,0.0,12,26,-0.17331492252733074,-0.41574781598469046,-0.031971666598404634,0.3684134099050477,-0.08678203816371612,0.2857142857142857,0.17156016782536687,-0.09956622008566307,0.10527849197387695
SLV,1d,10,0.85,0.0,20,50,-0.08303932053362513,-0.29849225825649284,-0.053742313376342665,0.28426477425794416,-0.18905723903580277,0.11428571428571428,0.18393127577999793,-0.027476082705805704,0.09990739822387695
SLV,1d,10,0.85,0.25,8,21,0.3903658101296426,-0.022611599491862422,0.3841931297621571,0.07790196522431167,4.93175144755216,0.9428571428571428,1.2967706636305447,-0.09330295800991928,0.10544347763061523
SLV,1d,10,0.85,0.25,9,21,0.35848526801338215,-0.1762143516776824,0.3624417979977037,0.08216879727514666,4.410941987918452,0.9142857142857143,1.2763921643387877,-0.07097747372861452,0.11300420761108398
SLV,1d,10,0.85,0.25,10,30,0.2933396848049823,-0.413699342680533,0.3260350773269657,0.0884575699406577,3.6857792673446523,0.7428571428571429,1.2157767410700053,-0.09223399212040517,0.12357091903686523
SLV,1d,10,0.85,0.25,12,26,0.27155639300334256,-0.45319199596603577,0.3262259867797685,0.10345327479583366,3.153365492040533,0.8,1.1929228034706603,-0.09223399212040517,0.13465666770935059
SLV,1d,10,0.85,0.25,20,50,0.2341004452678569,-0.3031978895815549,0.2500780637042339,0.10692295722369743,2.338862206935003,0.17142857142857143,0.29912720607824544,-0.027476082705805704,0.11240339279174805
SLV,1d,10,0.85,0.5,8,21,0.6919350784684163,-0.023477281353756596,0.6724449685538897,0.04450824613362537,15.108323220264273,0.9428571428571428,1.4422252107392772,-0.13704862264884887,0.1297321319580078
SLV,1d,10,0.85,0.5,9,21,0.6611224831081461,-0.2028058241974091,0.6468631861091411,0.04745468431431066,13.631176678464806,0.9142857142857143,1.4018930522447892,-0.10904907853180745,0.12437558174133301
SLV,1d,10,0.85,0.5,10,30,0.5965812756707204,-0.47495475715116886,0.5957406647239356,0.05986319295070073,9.951702128794688,0.7714285714285715,1.272596825247827,-0.13547694740238458,0.11691665649414062
SLV,1d,10,0.85,0.5,12,26,0.5713123551031891,-0.5150036602826062,0.5744241844501329,0.061110975617327146,9.399689313539008,0.8,1.2566320933173827,-0.13547694740238458,0.11630058288574219
SLV,1d,10,0.85,0.5,20,50,0.46800862110703034,-0.34269172130376946,0.4603110126639369,0.08110111528462798,5.675766739439463,0.17142857142857143,0.2989816243565045,-0.027476082705805704,0.11107015609741211
SLV,1d,10,0.85,0.75,8,21,0.9290842188422923,-0.06263809097728268,0.8984527762641795,0.034433833105567385,26.092151097721224,0.9428571428571428,1.5394254645945658,-0.1798696463558982,0.13668012619018555
SLV,1d,10,0.85,0.75,9,21,0.8956722830980832,-0.25789037231495693,0.8681738797906495,0.04108178817130646,21.132816229188016,0.9142857142857143,1.4856396951314927,-0.14833958956474613,0.11189818382263184
SLV,1d,10,0.85,0.75,10,30,0.8248369327538182,-0.548633698005182,0.8032518528154412,0.0567457102230827,14.155287680031519,0.7714285714285715,1.316079098646672,-0.17783267496390542,0.10462403297424316
SLV,1d,10,0.85,0.75,12,26,0.79492723663909,-0.5865464192134233,0.7672732355744956,0.053707716760904446,14.286089259579512,0.8,1.3054618112655525,-0.17783267496390542,0.10558223724365234
SLV,1d,10,0.85,0.75,20,50,0.6438753204882819,-0.40265921209311684,0.6199858911879177,0.07691832162701294,8.060314864829095,0.17142857142857143,0.29887612871505476,-0.027476082705805704,0.09974884986877441
SLV,1d,10,0.85,1.0,8,21,1.1177048881599967,-0.12842208395474863,1.0780516897507841,0.0327946266630191,32.87281483117021,0.9428571428571428,1.6132982880365703,-0.22176602913106758,0.10776925086975098
SLV,1d,10,0.85,1.0,9,21,1.0814748631440114,-0.32995714803438736,1.0436836672148753,0.043640706376805394,23.915370622176336,0.9142857142857143,1.5495151981557491,-0.18702951623833486,0.11422324180603027
SLV,1d,10,0.85,1.0,10,30,1.0042203585834777,-0.6243879827894633,0.9672949675569289,0.05999830885932561,16.122037203163288,0.7714285714285715,1.3510714879161503,-0.21930117480496747,0.11811470985412598
SLV,1d,10,0.85,1.0,12,26,0.970194949436568,-0.6584654938450394,0.9201644775741494,0.0570204223931233,16.137454598812685,0.8,1.34466628449642,-0.21930117480496747,0.1110231876373291
SLV,1d,10,0.85,1.0,20,50,0.7819639397111509,-0.4727091559554223,0.7458058853984466,0.07733147494769091,9.644273381607292,0.17142857142857143,0.2987961847012371,-0.027476082705805704,0.10322284698486328
SLV,1d,10,1.0,0.0,8,21,-0.029757212339744148,-0.2297164777174513,0.05703532644107423,0.26865247663015945,0.21230150995254712,0.4,-0.09758917676078967,-0.09956622008566307,0.1104741096496582
SLV,1d,10,1.0,0.0,9,21,-0.11696327080943993,-0.3515504893977154,0.010506239795265581,0.2985244409538083,0.035193901583727434,0.34285714285714286,0.0447683268015583,-0.09956622008566307,0.11173415184020996
SLV,1d,10,1.0,0.0,10,30,-0.1760730944350404,-0.4236908656066567,-0.10993864050539512,0.3181453574567111,-0.3455610397217696,0.2857142857142857,0.20648507823548193,-0.09956622008566307,0.11831259727478027
SLV,1d,10,1.0,0.0,12,26,-0.11754637641705569,-0.35089798000654704,-0.0387215203192661,0.29939079095417487,-0.12933437329805134,0.2857142857142857,0.1575048003442348,-0.09956622008566307,0.10973286628723145
SLV,1d,10,1.0,0.0,20,50,-0.09722145415495934,-0.32222255497657126,0.007679559877188602,0.26492874156690616,0.02898726590315674,0.11428571428571428,0.18393127577999793,-0.027476082705805704,0.09842729568481445
SLV,1d,10,1.0,0.25,8,21,0.3739473387393061,-0.22112584700688875,0.4059433270180229,0.06453148052736242,6.290624726111718,0.9428571428571428,1.2510051976200578,-0.08633793749637364,0.1148674488067627
SLV,1d,10,1.0,0.25,9,21,0.33933923518288855,-0.3747196030626918,0.3851063131995009,0.06945741574108692,5.5444952722549194,0.9142857142857143,1.2235843455950863,-0.06219296262597229,0.11467289924621582
SLV,1d,10,1.0,0.25,10,30,0.29473000885839756,-0.4631954264073762,0.33179353970515996,0.06904849315012804,4.805224916114549,0.7428571428571429,1.2175393430929942,-0.08408561915305535,0.11089539527893066
SLV,1d,10,1.0,0.25,12,26,0.2904795325295987,-0.37577654037385133,0.3340747800140999,0.0725777630572677,4.6029908603065826,0.8,1.2265503166366918,-0.08408561915305535,0.11363482475280762
SLV,1d,10,1.0,0.25,20,50,0.2368335381847075,-0.3335407980808066,0.29900991185981496,0.08664488459684414,3.450981708280858,0.17142857142857143,0.29912720607824544,-0.027476082705805704,0.10214829444885254
SLV,1d,10,1.0,0.5,8,21,0.6964438441157885,-0.25276501910209204,0.7037085172040162,0.03560842656608704,19.762415390581122,0.9428571428571428,1.3892477477564578,-0.12358616627720898,0.13307762145996094
SLV,1d,10,1.0,0.5,9,21,0.6672646338691425,-0.4285034054478818,0.6810272723254379,0.037643771552370316,18.09136662563121,0.9142857142857143,1.3431055347015086,-0.095586622160167,0.11660575866699219
SLV,1d,10,1.0,0.5,10,30,0.6129760215114175,-0.5265332218737203,0.6222322825450146,0.05040759071690856,12.344019495783895,0.7714285714285715,1.2736178438295116,-0.11972722845188599,0.11000394821166992
SLV,1d,10,1.0,0.5,12,26,0.5837521920858026,-0.4308755733945774,0.5989678668052157,0.04641407239876648,12.904876384454775,0.8,1.2896143034104368,-0.11972722845188599,0.1132817268371582
SLV,1d,10,1.0,0.5,20,50,0.47947024665103183,-0.37793635898237676,0.5153868702504452,0.06453953021236805,7.985599965704102,0.17142857142857143,0.2989816243565045,-0.027476082705805704,0.10833430290222168
SLV,1d,10,1.0,0.75,8,21,0.9455714513762045,-0.3102327779917381,0.938856175661457,0.029607122915902558,31.71048326202541,0.9428571428571428,1.4909678262022728,-0.16037733878161364,0.12228989601135254
SLV,1d,10,1.0,0.75,9,21,0.9164675641508916,-0.4978999886575086,0.9128413902212588,0.03441118859601071,26.527458872114767,0.9142857142857143,1.4305062137856843,-0.12884728199046158,0.12376236915588379
SLV,1d,10,1.0,0.75,10,30,0.8512889795707903,-0.5988556387716228,0.8443161242460058,0.054766089787622825,15.416768433170517,0.7714285714285715,1.3169591170497028,-0.15502863701445835,0.11655831336975098
SLV,1d,10,1.0,0.75,12,26,0.8050389114848695,-0.5010658928745746,0.80404948079313,0.045239146038687214,17.77331252242317,0.8,1.3379240045582537,-0.15502863701445835,0.11580371856689453
SLV,1d,10,1.0,0.75,20,50,0.6614386840832004,-0.4408727870234461,0.6836528008397924,0.06121252107300697,11.168512403277969,0.17142857142857143,0.29887612871505476,-0.027476082705805704,0.1107633113861084
SLV,1d,10,1.0,1.0,8,21,1.1427586017148166,-0.3823305494214787,1.126041832782701,0.03106981620007221,36.24230750293541,0.9428571428571428,1.5706574516224783,-0.1967114550095893,0.1184530258178711
SLV,1d,10,1.0,1.0,9,21,1.1128467606766324,-0.5724669416049415,1.0969896675386746,0.03946223238943382,27.79846960286003,0.9142857142857143,1.4990836957699476,-0.1619749421168566,0.12163329124450684
SLV,1d,10,1.0,1.0,10,30,1.0383169454878496,-0.6708134465685196,1.0195773574721874,0.06269278878553325,16.263072312193284,0.7714285714285715,1.3518979095105583,-0.18998984484077253,0.12830519676208496
SLV,1d,10,1.0,1.0,12,26,0.9790053701680901,-0.5759693945023105,0.9664098579333746,0.04982256711454554,19.397030580771386,0.8,1.3765764943306438,-0.18998984484077253,0.11559510231018066
SLV,1d,10,1.0,1.0,20,50,0.8042165495578742,-0.51200723351728,0.8170556571615626,0.06198888666960444,13.180679651764043,0.17142857142857143,0.2987961847012371,-0.027476082705805704,0.12323760986328125
SLV,1d,14,0.0,0.0,8,21,0.08190419810087386,-0.04527725040753272,0.03313715086850163,0.3881447751368504,0.0853731725663917,0.2857142857142857,0.4852546444013212,-0.05242214637841491,0.1141672134399414
SLV,1d,14,0.0,0.0,9,21,0.07169994270105212,-0.0440067106432942,0.10710969335985585,0.27771617498438894,0.38568042846577705,0.2857142857142857,0.4198856708893411,-0.06576587037430892,0.11301732063293457
SLV,1d,14,0.0,0.0,10,30,-0.07896147230762936,-0.2895181710726368,0.23886948120023366,0.2604918295699287,0.9169941398722812,0.17142857142857143,0.3796234732860281,0.0,0.10355067253112793
SLV,1d,14,0.0,0.0,12,26,0.1791405038945367,0.1713074641876775,0.16943070332714738,0.2900537430012374,0.5841355521704975,0.17142857142857143,0.37866852001165346,-0.0048972891901412074,0.1092829704284668
SLV,1d,14,0.0,0.0,20,50,-0.07521985072132102,-0.31256389376421545,-0.11367917757176409,0.22861085463798364,-0.4972606298672063,0.05714285714285714,0.13713218440745867,-0.008958383852962437,0.10083603858947754
SLV,1d,14,0.0,0.25,8,21,0.2881818525529394,0.015813576743687108,0.30437701134147893,0.14701953775405135,2.070316748313211,0.6857142857142857,1.1224163452116913,-0.05242214637841491,0.11470270156860352
SLV,1d,14,0.0,0.25,9,21,0.2793055206448445,0.0013851944005356387,0.3126271070310499,0.11841125949491414,2.6401805737441504,0.6857142857142857,1.1298727121152436,-0.07443100402790892,0.12039709091186523
SLV,1d,14,0.0,0.25,10,30,0.1804950901338929,-0.3211288113676736,0.3662098558709606,0.10080451658451954,3.6328715049579348,0.37142857142857144,0.74297468859692,0.0,0.10062289237976074
SLV,1d,14,0.0,0.25,12,26,0.3084725234801717,0.294808050411852,0.3151345624376237,0.11629752711402076,2.70972711336036,0.4,0.8014103431721403,-0.0048972891901412074,0.10148501396179199
SLV,1d,14,0.0,0.25,20,50,0.17403156661595737,-0.33690753143445706,0.1418413910065212,0.0958799032287998,1.4793651873849178,0.05714285714285714,0.13713218440745867,-0.008958383852962437,0.1049799919128418
SLV,1d,14,0.0,0.5,8,21,0.48593986137328116,0.027149699267419614,0.4935652918854199,0.09503301910173995,5.19361898159861,0.6857142857142857,1.144277853766167,-0.05242214637841491,0.11624836921691895
SLV,1d,14,0.0,0.5,9,21,0.4745942066296608,-0.011523259856950463,0.48507787251918144,0.07731909182099687,6.273714047782608,0.7142857142857143,1.1660586549172225,-0.08309613768150859,0.11012029647827148
SLV,1d,14,0.0,0.5,10,30,0.3798925730108397,-0.3902757844055712,0.5091905268545401,0.06674005701548459,7.629458972988307,0.37142857142857144,0.7473748492941615,-0.012706792762415264,0.10367679595947266
SLV,1d,14,0.0,0.5,12,26,0.47170511584887487,0.3543452130200726,0.4708125433679271,0.07739574723308697,6.083183639922957,0.4,0.805529350638976,-0.008863987222175185,0.11018896102905273
SLV,1d,14,0.0,0.5,20,50,0.36509775132614253,-0.3957752381658284,0.3232486870461143,0.06733186674794367,4.800827641630572,0.05714285714285714,0.13713218440745867,-0.008958383852962437,0.10344552993774414
SLV,1d,14,0.0,0.75,8,21,0.6429535678441407,0.0008842969840900938,0.6433936001887612,0.07635602252108976,8.426232521620072,0.6857142857142857,1.1635558470039138,-0.05242214637841491,0.10573863983154297
SLV,1d,14,0.0,0.75,9,21,0.6292651851920819,-0.0675792870088131,0.6251419394759838,0.06211122512003829,10.064878583022844,0.7142857142857143,1.1930826405660087,-0.09176127133510836,0.10638689994812012
SLV,1d,14,0.0,0.75,10,30,0.52898277538205,-0.4785303522400971,0.6324113675545936,0.05576927180269767,11.339781695410315,0.37142857142857144,0.7547601355000965,-0.0341213864965193,0.1033787727355957
SLV,1d,14,0.0,0.75,12,26,0.6079022033676558,0.3592188763434463,0.6001039314000529,0.06597832562034137,9.095470758885682,0.4,0.8126942857677459,-0.02835717818615946,0.10119342803955078
SLV,1d,14,0.0,0.75,20,50,0.5075108829294142,-0.4740737246380342,0.4565369754673698,0.05954769609656287,7.666744566020605,0.05714285714285714,0.13713218440745867,-0.008958383852962437,0.09479355812072754
SLV,1d,14,0.0,1.0,8,21,0.7683066542560623,-0.05251589598069284,0.7630311136381317,0.06786982905034464,11.242567195389997,0.6857142857142857,1.1794841435700774,-0.05242214637841491,0.10365986824035645
SLV,1d,14,0.0,1.0,9,21,0.752679442269454,-0.15311912196900057,0.7377653902669682,0.05485186132917587,13.450143210993437,0.7142857142857143,1.2145223787649266,-0.10042640498870836,0.10706853866577148
SLV,1d,14,0.0,1.0,10,30,0.6460519660758657,-0.5725267755540553,0.73295951090981,0.050767600259519284,14.43754495313918,0.37142857142857144,0.7615896185286719,-0.05553598023062334,0.10515069961547852
SLV,1d,14,0.0,1.0,12,26,0.7181553521549844,0.3191528471064162,0.7046710495510127,0.061883047102656866,11.387142077571655,0.4,0.8193470341039784,-0.0478503691501434,0.11368036270141602
SLV,1d,14,0.0,1.0,20,50,0.6191115556398403,-0.5604521309924257,0.5605828019777646,0.057733579980191796,9.709822293543873,0.05714285714285714,0.13713218440745867,-0.008958383852962437,0.09580206871032715
SLV,1d,14,0.1,0.0,8,21,-0.018244887935177753,-0.2189120910753447,0.06849208751799273,0.3219578791346435,0.21273617437810607,0.2857142857142857,0.39955099728109084,-0.06380599407492993,0.10312700271606445
SLV,1d,14,0.1,0.0,9,21,0.16115878960069582,0.13214431851081265,0.07807090235831249,0.2470563885349396,0.31600438596742225,0.2857142857142857,0.3499038077497185,-0.06994386772119088,0.10480213165283203
SLV,1d,14,0.1,0.0,10,30,0.010166131874846308,-0.15965778695327126,0.21668695161958026,0.26286376162020714,0.8243317765978545,0.17142857142857143,0.3796234732860281,0.0,0.10555887222290039
SLV,1d,14,0.1,0.0,12,26,0.15149747549720294,0.10932337182782659,0.16120478958802523,0.306062006843965,0.526706307817585,0.17142857142857143,0.37866852001165346,-0.0048972891901412074,0.10671687126159668
SLV,1d,14,0.1,0.0,20,50,-0.11283596776720477,-0.3631746100719382,-0.10055631011776915,0.22554177971720124,-0.4458433831809481,0.05714285714285714,0.13713218440745867,-0.008958383852962437,0.10403037071228027
SLV,1d,14,0.1,0.25,8,21,0.2625119682173544,-0.21288132121385517,0.31459762734520835,0.1184114077830038,2.6568185720900126,0.6857142857142857,1.0826400997534693,-0.05882382847584866,0.11118602752685547
SLV,1d,14,0.1,0.25,9,21,0.3162557868967772,0.2398806133769047,0.31005279426757026,0.08936266328192971,3.469601093796708,0.6857142857142857,1.0736997106106,-0.07443100402790892,0.10411906242370605
SLV,1d,14,0.1,0.25,10,30,0.2331933873990122,-0.1549289745363881,0.364864242244333,0.10661246525106254,3.422341293629327,0.37142857142857144,0.74297468859692,0.0,0.10535144805908203
SLV,1d,14,0.1,0.25,12,26,0.298564829442122,0.204087746692466,0.3201873475913547,0.10930090752525234,2.929411610945501,0.4,0.8014103431721403,-0.0048972891901412074,0.12108707427978516
SLV,1d,14,0.1,0.25,20,50,0.15368862033535183,-0.3983691205873593,0.14897649726935464,0.0988723656227461,1.5067556675824274,0.05714285714285714,0.13713218440745867,-0.008958383852962437,0.09658122062683105
SLV,1d,14,0.1,0.5,8,21,0.4890102422426599,-0.2475734457031914,0.5056520591038789,0.07648971542951856,6.610719575363199,0.7142857142857143,1.1219964109999492,-0.06424405527772559,0.10597538948059082
SLV,1d,14,0.1,0.5,9,21,0.49871950676465465,0.2808855656743765,0.49628723382642936,0.06126447709795749,8.100734019697937,0.7142857142857143,1.1173435833377157,-0.08309613768150859,0.1357555389404297
SLV,1d,14,0.1,0.5,10,30,0.42686602018714404,-0.19712071586534596,0.5185531349489556,0.07462166012169935,6.949096738175686,0.37142857142857144,0.7473748492941615,-0.012706792762415264,0.10152792930603027
SLV,1d,14,0.1,0.5,12,26,0.47017040700307317,0.23449678329873325,0.48040439154684283,0.070782966810637,6.787005591783833,0.4,0.805529350638976,-0.008863987222175185,0.10359954833984375
SLV,1d,14,0.1,0.5,20,50,0.351212120837071,-0.4634588887684059,0.3306175622697958,0.07131019026015431,4.636329829770957,0.05714285714285714,0.13713218440745867,-0.008958383852962437,0.12044882774353027
SLV,1d,14,0.1,0.75,8,21,0.6628902144168018,-0.30821690015289893,0.657972379425456,0.062023275283837526,10.6084752282812,0.7142857142857143,1.1525210284808658,-0.06966428207960251,0.12984633445739746
SLV,1d,14,0.1,0.75,9,21,0.6484177310230096,0.26583780132209944,0.645167729926202,0.05474611550104763,11.784721601185675,0.7142857142857143,1.149413256094024,-0.09176127133510836,0.12021446228027344
SLV,1d,14,0.1,0.75,10,30,0.5767910106662247,-0.26917255369282544,0.6491059481497554,0.06485471557436615,10.008616064400949,0.37142857142857144,0.7547601355000965,-0.0341213864965193,0.11808156967163086
SLV,1d,14,0.1,0.75,12,26,0.6112549527792036,0.21229129593476803,0.6133748633319411,0.061057341792570656,10.045882203908448,0.4,0.8126942857677459,-0.02835717818615946,0.1114964485168457
SLV,1d,14,0.1,0.75,20,50,0.4963449432671881,-0.5432868363485632,0.4646861550836793,0.06425423490490739,7.231992658093094,0.05714285714285714,0.13713218440745867,-0.008958383852962437,0.09802937507629395
SLV,1d,14,0.1,1.0,8,21,0.8003735268226065,-0.3833942478256923,0.7797234985855457,0.0561386945910807,13.889234587037011,0.7142857142857143,1.1772865265566534,-0.0838472949832193,0.10414671897888184
SLV,1d,14,0.1,1.0,9,21,0.7690029828152181,0.20585015859157596,0.764265533146136,0.05392481419625686,14.172798637091766,0.7142857142857143,1.1750018395063444,-0.1143200184743981,0.10556697845458984
SLV,1d,14,0.1,1.0,10,30,0.6956842675738502,-0.35760352975315457,0.7552298123153502,0.06097881652296624,12.385117576542514,0.37142857142857144,0.7615896185286719,-0.05553598023062334,0.10393452644348145
SLV,1d,14,0.1,1.0,12,26,0.7250248307162062,0.1492545528654634,0.7208966031701939,0.05871255891701418,12.27840544625431,0.4,0.8193470341039784,-0.0478503691501434,0.10339879989624023
SLV,1d,14,0.1,1.0,20,50,0.6095670459585555,-0.6270170772134619,0.569469588701992,0.06298621526347901,9.041178078724549,0.05714285714285714,0.13713218440745867,-0.008958383852962437,0.0963752269744873
SLV,1d,14,0.25,0.0,8,21,0.20458999100045575,0.23097559428728975,0.03947643618411779,0.3334706912395473,0.11838052704835775,0.2857142857142857,0.39955099728109084,-0.06380599407492993,0.11147594451904297
SLV,1d,14,0.25,0.0,9,21,0.19649488222354122,0.21199401320181277,0.09561625867262276,0.3435484720813387,0.27831955733450214,0.2857142857142857,0.3499038077497185,-0.06994386772119088,0.11290550231933594
SLV,1d,14,0.25,0.0,10,30,0.060036447130096704,-0.07680402819794585,0.16699591575423717,0.3425984942211863,0.4874391410676262,0.17142857142857143,0.3796234732860281,0.0,0.10262274742126465
SLV,1d,14,0.25,0.0,12,26,0.07010016239513793,-0.05847305866073671,0.07246319768633408,0.31861651478213704,0.22743076496170583,0.17142857142857143,0.37866852001165346,-0.0048972891901412074,0.10219478607177734
SLV,1d,14,0.25,0.0,20,50,-0.010039490648522813,-0.20998141925888525,-0.07229024931318706,0.21866804991095726,-0.3305935610740756,0.05714285714285714,0.13713218440745867,-0.008958383852962437,0.09681272506713867
SLV,1d,14,0.25,0.25,8,21,0.3564006289157383,0.3854557663355107,0.3098513565901512,0.13206096821758234,2.3462750634967566,0.6857142857142857,1.0826400997534693,-0.05882382847584866,0.11129951477050781
SLV,1d,14,0.25,0.25,9,21,0.3367537974430531,0.3510120242417887,0.3282472681766841,0.10841813232510401,3.0276048953914607,0.6857142857142857,1.0736997106106,-0.07443100402790892,0.10894393920898438
SLV,1d,14,0.25,0.25,10,30,0.266848760714993,-0.053124076305717916,0.3514379845944819,0.12029659325976295,2.921429236450635,0.37142857142857144,0.74297468859692,0.0,0.10294532775878906
SLV,1d,14,0.25,0.25,12,26,0.2709431569816193,-0.011581638826271279,0.30269579794350837,0.11166030233563168,2.7108631412590736,0.4,0.8014103431721403,-0.0048972891901412074,0.10163426399230957
SLV,1d,14,0.25,0.25,20,50,0.21307490823096267,-0.20316355432083322,0.18043641713747488,0.08457917817385362,2.1333432297791477,0.05714285714285714,0.13713218440745867,-0.008958383852962437,0.10571122169494629
SLV,1d,14,0.25,0.5,8,21,0.5548842296785881,0.47821456070811497,0.5183920420121396,0.08556828200179264,6.058226598510876,0.7142857142857143,1.1219964109999492,-0.06424405527772559,0.1114203929901123
SLV,1d,14,0.25,0.5,9,21,0.5215961770505038,0.4215005570881294,0.5182330673287797,0.06432419866843282,8.056580230405626,0.7142857142857143,1.1173435833377157,-0.08309613768150859,0.10971689224243164
SLV,1d,14,0.25,0.5,10,30,0.4650271658922552,-0.08306603329918105,0.5226418289351955,0.07867470597642492,6.643073176426061,0.37142857142857144,0.7473748492941615,-0.012706792762415264,0.10698199272155762
SLV,1d,14,0.25,0.5,12,26,0.4636815672501148,-0.018998902104244486,0.4845591925240334,0.07295822897261822,6.641597518847287,0.4,0.805529350638976,-0.008863987222175185,0.10585975646972656
SLV,1d,14,0.25,0.5,20,50,0.39863167498682744,-0.2362612756704089,0.3609595688502484,0.06305710234378069,5.724328512311504,0.05714285714285714,0.13713218440745867,-0.008958383852962437,0.09899234771728516
SLV,1d,14,0.25,0.75,8,21,0.7192914104248559,0.5163274032059866,0.6831666670873101,0.06819264698911787,10.018186670424003,0.7142857142857143,1.1525210284808658,-0.06966428207960251,0.10939550399780273
SLV,1d,14,0.25,0.75,9,21,0.6753849851175305,0.43209610306930957,0.6719674218318145,0.05238393035379626,12.827739676908704,0.7142857142857143,1.149413256094024,-0.09176127133510836,0.10900306701660156
SLV,1d,14,0.25,0.75,10,30,0.6214346148429982,-0.14991699726133234,0.665004748333937,0.06660330444360468,9.984560884618261,0.37142857142857144,0.7547601355000965,-0.0341213864965193,0.1121373176574707
SLV,1d,14,0.25,0.75,12,26,0.6162443690562983,-0.06687839701259402,0.6299156282622839,0.061364674983882705,10.265117975899486,0.4,0.8126942857677459,-0.02835717818615946,0.10411858558654785
SLV,1d,14,0.25,0.75,20,50,0.5405347578597394,-0.29559796953436934,0.4952459832361916,0.06053261006266078,8.181474129787796,0.05714285714285714,0.13713218440745867,-0.008958383852962437,0.10397624969482422
SLV,1d,14,0.25,1.0,8,21,0.8519882249864648,0.5076907348141249,0.8145043415065766,0.060040115510067306,13.566002240119,0.7142857142857143,1.1772865265566534,-0.0838472949832193,0.11511802673339844
SLV,1d,14,0.25,1.0,9,21,0.7997006415838906,0.39253876102927987,0.7953449142291432,0.050064811553526704,15.886305961199946,0.7142857142857143,1.1750018395063444,-0.1143200184743981,0.11503171920776367
SLV,1d,14,0.25,1.0,10,30,0.7461055190147013,-0.23952020308050292,0.7800771740975924,0.06352998936518717,12.27888091738065,0.37142857142857144,0.7615896185286719,-0.05553598023062334,0.10570549964904785
SLV,1d,14,0.25,1.0,12,26,0.7379251556104919,-0.14287739811702338,0.746188641397839,0.05710345682110237,13.067311209119092,0.4,0.8193470341039784,-0.0478503691501434,0.11020398139953613
SLV,1d,14,0.25,1.0,20,50,0.652557067406319,-0.3703639900886081,0.6004598544686497,0.06220489347227128,9.652935982220004,0.05714285714285714,0.13713218440745867,-0.008958383852962437,0.10102987289428711
SLV,1d,14,0.4,0.0,8,21,0.32920862166516357,0.5683278361640665,0.08253747487218757,0.31704197738693557,0.2603361092826338,0.2857142857142857,0.39955099728109084,-0.06380599407492993,0.11194825172424316
SLV,1d,14,0.4,0.0,9,21,0.04351146618704718,-0.09388692339603122,0.05229889303107421,0.3799839946861805,0.13763446293117318,0.2857142857142857,0.3499038077497185,-0.06994386772119088,0.10410428047180176
SLV,1d,14,0.4,0.0,10,30,0.06452279819693686,-0.07330300887277974,0.1701060985360896,0.3704720384129639,0.4591604248050508,0.17142857142857143,0.3796234732860281,0.0,0.10273575782775879
SLV,1d,14,0.4,0.0,12,26,-0.022354293868482023,-0.2140548316167542,0.10667184880505473,0.33448788629952764,0.3189109476733997,0.17142857142857143,0.37866852001165346,-0.0048972891901412074,0.10716938972473145
SLV,1d,14,0.4,0.0,20,50,-0.011315528752143544,-0.21562131740002122,-0.04414880816293356,0.2251978990122491,-0.1960444940053912,0.05714285714285714,0.13713218440745867,-0.008958383852962437,0.11160826683044434
SLV,1d,14,0.4,0.25,8,21,0.41702190586166354,0.8828637747320853,0.3350493456296615,0.10585657926592205,3.165125379575934,0.6857142857142857,1.0826400997534693,-0.05882382847584866,0.10948014259338379
SLV,1d,14,0.4,0.25,9,21,0.29867898584150343,-0.06628710827438622,0.3167639581068638,0.11601801183001434,2.730299831124288,0.6857142857142857,1.0736997106106,-0.07443100402790892,0.10885739326477051
SLV,1d,14,0.4,0.25,10,30,0.2757073891164761,-0.04727401418021837,0.36046312413838233,0.11537119047949412,3.124377261257874,0.37142857142857144,0.74297468859692,0.0,0.1015477180480957
SLV,1d,14,0.4,0.25,12,26,0.24863712848243183,-0.2135529779131472,0.3326837585643236,0.11658398237440233,2.85359748216466,0.4,0.8014103431721403,-0.0048972891901412074,0.10750985145568848
SLV,1d,14,0.4,0.25,20,50,0.2153883646502367,-0.21284233404429875,0.19647951735544963,0.0868005961519912,2.263573363153018,0.05714285714285714,0.13713218440745867,-0.008958383852962437,0.09884786605834961
SLV,1d,14,0.4,0.5,8,21,0.6175433069711018,1.1466136492800327,0.5460483234227723,0.0670184091126036,8.147736281016577,0.7142857142857143,1.1219964109999492,-0.06424405527772559,0.11147475242614746
SLV,1d,14,0.4,0.5,9,21,0.5298187727000405,-0.09416026236606734,0.5250549211353536,0.06767640828699369,7.75831540747207,0.7142857142857143,1.1173435833377157,-0.08309613768150859,0.10455656051635742
SLV,1d,14,0.4,0.5,10,30,0.4811450664780827,-0.07466619036536326,0.5394513365252662,0.07240684702737213,7.450280721674515,0.37142857142857144,0.7473748492941615,-0.012706792762415264,0.10205817222595215
SLV,1d,14,0.4,0.5,12,26,0.47016429415189004,-0.2568872791714959,0.5140965854765712,0.07360695459341808,6.984347991521736,0.4,0.805529350638976,-0.008863987222175185,0.11310100555419922
SLV,1d,14,0.4,0.5,20,50,0.40571437494630475,-0.2517532943740075,0.37254731659116286,0.06692432920457933,5.566694818148004,0.05714285714285714,0.13713218440745867,-0.008958383852962437,0.10369992256164551
SLV,1d,14,0.4,0.75,8,21,0.7896863270356771,1.3572329426721703,0.7149206320591592,0.05289867583509598,13.514906011784143,0.7142857142857143,1.1525210284808658,-0.06966428207960251,0.1176748275756836
SLV,1d,14,0.4,0.75,9,21,0.7111224012250441,-0.16087461466628172,0.6908710404912488,0.05246097155731552,13.169238387749777,0.7142857142857143,1.149413256094024,-0.09176127133510836,0.1028146743774414
SLV,1d,14,0.4,0.75,10,30,0.6434435839527975,-0.1390496213378276,0.6890370372253927,0.061877881059920675,11.135433622204193,0.37142857142857144,0.7547601355000965,-0.0341213864965193,0.10047125816345215
SLV,1d,14,0.4,0.75,12,26,0.6398415818486392,-0.3278711946194981,0.6612933057827421,0.06038670769099055,10.95097466095845,0.4,0.8126942857677459,-0.02835717818615946,0.10141420364379883
SLV,1d,14,0.4,0.75,20,50,0.551287436462093,-0.316862131626777,0.505257758202627,0.06505481285431465,7.766646863378328,0.05714285714285714,0.13713218440745867,-0.008958383852962437,0.09518766403198242
SLV,1d,14,0.4,1.0,8,21,0.92974717008536,1.514113196676202,0.8499353963247304,0.04672751797315953,18.189183444601888,0.7142857142857143,1.1772865265566534,-0.0838472949832193,0.10594296455383301
SLV,1d,14,0.4,1.0,9,21,0.8553810930582947,-0.2519761602450471,0.8233113974108253,0.04770843938287788,17.257143768704037,0.7142857142857143,1.1750018395063444,-0.1143200184743981,0.1087179183959961
SLV,1d,14,0.4,1.0,10,30,0.77281070499682,-0.22650659415360397,0.8101034572031647,0.061188748488577034,13.239418638451122,0.37142857142857144,0.7615896185286719,-0.05553598023062334,0.10860967636108398
SLV,1d,14,0.4,1.0,12,26,0.7738775256257406,-0.4136711517265015,0.7794795022064162,0.05568628958621078,13.997691496390045,0.4,0.8193470341039784,-0.0478503691501434,0.10672664642333984
SLV,1d,14,0.4,1.0,20,50,0.6662107070662372,-0.3962899375144725,0.6096656705399981,0.06673947875394474,9.135007973132586,0.05714285714285714,0.13713218440745867,-0.008958383852962437,0.09967350959777832
SLV,1d,14,0.55,0.0,8,21,0.3023126328698426,0.49406887111335984,0.09150406231115613,0.2504698144874973,0.3653297005005916,0.2571428571428571,0.35393889482202473,-0.06380599407492993,0.10576748847961426
SLV,1d,14,0.55,0.0,9,21,0.11953634317480757,0.04423775788230766,0.04079272287748222,0.3333520071458959,0.1223713132155486,0.2571428571428571,0.41468126797548965,-0.06994386772119088,0.12076425552368164
SLV,1d,14,0.55,0.0,10,30,0.07054277655214636,-0.061208797545506566,0.07350411803254983,0.38477649977607886,0.19103068424221759,0.17142857142857143,0.3742142673225536,0.0,0.10487914085388184
SLV,1d,14,0.55,0.0,12,26,-0.13997305370652904,-0.3749726033826639,0.03624303327452226,0.34398794857178266,0.10536134601517629,0.17142857142857143,0.3732593140481789,-0.0048972891901412074,0.10687637329101562
SLV,1d,14,0.55,0.0,20,50,0.00473168901256439,-0.19090610624500837,-0.0274003766086793,0.20813131881733096,-0.13164946421507845,0.05714285714285714,0.13713218440745867,-0.008958383852962437,0.1007072925567627
SLV,1d,14,0.55,0.25,8,21,0.4240321355753701,0.771463255182383,0.3546869266386171,0.08385171821513226,4.22993033641389,0.8857142857142857,1.5912212393941014,-0.05434399739899265,0.10938358306884766
SLV,1d,14,0.55,0.25,9,21,0.3375158879186536,0.11791922570170454,0.3243651223652023,0.1006959581258408,3.221232792281889,0.8285714285714286,1.4288191046849665,-0.05434399739899265,0.11084842681884766
SLV,1d,14,0.55,0.25,10,30,0.3045995572205655,-0.011875367784399127,0.33241314190871546,0.12493558340157351,2.660676268987822,0.6285714285714286,1.2395930926847347,0.0,0.10604262351989746
SLV,1d,14,0.55,0.25,12,26,0.22346765259065166,-0.4082596517530911,0.31850207716611095,0.11612875382455735,2.7426633514666925,0.6285714285714286,1.241036556953056,-0.0048972891901412074,0.10401201248168945
SLV,1d,14,0.55,0.25,20,50,0.22760407198442534,-0.17661650500083326,0.21099463394780268,0.0814858693976779,2.5893401580840885,0.05714285714285714,0.13713218440745867,-0.008958383852962437,0.09885168075561523
SLV,1d,14,0.55,0.5,8,21,0.6476539443115792,0.9945129716246093,0.5813537359032054,0.05442584076772194,10.681575657862615,0.9142857142857143,1.632044288619074,-0.08991980027431923,0.10684061050415039
SLV,1d,14,0.55,0.5,9,21,0.5689463093597102,0.12730933193872063,0.5506622015082725,0.06281033147179672,8.767064089695696,0.8571428571428571,1.4759085050384015,-0.08991980027431923,0.11075973510742188
SLV,1d,14,0.55,0.5,10,30,0.5304953086702747,-0.014509128606360444,0.5386517185336179,0.077917392416656,6.913112744497763,0.6285714285714286,1.2459108446425173,-0.009950007497390612,0.12554430961608887
SLV,1d,14,0.55,0.5,12,26,0.4787713775565814,-0.4705036277691804,0.5243878220736111,0.08009591444831984,6.546998379198992,0.6285714285714286,1.2470496056064244,-0.006107201957150421,0.10793185234069824
SLV,1d,14,0.55,0.5,20,50,0.4199272587122709,-0.20515036583036927,0.3899679511151908,0.07045928497697829,5.534656663669069,0.05714285714285714,0.13713218440745867,-0.008958383852962437,0.09424805641174316
SLV,1d,14,0.55,0.75,8,21,0.8360139066058064,1.1630829829252827,0.7625520710629325,0.04431930268751072,17.20586798126274,0.9142857142857143,1.661934296032581,-0.12549560314964592,0.10554027557373047
SLV,1d,14,0.55,0.75,9,21,0.754491094693601,0.08681116678471756,0.7298067582904955,0.05252884263913704,13.893448277627709,0.8571428571428571,1.5087946711401619,-0.12549560314964592,0.12109923362731934
SLV,1d,14,0.55,0.75,10,30,0.7089270943531525,-0.05538889390922752,0.7041803381163032,0.06267552196402006,11.235332647417756,0.6285714285714286,1.2546777345165043,-0.030905290200923807,0.11762666702270508
SLV,1d,14,0.55,0.75,12,26,0.6683870987298944,-0.5459947127134663,0.6866464381799267,0.06996822548458088,9.813689477250572,0.6285714285714286,1.255578600352417,-0.025141081890563854,0.10946846008300781
SLV,1d,14,0.55,0.75,20,50,0.5679494208474878,-0.26183976361120087,0.5257697427076599,0.0732156302841173,7.181113386136011,0.05714285714285714,0.13713218440745867,-0.008958383852962437,0.09782958030700684
SLV,1d,14,0.55,1.0,8,21,0.9885418093767541,1.2787158452137444,0.9073100356647934,0.040881141528303425,22.19385275816311,0.9142857142857143,1.6857560943215366,-0.16107140602497272,0.11077213287353516
SLV,1d,14,0.55,1.0,9,21,0.9029160073712151,0.009971191864007523,0.8726187442064115,0.05032866763407081,17.338403443362328,0.8571428571428571,1.5346287612264404,-0.16107140602497272,0.11008048057556152
SLV,1d,14,0.55,1.0,10,30,0.8510537483372699,-0.12261677000301108,0.8366573670330529,0.057501046478486965,14.550298094941176,0.6285714285714286,1.2625347121014276,-0.051860572904457336,0.11075687408447266
SLV,1d,14,0.55,1.0,12,26,0.8168203897612526,-0.624085815084322,0.8158129721524243,0.06665652688623129,12.239056102410585,0.6285714285714286,1.2632452637257463,-0.0441749618239774,0.10558223724365234
SLV,1d,14,0.55,1.0,20,50,0.6849918697981021,-0.33525385270566155,0.6327613293706753,0.0775922877777225,8.154951316596536,0.05714285714285714,0.13713218440745867,-0.008958383852962437,0.10128307342529297
SLV,1d,14,0.7,0.0,8,21,0.1308619841227655,0.06304344247358751,0.12020886365659325,0.2440047132269087,0.4926497610101766,0.22857142857142856,0.16275893092281948,-0.09714194197513482,0.11279845237731934
SLV,1d,14,0.7,0.0,9,21,-0.004780415627102246,-0.17934118585366832,0.07364256523190897,0.31941300781803394,0.23055593676342176,0.22857142857142856,0.22863060626422335,-0.12297112066265936,0.12265992164611816
SLV,1d,14,0.7,0.0,10,30,-0.1359825717562816,-0.3703645138794962,0.00926054374853363,0.35391919916586234,0.026165700449027423,0.14285714285714285,0.29062855350248135,-0.034144799874255116,0.10062837600708008
SLV,1d,14,0.7,0.0,12,26,-0.11690339938353557,-0.3482627446660562,0.04747317709299875,0.3376897064395313,0.14058224514314469,0.14285714285714285,0.2896736002281066,-0.034144799874255116,0.10014820098876953
SLV,1d,14,0.7,0.0,20,50,0.07538197889336803,-0.044606425556807716,-0.024983280864290004,0.23162284655204796,-0.10786190238222469,0.05714285714285714,0.13713218440745867,-0.008958383852962437,0.09929156303405762
SLV,1d,14,0.7,0.25,8,21,0.39324045421927706,0.16022251939873278,0.3815347862769906,0.06423784067150858,5.939408645879544,0.9142857142857143,1.5168593666862342,-0.07622268542498667,0.10351967811584473
SLV,1d,14,0.7,0.25,9,21,0.3246433790856208,-0.1712923539433736,0.35514719269864325,0.10498823836066082,3.382733135102467,0.8571428571428571,1.4091526139150332,-0.081315493297616,0.103851318359375
SLV,1d,14,0.7,0.25,10,30,0.2523878929849415,-0.4063238214626623,0.31896878223697334,0.11618417258932354,2.7453720685728253,0.6285714285714286,1.219506614832244,-0.06223994266533828,0.10448622703552246
SLV,1d,14,0.7,0.25,12,26,0.2627367340801563,-0.3735910607983405,0.3306741233213278,0.1043477092367294,3.16896389714834,0.6285714285714286,1.220950079100565,-0.06223994266533828,0.10307192802429199
SLV,1d,14,0.7,0.25,20,50,0.2728829743436449,0.01837237297338601,0.233659163779671,0.09164286569826446,2.5496710736763446,0.05714285714285714,0.13713218440745867,-0.008958383852962437,0.09651660919189453
SLV,1d,14,0.7,0.5,8,21,0.6675855563377889,0.19969213033906796,0.6219074372896631,0.04105653405589543,15.147587383849357,0.9142857142857143,1.5943744281522316,-0.11518479808992077,0.11245274543762207
SLV,1d,14,0.7,0.5,9,21,0.59963291146051,-0.20978961889580094,0.5922326733792709,0.0675646472048254,8.7654224195664,0.8571428571428571,1.4836181753626834,-0.1143729443689776,0.13083362579345703
SLV,1d,14,0.7,0.5,10,30,0.5281773323721202,-0.4719621705233603,0.5539937862343102,0.07559973394219995,7.327985924631271,0.6285714285714286,1.2376658824720355,-0.09055477673632562,0.10956263542175293
SLV,1d,14,0.7,0.5,12,26,0.5362092434370637,-0.4296509590383877,0.5488648217937561,0.06693611650695762,8.199830680895639,0.6285714285714286,1.238804643435942,-0.09055477673632562,0.10938787460327148
SLV,1d,14,0.7,0.5,20,50,0.4617861664295468,0.03221873433538791,0.4222971157323454,0.07486670242611321,5.640653348517857,0.05714285714285714,0.13713218440745867,-0.008958383852962437,0.10577225685119629
SLV,1d,14,0.7,0.75,8,21,0.8867356871767459,0.19192067401284496,0.8152843955939572,0.03631718458436793,22.448997765781698,0.9142857142857143,1.6489507206649479,-0.1538178134462792,0.10883069038391113
SLV,1d,14,0.7,0.75,9,21,0.8126375173575158,-0.27880729407191884,0.7816699256259642,0.05676598365283597,13.770041058504809,0.8571428571428571,1.5346555479987258,-0.1491291065760394,0.10859417915344238
SLV,1d,14,0.7,0.75,10,30,0.7344940923475148,-0.5507547289374197,0.7378897596450958,0.06628464992708603,11.132136331062833,0.6285714285714286,1.2521471677261327,-0.11908930208721724,0.10315752029418945
SLV,1d,14,0.7,0.75,12,26,0.7416772837214766,-0.5011067743350969,0.7215219732161103,0.056673093198252734,12.731296855318906,0.6285714285714286,1.2530480335620453,-0.11908930208721724,0.10632514953613281
SLV,1d,14,0.7,0.75,20,50,0.6114670428281315,0.009302981096111385,0.5659715428875183,0.07515103124718926,7.53112144297669,0.05714285714285714,0.13713218440745867,-0.008958383852962437,0.09647893905639648
SLV,1d,14,0.7,1.0,8,21,1.0617948779754665,0.1472271501008946,0.9699822887596824,0.037179305530640215,26.089306266366393,0.9142857142857143,1.6908483886609311,-0.19212173149406186,0.11116504669189453
SLV,1d,14,0.7,1.0,9,21,0.9814019792997474,-0.36524408313677437,0.9330052821197775,0.05424911840850578,17.198533533652608,0.8571428571428571,1.5736229337789094,-0.18698138357393257,0.10866713523864746
SLV,1d,14,0.7,1.0,10,30,0.8963936656510502,-0.6314910338335449,0.883978339950442,0.06572095213163673,13.450479813193589,0.6285714285714286,1.2637587011857625,-0.14784351871801382,0.10940051078796387
SLV,1d,14,0.7,1.0,12,26,0.9030345550681468,-0.5773695470476791,0.8591096713860246,0.05381903402077441,15.962933690976394,0.6285714285714286,1.2644692528100812,-0.14784351871801382,0.10799431800842285
SLV,1d,14,0.7,1.0,20,50,0.7307794427520046,-0.039993289961798295,0.6792691114777691,0.07830338162746293,8.674837502031108,0.05714285714285714,0.13713218440745867,-0.008958383852962437,0.10131287574768066
SLV,1d,14,0.85,0.0,8,21,0.18178634579893105,0.17609592205910762,0.028549338890356445,0.2991879473215049,0.09542275732009205,0.34285714285714286,-0.2843441366577953,-0.09956622008566307,0.10930323600769043
SLV,1d,14,0.85,0.0,9,21,-0.04569058471686662,-0.2537101986057131,-0.0462906054666883,0.3268527307787186,-0.14162526761334399,0.3142857142857143,-0.05999798813787531,-0.09956622008566307,0.11016154289245605
SLV,1d,14,0.85,0.0,10,30,-0.085076938078045,-0.31612659289653955,-0.08070704218809413,0.3260287471905806,-0.2475457850988726,0.2857142857142857,0.24650501958220603,-0.09956622008566307,0.12083244323730469
SLV,1d,14,0.85,0.0,12,26,-0.18935888043838167,-0.4321829711475935,-0.015883733683212893,0.3893706638316559,-0.04079334977860636,0.2857142857142857,0.20421129150082487,-0.09956622008566307,0.13337397575378418
SLV,1d,14,0.85,0.0,20,50,-0.012559201098419449,-0.1954381601747779,-0.028620005628558133,0.26725319446588136,-0.10708948001821501,0.11428571428571428,0.18393127577999793,-0.027476082705805704,0.10143637657165527
SLV,1d,14,0.85,0.25,8,21,0.4234076066232425,0.31895360073951307,0.384195903473222,0.07545716125455158,5.091576426750977,0.9142857142857143,1.2902731819778097,-0.11769685724839951,0.10730504989624023
SLV,1d,14,0.85,0.25,9,21,0.34230997264358853,-0.25297293743270854,0.3541852862417528,0.07525490981671122,4.706474130450713,0.8571428571428571,1.268206732392216,-0.11423749208639022,0.11058354377746582
SLV,1d,14,0.85,0.25,10,30,0.30268741207402355,-0.33555948560066917,0.3160769657890615,0.10324053424216095,3.061558796738416,0.7714285714285715,1.310746387726311,-0.07912034110675115,0.10921239852905273
SLV,1d,14,0.85,0.25,12,26,0.2664093762765107,-0.472208449397164,0.33319019902267455,0.11341623504492865,2.9377645880299657,0.8,1.2845335033731746,-0.07912034110675115,0.10738945007324219
SLV,1d,14,0.85,0.25,20,50,0.26271645582282743,-0.17170564360917784,0.2603900211366717,0.08818182317413636,2.95287636118011,0.17142857142857143,0.29912720607824544,-0.027476082705805704,0.10062289237976074
SLV,1d,14,0.85,0.5,8,21,0.7058448873253111,0.40258905225739317,0.6673426421092463,0.040555164100788334,16.455182882524056,0.9428571428571428,1.4379123007064838,-0.15490971570479883,0.11468195915222168
SLV,1d,14,0.85,0.5,9,21,0.6472100594342208,-0.29057836522062397,0.6365837622585808,0.04039004308875511,15.760908223339097,0.9142857142857143,1.3972958537304723,-0.15091491443930793,0.11086201667785645
SLV,1d,14,0.85,0.5,10,30,0.5944969121650187,-0.3887252477917459,0.5856562044292234,0.07108115004011557,8.239261802864764,0.7714285714285715,1.369226714781295,-0.11013000774859649,0.10850977897644043
SLV,1d,14,0.85,0.5,12,26,0.5681195754219752,-0.5350070930974666,0.5770339932906082,0.06780907122742125,8.509687315364113,0.8,1.3510539687430918,-0.11013000774859649,0.10434365272521973
SLV,1d,14,0.85,0.5,20,50,0.48650325859261145,-0.18954586405323048,0.46623040936712856,0.06263977320080547,7.443041146916755,0.17142857142857143,0.2989816243565045,-0.027476082705805704,0.0982828140258789
SLV,1d,14,0.85,0.75,8,21,0.933715850618421,0.43444201327165377,0.8899568541723276,0.03102822557390885,28.682170433899334,0.9428571428571428,1.5358569368160018,-0.19180825209997676,0.11350703239440918
SLV,1d,14,0.85,0.75,9,21,0.8815572773077063,-0.351792703079994,0.8551439484260769,0.034494411453321244,24.79079689715189,0.9142857142857143,1.48225462388813,-0.18733005076099174,0.11024737358093262
SLV,1d,14,0.85,0.75,10,30,0.8162651715045802,-0.4597599653714811,0.7920706971873536,0.0652236259769961,12.143923084967879,0.7714285714285715,1.4102794707118957,-0.14113280904350278,0.10214948654174805
SLV,1d,14,0.85,0.75,12,26,0.7924768611249137,-0.6061921565773318,0.7671671701185524,0.05944133187064458,12.906291732965393,0.8,1.3979046831613864,-0.14113280904350278,0.1085970401763916
SLV,1d,14,0.85,0.75,20,50,0.6584179705164677,-0.2353896257853415,0.6238564063418045,0.05903175938368148,10.56814861788214,0.17142857142857143,0.29887612871505476,-0.027476082705805704,0.1079857349395752
SLV,1d,14,0.85,1.0,8,21,1.1161502235275835,0.42263166034528377,1.0669788059352858,0.031021346073557124,34.394987355006755,0.9428571428571428,1.6101589100137688,-0.22839246643393274,0.10828781127929688
SLV,1d,14,0.85,1.0,9,21,1.0667801591189123,-0.42544041889598705,1.0281961872662764,0.03794751769374291,27.095215965491562,0.9142857142857143,1.5467625603169468,-0.22348290105144364,0.11357855796813965
SLV,1d,14,0.85,1.0,10,30,0.991009925560654,-0.5374639712997342,0.9550271129095764,0.06643962350111123,14.374360698982638,0.7714285714285715,1.4424061961654524,-0.17212874499146946,0.10777640342712402
SLV,1d,14,0.85,1.0,12,26,0.968166781125549,-0.6767630494117624,0.918045131272376,0.06198402649780632,14.810995399030208,0.8,1.4345152044105967,-0.17212874499146946,0.11131834983825684
SLV,1d,14,0.85,1.0,20,50,0.7942456054560939,-0.2986346511683946,0.7483374025094138,0.06018395353061161,12.434168222743692,0.17142857142857143,0.2987961847012371,-0.027476082705805704,0.09854984283447266
SLV,1d,14,1.0,0.0,8,21,-0.029757212339744148,-0.2297164777174513,0.05703532644107423,0.26865247663015945,0.21230150995254712,0.4,-0.09758917676078967,-0.09956622008566307,0.10965776443481445
SLV,1d,14,1.0,0.0,9,21,-0.11696327080943993,-0.3515504893977154,0.010506239795265581,0.2985244409538083,0.035193901583727434,0.34285714285714286,0.0447683268015583,-0.09956622008566307,0.10770535469055176
SLV,1d,14,1.0,0.0,10,30,-0.1760730944350404,-0.4236908656066567,-0.10993864050539512,0.3181453574567111,-0.3455610397217696,0.2857142857142857,0.20648507823548193,-0.09956622008566307,0.10314202308654785
SLV,1d,14,1.0,0.0,12,26,-0.11754637641705569,-0.35089798000654704,-0.0387215203192661,0.29939079095417487,-0.12933437329805134,0.2857142857142857,0.1575048003442348,-0.09956622008566307,0.10273098945617676
SLV,1d,14,1.0,0.0,20,50,-0.09722145415495934,-0.32222255497657126,0.007679559877188602,0.26492874156690616,0.02898726590315674,0.11428571428571428,0.18393127577999793,-0.027476082705805704,0.09714293479919434
SLV,1d,14,1.0,0.25,8,21,0.3739473387393061,-0.22112584700688875,0.4059433270180229,0.06453148052736242,6.290624726111718,0.9428571428571428,1.2510051976200578,-0.08633793749637364,0.10904598236083984
SLV,1d,14,1.0,0.25,9,21,0.33933923518288855,-0.3747196030626918,0.3851063131995009,0.06945741574108692,5.5444952722549194,0.9142857142857143,1.2235843455950863,-0.06219296262597229,0.11484599113464355
SLV,1d,14,1.0,0.25,10,30,0.29473000885839756,-0.4631954264073762,0.33179353970515996,0.06904849315012804,4.805224916114549,0.7428571428571429,1.2175393430929942,-0.08408561915305535,0.11469411849975586
SLV,1d,14,1.0,0.25,12,26,0.2904795325295987,-0.37577654037385133,0.3340747800140999,0.0725777630572677,4.6029908603065826,0.8,1.2265503166366918,-0.08408561915305535,0.10299992561340332
SLV,1d,14,1.0,0.25,20,50,0.2368335381847075,-0.3335407980808066,0.29900991185981496,0.08664488459684414,3.450981708280858,0.17142857142857143,0.29912720607824544,-0.027476082705805704,0.09535336494445801
SLV,1d,14,1.0,0.5,8,21,0.6964438441157885,-0.25276501910209204,0.7037085172040162,0.03560842656608704,19.762415390581122,0.9428571428571428,1.3892477477564578,-0.12358616627720898,0.10605812072753906
SLV,1d,14,1.0,0.5,9,21,0.6672646338691425,-0.4285034054478818,0.6810272723254379,0.037643771552370316,18.09136662563121,0.9142857142857143,1.3431055347015086,-0.095586622160167,0.10883831977844238
SLV,1d,14,1.0,0.5,10,30,0.6129760215114175,-0.5265332218737203,0.6222322825450146,0.05040759071690856,12.344019495783895,0.7714285714285715,1.2736178438295116,-0.11972722845188599,0.11106061935424805
SLV,1d,14,1.0,0.5,12,26,0.5837521920858026,-0.4308755733945774,0.5989678668052157,0.04641407239876648,12.904876384454775,0.8,1.2896143034104368,-0.11972722845188599,0.12422013282775879
SLV,1d,14,1.0,0.5,20,50,0.47947024665103183,-0.37793635898237676,0.5153868702504452,0.06453953021236805,7.985599965704102,0.17142857142857143,0.2989816243565045,-0.027476082705805704,0.09825968742370605
SLV,1d,14,1.0,0.75,8,21,0.9455714513762045,-0.3102327779917381,0.938856175661457,0.029607122915902558,31.71048326202541,0.9428571428571428,1.4909678262022728,-0.16037733878161364,0.11112856864929199
SLV,1d,14,1.0,0.75,9,21,0.9164675641508916,-0.4978999886575086,0.9128413902212588,0.03441118859601071,26.527458872114767,0.9142857142857143,1.4305062137856843,-0.12884728199046158,0.10804080963134766
SLV,1d,14,1.0,0.75,10,30,0.8512889795707903,-0.5988556387716228,0.8443161242460058,0.054766089787622825,15.416768433170517,0.7714285714285715,1.3169591170497028,-0.15502863701445835,0.10879349708557129
SLV,1d,14,1.0,0.75,12,26,0.8050389114848695,-0.5010658928745746,0.80404948079313,0.045239146038687214,17.77331252242317,0.8,1.3379240045582537,-0.15502863701445835,0.10467123985290527
SLV,1d,14,1.0,0.75,20,50,0.6614386840832004,-0.4408727870234461,0.6836528008397924,0.06121252107300697,11.168512403277969,0.17142857142857143,0.29887612871505476,-0.027476082705805704,0.09943795204162598
SLV,1d,14,1.0,1.0,8,21,1.1427586017148166,-0.3823305494214787,1.126041832782701,0.03106981620007221,36.24230750293541,0.9428571428571428,1.5706574516224783,-0.1967114550095893,0.10800957679748535
SLV,1d,14,1.0,1.0,9,21,1.1128467606766324,-0.5724669416049415,1.0969896675386746,0.03946223238943382,27.79846960286003,0.9142857142857143,1.4990836957699476,-0.1619749421168566,0.10512852668762207
SLV,1d,14,1.0,1.0,10,30,1.0383169454878496,-0.6708134465685196,1.0195773574721874,0.06269278878553325,16.263072312193284,0.7714285714285715,1.3518979095105583,-0.18998984484077253,0.1097104549407959
SLV,1d,14,1.0,1.0,12,26,0.9790053701680901,-0.5759693945023105,0.9664098579333746,0.04982256711454554,19.397030580771386,0.8,1.3765764943306438,-0.18998984484077253,0.10636591911315918
SLV,1d,14,1.0,1.0,20,50,0.8042165495578742,-0.51200723351728,0.8170556571615626,0.06198888666960444,13.180679651764043,0.17142857142857143,0.2987961847012371,-0.027476082705805704,0.1037755012512207
SLV,1d,19,0.0,0.0,8,21,0.25328447147640926,0.3615125481808008,0.1315586902969783,0.3174410784102625,0.4144349904423875,0.2857142857142857,0.45829017698643854,-0.05756053145746265,0.10888433456420898
SLV,1d,19,0.0,0.0,9,21,0.19936659009841176,0.21838475236994515,0.14546499926919648,0.30894739638092095,0.47084067052581147,0.2857142857142857,0.43430640070748244,-0.0480739268444883,0.11488819122314453
SLV,1d,19,0.0,0.0,10,30,0.04680924739205467,-0.08458832272740702,-0.03140827952841403,0.2517469100545713,-0.12476133082072645,0.14285714285714285,0.3185473561871871,-0.027476082705805704,0.11307668685913086
SLV,1d,19,0.0,0.0,12,26,0.09676232978807725,-0.0050814885969258095,0.10408906053467,0.3065340991701022,0.33956763967361686,0.17142857142857143,0.3275999084907704,-0.027476082705805704,0.10845947265625
SLV,1d,19,0.0,0.0,20,50,-0.01604242017878162,-0.22608234646778014,-0.04049210165005863,0.22981041653626577,-0.1761978515176168,0.05714285714285714,0.048051292872758986,-0.018647296166762084,0.11146259307861328
SLV,1d,19,0.0,0.25,8,21,0.3499365414576924,0.5773364193503645,0.318974712248287,0.11885516351843492,2.6837261655764135,0.5428571428571428,0.8841435398740325,-0.06370827297106674,0.11946272850036621
SLV,1d,19,0.0,0.25,9,21,0.305672489973035,0.35302036411995785,0.333824676429466,0.1231436405963528,2.710855995590511,0.5428571428571428,0.8035892897390547,-0.0480739268444883,0.11989283561706543
SLV,1d,19,0.0,0.25,10,30,0.24929891492844097,-0.034653619433461125,0.23440041275531726,0.1325101283592028,1.7689245015287782,0.2857142857142857,0.5942487197235747,-0.027476082705805704,0.11545968055725098
SLV,1d,19,0.0,0.25,12,26,0.25148763972887606,0.05531293427103501,0.272437444520106,0.134392901053101,2.0271713936174436,0.34285714285714286,0.6740446268480477,-0.027476082705805704,0.11268377304077148
SLV,1d,19,0.0,0.25,20,50,0.14019788398975222,-0.37412861367429406,0.1897519987842893,0.10256304362991235,1.8501010897159884,0.05714285714285714,0.048051292872758986,-0.018647296166762084,0.10728073120117188
SLV,1d,19,0.0,0.5,8,21,0.5052481786721927,0.7337963520289004,0.48221486890202525,0.08227578390616232,5.8609574531918645,0.5714285714285714,0.9019938576323242,-0.06985601448467116,0.11743927001953125
SLV,1d,19,0.0,0.5,9,21,0.45213834287616067,0.41923326239356595,0.49111022176285324,0.0795531165892524,6.173362437810539,0.5428571428571428,0.8095833874043166,-0.0480739268444883,0.10495305061340332
SLV,1d,19,0.0,0.5,10,30,0.4287349975873895,-0.03549931599767164,0.4161353402493537,0.09527710909606728,4.367631891830043,0.2857142857142857,0.5984449629014263,-0.027476082705805704,0.10532927513122559
SLV,1d,19,0.0,0.5,12,26,0.4103753678166802,0.061305446438578715,0.42676205547393586,0.09392593887439728,4.543601699256098,0.34285714285714286,0.6735186525593565,-0.027476082705805704,0.11055231094360352
SLV,1d,19,0.0,0.5,20,50,0.3111029918919857,-0.49832747206123174,0.3544476076699539,0.07379591700328186,4.803078843158638,0.05714285714285714,0.048051292872758986,-0.018647296166762084,0.10465312004089355
SLV,1d,19,0.0,0.75,8,21,0.6395845590737435,0.8352116480747742,0.6162232704439017,0.07359722607667295,8.37291435144479,0.5714285714285714,0.9173049387215776,-0.07600375599827514,0.1114349365234375
SLV,1d,19,0.0,0.75,9,21,0.5764556283368137,0.425590037393599,0.6213824469666337,0.0673203548634697,9.230231305625765,0.5428571428571428,0.8176127687386631,-0.0480739268444883,0.10973572731018066
SLV,1d,19,0.0,0.75,10,30,0.5694281988480505,-0.07539132783467972,0.5536340216680473,0.07922463856617662,6.9881545903878735,0.2857142857142857,0.6028261497904535,-0.027476082705805704,0.12927794456481934
SLV,1d,19,0.0,0.75,12,26,0.5383510661746528,0.02552029848069237,0.5515141879943821,0.08296838385239255,6.647281318334106,0.34285714285714286,0.6731248618304425,-0.027476082705805704,0.11860299110412598
SLV,1d,19,0.0,0.75,20,50,0.44362393190448546,-0.6017569307643478,0.4785659239698651,0.06664233067877584,7.181110250729543,0.05714285714285714,0.048051292872758986,-0.018647296166762084,0.10869216918945312
SLV,1d,19,0.0,1.0,8,21,0.7493563412466282,0.8868129382322372,0.7242392967738679,0.07220328563071951,10.030558726620248,0.5714285714285714,0.9298080703491781,-0.08215149751187945,0.11376094818115234
SLV,1d,19,0.0,1.0,9,21,0.677650069236069,0.38193472580109034,0.7267316236310368,0.06453889375433923,11.260366909870926,0.5428571428571428,0.8247734013225427,-0.05755908651876218,0.1146240234375
SLV,1d,19,0.0,1.0,10,30,0.6813623372259049,-0.14355800678622666,0.6618800249485534,0.06979067724670955,9.483788538242896,0.2857142857142857,0.6065702537916716,-0.027476082705805704,0.11624836921691895
SLV,1d,19,0.0,1.0,12,26,0.6410258196438032,-0.04089864522410691,0.6517177627214433,0.07930190883569942,8.218185063763041,0.34285714285714286,0.6728197604747964,-0.027476082705805704,0.11078405380249023
SLV,1d,19,0.0,1.0,20,50,0.5488007281140355,-0.6872145206212477,0.5762712606876748,0.06569701433877792,8.77165068287629,0.05714285714285714,0.048051292872758986,-0.018647296166762084,0.1130373477935791
SLV,1d,19,0.1,0.0,8,21,0.15459623013965182,0.11431287110558075,0.13176837407667413,0.3010293840811871,0.4377259531618894,0.2571428571428571,0.3576143252976748,-0.07915866531717575,0.10611248016357422
SLV,1d,19,0.1,0.0,9,21,0.24976699468673416,0.33963361845093654,0.1843459736333624,0.31548181599305103,0.5843315344597322,0.22857142857142856,0.333932574635484,-0.05527865743075,0.10762643814086914
SLV,1d,19,0.1,0.0,10,30,0.16859523251851535,0.14896441703199303,0.024455149784468982,0.24250817785784784,0.10084257776578558,0.14285714285714285,0.3185473561871871,-0.027476082705805704,0.10725831985473633
SLV,1d,19,0.1,0.0,12,26,0.1750969882932438,0.16115832438266975,0.1126509510259492,0.3330855301433351,0.3382042773742608,0.17142857142857143,0.3275999084907704,-0.027476082705805704,0.10773348808288574
SLV,1d,19,0.1,0.0,20,50,0.015574621208409488,-0.17238908418455612,-0.046023049906560684,0.23221267158977993,-0.19819353350304522,0.05714285714285714,0.048051292872758986,-0.018647296166762084,0.10167646408081055
SLV,1d,19,0.1,0.25,8,21,0.30954150124114715,0.21709673125681372,0.32300820671942876,0.12209258789764181,2.645600460121524,0.6,1.0002298855501393,-0.06401947108898942,0.12116813659667969
SLV,1d,19,0.1,0.25,9,21,0.33209262237970805,0.5255811980686913,0.35287051948220904,0.11900675822267538,2.9651300880068305,0.5714285714285714,0.914373712829367,-0.03702023296429002,0.12429118156433105
SLV,1d,19,0.1,0.25,10,30,0.31213131969046143,0.2888267327209648,0.2648978581934853,0.13315903377009078,1.9893344874434256,0.2857142857142857,0.5942487197235747,-0.027476082705805704,0.1226799488067627
SLV,1d,19,0.1,0.25,12,26,0.29450625281469783,0.2771973303322981,0.2863336420902408,0.1396281639095276,2.0506868676993517,0.34285714285714286,0.6740446268480477,-0.027476082705805704,0.10187816619873047
SLV,1d,19,0.1,0.25,20,50,0.1589949775014096,-0.3185101612850193,0.1877923404511375,0.1115080983510633,1.6841139184340397,0.05714285714285714,0.048051292872758986,-0.018647296166762084,0.09922528266906738
SLV,1d,19,0.1,0.5,8,21,0.4891193959357276,0.25656480005201443,0.4954294513753599,0.08232165288221344,6.0182155487599935,0.6285714285714286,1.0416259066138776,-0.07047841072051608,0.10954141616821289
SLV,1d,19,0.1,0.5,9,21,0.47538327233550154,0.6420596576111997,0.5105130889917773,0.07539068413762849,6.771567267645651,0.5714285714285714,0.9394707354843451,-0.03702023296429002,0.11168408393859863
SLV,1d,19,0.1,0.5,10,30,0.48166414993836254,0.37302878523309335,0.44213021794308693,0.09726783415397217,4.545492575101524,0.2857142857142857,0.5984449629014263,-0.027476082705805704,0.10845494270324707
SLV,1d,19,0.1,0.5,12,26,0.44471845409878996,0.3307916197968519,0.4420970143801779,0.10043950723552014,4.4016246848315035,0.34285714285714286,0.6735186525593565,-0.027476082705805704,0.12691617012023926
SLV,1d,19,0.1,0.5,20,50,0.3240861035206553,-0.443435603411787,0.35559300279379424,0.0819744222373737,4.3378531142812085,0.05714285714285714,0.048051292872758986,-0.018647296166762084,0.12252974510192871
SLV,1d,19,0.1,0.75,8,21,0.6364000353925343,0.24438518527274122,0.6361744299620323,0.07028491037954258,9.051365741617277,0.6285714285714286,1.0640191935950007,-0.07693735035204285,0.12635016441345215
SLV,1d,19,0.1,0.75,9,21,0.6002211228025319,0.6936382094916789,0.6432287681200206,0.0663762498214516,9.690646426248396,0.5714285714285714,0.9529911316235667,-0.039856395613816376,0.1168828010559082
SLV,1d,19,0.1,0.75,10,30,0.6215361261544943,0.40720227861066727,0.5793431874846663,0.08132179657691121,7.124082495358357,0.2857142857142857,0.6028261497904535,-0.027476082705805704,0.10886383056640625
SLV,1d,19,0.1,0.75,12,26,0.5708246402244687,0.3311678126868096,0.5692546931834732,0.09051774600092628,6.288873931722161,0.34285714285714286,0.6731248618304425,-0.027476082705805704,0.10904479026794434
SLV,1d,19,0.1,0.75,20,50,0.45407331946490254,-0.5495215703393755,0.48166168830721895,0.07414146492037453,6.496522409214704,0.05714285714285714,0.048051292872758986,-0.018647296166762084,0.10435009002685547
SLV,1d,19,0.1,1.0,8,21,0.7550243147283848,0.1920139763790718,0.7493829357600308,0.06638177567201071,11.288985993124035,0.6285714285714286,1.0800218289184524,-0.0833962899835694,0.11748385429382324
SLV,1d,19,0.1,1.0,9,21,0.7024791989299278,0.6869565073326946,0.7509648101595026,0.06721877243208764,11.17195067669848,0.5714285714285714,0.9628619006621859,-0.05755908651876218,0.11639761924743652
SLV,1d,19,0.1,1.0,10,30,0.734355477496792,0.39765722009495974,0.6880780928380641,0.07147515180655811,9.626815409924465,0.2857142857142857,0.6065702537916716,-0.027476082705805704,0.10142731666564941
SLV,1d,19,0.1,1.0,12,26,0.6731578992721973,0.28766190965112526,0.6717043697895788,0.08784361939765264,7.6465925971115905,0.34285714285714286,0.6728197604747964,-0.027476082705805704,0.10299801826477051
SLV,1d,19,0.1,1.0,20,50,0.5577261914079128,-0.6389654019841176,0.5807896883148012,0.07273073400566742,7.985478164836672,0.05714285714285714,0.048051292872758986,-0.018647296166762084,0.1033027172088623
SLV,1d,19,0.25,0.0,8,21,0.33303426683552695,0.5820452943458592,0.09257085113637466,0.33047093171919567,0.28011798391706355,0.2571428571428571,0.3576143252976748,-0.07915866531717575,0.10969233512878418
SLV,1d,19,0.25,0.0,9,21,0.11755410459592266,0.04014981462010825,0.20008937741748395,0.4103917770692803,0.48755698480699783,0.22857142857142856,0.333932574635484,-0.05527865743075,0.12070178985595703
SLV,1d,19,0.25,0.0,10,30,0.22015367491118645,0.26915152226340466,0.0009207752000781535,0.3212138688549134,0.002866548705884338,0.14285714285714285,0.3185473561871871,-0.027476082705805704,0.10760807991027832
SLV,1d,19,0.25,0.0,12,26,0.10265877155372671,0.0017781396695066842,0.09170790858550447,0.3647883607518588,0.25140031440829674,0.17142857142857143,0.3275999084907704,-0.027476082705805704,0.11168384552001953
SLV,1d,19,0.25,0.0,20,50,0.022969533030325083,-0.15601030705457863,-0.014417065726338604,0.22886846819858006,-0.06299280036177587,0.05714285714285714,0.048051292872758986,-0.018647296166762084,0.10142803192138672
SLV,1d,19,0.25,0.25,8,21,0.3933940411772638,0.8798733638691469,0.31168680621107553,0.12252634662600369,2.543834977488233,0.6,1.0002298855501393,-0.06401947108898942,0.11819052696228027
SLV,1d,19,0.25,0.25,9,21,0.291026370705478,0.10851490117450324,0.36951095661042305,0.13476055655406646,2.741981526784314,0.5714285714285714,0.914373712829367,-0.03702023296429002,0.1395282745361328
SLV,1d,19,0.25,0.25,10,30,0.3439504800859721,0.4510214711730085,0.27114641157246866,0.1476951276718876,1.8358521086412172,0.2857142857142857,0.5942487197235747,-0.027476082705805704,0.10917806625366211
SLV,1d,19,0.25,0.25,12,26,0.2708243908180514,0.05876764444226201,0.3012984735729207,0.1572294445233281,1.9162980222080295,0.34285714285714286,0.6740446268480477,-0.027476082705805704,0.11071348190307617
SLV,1d,19,0.25,0.25,20,50,0.16953065485646812,-0.30198643140596804,0.2142073813249879,0.10832454617210265,1.9774593007263739,0.05714285714285714,0.048051292872758986,-0.018647296166762084,0.10578322410583496
SLV,1d,19,0.25,0.5,8,21,0.5584997132271241,1.109819138184167,0.5025658265396453,0.08492293428248993,5.917904636548437,0.6285714285714286,1.0416259066138776,-0.07047841072051608,0.10604381561279297
SLV,1d,19,0.25,0.5,9,21,0.4759425601871166,0.11512614018802703,0.5330981257284297,0.08680812996148174,6.141108280583564,0.5714285714285714,0.9394707354843451,-0.03702023296429002,0.11967015266418457
SLV,1d,19,0.25,0.5,10,30,0.5179891779114589,0.5701570426810114,0.4622998036391535,0.1012127996733985,4.567602172165371,0.2857142857142857,0.5984449629014263,-0.027476082705805704,0.10563850402832031
SLV,1d,19,0.25,0.5,12,26,0.44594872072526326,0.05292621469508374,0.47028034781156147,0.10988974237157764,4.2795654777437795,0.34285714285714286,0.6735186525593565,-0.027476082705805704,0.10229992866516113
SLV,1d,19,0.25,0.5,20,50,0.3386661286915171,-0.42746002116585335,0.3793204807026167,0.08451379840742874,4.488266861157603,0.05714285714285714,0.048051292872758986,-0.018647296166762084,0.10072708129882812
SLV,1d,19,0.25,0.75,8,21,0.7047199012426271,1.2700662587438778,0.6564485830126722,0.07216223881141724,9.096843360530706,0.6285714285714286,1.0640191935950007,-0.07693735035204285,0.1105341911315918
SLV,1d,19,0.25,0.75,9,21,0.6253073952289188,0.07350611898432136,0.672297197070111,0.0761116363154546,8.833040906960502,0.5714285714285714,0.9529911316235667,-0.039856395613816376,0.10855889320373535
SLV,1d,19,0.25,0.75,10,30,0.6642888080377682,0.6304803930492175,0.6103736943095839,0.08161643292729495,7.47856372078051,0.2857142857142857,0.6028261497904535,-0.027476082705805704,0.10865330696105957
SLV,1d,19,0.25,0.75,12,26,0.5869032659117612,-0.002106067773930742,0.6069543519580437,0.0926089204778119,6.553951269774961,0.34285714285714286,0.6731248618304425,-0.027476082705805704,0.10218524932861328
SLV,1d,19,0.25,0.75,20,50,0.4720769681165846,-0.5345106016607866,0.5050363262142246,0.0797154074432166,6.335492001015931,0.05714285714285714,0.048051292872758986,-0.018647296166762084,0.10333657264709473
SLV,1d,19,0.25,1.0,8,21,0.8247437565445841,1.3618333833730922,0.7798027294298673,0.06682594440565182,11.669161376848649,0.6285714285714286,1.0800218289184524,-0.0833962899835694,0.10792112350463867
SLV,1d,19,0.25,1.0,9,21,0.745154305867675,-0.0033400868317866594,0.7855076140046572,0.07559552756327824,10.390927073657071,0.5714285714285714,0.9628619006621859,-0.05755908651876218,0.10519123077392578
SLV,1d,19,0.25,1.0,10,30,0.7828424917778339,0.6374726943296154,0.7277361303500613,0.07094523730771207,10.257716486219337,0.2857142857142857,0.6065702537916716,-0.027476082705805704,0.10410761833190918
SLV,1d,19,0.25,1.0,12,26,0.6999331724244042,-0.09294049363194723,0.7167324504913358,0.08413894431755933,8.518438831205513,0.34285714285714286,0.6728197604747964,-0.027476082705805704,0.10182952880859375
SLV,1d,19,0.25,1.0,20,50,0.5784701106850124,-0.6251307203771629,0.6042914187473152,0.07961265017104785,7.590394459284982,0.05714285714285714,0.048051292872758986,-0.018647296166762084,0.10047531127929688
SLV,1d,19,0.4,0.0,8,21,0.3056472469076014,0.5010806653871807,0.10910445780120703,0.37601304648431627,0.2901613622753854,0.2571428571428571,0.3576143252976748,-0.07915866531717575,0.11661505699157715
SLV,1d,19,0.4,0.0,9,21,0.053720943879031174,-0.07238433395253596,0.1712398768144341,0.4510767181755162,0.37962472882008463,0.22857142857142856,0.333932574635484,-0.05527865743075,0.11157536506652832
SLV,1d,19,0.4,0.0,10,30,0.1579727658967575,0.12404148747889243,0.02280196512346544,0.3938155258423821,0.057900117255893904,0.14285714285714285,0.3185473561871871,-0.027476082705805704,0.12153410911560059
SLV,1d,19,0.4,0.0,12,26,-0.10031067800821016,-0.33332742737363175,0.05171454347651157,0.3714703751607695,0.1392157946757663,0.17142857142857143,0.3275999084907704,-0.027476082705805704,0.10830903053283691
SLV,1d,19,0.4,0.0,20,50,0.037866216048690095,-0.1329115696198353,-0.00821081286044966,0.24949815496579386,-0.032909312942916796,0.05714285714285714,0.048051292872758986,-0.018647296166762084,0.10568952560424805
SLV,1d,19,0.4,0.25,8,21,0.3965386262256172,0.7762876057792572,0.3374437637932505,0.1329175563403715,2.5387448662472702,0.6,1.0002298855501393,-0.06401947108898942,0.1062016487121582
SLV,1d,19,0.4,0.25,9,21,0.29184064920572433,-0.03535221520617171,0.3678076710913791,0.145608032470888,2.5260122319482363,0.5714285714285714,0.914373712829367,-0.03702023296429002,0.11279606819152832
SLV,1d,19,0.4,0.25,10,30,0.3264931368812173,0.24114369258413504,0.29403596914051,0.14925431334719985,1.9700333112418313,0.2857142857142857,0.5942487197235747,-0.027476082705805704,0.10456609725952148
SLV,1d,19,0.4,0.25,12,26,0.20228191625971054,-0.368694431943993,0.30175710978439285,0.14710441518694323,2.0513123919558356,0.34285714285714286,0.6740446268480477,-0.027476082705805704,0.09929537773132324
SLV,1d,19,0.4,0.25,20,50,0.2290070280190128,-0.09984887653173169,0.2194809953508426,0.11516602394529886,1.9057790469096239,0.05714285714285714,0.048051292872758986,-0.018647296166762084,0.09835028648376465
SLV,1d,19,0.4,0.5,8,21,0.5853492513735805,0.991887459586839,0.5310590273317202,0.0865348778187552,6.136936235629846,0.6285714285714286,1.0416259066138776,-0.07047841072051608,0.1030580997467041
SLV,1d,19,0.4,0.5,9,21,0.5119267897065517,-0.05193426426730441,0.5462409549676084,0.09229208072170333,5.918611333671609,0.5714285714285714,0.9394707354843451,-0.03702023296429002,0.1028895378112793
SLV,1d,19,0.4,0.5,10,30,0.5210942275502637,0.2950380880752781,0.4876598782937088,0.09963576798346471,4.894425848904377,0.2857142857142857,0.5984449629014263,-0.027476082705805704,0.09914994239807129
SLV,1d,19,0.4,0.5,12,26,0.42822330330390623,-0.4395229883445546,0.4853393482765675,0.09821164428318602,4.941769907416756,0.34285714285714286,0.6735186525593565,-0.027476082705805704,0.09982681274414062
SLV,1d,19,0.4,0.5,20,50,0.4035614414513558,-0.11363173174688157,0.38476384421104226,0.0894484299433261,4.301515906481824,0.05714285714285714,0.048051292872758986,-0.018647296166762084,0.09409832954406738
SLV,1d,19,0.4,0.75,8,21,0.7479825162760355,1.148354700080223,0.6883613270860893,0.06825860794386018,10.084608342031197,0.6285714285714286,1.0640191935950007,-0.07693735035204285,0.1075282096862793
SLV,1d,19,0.4,0.75,9,21,0.685104158477249,-0.10735262578023608,0.6956865527282513,0.07712019848028988,9.020808639464958,0.5714285714285714,0.9529911316235667,-0.039856395613816376,0.10466241836547852
SLV,1d,19,0.4,0.75,10,30,0.6799702078878731,0.2947633032532082,0.640484311891305,0.08079954718613472,7.92683046126294,0.2857142857142857,0.6028261497904535,-0.027476082705805704,0.1038815975189209
SLV,1d,19,0.4,0.75,12,26,0.5967374927114493,-0.527630717395341,0.6310352833866497,0.08180421809706273,7.713969989150324,0.34285714285714286,0.6731248618304425,-0.027476082705805704,0.10046792030334473
SLV,1d,19,0.4,0.75,20,50,0.5396809006902202,-0.1605491908092379,0.5110542827950502,0.08385235443838981,6.0946921075489335,0.05714285714285714,0.048051292872758986,-0.018647296166762084,0.10006952285766602
SLV,1d,19,0.4,1.0,8,21,0.8804524138881121,1.247901287689345,0.8146817682904318,0.05928031050925713,13.74287282390689,0.6285714285714286,1.0800218289184524,-0.0833962899835694,0.10863733291625977
SLV,1d,19,0.4,1.0,9,21,0.8229872358005528,-0.18864559540939108,0.8166617959625591,0.07302409637929046,11.183456372000562,0.5714285714285714,0.9628619006621859,-0.05755908651876218,0.1187751293182373
SLV,1d,19,0.4,1.0,10,30,0.8077118174970472,0.25013288126224675,0.7622976951034564,0.07187736873263939,10.605531456486084,0.2857142857142857,0.6065702537916716,-0.027476082705805704,0.107666015625
SLV,1d,19,0.4,1.0,12,26,0.7288832905180137,-0.6197522761092897,0.7473433018463664,0.07474451691421903,9.998637126841816,0.34285714285714286,0.6728197604747964,-0.027476082705805704,0.10729503631591797
SLV,1d,19,0.4,1.0,20,50,0.6477383538484243,-0.22939396627701136,0.6108531922558094,0.08305935468538857,7.354417748242727,0.05714285714285714,0.048051292872758986,-0.018647296166762084,0.0998537540435791
SLV,1d,19,0.55,0.0,8,21,0.27889580607836745,0.4286888502911894,0.08709383282615414,0.3071023262794808,0.28359874013749325,0.2571428571428571,0.3278050825272453,-0.07915866531717575,0.10992622375488281
SLV,1d,19,0.55,0.0,9,21,0.08482158173632957,-0.02214070616144659,0.12282401549332804,0.3645221181330598,0.33694530285949387,0.22857142857142856,0.4075679735871527,-0.05527865743075,0.11166501045227051
SLV,1d,19,0.55,0.0,10,30,0.15948165308309192,0.12758067952120467,-0.0022259585314207673,0.412904449555344,-0.005390977340684746,0.14285714285714285,0.3131381502237126,-0.027476082705805704,0.10719466209411621
SLV,1d,19,0.55,0.0,12,26,-0.22045031813106894,-0.468717205015021,0.026113444955903432,0.3686670739146974,0.07083205093044352,0.17142857142857143,0.3221907025272959,-0.027476082705805704,0.11254024505615234
SLV,1d,19,0.55,0.0,20,50,0.01305742467600081,-0.17956820876338142,0.016979407932462883,0.23564954041477146,0.0720536433153109,0.05714285714285714,0.048051292872758986,-0.018647296166762084,0.1465163230895996
SLV,1d,19,0.55,0.25,8,21,0.40029383421605147,0.6678221600585661,0.34843065765649744,0.1069854715948711,3.256803493617551,0.8571428571428571,1.5536169308925663,-0.07449040095641812,0.1380922794342041
SLV,1d,19,0.55,0.25,9,21,0.32207162771414705,0.03294190882760195,0.3583208082336543,0.11265573605508339,3.1806707832298233,0.7714285714285715,1.3930329871897678,-0.04315382703129744,0.10330319404602051
SLV,1d,19,0.55,0.25,10,30,0.342406121628464,0.24588215716888762,0.3033215100674941,0.1478160285223435,2.052020427687548,0.5714285714285714,1.1469000965245324,-0.027476082705805704,0.1022176742553711
SLV,1d,19,0.55,0.25,12,26,0.19109479219933104,-0.5221503697557242,0.30633350719176644,0.13254073275827172,2.3112404829574817,0.6,1.1705893599673651,-0.027476082705805704,0.10173726081848145
SLV,1d,19,0.55,0.25,20,50,0.2194716341190971,-0.16007409501320968,0.23637259121105542,0.10438580502791579,2.2644131656391644,0.05714285714285714,0.048051292872758986,-0.018647296166762084,0.09837102890014648
SLV,1d,19,0.55,0.5,8,21,0.6101018397170568,0.8445147000334963,0.5649971144609737,0.07111401005986785,7.944948034646432,0.8857142857142857,1.6026196959974035,-0.08087708363193913,0.11558270454406738
SLV,1d,19,0.55,0.5,9,21,0.5550674587763308,0.03062760192297387,0.5615094791142992,0.07370302737491781,7.618540229805931,0.7714285714285715,1.4181132489711887,-0.04315382703129744,0.11057066917419434
SLV,1d,19,0.55,0.5,10,30,0.5553964005300775,0.30591692630618983,0.5141027518526976,0.09184748343087253,5.597352618154513,0.5714285714285714,1.153195202554512,-0.027476082705805704,0.10697388648986816
SLV,1d,19,0.55,0.5,12,26,0.45688100996966996,-0.5959896096400751,0.5084499929937109,0.09374836818427677,5.423560994622056,0.6,1.1721756954577407,-0.027476082705805704,0.11089777946472168
SLV,1d,19,0.55,0.5,20,50,0.4031325512889207,-0.1835637545636124,0.40487713058897146,0.0849563320167191,4.765708699726974,0.05714285714285714,0.048051292872758986,-0.018647296166762084,0.10805273056030273
SLV,1d,19,0.55,0.75,8,21,0.7873534359116748,0.9616642701224409,0.7385880023455333,0.05826750979231466,12.675812043077071,0.8857142857142857,1.629652341011188,-0.08726376630746013,0.11107969284057617
SLV,1d,19,0.55,0.75,9,21,0.7399371408831967,-0.013995698649145183,0.7273149685563742,0.06517574806215537,11.15928838841657,0.7714285714285715,1.4313824388151948,-0.04315382703129744,0.11643743515014648
SLV,1d,19,0.55,0.75,10,30,0.728649126872944,0.3171712921175833,0.6789458022180603,0.07152114199259522,9.492938497659244,0.5714285714285714,1.1590856643419118,-0.027476082705805704,0.1146707534790039
SLV,1d,19,0.55,0.75,12,26,0.6503568585953884,-0.6747367974693865,0.6669991276152484,0.08376515511434887,7.962727779883168,0.6,1.1732706051635395,-0.027476082705805704,0.11424994468688965
SLV,1d,19,0.55,0.75,20,50,0.544770250973737,-0.2358724680539619,0.5347803345725846,0.08212925510902452,6.511447520894681,0.05714285714285714,0.048051292872758986,-0.018647296166762084,0.0987710952758789
SLV,1d,19,0.55,1.0,8,21,0.9310204657253166,1.0237648134129382,0.877388114480433,0.053150439893786164,16.50763599010229,0.8857142857142857,1.6490066581710263,-0.09365044898298092,0.1298809051513672
SLV,1d,19,0.55,1.0,9,21,0.8873998687059653,-0.08787061423700959,0.8605410980163338,0.0647256804865126,13.295203566004247,0.7714285714285715,1.4410137085134753,-0.0435251480462715,0.11072516441345215
SLV,1d,19,0.55,1.0,10,30,0.8677277396923565,0.28899803388870304,0.8099293972007648,0.06321655150178955,12.811983222112916,0.5714285714285714,1.1639520094842277,-0.027476082705805704,0.11226749420166016
SLV,1d,19,0.55,1.0,12,26,0.8009638666934122,-0.7489685611045576,0.7930549463423036,0.0812905296336896,9.75580980854668,0.6,1.1740729433667034,-0.027476082705805704,0.11710143089294434
SLV,1d,19,0.55,1.0,20,50,0.6568062898657945,-0.30594140090972655,0.6376085424497077,0.0825863769504505,7.720505075943152,0.05714285714285714,0.048051292872758986,-0.018647296166762084,0.10181403160095215
SLV,1d,19,0.7,0.0,8,21,0.15155387602225248,0.10867383734568503,0.13611539836155528,0.26752368310532043,0.5087975643187018,0.22857142857142856,0.0944320755466775,-0.11194793609124942,0.10643577575683594
SLV,1d,19,0.7,0.0,9,21,0.023350451652544745,-0.12845768194771134,0.09925621688342558,0.30688050354825824,0.3234360467210884,0.2,0.18145444100487954,-0.09935162508326245,0.10950970649719238
SLV,1d,19,0.7,0.0,10,30,0.005527923169172187,-0.15990026010486036,-0.033523690465968245,0.37256433219785523,-0.08998094441355445,0.11428571428571428,0.22955243640364031,-0.034144799874255116,0.1024484634399414
SLV,1d,19,0.7,0.0,12,26,-0.13205110319671204,-0.3692454998534962,0.0307467907034234,0.3393120119375984,0.09061509649436733,0.14285714285714285,0.23860498870722366,-0.034144799874255116,0.10286641120910645
SLV,1d,19,0.7,0.0,20,50,0.07937417375066026,-0.03675765030222278,0.011684127334326362,0.24172744157725554,0.04833595746551656,0.05714285714285714,0.048051292872758986,-0.018647296166762084,0.1026003360748291
SLV,1d,19,0.7,0.25,8,21,0.38471005742843234,0.21903264311763082,0.3812034430884085,0.08649899748537761,4.4070272970834115,0.8571428571428571,1.4617929219443897,-0.0766558340381589,0.10849118232727051
SLV,1d,19,0.7,0.25,9,21,0.3340904096794418,-0.11342119026865094,0.3680336522025419,0.08857891653158464,4.154867395237465,0.7714285714285715,1.3954237549507533,-0.07901807666820115,0.1267409324645996
SLV,1d,19,0.7,0.25,10,30,0.30368457274633776,-0.14314644677355715,0.3069122731007206,0.12403991821808141,2.4743024464198795,0.5428571428571428,1.0957990236478616,-0.06551240734813868,0.11897993087768555
SLV,1d,19,0.7,0.25,12,26,0.25764494237395696,-0.39979520993668094,0.31777479548298937,0.09975777897990921,3.185463817783953,0.5714285714285714,1.1194882870906944,-0.06551240734813868,0.10306501388549805
SLV,1d,19,0.7,0.25,20,50,0.27105298207608897,0.028981828109117203,0.2486825365864936,0.09703329556517193,2.562857781321745,0.05714285714285714,0.048051292872758986,-0.018647296166762084,0.09661483764648438
SLV,1d,19,0.7,0.5,8,21,0.6427238407067957,0.26833858119593357,0.6091681840712064,0.05597616949369535,10.882634334952442,0.8857142857142857,1.5378236306712532,-0.0917573632434725,0.1033024787902832
SLV,1d,19,0.7,0.5,9,21,0.6051854803917446,-0.15019380567414065,0.5944650931026392,0.05552120676739525,10.70699157518561,0.8,1.4539287366134286,-0.10993234421843545,0.10771465301513672
SLV,1d,19,0.7,0.5,10,30,0.5569499517151434,-0.1731373501294342,0.5428113519503845,0.07914656694587997,6.858305709223702,0.5714285714285714,1.112178908427334,-0.09688001482202202,0.10108423233032227
SLV,1d,19,0.7,0.5,12,26,0.5327196967735697,-0.45941315388462156,0.5340732624535748,0.0635426542205719,8.404956780679598,0.6,1.1311594013305626,-0.09688001482202202,0.10548949241638184
SLV,1d,19,0.7,0.5,20,50,0.45540405348404134,0.04533695421185335,0.4284024047674218,0.07519162420118242,5.697475075431141,0.05714285714285714,0.048051292872758986,-0.018647296166762084,0.10104846954345703
SLV,1d,19,0.7,0.75,8,21,0.8502424362649557,0.2663803028547571,0.7940620188696212,0.04467069231573337,17.775905805470277,0.8857142857142857,1.5878520095355233,-0.12330289317126997,0.11270427703857422
SLV,1d,19,0.7,0.75,9,21,0.8166779092858616,-0.22227534178084718,0.7765435156925585,0.04875752573154878,15.926639099122548,0.8,1.490928897452135,-0.14084661176867042,0.11646628379821777
SLV,1d,19,0.7,0.75,10,30,0.7533830985061967,-0.23429258607712244,0.7253646365768611,0.0659994719711591,10.990461209959921,0.5714285714285714,1.1248080786037034,-0.1282476222959057,0.11075472831726074
SLV,1d,19,0.7,0.75,12,26,0.7386912752439557,-0.5326809743584946,0.7042276878042436,0.05821149087414798,12.0977435421946,0.6,1.1389930194253315,-0.1282476222959057,0.1078791618347168
SLV,1d,19,0.7,0.75,20,50,0.6017294528678905,0.024547686145148795,0.5671149853034843,0.07157742027351176,7.923098976414958,0.05714285714285714,0.048051292872758986,-0.018647296166762084,0.10113525390625
SLV,1d,19,0.7,1.0,8,21,1.0162935668275197,0.22337875748347136,0.9422982694304812,0.03974983705703865,23.705714015338966,0.8857142857142857,1.6253282375859603,-0.1548484230990671,0.11430883407592773
SLV,1d,19,0.7,1.0,9,21,0.9845910514853988,-0.3155512197192608,0.922190380985044,0.049181981587414506,18.750573913862578,0.8,1.5183447953261322,-0.17176087931890438,0.11448812484741211
SLV,1d,19,0.7,1.0,10,30,0.909077997815139,-0.3139492594781431,0.8699241494396622,0.06250856521447244,13.916879174155977,0.5714285714285714,1.13483586045163,-0.15961522976978915,0.10751008987426758
SLV,1d,19,0.7,1.0,12,26,0.9003041104949404,-0.6091501254812293,0.8396134541036921,0.06023095259381634,13.939899967477714,0.6,1.1449567943341057,-0.15961522976978915,0.10885763168334961
SLV,1d,19,0.7,1.0,20,50,0.7184177327601751,-0.023074813400176364,0.6769124927549253,0.07186425442424975,9.419321165690812,0.05714285714285714,0.048051292872758986,-0.018647296166762084,0.10235214233398438
SLV,1d,19,0.85,0.0,8,21,0.15525169147890483,0.11424486012587431,0.01123236250392524,0.33066931493160473,0.03396856616783002,0.34285714285714286,-0.26915316389834937,-0.09956622008566307,0.11706662178039551
SLV,1d,19,0.85,0.0,9,21,-0.02914300562149704,-0.22774212477366718,-0.03996063424071751,0.34742553528915904,-0.11501927803740346,0.3142857142857143,-0.0005789321464012342,-0.09956622008566307,0.11558055877685547
SLV,1d,19,0.85,0.0,10,30,-0.08950959419412179,-0.3194176928496977,-0.08014248268528654,0.3196631814362184,-0.2507091443099998,0.3142857142857143,0.27488023209656404,-0.09956622008566307,0.11645817756652832
SLV,1d,19,0.85,0.0,12,26,-0.2366613562004752,-0.48158387427605487,-0.009681649392238945,0.3970072058127651,-0.024386583544292052,0.3142857142857143,0.24272399462458613,-0.09956622008566307,0.10816550254821777
SLV,1d,19,0.85,0.0,20,50,-0.015182750906902546,-0.1985309627707742,0.008050526976149806,0.2821916160486817,0.02852858312686719,0.11428571428571428,0.18393127577999793,-0.027476082705805704,0.1038665771484375
SLV,1d,19,0.85,0.25,8,21,0.4085971189148013,0.23545494258918653,0.375556925514467,0.0845312446799721,4.442817882740195,0.8857142857142857,1.3364934107556525,-0.07952974500316512,0.12144136428833008
SLV,1d,19,0.85,0.25,9,21,0.3478854033001722,-0.2214514497861032,0.3573421586098976,0.08293030851585875,4.308945245772999,0.8571428571428571,1.335050554894782,-0.0723344433114429,0.11048150062561035
SLV,1d,19,0.85,0.25,10,30,0.3024467638341079,-0.33967379347918625,0.3175004053668532,0.10125541240077994,3.1356388546436613,0.7428571428571429,1.31340857211832,-0.07901807666820115,0.12334728240966797
SLV,1d,19,0.85,0.25,12,26,0.2505444189504279,-0.5297744217761482,0.33387426859997776,0.10894002615589653,3.0647529689610447,0.7714285714285715,1.3068318720559422,-0.07901807666820115,0.11376595497131348
SLV,1d,19,0.85,0.25,20,50,0.25745807134895476,-0.1765463473430563,0.2752776868460144,0.09177138491612681,2.999602622294527,0.17142857142857143,0.29912720607824544,-0.027476082705805704,0.11655998229980469
SLV,1d,19,0.85,0.5,8,21,0.6891526856514667,0.29989956254907413,0.6559712987180301,0.04742324303808986,13.832274148589136,0.9428571428571428,1.4770340566215758,-0.11042683756722105,0.10773754119873047
SLV,1d,19,0.85,0.5,9,21,0.6505265083872899,-0.2557640947301728,0.6350159995715352,0.04425613653611696,14.348654204221045,0.9142857142857143,1.4479552991418105,-0.0917573632434725,0.1226358413696289
SLV,1d,19,0.85,0.5,10,30,0.5945413772560638,-0.39340726567217443,0.5836293015782319,0.06824370803838607,8.552133498519,0.7714285714285715,1.3669674067080109,-0.10993234421843545,0.11699914932250977
SLV,1d,19,0.85,0.5,12,26,0.5579738739523334,-0.5960448136326978,0.5726222201034628,0.06520271106557977,8.782184218191926,0.8,1.3644832886363436,-0.10993234421843545,0.11421871185302734
SLV,1d,19,0.85,0.5,20,50,0.4783592499246865,-0.19625579434132523,0.4737632006124549,0.06581928689347831,7.1979388257303905,0.17142857142857143,0.2989816243565045,-0.027476082705805704,0.1080467700958252
SLV,1d,19,0.85,0.75,8,21,0.9143371281036756,0.3162764529379374,0.8758176110848034,0.038576840465723634,22.70319706101868,0.9428571428571428,1.566605836877299,-0.14132393013127675,0.1169118881225586
SLV,1d,19,0.85,0.75,9,21,0.883967862248779,-0.31586377569929613,0.8502680427358665,0.038192303538936226,22.26281119359655,0.9142857142857143,1.5186640424355013,-0.12330289317126997,0.11790990829467773
SLV,1d,19,0.85,0.75,10,30,0.8163848843913544,-0.4647433558008056,0.7873424299744713,0.06174387925944443,12.751748665905833,0.7714285714285715,1.4048935119846069,-0.14084661176867042,0.12011957168579102
SLV,1d,19,0.85,0.75,12,26,0.7844542293817862,-0.6666765197438633,0.7594918421627491,0.06137692672400564,12.374224039889862,0.8,1.4039421761584219,-0.14084661176867042,0.1343975067138672
SLV,1d,19,0.85,0.75,20,50,0.6478237995237853,-0.24392316860495267,0.6277652327705349,0.06265901683782547,10.018753316786336,0.17142857142857143,0.29887612871505476,-0.027476082705805704,0.13528990745544434
SLV,1d,19,0.85,1.0,8,21,1.0943620396352927,0.29337997812444616,1.050512453964408,0.03982737621767209,26.376642242836912,0.9428571428571428,1.6334842661869864,-0.17222102269533224,0.13347601890563965
SLV,1d,19,0.85,1.0,9,21,1.0686678033904762,-0.39024608784583825,1.020762302635818,0.04268130010006611,23.91591400080704,0.9142857142857143,1.5714697472923367,-0.1548484230990671,0.10303759574890137
SLV,1d,19,0.85,1.0,10,30,0.9911513987823699,-0.5425048282205305,0.9481291204216241,0.06276562219802824,15.10586667061526,0.7714285714285715,1.4347103764805167,-0.17176087931890438,0.12198758125305176
SLV,1d,19,0.85,1.0,12,26,0.9613401070177439,-0.7336640089954054,0.9079518551669686,0.06772677128850497,13.406099802089223,0.8,1.4345711595718034,-0.17176087931890438,0.10222315788269043
SLV,1d,19,0.85,1.0,20,50,0.7816455004258075,-0.30880513831125067,0.7498393843684514,0.06409802394100426,11.698322947655962,0.17142857142857143,0.2987961847012371,-0.027476082705805704,0.09568500518798828
SLV,1d,19,1.0,0.0,8,21,-0.029757212339744148,-0.2297164777174513,0.05703532644107423,0.26865247663015945,0.21230150995254712,0.4,-0.09758917676078967,-0.09956622008566307,0.10452485084533691
SLV,1d,19,1.0,0.0,9,21,-0.11696327080943993,-0.3515504893977154,0.010506239795265581,0.2985244409538083,0.035193901583727434,0.34285714285714286,0.0447683268015583,-0.09956622008566307,0.10306382179260254
SLV,1d,19,1.0,0.0,10,30,-0.1760730944350404,-0.4236908656066567,-0.10993864050539512,0.3181453574567111,-0.3455610397217696,0.2857142857142857,0.20648507823548193,-0.09956622008566307,0.1139974594116211
SLV,1d,19,1.0,0.0,12,26,-0.11754637641705569,-0.35089798000654704,-0.0387215203192661,0.29939079095417487,-0.12933437329805134,0.2857142857142857,0.1575048003442348,-0.09956622008566307,0.11042070388793945
SLV,1d,19,1.0,0.0,20,50,-0.09722145415495934,-0.32222255497657126,0.007679559877188602,0.26492874156690616,0.02898726590315674,0.11428571428571428,0.18393127577999793,-0.027476082705805704,0.10354256629943848
SLV,1d,19,1.0,0.25,8,21,0.3739473387393061,-0.22112584700688875,0.4059433270180229,0.06453148052736242,6.290624726111718,0.9428571428571428,1.2510051976200578,-0.08633793749637364,0.11068892478942871
SLV,1d,19,1.0,0.25,9,21,0.33933923518288855,-0.3747196030626918,0.3851063131995009,0.06945741574108692,5.5444952722549194,0.9142857142857143,1.2235843455950863,-0.06219296262597229,0.10821080207824707
SLV,1d,19,1.0,0.25,10,30,0.29473000885839756,-0.4631954264073762,0.33179353970515996,0.06904849315012804,4.805224916114549,0.7428571428571429,1.2175393430929942,-0.08408561915305535,0.1116330623626709
SLV,1d,19,1.0,0.25,12,26,0.2904795325295987,-0.37577654037385133,0.3340747800140999,0.0725777630572677,4.6029908603065826,0.8,1.2265503166366918,-0.08408561915305535,0.11410355567932129
SLV,1d,19,1.0,0.25,20,50,0.2368335381847075,-0.3335407980808066,0.29900991185981496,0.08664488459684414,3.450981708280858,0.17142857142857143,0.29912720607824544,-0.027476082705805704,0.10929083824157715
SLV,1d,19,1.0,0.5,8,21,0.6964438441157885,-0.25276501910209204,0.7037085172040162,0.03560842656608704,19.762415390581122,0.9428571428571428,1.3892477477564578,-0.12358616627720898,0.10764813423156738
SLV,1d,19,1.0,0.5,9,21,0.6672646338691425,-0.4285034054478818,0.6810272723254379,0.037643771552370316,18.09136662563121,0.9142857142857143,1.3431055347015086,-0.095586622160167,0.12205910682678223
SLV,1d,19,1.0,0.5,10,30,0.6129760215114175,-0.5265332218737203,0.6222322825450146,0.05040759071690856,12.344019495783895,0.7714285714285715,1.2736178438295116,-0.11972722845188599,0.1204831600189209
SLV,1d,19,1.0,0.5,12,26,0.5837521920858026,-0.4308755733945774,0.5989678668052157,0.04641407239876648,12.904876384454775,0.8,1.2896143034104368,-0.11972722845188599,0.11575031280517578
SLV,1d,19,1.0,0.5,20,50,0.47947024665103183,-0.37793635898237676,0.5153868702504452,0.06453953021236805,7.985599965704102,0.17142857142857143,0.2989816243565045,-0.027476082705805704,0.10591006278991699
SLV,1d,19,1.0,0.75,8,21,0.9455714513762045,-0.3102327779917381,0.938856175661457,0.029607122915902558,31.71048326202541,0.9428571428571428,1.4909678262022728,-0.16037733878161364,0.11165809631347656
SLV,1d,19,1.0,0.75,9,21,0.9164675641508916,-0.4978999886575086,0.9128413902212588,0.03441118859601071,26.527458872114767,0.9142857142857143,1.4305062137856843,-0.12884728199046158,0.11434793472290039
SLV,1d,19,1.0,0.75,10,30,0.8512889795707903,-0.5988556387716228,0.8443161242460058,0.054766089787622825,15.416768433170517,0.7714285714285715,1.3169591170497028,-0.15502863701445835,0.1100015640258789
SLV,1d,19,1.0,0.75,12,26,0.8050389114848695,-0.5010658928745746,0.80404948079313,0.045239146038687214,17.77331252242317,0.8,1.3379240045582537,-0.15502863701445835,0.11162495613098145
SLV,1d,19,1.0,0.75,20,50,0.6614386840832004,-0.4408727870234461,0.6836528008397924,0.06121252107300697,11.168512403277969,0.17142857142857143,0.29887612871505476,-0.027476082705805704,0.10633206367492676
SLV,1d,19,1.0,1.0,8,21,1.1427586017148166,-0.3823305494214787,1.126041832782701,0.03106981620007221,36.24230750293541,0.9428571428571428,1.5706574516224783,-0.1967114550095893,0.12046074867248535
SLV,1d,19,1.0,1.0,9,21,1.1128467606766324,-0.5724669416049415,1.0969896675386746,0.03946223238943382,27.79846960286003,0.9142857142857143,1.4990836957699476,-0.1619749421168566,0.11602330207824707
SLV,1d,19,1.0,1.0,10,30,1.0383169454878496,-0.6708134465685196,1.0195773574721874,0.06269278878553325,16.263072312193284,0.7714285714285715,1.3518979095105583,-0.18998984484077253,0.11562561988830566
SLV,1d,19,1.0,1.0,12,26,0.9790053701680901,-0.5759693945023105,0.9664098579333746,0.04982256711454554,19.397030580771386,0.8,1.3765764943306438,-0.18998984484077253,0.12390518188476562
SLV,1d,19,1.0,1.0,20,50,0.8042165495578742,-0.51200723351728,0.8170556571615626,0.06198888666960444,13.180679651764043,0.17142857142857143,0.2987961847012371,-0.027476082705805704,0.10536026954650879
