ticker,timeframe,n_mu,x_zero,bear_alloc,fast_period,slow_period,in_sample_sharpe,in_sample_return,mc_sharpe_mean,mc_sharpe_std,mc_robust_sharpe,wf_pos_sharpe_frac,wf_mean_sharpe,wf_worst_return,runtime_s
SPY,1d,1,0.0,0.0,8,21,0.5895738224053615,0.776438465372191,0.7660007263198688,0.15730947815034832,4.869386990069121,0.4,0.2613038747954962,-0.08748213096749136,0.10788774490356445
SPY,1d,1,0.0,0.0,9,21,0.5983927409572133,0.7864703466402905,0.6427445505586972,0.1449096437227812,4.435484996349152,0.3142857142857143,0.12513309535799713,-0.09025210428549679,0.10859322547912598
SPY,1d,1,0.0,0.0,10,30,0.4631853524098727,0.5647306554418512,0.5311715842990742,0.25756020721689593,2.0623200689218475,0.17142857142857143,0.057895424716821506,-0.05426389587111469,0.12295961380004883
SPY,1d,1,0.0,0.0,12,26,0.5198288091636375,0.659951271575997,0.5069864676968916,0.22924146533561715,2.2115827385531954,0.2,0.11341966214217433,-0.05426389587111469,0.09772610664367676
SPY,1d,1,0.0,0.0,20,50,0.7510367485495627,1.1819716501258042,0.7182116278411909,0.20490605710621498,3.505077585231651,0.02857142857142857,-0.0690750319085914,-0.0048701934014824255,0.09360504150390625
SPY,1d,1,0.0,0.25,8,21,0.42638644934593944,0.9543492411803174,0.44297060104732455,0.03308328193454236,13.389560380489868,0.8285714285714286,1.354317392151336,-0.022287746774074635,0.11742830276489258
SPY,1d,1,0.0,0.25,9,21,0.4285307363207027,0.9679854014583287,0.42038268941377943,0.034934621826385105,12.033411768501717,0.8,1.2803870388081762,-0.015324186939538631,0.12041735649108887
SPY,1d,1,0.0,0.25,10,30,0.34141926810371365,0.3382907086510065,0.37474378315029455,0.057822192554045145,6.480968060836325,0.5142857142857142,0.9474221133646493,-0.01435668020324754,0.1157987117767334
SPY,1d,1,0.0,0.25,12,26,0.3474554907643492,0.4404482410410606,0.36105434480477994,0.05911588638668662,6.107568825798615,0.5428571428571428,0.9659854535320404,-0.01435668020324754,0.11273813247680664
SPY,1d,1,0.0,0.25,20,50,0.37850109823774863,1.0300783169356729,0.39638579067430313,0.07875000513696569,5.0334700294290835,0.17142857142857143,0.21631321828128805,-0.0048701934014824255,0.10797977447509766
SPY,1d,1,0.0,0.5,8,21,0.6335217943274949,1.0559016289749068,0.62170501133936,0.04199313380892542,14.804920589356438,0.8285714285714286,1.4495279538122257,-0.029567907803991544,0.11102747917175293
SPY,1d,1,0.0,0.5,9,21,0.6357333138085992,1.0729821792671257,0.6116579551733969,0.04473763082927381,13.672113248633678,0.8,1.3693212318497434,-0.02154240961562337,0.10724520683288574
SPY,1d,1,0.0,0.5,10,30,0.5282814084160677,0.14045922431897062,0.5381951238012491,0.04537598815381986,11.860791262039823,0.5142857142857142,0.9744835861775,-0.023843167005012655,0.10433602333068848
SPY,1d,1,0.0,0.5,12,26,0.5218047204788201,0.2455495381043553,0.522037037455152,0.05074766762956929,10.286916854302387,0.5428571428571428,1.0036738398955216,-0.023843167005012655,0.11806964874267578
SPY,1d,1,0.0,0.5,20,50,0.46542138715088277,0.8852486927517513,0.4722957393553033,0.06369328774118642,7.415157171261855,0.17142857142857143,0.21638372293992053,-0.0048701934014824255,0.10459232330322266
SPY,1d,1,0.0,0.75,8,21,0.8140719546741082,1.0949242488528288,0.7868350155655622,0.05010921374357171,15.702401949312202,0.8285714285714286,1.5150485891973904,-0.036848068833908454,0.11092162132263184
SPY,1d,1,0.0,0.75,9,21,0.8161614569615868,1.1151520781587165,0.7822833349064715,0.053431718622980344,14.64080428380645,0.8,1.4300964889772303,-0.02776063229170833,0.11914372444152832
SPY,1d,1,0.0,0.75,10,30,0.6915472900557724,-0.03169214128050868,0.6873931027453661,0.049969946949041166,13.756130328622572,0.5142857142857142,0.98896740900016,-0.03332965380677777,0.11188507080078125
SPY,1d,1,0.0,0.75,12,26,0.6776008419220694,0.07318240890378758,0.6685038434161975,0.053218172584376784,12.56157081223134,0.5428571428571428,1.0272322581533238,-0.03332965380677777,0.10865354537963867
SPY,1d,1,0.0,0.75,20,50,0.567519571868909,0.7474851280029782,0.5652028591068263,0.0621074023116604,9.100410548014692,0.17142857142857143,0.21643009566505042,-0.0048701934014824255,0.10897421836853027
SPY,1d,1,0.0,1.0,8,21,0.9615711440032649,1.0837070947270524,0.9235931937236341,0.05635724196752212,16.38819007956223,0.8285714285714286,1.5650587283183652,-0.04412822986382492,0.11185216903686523
SPY,1d,1,0.0,1.0,9,21,0.9635145567074186,1.1067038306536792,0.9224919634444081,0.060260914305566834,15.30829683012608,0.8,1.476458844178309,-0.03505351237444154,0.11482405662536621
SPY,1d,1,0.0,1.0,10,30,0.8252357450719203,-0.180904262251241,0.8107953361111908,0.056191681703864495,14.429098961375802,0.5142857142857142,0.9991377909480259,-0.042816140608542885,0.10519623756408691
SPY,1d,1,0.0,1.0,12,26,0.8058671664119059,-0.07865862131368617,0.7895779443083104,0.05662793414369087,13.943258857100304,0.5428571428571428,1.044536752418806,-0.042816140608542885,0.1100616455078125
SPY,1d,1,0.0,1.0,20,50,0.6565610805169771,0.6167514527630524,0.6467497429008235,0.0631633815244938,10.239314730957268,0.17142857142857143,0.2164627024293782,-0.0048701934014824255,0.10465002059936523
SPY,1d,1,0.1,0.0,8,21,0.5891746163084945,0.7750553842025529,0.7695816489740511,0.14109925809508647,5.454186360465707,0.4,0.2654328740249742,-0.08748213096749136,0.1186532974243164
SPY,1d,1,0.1,0.0,9,21,0.6117544198429747,0.8106966260188693,0.6607851710775929,0.13510838473100326,4.890778410186728,0.3142857142857143,0.1290717458484978,-0.09025210428549679,0.11150383949279785
SPY,1d,1,0.1,0.0,10,30,0.5214957647440902,0.6614582921485963,0.5437039971745475,0.24544285915955222,2.2151958261743854,0.17142857142857143,0.057895424716821506,-0.05426389587111469,0.10279631614685059
SPY,1d,1,0.1,0.0,12,26,0.5343353593358652,0.6854337132952184,0.5331427284824708,0.22811008771752522,2.3372167965788324,0.2,0.11341966214217433,-0.05426389587111469,0.1141366958618164
SPY,1d,1,0.1,0.0,20,50,0.71654512049223,1.0968103187528477,0.7040094305916605,0.21282391241175788,3.3079432786180005,0.02857142857142857,-0.0690750319085914,-0.0048701934014824255,0.10737848281860352
SPY,1d,1,0.1,0.25,8,21,0.42858443482958924,0.9526417397886875,0.4455108006252739,0.03899280643127988,11.425461294006446,0.8285714285714286,1.354535113312652,-0.022287746774074635,0.1215219497680664
SPY,1d,1,0.1,0.25,9,21,0.43065894291203405,1.0013590556989747,0.4253921349308656,0.03643903154825697,11.674079053596962,0.8,1.2835882635938236,-0.015324186939538631,0.10927700996398926
SPY,1d,1,0.1,0.25,10,30,0.35432763048317234,0.4434635169004404,0.37681919940340425,0.053529363013369996,7.039485960430471,0.5142857142857142,0.9474221133646493,-0.01435668020324754,0.10400676727294922
SPY,1d,1,0.1,0.25,12,26,0.3508346751959377,0.4684521090502767,0.3676892845307059,0.056897446118331835,6.462316142731752,0.5428571428571428,0.9659854535320404,-0.01435668020324754,0.11845207214355469
SPY,1d,1,0.1,0.25,20,50,0.3676534594147061,0.9303451474213524,0.39243402576216324,0.07699743176100303,5.0967157837194215,0.17142857142857143,0.21631321828128805,-0.0048701934014824255,0.10912060737609863
SPY,1d,1,0.1,0.5,8,21,0.6391969418782694,1.0540010094112224,0.6251022622583883,0.04395777547308919,14.220516291618848,0.8285714285714286,1.4496574032178735,-0.029567907803991544,0.10798239707946777
SPY,1d,1,0.1,0.5,9,21,0.6368948119379438,1.1152072475923043,0.6153557649029542,0.04414111446654289,13.940648584425027,0.8,1.3711966933026798,-0.02154240961562337,0.10914897918701172
SPY,1d,1,0.1,0.5,10,30,0.5367474690517172,0.24989825060814042,0.5391987073008415,0.04371856285417178,12.333404213203439,0.5142857142857142,0.9744835861775,-0.023843167005012655,0.1086580753326416
SPY,1d,1,0.1,0.5,12,26,0.5240457632457988,0.2749630701887331,0.526906470877808,0.048775525615735484,10.802681554452025,0.5428571428571428,1.0036738398955216,-0.023843167005012655,0.10693883895874023
SPY,1d,1,0.1,0.5,20,50,0.4578734694542143,0.7733274884462271,0.47132247218054724,0.06266384679450751,7.521441729010781,0.17142857142857143,0.21638372293992053,-0.0048701934014824255,0.10332036018371582
SPY,1d,1,0.1,0.75,8,21,0.82233566490319,1.0929791307201695,0.7911070092779224,0.050388098508940625,15.70027511829112,0.8285714285714286,1.5151452240917949,-0.036848068833908454,0.10662674903869629
SPY,1d,1,0.1,0.75,9,21,0.8170768006989935,1.1654900264580084,0.7856919629023201,0.05261373766590531,14.933209419399665,0.8,1.431489143296985,-0.02776063229170833,0.11450481414794922
SPY,1d,1,0.1,0.75,10,30,0.6983800711431196,0.07867482177987672,0.6881191084712674,0.049569156352189246,13.882001613708649,0.5142857142857142,0.98896740900016,-0.03332965380677777,0.11769676208496094
SPY,1d,1,0.1,0.75,12,26,0.6794314724244047,0.10308713047916496,0.6729329078907254,0.051572694186958076,13.048240323673056,0.5428571428571428,1.0272322581533238,-0.03332965380677777,0.10800552368164062
SPY,1d,1,0.1,0.75,20,50,0.5614095448539422,0.6256014590962664,0.5658479529775937,0.062393210653184025,9.069062916522915,0.17142857142857143,0.21643009566505042,-0.0048701934014824255,0.0974884033203125
SPY,1d,1,0.1,1.0,8,21,0.9718512105522216,1.0818666051816668,0.9285919023787794,0.05559044067136972,16.704165161565708,0.8285714285714286,1.5651367922165171,-0.04412822986382492,0.10747313499450684
SPY,1d,1,0.1,1.0,9,21,0.9643288465553439,1.1641149220010267,0.9258189997573651,0.059502416132359494,15.55935136647119,0.8,1.4775845937814427,-0.03505351237444154,0.1121211051940918
SPY,1d,1,0.1,1.0,10,30,0.8311356600222478,-0.0722185446475635,0.8114073129405165,0.05631402924905269,14.408617599568512,0.5142857142857142,0.9991377909480259,-0.042816140608542885,0.10857915878295898
SPY,1d,1,0.1,1.0,12,26,0.807464438989048,-0.049004291921188714,0.7938461981451542,0.05520109510613669,14.38098640287487,0.5428571428571428,1.044536752418806,-0.042816140608542885,0.11359930038452148
SPY,1d,1,0.1,1.0,20,50,0.6513369457704957,0.4869703712105007,0.6485149566453386,0.06463519499677416,10.033464843383006,0.17142857142857143,0.2164627024293782,-0.0048701934014824255,0.10601234436035156
SPY,1d,1,0.25,0.0,8,21,0.5907501403072087,0.7817091200067237,0.7537198321478535,0.16022427451582902,4.70415506280474,0.4,0.2654328740249742,-0.08748213096749136,0.11626577377319336
SPY,1d,1,0.25,0.0,9,21,0.7131692193895104,1.007145323668329,0.6919638955500811,0.16263380094607127,4.254736048255636,0.3142857142857143,0.1290717458484978,-0.09025210428549679,0.1069023609161377
SPY,1d,1,0.25,0.0,10,30,0.5635603032729788,0.7337966739100241,0.5965104842506822,0.22774270397318555,2.619229831928734,0.17142857142857143,0.057895424716821506,-0.05426389587111469,0.14781475067138672
SPY,1d,1,0.25,0.0,12,26,0.5583047233772878,0.7247115135651052,0.5652090408017383,0.18226686572651482,3.1009972029135295,0.2,0.11341966214217433,-0.05426389587111469,0.12391829490661621
SPY,1d,1,0.25,0.0,20,50,0.6617556279425969,0.977872413390712,0.6917255456108969,0.2224663539707275,3.10934904656151,0.02857142857142857,-0.0690750319085914,-0.0048701934014824255,0.10327959060668945
SPY,1d,1,0.25,0.25,8,21,0.4287857534261083,0.9625090843539432,0.4521511893205997,0.04526056971505894,9.989957973731858,0.8285714285714286,1.354535113312652,-0.022287746774074635,0.11464428901672363
SPY,1d,1,0.25,0.25,9,21,0.4520181889924579,1.275433382790618,0.42943918896832434,0.03085129916278603,13.919646842176736,0.8,1.2835882635938236,-0.015324186939538631,0.11200475692749023
SPY,1d,1,0.25,0.25,10,30,0.4012399852318924,0.8977517181240191,0.3872840831388079,0.05398380639057406,7.1740788401766045,0.5142857142857142,0.9474221133646493,-0.01435668020324754,0.11807632446289062
SPY,1d,1,0.25,0.25,12,26,0.3617249829531269,0.5076697048774323,0.374223578738335,0.049736577951233145,7.524111914278909,0.5428571428571428,0.9659854535320404,-0.01435668020324754,0.10844945907592773
SPY,1d,1,0.25,0.25,20,50,0.3543954713285588,0.7953138800935649,0.3884146663902157,0.07778139064294039,4.9936708919650705,0.17142857142857143,0.21631321828128805,-0.0048701934014824255,0.09877753257751465
SPY,1d,1,0.25,0.5,8,21,0.6391720130083204,1.067372135117338,0.6388357943618672,0.0468362379222193,13.63977600896935,0.8285714285714286,1.4496574032178735,-0.029567907803991544,0.1156625747680664
SPY,1d,1,0.25,0.5,9,21,0.654566160334872,1.466376341314823,0.618258153521333,0.04057049370476979,15.239108452077959,0.8,1.3711966933026798,-0.02154240961562337,0.11601567268371582
SPY,1d,1,0.25,0.5,10,30,0.5812616360326653,0.9879767274058779,0.5457722948627215,0.0459047343392715,11.889237629152626,0.5142857142857142,0.9744835861775,-0.023843167005012655,0.10786795616149902
SPY,1d,1,0.25,0.5,12,26,0.5412877509720314,0.3135731591869011,0.5335978493114776,0.04859044979482436,10.981537556549107,0.5428571428571428,1.0036738398955216,-0.023843167005012655,0.10777926445007324
SPY,1d,1,0.25,0.5,20,50,0.45623660648181086,0.6264428247278979,0.46955948483424165,0.06076816435131172,7.727063830982841,0.17142857142857143,0.21638372293992053,-0.0048701934014824255,0.11082792282104492
SPY,1d,1,0.25,0.75,8,21,0.8224472057336342,1.1099749316685772,0.8096545639403219,0.05455065720434567,14.842251320774599,0.8285714285714286,1.5151452240917949,-0.036848068833908454,0.1112217903137207
SPY,1d,1,0.25,0.75,9,21,0.8346599700637778,1.5894322864995765,0.7888829350835218,0.051889740912359796,15.203061746172933,0.8,1.431489143296985,-0.02776063229170833,0.11686873435974121
SPY,1d,1,0.25,0.75,10,30,0.7415899334282411,1.018362184721822,0.6932870809832086,0.051738801072580984,13.399751571565051,0.5142857142857142,0.98896740900016,-0.03332965380677777,0.13738608360290527
SPY,1d,1,0.25,0.75,12,26,0.7018548213898143,0.14063338005365744,0.6805152180243973,0.05352972055819459,12.71284831917959,0.5428571428571428,1.0272322581533238,-0.03332965380677777,0.11016201972961426
SPY,1d,1,0.25,0.75,20,50,0.5659762290091841,0.47056863453964226,0.5652859015037512,0.05904580919054426,9.573683708517581,0.17142857142857143,0.21643009566505042,-0.0048701934014824255,0.1165931224822998
SPY,1d,1,0.25,1.0,8,21,0.9721066999083673,1.1024518094368347,0.9507710537637883,0.061529560759491723,15.45226460302855,0.8285714285714286,1.5651367922165171,-0.04412822986382492,0.10608625411987305
SPY,1d,1,0.25,1.0,9,21,0.9824120165241349,1.6537371770740488,0.9294979405810258,0.06095135637285807,15.249831929826186,0.8,1.4775845937814427,-0.03505351237444154,0.11052989959716797
SPY,1d,1,0.25,1.0,10,30,0.8732211138379822,1.0011250888943586,0.8157927979470078,0.058258601158176375,14.002958906137662,0.5142857142857142,0.9991377909480259,-0.042816140608542885,0.11520099639892578
SPY,1d,1,0.25,1.0,12,26,0.834013262849498,-0.012892475509986068,0.8022709011218035,0.058044270489735546,13.821707023842704,0.5428571428571428,1.044536752418806,-0.042816140608542885,0.11076903343200684
SPY,1d,1,0.25,1.0,20,50,0.6601746871166552,0.32699966147955384,0.6487742333823467,0.06038951966501449,10.743159359126375,0.17142857142857143,0.2164627024293782,-0.0048701934014824255,0.09827446937561035
SPY,1d,1,0.4,0.0,8,21,0.6270979124914752,0.8498288818027269,0.7397887724701814,0.16298825647400958,4.538908437174119,0.4,0.2654328740249742,-0.08748213096749136,0.1089925765991211
SPY,1d,1,0.4,0.0,9,21,0.6909671284267594,0.9594052121969725,0.6999249797156425,0.13483550689713103,5.190954488342827,0.3142857142857143,0.1290717458484978,-0.09025210428549679,0.10689687728881836
SPY,1d,1,0.4,0.0,10,30,0.5809391699570565,0.7658361024439515,0.6139301890813709,0.20762864617015944,2.956866503758986,0.17142857142857143,0.057895424716821506,-0.05426389587111469,0.11472439765930176
SPY,1d,1,0.4,0.0,12,26,0.5643913695806325,0.7358398035423475,0.5742194670628847,0.16348488410950712,3.512370395529994,0.2,0.11341966214217433,-0.05426389587111469,0.10257768630981445
SPY,1d,1,0.4,0.0,20,50,0.6484485200673588,0.9395543822227259,0.6713321887404304,0.22204591371909255,3.0233935743115015,0.02857142857142857,-0.0690750319085914,-0.0048701934014824255,0.09552717208862305
SPY,1d,1,0.4,0.25,8,21,0.440990736721224,1.0567461398126512,0.4518751497820608,0.04361109796164628,10.36147152679948,0.8285714285714286,1.354535113312652,-0.022287746774074635,0.10816121101379395
SPY,1d,1,0.4,0.25,9,21,0.44722092925406076,1.2092986735334583,0.4295090991864815,0.03171824910979206,13.541387410753496,0.8,1.2835882635938236,-0.015324186939538631,0.11170411109924316
SPY,1d,1,0.4,0.25,10,30,0.40763463838977726,0.9420070986845659,0.3900632265396025,0.04962290287284515,7.860548334689516,0.5142857142857142,0.9474221133646493,-0.01435668020324754,0.11439633369445801
SPY,1d,1,0.4,0.25,12,26,0.363057439332735,0.5202233861975627,0.37559419157431945,0.04406662280621503,8.523325992690928,0.5428571428571428,0.9659854535320404,-0.01435668020324754,0.10212182998657227
SPY,1d,1,0.4,0.25,20,50,0.34920418457214586,0.7526184464699845,0.38128312999379654,0.07587497829723619,5.025149773356642,0.17142857142857143,0.21631321828128805,-0.0048701934014824255,0.09936070442199707
SPY,1d,1,0.4,0.5,8,21,0.6557899055485713,1.1870849750646544,0.6436978734679377,0.04651354011690629,13.838935326145444,0.8285714285714286,1.4496574032178735,-0.029567907803991544,0.11085128784179688
SPY,1d,1,0.4,0.5,9,21,0.6513753197164102,1.3838920855297778,0.6180726498908293,0.04271505615687003,14.469667267227091,0.8,1.3711966933026798,-0.02154240961562337,0.12816739082336426
SPY,1d,1,0.4,0.5,10,30,0.5902047811235097,1.044132088148566,0.5473418791443001,0.044738634467322784,12.234210669618896,0.5142857142857142,0.9744835861775,-0.023843167005012655,0.09998798370361328
SPY,1d,1,0.4,0.5,12,26,0.5421879952550862,0.32711886905710386,0.534747969649036,0.04644072778810487,11.51463370877672,0.5428571428571428,1.0036738398955216,-0.023843167005012655,0.10312604904174805
SPY,1d,1,0.4,0.5,20,50,0.4526822946590715,0.5811745536010453,0.46532253633056253,0.06097274824268369,7.631647740044226,0.17142857142857143,0.21638372293992053,-0.0048701934014824255,0.10306644439697266
SPY,1d,1,0.4,0.75,8,21,0.843151535990504,1.253239571806616,0.8179402318309764,0.05473023537906361,14.944942702436641,0.8285714285714286,1.5151452240917949,-0.036848068833908454,0.12497925758361816
SPY,1d,1,0.4,0.75,9,21,0.8322166848384113,1.4927497499000721,0.7886798287340224,0.05380995535694321,14.656764227035499,0.8,1.431489143296985,-0.02776063229170833,0.11904597282409668
SPY,1d,1,0.4,0.75,10,30,0.7528733640307589,1.085493503680858,0.6944917707259209,0.05161282496597157,13.45579846063068,0.5142857142857142,0.98896740900016,-0.03332965380677777,0.10793018341064453
SPY,1d,1,0.4,0.75,12,26,0.7026428061229179,0.15479152787457773,0.681862640439292,0.05295441498525857,12.87640776749415,0.5428571428571428,1.0272322581533238,-0.03332965380677777,0.10747671127319336
SPY,1d,1,0.4,0.75,20,50,0.5631318665557046,0.4241914399261957,0.5625416323223129,0.060645968340263035,9.275829007562237,0.17142857142857143,0.21643009566505042,-0.0048701934014824255,0.10107278823852539
SPY,1d,1,0.4,1.0,8,21,0.9961601830840057,1.2664475727838624,0.9616292569344616,0.0619218015143152,15.529736432363814,0.8285714285714286,1.5651367922165171,-0.04412822986382492,0.12475752830505371
SPY,1d,1,0.4,1.0,9,21,0.9804371731049248,1.5450536665510604,0.9293138045700632,0.0626336055715836,14.837303330844584,0.8,1.4775845937814427,-0.03505351237444154,0.1244804859161377
SPY,1d,1,0.4,1.0,10,30,0.8864183548860085,1.0778800618731479,0.8168199176655792,0.05849974974470464,13.96279336630012,0.5142857142857142,0.9991377909480259,-0.042816140608542885,0.11473727226257324
SPY,1d,1,0.4,1.0,12,26,0.8347488087900383,0.001550486690058639,0.8038429150164917,0.058427731944751704,13.757900371292733,0.5428571428571428,1.044536752418806,-0.042816140608542885,0.10766220092773438
SPY,1d,1,0.4,1.0,20,50,0.657763763705068,0.28068280931266587,0.6470353155679496,0.06279734712473932,10.303545375614233,0.17142857142857143,0.2164627024293782,-0.0048701934014824255,0.11981201171875
SPY,1d,1,0.55,0.0,8,21,0.5740431791812598,0.7454315969676024,0.7448558083548172,0.18679046991331022,3.9876542347182173,0.4,0.3304189983085565,-0.0648020486535279,0.11239290237426758
SPY,1d,1,0.55,0.0,9,21,0.7444500295537457,1.0709305520856538,0.71035031915662,0.12010113503725338,5.914601214520421,0.34285714285714286,0.21662081733935992,-0.0648020486535279,0.10419940948486328
SPY,1d,1,0.55,0.0,10,30,0.6214728337811803,0.8389279825261453,0.6308222935247173,0.1957164125128475,3.2231445765096884,0.17142857142857143,0.07558504060210144,-0.03496982630489276,0.11034393310546875
SPY,1d,1,0.55,0.0,12,26,0.5707850647004954,0.740973273707572,0.5931977527099557,0.16069492193192048,3.691453006593874,0.2,0.09375534810055511,-0.04748036932433042,0.10738110542297363
SPY,1d,1,0.55,0.0,20,50,0.6388857401652318,0.9190011312932977,0.664313074204055,0.24094622980640126,2.7571009296880318,0.02857142857142857,-0.0690750319085914,-0.0048701934014824255,0.10228133201599121
SPY,1d,1,0.55,0.25,8,21,0.4323542458003357,0.9122974425953243,0.4554817328950401,0.04687007177456547,9.717965338005136,0.8285714285714286,1.3118011230416176,-0.015857938375564262,0.11693453788757324
SPY,1d,1,0.55,0.25,9,21,0.4575287970366967,1.3684072371339009,0.43428197337087415,0.03170408500700265,13.697981609466162,0.8,1.302087812856241,-0.013288612102816288,0.10777068138122559
SPY,1d,1,0.55,0.25,10,30,0.41593078151196944,1.045567795505307,0.3939237796599614,0.045837811894062955,8.593860906152537,0.5142857142857142,0.8871550371208099,-0.013366459782315765,0.10596299171447754
SPY,1d,1,0.55,0.25,12,26,0.36669692859805314,0.5244268121957607,0.3799549437937591,0.04023156816335542,9.444199198276287,0.5428571428571428,0.9173001450386762,-0.013366459782315765,0.10501766204833984
SPY,1d,1,0.55,0.25,20,50,0.3460254337796859,0.7293289144299147,0.3795729287772806,0.07911236279748937,4.79789650258463,0.17142857142857143,0.2155021619854609,-0.0048701934014824255,0.09826779365539551
SPY,1d,1,0.55,0.5,8,21,0.654414109485957,1.0035402118254546,0.6501274156916341,0.04640527039574899,14.00977540152831,0.8285714285714286,1.4054799805452107,-0.021852652161894248,0.11116623878479004
SPY,1d,1,0.55,0.5,9,21,0.6578510248604983,1.5924658539076257,0.6228318218564313,0.04236006860647304,14.70327698575201,0.8,1.3824720411491815,-0.02170703080414982,0.1232757568359375
SPY,1d,1,0.55,0.5,10,30,0.5953146858016852,1.17891974163711,0.5496573898959128,0.04260398847063727,12.9015477101337,0.5142857142857142,0.9150876349284726,-0.021862726163149104,0.1191709041595459
SPY,1d,1,0.55,0.5,12,26,0.5496203894417583,0.3300738568822621,0.5381096271458552,0.04347688685020039,12.376912565058117,0.5428571428571428,0.9559018322531482,-0.021862726163149104,0.11480712890625
SPY,1d,1,0.55,0.5,20,50,0.4499949677310601,0.5558772619591557,0.4640660330326841,0.06187744094400441,7.4997612369367,0.17142857142857143,0.21570696822202592,-0.0048701934014824255,0.10196971893310547
SPY,1d,1,0.55,0.75,8,21,0.8457883537763852,1.0335153272802362,0.8265547647349736,0.05391739208414445,15.330021219220644,0.8285714285714286,1.475098856031823,-0.02784736594822479,0.11011123657226562
SPY,1d,1,0.55,0.75,9,21,0.8373186144682458,1.7503930131614296,0.7939616455874493,0.0537313662756719,14.776502081000192,0.8,1.4417175039824233,-0.030125449505483237,0.10932302474975586
SPY,1d,1,0.55,0.75,10,30,0.7568863524620516,1.2507820578179176,0.6963466868567376,0.05031020081996841,13.841063551874226,0.5142857142857142,0.9360812871745379,-0.030358992543982444,0.1065821647644043
SPY,1d,1,0.55,0.75,12,26,0.7128732513713607,0.15635568399759192,0.6851269869983678,0.050426899737727425,13.58653795021594,0.5428571428571428,0.9828170790325164,-0.030358992543982444,0.1061851978302002
SPY,1d,1,0.55,0.75,20,50,0.5608798746626168,0.39751685033679873,0.5615689985458971,0.060959980331762746,9.212092843364909,0.17142857142857143,0.21584948727428738,-0.0048701934014824255,0.10144758224487305
SPY,1d,1,0.55,1.0,8,21,1.0016233885221304,1.0148346620726616,0.9719507233831399,0.061055639653358154,15.919098201269621,0.8285714285714286,1.529483990746193,-0.033842079734554664,0.10682415962219238
SPY,1d,1,0.55,1.0,9,21,0.9847748670064658,1.8495025893885306,0.9351083106183289,0.06281961564429561,14.88561018763957,0.8,1.4879733255302943,-0.03854386820681699,0.10572147369384766
SPY,1d,1,0.55,1.0,10,30,0.8898381328937334,1.2717688962907343,0.8184488018244866,0.057588321555413005,14.212062093821464,0.5142857142857142,0.9526610456885777,-0.03885525892481567,0.10471034049987793
SPY,1d,1,0.55,1.0,12,26,0.8471457682249647,0.0017112186646541794,0.8071576835298713,0.05610927118950624,14.3854601283937,0.5428571428571428,1.0033675394210004,-0.03885525892481567,0.10005593299865723
SPY,1d,1,0.55,1.0,20,50,0.6558458338670188,0.25317238822652643,0.6462564282632712,0.06291402986999277,10.272055845074822,0.17142857142857143,0.21595432155158112,-0.0048701934014824255,0.09996724128723145
SPY,1d,1,0.7,0.0,8,21,0.6205386226193248,0.818808058934476,0.7431030396984186,0.2111469490714313,3.519364324070938,0.37142857142857144,0.3086553896029475,-0.0648020486535279,0.108917236328125
SPY,1d,1,0.7,0.0,9,21,0.7528056725694526,1.0799746245157156,0.7255433299278178,0.13349235446579255,5.435092764909907,0.3142857142857143,0.1691848707130243,-0.0648020486535279,0.11958551406860352
SPY,1d,1,0.7,0.0,10,30,0.6360477657412351,0.8669069846688389,0.6793724659967302,0.1933167986914969,3.5142960704667026,0.17142857142857143,0.07558504060210144,-0.03496982630489276,0.10497879981994629
SPY,1d,1,0.7,0.0,12,26,0.654376161853528,0.8951918571410755,0.639354874516767,0.15626826900346144,4.091392824621388,0.2,0.09375534810055511,-0.04748036932433042,0.1040658950805664
SPY,1d,1,0.7,0.0,20,50,0.6348904779912231,0.9087740995197391,0.6431781971558739,0.26866641136701225,2.393965787845579,0.02857142857142857,-0.0690750319085914,-0.0048701934014824255,0.0981142520904541
SPY,1d,1,0.7,0.25,8,21,0.44489990345472835,1.011992386049854,0.45577098276055733,0.04142487553310608,11.002350083015038,0.8285714285714286,1.3107767992432953,-0.017255701355001207,0.10921740531921387
SPY,1d,1,0.7,0.25,9,21,0.46031507613756545,1.3813620872680183,0.43497339236869337,0.02951225585293015,14.738737510826596,0.8,1.2977439148944694,-0.017255701355001207,0.11928653717041016
SPY,1d,1,0.7,0.25,10,30,0.41832019349793476,1.0836002518134165,0.40369240381861937,0.04202686525429347,9.605579701840314,0.5142857142857142,0.8871550371208099,-0.013366459782315765,0.11777496337890625
SPY,1d,1,0.7,0.25,12,26,0.3871712720158541,0.6967357321496255,0.39164726086382795,0.03721085059042559,10.525082191069275,0.5428571428571428,0.9173001450386762,-0.013366459782315765,0.11170578002929688
SPY,1d,1,0.7,0.25,20,50,0.3446522452996433,0.7176856118131671,0.37425536259426717,0.08199624244351877,4.564298941528502,0.17142857142857143,0.2155021619854609,-0.0048701934014824255,0.10434865951538086
SPY,1d,1,0.7,0.5,8,21,0.670893357130683,1.1294838486812213,0.6543979705882601,0.038057422288523775,17.195015616851013,0.8285714285714286,1.404447307387302,-0.02946453769649615,0.11127781867980957
SPY,1d,1,0.7,0.5,9,21,0.6637618253771476,1.6095157227731254,0.6233259205145216,0.03998748760493183,15.588024100760062,0.8,1.3796154710533757,-0.02946453769649615,0.11295342445373535
SPY,1d,1,0.7,0.5,10,30,0.5961697055925883,1.2264142970403604,0.5556709128600599,0.04045465363637989,13.735648755137492,0.5142857142857142,0.9150876349284726,-0.021862726163149104,0.11415290832519531
SPY,1d,1,0.7,0.5,12,26,0.5675147203603945,0.5143393043645996,0.5500287908298103,0.04537045144142531,12.12306189062092,0.5428571428571428,0.9559018322531482,-0.021862726163149104,0.10846710205078125
SPY,1d,1,0.7,0.5,20,50,0.44922753829967726,0.5431667752200791,0.4623268585784368,0.05938943892318698,7.784664528930815,0.17142857142857143,0.21570696822202592,-0.0048701934014824255,0.10410380363464355
SPY,1d,1,0.7,0.75,8,21,0.8661063146572102,1.1836553546864992,0.8339167603099715,0.0466188014735807,17.887992268153006,0.8285714285714286,1.4741332089573427,-0.04159928350249564,0.11400127410888672
SPY,1d,1,0.7,0.75,9,21,0.8457192960902552,1.771536441480961,0.7951566803615525,0.053478911198772676,14.868602642377676,0.8,1.4394362207633289,-0.04159928350249564,0.11903214454650879
SPY,1d,1,0.7,0.75,10,30,0.7574043177301432,1.306661746064734,0.7010662406886841,0.049091024881004204,14.280945292709951,0.5142857142857142,0.9360812871745379,-0.030358992543982444,0.11317920684814453
SPY,1d,1,0.7,0.75,12,26,0.7311482732764815,0.34735585915242373,0.6984301637383602,0.054697478064726975,12.768964647910526,0.5428571428571428,0.9828170790325164,-0.030358992543982444,0.11319208145141602
SPY,1d,1,0.7,0.75,20,50,0.5603666152070079,0.3840429924864246,0.5616548865357169,0.05728148886650637,9.805172624696349,0.17142857142857143,0.21584948727428738,-0.0048701934014824255,0.1010904312133789
SPY,1d,1,0.7,1.0,8,21,1.0251214204223325,1.1858327670059539,0.9817610476682536,0.05505934994789385,17.83095965712193,0.8285714285714286,1.5285958508751347,-0.05365993877299868,0.11690378189086914
SPY,1d,1,0.7,1.0,9,21,0.9951447465257011,1.8745831419427468,0.9370509022137077,0.0642902778800113,14.575312677331718,0.8,1.486035932960639,-0.05365993877299868,0.1253809928894043
SPY,1d,1,0.7,1.0,10,30,0.8902527789363995,1.3346487717758881,0.822467248240474,0.056817604624931135,14.475570620581594,0.5142857142857142,0.9526610456885777,-0.03885525892481567,0.11780047416687012
SPY,1d,1,0.7,1.0,12,26,0.8662064271107365,0.195064720415556,0.8217792420798343,0.06192767616922666,13.269983518099393,0.5428571428571428,1.0033675394210004,-0.03885525892481567,0.11017513275146484
SPY,1d,1,0.7,1.0,20,50,0.6554789777415436,0.23919783167469388,0.6475740847481586,0.05941376583605666,10.899394704840654,0.17142857142857143,0.21595432155158112,-0.0048701934014824255,0.11743378639221191
SPY,1d,1,0.85,0.0,8,21,0.6662399554909306,0.9060240575046099,0.7604608650756033,0.22637335824555477,3.3593213926291887,0.4,0.32923049542879146,-0.06703497546972159,0.11097383499145508
SPY,1d,1,0.85,0.0,9,21,0.7539261225844941,1.0846033228526561,0.7436907443505556,0.1784736383136569,4.166950096257706,0.34285714285714286,0.24461353150040901,-0.0616552430139673,0.10733604431152344
SPY,1d,1,0.85,0.0,10,30,0.7212529830512064,1.0387647529778854,0.7022538764334352,0.1535662478673675,4.572970207880313,0.2,0.15593776701387368,-0.03448407528227637,0.10689353942871094
SPY,1d,1,0.85,0.0,12,26,0.6519999267699148,0.8868861873019915,0.6756083357384295,0.1455188445894883,4.642754947954231,0.22857142857142856,0.1552340999433652,-0.047207295678083794,0.11055827140808105
SPY,1d,1,0.85,0.0,20,50,0.6018613329841279,0.8403586856490881,0.6234422986432555,0.26882339315615034,2.319151958182148,0.08571428571428572,0.07948387740079925,-0.0004999999999999449,0.09578967094421387
SPY,1d,1,0.85,0.25,8,21,0.45819154075192153,1.1371904506041064,0.4636185705626786,0.03772981642523477,12.28785651479071,0.8285714285714286,1.2952569499218012,-0.02559155011994696,0.10873579978942871
SPY,1d,1,0.85,0.25,9,21,0.4627133107637008,1.3888562921629193,0.4420785393574075,0.034211689010990635,12.921856597474275,0.8,1.2979065835673693,-0.02559155011994696,0.11366152763366699
SPY,1d,1,0.85,0.25,10,30,0.4363333715218658,1.3230279296248808,0.40841185661124363,0.04251603592187744,9.606066223146817,0.5142857142857142,0.870820497296488,0.0,0.11269021034240723
SPY,1d,1,0.85,0.25,12,26,0.38463350683571124,0.6866850102392728,0.4018166415039831,0.03844153286947545,10.452669587040482,0.5428571428571428,0.9099793842004456,0.0,0.10868287086486816
SPY,1d,1,0.85,0.25,20,50,0.33777503929274805,0.6404367655958452,0.36814918159278215,0.0797471100440378,4.616457968062837,0.22857142857142856,0.3755866734419248,-0.009017591094521493,0.10059952735900879
SPY,1d,1,0.85,0.5,8,21,0.6875697235825375,1.293826935016134,0.6667080407631607,0.03947526251161313,16.889261738716076,0.8285714285714286,1.3885115306018079,-0.03939397142644918,0.10784792900085449
SPY,1d,1,0.85,0.5,9,21,0.6693458902474535,1.6197962844786828,0.6289341762068068,0.03754129673121504,16.753128713421802,0.8,1.3851937448291223,-0.03939397142644918,0.10895252227783203
SPY,1d,1,0.85,0.5,10,30,0.6071875762401345,1.5330711251136422,0.5581570189892047,0.04252194020252353,13.126329991783395,0.5142857142857142,0.8961220309181789,-0.0008272525093108163,0.10450601577758789
SPY,1d,1,0.85,0.5,12,26,0.5650413230970605,0.5027898869793144,0.5594778576682671,0.04378624224128794,12.777480528820336,0.5428571428571428,0.9472206329993219,-0.0008272525093108163,0.1053764820098877
SPY,1d,1,0.85,0.5,20,50,0.4518236489652453,0.4595679771934631,0.46084025425589115,0.055660909289958684,8.279423748814457,0.22857142857142856,0.3819991596996002,-0.017535182189043153,0.10239100456237793
SPY,1d,1,0.85,0.75,8,21,0.8864055493286241,1.3863467362178366,0.8500808069436898,0.051862757519519805,16.390968155207354,0.8285714285714286,1.458026174898587,-0.053098004349660166,0.10870528221130371
SPY,1d,1,0.85,0.75,9,21,0.8538060681376589,1.7842955766320525,0.8008843903555576,0.05169131622733068,15.493596387319442,0.8,1.4480916054387676,-0.053098004349660166,0.11217665672302246
SPY,1d,1,0.85,0.75,10,30,0.7659289641793557,1.6769829209172489,0.7030071344393749,0.050932046183952105,13.802844910261657,0.5142857142857142,0.9161563939812201,-0.005818775446735036,0.10677528381347656
SPY,1d,1,0.85,0.75,12,26,0.7291609858368089,0.33457651503079955,0.7087114393922423,0.0520808357764276,13.607912177803673,0.5428571428571428,0.9736412655568856,-0.005818775446735036,0.10533809661865234
SPY,1d,1,0.85,0.75,20,50,0.5682975289526822,0.29623105005763417,0.562688044980593,0.05338187819395406,10.540806431279183,0.22857142857142856,0.3870780963723132,-0.02605277328356448,0.10120630264282227
SPY,1d,1,0.85,1.0,8,21,1.048473582788775,1.4245075563644067,1.0010316188280863,0.0627137109463261,15.961926087978194,0.8285714285714286,1.5123826251218526,-0.06670364888958003,0.11302709579467773
SPY,1d,1,0.85,1.0,9,21,1.0052061088253557,1.8893565644946526,0.9431222471635328,0.06352060893804372,14.84750009376372,0.8,1.4968884121930095,-0.06670364888958003,0.1148838996887207
SPY,1d,1,0.85,1.0,10,30,0.8974053005360321,1.7627060859708967,0.8241896743200401,0.05837329695963292,14.119292848748884,0.5142857142857142,0.932194732314926,-0.010810298384159256,0.10720252990722656
SPY,1d,1,0.85,1.0,12,26,0.864652885789266,0.18133218322884903,0.8329823889778334,0.058676141123335294,14.196270801567065,0.5428571428571428,0.9939060831825027,-0.010810298384159256,0.10609173774719238
SPY,1d,1,0.85,1.0,20,50,0.6671584223641406,0.14899587674524017,0.65036312011884,0.05588570664223056,11.637378485385153,0.22857142857142856,0.3911503437513781,-0.03457036437808614,0.11546468734741211
SPY,1d,1,1.0,0.0,8,21,0.670288311872445,0.9151808998343627,0.7625893921237366,0.2209403603219178,3.4515621818151163,0.37142857142857144,0.3228221221142232,-0.06703497546972159,0.12788963317871094
SPY,1d,1,1.0,0.0,9,21,0.6773568057365128,0.9364843770468145,0.7667787386964264,0.19774356316889258,3.8776419642116062,0.34285714285714286,0.2571280943121999,-0.0616552430139673,0.11317777633666992
SPY,1d,1,1.0,0.0,10,30,0.7138259798582506,1.023900487686392,0.7455477111396488,0.1484620746974424,5.021805822524266,0.2,0.15593776701387368,-0.03448407528227637,0.10498332977294922
SPY,1d,1,1.0,0.0,12,26,0.673296831195361,0.9310194046491911,0.7291346790944212,0.1447543995780798,5.037046757954528,0.22857142857142856,0.19261037743856677,-0.03448407528227637,0.10638046264648438
SPY,1d,1,1.0,0.0,20,50,0.5822548066325546,0.8018790356813963,0.5716659650301992,0.2562524530561815,2.2308702149472324,0.08571428571428572,0.07948387740079925,-0.0004999999999999449,0.10523247718811035
SPY,1d,1,1.0,0.25,8,21,0.45911363879076306,1.1500857843494274,0.4657928080861091,0.041495414869211614,11.225163299468871,0.8285714285714286,1.2956928634304337,-0.029449950183139895,0.11539196968078613
SPY,1d,1,1.0,0.25,9,21,0.45130413775170314,1.1790993083417383,0.4481561650444551,0.029601162360439283,15.139816456782018,0.8,1.2967762285206412,-0.029449950183139895,0.11597013473510742
SPY,1d,1,1.0,0.25,10,30,0.4349599549718048,1.3020348161805253,0.41861399023048607,0.03664108842296984,11.424714937454265,0.5142857142857142,0.870820497296488,0.0,0.10549163818359375
SPY,1d,1,1.0,0.25,12,26,0.4274056433933056,1.171033921083386,0.4148664080930777,0.03256155759088133,12.740987802415772,0.5428571428571428,0.915091318695791,0.0,0.10748577117919922
SPY,1d,1,1.0,0.25,20,50,0.33217921664499017,0.5977728603853985,0.3513446873668269,0.07937730749520383,4.426261087125637,0.22857142857142856,0.3755866734419248,-0.009017591094521493,0.10177826881408691
SPY,1d,1,1.0,0.5,8,21,0.6882754697597171,1.310515744379975,0.6701087316158707,0.03864081375559046,17.341993257554545,0.8285714285714286,1.39251286701544,-0.04705451553188289,0.10508060455322266
SPY,1d,1,1.0,0.5,9,21,0.6663901918549596,1.34683156826781,0.6342095069435789,0.036357266192526785,17.443817243716204,0.8,1.383811436853909,-0.04705451553188289,0.11960196495056152
SPY,1d,1,1.0,0.5,10,30,0.6065623219673694,1.505835254620814,0.5656138017247405,0.03963447387929361,14.270753371100918,0.5142857142857142,0.8961220309181789,-0.0008272525093108163,0.10227227210998535
SPY,1d,1,1.0,0.5,12,26,0.6066022029117843,1.3360402347936993,0.5710897086696377,0.038023877751666685,15.01923902657733,0.5428571428571428,0.9501427585871639,-0.0008272525093108163,0.10671138763427734
SPY,1d,1,1.0,0.5,20,50,0.44817166378488543,0.4142351005231537,0.45050516362210286,0.05854359525504235,7.69520835984703,0.22857142857142856,0.3819991596996002,-0.017535182189043153,0.1022787094116211
SPY,1d,1,1.0,0.75,8,21,0.887059023913568,1.4067014732129604,0.854742665736136,0.049238434649106315,17.35925749523497,0.8285714285714286,1.4645820635858582,-0.06450443647638315,0.11098074913024902
SPY,1d,1,1.0,0.75,9,21,0.8552996178833527,1.449541642040654,0.8064843596997575,0.05295223978587372,15.230410705212636,0.8,1.4466561750097082,-0.06450443647638315,0.10777139663696289
SPY,1d,1,1.0,0.75,10,30,0.7656125698516649,1.6436922995876868,0.70968203480013,0.04879805839818776,14.543243278435149,0.5142857142857142,0.9161563939812201,-0.005818775446735036,0.10351848602294922
SPY,1d,1,1.0,0.75,12,26,0.769794641853661,1.4362675778000598,0.720791101744495,0.045540193795737545,15.827580905287219,0.5428571428571428,0.9757754438910031,-0.005818775446735036,0.10969996452331543
SPY,1d,1,1.0,0.75,20,50,0.5654528395523913,0.2494831406650233,0.5552590812512189,0.057296119652722015,9.691041638015006,0.22857142857142856,0.3870780963723132,-0.02605277328356448,0.09993529319763184
SPY,1d,1,1.0,1.0,8,21,1.0491001774955746,1.4482590875076657,1.0067285737827492,0.059327805892798346,16.968916322337034,0.8285714285714286,1.5209501960897038,-0.08179971301664113,0.10334944725036621
SPY,1d,1,1.0,1.0,9,21,1.0097667751233192,1.4966071179728848,0.9491498040135757,0.0660909940204369,14.36125780949937,0.8,1.4954665274222823,-0.08179971301664113,0.10909509658813477
SPY,1d,1,1.0,1.0,10,30,0.8972633461269143,1.723785598631749,0.8304989710579905,0.05644270982970169,14.714016629672152,0.5142857142857142,0.932194732314926,-0.010810298384159256,0.10385370254516602
SPY,1d,1,1.0,1.0,12,26,0.904357579924198,1.4813272819461503,0.8457360976000166,0.05134832256679974,16.47056915052652,0.5428571428571428,0.995615467945668,-0.010810298384159256,0.10595965385437012
SPY,1d,1,1.0,1.0,20,50,0.6647943585134124,0.10185821127108685,0.6447449345282733,0.06009208046044819,10.729282953560508,0.22857142857142856,0.3911503437513781,-0.03457036437808614,0.10515570640563965
SPY,1d,2,0.0,0.0,8,21,0.5007423675358055,0.622071353511797,0.6743600851958137,0.14758581142486568,4.569274503322584,0.3142857142857143,0.04524403316655488,-0.11568115723136585,0.11632943153381348
SPY,1d,2,0.0,0.0,9,21,0.5640987548613361,0.7437370303228765,0.5795106148896159,0.1945328265393724,2.978986247199395,0.3142857142857143,0.2537419663857369,-0.11568115723136585,0.11587667465209961
SPY,1d,2,0.0,0.0,10,30,0.5471606372145232,0.7209835630570498,0.6689918693131257,0.1733675346938025,3.8588070742003846,0.17142857142857143,0.10179359894209165,-0.03797692195004343,0.100982666015625
SPY,1d,2,0.0,0.0,12,26,0.6084098957123192,0.8339459795728268,0.6788734223137325,0.15223078375851,4.459501590628722,0.2,0.15464573801163908,-0.0497500024907882,0.10037612915039062
SPY,1d,2,0.0,0.0,20,50,0.6706059536251222,1.01583744198444,0.7134559306642355,0.23635369134858497,3.0185944065159487,0.02857142857142857,-0.0690750319085914,-0.0048701934014824255,0.10864686965942383
SPY,1d,2,0.0,0.25,8,21,0.40554383550002643,0.7405775205054306,0.4082956643584417,0.031217050910791154,13.079251641201685,0.7714285714285715,1.0902426928856408,-0.026576822473462935,0.1136922836303711
SPY,1d,2,0.0,0.25,9,21,0.41269547564834874,0.9067406491256664,0.39119915907622077,0.025503227940586924,15.339201766441876,0.7714285714285715,1.1585104306405454,-0.026348241817792495,0.11258339881896973
SPY,1d,2,0.0,0.25,10,30,0.3591820492669666,0.5054065580978215,0.406186259889174,0.04064813288266864,9.99274089812774,0.4857142857142857,0.7942377181497929,-0.03322296945538561,0.10802006721496582
SPY,1d,2,0.0,0.25,12,26,0.36281316939165914,0.6315983065113864,0.4050517322568421,0.04586749231810606,8.830910777673997,0.5142857142857142,0.8302216133928452,-0.03322296945538561,0.11194992065429688
SPY,1d,2,0.0,0.25,20,50,0.3575412112123614,0.8414433683499039,0.40445272345529837,0.09053693421463371,4.467267717465141,0.14285714285714285,0.1599071092532555,-0.0048701934014824255,0.10093307495117188
SPY,1d,2,0.0,0.5,8,21,0.6126426820708094,0.7843104126060212,0.5814347811295059,0.040726034795913316,14.276734379941413,0.7714285714285715,1.191477532009485,-0.0313162326916705,0.11952447891235352
SPY,1d,2,0.0,0.5,9,21,0.6070691853695118,0.9923186281886998,0.5728197398383362,0.03233221478813978,17.71668732228205,0.7714285714285715,1.247759009465989,-0.026348241817792495,0.1121525764465332
SPY,1d,2,0.0,0.5,10,30,0.5346535644371938,0.3113988115967108,0.5503800646511656,0.03883718446879824,14.171471804124742,0.4857142857142857,0.8197483528949447,-0.03322296945538561,0.10019326210021973
SPY,1d,2,0.0,0.5,12,26,0.520367284323232,0.446479165091878,0.5439806971447924,0.04506774337689755,12.07028922206133,0.5142857142857142,0.8650522541658847,-0.03322296945538561,0.10339045524597168
SPY,1d,2,0.0,0.5,20,50,0.4508248313774157,0.6786097017274129,0.47230042665100597,0.07514122413819718,6.285503491164412,0.14285714285714285,0.15985456500222484,-0.0048701934014824255,0.09666991233825684
SPY,1d,2,0.0,0.75,8,21,0.7904306081230176,0.7707615074209198,0.7404184136035786,0.0493264702946884,15.010569561943878,0.7714285714285715,1.258417833915752,-0.03858327782525883,0.10838770866394043
SPY,1d,2,0.0,0.75,9,21,0.7778474433277001,1.0157071885413083,0.7354649986762445,0.04018319054300847,18.302802458880635,0.7714285714285715,1.3079017173344678,-0.03026214957243767,0.10308408737182617
SPY,1d,2,0.0,0.75,10,30,0.6920071258981044,0.13765167411910695,0.6890766865861956,0.04512197136755157,15.27142245123025,0.4857142857142857,0.8339562107081024,-0.03322296945538561,0.11257410049438477
SPY,1d,2,0.0,0.75,12,26,0.6669484682564496,0.2778382654450171,0.6792536535418503,0.0491115477852446,13.830833768711518,0.5142857142857142,0.8877977905908132,-0.03322296945538561,0.11655783653259277
SPY,1d,2,0.0,0.75,20,50,0.5558518784510639,0.5269359553549333,0.560527252137394,0.07538329275262899,7.435696049743669,0.14285714285714285,0.15981310781658498,-0.0048701934014824255,0.10781002044677734
SPY,1d,2,0.0,1.0,8,21,0.9351769323867032,0.714631114615057,0.8720045013859931,0.05579022891530053,15.630057777856598,0.7714285714285715,1.3086238697016843,-0.046408547269669365,0.11708903312683105
SPY,1d,2,0.0,1.0,9,21,0.9176438016001975,0.990176831462668,0.869334665042133,0.04600704356707808,18.895686347996836,0.7714285714285715,1.3533618059740904,-0.03931054671467227,0.10865259170532227
SPY,1d,2,0.0,1.0,10,30,0.8216728287691141,-0.017204257933989164,0.8051106163265811,0.050921210639561766,15.810908778768775,0.4857142857142857,0.8439705498689792,-0.03322296945538561,0.11949753761291504
SPY,1d,2,0.0,1.0,12,26,0.7887781023072837,0.12484886150557473,0.7927452566819522,0.05266268864049885,15.053262132011854,0.5142857142857142,0.9046692596215384,-0.03322296945538561,0.09935808181762695
SPY,1d,2,0.0,1.0,20,50,0.6467345668385567,0.3859953361618804,0.6387284613013305,0.07806427862193742,8.18208369534381,0.14285714285714285,0.1597798764074168,-0.0048701934014824255,0.09295535087585449
SPY,1d,2,0.1,0.0,8,21,0.488762004397961,0.5997526347355981,0.6852471983630067,0.15111894487766991,4.5344890339044595,0.3142857142857143,0.0490474518698256,-0.11568115723136585,0.10267806053161621
SPY,1d,2,0.1,0.0,9,21,0.6352262733740222,0.87297335997062,0.6010602366015043,0.17672702017673306,3.4010658698393916,0.3142857142857143,0.2705428174618964,-0.11568115723136585,0.11706924438476562
SPY,1d,2,0.1,0.0,10,30,0.5806331736392206,0.7810486401531773,0.6692729584269929,0.16923469286828025,3.954703064033717,0.17142857142857143,0.10179359894209165,-0.03797692195004343,0.10665488243103027
SPY,1d,2,0.1,0.0,12,26,0.6337908202182045,0.8832374899964652,0.6879821826136687,0.1535038260757336,4.481856903516148,0.2,0.15464573801163908,-0.0497500024907882,0.10518097877502441
SPY,1d,2,0.1,0.0,20,50,0.6465013060549861,0.9579086077019001,0.7036255006195942,0.2461542271044651,2.8584741724584863,0.02857142857142857,-0.0690750319085914,-0.0048701934014824255,0.11110186576843262
SPY,1d,2,0.1,0.25,8,21,0.40516916188005164,0.7105734068624185,0.4132358252151088,0.03212858543263192,12.861936485862188,0.7714285714285715,1.0904539095627406,-0.026576822473462935,0.1385045051574707
SPY,1d,2,0.1,0.25,9,21,0.4286887062962312,1.0824937747995298,0.39657776366568853,0.02615271439556025,15.163923624425486,0.7714285714285715,1.1616621201919657,-0.026348241817792495,0.12715387344360352
SPY,1d,2,0.1,0.25,10,30,0.36647545495285044,0.5713394019866962,0.40590605687386166,0.03633643952365927,11.17077133023915,0.4857142857142857,0.7942377181497929,-0.03322296945538561,0.11256790161132812
SPY,1d,2,0.1,0.25,12,26,0.3688000302356503,0.6872630674986984,0.4080092649296529,0.04304984743895878,9.477600716429418,0.5142857142857142,0.8302216133928452,-0.03322296945538561,0.11434340476989746
SPY,1d,2,0.1,0.25,20,50,0.34942561413011874,0.7749293981955088,0.40153913205186564,0.09222733210144468,4.353797544638893,0.14285714285714285,0.1599071092532555,-0.0048701934014824255,0.10357308387756348
SPY,1d,2,0.1,0.5,8,21,0.6166371251868096,0.7473211950562912,0.5877556984923167,0.04026029328346738,14.598892619932172,0.7714285714285715,1.1916047008746855,-0.0313162326916705,0.11364626884460449
SPY,1d,2,0.1,0.5,9,21,0.6214648130276835,1.211607603450433,0.5767702957846268,0.03308502035455769,17.432973883758628,0.7714285714285715,1.2496170421504056,-0.026348241817792495,0.11031866073608398
SPY,1d,2,0.1,0.5,10,30,0.5394160451256164,0.3806125900849211,0.5512784535449772,0.037177626826983355,14.828231401388475,0.4857142857142857,0.8197483528949447,-0.03322296945538561,0.10673999786376953
SPY,1d,2,0.1,0.5,12,26,0.5242495327370429,0.506592044795535,0.548543081793777,0.04231165493650112,12.96434948283159,0.5142857142857142,0.8650522541658847,-0.03322296945538561,0.10660362243652344
SPY,1d,2,0.1,0.5,20,50,0.44553259558149455,0.605441604596858,0.4704135337401204,0.07549913515652754,6.2307142030811615,0.14285714285714285,0.15985456500222484,-0.0048701934014824255,0.1022341251373291
SPY,1d,2,0.1,0.75,8,21,0.7974200193233513,0.7278471402141122,0.7481308370778502,0.04888861247342163,15.302762734053307,0.7714285714285715,1.258513222749759,-0.03858327782525883,0.11026525497436523
SPY,1d,2,0.1,0.75,9,21,0.7930383647375802,1.2733156524558233,0.7391287440132145,0.04056222455832343,18.22209585547852,0.7714285714285715,1.3092845251537835,-0.03026214957243767,0.11086535453796387
SPY,1d,2,0.1,0.75,10,30,0.6958421673377228,0.20801937730111875,0.6909222722873853,0.04420261901063137,15.63079943568974,0.4857142857142857,0.8339562107081024,-0.03322296945538561,0.10603833198547363
SPY,1d,2,0.1,0.75,12,26,0.6700509529371411,0.3407066907595304,0.6852504488219766,0.046619822201297456,14.698692883537117,0.5142857142857142,0.8877977905908132,-0.03322296945538561,0.10675430297851562
SPY,1d,2,0.1,0.75,20,50,0.5516433688673688,0.44884494137723285,0.559034896514543,0.07527558655715964,7.4265100025497155,0.14285714285714285,0.15981310781658498,-0.0048701934014824255,0.10377240180969238
SPY,1d,2,0.1,1.0,8,21,0.9444445599020327,0.6670481532343271,0.8808684697821398,0.055479821687130615,15.877276512344498,0.7714285714285715,1.3087011497188015,-0.046408547269669365,0.10993742942810059
SPY,1d,2,0.1,1.0,9,21,0.9338751456805015,1.2795144578512119,0.8729320044281164,0.04607882530340634,18.944319840627223,0.7714285714285715,1.3544810590612515,-0.03931054671467227,0.11042165756225586
SPY,1d,2,0.1,1.0,10,30,0.824980762568647,0.052604209775587885,0.8076962505127454,0.050237664397682076,16.07750400414737,0.4857142857142857,0.8439705498689792,-0.03322296945538561,0.10169124603271484
SPY,1d,2,0.1,1.0,12,26,0.7914363891477769,0.18900793191334841,0.7998958124535371,0.05048478145970929,15.844295831842217,0.5142857142857142,0.9046692596215384,-0.03322296945538561,0.12598109245300293
SPY,1d,2,0.1,1.0,20,50,0.6431480406598455,0.3045215899445435,0.637462659947062,0.07776049204915325,8.197770399190825,0.14285714285714285,0.1597798764074168,-0.0048701934014824255,0.09707808494567871
SPY,1d,2,0.25,0.0,8,21,0.4623091186382421,0.5576605063056843,0.6941094011625721,0.1817577619997918,3.8188707515190865,0.3142857142857143,0.0490474518698256,-0.11568115723136585,0.11075377464294434
SPY,1d,2,0.25,0.0,9,21,0.741354562707981,1.0896817934852234,0.6311617394228541,0.18176879570837345,3.4723327343571033,0.3142857142857143,0.2705428174618964,-0.11568115723136585,0.1099247932434082
SPY,1d,2,0.25,0.0,10,30,0.6147874201728745,0.8387974090612837,0.7068596827993566,0.17222621401909358,4.1042514162274495,0.17142857142857143,0.10179359894209165,-0.03797692195004343,0.10851359367370605
SPY,1d,2,0.25,0.0,12,26,0.6730831876944885,0.9564061193084936,0.6954438185559675,0.1285164166430479,5.411322823352215,0.2,0.15464573801163908,-0.0497500024907882,0.11148691177368164
SPY,1d,2,0.25,0.0,20,50,0.6433286808292014,0.939104518498779,0.6928202726801258,0.24559095797341604,2.821033308380678,0.02857142857142857,-0.0690750319085914,-0.0048701934014824255,0.09949564933776855
SPY,1d,2,0.25,0.25,8,21,0.40242268354866817,0.6564395488294417,0.42452229158507804,0.0334245790902435,12.700901646028337,0.7714285714285715,1.0904539095627406,-0.026576822473462935,0.111083984375
SPY,1d,2,0.25,0.25,9,21,0.44950510406543226,1.3872578650592016,0.4061629027721908,0.030447476617525407,13.339788642399535,0.7714285714285715,1.1616621201919657,-0.026348241817792495,0.10950493812561035
SPY,1d,2,0.25,0.25,10,30,0.4109831528707284,1.0386571780502503,0.41298264033545984,0.037350116925572885,11.05706418960897,0.4857142857142857,0.7942377181497929,-0.03322296945538561,0.10225391387939453
SPY,1d,2,0.25,0.25,12,26,0.38245068742036176,0.7658713992215269,0.40812044834631556,0.039288521519126686,10.387778225445103,0.5142857142857142,0.8302216133928452,-0.03322296945538561,0.11650419235229492
SPY,1d,2,0.25,0.25,20,50,0.34938844379484596,0.7536945918751086,0.3920839541698098,0.0862538862901652,4.54569609595105,0.14285714285714285,0.1599071092532555,-0.0048701934014824255,0.0920562744140625
SPY,1d,2,0.25,0.5,8,21,0.619203843447852,0.6834368403639555,0.6064777727840824,0.04379707272634231,13.847449955697806,0.7714285714285715,1.1916047008746855,-0.0313162326916705,0.10672211647033691
SPY,1d,2,0.25,0.5,9,21,0.6340075150850051,1.604815838898534,0.5853747522833649,0.03568022024883555,16.4061417839053,0.7714285714285715,1.2496170421504056,-0.026348241817792495,0.10815978050231934
SPY,1d,2,0.25,0.5,10,30,0.5823528990387498,1.1615461210314892,0.5562587659426098,0.0369071688615368,15.071835177320276,0.4857142857142857,0.8197483528949447,-0.03322296945538561,0.10272574424743652
SPY,1d,2,0.25,0.5,12,26,0.5436241881433264,0.5890070604093023,0.5510334090489547,0.04299425967042424,12.81644138712803,0.5142857142857142,0.8650522541658847,-0.03322296945538561,0.10581731796264648
SPY,1d,2,0.25,0.5,20,50,0.45287895442389114,0.5824688438551175,0.4635073687679763,0.0661853276505634,7.003174045086574,0.14285714285714285,0.15985456500222484,-0.0048701934014824255,0.10079789161682129
SPY,1d,2,0.25,0.75,8,21,0.8033984393346709,0.6568512226281618,0.7723482532080259,0.05615913308165257,13.752852133331016,0.7714285714285715,1.258513222749759,-0.03858327782525883,0.10775232315063477
SPY,1d,2,0.25,0.75,9,21,0.8026638589909239,1.7509495048793613,0.7482441913737644,0.04513831650539007,16.576696901941723,0.7714285714285715,1.3092845251537835,-0.03026214957243767,0.11913919448852539
SPY,1d,2,0.25,0.75,10,30,0.7378290049736199,1.2196255454589453,0.695396153984774,0.0435948444421407,15.9513392669105,0.4857142857142857,0.8339562107081024,-0.03322296945538561,0.10676383972167969
SPY,1d,2,0.25,0.75,12,26,0.6944925139050906,0.4254533762001491,0.6895100407340822,0.048875670239443114,14.10742885685568,0.5142857142857142,0.8877977905908132,-0.03322296945538561,0.10099267959594727
SPY,1d,2,0.25,0.75,20,50,0.5634105587769567,0.4247334576499642,0.5537867065317871,0.065052351046848,8.512939157771145,0.14285714285714285,0.15981310781658498,-0.0048701934014824255,0.09586381912231445
SPY,1d,2,0.25,1.0,8,21,0.9529494835389017,0.5915940609162074,0.9093379035069613,0.06570744349290071,13.839191652696238,0.7714285714285715,1.3087011497188015,-0.046408547269669365,0.10677909851074219
SPY,1d,2,0.25,1.0,9,21,0.9419132137491237,1.834219032375045,0.8827127577975091,0.05269016767728768,16.752893314059545,0.7714285714285715,1.3544810590612515,-0.03931054671467227,0.10797429084777832
SPY,1d,2,0.25,1.0,10,30,0.8660632968735615,1.2241272170326272,0.8119932022001528,0.04953041967739548,16.393828428849908,0.4857142857142857,0.8439705498689792,-0.03322296945538561,0.10595870018005371
SPY,1d,2,0.25,1.0,12,26,0.8199783772716629,0.27477064999189804,0.8055127276399897,0.05371081716445721,14.997216020258813,0.5142857142857142,0.9046692596215384,-0.03322296945538561,0.10065650939941406
SPY,1d,2,0.25,1.0,20,50,0.658105339935531,0.2797847118340049,0.6334672228039512,0.06748238495612228,9.387149301493091,0.14285714285714285,0.1597798764074168,-0.0048701934014824255,0.0975196361541748
SPY,1d,2,0.4,0.0,8,21,0.5363800413058563,0.6858314423806637,0.6860838700462608,0.19185348164359378,3.5760824571367373,0.3142857142857143,0.0490474518698256,-0.11568115723136585,0.11957168579101562
SPY,1d,2,0.4,0.0,9,21,0.702462912567349,1.00005272508242,0.6462132878245904,0.13528152775724075,4.776803592758086,0.3142857142857143,0.2705428174618964,-0.11568115723136585,0.10576939582824707
SPY,1d,2,0.4,0.0,10,30,0.645429889152868,0.9013263546071992,0.7044278184059883,0.17957576774605144,3.9227331574166553,0.17142857142857143,0.10179359894209165,-0.03797692195004343,0.10683703422546387
SPY,1d,2,0.4,0.0,12,26,0.6884809136205434,0.9897238248979445,0.6738725492119353,0.12786273944853924,5.270280866171712,0.2,0.15464573801163908,-0.0497500024907882,0.10951900482177734
SPY,1d,2,0.4,0.0,20,50,0.6193768612256374,0.8789333537142447,0.6794052312067982,0.24143067697508153,2.8140799658069997,0.02857142857142857,-0.0690750319085914,-0.0048701934014824255,0.10201025009155273
SPY,1d,2,0.4,0.25,8,21,0.4228364822171386,0.8292101199231137,0.4320861859433953,0.037468343672118806,11.532033273862655,0.7714285714285715,1.0904539095627406,-0.026576822473462935,0.10796308517456055
SPY,1d,2,0.4,0.25,9,21,0.44072695317782856,1.2630318625718333,0.41343349779556055,0.03411310236379809,12.1194927798273,0.7714285714285715,1.1616621201919657,-0.026348241817792495,0.10968375205993652
SPY,1d,2,0.4,0.25,10,30,0.4202848614876376,1.1270659183440732,0.4116349638756954,0.03348320567438322,12.293774015509582,0.4857142857142857,0.7942377181497929,-0.03322296945538561,0.10480856895446777
SPY,1d,2,0.4,0.25,12,26,0.3860222029859423,0.8039832848493191,0.40219051888205204,0.033359088608497914,12.056400089407653,0.5142857142857142,0.8302216133928452,-0.03322296945538561,0.10565757751464844
SPY,1d,2,0.4,0.25,20,50,0.3404319175146772,0.6829454089389371,0.38603215451446116,0.0824605732848917,4.681414876667967,0.14285714285714285,0.1599071092532555,-0.0048701934014824255,0.09990429878234863
SPY,1d,2,0.4,0.5,8,21,0.6410485671045371,0.8971727099900908,0.6218641610886605,0.043870266278509436,14.175071496962643,0.7714285714285715,1.1916047008746855,-0.0313162326916705,0.11901545524597168
SPY,1d,2,0.4,0.5,9,21,0.628309090523109,1.4498620260910222,0.5921713223320689,0.04141606914422413,14.298105410968315,0.7714285714285715,1.2496170421504056,-0.026348241817792495,0.10182642936706543
SPY,1d,2,0.4,0.5,10,30,0.5930552294864908,1.2763534514666617,0.5558178501529067,0.03465019304203433,16.04082982968208,0.4857142857142857,0.8197483528949447,-0.03322296945538561,0.1017756462097168
SPY,1d,2,0.4,0.5,12,26,0.5458423929420623,0.6307442666319143,0.5496045835056942,0.04163877913354045,13.199344335794471,0.5142857142857142,0.8650522541658847,-0.03322296945538561,0.1117250919342041
SPY,1d,2,0.4,0.5,20,50,0.4466015175678487,0.5044363080402678,0.4643739576855137,0.06410567488207727,7.243882207616284,0.14285714285714285,0.15985456500222484,-0.0048701934014824255,0.1002814769744873
SPY,1d,2,0.4,0.75,8,21,0.8282606426248084,0.9058822899814549,0.7930436874361105,0.05483926906767685,14.46123737457951,0.7714285714285715,1.258513222749759,-0.03858327782525883,0.11243987083435059
SPY,1d,2,0.4,0.75,9,21,0.7982188447313966,1.5694836371408458,0.7549814990185928,0.050958128267761846,14.815722725362036,0.7714285714285715,1.3092845251537835,-0.03026214957243767,0.10758018493652344
SPY,1d,2,0.4,0.75,10,30,0.7505440444502857,1.3600638725012635,0.6955809485479914,0.04274390434000588,16.273219755851056,0.4857142857142857,0.8339562107081024,-0.03322296945538561,0.10156869888305664
SPY,1d,2,0.4,0.75,12,26,0.6962775154304425,0.46976823282369207,0.6906646731057566,0.04877812691682788,14.15931108390891,0.5142857142857142,0.8877977905908132,-0.03322296945538561,0.10530877113342285
SPY,1d,2,0.4,0.75,20,50,0.5583377687536631,0.3421666633776812,0.558658668723972,0.06182991077864375,9.035411206139642,0.14285714285714285,0.15981310781658498,-0.0048701934014824255,0.09693789482116699
SPY,1d,2,0.4,1.0,8,21,0.9805724120507558,0.8691034279917527,0.9340360426923716,0.0637933946434466,14.641579240497803,0.7714285714285715,1.3087011497188015,-0.046408547269669365,0.10890388488769531
SPY,1d,2,0.4,1.0,9,21,0.9382088237978382,1.6306479776724263,0.8894435843196622,0.05862452991145182,15.171867231397906,0.7714285714285715,1.3544810590612515,-0.03931054671467227,0.1081078052520752
SPY,1d,2,0.4,1.0,10,30,0.8805413357526594,1.3884124325125264,0.812643755838174,0.049568465912719184,16.39436970409954,0.4857142857142857,0.8439705498689792,-0.03322296945538561,0.1033015251159668
SPY,1d,2,0.4,1.0,12,26,0.8215386820048778,0.3207338277119416,0.8084999663014459,0.05410029216286223,14.94446580561075,0.5142857142857142,0.9046692596215384,-0.03322296945538561,0.10985779762268066
SPY,1d,2,0.4,1.0,20,50,0.6537875699079935,0.1949529042817566,0.6411688797983758,0.06256386574396051,10.248229903540924,0.14285714285714285,0.1597798764074168,-0.0048701934014824255,0.09534239768981934
SPY,1d,2,0.55,0.0,8,21,0.5341460601248785,0.6771801388740166,0.6900474979227076,0.22217645759218052,3.1058533626876663,0.3142857142857143,0.06651642134268308,-0.06675801093475897,0.10602116584777832
SPY,1d,2,0.55,0.0,9,21,0.7217715894622242,1.0357896209637913,0.6665412446476001,0.12373303129778714,5.386930536304744,0.34285714285714286,0.30781154186193266,-0.06675801093475897,0.1054840087890625
SPY,1d,2,0.55,0.0,10,30,0.7176829808713682,1.045388026189594,0.7166448616899366,0.1794295158794671,3.9940188111043406,0.17142857142857143,0.0779523885219979,-0.04155866918889439,0.10092616081237793
SPY,1d,2,0.55,0.0,12,26,0.67904399444706,0.9564858092571316,0.6759545813844515,0.13802480588964253,4.897341293310057,0.2,0.10555335273366706,-0.0497500024907882,0.10425806045532227
SPY,1d,2,0.55,0.0,20,50,0.6383860349503524,0.9170276943098219,0.6604680113369208,0.25514995632210435,2.5885484005458266,0.02857142857142857,-0.0690750319085914,-0.0048701934014824255,0.09663224220275879
SPY,1d,2,0.55,0.25,8,21,0.42700120824010496,0.8171302814829666,0.4374118558277689,0.037737466581553296,11.590917341589197,0.8285714285714286,1.2933385911675057,-0.017630963065479843,0.10831546783447266
SPY,1d,2,0.55,0.25,9,21,0.4512157004752372,1.3140679932211743,0.42138585604773693,0.037281540440564996,11.30280162965688,0.8,1.3009367615773388,-0.011097287187536553,0.10944557189941406
SPY,1d,2,0.55,0.25,10,30,0.43565510153481946,1.3340893252960493,0.4153667786855597,0.03784993950091777,10.974040755745145,0.5142857142857142,0.8872285766102198,-0.011175134867036252,0.10664725303649902
SPY,1d,2,0.55,0.25,12,26,0.39096873272222255,0.7641927965698532,0.40262779882161376,0.036167850467538336,11.13220148880519,0.5428571428571428,0.9182593762733918,-0.011175134867036252,0.10840821266174316
SPY,1d,2,0.55,0.25,20,50,0.3457751773093637,0.7263842861636192,0.3796116417087928,0.08304067335820116,4.571394069401559,0.17142857142857143,0.2155021619854609,-0.0048701934014824255,0.10144710540771484
SPY,1d,2,0.55,0.5,8,21,0.6521759504369986,0.881683461572101,0.6314849001548072,0.04160979131144904,15.176353455564016,0.8285714285714286,1.3901557804976843,-0.023614876809857965,0.11518263816833496
SPY,1d,2,0.55,0.5,9,21,0.6487381711547956,1.516814373082418,0.6029761681039734,0.04203166947856065,14.345758224320285,0.8,1.3770230696905208,-0.0190776162293399,0.10963249206542969
SPY,1d,2,0.55,0.5,10,30,0.6028885156198864,1.5496263491262505,0.5594018717943274,0.036918565188649784,15.152318865477186,0.5142857142857142,0.9146220425484911,-0.019233311588339075,0.10508489608764648
SPY,1d,2,0.55,0.5,12,26,0.5647729139198145,0.5853723252207119,0.551026827230427,0.04246963792602305,12.974606192552166,0.5428571428571428,0.9562475505562743,-0.019233311588339075,0.10182785987854004
SPY,1d,2,0.55,0.5,20,50,0.44988947564736315,0.5519038120096544,0.46008163699837124,0.06319541196855684,7.280301253946836,0.17142857142857143,0.21570696822202592,-0.0048701934014824255,0.0939493179321289
SPY,1d,2,0.55,0.75,8,21,0.8444185851675096,0.8871683276863958,0.8061020810781775,0.05322635630760757,15.144791734747443,0.8285714285714286,1.4596022520074414,-0.03226353539152971,0.10823941230773926
SPY,1d,2,0.55,0.75,9,21,0.8260768928274809,1.6522246316485796,0.7683721961671592,0.05028214384615024,15.281213913992417,0.8,1.4335100438210102,-0.027057945271143136,0.10874581336975098
SPY,1d,2,0.55,0.75,10,30,0.7583690359640113,1.6999069570367875,0.6995902904744118,0.0440862257673697,15.868681845571176,0.5142857142857142,0.9354294296887413,-0.02729148830964212,0.10121512413024902
SPY,1d,2,0.55,0.75,12,26,0.7244844501569251,0.41983098370134986,0.6929512450470001,0.04940831688165978,14.024991920018662,0.5428571428571428,0.9829327163531864,-0.02729148830964212,0.10214519500732422
SPY,1d,2,0.55,0.75,20,50,0.5609554947382149,0.3925041113597292,0.5553205214349083,0.06063064299468215,9.159073597217414,0.17142857142857143,0.21584948727428738,-0.0048701934014824255,0.09553837776184082
SPY,1d,2,0.55,1.0,8,21,1.0006223612928289,0.8474717720578664,0.949813554233262,0.06290997697720638,15.097979682577211,0.8285714285714286,1.5133138828551924,-0.042851380522039295,0.10839271545410156
SPY,1d,2,0.55,1.0,9,21,0.9718689416976226,1.728434335105995,0.9049305616731729,0.05725089292442223,15.806400834093285,0.8,1.4777059422627528,-0.03503827431294648,0.11226129531860352
SPY,1d,2,0.55,1.0,10,30,0.8872369466272073,1.792650251234984,0.8170861420712427,0.050506206897181785,16.177935193878827,0.5142857142857142,0.9519325658008636,-0.035349665030945054,0.10048818588256836
SPY,1d,2,0.55,1.0,12,26,0.8567206618724581,0.2672538253375618,0.8114722779467082,0.05483118990198015,14.799465038007556,0.5428571428571428,1.0033630479497653,-0.035349665030945054,0.10335779190063477
SPY,1d,2,0.55,1.0,20,50,0.6560543692861237,0.24714778756607125,0.6384122661722043,0.06133158011630373,10.409193191526718,0.17142857142857143,0.21595432155158112,-0.0048701934014824255,0.10045123100280762
SPY,1d,2,0.7,0.0,8,21,0.6218710879855132,0.8183415896247921,0.7155206044137714,0.2343071084199439,3.0537725007103,0.2857142857142857,-0.003644911840183838,-0.06675801093475897,0.11420369148254395
SPY,1d,2,0.7,0.0,9,21,0.7733042807277738,1.1261678742912813,0.7011591284007428,0.15842212807951125,4.425891363161305,0.3142857142857143,0.21600159024916638,-0.06675801093475897,0.10935330390930176
SPY,1d,2,0.7,0.0,10,30,0.6940232684529536,0.9922424731780111,0.7447375625089643,0.1981690701104367,3.7580918258027505,0.17142857142857143,0.0779523885219979,-0.04155866918889439,0.10771727561950684
SPY,1d,2,0.7,0.0,12,26,0.7048710578258335,0.9975006670933213,0.6815531163637132,0.1535795130164352,4.437786674650917,0.2,0.10555335273366706,-0.0497500024907882,0.1012716293334961
SPY,1d,2,0.7,0.0,20,50,0.6475202309431954,0.9349839269907514,0.6428071171488406,0.2531572829050298,2.5391610692471573,0.02857142857142857,-0.0690750319085914,-0.0048701934014824255,0.09692788124084473
SPY,1d,2,0.7,0.25,8,21,0.44577075677986566,1.0113899182342792,0.447821852294651,0.038304989456134496,11.690953545555223,0.8285714285714286,1.2919725883935045,-0.019466929737333882,0.10620832443237305
SPY,1d,2,0.7,0.25,9,21,0.464082459448699,1.4444690650789584,0.42595871575524635,0.030466768205410735,13.981092870874251,0.8,1.2956333841454122,-0.019466929737333882,0.10946512222290039
SPY,1d,2,0.7,0.25,10,30,0.43190949576530785,1.257297486353051,0.4204623319059982,0.04121915339343503,10.200654241796368,0.5142857142857142,0.8872285766102198,-0.011175134867036252,0.10403251647949219
SPY,1d,2,0.7,0.25,12,26,0.3972500285008951,0.811269552533787,0.40348832648454624,0.03621253720001161,11.14222746271468,0.5428571428571428,0.9182593762733918,-0.011175134867036252,0.11280274391174316
SPY,1d,2,0.7,0.25,20,50,0.3483914558259001,0.746989037164028,0.37388106838105817,0.08062399757811811,4.637342225790748,0.17142857142857143,0.2155021619854609,-0.0048701934014824255,0.09784436225891113
SPY,1d,2,0.7,0.5,8,21,0.6721473810333715,1.1296187876151045,0.64383386332346,0.038309921551597924,16.80593008931926,0.8285714285714286,1.3934713628497468,-0.03385475443727426,0.10682845115661621
SPY,1d,2,0.7,0.5,9,21,0.6659146434669794,1.689678608395604,0.6067431629858625,0.03605304646176365,16.82917873887159,0.8,1.3780052919234353,-0.03385475443727426,0.10427331924438477
SPY,1d,2,0.7,0.5,10,30,0.6048941775466805,1.4476453472769948,0.5639501318695087,0.040566318624112044,13.901930246495297,0.5142857142857142,0.9146220425484911,-0.019233311588339075,0.10109257698059082
SPY,1d,2,0.7,0.5,12,26,0.5732081638273666,0.6370868858678203,0.5563001753025667,0.04515113825281317,12.32084498485276,0.5428571428571428,0.9562475505562743,-0.019233311588339075,0.10431289672851562
SPY,1d,2,0.7,0.5,20,50,0.45174258445554866,0.5745633882875731,0.45980891998803275,0.061380495022779966,7.491124335464958,0.17142857142857143,0.21570696822202592,-0.0048701934014824255,0.09821271896362305
SPY,1d,2,0.7,0.75,8,21,0.8673954347494411,1.185428150753841,0.8207726914746006,0.05008673376962704,16.387027655860507,0.8285714285714286,1.465859179405975,-0.04813624857783072,0.10623764991760254
SPY,1d,2,0.7,0.75,9,21,0.8472955405180275,1.8681375777320213,0.7728065113898179,0.047323607653952354,16.330253539435617,0.8,1.4380021952782778,-0.04813624857783072,0.12874126434326172
SPY,1d,2,0.7,0.75,10,30,0.7641175177619354,1.5722437613216136,0.7047299499852233,0.04818201751570078,14.626410148881318,0.5142857142857142,0.9354294296887413,-0.02729148830964212,0.10147929191589355
SPY,1d,2,0.7,0.75,12,26,0.7352613385777707,0.47489360982076034,0.7015244432303017,0.05379830995772109,13.03989742022778,0.5428571428571428,0.9829327163531864,-0.02729148830964212,0.10467267036437988
SPY,1d,2,0.7,0.75,20,50,0.5624985202733145,0.41668894731796313,0.5580577787546395,0.06026431557800585,9.260169528222585,0.17142857142857143,0.21584948727428738,-0.0048701934014824255,0.09963202476501465
SPY,1d,2,0.7,1.0,8,21,1.0263713636172023,1.1900483181404207,0.9664676858826164,0.060402137023458854,16.000554508646967,0.8285714285714286,1.5217719167544292,-0.06231141215900349,0.11024832725524902
SPY,1d,2,0.7,1.0,9,21,0.9964100889489146,1.9863874606886536,0.9101694722661342,0.05647032163430843,16.1176604971409,0.8,1.4847050534470143,-0.06231141215900349,0.10848665237426758
SPY,1d,2,0.7,1.0,10,30,0.8957679098365681,1.639712186376081,0.822878927552386,0.054919043182668964,14.983489876459927,0.5142857142857142,0.9519325658008636,-0.035349665030945054,0.10646748542785645
SPY,1d,2,0.7,1.0,12,26,0.8694646402392338,0.3245098591048108,0.8225939819388526,0.06049174481373271,13.598450242620691,0.5428571428571428,1.0033630479497653,-0.035349665030945054,0.11208701133728027
SPY,1d,2,0.7,1.0,20,50,0.6574083060848841,0.2723886235430537,0.64324248629281,0.062424883127068904,10.304264166317436,0.17142857142857143,0.21595432155158112,-0.0048701934014824255,0.10083746910095215
SPY,1d,2,0.85,0.0,8,21,0.6728384688762945,0.9199681156336184,0.7437536034980158,0.2346583726665577,3.1695165829640635,0.4,0.32007651431860384,-0.06703497546972159,0.10979318618774414
SPY,1d,2,0.85,0.0,9,21,0.7735334227821474,1.1297289747354444,0.7265917968995832,0.2067390302381046,3.5145361573127043,0.34285714285714286,0.24461353150040901,-0.0616552430139673,0.10961151123046875
SPY,1d,2,0.85,0.0,10,30,0.7053470183174647,1.001671207467604,0.7215333666346668,0.15843720424961588,4.554065252867627,0.2,0.15593776701387368,-0.03448407528227637,0.11505603790283203
SPY,1d,2,0.85,0.0,12,26,0.6775605830378303,0.9377861897084572,0.7021562669387958,0.14240255600818053,4.930784155998292,0.22857142857142856,0.1552340999433652,-0.047207295678083794,0.10449743270874023
SPY,1d,2,0.85,0.0,20,50,0.6187560052623651,0.8747219826830412,0.6133886228164608,0.25306354764190986,2.4238521451711343,0.08571428571428572,0.07948387740079925,-0.0004999999999999449,0.09552955627441406
SPY,1d,2,0.85,0.25,8,21,0.4597352953207806,1.1568810317674534,0.45912978961928097,0.036077295367818105,12.726280751878003,0.8285714285714286,1.2938593427881784,-0.027802778502279635,0.1042928695678711
SPY,1d,2,0.85,0.25,9,21,0.4666804581292473,1.4539629548153834,0.4374956762534354,0.03272774851298292,13.367729102412383,0.8,1.2947074642803664,-0.027802778502279635,0.10603666305541992
SPY,1d,2,0.85,0.25,10,30,0.4324821459510464,1.2695506073614662,0.41692396216388056,0.040070235888719094,10.404829243375042,0.5142857142857142,0.870820497296488,0.0,0.10387802124023438
SPY,1d,2,0.85,0.25,12,26,0.3900151185552473,0.7438847660504571,0.4125975924929495,0.03915453124509745,10.537671614817532,0.5428571428571428,0.9099793842004456,0.0,0.10521292686462402
SPY,1d,2,0.85,0.25,20,50,0.34263067210167053,0.678744522176933,0.3644143257788237,0.07832109485419872,4.652824714174534,0.22857142857142856,0.3755866734419248,-0.009017591094521493,0.09666895866394043
SPY,1d,2,0.85,0.5,8,21,0.6887600068311002,1.3193805108115138,0.6609901567043949,0.04052484483662387,16.310738742348803,0.8285714285714286,1.387511435831928,-0.043784188167226845,0.11391162872314453
SPY,1d,2,0.85,0.5,9,21,0.6718458088965337,1.7061009023338887,0.6214753088197726,0.03568917973028639,17.413549807433068,0.8,1.3785809991950648,-0.043784188167226845,0.12278389930725098
SPY,1d,2,0.85,0.5,10,30,0.6048186681087001,1.4622197631256224,0.5636013851262264,0.042780372429908245,13.17429823804447,0.5142857142857142,0.8961220309181789,-0.0008272525093108163,0.10632681846618652
SPY,1d,2,0.85,0.5,12,26,0.5682167413097053,0.5643064345762401,0.567107203132678,0.04359636467855615,13.00813054744499,0.5428571428571428,0.9472206329993219,-0.0008272525093108163,0.10398602485656738
SPY,1d,2,0.85,0.5,20,50,0.4549339124212336,0.5004934186591217,0.4562358057748428,0.05793333849996541,7.875185818526844,0.22857142857142856,0.3819991596996002,-0.017535182189043153,0.09722423553466797
SPY,1d,2,0.85,0.75,8,21,0.8874392525229396,1.4176010821364655,0.8431470055734968,0.054948818520655966,15.344224466929111,0.8285714285714286,1.4571759110459617,-0.05963496942499502,0.11411118507385254
SPY,1d,2,0.85,0.75,9,21,0.8557566773683342,1.892090004019523,0.7910730162505466,0.05082903547619291,15.563407978124355,0.8,1.4390668001589024,-0.05963496942499502,0.10802721977233887
SPY,1d,2,0.85,0.75,10,30,0.7641139798068146,1.588506377272978,0.7066103170935383,0.05210224052017076,13.561994840125589,0.5142857142857142,0.9161563939812201,-0.005818775446735036,0.10237956047058105
SPY,1d,2,0.85,0.75,12,26,0.7315001932789106,0.39869833185099335,0.7146105295161475,0.05135623448660297,13.914776592558868,0.5428571428571428,0.9736412655568856,-0.005818775446735036,0.10359334945678711
SPY,1d,2,0.85,0.75,20,50,0.5708087821020508,0.33866253117427103,0.5575416098250362,0.05652550847835444,9.863539927969653,0.22857142857142856,0.3870780963723132,-0.02605277328356448,0.10438919067382812
SPY,1d,2,0.85,1.0,8,21,1.0494026281226525,1.4610816586610516,0.9930821121793045,0.06703697094539016,14.81394666516618,0.8285714285714286,1.5116259937852572,-0.07535512227558516,0.11866974830627441
SPY,1d,2,0.85,1.0,9,21,1.0068439544349514,2.018138778677576,0.9314320285891362,0.06314721116363899,14.750168874052624,0.8,1.4860071735652525,-0.07535512227558516,0.10541009902954102
SPY,1d,2,0.85,1.0,10,30,0.8959027014611435,1.6569809416049415,0.826427457505478,0.060047294942101,13.762942332412118,0.5142857142857142,0.932194732314926,-0.010810298384159256,0.10102152824401855
SPY,1d,2,0.85,1.0,12,26,0.8665212871241018,0.24660261483540924,0.8376490607053025,0.05780791774458673,14.490213337319902,0.5428571428571428,0.9939060831825027,-0.010810298384159256,0.09966182708740234
SPY,1d,2,0.85,1.0,20,50,0.6693436064300774,0.1920120961653835,0.6447986349611136,0.05876015304255936,10.973399516064784,0.22857142857142856,0.3911503437513781,-0.03457036437808614,0.09415841102600098
SPY,1d,2,1.0,0.0,8,21,0.670288311872445,0.9151808998343627,0.7625893921237366,0.2209403603219178,3.4515621818151163,0.37142857142857144,0.3228221221142232,-0.06703497546972159,0.10519719123840332
SPY,1d,2,1.0,0.0,9,21,0.6773568057365128,0.9364843770468145,0.7667787386964264,0.19774356316889258,3.8776419642116062,0.34285714285714286,0.2571280943121999,-0.0616552430139673,0.10840916633605957
SPY,1d,2,1.0,0.0,10,30,0.7138259798582506,1.023900487686392,0.7455477111396488,0.1484620746974424,5.021805822524266,0.2,0.15593776701387368,-0.03448407528227637,0.10293865203857422
SPY,1d,2,1.0,0.0,12,26,0.673296831195361,0.9310194046491911,0.7291346790944212,0.1447543995780798,5.037046757954528,0.22857142857142856,0.19261037743856677,-0.03448407528227637,0.10789012908935547
SPY,1d,2,1.0,0.0,20,50,0.5822548066325546,0.8018790356813963,0.5716659650301992,0.2562524530561815,2.2308702149472324,0.08571428571428572,0.07948387740079925,-0.0004999999999999449,0.09504985809326172
SPY,1d,2,1.0,0.25,8,21,0.45911363879076306,1.1500857843494274,0.4657928080861091,0.041495414869211614,11.225163299468871,0.8285714285714286,1.2956928634304337,-0.029449950183139895,0.1029653549194336
SPY,1d,2,1.0,0.25,9,21,0.45130413775170314,1.1790993083417383,0.4481561650444551,0.029601162360439283,15.139816456782018,0.8,1.2967762285206412,-0.029449950183139895,0.10077142715454102
SPY,1d,2,1.0,0.25,10,30,0.4349599549718048,1.3020348161805253,0.41861399023048607,0.03664108842296984,11.424714937454265,0.5142857142857142,0.870820497296488,0.0,0.10343337059020996
SPY,1d,2,1.0,0.25,12,26,0.4274056433933056,1.171033921083386,0.4148664080930777,0.03256155759088133,12.740987802415772,0.5428571428571428,0.915091318695791,0.0,0.10252833366394043
SPY,1d,2,1.0,0.25,20,50,0.33217921664499017,0.5977728603853985,0.3513446873668269,0.07937730749520383,4.426261087125637,0.22857142857142856,0.3755866734419248,-0.009017591094521493,0.09838604927062988
SPY,1d,2,1.0,0.5,8,21,0.6882754697597171,1.310515744379975,0.6701087316158707,0.03864081375559046,17.341993257554545,0.8285714285714286,1.39251286701544,-0.04705451553188289,0.10715460777282715
SPY,1d,2,1.0,0.5,9,21,0.6663901918549596,1.34683156826781,0.6342095069435789,0.036357266192526785,17.443817243716204,0.8,1.383811436853909,-0.04705451553188289,0.1060645580291748
SPY,1d,2,1.0,0.5,10,30,0.6065623219673694,1.505835254620814,0.5656138017247405,0.03963447387929361,14.270753371100918,0.5142857142857142,0.8961220309181789,-0.0008272525093108163,0.10464096069335938
SPY,1d,2,1.0,0.5,12,26,0.6066022029117843,1.3360402347936993,0.5710897086696377,0.038023877751666685,15.01923902657733,0.5428571428571428,0.9501427585871639,-0.0008272525093108163,0.09909915924072266
SPY,1d,2,1.0,0.5,20,50,0.44817166378488543,0.4142351005231537,0.45050516362210286,0.05854359525504235,7.69520835984703,0.22857142857142856,0.3819991596996002,-0.017535182189043153,0.10196924209594727
SPY,1d,2,1.0,0.75,8,21,0.887059023913568,1.4067014732129604,0.854742665736136,0.049238434649106315,17.35925749523497,0.8285714285714286,1.4645820635858582,-0.06450443647638315,0.11215782165527344
SPY,1d,2,1.0,0.75,9,21,0.8552996178833527,1.449541642040654,0.8064843596997575,0.05295223978587372,15.230410705212636,0.8,1.4466561750097082,-0.06450443647638315,0.10771751403808594
SPY,1d,2,1.0,0.75,10,30,0.7656125698516649,1.6436922995876868,0.70968203480013,0.04879805839818776,14.543243278435149,0.5142857142857142,0.9161563939812201,-0.005818775446735036,0.10395455360412598
SPY,1d,2,1.0,0.75,12,26,0.769794641853661,1.4362675778000598,0.720791101744495,0.045540193795737545,15.827580905287219,0.5428571428571428,0.9757754438910031,-0.005818775446735036,0.1235654354095459
SPY,1d,2,1.0,0.75,20,50,0.5654528395523913,0.2494831406650233,0.5552590812512189,0.057296119652722015,9.691041638015006,0.22857142857142856,0.3870780963723132,-0.02605277328356448,0.09706544876098633
SPY,1d,2,1.0,1.0,8,21,1.0491001774955746,1.4482590875076657,1.0067285737827492,0.059327805892798346,16.968916322337034,0.8285714285714286,1.5209501960897038,-0.08179971301664113,0.1085977554321289
SPY,1d,2,1.0,1.0,9,21,1.0097667751233192,1.4966071179728848,0.9491498040135757,0.0660909940204369,14.36125780949937,0.8,1.4954665274222823,-0.08179971301664113,0.10728049278259277
SPY,1d,2,1.0,1.0,10,30,0.8972633461269143,1.723785598631749,0.8304989710579905,0.05644270982970169,14.714016629672152,0.5142857142857142,0.932194732314926,-0.010810298384159256,0.10387611389160156
SPY,1d,2,1.0,1.0,12,26,0.904357579924198,1.4813272819461503,0.8457360976000166,0.05134832256679974,16.47056915052652,0.5428571428571428,0.995615467945668,-0.010810298384159256,0.10382485389709473
SPY,1d,2,1.0,1.0,20,50,0.6647943585134124,0.10185821127108685,0.6447449345282733,0.06009208046044819,10.729282953560508,0.22857142857142856,0.3911503437513781,-0.03457036437808614,0.09729361534118652
SPY,1d,3,0.0,0.0,8,21,0.5480331647532694,0.7338575671222585,0.6040609043802292,0.1587145719186119,3.8059574308651936,0.3142857142857143,0.205774305223255,-0.10927621594821013,0.10401344299316406
SPY,1d,3,0.0,0.0,9,21,0.6338978755279767,0.9018366568968899,0.6132398393055659,0.18720503760920318,3.2757656905885444,0.3142857142857143,0.2829127461134305,-0.08757614254312207,0.10993671417236328
SPY,1d,3,0.0,0.0,10,30,0.6172906802034,0.8751714207322123,0.6248413841896859,0.16290863371933179,3.8355326536357675,0.17142857142857143,0.10630924889196067,-0.053311013645768734,0.09903454780578613
SPY,1d,3,0.0,0.0,12,26,0.619678422879683,0.8565441273091292,0.6816605339065582,0.1424931943369609,4.783811164304457,0.2,0.125332325501715,-0.053311013645768734,0.10526037216186523
SPY,1d,3,0.0,0.0,20,50,0.5738913229650409,0.8117862336263302,0.6861868817756026,0.28311352292639036,2.423716375971244,0.02857142857142857,-0.0690750319085914,-0.0048701934014824255,0.09754109382629395
SPY,1d,3,0.0,0.25,8,21,0.407382526152931,0.895313541812067,0.39576997209421744,0.03948565217185355,10.02313372897341,0.7714285714285715,1.1562773543993086,-0.026348241817792495,0.11416745185852051
SPY,1d,3,0.0,0.25,9,21,0.4238590388905996,1.127211811087642,0.40018295130722387,0.02508572354208163,15.952617457332323,0.7714285714285715,1.1799043741394706,-0.03322296945538561,0.11679506301879883
SPY,1d,3,0.0,0.25,10,30,0.37211772689039624,0.6836062224564945,0.39133887571733994,0.04723235834007485,8.285397754219353,0.4857142857142857,0.7830068629050434,-0.036560140766364047,0.1156163215637207
SPY,1d,3,0.0,0.25,12,26,0.36345017950098,0.6562355465452681,0.4064875920353786,0.04384435838612519,9.271149288023658,0.5142857142857142,0.8150995640807481,-0.036560140766364047,0.10936689376831055
SPY,1d,3,0.0,0.25,20,50,0.32570643213342576,0.6127452975917287,0.4004485098688694,0.09769390048894148,4.09901240368838,0.14285714285714285,0.1599071092532555,-0.0048701934014824255,0.0949103832244873
SPY,1d,3,0.0,0.5,8,21,0.5950400058180484,0.9815885457690792,0.5703804632083965,0.041597137230340454,13.712012440903454,0.7714285714285715,1.2540645199534328,-0.026348241817792495,0.10481071472167969
SPY,1d,3,0.0,0.5,9,21,0.6011884790863464,1.2755969064132229,0.568968956433621,0.03213341054504518,17.70646024753676,0.7714285714285715,1.2617161124043028,-0.03322296945538561,0.10803365707397461
SPY,1d,3,0.0,0.5,10,30,0.5325771775807678,0.5067472101251189,0.5341700897228356,0.04651789491512618,11.483109687088184,0.4857142857142857,0.805625014163728,-0.036560140766364047,0.10456538200378418
SPY,1d,3,0.0,0.5,12,26,0.5163661793311763,0.47217831814400735,0.5430692827387912,0.04394402937296454,12.358204072039442,0.5142857142857142,0.8490636937581502,-0.036560140766364047,0.10283493995666504
SPY,1d,3,0.0,0.5,20,50,0.42356987882758057,0.4329553063994849,0.46628682626026546,0.06827146937045447,6.829892934193361,0.14285714285714285,0.15985456500222484,-0.0048701934014824255,0.09803509712219238
SPY,1d,3,0.0,0.75,8,21,0.760470756274518,1.007389847832469,0.7283346316269937,0.04533672087975389,16.06500464730892,0.7714285714285715,1.3196176134211992,-0.03097791075383005,0.1125330924987793
SPY,1d,3,0.0,0.75,9,21,0.7613355059288497,1.358589434074998,0.7232917028110936,0.04095436094171443,17.660920258051892,0.7714285714285715,1.3162576672634305,-0.033693021385652666,0.10668134689331055
SPY,1d,3,0.0,0.75,10,30,0.681548698621706,0.3441251214996417,0.6705930319226718,0.050712913020078916,13.22331911119288,0.4857142857142857,0.8185430780894517,-0.036560140766364047,0.10597896575927734
SPY,1d,3,0.0,0.75,12,26,0.6597566090151493,0.30381255825602715,0.6769374764025429,0.047369734747369656,14.290505953068099,0.5142857142857142,0.8712922096977042,-0.036560140766364047,0.10612916946411133
SPY,1d,3,0.0,0.75,20,50,0.5285966400971059,0.27084270260937515,0.5520469595846269,0.061171110628263796,9.024635222652904,0.14285714285714285,0.15981310781658498,-0.0048701934014824255,0.100006103515625
SPY,1d,3,0.0,1.0,8,21,0.8960246633533446,0.9855113246116634,0.8586197752044369,0.048441060297459614,17.72504090397595,0.7714285714285715,1.3690729738898157,-0.03931054671467227,0.10747313499450684
SPY,1d,3,0.0,1.0,9,21,0.8932761562495942,1.3868370351025772,0.850925317746334,0.0474754534763385,17.923479512848264,0.7714285714285715,1.3573360811887702,-0.039873301845434916,0.10740971565246582
SPY,1d,3,0.0,1.0,10,30,0.8052710217599852,0.19518477221594144,0.7845748885629056,0.054572926067345,14.376632244250771,0.4857142857142857,0.8278480258746354,-0.036560140766364047,0.10550975799560547
SPY,1d,3,0.0,1.0,12,26,0.7791183525719406,0.15047834506640712,0.7893977372789956,0.050265466218617466,15.704574067724776,0.5142857142857142,0.8878775076082764,-0.036560140766364047,0.10866284370422363
SPY,1d,3,0.0,1.0,20,50,0.6187413850589348,0.12493328159291983,0.6281135019338123,0.06000606442564175,10.467500375935458,0.14285714285714285,0.1597798764074168,-0.0048701934014824255,0.09945416450500488
SPY,1d,3,0.1,0.0,8,21,0.5325076090134077,0.7017149915330534,0.6168203189155372,0.1725940631891422,3.573821182015843,0.3142857142857143,0.23110890202888337,-0.10927621594821013,0.11024212837219238
SPY,1d,3,0.1,0.0,9,21,0.6333451374833894,0.8789358392154778,0.630806370746043,0.18406561927023246,3.427073308133316,0.3142857142857143,0.32258012179789447,-0.08757614254312207,0.10187339782714844
SPY,1d,3,0.1,0.0,10,30,0.6790766092331132,0.9988312590346866,0.646970599003867,0.16144544820279252,4.007363516320408,0.17142857142857143,0.10630924889196067,-0.053311013645768734,0.09979557991027832
SPY,1d,3,0.1,0.0,12,26,0.6578693239237093,0.9376074136966936,0.6943632252376359,0.15062641434745083,4.60983704780985,0.2,0.125332325501715,-0.053311013645768734,0.10988640785217285
SPY,1d,3,0.1,0.0,20,50,0.5887888235711601,0.8432835176281372,0.6805595728489042,0.2954997353408701,2.303080143418244,0.02857142857142857,-0.0690750319085914,-0.0048701934014824255,0.09774184226989746
SPY,1d,3,0.1,0.25,8,21,0.40596407017553554,0.8513640743138988,0.39641708207561355,0.03659687273554234,10.83199334927378,0.7714285714285715,1.1596597380633527,-0.026348241817792495,0.11059284210205078
SPY,1d,3,0.1,0.25,9,21,0.42291579382622335,1.094315431747379,0.4050768160390706,0.023920479283861276,16.93431018802239,0.7714285714285715,1.1860147954104887,-0.03322296945538561,0.11122345924377441
SPY,1d,3,0.1,0.25,10,30,0.3861967854669658,0.8244689644398773,0.39640850261632987,0.04374985421808898,9.060795966090998,0.4857142857142857,0.7830068629050434,-0.036560140766364047,0.10576796531677246
SPY,1d,3,0.1,0.25,12,26,0.3728349325317106,0.7474280183723363,0.40973968380078407,0.04186511506159013,9.7871386044919,0.5142857142857142,0.8150995640807481,-0.036560140766364047,0.10466551780700684
SPY,1d,3,0.1,0.25,20,50,0.330458390812273,0.6482832271890406,0.3999093951158514,0.09927661217901271,4.028233703168137,0.14285714285714285,0.1599071092532555,-0.0048701934014824255,0.10143208503723145
SPY,1d,3,0.1,0.5,8,21,0.5986168809309955,0.9264134260579746,0.5725845090437909,0.039055538592486914,14.660776158235814,0.7714285714285715,1.2560627182526123,-0.026348241817792495,0.10692691802978516
SPY,1d,3,0.1,0.5,9,21,0.6046096210168128,1.232276921138745,0.5744465274516443,0.03330761666385188,17.24670165533279,0.7714285714285715,1.2652951789568208,-0.03322296945538561,0.11000609397888184
SPY,1d,3,0.1,0.5,10,30,0.5417851288238822,0.6603644760869751,0.5385856425214819,0.04560932909836423,11.808672768677015,0.4857142857142857,0.805625014163728,-0.036560140766364047,0.10917949676513672
SPY,1d,3,0.1,0.5,12,26,0.5220838906462086,0.5703384371650841,0.5491911738657149,0.04359248218425627,12.59830012763208,0.5142857142857142,0.8490636937581502,-0.036560140766364047,0.1261136531829834
SPY,1d,3,0.1,0.5,20,50,0.4263453915562082,0.4713873229786463,0.4666859456182711,0.06760557586847582,6.903068861157126,0.14285714285714285,0.15985456500222484,-0.0048701934014824255,0.10198187828063965
SPY,1d,3,0.1,0.75,8,21,0.767309941330553,0.9421429531355809,0.7322554553501133,0.04401355772081259,16.637043067387694,0.7714285714285715,1.3211063398470142,-0.03097791075383005,0.11232519149780273
SPY,1d,3,0.1,0.75,9,21,0.7680171518836768,1.3049294650622878,0.7297645696889733,0.04267651517052221,17.099910027167372,0.7714285714285715,1.3189122407484735,-0.033693021385652666,0.10933566093444824
SPY,1d,3,0.1,0.75,10,30,0.6889411185126737,0.5065503599162495,0.6752082722704477,0.05064606707588163,13.331899419925369,0.4857142857142857,0.8185430780894517,-0.036560140766364047,0.10181522369384766
SPY,1d,3,0.1,0.75,12,26,0.6641371469475109,0.4061967398398829,0.6853265772654251,0.04759581855070377,14.398882047492208,0.5142857142857142,0.8712922096977042,-0.036560140766364047,0.1062469482421875
SPY,1d,3,0.1,0.75,20,50,0.5306060623287007,0.311184129375621,0.5530446347225919,0.05987229912551518,9.237070277912652,0.14285714285714285,0.15981310781658498,-0.0048701934014824255,0.11008191108703613
SPY,1d,3,0.1,1.0,8,21,0.9053092401855073,0.9117179476943562,0.8640199603539077,0.04798305377039619,18.00677306801546,0.7714285714285715,1.3702784779590595,-0.03931054671467227,0.10735321044921875
SPY,1d,3,0.1,1.0,9,21,0.9024849185784156,1.3233464691855126,0.8582863898430091,0.04937834812951633,17.381836824346117,0.7714285714285715,1.3594825941891933,-0.039873301845434916,0.1059255599975586
SPY,1d,3,0.1,1.0,10,30,0.8116240934131131,0.36295545823673825,0.7894865923673261,0.0549395953321448,14.370083863821302,0.4857142857142857,0.8278480258746354,-0.036560140766364047,0.1018681526184082
SPY,1d,3,0.1,1.0,12,26,0.7827599630454745,0.254738591443336,0.7995684396060523,0.050847828787823596,15.724731196340146,0.5142857142857142,0.8878775076082764,-0.036560140766364047,0.1070396900177002
SPY,1d,3,0.1,1.0,20,50,0.6203207178736708,0.1663455616328704,0.6295570319530307,0.05878216865398761,10.710000096437806,0.14285714285714285,0.1597798764074168,-0.0048701934014824255,0.09960317611694336
SPY,1d,3,0.25,0.0,8,21,0.4978867696747654,0.6353846393072546,0.6374145028306295,0.19015574199272264,3.352065502471252,0.3142857142857143,0.23110890202888337,-0.10927621594821013,0.10647058486938477
SPY,1d,3,0.25,0.0,9,21,0.7198978580608378,1.0558692752460175,0.659326717857559,0.19119157189771363,3.4485135056596268,0.3142857142857143,0.32258012179789447,-0.08757614254312207,0.10254764556884766
SPY,1d,3,0.25,0.0,10,30,0.7013250709815675,1.0320540469867363,0.6744493733628387,0.1564757645045588,4.310248142888538,0.17142857142857143,0.10630924889196067,-0.053311013645768734,0.10120654106140137
SPY,1d,3,0.25,0.0,12,26,0.6714368830639849,0.9553070354922981,0.6864868424952374,0.13913493320403983,4.933964653495841,0.2,0.125332325501715,-0.053311013645768734,0.0989370346069336
SPY,1d,3,0.25,0.0,20,50,0.6381718509352784,0.9346049729692123,0.6734141196029376,0.292619797076059,2.301327956385333,0.02857142857142857,-0.0690750319085914,-0.0048701934014824255,0.0948936939239502
SPY,1d,3,0.25,0.25,8,21,0.40041237012940145,0.7603895900379156,0.40819041996922484,0.04111743188341867,9.927429833813012,0.7714285714285715,1.1596597380633527,-0.026348241817792495,0.10431981086730957
SPY,1d,3,0.25,0.25,9,21,0.440286806820712,1.3418143324111793,0.410082707096376,0.031830536622899065,12.883311140955136,0.7714285714285715,1.1860147954104887,-0.03322296945538561,0.1093587875366211
SPY,1d,3,0.25,0.25,10,30,0.4325428421275029,1.315629059913638,0.4018267237898436,0.044449299578320306,9.040113738616265,0.4857142857142857,0.7830068629050434,-0.036560140766364047,0.1076650619506836
SPY,1d,3,0.25,0.25,12,26,0.3797360787749171,0.763157528806399,0.4063041522555631,0.04088708291411841,9.937225238322524,0.5142857142857142,0.8150995640807481,-0.036560140766364047,0.12165284156799316
SPY,1d,3,0.25,0.25,20,50,0.3465499663898047,0.7505162451944987,0.39023790592640284,0.09655207885218117,4.041734891320646,0.14285714285714285,0.1599071092532555,-0.0048701934014824255,0.10603880882263184
SPY,1d,3,0.25,0.5,8,21,0.5996671172577541,0.8118135723714772,0.5911626027074336,0.04614170722053261,12.811892717406261,0.7714285714285715,1.2560627182526123,-0.026348241817792495,0.10544872283935547
SPY,1d,3,0.25,0.5,9,21,0.6147727169722863,1.5502171439025556,0.5790469877524715,0.0344285423618682,16.818806374846787,0.7714285714285715,1.2652951789568208,-0.03322296945538561,0.10597395896911621
SPY,1d,3,0.25,0.5,10,30,0.5964288861570803,1.5261780139343184,0.5436893934790332,0.04588690831413007,11.848464266911911,0.4857142857142857,0.805625014163728,-0.036560140766364047,0.10396122932434082
SPY,1d,3,0.25,0.5,12,26,0.5370383135466033,0.5845443901323644,0.5492590239290787,0.044241695680045955,12.41496320351951,0.5142857142857142,0.8490636937581502,-0.036560140766364047,0.10316801071166992
SPY,1d,3,0.25,0.5,20,50,0.4443528647483188,0.5810844686044963,0.460203500007592,0.0630007661482836,7.304728627020513,0.14285714285714285,0.15985456500222484,-0.0048701934014824255,0.09590792655944824
SPY,1d,3,0.25,0.75,8,21,0.7722747669647883,0.8061194596325594,0.7560179279184827,0.053625476306096376,14.098111196310908,0.7714285714285715,1.3211063398470142,-0.03097791075383005,0.11048388481140137
SPY,1d,3,0.25,0.75,9,21,0.7757080410527292,1.689731911078054,0.7353685310864821,0.04477169698345009,16.424852767102216,0.7714285714285715,1.3189122407484735,-0.033693021385652666,0.1107475757598877
SPY,1d,3,0.25,0.75,10,30,0.7490955581914458,1.6718833507385416,0.6809294873766752,0.050742928462491003,13.41919964039947,0.4857142857142857,0.8185430780894517,-0.036560140766364047,0.1034088134765625
SPY,1d,3,0.25,0.75,12,26,0.6851392291282493,0.41923893507748833,0.6876270275866851,0.04925353362748219,13.960968420812089,0.5142857142857142,0.8712922096977042,-0.036560140766364047,0.09986329078674316
SPY,1d,3,0.25,0.75,20,50,0.550957605454298,0.4254351118632784,0.5487837231566258,0.05470580516004951,10.031544578332811,0.14285714285714285,0.15981310781658498,-0.0048701934014824255,0.0944831371307373
SPY,1d,3,0.25,1.0,8,21,0.9130963959699807,0.7572559898080775,0.8918258956215771,0.059613463917289514,14.960142172898017,0.7714285714285715,1.3702784779590595,-0.03931054671467227,0.10557746887207031
SPY,1d,3,0.25,1.0,9,21,0.9088641762507794,1.7688650797691299,0.8649756219895594,0.05312754310714806,16.281114679914136,0.7714285714285715,1.3594825941891933,-0.039873301845434916,0.10645484924316406
SPY,1d,3,0.25,1.0,10,30,0.8757168764183925,1.7606628069480736,0.7958560203556132,0.05491176662907771,14.49336033443476,0.4857142857142857,0.8278480258746354,-0.036560140766364047,0.10691547393798828
SPY,1d,3,0.25,1.0,12,26,0.8084656049227728,0.26689999591763436,0.8035063221360883,0.053368317112067125,15.055867706092746,0.5142857142857142,0.8878775076082764,-0.036560140766364047,0.10419130325317383
SPY,1d,3,0.25,1.0,20,50,0.6426800196495167,0.28271728513745087,0.6270035508822561,0.05363396915484061,11.690418605270562,0.14285714285714285,0.1597798764074168,-0.0048701934014824255,0.10471272468566895
SPY,1d,3,0.4,0.0,8,21,0.5618212215078732,0.7533635172539044,0.6450402230217838,0.19791298552366265,3.2592112200978454,0.3142857142857143,0.23110890202888337,-0.10927621594821013,0.11833786964416504
SPY,1d,3,0.4,0.0,9,21,0.6840985744071933,0.972085817341535,0.6760653035378115,0.15531444239191802,4.352881117338971,0.3142857142857143,0.32258012179789447,-0.08757614254312207,0.11696982383728027
SPY,1d,3,0.4,0.0,10,30,0.7247384756335858,1.084763092986734,0.6822743174974534,0.1533225665802033,4.449927578929189,0.17142857142857143,0.10630924889196067,-0.053311013645768734,0.09621715545654297
SPY,1d,3,0.4,0.0,12,26,0.7149506594018036,1.050597950443957,0.6680016558848249,0.14209689663932723,4.7010291687112495,0.2,0.125332325501715,-0.053311013645768734,0.09845948219299316
SPY,1d,3,0.4,0.0,20,50,0.6333869526029813,0.9109877576298067,0.6645932279321454,0.2754440886928677,2.412806283431249,0.02857142857142857,-0.0690750319085914,-0.0048701934014824255,0.09778571128845215
SPY,1d,3,0.4,0.25,8,21,0.41963133871191505,0.9214592353899114,0.4189031823707049,0.04133594267222749,10.134114653980172,0.7714285714285715,1.1596597380633527,-0.026348241817792495,0.10311365127563477
SPY,1d,3,0.4,0.25,9,21,0.4339758239714347,1.2244779768336156,0.41826932329425626,0.036411213093068294,11.48737676564485,0.7714285714285715,1.1860147954104887,-0.03322296945538561,0.11446094512939453
SPY,1d,3,0.4,0.25,10,30,0.4399451441555638,1.392486918921902,0.40358215148190324,0.038296543704428775,10.538343997743882,0.4857142857142857,0.7830068629050434,-0.036560140766364047,0.10556530952453613
SPY,1d,3,0.4,0.25,12,26,0.39018249862675825,0.8718335868032849,0.4016922606479656,0.036095019350076925,11.128744848480308,0.5142857142857142,0.8150995640807481,-0.036560140766364047,0.10632967948913574
SPY,1d,3,0.4,0.25,20,50,0.34270663250663075,0.7195352788515101,0.3843301649150629,0.08941632190085005,4.298210402136986,0.14285714285714285,0.1599071092532555,-0.0048701934014824255,0.10139608383178711
SPY,1d,3,0.4,0.5,8,21,0.6213650519724441,1.0137190787262216,0.6086305192099554,0.04512337730483301,13.488141969035793,0.7714285714285715,1.2560627182526123,-0.026348241817792495,0.11263227462768555
SPY,1d,3,0.4,0.5,9,21,0.6153949147183981,1.4010433067351067,0.5878097641951576,0.040273518485255545,14.595441031812491,0.7714285714285715,1.2652951789568208,-0.03322296945538561,0.11031007766723633
SPY,1d,3,0.4,0.5,10,30,0.6058285481571019,1.6292080826156532,0.545278287572536,0.04244174131517888,12.847688871274528,0.4857142857142857,0.805625014163728,-0.036560140766364047,0.10283589363098145
SPY,1d,3,0.4,0.5,12,26,0.5436585014750863,0.7031524401752398,0.5488112564104516,0.04173340393637333,13.150407219290528,0.5142857142857142,0.8490636937581502,-0.036560140766364047,0.10734772682189941
SPY,1d,3,0.4,0.5,20,50,0.44192893650392706,0.5444661314034756,0.46093800964248544,0.062082725415932925,7.424577554454306,0.14285714285714285,0.15985456500222484,-0.0048701934014824255,0.09562325477600098
SPY,1d,3,0.4,0.75,8,21,0.7975401501375406,1.0445236125444834,0.7784406907938606,0.052198633656309584,14.913047263254667,0.7714285714285715,1.3211063398470142,-0.03097791075383005,0.10489368438720703
SPY,1d,3,0.4,0.75,9,21,0.7803046619680557,1.5112547896037811,0.7448177927395913,0.04996945729264009,14.905460917409126,0.7714285714285715,1.3189122407484735,-0.033693021385652666,0.10905027389526367
SPY,1d,3,0.4,0.75,10,30,0.7608089815955945,1.8021109533258413,0.682703181157577,0.04892209608232545,13.95490454883072,0.4857142857142857,0.8185430780894517,-0.036560140766364047,0.10326790809631348
SPY,1d,3,0.4,0.75,12,26,0.6903316911926486,0.5446925661997404,0.6895819768233208,0.047743595742907395,14.443444531003143,0.5142857142857142,0.8712922096977042,-0.036560140766364047,0.11208224296569824
SPY,1d,3,0.4,0.75,20,50,0.5490115965685647,0.3846709395248664,0.553484798718102,0.055088883736775424,10.047123143078224,0.14285714285714285,0.15981310781658498,-0.0048701934014824255,0.09925699234008789
SPY,1d,3,0.4,1.0,8,21,0.9414875242207507,1.0264841874784043,0.9180673095420804,0.05803312317187192,15.81971224990108,0.7714285714285715,1.3702784779590595,-0.03931054671467227,0.10611081123352051
SPY,1d,3,0.4,1.0,9,21,0.9162981925465393,1.5642340703120707,0.8749868452206424,0.058049733900382844,15.073055230919358,0.7714285714285715,1.3594825941891933,-0.039873301845434916,0.1126708984375
SPY,1d,3,0.4,1.0,10,30,0.8893876707357258,1.918231963468676,0.7978332798516472,0.054191885112472866,14.722375466285763,0.4857142857142857,0.8278480258746354,-0.036560140766364047,0.10787558555603027
SPY,1d,3,0.4,1.0,12,26,0.8128492048698628,0.39647393918908413,0.807172405020224,0.05240308161814162,15.403147679406434,0.5142857142857142,0.8878775076082764,-0.036560140766364047,0.10156440734863281
SPY,1d,3,0.4,1.0,20,50,0.6409882373913586,0.23908677176561133,0.6345313260113683,0.0533618364980607,11.891107346622688,0.14285714285714285,0.1597798764074168,-0.0048701934014824255,0.10088992118835449
SPY,1d,3,0.55,0.0,8,21,0.6235281493031558,0.8615126685075905,0.6564628036139148,0.19758111470681394,3.3224977224570518,0.3142857142857143,0.20358537879742072,-0.06837256765745336,0.11115527153015137
SPY,1d,3,0.55,0.0,9,21,0.7378622116836463,1.0749814812943699,0.7040325547078709,0.12476192381717448,5.643008164410456,0.3142857142857143,0.31261025645014096,-0.06837256765745336,0.11554956436157227
SPY,1d,3,0.55,0.0,10,30,0.7433343567289026,1.1107924935352407,0.6887399361589558,0.13763770822612087,5.004006133460502,0.17142857142857143,0.07911374364927842,-0.04486706689734743,0.11797952651977539
SPY,1d,3,0.55,0.0,12,26,0.721070561578884,1.0505619594331597,0.6638355072848066,0.15807275399994442,4.199556789432795,0.2,0.0953464966854485,-0.05169328983777888,0.10930418968200684
SPY,1d,3,0.55,0.0,20,50,0.6723335924317495,0.993160146800846,0.6508861510173445,0.28189346257568737,2.30897923304122,0.02857142857142857,-0.0690750319085914,-0.0048701934014824255,0.09568381309509277
SPY,1d,3,0.55,0.25,8,21,0.43839970506386533,1.0724293764394672,0.42677697482740645,0.0363095516219129,11.753848664158264,0.8285714285714286,1.3503926405335405,-0.009859850962714134,0.11282634735107422
SPY,1d,3,0.55,0.25,9,21,0.44862178482425585,1.3690909216321052,0.42702633308842614,0.0368582402859121,11.58564081670615,0.8,1.30462104758625,-0.014903595946319736,0.11650753021240234
SPY,1d,3,0.55,0.25,10,30,0.4423657289099918,1.4313946401478432,0.40680791416939444,0.04089709446334262,9.947110412306415,0.5142857142857142,0.8859823391117599,-0.007904264304637865,0.10543680191040039
SPY,1d,3,0.55,0.25,12,26,0.3980665892629256,0.8688889302548088,0.40035285870502807,0.03957897543906159,10.115291117665182,0.5428571428571428,0.9162981809376631,-0.007904264304637865,0.1089169979095459
SPY,1d,3,0.55,0.25,20,50,0.35408352865312553,0.8134292159028904,0.3781841970320831,0.08783373305369321,4.3056828382883054,0.17142857142857143,0.2155021619854609,-0.0048701934014824255,0.10435819625854492
SPY,1d,3,0.55,0.5,8,21,0.6464642752995263,1.207268275695352,0.6205729855824111,0.04241649842876677,14.63046240425966,0.8285714285714286,1.436607117758178,-0.015891100955256143,0.11420202255249023
SPY,1d,3,0.55,0.5,9,21,0.6341364091658112,1.5878003569908787,0.5992492838063203,0.04158373020461854,14.410666884804002,0.8,1.3783819083333202,-0.019798617862745838,0.10715246200561523
SPY,1d,3,0.55,0.5,10,30,0.6070183731024824,1.6825428351308882,0.5492489529709217,0.042793802108163505,12.834778073298258,0.5142857142857142,0.9139404085365896,-0.015308528609275784,0.1033012866973877
SPY,1d,3,0.55,0.5,12,26,0.5644473395465962,0.6969163794714259,0.5485702499384848,0.04166919132669652,13.16488831370788,0.5428571428571428,0.9551616108240495,-0.015308528609275784,0.1077423095703125
SPY,1d,3,0.55,0.5,20,50,0.44871272689578395,0.6473013359810913,0.45725140390680963,0.061322250180857824,7.456533355482508,0.17142857142857143,0.21570696822202592,-0.0048701934014824255,0.09992384910583496
SPY,1d,3,0.55,0.75,8,21,0.8287949464870014,1.278321612437359,0.793874032712256,0.05160495549593491,15.383678274362468,0.8285714285714286,1.4994207543590414,-0.021922350947798375,0.11001229286193848
SPY,1d,3,0.55,0.75,9,21,0.8032119026778033,1.7385249714794702,0.7588283400460337,0.05038527219432829,15.060518818263972,0.8,1.4342331044477454,-0.024693639779172383,0.10470867156982422
SPY,1d,3,0.55,0.75,10,30,0.7617185097638904,1.8708990780968184,0.6876231635067751,0.048411057614751785,14.203845100406214,0.5142857142857142,0.9349334615939459,-0.022712792913913704,0.10706448554992676
SPY,1d,3,0.55,0.75,12,26,0.720087034816509,0.5350464446266865,0.6900605094984871,0.04667515238110552,14.78432258483272,0.5428571428571428,0.9821622329259989,-0.022712792913913704,0.10994768142700195
SPY,1d,3,0.55,0.75,20,50,0.5542609423010023,0.49399543697210957,0.5511652735021701,0.05528657591307809,9.969242341372627,0.17142857142857143,0.21584948727428738,-0.0048701934014824255,0.0988609790802002
SPY,1d,3,0.55,1.0,8,21,0.9778486514796013,1.2966684176493621,0.9363095206644205,0.059007172779433355,15.867723813244046,0.8285714285714286,1.5481912721511337,-0.027953600940340495,0.10495471954345703
SPY,1d,3,0.55,1.0,9,21,0.9426782995136231,1.8288011032149436,0.8911002265986058,0.057819494853895634,15.411760840358971,0.8,1.4781452070483625,-0.02980566650055272,0.10679483413696289
SPY,1d,3,0.55,1.0,10,30,0.8901958326137505,2.0029985893969906,0.8035636111823408,0.053320455993974315,15.070456473087,0.5142857142857142,0.9515341375284461,-0.030117057218551513,0.10279345512390137
SPY,1d,3,0.55,1.0,12,26,0.8494457020761226,0.3835038789922913,0.8081733142702289,0.05092824668882626,15.868861914846626,0.5428571428571428,1.0027628277917877,-0.030117057218551513,0.1089639663696289
SPY,1d,3,0.55,1.0,20,50,0.64543374519287,0.3527529298890477,0.6331580782509748,0.05410970592264301,11.701377182795229,0.17142857142857143,0.21595432155158112,-0.0048701934014824255,0.11505556106567383
SPY,1d,3,0.7,0.0,8,21,0.7000373185483031,0.9798057307035375,0.6796083007098919,0.22688852948610802,2.9953400564108423,0.2857142857142857,0.10723782935765686,-0.06837256765745336,0.11782693862915039
SPY,1d,3,0.7,0.0,9,21,0.8029872776728612,1.1985944916487359,0.7251767385624078,0.15291270337033588,4.74242311187265,0.2857142857142857,0.21817824843676892,-0.06837256765745336,0.1213693618774414
SPY,1d,3,0.7,0.0,10,30,0.6536712722627673,0.9085278790428923,0.7132864089788741,0.16806079342633226,4.244216598272433,0.17142857142857143,0.07911374364927842,-0.04486706689734743,0.10006308555603027
SPY,1d,3,0.7,0.0,12,26,0.74247478296314,1.0796634393070152,0.6646555589382406,0.1676952819852314,3.963472025389334,0.2,0.0953464966854485,-0.05169328983777888,0.10473227500915527
SPY,1d,3,0.7,0.0,20,50,0.6503088971040077,0.9396846259938143,0.637836771478834,0.28795986134103774,2.215019720138803,0.02857142857142857,-0.0690750319085914,-0.0048701934014824255,0.09795761108398438
SPY,1d,3,0.7,0.25,8,21,0.4562444587509769,1.2383371342469878,0.4373652589942639,0.036752472077443345,11.900294980774769,0.8285714285714286,1.3460858489720895,-0.016492465489184815,0.10500836372375488
SPY,1d,3,0.7,0.25,9,21,0.46405211759127674,1.5483016693506828,0.4288677689240675,0.02659729125944262,16.12449045057587,0.8,1.2992104101694744,-0.016492465489184815,0.1014094352722168
SPY,1d,3,0.7,0.25,10,30,0.4227298289345874,1.1402273769076978,0.41171365603222465,0.03965170615483884,10.383251969650283,0.5142857142857142,0.8859823391117599,-0.007904264304637865,0.11703205108642578
SPY,1d,3,0.7,0.25,12,26,0.40313050883506274,0.9022813919704293,0.4004341474929328,0.036717605482598205,10.90578054396039,0.5428571428571428,0.9162981809376631,-0.007904264304637865,0.1022334098815918
SPY,1d,3,0.7,0.25,20,50,0.34651345288121016,0.7522758326223515,0.374078675451177,0.0845020956245202,4.426856786053832,0.17142857142857143,0.2155021619854609,-0.0048701934014824255,0.10742068290710449
SPY,1d,3,0.7,0.5,8,21,0.6702928290895794,1.4228005123883785,0.632976153906719,0.038145317720275115,16.59380998077983,0.8285714285714286,1.4379807153512525,-0.027949194052194315,0.13021492958068848
SPY,1d,3,0.7,0.5,9,21,0.6528743060611437,1.826495121909796,0.6033090007942254,0.03725367811267129,16.1946157093417,0.8,1.3793931472239687,-0.027949194052194315,0.10935330390930176
SPY,1d,3,0.7,0.5,10,30,0.5987168081405013,1.2971786887093115,0.555912918593365,0.042754826494486434,13.002342990797876,0.5142857142857142,0.9139404085365896,-0.015308528609275784,0.10742473602294922
SPY,1d,3,0.7,0.5,12,26,0.5723122396028234,0.733573574585334,0.5534735895752786,0.04196018991623406,13.190445293031052,0.5428571428571428,0.9551616108240495,-0.015308528609275784,0.11127638816833496
SPY,1d,3,0.7,0.5,20,50,0.44350891786894336,0.5802649232450285,0.4581710363675387,0.05690696518494281,8.05122949147827,0.17142857142857143,0.21570696822202592,-0.0048701934014824255,0.11774301528930664
SPY,1d,3,0.7,0.75,8,21,0.8586015397370365,1.5424105119175175,0.8085976873274957,0.047794298420517176,16.918287621110476,0.8285714285714286,1.5041195593369996,-0.03934296016703753,0.11177635192871094
SPY,1d,3,0.7,0.75,9,21,0.8258020045677195,2.0380600268851556,0.7653878614481139,0.05128164548552225,14.925181401680977,0.8,1.438794806965124,-0.03934296016703753,0.10829329490661621
SPY,1d,3,0.7,0.75,10,30,0.7592673318944356,1.389957414707787,0.6962272040309163,0.050212145778197326,13.865713030993906,0.5142857142857142,0.9349334615939459,-0.022712792913913704,0.10623431205749512
SPY,1d,3,0.7,0.75,12,26,0.730480809025921,0.5740366196643925,0.6983924773972936,0.04921546457983696,14.190508681765394,0.5428571428571428,0.9821622329259989,-0.022712792913913704,0.11001396179199219
SPY,1d,3,0.7,0.75,20,50,0.5501036823166017,0.4226601613420009,0.5548625696334621,0.05214686674487713,10.640381757701126,0.17142857142857143,0.21584948727428738,-0.0048701934014824255,0.10254669189453125
SPY,1d,3,0.7,1.0,8,21,1.0126362365303168,1.6059462049729727,0.9530370744122137,0.056170059101962655,16.966994332019734,0.8285714285714286,1.555315194368129,-0.050673763833715024,0.11484074592590332
SPY,1d,3,0.7,1.0,9,21,0.9685576709582567,2.1883196518076926,0.899805523306483,0.062134314115524995,14.48161995694511,0.8,1.4852280505445712,-0.050673763833715024,0.11041045188903809
SPY,1d,3,0.7,1.0,10,30,0.8917400671186066,1.4283960444097303,0.8137938826931688,0.05650111748310143,14.403146680002592,0.5142857142857142,0.9515341375284461,-0.030117057218551513,0.10303735733032227
SPY,1d,3,0.7,1.0,12,26,0.8618949131289311,0.42399206585973004,0.8191191328906926,0.055059495241239265,14.876982240788449,0.5428571428571428,1.0027628277917877,-0.030117057218551513,0.10320711135864258
SPY,1d,3,0.7,1.0,20,50,0.6419213827946264,0.2785078623864521,0.6387955204695795,0.05291466324352511,12.072183423519105,0.17142857142857143,0.21595432155158112,-0.0048701934014824255,0.10102486610412598
SPY,1d,3,0.85,0.0,8,21,0.7070533576621875,0.994079976705011,0.7298784780045198,0.23810034087329762,3.0654239104719143,0.4,0.3388935804463066,-0.06703497546972159,0.11080145835876465
SPY,1d,3,0.85,0.0,9,21,0.7602748124455456,1.1001954155653473,0.7433129994158145,0.19652108993947068,3.7823574031914746,0.34285714285714286,0.24461353150040901,-0.0616552430139673,0.10582900047302246
SPY,1d,3,0.85,0.0,10,30,0.7082552140814306,1.007658651013542,0.7078032050595203,0.15303587476673455,4.6250802704816225,0.2,0.15593776701387368,-0.03448407528227637,0.10541701316833496
SPY,1d,3,0.85,0.0,12,26,0.6747330857825757,0.9316623109105346,0.687652172225084,0.16437598508425716,4.183410197496926,0.22857142857142856,0.1552340999433652,-0.047207295678083794,0.1003713607788086
SPY,1d,3,0.85,0.0,20,50,0.6124630045174309,0.8612463985306416,0.620005713665216,0.27697557749707963,2.2384851374549553,0.08571428571428572,0.07948387740079925,-0.0004999999999999449,0.10367345809936523
SPY,1d,3,0.85,0.25,8,21,0.46143433490329705,1.261712154384103,0.4546019921968612,0.0376678425051813,12.068702690745551,0.8285714285714286,1.2944073644627716,-0.02482831425413068,0.10942888259887695
SPY,1d,3,0.85,0.25,9,21,0.4617400952835895,1.4089868472836788,0.44038572320903907,0.032230350037399914,13.663696568545424,0.8,1.2943018492523881,-0.02482831425413068,0.10963106155395508
SPY,1d,3,0.85,0.25,10,30,0.43307917462753864,1.2779554247865175,0.4130913587086164,0.03755848241366088,10.998616881239206,0.5142857142857142,0.870820497296488,0.0,0.11909985542297363
SPY,1d,3,0.85,0.25,12,26,0.3865665365025611,0.7366058101445461,0.4089274951396276,0.03791171482109526,10.786309642530007,0.5428571428571428,0.9099793842004456,0.0,0.10087370872497559
SPY,1d,3,0.85,0.25,20,50,0.3379346367533082,0.6636392660371135,0.3667404519326883,0.07965910026121224,4.60387389174746,0.22857142857142856,0.3755866734419248,-0.009017591094521493,0.09800004959106445
SPY,1d,3,0.85,0.5,8,21,0.6813242300871745,1.455654122515325,0.6560492176785336,0.04103251225286373,15.988521824732942,0.8285714285714286,1.3875704714068537,-0.03787862778214679,0.1106419563293457
SPY,1d,3,0.85,0.5,9,21,0.6644235235807934,1.6435191520450347,0.6207001778619553,0.03741834450551865,16.588125051080528,0.8,1.3781634768663402,-0.03787862778214679,0.10765242576599121
SPY,1d,3,0.85,0.5,10,30,0.6051559799164276,1.4730648170090297,0.5606291243528646,0.04231789712431136,13.248038358474735,0.5142857142857142,0.8961220309181789,-0.0008272525093108163,0.10388994216918945
SPY,1d,3,0.85,0.5,12,26,0.5610901161298761,0.5560332163278812,0.5642992768223682,0.041124493862829826,13.721731839535353,0.5428571428571428,0.9472206329993219,-0.0008272525093108163,0.11025357246398926
SPY,1d,3,0.85,0.5,20,50,0.445221936616769,0.4842651188197593,0.45742242240605024,0.05405506295985912,8.462156870406917,0.22857142857142856,0.3819991596996002,-0.017535182189043153,0.10130167007446289
SPY,1d,3,0.85,0.75,8,21,0.8743817226519416,1.584553864762599,0.8375028986502435,0.053455062523987296,15.66741968124019,0.8285714285714286,1.4570904320516596,-0.05084168101420228,0.10571837425231934
SPY,1d,3,0.85,0.75,9,21,0.8462927662009511,1.8104292835193436,0.7882433468994096,0.05423178765485392,14.534710747799943,0.8,1.4386576900630683,-0.05084168101420228,0.11015129089355469
SPY,1d,3,0.85,0.75,10,30,0.7643497246028949,1.6016997195572613,0.7037586683881123,0.05241085969819409,13.427726094185049,0.5142857142857142,0.9161563939812201,-0.005818775446735036,0.10290193557739258
SPY,1d,3,0.85,0.75,12,26,0.7217127945786023,0.38959124193270167,0.7119800021235968,0.04829413567807647,14.7425767565151,0.5428571428571428,0.9736412655568856,-0.005818775446735036,0.0991048812866211
SPY,1d,3,0.85,0.75,20,50,0.5574842254210686,0.32174037410721334,0.5579246716811013,0.05053401667209664,11.040576396318214,0.22857142857142856,0.3870780963723132,-0.02605277328356448,0.09435081481933594
SPY,1d,3,0.85,1.0,8,21,1.0322014578713377,1.656774301811713,0.9868033747765537,0.06403846816976533,15.409540593015873,0.8285714285714286,1.5114785868295648,-0.06371747395029659,0.10909152030944824
SPY,1d,3,0.85,1.0,9,21,0.9957303046934289,1.9166294388213583,0.9271505235294736,0.06763454041213834,13.70824016663353,0.8,1.485615116754115,-0.06371747395029659,0.10811495780944824
SPY,1d,3,0.85,1.0,10,30,0.896080603821481,1.6723439465807273,0.8235563326267374,0.06073658975380611,13.559476025325058,0.5142857142857142,0.932194732314926,-0.010810298384159256,0.1047980785369873
SPY,1d,3,0.85,1.0,12,26,0.8546685290191621,0.23681888974356768,0.8350514016880586,0.05425197000551582,15.392093625414129,0.5428571428571428,0.9939060831825027,-0.010810298384159256,0.10505437850952148
SPY,1d,3,0.85,1.0,20,50,0.6532490521683093,0.17475622173299943,0.6445839279017184,0.0519859787937584,12.399188066823687,0.22857142857142856,0.3911503437513781,-0.03457036437808614,0.10100340843200684
SPY,1d,3,1.0,0.0,8,21,0.670288311872445,0.9151808998343627,0.7625893921237366,0.2209403603219178,3.4515621818151163,0.37142857142857144,0.3228221221142232,-0.06703497546972159,0.10475921630859375
SPY,1d,3,1.0,0.0,9,21,0.6773568057365128,0.9364843770468145,0.7667787386964264,0.19774356316889258,3.8776419642116062,0.34285714285714286,0.2571280943121999,-0.0616552430139673,0.10321760177612305
SPY,1d,3,1.0,0.0,10,30,0.7138259798582506,1.023900487686392,0.7455477111396488,0.1484620746974424,5.021805822524266,0.2,0.15593776701387368,-0.03448407528227637,0.10260605812072754
SPY,1d,3,1.0,0.0,12,26,0.673296831195361,0.9310194046491911,0.7291346790944212,0.1447543995780798,5.037046757954528,0.22857142857142856,0.19261037743856677,-0.03448407528227637,0.10388398170471191
SPY,1d,3,1.0,0.0,20,50,0.5822548066325546,0.8018790356813963,0.5716659650301992,0.2562524530561815,2.2308702149472324,0.08571428571428572,0.07948387740079925,-0.0004999999999999449,0.09785985946655273
SPY,1d,3,1.0,0.25,8,21,0.45911363879076306,1.1500857843494274,0.4657928080861091,0.041495414869211614,11.225163299468871,0.8285714285714286,1.2956928634304337,-0.029449950183139895,0.1068277359008789
SPY,1d,3,1.0,0.25,9,21,0.45130413775170314,1.1790993083417383,0.4481561650444551,0.029601162360439283,15.139816456782018,0.8,1.2967762285206412,-0.029449950183139895,0.10637807846069336
SPY,1d,3,1.0,0.25,10,30,0.4349599549718048,1.3020348161805253,0.41861399023048607,0.03664108842296984,11.424714937454265,0.5142857142857142,0.870820497296488,0.0,0.11329984664916992
SPY,1d,3,1.0,0.25,12,26,0.4274056433933056,1.171033921083386,0.4148664080930777,0.03256155759088133,12.740987802415772,0.5428571428571428,0.915091318695791,0.0,0.10876822471618652
SPY,1d,3,1.0,0.25,20,50,0.33217921664499017,0.5977728603853985,0.3513446873668269,0.07937730749520383,4.426261087125637,0.22857142857142856,0.3755866734419248,-0.009017591094521493,0.10528326034545898
SPY,1d,3,1.0,0.5,8,21,0.6882754697597171,1.310515744379975,0.6701087316158707,0.03864081375559046,17.341993257554545,0.8285714285714286,1.39251286701544,-0.04705451553188289,0.1105806827545166
SPY,1d,3,1.0,0.5,9,21,0.6663901918549596,1.34683156826781,0.6342095069435789,0.036357266192526785,17.443817243716204,0.8,1.383811436853909,-0.04705451553188289,0.11946487426757812
SPY,1d,3,1.0,0.5,10,30,0.6065623219673694,1.505835254620814,0.5656138017247405,0.03963447387929361,14.270753371100918,0.5142857142857142,0.8961220309181789,-0.0008272525093108163,0.12567448616027832
SPY,1d,3,1.0,0.5,12,26,0.6066022029117843,1.3360402347936993,0.5710897086696377,0.038023877751666685,15.01923902657733,0.5428571428571428,0.9501427585871639,-0.0008272525093108163,0.10327768325805664
SPY,1d,3,1.0,0.5,20,50,0.44817166378488543,0.4142351005231537,0.45050516362210286,0.05854359525504235,7.69520835984703,0.22857142857142856,0.3819991596996002,-0.017535182189043153,0.10483598709106445
SPY,1d,3,1.0,0.75,8,21,0.887059023913568,1.4067014732129604,0.854742665736136,0.049238434649106315,17.35925749523497,0.8285714285714286,1.4645820635858582,-0.06450443647638315,0.12191939353942871
SPY,1d,3,1.0,0.75,9,21,0.8552996178833527,1.449541642040654,0.8064843596997575,0.05295223978587372,15.230410705212636,0.8,1.4466561750097082,-0.06450443647638315,0.12141609191894531
SPY,1d,3,1.0,0.75,10,30,0.7656125698516649,1.6436922995876868,0.70968203480013,0.04879805839818776,14.543243278435149,0.5142857142857142,0.9161563939812201,-0.005818775446735036,0.10597991943359375
SPY,1d,3,1.0,0.75,12,26,0.769794641853661,1.4362675778000598,0.720791101744495,0.045540193795737545,15.827580905287219,0.5428571428571428,0.9757754438910031,-0.005818775446735036,0.10544681549072266
SPY,1d,3,1.0,0.75,20,50,0.5654528395523913,0.2494831406650233,0.5552590812512189,0.057296119652722015,9.691041638015006,0.22857142857142856,0.3870780963723132,-0.02605277328356448,0.09795737266540527
SPY,1d,3,1.0,1.0,8,21,1.0491001774955746,1.4482590875076657,1.0067285737827492,0.059327805892798346,16.968916322337034,0.8285714285714286,1.5209501960897038,-0.08179971301664113,0.10696029663085938
SPY,1d,3,1.0,1.0,9,21,1.0097667751233192,1.4966071179728848,0.9491498040135757,0.0660909940204369,14.36125780949937,0.8,1.4954665274222823,-0.08179971301664113,0.1072688102722168
SPY,1d,3,1.0,1.0,10,30,0.8972633461269143,1.723785598631749,0.8304989710579905,0.05644270982970169,14.714016629672152,0.5142857142857142,0.932194732314926,-0.010810298384159256,0.1057288646697998
SPY,1d,3,1.0,1.0,12,26,0.904357579924198,1.4813272819461503,0.8457360976000166,0.05134832256679974,16.47056915052652,0.5428571428571428,0.995615467945668,-0.010810298384159256,0.10364103317260742
SPY,1d,3,1.0,1.0,20,50,0.6647943585134124,0.10185821127108685,0.6447449345282733,0.06009208046044819,10.729282953560508,0.22857142857142856,0.3911503437513781,-0.03457036437808614,0.09898686408996582
SPY,1d,5,0.0,0.0,8,21,0.6316966603279107,0.9280597798832364,0.5840307607584934,0.22603826208346425,2.5837694705989245,0.3142857142857143,0.34492794624914275,-0.10498340753592084,0.10848116874694824
SPY,1d,5,0.0,0.0,9,21,0.5766207248809802,0.8310561337305868,0.6932060145819295,0.1412936132287157,4.906138350781777,0.34285714285714286,0.43684515560559545,-0.10498340753592084,0.11095738410949707
SPY,1d,5,0.0,0.0,10,30,0.6541128103094623,0.9937571702234504,0.6108444905270869,0.18457948373571478,3.3093845435265616,0.14285714285714285,0.12616805886059343,-0.05070092637438928,0.10635757446289062
SPY,1d,5,0.0,0.0,12,26,0.5801264593889023,0.7843558676227298,0.6706835192343099,0.1835092668574866,3.6547664906490147,0.2,0.15047071604585716,-0.05070092637438928,0.10921144485473633
SPY,1d,5,0.0,0.0,20,50,0.6474881583379416,0.9799124424262171,0.5418357895040782,0.28040969335525384,1.93230049582352,0.02857142857142857,-0.032073991195026345,-0.00864778197105176,0.10863947868347168
SPY,1d,5,0.0,0.25,8,21,0.37464561657337464,0.7405727403724389,0.39160116107089443,0.05339581774107915,7.333929465596008,0.7142857142857143,1.169352610285267,-0.03592013367569036,0.10519194602966309
SPY,1d,5,0.0,0.25,9,21,0.36587530758611864,0.6282046462616435,0.4134118353470093,0.039904283922030256,10.360086554986994,0.7142857142857143,1.2032001228480473,-0.03293310274681582,0.10123085975646973
SPY,1d,5,0.0,0.25,10,30,0.37821647805156433,0.8208691450405179,0.3805442050396334,0.06113831670125225,6.224316035705297,0.42857142857142855,0.7692911169592447,-0.03537554676226373,0.10662555694580078
SPY,1d,5,0.0,0.25,12,26,0.3492557442488592,0.5829605958599295,0.4000791585887643,0.05703500142417894,7.01462520555243,0.5142857142857142,0.8645964418788157,-0.03537554676226373,0.11058235168457031
SPY,1d,5,0.0,0.25,20,50,0.35089390632784984,0.8022526584463323,0.3487484392545553,0.1008939885028503,3.4565829384840208,0.14285714285714285,0.1967039305852593,-0.00864778197105176,0.11025023460388184
SPY,1d,5,0.0,0.5,8,21,0.528243930758966,0.5678865940833933,0.5500909222581906,0.04467894677017914,12.312083476089178,0.7142857142857143,1.2304884961254856,-0.03592013367569036,0.1047966480255127
SPY,1d,5,0.0,0.5,9,21,0.5278985133180968,0.443357698695489,0.5552742489706598,0.04248057399631533,13.071251085703857,0.7142857142857143,1.2638087227478576,-0.03293310274681582,0.11920905113220215
SPY,1d,5,0.0,0.5,10,30,0.5207369818591272,0.6599830441694028,0.513490849303698,0.04991034297810395,10.288265290602599,0.42857142857142855,0.7848267433627403,-0.03537554676226373,0.10705113410949707
SPY,1d,5,0.0,0.5,12,26,0.496368033703694,0.3998135632122899,0.5274345554487643,0.04429511641494602,11.907284552723238,0.5142857142857142,0.8932776134653887,-0.03537554676226373,0.11482596397399902
SPY,1d,5,0.0,0.5,20,50,0.4415249123105121,0.6383215853836186,0.4259924965483764,0.07089808963383783,6.008518688563664,0.14285714285714285,0.19668093563373173,-0.00864778197105176,0.10782980918884277
SPY,1d,5,0.0,0.75,8,21,0.6734179764509861,0.40923364509334736,0.6968128991321112,0.049284258330134015,14.138650407691271,0.7142857142857143,1.2700205503201194,-0.03592013367569036,0.11391973495483398
SPY,1d,5,0.0,0.75,9,21,0.6776222819992407,0.27551481985331083,0.6934840043641916,0.04876456202042861,14.221064962578255,0.7142857142857143,1.303335870664353,-0.03293310274681582,0.1113584041595459
SPY,1d,5,0.0,0.75,10,30,0.6585512193223211,0.5105795128233706,0.6429669780072722,0.04874135555384893,13.191405341546751,0.42857142857142855,0.7925516613526238,-0.03537554676226373,0.09948420524597168
SPY,1d,5,0.0,0.75,12,26,0.6345291656564258,0.23383535118008214,0.6551598780987091,0.04411918690624727,14.849772265543239,0.5142857142857142,0.9108417507733152,-0.03537554676226373,0.10681867599487305
SPY,1d,5,0.0,0.75,20,50,0.543136746402581,0.4872570102747087,0.5155140641728859,0.06441300928568489,8.003260053981883,0.14285714285714285,0.1966617573423967,-0.00864778197105176,0.10098505020141602
SPY,1d,5,0.0,1.0,8,21,0.7944631083680567,0.2638387077079758,0.8185344489295435,0.05479144816243299,14.93909134328668,0.7142857142857143,1.2995571021397394,-0.03889873233815988,0.10356855392456055
SPY,1d,5,0.0,1.0,9,21,0.8018557641607351,0.12364882163746538,0.8093989084974572,0.0539141378568347,15.012739527556956,0.7142857142857143,1.3329551033901406,-0.03503721494696099,0.10362529754638672
SPY,1d,5,0.0,1.0,10,30,0.7740594991064191,0.37212749561475755,0.7516535403841081,0.04968002656987954,15.12989408986805,0.42857142857142855,0.7977847361273255,-0.03537554676226373,0.09932398796081543
SPY,1d,5,0.0,1.0,12,26,0.7496297455846933,0.08393764065970588,0.7630187968163579,0.04631995904746625,16.472786515947835,0.5142857142857142,0.9236040109123711,-0.03537554676226373,0.09842705726623535
SPY,1d,5,0.0,1.0,20,50,0.6311040390720183,0.3482342971657182,0.5934770367937464,0.0637943511774266,9.302971592941697,0.14285714285714285,0.19664585536088905,-0.00864778197105176,0.0956108570098877
SPY,1d,5,0.1,0.0,8,21,0.6219578127097001,0.897346821016501,0.5873052136236783,0.23589840609548263,2.4896531661428845,0.3142857142857143,0.4038180038845272,-0.10498340753592084,0.10374617576599121
SPY,1d,5,0.1,0.0,9,21,0.6318933833250848,0.9043560661655599,0.6999344744270307,0.15973351935572147,4.381888518140634,0.34285714285714286,0.4536006695328548,-0.10498340753592084,0.10344743728637695
SPY,1d,5,0.1,0.0,10,30,0.6770493951048053,1.0332889394361597,0.622794027312376,0.18197167435118886,3.4224778638374227,0.14285714285714285,0.12616805886059343,-0.05070092637438928,0.10158467292785645
SPY,1d,5,0.1,0.0,12,26,0.6497541944396829,0.9288257930828641,0.6892158306461764,0.19147593173831307,3.599490674306346,0.2,0.15047071604585716,-0.05070092637438928,0.11678099632263184
SPY,1d,5,0.1,0.0,20,50,0.6621966586737263,1.0140802933437532,0.5490799945963694,0.29152125311498356,1.8834990201547945,0.02857142857142857,-0.032073991195026345,-0.00864778197105176,0.09756684303283691
SPY,1d,5,0.1,0.25,8,21,0.3765565323790664,0.7048196146028789,0.3890520409924384,0.04610719282682159,8.437990195016125,0.7142857142857143,1.176950823186726,-0.03592013367569036,0.11114382743835449
SPY,1d,5,0.1,0.25,9,21,0.37697906921421026,0.7082912757815423,0.41748462620212035,0.04339580327853471,9.62039171213187,0.7142857142857143,1.2075970092949113,-0.03293310274681582,0.10791015625
SPY,1d,5,0.1,0.25,10,30,0.38225975164196585,0.8665737136026708,0.3824435892470528,0.05854168115333132,6.532842612520188,0.42857142857142855,0.7692911169592447,-0.03537554676226373,0.1012427806854248
SPY,1d,5,0.1,0.25,12,26,0.36704283810945554,0.7443293183861801,0.40536166988512434,0.0557538119513439,7.270564212522036,0.5142857142857142,0.8645964418788157,-0.03537554676226373,0.10123014450073242
SPY,1d,5,0.1,0.25,20,50,0.3554822388708797,0.8409945030598767,0.35348152516199305,0.10428854772310578,3.3894567800533,0.14285714285714285,0.1967039305852593,-0.00864778197105176,0.0944209098815918
SPY,1d,5,0.1,0.5,8,21,0.5400632368453205,0.5281041074317019,0.5514558967802607,0.03931235229100143,14.027547695396711,0.7142857142857143,1.2348800713414367,-0.03592013367569036,0.1040947437286377
SPY,1d,5,0.1,0.5,9,21,0.540256626745993,0.527130701876636,0.5635230090249242,0.04153828024139667,13.566353872862612,0.7142857142857143,1.2663081814863513,-0.03293310274681582,0.10457944869995117
SPY,1d,5,0.1,0.5,10,30,0.5229128294045968,0.7106404901793644,0.5173300205112984,0.0491447028874386,10.526669002276705,0.42857142857142855,0.7848267433627403,-0.03537554676226373,0.1003715991973877
SPY,1d,5,0.1,0.5,12,26,0.5074444912311444,0.5723969345044584,0.534973369324152,0.043427276066854203,12.318833179879535,0.5142857142857142,0.8932776134653887,-0.03537554676226373,0.10107851028442383
SPY,1d,5,0.1,0.5,20,50,0.44404557979644044,0.6804269937168979,0.42983161511835927,0.07229876796252328,5.945213552479433,0.14285714285714285,0.19668093563373173,-0.00864778197105176,0.0961771011352539
SPY,1d,5,0.1,0.75,8,21,0.6918464193746113,0.3663765918972084,0.7012297804819866,0.046672291118737504,15.024541621451794,0.7142857142857143,1.2732501917086505,-0.03592013367569036,0.11147713661193848
SPY,1d,5,0.1,0.75,9,21,0.6918701475198281,0.36047346367077604,0.7050134900098018,0.0479758076497054,14.695187523625378,0.7142857142857143,1.3051526233739388,-0.03293310274681582,0.11046075820922852
SPY,1d,5,0.1,0.75,10,30,0.66024534894132,0.5650902971565759,0.6484585699897353,0.048143800003121774,13.469202056083805,0.42857142857142855,0.7925516613526238,-0.03537554676226373,0.10643792152404785
SPY,1d,5,0.1,0.75,12,26,0.6431365103169563,0.41280504363574444,0.6647935144956614,0.04407824381156159,15.082123447061836,0.5142857142857142,0.9108417507733152,-0.03537554676226373,0.10697555541992188
SPY,1d,5,0.1,0.75,20,50,0.5449803756013778,0.5316752941155656,0.5192210483464688,0.06523302846735363,7.959480964559494,0.14285714285714285,0.1966617573423967,-0.00864778197105176,0.10111498832702637
SPY,1d,5,0.1,1.0,8,21,0.817862491362624,0.21879345503110792,0.8253782687959388,0.053959754587120504,15.296182777542615,0.7142857142857143,1.3021524629668575,-0.03889873233815988,0.11018490791320801
SPY,1d,5,0.1,1.0,9,21,0.8177688063652045,0.20781335169900106,0.8235145853563044,0.05400005660119198,15.250254114328584,0.7142857142857143,1.3344080043870898,-0.03503721494696099,0.1105203628540039
SPY,1d,5,0.1,1.0,10,30,0.7755500312615929,0.42950612243635033,0.758460796079369,0.04890294732265962,15.50951093141843,0.42857142857142855,0.7977847361273255,-0.03537554676226373,0.10420036315917969
SPY,1d,5,0.1,1.0,12,26,0.756859242928746,0.2652430789842577,0.7743559996639869,0.046994826841730716,16.47747319661087,0.5142857142857142,0.9236040109123711,-0.03537554676226373,0.09833025932312012
SPY,1d,5,0.1,1.0,20,50,0.6326070575538044,0.39406016534512545,0.5972094760095963,0.06464688594163771,9.238023878655941,0.14285714285714285,0.19664585536088905,-0.00864778197105176,0.0990147590637207
SPY,1d,5,0.25,0.0,8,21,0.5537399894515725,0.7492643891685389,0.6309666531935918,0.25008633888390647,2.522995282387237,0.3142857142857143,0.4038180038845272,-0.10498340753592084,0.10202622413635254
SPY,1d,5,0.25,0.0,9,21,0.7183175393308157,1.08693368457054,0.7156868529746149,0.1806761180270695,3.9611591215801316,0.34285714285714286,0.4536006695328548,-0.10498340753592084,0.10866022109985352
SPY,1d,5,0.25,0.0,10,30,0.6786877919567119,1.017450260000662,0.6413667981735582,0.15628401210779463,4.1038541916314815,0.14285714285714285,0.12616805886059343,-0.05070092637438928,0.10281848907470703
SPY,1d,5,0.25,0.0,12,26,0.6669112628094724,0.9545238799291904,0.6581914514533223,0.16970993281451655,3.8783319310643334,0.2,0.15047071604585716,-0.05070092637438928,0.09982538223266602
SPY,1d,5,0.25,0.0,20,50,0.6780989923034408,1.0328454737989516,0.5406428735454466,0.28366221639522715,1.9059389735295862,0.02857142857142857,-0.032073991195026345,-0.00864778197105176,0.09408950805664062
SPY,1d,5,0.25,0.25,8,21,0.3677491568788305,0.5356681655571338,0.407488031578591,0.04673076782225567,8.719908757512936,0.7142857142857143,1.176950823186726,-0.03592013367569036,0.10835123062133789
SPY,1d,5,0.25,0.25,9,21,0.39618584207550545,0.9163841143342037,0.41949603874496255,0.051483750495647095,8.148125082309816,0.7142857142857143,1.2075970092949113,-0.03293310274681582,0.1299757957458496
SPY,1d,5,0.25,0.25,10,30,0.4251119328761814,1.3011418062592437,0.39187227579833717,0.05304998764887562,7.3868495199667175,0.42857142857142855,0.7692911169592447,-0.03537554676226373,0.1088094711303711
SPY,1d,5,0.25,0.25,12,26,0.374639315445071,0.7639946796271888,0.40092233495956286,0.047013347138665625,8.527840695474085,0.5142857142857142,0.8645964418788157,-0.03537554676226373,0.12955451011657715
SPY,1d,5,0.25,0.25,20,50,0.3599310591738014,0.8609902949648007,0.3430845604429715,0.09872683819117384,3.475089111824136,0.14285714285714285,0.1967039305852593,-0.00864778197105176,0.10398721694946289
SPY,1d,5,0.25,0.5,8,21,0.5497359328256017,0.34329955502752907,0.5774181025113052,0.0403293267043547,14.31757357974827,0.7142857142857143,1.2348800713414367,-0.03592013367569036,0.11449122428894043
SPY,1d,5,0.25,0.5,9,21,0.5519965020497138,0.754159332008238,0.5678267283135989,0.04120902165279107,13.779184885723689,0.7142857142857143,1.2663081814863513,-0.03293310274681582,0.10789871215820312
SPY,1d,5,0.25,0.5,10,30,0.5765811879354557,1.515319685749584,0.5277911300344404,0.04936247256610157,10.692153423386,0.42857142857142855,0.7848267433627403,-0.03537554676226373,0.10371613502502441
SPY,1d,5,0.25,0.5,12,26,0.5233487343438149,0.587191789846575,0.5378735449454759,0.04207458747729668,12.783810304395994,0.5142857142857142,0.8932776134653887,-0.03537554676226373,0.10969281196594238
SPY,1d,5,0.25,0.5,20,50,0.4535436901069398,0.7007584597812364,0.42310064933244085,0.0660846811997508,6.402401307703309,0.14285714285714285,0.19668093563373173,-0.00864778197105176,0.1002347469329834
SPY,1d,5,0.25,0.75,8,21,0.7125435910296993,0.17078785400628393,0.7334734776756148,0.04970805644713078,14.755625749635438,0.7142857142857143,1.2732501917086505,-0.03592013367569036,0.11846613883972168
SPY,1d,5,0.25,0.75,9,21,0.7011156470143701,0.600583164453218,0.7116938947982183,0.047308508358266006,15.043676486448916,0.7142857142857143,1.3051526233739388,-0.03293310274681582,0.10696268081665039
SPY,1d,5,0.25,0.75,10,30,0.72051232339039,1.6683242536136347,0.66014828144958,0.05135398949822207,12.854858753913074,0.42857142857142855,0.7925516613526238,-0.03537554676226373,0.10594511032104492
SPY,1d,5,0.25,0.75,12,26,0.6653132319182369,0.42371305107003976,0.6717093908288623,0.04627313039093642,14.516186502922027,0.5142857142857142,0.9108417507733152,-0.03537554676226373,0.11272430419921875
SPY,1d,5,0.25,0.75,20,50,0.5583006643567056,0.5516375085685719,0.5148834988683734,0.05847169983211492,8.80568720161577,0.14285714285714285,0.1966617573423967,-0.00864778197105176,0.0988302230834961
SPY,1d,5,0.25,1.0,8,21,0.8465656947585511,0.016732842731261632,0.8626304948681451,0.058670702388340316,14.702917465661303,0.7142857142857143,1.3021524629668575,-0.03889873233815988,0.10665106773376465
SPY,1d,5,0.25,1.0,9,21,0.8256918231868072,0.4558538258052989,0.8322121029393573,0.054687347890755945,15.21763506619106,0.7142857142857143,1.3344080043870898,-0.03503721494696099,0.1066889762878418
SPY,1d,5,0.25,1.0,10,30,0.8404126036874893,1.767921386138863,0.7711667613949595,0.05388267594705829,14.311961086577423,0.42857142857142855,0.7977847361273255,-0.03537554676226373,0.10051417350769043
SPY,1d,5,0.25,1.0,12,26,0.7839119765582067,0.2730880040646009,0.7840397260468055,0.050965876773529026,15.3836208789412,0.5142857142857142,0.9236040109123711,-0.03537554676226373,0.10494351387023926
SPY,1d,5,0.25,1.0,20,50,0.6488861295318687,0.41311191312184503,0.5946670110139816,0.05772954326445598,10.300913144069813,0.14285714285714285,0.19664585536088905,-0.00864778197105176,0.0965125560760498
SPY,1d,5,0.4,0.0,8,21,0.6729988268395943,0.9928950485011008,0.6237465382924576,0.2367770100000896,2.6343205292279923,0.3142857142857143,0.4038180038845272,-0.10498340753592084,0.10578775405883789
SPY,1d,5,0.4,0.0,9,21,0.7171712737838097,1.0683247016681126,0.7187468998549905,0.1601680702909542,4.487454325630239,0.34285714285714286,0.4536006695328548,-0.10498340753592084,0.10848116874694824
SPY,1d,5,0.4,0.0,10,30,0.6708612299972442,0.9981290587750147,0.6664100771464838,0.14649474982030292,4.5490372724205645,0.14285714285714285,0.12616805886059343,-0.05070092637438928,0.1034693717956543
SPY,1d,5,0.4,0.0,12,26,0.6509183543817798,0.9191288629299463,0.6473363559244559,0.1643657662570618,3.938389183256363,0.2,0.15047071604585716,-0.05070092637438928,0.10082507133483887
SPY,1d,5,0.4,0.0,20,50,0.6480915043396177,0.9428752173949857,0.5333904502561244,0.26810190435938486,1.9895063838902314,0.02857142857142857,-0.032073991195026345,-0.00864778197105176,0.09549331665039062
SPY,1d,5,0.4,0.25,8,21,0.40053317250373865,0.8097893896530222,0.41358068401803705,0.04758149213070856,8.692049481800861,0.7142857142857143,1.176950823186726,-0.03592013367569036,0.10852885246276855
SPY,1d,5,0.4,0.25,9,21,0.4334656392905906,1.3681345825456517,0.4241582972776478,0.055813188232140654,7.599607023226662,0.7142857142857143,1.2075970092949113,-0.03293310274681582,0.1094355583190918
SPY,1d,5,0.4,0.25,10,30,0.42506758516792414,1.2742356301723032,0.3982647255936219,0.04593686315977157,8.669828503710185,0.42857142857142855,0.7692911169592447,-0.03537554676226373,0.10910940170288086
SPY,1d,5,0.4,0.25,12,26,0.37626256149625453,0.7249622066998529,0.39645546989035496,0.03892088650516434,10.186188072508317,0.5142857142857142,0.8645964418788157,-0.03537554676226373,0.10070013999938965
SPY,1d,5,0.4,0.25,20,50,0.3473406732170168,0.7564615550112808,0.3374622319488262,0.09408787671281507,3.586670714005631,0.14285714285714285,0.1967039305852593,-0.00864778197105176,0.09572887420654297
SPY,1d,5,0.4,0.5,8,21,0.5807320256806419,0.6384966987246683,0.5938118659868762,0.046402323338589124,12.797028753365245,0.7142857142857143,1.2348800713414367,-0.03592013367569036,0.1125791072845459
SPY,1d,5,0.4,0.5,9,21,0.5906874008368759,1.5947610562159453,0.5759410850339381,0.04575217097907261,12.588278822820845,0.7142857142857143,1.2663081814863513,-0.03293310274681582,0.10535883903503418
SPY,1d,5,0.4,0.5,10,30,0.581594817784769,1.4808857826616113,0.5337146814935021,0.04402283547290481,12.123587128366436,0.42857142857142855,0.7848267433627403,-0.03537554676226373,0.10332584381103516
SPY,1d,5,0.4,0.5,12,26,0.5353211351481614,0.5460490197926842,0.5382953309263497,0.03957493285257196,13.601926576392565,0.5142857142857142,0.8932776134653887,-0.03537554676226373,0.10551333427429199
SPY,1d,5,0.4,0.5,20,50,0.4450980279100711,0.5854320575684064,0.4244258279007219,0.06622068178433285,6.409263940878615,0.14285714285714285,0.19668093563373173,-0.00864778197105176,0.09709906578063965
SPY,1d,5,0.4,0.75,8,21,0.7455853048061643,0.47891910972802343,0.7568350328398865,0.05571880349469768,13.58311710537554,0.7142857142857143,1.2732501917086505,-0.03592013367569036,0.10877227783203125
SPY,1d,5,0.4,0.75,9,21,0.7399034616614336,1.755095578097488,0.7220839684725137,0.04868520205830299,14.831692956882085,0.7142857142857143,1.3051526233739388,-0.03293310274681582,0.10926389694213867
SPY,1d,5,0.4,0.75,10,30,0.7289918479818654,1.6267933641372965,0.6665523573198503,0.04712059177256721,14.145670337440574,0.42857142857142855,0.7925516613526238,-0.03537554676226373,0.10454392433166504
SPY,1d,5,0.4,0.75,12,26,0.6840911128210296,0.381741482254343,0.6750546813496927,0.044918007820922326,15.028597974357613,0.5142857142857142,0.9108417507733152,-0.03537554676226373,0.10363483428955078
SPY,1d,5,0.4,0.75,20,50,0.5515798119352063,0.428763379903184,0.5202169445868889,0.05874125804175967,8.856074281164734,0.14285714285714285,0.1966617573423967,-0.00864778197105176,0.09960103034973145
SPY,1d,5,0.4,1.0,8,21,0.8818964525225057,0.330852537449025,0.8912365274151476,0.06414987623951485,13.893035803959453,0.7142857142857143,1.3021524629668575,-0.03889873233815988,0.1116943359375
SPY,1d,5,0.4,1.0,9,21,0.8641363554303477,1.8561209181845602,0.8442704237989137,0.053444137415139294,15.79725044939643,0.7142857142857143,1.3344080043870898,-0.03503721494696099,0.1137838363647461
SPY,1d,5,0.4,1.0,10,30,0.8515091660578652,1.7200018407637847,0.7781149581282977,0.05051749992891372,15.402879382852102,0.42857142857142855,0.7977847361273255,-0.03537554676226373,0.11414456367492676
SPY,1d,5,0.4,1.0,12,26,0.8077826907920823,0.23134365847475746,0.7894882899415817,0.04975135979802725,15.868677623016177,0.5142857142857142,0.9236040109123711,-0.03537554676226373,0.1071012020111084
SPY,1d,5,0.4,1.0,20,50,0.6431948032516841,0.28547731183018366,0.6028180174961336,0.0568044725138507,10.612157649191229,0.14285714285714285,0.19664585536088905,-0.00864778197105176,0.10022616386413574
SPY,1d,5,0.55,0.0,8,21,0.6241270379612328,0.8872311734294505,0.6272470519860744,0.2514805236145788,2.494217217979865,0.3142857142857143,0.28594899547360075,-0.07482992767092311,0.1139073371887207
SPY,1d,5,0.55,0.0,9,21,0.7892569064346809,1.2161395949562457,0.7519453032613251,0.12120331376571614,6.203999543402106,0.34285714285714286,0.42902979601018826,-0.07482992767092311,0.11229109764099121
SPY,1d,5,0.55,0.0,10,30,0.695619691338845,1.0310690075019058,0.6676085935050626,0.14912459489521554,4.476851011559609,0.14285714285714285,0.09429788226267616,-0.04369268664431103,0.12489867210388184
SPY,1d,5,0.55,0.0,12,26,0.6594605878489993,0.9252834697722123,0.6365066082149382,0.19581966061182873,3.2504734520844596,0.2,0.11542128226801875,-0.04369268664431103,0.11585164070129395
SPY,1d,5,0.55,0.0,20,50,0.6727978906769241,0.9901787059245302,0.537744414877962,0.2796375649801169,1.9230049257373463,0.02857142857142857,-0.032073991195026345,-0.00864778197105176,0.09816646575927734
SPY,1d,5,0.55,0.25,8,21,0.4004798322364509,0.6908211129830062,0.41935684525836503,0.05139497856197112,8.15949061546377,0.8,1.3428313637859424,-0.013903681123658806,0.1101219654083252
SPY,1d,5,0.55,0.25,9,21,0.4538548280194925,1.5787325709731586,0.43471966142014373,0.04737199283834386,9.176723109446067,0.7714285714285715,1.3397896528838238,-6.243743658762568e-05,0.10786581039428711
SPY,1d,5,0.55,0.25,10,30,0.42834977938878527,1.3191687255878581,0.3998689775054679,0.04725467229250223,8.461998742268582,0.5142857142857142,0.9266211755627881,-0.010399152806723766,0.10041475296020508
SPY,1d,5,0.55,0.25,12,26,0.3851267802675521,0.7293718145528121,0.3951100277931564,0.044431207828807495,8.892624060896724,0.5428571428571428,0.9401358462069197,0.0,0.11808180809020996
SPY,1d,5,0.55,0.25,20,50,0.35376800570982353,0.8108670103198301,0.3434901716706375,0.09606212112375136,3.5757087981446785,0.17142857142857143,0.25229898331746475,-0.00864778197105176,0.09802126884460449
SPY,1d,5,0.55,0.5,8,21,0.5994510822779262,0.5101508649630122,0.6066345234683456,0.046057397064149,13.171272415230536,0.8,1.4095482293242465,-0.018803671695895363,0.10929059982299805
SPY,1d,5,0.55,0.5,9,21,0.6184305015004646,1.870452127045806,0.587853211418115,0.04180473464831895,14.061881180766058,0.7714285714285715,1.396737530438772,-0.008408442199374977,0.10825181007385254
SPY,1d,5,0.55,0.5,10,30,0.5834469302997989,1.5372468397448018,0.5374532535237084,0.044002224545866005,12.214229145698999,0.5142857142857142,0.9477336834049329,-0.01950677512347354,0.10347557067871094
SPY,1d,5,0.55,0.5,12,26,0.5564938423079507,0.5481856316010412,0.5421811708923212,0.03715431888669024,14.592682281320094,0.5428571428571428,0.9711264361879532,-0.007188809764492765,0.10471129417419434
SPY,1d,5,0.55,0.5,20,50,0.44847757142599287,0.6454099655021719,0.4322784443453167,0.07042156802394729,6.138438215381937,0.17142857142857143,0.25253333885353285,-0.00864778197105176,0.09732890129089355
SPY,1d,5,0.55,0.75,8,21,0.7764511970988532,0.34456466054432,0.7747976186458424,0.05377640253224085,14.407762181215523,0.8,1.4570486606161899,-0.02370366226813192,0.10888123512268066
SPY,1d,5,0.55,0.75,9,21,0.7745822144302686,2.0951586375678377,0.7359726307188975,0.04668984885458712,15.763011634735474,0.7714285714285715,1.4379868989124354,-0.016754446962161995,0.10863566398620605
SPY,1d,5,0.55,0.75,10,30,0.7303962169360367,1.693459658337281,0.6720106469351587,0.04642930671113126,14.47384625224323,0.5142857142857142,0.9634179672319092,-0.028614397440222983,0.10197043418884277
SPY,1d,5,0.55,0.75,12,26,0.7140667167851364,0.3813402652765592,0.6823084662619336,0.03984982704332996,17.12199316499011,0.5428571428571428,0.9925098978083069,-0.015070045765783413,0.10271596908569336
SPY,1d,5,0.55,0.75,20,50,0.5541225537127451,0.49294688141464293,0.5293305194626556,0.06370874894655178,8.308600125027342,0.17142857142857143,0.2526981368000991,-0.00864778197105176,0.09872913360595703
SPY,1d,5,0.55,1.0,8,21,0.9218442913473525,0.19335234243159527,0.9131753227085884,0.06160861539450715,14.822201681714867,0.8,1.4935503661408003,-0.028603652840368143,0.10799884796142578
SPY,1d,5,0.55,1.0,9,21,0.9045196703224426,2.257353441132286,0.8598936396499258,0.052421701033610726,16.403390632032256,0.7714285714285715,1.4699423331998327,-0.025100451724949346,0.1056973934173584
SPY,1d,5,0.55,1.0,10,30,0.8526877789853108,1.7954878754572206,0.7849236230234031,0.049299489636572,15.921536486680395,0.5142857142857142,0.9758011064893551,-0.03772201975697287,0.1032874584197998
SPY,1d,5,0.55,1.0,12,26,0.8445315306108498,0.2283437141745437,0.7992417434606292,0.04362069949399273,18.32253385965756,0.5428571428571428,1.008738134397391,-0.022951281767074283,0.10350751876831055
SPY,1d,5,0.55,1.0,20,50,0.645366338386579,0.35265266207520685,0.6128432233249212,0.06162153737313755,9.945276431744395,0.17142857142857143,0.25282030050505333,-0.00864778197105176,0.09570455551147461
SPY,1d,5,0.7,0.0,8,21,0.6791701523646597,0.9389129809398205,0.6675701031034134,0.26759970087388935,2.494659377134418,0.2857142857142857,0.17371458727158148,-0.07482992767092311,0.10479450225830078
SPY,1d,5,0.7,0.0,9,21,0.8022536176317046,1.1961820302945267,0.7464746351155881,0.15812109337626468,4.7209048405659475,0.3142857142857143,0.3014804384063327,-0.07482992767092311,0.10629987716674805
SPY,1d,5,0.7,0.0,10,30,0.6274315864537922,0.8698899190463178,0.7059794045305813,0.16063866599215923,4.394828605991039,0.14285714285714285,0.09429788226267616,-0.04369268664431103,0.10032296180725098
SPY,1d,5,0.7,0.0,12,26,0.7260275835057348,1.0434599744711694,0.6479652626747234,0.18266186087064704,3.5473484151876864,0.2,0.11542128226801875,-0.04369268664431103,0.10105466842651367
SPY,1d,5,0.7,0.0,20,50,0.6510645837777259,0.9357910843199506,0.5365278999117169,0.29326238396568516,1.8295148960341823,0.02857142857142857,-0.032073991195026345,-0.00864778197105176,0.09951663017272949
SPY,1d,5,0.7,0.25,8,21,0.45224063881070153,1.1851867403953422,0.43353227497785973,0.051630985697651635,8.396746045419357,0.8,1.3049179112040448,-0.013903681123658806,0.10651016235351562
SPY,1d,5,0.7,0.25,9,21,0.4600333828239698,1.550416179043344,0.43102999873384384,0.04105796034227649,10.498086001851915,0.7714285714285715,1.2985507043263536,-0.012174095475227631,0.1053476333618164
SPY,1d,5,0.7,0.25,10,30,0.41664677301709657,1.088378385342411,0.40776751427313246,0.043008975129771046,9.480986539269418,0.5142857142857142,0.9266211755627881,-0.010399152806723766,0.1009528636932373
SPY,1d,5,0.7,0.25,12,26,0.4000717680172687,0.8635246997209682,0.3962596872219573,0.04259831046949229,9.302239522052108,0.5428571428571428,0.9401358462069197,0.0,0.1011497974395752
SPY,1d,5,0.7,0.25,20,50,0.34619308149159433,0.7489260528214972,0.34381879659264036,0.09082792335641127,3.7853865186753852,0.17142857142857143,0.25229898331746475,-0.00864778197105176,0.09656715393066406
SPY,1d,5,0.7,0.5,8,21,0.6673882483520835,1.3571681569615377,0.6220393071814717,0.04335818159754515,14.346526636086839,0.8,1.3858581037797648,-0.019375416472445894,0.11183881759643555
SPY,1d,5,0.7,0.5,9,21,0.6414066920745509,1.8335964277260968,0.594110717986253,0.03997856375533181,14.86073190678388,0.7714285714285715,1.371076466176688,-0.019375416472445894,0.1057138442993164
SPY,1d,5,0.7,0.5,10,30,0.5904372848431965,1.2333111003649662,0.5461900454844492,0.04162428952207956,13.121906746173366,0.5142857142857142,0.9477336834049329,-0.01950677512347354,0.10402250289916992
SPY,1d,5,0.7,0.5,12,26,0.5709188165422446,0.6939333930673386,0.5484189999161897,0.041629667045198784,13.173754172012762,0.5428571428571428,0.9711264361879532,-0.007188809764492765,0.10367393493652344
SPY,1d,5,0.7,0.5,20,50,0.4438443513642442,0.5777801964879361,0.4377453392805609,0.06280229948164386,6.970211965065182,0.17142857142857143,0.25253333885353285,-0.00864778197105176,0.09760308265686035
SPY,1d,5,0.7,0.75,8,21,0.8561525971552423,1.4644233492065193,0.7925108108391372,0.05110262755967868,15.50822039265255,0.8,1.444200423940696,-0.026576737469663825,0.11577200889587402
SPY,1d,5,0.7,0.75,9,21,0.8090531379025059,2.050034595280221,0.749264935942525,0.04926943114550485,15.20750125427184,0.7714285714285715,1.4236438070870734,-0.026576737469663825,0.10351324081420898
SPY,1d,5,0.7,0.75,10,30,0.7486720339712016,1.3159016935297805,0.6823938787146464,0.04595088305289321,14.850506309729793,0.5142857142857142,0.9634179672319092,-0.028614397440222983,0.10298776626586914
SPY,1d,5,0.7,0.75,12,26,0.7296948033936415,0.5348126376094562,0.6922822667496438,0.046658357601934326,14.83726179682209,0.5428571428571428,0.9925098978083069,-0.015070045765783413,0.09972977638244629
SPY,1d,5,0.7,0.75,20,50,0.5505883808019983,0.4212569988453214,0.5381214990239045,0.05726495375530333,9.39704764843312,0.17142857142857143,0.2526981368000991,-0.00864778197105176,0.0946645736694336
SPY,1d,5,0.7,1.0,8,21,1.0104732344709075,1.516069011329718,0.9329715057108123,0.059567397582818524,15.66245200512027,0.8,1.4892879423454453,-0.033778058466881755,0.10600042343139648
SPY,1d,5,0.7,1.0,9,21,0.9477314963448239,2.204601402590121,0.8786079324647933,0.05779201536140126,15.202929452631743,0.7714285714285715,1.4644391879379273,-0.033778058466881755,0.1050727367401123
SPY,1d,5,0.7,1.0,10,30,0.8792011455570079,1.3463481719790118,0.79678820616171,0.0499359089607542,15.9562171340052,0.5142857142857142,0.9758011064893551,-0.03772201975697287,0.10088324546813965
SPY,1d,5,0.7,1.0,12,26,0.8614280610911711,0.3861642575091322,0.8120963056162189,0.051456029374663786,15.782335238172955,0.5428571428571428,1.008738134397391,-0.022951281767074283,0.10123205184936523
SPY,1d,5,0.7,1.0,20,50,0.6424433245971959,0.2783159221954288,0.6241003496383573,0.057230710224518686,10.904990470850057,0.17142857142857143,0.25282030050505333,-0.00864778197105176,0.09918737411499023
SPY,1d,5,0.85,0.0,8,21,0.6912816912616477,0.9606910549652634,0.7327239622344083,0.258531819492345,2.834173231261013,0.4,0.3138855139250142,-0.06703497546972159,0.10230827331542969
SPY,1d,5,0.85,0.0,9,21,0.7464540543642829,1.0761435527850343,0.7298403405831434,0.19701763748396847,3.704441642401337,0.37142857142857144,0.23665985585625238,-0.0616552430139673,0.10662269592285156
SPY,1d,5,0.85,0.0,10,30,0.661796421464662,0.9063085675552693,0.6863933931473799,0.1587178009966049,4.324615064204817,0.2,0.15593776701387368,-0.03448407528227637,0.10247993469238281
SPY,1d,5,0.85,0.0,12,26,0.6687950885799834,0.9164623605224886,0.6553070456700201,0.17657325195518203,3.7112475327596655,0.22857142857142856,0.15907423801208193,-0.04483980108300589,0.10363221168518066
SPY,1d,5,0.85,0.0,20,50,0.5896395615256128,0.8096885039009454,0.5664089365942486,0.26911202332037915,2.1047329272239024,0.08571428571428572,0.07948387740079925,-0.0004999999999999449,0.09539222717285156
SPY,1d,5,0.85,0.25,8,21,0.4582668794803947,1.2141679976400979,0.4539990554304222,0.03990623773254308,11.376643883925725,0.8285714285714286,1.2890193578521996,-0.018843441421779183,0.10841131210327148
SPY,1d,5,0.85,0.25,9,21,0.45943926721279615,1.3743135676530036,0.43523579575477334,0.037926372556559416,11.475808689737155,0.8,1.290178632322574,-0.018843441421779183,0.1096644401550293
SPY,1d,5,0.85,0.25,10,30,0.4223333623472062,1.135400630109328,0.4074464934228333,0.04223548054958355,9.647019238824566,0.5142857142857142,0.870820497296488,0.0,0.10436367988586426
SPY,1d,5,0.85,0.25,12,26,0.3850089202942307,0.7195816070147609,0.4008417306396831,0.043977357102161004,9.114729875842997,0.5428571428571428,0.9093201943221092,0.0,0.10929393768310547
SPY,1d,5,0.85,0.25,20,50,0.330440115698182,0.6064070668148944,0.35099917661127605,0.08220183472945698,4.26996766880552,0.22857142857142856,0.3755866734419248,-0.009017591094521493,0.09656143188476562
SPY,1d,5,0.85,0.5,8,21,0.679229477865459,1.3934356057717743,0.6507584234572893,0.03983747155120872,16.335334500854998,0.8285714285714286,1.3805199915888986,-0.0259961424134042,0.10786318778991699
SPY,1d,5,0.85,0.5,9,21,0.6628253083172667,1.597609851075128,0.6138675281777972,0.040831448962806535,15.03418428126248,0.8,1.3718065057810145,-0.0259961424134042,0.10410904884338379
SPY,1d,5,0.85,0.5,10,30,0.5985273226495903,1.2888648019789732,0.5553250864065217,0.040899330311741866,13.57785279547945,0.5142857142857142,0.8961220309181789,-0.0008272525093108163,0.10320925712585449
SPY,1d,5,0.85,0.5,12,26,0.5602805626538696,0.5377752895452255,0.5578984296538483,0.043727156673248425,12.758625808276292,0.5428571428571428,0.946871807298688,-0.0008272525093108163,0.10268020629882812
SPY,1d,5,0.85,0.5,20,50,0.4405564080990456,0.4233801006637443,0.4460200771231979,0.05900229919226636,7.559367740395774,0.22857142857142856,0.3819991596996002,-0.017535182189043153,0.09700798988342285
SPY,1d,5,0.85,0.75,8,21,0.87270265326138,1.5078156879580313,0.8290341584685164,0.05283962564258053,15.68962967444727,0.8285714285714286,1.4481799871124952,-0.03314884340502966,0.1086122989654541
SPY,1d,5,0.85,0.75,9,21,0.8449834977564356,1.7531731054063147,0.7798744657419665,0.05596794306638156,13.934306372792467,0.8,1.4302478987830811,-0.03314884340502966,0.1114504337310791
SPY,1d,5,0.85,0.75,10,30,0.7592421684961143,1.377450780035967,0.6981111029133225,0.04693965855777122,14.87252196464358,0.5142857142857142,0.9161563939812201,-0.005818775446735036,0.10347700119018555
SPY,1d,5,0.85,0.75,12,26,0.7212021018887733,0.3706020602592466,0.7058415469269634,0.049451770473927334,14.273332181283727,0.5428571428571428,0.9734026249470781,-0.005818775446735036,0.10748457908630371
SPY,1d,5,0.85,0.75,20,50,0.5538755714339252,0.25887977785096683,0.5481124702288678,0.056205766838416764,9.751890260738008,0.22857142857142856,0.3870780963723132,-0.02605277328356448,0.09590554237365723
SPY,1d,5,0.85,1.0,8,21,1.0307670512031712,1.5662195327054094,0.9759246218323738,0.06415310850539833,15.212429211442686,0.8285714285714286,1.5009618925345365,-0.04030154439665512,0.10582375526428223
SPY,1d,5,0.85,1.0,9,21,0.994598761036039,1.8483465269233839,0.9175175399351732,0.06858164377677482,13.378471109872851,0.8,1.47549219295802,-0.04030154439665512,0.10977363586425781
SPY,1d,5,0.85,1.0,10,30,0.8918263580764964,1.4112114998814613,0.8175081050502545,0.052668903742375484,15.521646492758064,0.5142857142857142,0.932194732314926,-0.010810298384159256,0.10275053977966309
SPY,1d,5,0.85,1.0,12,26,0.8543258142399325,0.21752018088510616,0.8289091451522508,0.05471286120296855,15.150169940432153,0.5428571428571428,0.9937214303970667,-0.010810298384159256,0.10123252868652344
SPY,1d,5,0.85,1.0,20,50,0.6502315312364686,0.1112954174717613,0.6356363535033485,0.0576700020917848,11.021958218272651,0.22857142857142856,0.3911503437513781,-0.03457036437808614,0.09723854064941406
SPY,1d,5,1.0,0.0,8,21,0.670288311872445,0.9151808998343627,0.7625893921237366,0.2209403603219178,3.4515621818151163,0.37142857142857144,0.3228221221142232,-0.06703497546972159,0.10596346855163574
SPY,1d,5,1.0,0.0,9,21,0.6773568057365128,0.9364843770468145,0.7667787386964264,0.19774356316889258,3.8776419642116062,0.34285714285714286,0.2571280943121999,-0.0616552430139673,0.12625813484191895
SPY,1d,5,1.0,0.0,10,30,0.7138259798582506,1.023900487686392,0.7455477111396488,0.1484620746974424,5.021805822524266,0.2,0.15593776701387368,-0.03448407528227637,0.11024689674377441
SPY,1d,5,1.0,0.0,12,26,0.673296831195361,0.9310194046491911,0.7291346790944212,0.1447543995780798,5.037046757954528,0.22857142857142856,0.19261037743856677,-0.03448407528227637,0.12140727043151855
SPY,1d,5,1.0,0.0,20,50,0.5822548066325546,0.8018790356813963,0.5716659650301992,0.2562524530561815,2.2308702149472324,0.08571428571428572,0.07948387740079925,-0.0004999999999999449,0.10506558418273926
SPY,1d,5,1.0,0.25,8,21,0.45911363879076306,1.1500857843494274,0.4657928080861091,0.041495414869211614,11.225163299468871,0.8285714285714286,1.2956928634304337,-0.029449950183139895,0.11229252815246582
SPY,1d,5,1.0,0.25,9,21,0.45130413775170314,1.1790993083417383,0.4481561650444551,0.029601162360439283,15.139816456782018,0.8,1.2967762285206412,-0.029449950183139895,0.1116034984588623
SPY,1d,5,1.0,0.25,10,30,0.4349599549718048,1.3020348161805253,0.41861399023048607,0.03664108842296984,11.424714937454265,0.5142857142857142,0.870820497296488,0.0,0.11321735382080078
SPY,1d,5,1.0,0.25,12,26,0.4274056433933056,1.171033921083386,0.4148664080930777,0.03256155759088133,12.740987802415772,0.5428571428571428,0.915091318695791,0.0,0.12061285972595215
SPY,1d,5,1.0,0.25,20,50,0.33217921664499017,0.5977728603853985,0.3513446873668269,0.07937730749520383,4.426261087125637,0.22857142857142856,0.3755866734419248,-0.009017591094521493,0.10039091110229492
SPY,1d,5,1.0,0.5,8,21,0.6882754697597171,1.310515744379975,0.6701087316158707,0.03864081375559046,17.341993257554545,0.8285714285714286,1.39251286701544,-0.04705451553188289,0.11424374580383301
SPY,1d,5,1.0,0.5,9,21,0.6663901918549596,1.34683156826781,0.6342095069435789,0.036357266192526785,17.443817243716204,0.8,1.383811436853909,-0.04705451553188289,0.11355304718017578
SPY,1d,5,1.0,0.5,10,30,0.6065623219673694,1.505835254620814,0.5656138017247405,0.03963447387929361,14.270753371100918,0.5142857142857142,0.8961220309181789,-0.0008272525093108163,0.10196399688720703
SPY,1d,5,1.0,0.5,12,26,0.6066022029117843,1.3360402347936993,0.5710897086696377,0.038023877751666685,15.01923902657733,0.5428571428571428,0.9501427585871639,-0.0008272525093108163,0.10865926742553711
SPY,1d,5,1.0,0.5,20,50,0.44817166378488543,0.4142351005231537,0.45050516362210286,0.05854359525504235,7.69520835984703,0.22857142857142856,0.3819991596996002,-0.017535182189043153,0.10477256774902344
SPY,1d,5,1.0,0.75,8,21,0.887059023913568,1.4067014732129604,0.854742665736136,0.049238434649106315,17.35925749523497,0.8285714285714286,1.4645820635858582,-0.06450443647638315,0.12092757225036621
SPY,1d,5,1.0,0.75,9,21,0.8552996178833527,1.449541642040654,0.8064843596997575,0.05295223978587372,15.230410705212636,0.8,1.4466561750097082,-0.06450443647638315,0.11212491989135742
SPY,1d,5,1.0,0.75,10,30,0.7656125698516649,1.6436922995876868,0.70968203480013,0.04879805839818776,14.543243278435149,0.5142857142857142,0.9161563939812201,-0.005818775446735036,0.10492897033691406
SPY,1d,5,1.0,0.75,12,26,0.769794641853661,1.4362675778000598,0.720791101744495,0.045540193795737545,15.827580905287219,0.5428571428571428,0.9757754438910031,-0.005818775446735036,0.10201311111450195
SPY,1d,5,1.0,0.75,20,50,0.5654528395523913,0.2494831406650233,0.5552590812512189,0.057296119652722015,9.691041638015006,0.22857142857142856,0.3870780963723132,-0.02605277328356448,0.09538817405700684
SPY,1d,5,1.0,1.0,8,21,1.0491001774955746,1.4482590875076657,1.0067285737827492,0.059327805892798346,16.968916322337034,0.8285714285714286,1.5209501960897038,-0.08179971301664113,0.10398364067077637
SPY,1d,5,1.0,1.0,9,21,1.0097667751233192,1.4966071179728848,0.9491498040135757,0.0660909940204369,14.36125780949937,0.8,1.4954665274222823,-0.08179971301664113,0.1101381778717041
SPY,1d,5,1.0,1.0,10,30,0.8972633461269143,1.723785598631749,0.8304989710579905,0.05644270982970169,14.714016629672152,0.5142857142857142,0.932194732314926,-0.010810298384159256,0.10457277297973633
SPY,1d,5,1.0,1.0,12,26,0.904357579924198,1.4813272819461503,0.8457360976000166,0.05134832256679974,16.47056915052652,0.5428571428571428,0.995615467945668,-0.010810298384159256,0.10595583915710449
SPY,1d,5,1.0,1.0,20,50,0.6647943585134124,0.10185821127108685,0.6447449345282733,0.06009208046044819,10.729282953560508,0.22857142857142856,0.3911503437513781,-0.03457036437808614,0.10015487670898438
SPY,1d,7,0.0,0.0,8,21,0.4502447469140814,0.6209472790184039,0.5924896205400545,0.22236327581404866,2.664512016973181,0.3142857142857143,0.3982371716617424,-0.14488305362555065,0.10900378227233887
SPY,1d,7,0.0,0.0,9,21,0.7096496767475374,1.1799361770495058,0.5553294031247757,0.19140239445435545,2.901371243070878,0.34285714285714286,0.5115751622778356,-0.14488305362555065,0.11097502708435059
SPY,1d,7,0.0,0.0,10,30,0.5739433169584112,0.8638369643922139,0.5291045305099296,0.21207987015814994,2.494836167691782,0.14285714285714285,0.17509086677700875,-0.0500743929960068,0.10496711730957031
SPY,1d,7,0.0,0.0,12,26,0.6181203194998632,0.8845153752291455,0.5388958250978383,0.19935586623012427,2.70318518982416,0.2,0.23257323326712434,-0.042828904193414896,0.11023354530334473
SPY,1d,7,0.0,0.0,20,50,0.5841204719676361,0.8604408172649762,0.41493166585714203,0.26108116111430923,1.5892822909404496,0.02857142857142857,-0.01374364747531312,-0.0031169581457332063,0.10409426689147949
SPY,1d,7,0.0,0.25,8,21,0.3369380528225719,0.40201982894818844,0.3857056592090824,0.05731871678515501,6.729139814047205,0.7142857142857143,1.2166951309148502,-0.03595218353723151,0.1274259090423584
SPY,1d,7,0.0,0.25,9,21,0.4013733137093919,1.0336801434976808,0.36886888440089094,0.05078315955802851,7.2636064319589,0.7142857142857143,1.2786496411095802,-0.035888081683076556,0.11202216148376465
SPY,1d,7,0.0,0.25,10,30,0.3564175201164513,0.6682012884667856,0.35377626340568885,0.04472171081849966,7.9106156032685835,0.4,0.7872425423034122,-0.02683785500548952,0.10762929916381836
SPY,1d,7,0.0,0.25,12,26,0.34783629642283365,0.6927938176585842,0.36283975786511946,0.05107924045256577,7.103468153604731,0.4857142857142857,0.9019954817926048,-0.02683785500548952,0.11040210723876953
SPY,1d,7,0.0,0.25,20,50,0.32771379605962114,0.6631337178170555,0.2995572012404619,0.09413459298867148,3.182222302448493,0.11428571428571428,0.15876328531853073,-0.0031169581457332063,0.10588955879211426
SPY,1d,7,0.0,0.5,8,21,0.5042486335337008,0.20841084645080388,0.524488779849702,0.04979136664728465,10.533729342379974,0.7142857142857143,1.2781646764781265,-0.03595218353723151,0.11214208602905273
SPY,1d,7,0.0,0.5,9,21,0.5417687328328603,0.8923284868397552,0.5089546854367987,0.046218867434069937,11.011838101892259,0.7142857142857143,1.332690239103775,-0.035888081683076556,0.11153554916381836
SPY,1d,7,0.0,0.5,10,30,0.4948473681321569,0.4905720532026647,0.48196874583987237,0.03588399210516405,13.43130230402967,0.4,0.7916886154394993,-0.02683785500548952,0.10824108123779297
SPY,1d,7,0.0,0.5,12,26,0.4657030789937109,0.5157731548012074,0.4880300427090182,0.045031108652592466,10.83761997676071,0.4857142857142857,0.9195624326523543,-0.02683785500548952,0.10473418235778809
SPY,1d,7,0.0,0.5,20,50,0.4096226479306233,0.48479190338557276,0.3899768974571374,0.06803268651225004,5.732198998005432,0.11428571428571428,0.15859127629439135,-0.0031169581457332063,0.10953330993652344
SPY,1d,7,0.0,0.75,8,21,0.6544379294335945,0.037765155847186094,0.6576893935983885,0.056976763205053266,11.543116116151332,0.7142857142857143,1.3162101183381445,-0.03635013897111605,0.11431217193603516
SPY,1d,7,0.0,0.75,9,21,0.6800494398453817,0.756295591968932,0.6422111167984096,0.05084039221388913,12.63190720670647,0.7142857142857143,1.365393022583069,-0.035888081683076556,0.10892200469970703
SPY,1d,7,0.0,0.75,10,30,0.6282992027634738,0.32956997966137025,0.6058612555348382,0.04082438501709763,14.84067072366425,0.4,0.7928117129988657,-0.02683785500548952,0.10342025756835938
SPY,1d,7,0.0,0.75,12,26,0.5846998504463654,0.35293236369742487,0.6101334373161593,0.04737016844568967,12.880119647783877,0.4857142857142857,0.9305460535870633,-0.02683785500548952,0.10690069198608398
SPY,1d,7,0.0,0.75,20,50,0.5049410835306194,0.3237832857868148,0.48388760744993764,0.06401590696814746,7.558865137858731,0.11428571428571428,0.15846649285766387,-0.0031169581457332063,0.09927988052368164
SPY,1d,7,0.0,1.0,8,21,0.7783055049177207,-0.11212707367806263,0.7691449264698169,0.06452105521807415,11.920836134347008,0.7142857142857143,1.3436841356526978,-0.04251342510895306,0.10870957374572754
SPY,1d,7,0.0,1.0,9,21,0.7963741816074568,0.6259076892747581,0.7535164539193954,0.05556362349932491,13.56132675415869,0.7142857142857143,1.3887315465123788,-0.035888081683076556,0.10108208656311035
SPY,1d,7,0.0,1.0,10,30,0.7401421739184023,0.1838922102453069,0.7097722707736468,0.04670043559262543,15.198407932745887,0.4,0.7932057048224579,-0.02683785500548952,0.10254526138305664
SPY,1d,7,0.0,1.0,12,26,0.6855056715506083,0.20368748334160758,0.712718761140447,0.05025296688375405,14.182620556297087,0.4857142857142857,0.938467356892473,-0.02683785500548952,0.10227799415588379
SPY,1d,7,0.0,1.0,20,50,0.5880678999863248,0.17859932142397117,0.5641172608658517,0.06485984809940794,8.697480450482294,0.11428571428571428,0.15837186390706975,-0.0031169581457332063,0.0949409008026123
SPY,1d,7,0.1,0.0,8,21,0.4391042809462202,0.5925016322429719,0.5593015456506485,0.22206951208625186,2.5185877178557297,0.3142857142857143,0.4124839839110398,-0.14488305362555065,0.10645461082458496
SPY,1d,7,0.1,0.0,9,21,0.8455155387211142,1.4039411032713018,0.5409434824617179,0.18779915118740853,2.8804362482016734,0.34285714285714286,0.5383480942262281,-0.14488305362555065,0.10515141487121582
SPY,1d,7,0.1,0.0,10,30,0.5907639025690803,0.8909576765547251,0.5368476721861885,0.2404494365253533,2.2326842597095564,0.14285714285714285,0.17509086677700875,-0.0500743929960068,0.11127853393554688
SPY,1d,7,0.1,0.0,12,26,0.6192758482804852,0.888007098007703,0.5650281532804929,0.2291036494714248,2.4662555772642403,0.2,0.23257323326712434,-0.042828904193414896,0.1066286563873291
SPY,1d,7,0.1,0.0,20,50,0.6377292861606905,0.9825439484534451,0.43185153900442613,0.25212405873627114,1.7128533515167428,0.02857142857142857,-0.01374364747531312,-0.0031169581457332063,0.10442137718200684
SPY,1d,7,0.1,0.25,8,21,0.3393025562479041,0.3698162128854148,0.3756596913229031,0.04523503600023334,8.304617936436822,0.7142857142857143,1.2231213599703765,-0.03595218353723151,0.10899209976196289
SPY,1d,7,0.1,0.25,9,21,0.42389334545146173,1.293294848678015,0.36906699062189074,0.04778824917207461,7.722965310843771,0.7142857142857143,1.2863013052978358,-0.035888081683076556,0.10870146751403809
SPY,1d,7,0.1,0.25,10,30,0.3594256328650273,0.698694111188485,0.35500518328275793,0.05185311931906175,6.846361182214438,0.4,0.7872425423034122,-0.02683785500548952,0.11056137084960938
SPY,1d,7,0.1,0.25,12,26,0.3539577109954174,0.6958294664094373,0.3712858782232886,0.0521324923413273,7.121966772514288,0.4857142857142857,0.9019954817926048,-0.02683785500548952,0.11240363121032715
SPY,1d,7,0.1,0.25,20,50,0.3467428897530239,0.8016120546739203,0.3082126524773945,0.09245167910222833,3.3337701972571936,0.11428571428571428,0.15876328531853073,-0.0031169581457332063,0.10123729705810547
SPY,1d,7,0.1,0.5,8,21,0.5162015019482492,0.17363785029829737,0.526316001756288,0.04271909995568565,12.320390698826944,0.7142857142857143,1.2818077442224998,-0.03595218353723151,0.11662101745605469
SPY,1d,7,0.1,0.5,9,21,0.560328291734011,1.1804252032951927,0.5186709830653344,0.04451920491441859,11.650499690243809,0.7142857142857143,1.3370368243688242,-0.035888081683076556,0.1107187271118164
SPY,1d,7,0.1,0.5,10,30,0.4964730500085267,0.5234347035418414,0.4869686946047228,0.03825014230818906,12.731160336113746,0.4,0.7916886154394993,-0.02683785500548952,0.10032153129577637
SPY,1d,7,0.1,0.5,12,26,0.4820720858609986,0.5181443610054226,0.49750596047001416,0.04169870857617821,11.930968067299599,0.4857142857142857,0.9195624326523543,-0.02683785500548952,0.10420346260070801
SPY,1d,7,0.1,0.5,20,50,0.42173816576856565,0.6353969323246882,0.39642902450124434,0.06791731659406287,5.836935915337665,0.11428571428571428,0.15859127629439135,-0.0031169581457332063,0.09509134292602539
SPY,1d,7,0.1,0.75,8,21,0.6728681165005088,0.0014909713965998161,0.6670400273951322,0.05193447944593476,12.843876255456445,0.7142857142857143,1.3188467116978084,-0.03635013897111605,0.10298657417297363
SPY,1d,7,0.1,0.75,9,21,0.6990057925175842,1.0663128623771465,0.6582693825050561,0.0500116523559643,13.162320209293224,0.7142857142857143,1.368553930661745,-0.035888081683076556,0.10658860206604004
SPY,1d,7,0.1,0.75,10,30,0.6295515275321046,0.3639490451216336,0.6136736618433292,0.04036558941166258,15.202891145348277,0.4,0.7928117129988657,-0.02683785500548952,0.10941839218139648
SPY,1d,7,0.1,0.75,12,26,0.6082417256680295,0.35453386488870975,0.6213006286948362,0.045458908597993404,13.667301918512424,0.4857142857142857,0.9305460535870633,-0.02683785500548952,0.1115717887878418
SPY,1d,7,0.1,0.75,20,50,0.5144005151790634,0.4828487996722377,0.4896807555421273,0.06458892120321177,7.581497668949721,0.11428571428571428,0.15846649285766387,-0.0031169581457332063,0.10549712181091309
SPY,1d,7,0.1,1.0,8,21,0.8016357084244067,-0.14896578913331193,0.7840847315023493,0.060034110264720886,13.06065381905256,0.7142857142857143,1.3457887149764254,-0.04251342510895306,0.1119377613067627
SPY,1d,7,0.1,1.0,9,21,0.8163096602610452,0.9518640129996236,0.7743427281351508,0.05532579127453955,13.996053382999632,0.7142857142857143,1.3912587996670294,-0.035888081683076556,0.11650943756103516
SPY,1d,7,0.1,1.0,10,30,0.7412291524707569,0.21906751911926703,0.7197598596634603,0.044569863576843366,16.14902541540238,0.4,0.7932057048224579,-0.02683785500548952,0.11535978317260742
SPY,1d,7,0.1,1.0,12,26,0.7145067390591493,0.204491569373356,0.72538943293793,0.05042352134572709,14.385933659101731,0.4857142857142857,0.938467356892473,-0.02683785500548952,0.12729215621948242
SPY,1d,7,0.1,1.0,20,50,0.596015938459393,0.3429818630245183,0.5696298911440699,0.06601233166268802,8.629143628114567,0.11428571428571428,0.15837186390706975,-0.0031169581457332063,0.10241150856018066
SPY,1d,7,0.25,0.0,8,21,0.42452695530949036,0.561448232673647,0.6192495069666071,0.20188463896192727,3.067343360796208,0.3142857142857143,0.4124839839110398,-0.14488305362555065,0.11547493934631348
SPY,1d,7,0.25,0.0,9,21,0.8423198611420312,1.4120734234506402,0.5740355653401921,0.1964894318752814,2.921457708242305,0.34285714285714286,0.5383480942262281,-0.14488305362555065,0.11830615997314453
SPY,1d,7,0.25,0.0,10,30,0.5535602528625532,0.791197867427722,0.5620177149101646,0.18568317169604248,3.0267563278710576,0.14285714285714285,0.17509086677700875,-0.0500743929960068,0.10664820671081543
SPY,1d,7,0.25,0.0,12,26,0.6216317745018336,0.8798530968981182,0.5264015632893835,0.22267667664737462,2.3639726046521714,0.2,0.23257323326712434,-0.042828904193414896,0.10208940505981445
SPY,1d,7,0.25,0.0,20,50,0.6775878609551692,1.0429434979907506,0.4245747100754847,0.23943840373827394,1.7732105771118494,0.02857142857142857,-0.01374364747531312,-0.0031169581457332063,0.09688806533813477
SPY,1d,7,0.25,0.25,8,21,0.34208607088184406,0.33233626439895914,0.3966395602163209,0.04781813818120561,8.294751224174924,0.7142857142857143,1.2231213599703765,-0.03595218353723151,0.10809731483459473
SPY,1d,7,0.25,0.25,9,21,0.4264905577615389,1.3058367615959954,0.3812518992843113,0.057356768121124085,6.647025482314422,0.7142857142857143,1.2863013052978358,-0.035888081683076556,0.11219406127929688
SPY,1d,7,0.25,0.25,10,30,0.39387235397970033,0.982796683790734,0.36829190078705587,0.04451006231651496,8.274351497602943,0.4,0.7872425423034122,-0.02683785500548952,0.10347986221313477
SPY,1d,7,0.25,0.25,12,26,0.3575136648299395,0.6792714475140662,0.36626770513848966,0.051831159062050186,7.066554400221084,0.4857142857142857,0.9019954817926048,-0.02683785500548952,0.10677838325500488
SPY,1d,7,0.25,0.25,20,50,0.3568990669551867,0.8679289864667405,0.29914706200964253,0.08854552921799205,3.3784547300312164,0.11428571428571428,0.15876328531853073,-0.0031169581457332063,0.09554243087768555
SPY,1d,7,0.25,0.5,8,21,0.5285889309131191,0.13096590962866728,0.5529536860507631,0.046146123586511344,11.982668165271269,0.7142857142857143,1.2818077442224998,-0.03595218353723151,0.11213874816894531
SPY,1d,7,0.25,0.5,9,21,0.5665113148661991,1.1978691182157983,0.5323902460616763,0.046699064209940626,11.400447847696887,0.7142857142857143,1.3370368243688242,-0.035888081683076556,0.10346055030822754
SPY,1d,7,0.25,0.5,10,30,0.5456460647141239,1.103107779021983,0.5003259965894938,0.04146132614828035,12.067293622016606,0.4,0.7916886154394993,-0.02683785500548952,0.0984354019165039
SPY,1d,7,0.25,0.5,12,26,0.49567873052458605,0.4952017636978865,0.5020584454540848,0.041873908593198485,11.989767908497404,0.4857142857142857,0.9195624326523543,-0.02683785500548952,0.10007929801940918
SPY,1d,7,0.25,0.5,20,50,0.4362990550878998,0.7050286054152664,0.390626350467029,0.06640255110354469,5.8827009501172105,0.11428571428571428,0.15859127629439135,-0.0031169581457332063,0.096099853515625
SPY,1d,7,0.25,0.75,8,21,0.6915507435839263,-0.045044947041368966,0.6990231375932252,0.05356791646948819,13.049287403055569,0.7142857142857143,1.3188467116978084,-0.03635013897111605,0.1029510498046875
SPY,1d,7,0.25,0.75,9,21,0.7082107013973431,1.088952614101757,0.6743113879626725,0.0499709791380979,13.49405994425627,0.7142857142857143,1.368553930661745,-0.035888081683076556,0.10328102111816406
SPY,1d,7,0.25,0.75,10,30,0.6868795436590828,1.1645568137844315,0.6278682591879673,0.046232433440931704,13.580688111305138,0.4,0.7928117129988657,-0.02683785500548952,0.10015511512756348
SPY,1d,7,0.25,0.75,12,26,0.6289867575731325,0.32691992219441857,0.631139370508176,0.045755241355179645,13.793815786237328,0.4857142857142857,0.9305460535870633,-0.02683785500548952,0.10081720352172852
SPY,1d,7,0.25,0.75,20,50,0.5323602536512346,0.553628697772216,0.48614281019273486,0.06365837490880911,7.63674553252634,0.11428571428571428,0.15846649285766387,-0.0031169581457332063,0.0970306396484375
SPY,1d,7,0.25,1.0,8,21,0.8250347155254032,-0.19803805498674254,0.8204200103313195,0.06037809930466372,13.588039699486675,0.7142857142857143,1.3457887149764254,-0.04251342510895306,0.11144757270812988
SPY,1d,7,0.25,1.0,9,21,0.8279298923369874,0.9798152205698611,0.792442646776959,0.05469983563808837,14.487112027539046,0.7142857142857143,1.3912587996670294,-0.035888081683076556,0.11175537109375
SPY,1d,7,0.25,1.0,10,30,0.8040645939466512,1.178028519014473,0.7347382399461548,0.05102440945736221,14.399740198073784,0.4,0.7932057048224579,-0.02683785500548952,0.10282588005065918
SPY,1d,7,0.25,1.0,12,26,0.7407093413623126,0.17364412928558237,0.7388937696962171,0.050928938277517585,14.5083285590974,0.4857142857142857,0.938467356892473,-0.02683785500548952,0.10471606254577637
SPY,1d,7,0.25,1.0,20,50,0.6166179070077312,0.4131310852460024,0.5678125879660536,0.06521044290488351,8.707387385702466,0.11428571428571428,0.15837186390706975,-0.0031169581457332063,0.10192751884460449
SPY,1d,7,0.4,0.0,8,21,0.5914423034570113,0.8993543610515822,0.5972217501883685,0.22727321321541674,2.627770082267913,0.3142857142857143,0.4124839839110398,-0.14488305362555065,0.11066389083862305
SPY,1d,7,0.4,0.0,9,21,0.8224570085146192,1.3237946368706033,0.5843327423437249,0.19348391373929294,3.0200585208911757,0.34285714285714286,0.5383480942262281,-0.14488305362555065,0.10988521575927734
SPY,1d,7,0.4,0.0,10,30,0.5401195276055589,0.7637307325994331,0.5964796134582134,0.1510626139574348,3.9485587984482025,0.14285714285714285,0.17509086677700875,-0.0500743929960068,0.11696290969848633
SPY,1d,7,0.4,0.0,12,26,0.5951633927093317,0.8229282698699893,0.5328504699042234,0.20367286707611437,2.6162074386918333,0.2,0.23257323326712434,-0.042828904193414896,0.10782670974731445
SPY,1d,7,0.4,0.0,20,50,0.6562548325969664,0.963712903597691,0.4277508366906889,0.24398757031599458,1.7531665081819447,0.02857142857142857,-0.01374364747531312,-0.0031169581457332063,0.10474848747253418
SPY,1d,7,0.4,0.25,8,21,0.38875688909672323,0.7064187552085246,0.400288288649622,0.05142392850985228,7.784086129727156,0.7142857142857143,1.2231213599703765,-0.03595218353723151,0.1117849349975586
SPY,1d,7,0.4,0.25,9,21,0.4593750342714873,1.7494261706271668,0.3905047982168067,0.06675743510919432,5.849607576715055,0.7142857142857143,1.2863013052978358,-0.035888081683076556,0.11016964912414551
SPY,1d,7,0.4,0.25,10,30,0.3901387788992738,0.9449000596998001,0.37717130906615715,0.03971959836200848,9.495849017116923,0.4,0.7872425423034122,-0.02683785500548952,0.1115102767944336
SPY,1d,7,0.4,0.25,12,26,0.35942496521484973,0.6159529294494726,0.3672370135303614,0.0480157431263494,7.64826262428154,0.4857142857142857,0.9019954817926048,-0.02683785500548952,0.10976386070251465
SPY,1d,7,0.4,0.25,20,50,0.3456646518916952,0.7795808094115992,0.29850392093647177,0.09681054859673399,3.0833821857563786,0.11428571428571428,0.15876328531853073,-0.0031169581457332063,0.10004472732543945
SPY,1d,7,0.4,0.5,8,21,0.5684690305555891,0.5268999895493687,0.5704806698124942,0.04659602730844281,12.243118196240045,0.7142857142857143,1.2818077442224998,-0.03595218353723151,0.10377931594848633
SPY,1d,7,0.4,0.5,9,21,0.6078587830674597,2.113523287179344,0.5455889000730778,0.052520691140046295,10.388075408571192,0.7142857142857143,1.3370368243688242,-0.035888081683076556,0.10265231132507324
SPY,1d,7,0.4,0.5,10,30,0.5430719891374725,1.0550134994232696,0.5079181955922829,0.041210426592651846,12.324992425165743,0.4,0.7916886154394993,-0.02683785500548952,0.11302351951599121
SPY,1d,7,0.4,0.5,12,26,0.5140030557531646,0.42781419402048027,0.5058425727268874,0.043696839999607086,11.576182001523126,0.4857142857142857,0.9195624326523543,-0.02683785500548952,0.09910082817077637
SPY,1d,7,0.4,0.5,20,50,0.4294026315714941,0.6099241287523229,0.3953656080426515,0.07265444665616241,5.441726229279833,0.11428571428571428,0.15859127629439135,-0.0031169581457332063,0.09658432006835938
SPY,1d,7,0.4,0.75,8,21,0.7317236972973525,0.36067089734166635,0.7255608023898621,0.052243771722210355,13.887986614898345,0.7142857142857143,1.3188467116978084,-0.03635013897111605,0.10166740417480469
SPY,1d,7,0.4,0.75,9,21,0.7536188169509421,2.417250891060283,0.6904737991615095,0.05196491240354767,13.287308055086234,0.7142857142857143,1.368553930661745,-0.035888081683076556,0.10454273223876953
SPY,1d,7,0.4,0.75,10,30,0.6848777455468034,1.106979089212488,0.6357405043761399,0.04545241169902605,13.98694768026495,0.4,0.7928117129988657,-0.02683785500548952,0.0991964340209961
SPY,1d,7,0.4,0.75,12,26,0.6580160968821518,0.2574304721751912,0.6371069013195222,0.048675260863375217,13.088926284499921,0.4857142857142857,0.9305460535870633,-0.02683785500548952,0.10042858123779297
SPY,1d,7,0.4,0.75,20,50,0.52706521635205,0.4538410144182521,0.4942355671521071,0.06673245401387196,7.406224968878985,0.11428571428571428,0.15846649285766387,-0.0031169581457332063,0.09771585464477539
SPY,1d,7,0.4,1.0,8,21,0.8665461340559341,0.20747558317396764,0.8536551008581744,0.05798485542653584,14.72203551390615,0.7142857142857143,1.3457887149764254,-0.04251342510895306,0.1032564640045166
SPY,1d,7,0.4,1.0,9,21,0.8758091848353683,2.662454809029559,0.8108878982436429,0.054005204456699464,15.014995432408746,0.7142857142857143,1.3912587996670294,-0.035888081683076556,0.12080073356628418
SPY,1d,7,0.4,1.0,10,30,0.8024317867336045,1.1120166320752598,0.7430805896183232,0.04925865264435395,15.085280447748817,0.4,0.7932057048224579,-0.02683785500548952,0.11833930015563965
SPY,1d,7,0.4,1.0,12,26,0.777727474817812,0.10369165509487988,0.7465728115799322,0.05398266159265743,13.829862951431037,0.4857142857142857,0.938467356892473,-0.02683785500548952,0.10053443908691406
SPY,1d,7,0.4,1.0,20,50,0.6121983246758952,0.3104681548342463,0.5783297758495574,0.06558548631826477,8.81795361008857,0.11428571428571428,0.15837186390706975,-0.0031169581457332063,0.10896611213684082
SPY,1d,7,0.55,0.0,8,21,0.48642746155524236,0.6699820428962671,0.5916702189142846,0.2181405585713139,2.7123347569537715,0.3142857142857143,0.27778476231124566,-0.07304522703748184,0.12125277519226074
SPY,1d,7,0.55,0.0,9,21,0.8752235948591537,1.438318268946905,0.6293019257946644,0.1835294020498001,3.4288888797442136,0.34285714285714286,0.51361810105114,-0.07304522703748184,0.12697792053222656
SPY,1d,7,0.55,0.0,10,30,0.564066605394153,0.7951096775331701,0.5996003115451728,0.13812326387839388,4.341052294225188,0.14285714285714285,0.15417458244281682,-0.042640444432786584,0.09953522682189941
SPY,1d,7,0.55,0.0,12,26,0.581143007840934,0.7799598348344632,0.5155239944199045,0.21316694170128309,2.418404984870135,0.2,0.20973216621149332,-0.042828904193414896,0.10527276992797852
SPY,1d,7,0.55,0.0,20,50,0.7227186967808692,1.1027828154952508,0.4342890159000753,0.29624107219689466,1.4659986634514608,0.02857142857142857,-0.01374364747531312,-0.0031169581457332063,0.0940561294555664
SPY,1d,7,0.55,0.25,8,21,0.377361193249957,0.45375606589995976,0.40577899470626405,0.045217091717800625,8.974017993875552,0.8,1.3487912102811535,-0.01761238004549015,0.10831356048583984
SPY,1d,7,0.55,0.25,9,21,0.4727215514314418,1.9165032917951734,0.4058391083601628,0.06257066450404017,6.486092349777712,0.7714285714285715,1.3513430945860103,0.0,0.10798954963684082
SPY,1d,7,0.55,0.25,10,30,0.3962466260582905,0.9858523399070664,0.3803049181682795,0.040840876893215715,9.31186955565721,0.5142857142857142,0.8988891273315939,-0.014318806511778526,0.09868764877319336
SPY,1d,7,0.55,0.25,12,26,0.3628475324204043,0.5681300092876376,0.3667266831851974,0.050191519399334125,7.306546754790266,0.5428571428571428,0.9179306334875692,0.0,0.10496258735656738
SPY,1d,7,0.55,0.25,20,50,0.36564018218181427,0.9410642062604977,0.3067825929884088,0.10733904565901689,2.858070808296197,0.14285714285714285,0.21435833805073615,-0.0031169581457332063,0.10730719566345215
SPY,1d,7,0.55,0.5,8,21,0.584667076917135,0.26060973324699455,0.586227615517681,0.044647751565451886,13.13005907270143,0.8,1.416476033271697,-0.02249394179956299,0.11067891120910645
SPY,1d,7,0.55,0.5,9,21,0.6259516297943747,2.33744908310121,0.5611114299464747,0.05188604608635029,10.814303117502082,0.7714285714285715,1.400647749699573,-0.0011559912526494243,0.11349058151245117
SPY,1d,7,0.55,0.5,10,30,0.5521413279105246,1.1040890700099704,0.514268667349704,0.040898924406179385,12.574136724045573,0.5142857142857142,0.9183745019140872,-0.02421004596588261,0.10078787803649902
SPY,1d,7,0.55,0.5,12,26,0.5320970781150206,0.3769013153040919,0.5139018437165153,0.03851562290679519,13.342685511282468,0.5428571428571428,0.9470226649866971,-0.001968519658839485,0.10771751403808594
SPY,1d,7,0.55,0.5,20,50,0.4416528928094368,0.7897634591680451,0.40673939506210155,0.07843798335507471,5.185490213597985,0.14285714285714285,0.21444367951419244,-0.0031169581457332063,0.09838461875915527
SPY,1d,7,0.55,0.75,8,21,0.7647016334461169,0.08876169498848752,0.7485639494850557,0.05392924364656987,13.88048299714412,0.8,1.464229224953591,-0.02737550355363605,0.10441255569458008
SPY,1d,7,0.55,0.75,9,21,0.7764518351199283,2.699993469072397,0.7077101681614857,0.05455784084928527,12.971740764384684,0.7714285714285715,1.4361032251421562,-0.007761204764363927,0.10439586639404297
SPY,1d,7,0.55,0.75,10,30,0.6965666638860641,1.1623492071518786,0.6446195570457883,0.043990456674595946,14.653622757638926,0.5142857142857142,0.9336501201259507,-0.03410128541998636,0.10863733291625977
SPY,1d,7,0.55,0.75,12,26,0.686049043559391,0.2049250143655319,0.6507631457233957,0.04221819922696596,15.414280041289276,0.5428571428571428,0.967886240068087,-0.008979997373648851,0.10567355155944824
SPY,1d,7,0.55,0.75,20,50,0.5366096251175407,0.6483686038460414,0.5078195614642651,0.06951252992871292,7.305439206212873,0.14285714285714285,0.21450287231536627,-0.0031169581457332063,0.10381627082824707
SPY,1d,7,0.55,1.0,8,21,0.9118073582318731,-0.06352520434608833,0.8822225101729823,0.0623503753038546,14.149433838587365,0.8,1.5008313066908898,-0.03225706530770922,0.11513090133666992
SPY,1d,7,0.55,1.0,9,21,0.9025685697403623,3.003889891515029,0.8297848855253592,0.05912622177313813,14.034126663955757,0.7714285714285715,1.4634835861138606,-0.01436641827607843,0.1100165843963623
SPY,1d,7,0.55,1.0,10,30,0.8162461729735377,1.1717128125517173,0.753940463093292,0.04693766738051157,16.062589071188626,0.5142857142857142,0.9458806612957149,-0.043992524874090555,0.10782313346862793
SPY,1d,7,0.55,1.0,12,26,0.8132682783248361,0.050843315085695506,0.7644159658746877,0.04802946775809117,15.9155618739063,0.5428571428571428,0.9838945552561317,-0.01599147508845855,0.10052800178527832
SPY,1d,7,0.55,1.0,20,50,0.6202767026273207,0.5163808282880615,0.5935679203513646,0.06600781440352461,8.992388639361916,0.14285714285714285,0.21454630905123406,-0.0031169581457332063,0.10841155052185059
SPY,1d,7,0.7,0.0,8,21,0.6846605512606693,0.9466780098934104,0.6532813230656302,0.27166751915885384,2.4047089806258106,0.2857142857142857,0.1582403512146952,-0.07304522703748184,0.11566758155822754
SPY,1d,7,0.7,0.0,9,21,0.8325792952982646,1.267156350378901,0.6774668512699421,0.190096034943273,3.5638136874980404,0.3142857142857143,0.3860687434472844,-0.07304522703748184,0.10257434844970703
SPY,1d,7,0.7,0.0,10,30,0.5168559170650509,0.6870342168096668,0.6465286030750423,0.18791922040380798,3.4404602237373965,0.14285714285714285,0.15417458244281682,-0.042640444432786584,0.1084449291229248
SPY,1d,7,0.7,0.0,12,26,0.6254024019287969,0.8442165976312725,0.5797303026422278,0.19386237985337898,2.9904218811338565,0.2,0.20973216621149332,-0.042828904193414896,0.10169053077697754
SPY,1d,7,0.7,0.0,20,50,0.6959481412597807,1.0328745146929927,0.46672389452774404,0.2980469300785381,1.5659409556902935,0.02857142857142857,-0.01374364747531312,-0.0031169581457332063,0.0988616943359375
SPY,1d,7,0.7,0.25,8,21,0.45354140680916427,1.2039927344082608,0.42768974818958555,0.05404361250739219,7.913789037161151,0.8,1.310722678649074,-0.01761238004549015,0.10759472846984863
SPY,1d,7,0.7,0.25,9,21,0.4649258196993972,1.6621374735367915,0.41505333887813967,0.057977582033285666,7.15885906797307,0.7714285714285715,1.2604769567740897,-0.012174095475227631,0.10783219337463379
SPY,1d,7,0.7,0.25,10,30,0.38915514230943893,0.8336475962784409,0.38990717411043174,0.04413779656895847,8.83386132566138,0.5142857142857142,0.8988891273315939,-0.014318806511778526,0.1027822494506836
SPY,1d,7,0.7,0.25,12,26,0.3751770284632206,0.6396480785854639,0.381404398095882,0.051214712373647414,7.447164699730581,0.5428571428571428,0.9179306334875692,0.0,0.10575628280639648
SPY,1d,7,0.7,0.25,20,50,0.3558069347351888,0.8602090003671985,0.32152734083253076,0.09562905459983283,3.3622348582027373,0.14285714285714285,0.21435833805073615,-0.0031169581457332063,0.09869623184204102
SPY,1d,7,0.7,0.5,8,21,0.6684437452566899,1.3884498193112913,0.6089855845595022,0.04345058149980521,14.015591127640773,0.8,1.3924303994558709,-0.02249394179956299,0.1045372486114502
SPY,1d,7,0.7,0.5,9,21,0.6402064726038723,1.9902527457828332,0.57652926881786,0.04864452258181811,11.851884615542506,0.7714285714285715,1.3296469733365333,-0.019375416472445894,0.10660290718078613
SPY,1d,7,0.7,0.5,10,30,0.5626120882482905,0.907071690269609,0.5258601848117829,0.04114953219140487,12.77925062102218,0.5142857142857142,0.9183745019140872,-0.02421004596588261,0.10587096214294434
SPY,1d,7,0.7,0.5,12,26,0.5494705883165092,0.4530817343704452,0.5317468058327918,0.046248226754053996,11.497669060061428,0.5428571428571428,0.9470226649866971,-0.001968519658839485,0.10431075096130371
SPY,1d,7,0.7,0.5,20,50,0.4350720571595777,0.7000848294056623,0.4218989409539497,0.06781214006741673,6.221584225693376,0.14285714285714285,0.21444367951419244,-0.0031169581457332063,0.09668302536010742
SPY,1d,7,0.7,0.75,8,21,0.8570779660358357,1.5087595541157595,0.7741848617323159,0.051411465709590654,15.058603193798735,0.8,1.4509951476782346,-0.02737550355363605,0.10690546035766602
SPY,1d,7,0.7,0.75,9,21,0.8042367747878968,2.253619994697508,0.7289928483521393,0.05415961682120215,13.46008135099576,0.7714285714285715,1.3809276154017394,-0.026576737469663825,0.11017608642578125
SPY,1d,7,0.7,0.75,10,30,0.7180537696683955,0.921948467447139,0.6589448316491036,0.045992963833727515,14.32707911652101,0.5142857142857142,0.9336501201259507,-0.03410128541998636,0.10629034042358398
SPY,1d,7,0.7,0.75,12,26,0.7082928280059697,0.2835716616543058,0.6725545629865445,0.04898453415672264,13.729936898751605,0.5428571428571428,0.967886240068087,-0.008979997373648851,0.10727214813232422
SPY,1d,7,0.7,0.75,20,50,0.5313679356150769,0.5517740549953913,0.5244646568084071,0.061900913893084115,8.472648040613226,0.14285714285714285,0.21450287231536627,-0.0031169581457332063,0.0982215404510498
SPY,1d,7,0.7,1.0,8,21,1.0113029950310948,1.573326758059264,0.9105464711044364,0.060434141500822915,15.066756116524594,0.8,1.4961850716534038,-0.033778058466881755,0.10959267616271973
SPY,1d,7,0.7,1.0,9,21,0.94028263375515,2.455150986118723,0.8559238478752811,0.060936807691335304,14.046089388384324,0.7714285714285715,1.4209823751900459,-0.033778058466881755,0.10418224334716797
SPY,1d,7,0.7,1.0,10,30,0.8458745035833515,0.8909907202486538,0.7706470945156191,0.050639760428280806,15.218221571309716,0.5142857142857142,0.9458806612957149,-0.043992524874090555,0.10540223121643066
SPY,1d,7,0.7,1.0,12,26,0.8395335772009845,0.13012815235006037,0.7896008379299092,0.052407186883312744,15.066651825597804,0.5428571428571428,0.9838945552561317,-0.01599147508845855,0.10213780403137207
SPY,1d,7,0.7,1.0,20,50,0.6158298970605113,0.4145761137025672,0.6116056178499936,0.06156599616906129,9.934146377986217,0.14285714285714285,0.21454630905123406,-0.0031169581457332063,0.09636735916137695
SPY,1d,7,0.85,0.0,8,21,0.6952765565251366,0.966217913957444,0.7496792114956683,0.27148169434309266,2.7614355852230683,0.4,0.30181003654787736,-0.08002608764667063,0.10614514350891113
SPY,1d,7,0.85,0.0,9,21,0.7623552402573754,1.1106439470873117,0.6851508466708399,0.22469599874521642,3.049234746043408,0.37142857142857144,0.23665985585625238,-0.0616552430139673,0.10892200469970703
SPY,1d,7,0.85,0.0,10,30,0.6256992269397338,0.8330541468421655,0.6406065752977581,0.18329738543074153,3.494902962158234,0.2,0.15593776701387368,-0.03448407528227637,0.1071007251739502
SPY,1d,7,0.85,0.0,12,26,0.6416743887828161,0.860687993380459,0.6111128422012567,0.18365745676518286,3.3274600060622714,0.22857142857142856,0.15907423801208193,-0.04483980108300589,0.141282320022583
SPY,1d,7,0.85,0.0,20,50,0.5831140979187686,0.794937785421175,0.5046052558925911,0.2758917544516722,1.8289972344243528,0.08571428571428572,0.07948387740079925,-0.0004999999999999449,0.09641361236572266
SPY,1d,7,0.85,0.25,8,21,0.45882966165352157,1.2215901488436072,0.4563300518332022,0.04321042030911214,10.560648301237933,0.8285714285714286,1.2859771688309907,-0.018843441421779183,0.10993695259094238
SPY,1d,7,0.85,0.25,9,21,0.46280122380035227,1.4240632505052546,0.4254358384851982,0.045463727702258365,9.357698103230218,0.8,1.2904361774434285,-0.018843441421779183,0.11017322540283203
SPY,1d,7,0.85,0.25,10,30,0.41395155183304455,1.0313764427581842,0.3939733763562844,0.04243343237895304,9.284504087199293,0.5142857142857142,0.870820497296488,0.0,0.10818123817443848
SPY,1d,7,0.85,0.25,12,26,0.37868511304377184,0.6567662021999199,0.39403284952566814,0.04791660121735738,8.223305483172147,0.5428571428571428,0.9093201943221092,0.0,0.10510897636413574
SPY,1d,7,0.85,0.25,20,50,0.3250982265256613,0.5901461064071327,0.3313646723844306,0.08594382325785187,3.855596130396224,0.22857142857142856,0.3755866734419248,-0.009017591094521493,0.09935784339904785
SPY,1d,7,0.85,0.5,8,21,0.6796584205096057,1.4025601403201922,0.6464405739783,0.041910859047055334,15.424178570344028,0.8285714285714286,1.378708696888019,-0.0259961424134042,0.1096639633178711
SPY,1d,7,0.85,0.5,9,21,0.665213496994319,1.6635016278144117,0.60318529143393,0.0402151579212038,14.998953693425511,0.8,1.3720705771772457,-0.0259961424134042,0.10804224014282227
SPY,1d,7,0.85,0.5,10,30,0.5931254315026327,1.1531268033694206,0.543876184996398,0.04287654472086035,12.684701823274267,0.5142857142857142,0.8961220309181789,-0.0008272525093108163,0.11171293258666992
SPY,1d,7,0.85,0.5,12,26,0.5562079861208072,0.4700679939740313,0.5514496539103486,0.04706054199553734,11.717877239124054,0.5428571428571428,0.946871807298688,-0.0008272525093108163,0.09889960289001465
SPY,1d,7,0.85,0.5,20,50,0.4299630737988078,0.4062030229470963,0.4322587973665922,0.06378606737234219,6.776696152834479,0.22857142857142856,0.3819991596996002,-0.017535182189043153,0.10990762710571289
SPY,1d,7,0.85,0.75,8,21,0.8730757141264156,1.5183408162303902,0.8206912488892144,0.05631023754196228,14.574459009831683,0.8285714285714286,1.446829870840198,-0.03314884340502966,0.11189818382263184
SPY,1d,7,0.85,0.75,9,21,0.8469516863375136,1.8353792002334348,0.7675149584844185,0.05293169985663144,14.500100328598498,0.8,1.4305068262687075,-0.03314884340502966,0.1103353500366211
SPY,1d,7,0.85,0.75,10,30,0.7549177222865429,1.2105242149397388,0.6867648182211863,0.048982522066823644,14.020609581602965,0.5142857142857142,0.9161563939812201,-0.005818775446735036,0.09807085990905762
SPY,1d,7,0.85,0.75,12,26,0.7179367966144535,0.2998665386917372,0.6984068091784932,0.05150093802241983,13.561050264258423,0.5428571428571428,0.9734026249470781,-0.005818775446735036,0.0988767147064209
SPY,1d,7,0.85,0.75,20,50,0.539623355722697,0.24127241357798357,0.536402837949271,0.06057835009993958,8.854695399665664,0.22857142857142856,0.3870780963723132,-0.02605277328356448,0.09510350227355957
SPY,1d,7,0.85,1.0,8,21,1.0311036612709117,1.5777761505560286,0.9646336890762444,0.06885492660463356,14.009653871467924,0.8285714285714286,1.499863472204043,-0.04030154439665512,0.1049034595489502
SPY,1d,7,0.85,1.0,9,21,0.9963026924861134,1.9464223024560714,0.9036341525668805,0.06476550695123534,13.952398353760504,0.8,1.4757408414422173,-0.04030154439665512,0.10520148277282715
SPY,1d,7,0.85,1.0,10,30,0.8881101183753864,1.2147980355059689,0.805942802368891,0.0543526170056136,14.828040428773694,0.5142857142857142,0.932194732314926,-0.010810298384159256,0.12652063369750977
SPY,1d,7,0.85,1.0,12,26,0.8515128124959189,0.1453507120498998,0.8204195575146264,0.055720730723072105,14.723775996263413,0.5428571428571428,0.9937214303970667,-0.010810298384159256,0.10785079002380371
SPY,1d,7,0.85,1.0,20,50,0.633198340414687,0.09364964346251758,0.6250243271113227,0.061351828131083745,10.187542020360038,0.22857142857142856,0.3911503437513781,-0.03457036437808614,0.10618948936462402
SPY,1d,7,1.0,0.0,8,21,0.670288311872445,0.9151808998343627,0.7625893921237366,0.2209403603219178,3.4515621818151163,0.37142857142857144,0.3228221221142232,-0.06703497546972159,0.11020278930664062
SPY,1d,7,1.0,0.0,9,21,0.6773568057365128,0.9364843770468145,0.7667787386964264,0.19774356316889258,3.8776419642116062,0.34285714285714286,0.2571280943121999,-0.0616552430139673,0.10399293899536133
SPY,1d,7,1.0,0.0,10,30,0.7138259798582506,1.023900487686392,0.7455477111396488,0.1484620746974424,5.021805822524266,0.2,0.15593776701387368,-0.03448407528227637,0.09839940071105957
SPY,1d,7,1.0,0.0,12,26,0.673296831195361,0.9310194046491911,0.7291346790944212,0.1447543995780798,5.037046757954528,0.22857142857142856,0.19261037743856677,-0.03448407528227637,0.0995638370513916
SPY,1d,7,1.0,0.0,20,50,0.5822548066325546,0.8018790356813963,0.5716659650301992,0.2562524530561815,2.2308702149472324,0.08571428571428572,0.07948387740079925,-0.0004999999999999449,0.09469270706176758
SPY,1d,7,1.0,0.25,8,21,0.45911363879076306,1.1500857843494274,0.4657928080861091,0.041495414869211614,11.225163299468871,0.8285714285714286,1.2956928634304337,-0.029449950183139895,0.10789251327514648
SPY,1d,7,1.0,0.25,9,21,0.45130413775170314,1.1790993083417383,0.4481561650444551,0.029601162360439283,15.139816456782018,0.8,1.2967762285206412,-0.029449950183139895,0.10561418533325195
SPY,1d,7,1.0,0.25,10,30,0.4349599549718048,1.3020348161805253,0.41861399023048607,0.03664108842296984,11.424714937454265,0.5142857142857142,0.870820497296488,0.0,0.10065913200378418
SPY,1d,7,1.0,0.25,12,26,0.4274056433933056,1.171033921083386,0.4148664080930777,0.03256155759088133,12.740987802415772,0.5428571428571428,0.915091318695791,0.0,0.1004173755645752
SPY,1d,7,1.0,0.25,20,50,0.33217921664499017,0.5977728603853985,0.3513446873668269,0.07937730749520383,4.426261087125637,0.22857142857142856,0.3755866734419248,-0.009017591094521493,0.09703302383422852
SPY,1d,7,1.0,0.5,8,21,0.6882754697597171,1.310515744379975,0.6701087316158707,0.03864081375559046,17.341993257554545,0.8285714285714286,1.39251286701544,-0.04705451553188289,0.10714101791381836
SPY,1d,7,1.0,0.5,9,21,0.6663901918549596,1.34683156826781,0.6342095069435789,0.036357266192526785,17.443817243716204,0.8,1.383811436853909,-0.04705451553188289,0.10733437538146973
SPY,1d,7,1.0,0.5,10,30,0.6065623219673694,1.505835254620814,0.5656138017247405,0.03963447387929361,14.270753371100918,0.5142857142857142,0.8961220309181789,-0.0008272525093108163,0.10372447967529297
SPY,1d,7,1.0,0.5,12,26,0.6066022029117843,1.3360402347936993,0.5710897086696377,0.038023877751666685,15.01923902657733,0.5428571428571428,0.9501427585871639,-0.0008272525093108163,0.10358524322509766
SPY,1d,7,1.0,0.5,20,50,0.44817166378488543,0.4142351005231537,0.45050516362210286,0.05854359525504235,7.69520835984703,0.22857142857142856,0.3819991596996002,-0.017535182189043153,0.09707117080688477
SPY,1d,7,1.0,0.75,8,21,0.887059023913568,1.4067014732129604,0.854742665736136,0.049238434649106315,17.35925749523497,0.8285714285714286,1.4645820635858582,-0.06450443647638315,0.11171698570251465
SPY,1d,7,1.0,0.75,9,21,0.8552996178833527,1.449541642040654,0.8064843596997575,0.05295223978587372,15.230410705212636,0.8,1.4466561750097082,-0.06450443647638315,0.1078500747680664
SPY,1d,7,1.0,0.75,10,30,0.7656125698516649,1.6436922995876868,0.70968203480013,0.04879805839818776,14.543243278435149,0.5142857142857142,0.9161563939812201,-0.005818775446735036,0.10158944129943848
SPY,1d,7,1.0,0.75,12,26,0.769794641853661,1.4362675778000598,0.720791101744495,0.045540193795737545,15.827580905287219,0.5428571428571428,0.9757754438910031,-0.005818775446735036,0.10365533828735352
SPY,1d,7,1.0,0.75,20,50,0.5654528395523913,0.2494831406650233,0.5552590812512189,0.057296119652722015,9.691041638015006,0.22857142857142856,0.3870780963723132,-0.02605277328356448,0.11442422866821289
SPY,1d,7,1.0,1.0,8,21,1.0491001774955746,1.4482590875076657,1.0067285737827492,0.059327805892798346,16.968916322337034,0.8285714285714286,1.5209501960897038,-0.08179971301664113,0.10985374450683594
SPY,1d,7,1.0,1.0,9,21,1.0097667751233192,1.4966071179728848,0.9491498040135757,0.0660909940204369,14.36125780949937,0.8,1.4954665274222823,-0.08179971301664113,0.10579991340637207
SPY,1d,7,1.0,1.0,10,30,0.8972633461269143,1.723785598631749,0.8304989710579905,0.05644270982970169,14.714016629672152,0.5142857142857142,0.932194732314926,-0.010810298384159256,0.10374927520751953
SPY,1d,7,1.0,1.0,12,26,0.904357579924198,1.4813272819461503,0.8457360976000166,0.05134832256679974,16.47056915052652,0.5428571428571428,0.995615467945668,-0.010810298384159256,0.10947036743164062
SPY,1d,7,1.0,1.0,20,50,0.6647943585134124,0.10185821127108685,0.6447449345282733,0.06009208046044819,10.729282953560508,0.22857142857142856,0.3911503437513781,-0.03457036437808614,0.13826227188110352
SPY,1d,10,0.0,0.0,8,21,0.40049919240026205,0.5610701366143065,0.5521707005221651,0.19687659674300073,2.804653827102462,0.4,0.6524851772385425,-0.018910980459342808,0.14214468002319336
SPY,1d,10,0.0,0.0,9,21,0.3940491452179076,0.5484399623233263,0.4465667286332886,0.2041687446055798,2.1872433486133325,0.4,0.681626042269265,-0.02467976552877371,0.11157870292663574
SPY,1d,10,0.0,0.0,10,30,0.5260987069821986,0.8536015544857516,0.47505432960168753,0.17244029513638254,2.754891652359841,0.14285714285714285,0.20407580201376496,-0.022643759525183382,0.0996100902557373
SPY,1d,10,0.0,0.0,12,26,0.6640176865310388,1.013351145683941,0.3932716138680067,0.21990664833924634,1.7883570907838726,0.17142857142857143,0.23941745256341695,-0.022643759525183382,0.0999138355255127
SPY,1d,10,0.0,0.0,20,50,0.622139969365811,0.971247211722218,0.356547095066734,0.2533762402802054,1.407184409526455,0.02857142857142857,0.11220932943058588,0.0,0.10009503364562988
SPY,1d,10,0.0,0.25,8,21,0.31206572014147704,0.33190034211415953,0.3722746223263714,0.06501390726645054,5.726076742329224,0.7428571428571429,1.282680908958127,-0.018910980459342808,0.12802505493164062
SPY,1d,10,0.0,0.25,9,21,0.30972052700342784,0.32472489273678784,0.34013172332411823,0.061787588346569444,5.504855140425673,0.7428571428571429,1.3596066505279427,-0.02467976552877371,0.10570478439331055
SPY,1d,10,0.0,0.25,10,30,0.3452984257146432,0.6587369640038139,0.33059343059923474,0.05376627458300232,6.148713727392014,0.34285714285714286,0.6124925594735959,-0.022643759525183382,0.10113358497619629
SPY,1d,10,0.0,0.25,12,26,0.36520431895914207,0.8458704731848987,0.3085381805130458,0.08600933025841213,3.5872640745609026,0.42857142857142855,0.7547707464001837,-0.022643759525183382,0.09985470771789551
SPY,1d,10,0.0,0.25,20,50,0.34154645483646834,0.7952099359447642,0.27167708160254567,0.11468126364709469,2.368975305666056,0.08571428571428572,0.22597963329105494,0.0,0.09677481651306152
SPY,1d,10,0.0,0.5,8,21,0.4603729859796084,0.13022651217271308,0.5049871631575583,0.05223126813924731,9.668292215522598,0.7428571428571429,1.305370367384136,-0.018910980459342808,0.11302828788757324
SPY,1d,10,0.0,0.5,9,21,0.4586653073114275,0.12945837817437522,0.4761943033759322,0.05603283716934167,8.498486377492975,0.7428571428571429,1.3718047489147034,-0.028926050423039973,0.11166930198669434
SPY,1d,10,0.0,0.5,10,30,0.46421587384248003,0.4802776761402199,0.4430132206576952,0.051481338488538,8.605316677155342,0.34285714285714286,0.6113392101420717,-0.022643759525183382,0.10859251022338867
SPY,1d,10,0.0,0.5,12,26,0.47682673959565997,0.6889073817905405,0.4335089672187246,0.06982798355122082,6.2082412404295395,0.42857142857142855,0.7610546791453989,-0.022643759525183382,0.10451102256774902
SPY,1d,10,0.0,0.5,20,50,0.3943772645605688,0.6330939242991651,0.35136255822384965,0.08965367005401995,3.9191095915219036,0.08571428571428572,0.22607099989326965,0.0,0.10264325141906738
SPY,1d,10,0.0,0.75,8,21,0.5957825896619819,-0.04625650419306726,0.6328876655790523,0.05144028137815247,12.303347661077337,0.7428571428571429,1.3243129178052373,-0.020887579148163082,0.11480259895324707
SPY,1d,10,0.0,0.75,9,21,0.5945628686149338,-0.04039688359582971,0.6026958335391074,0.05965738867994584,10.10261841617796,0.7428571428571429,1.3813770896337778,-0.04787185613311984,0.10944247245788574
SPY,1d,10,0.0,0.75,10,30,0.5835386793618198,0.31726120479075526,0.5547181447263482,0.055892424569655236,9.924746492881832,0.34285714285714286,0.6104449796414607,-0.022643759525183382,0.1086723804473877
SPY,1d,10,0.0,0.75,12,26,0.5935733603242843,0.5421394863060145,0.5502883766513404,0.0647538841725804,8.49815240711624,0.42857142857142855,0.7652234285178362,-0.022643759525183382,0.11250567436218262
SPY,1d,10,0.0,0.75,20,50,0.4723585751835257,0.4839383500840311,0.4355785988616806,0.08485866448088214,5.1329890886959735,0.08571428571428572,0.2261349345402291,0.0,0.133742094039917
SPY,1d,10,0.0,1.0,8,21,0.7080503091167426,-0.19982578287375508,0.7400401812049615,0.0530101737391128,13.960342496650476,0.7428571428571429,1.3395788860910458,-0.03389192744140801,0.1092522144317627
SPY,1d,10,0.0,1.0,9,21,0.7071804677682987,-0.18763760835805454,0.7079070677699317,0.06377417778339554,11.100214732274365,0.7428571428571429,1.3889470282806213,-0.0668176618431997,0.11263918876647949
SPY,1d,10,0.0,1.0,10,30,0.6845644343407231,0.1687408401287509,0.6491366679044243,0.060297047851070366,10.765645931916069,0.34285714285714286,0.6097385942959594,-0.022643759525183382,0.10781288146972656
SPY,1d,10,0.0,1.0,12,26,0.6931329913542069,0.4052192671849115,0.6476880248375372,0.06274444337706404,10.32263559890463,0.42857142857142855,0.7682816115898945,-0.022643759525183382,0.12042808532714844
SPY,1d,10,0.0,1.0,20,50,0.5431017096655799,0.3468390559509551,0.5080321867813397,0.0844279541623458,6.017345698137477,0.08571428571428572,0.2261821564931672,0.0,0.09988903999328613
SPY,1d,10,0.1,0.0,8,21,0.3749151485586712,0.5036402193781078,0.5316686601208306,0.20616631971871258,2.5788337340755954,0.37142857142857144,0.6092266134742269,-0.032420797555026915,0.11081838607788086
SPY,1d,10,0.1,0.0,9,21,0.7195763697386945,1.093730676866477,0.4478670282650432,0.19494340346563016,2.2974207913837166,0.37142857142857144,0.6383674785049495,-0.032420797555026915,0.10148096084594727
SPY,1d,10,0.1,0.0,10,30,0.5117873215813158,0.8074420100011277,0.4237431878881511,0.20012354444626868,2.117407969465193,0.14285714285714285,0.20407580201376496,-0.022643759525183382,0.09964156150817871
SPY,1d,10,0.1,0.0,12,26,0.7081865623327683,1.117558003356344,0.4122483547933945,0.2585606134266839,1.5943973420000006,0.17142857142857143,0.23941745256341695,-0.022643759525183382,0.09950518608093262
SPY,1d,10,0.1,0.0,20,50,0.6206704736671045,0.9613489853620181,0.37435919664900424,0.25650447737383525,1.459464569514726,0.02857142857142857,0.11220932943058588,0.0,0.09466171264648438
SPY,1d,10,0.1,0.25,8,21,0.30973771964753605,0.2699168192900512,0.36440636620097655,0.06494014946726014,5.611418655337306,0.7428571428571429,1.2786152094942322,-0.018910980459342808,0.10674285888671875
SPY,1d,10,0.1,0.25,9,21,0.3828593840961487,0.9319771313366367,0.3455805957048878,0.058752423128361944,5.881980304878071,0.7428571428571429,1.3555152413815261,-0.02467976552877371,0.11357903480529785
SPY,1d,10,0.1,0.25,10,30,0.341833883824777,0.6081573368236435,0.3159953273021273,0.06990473803263364,4.520370667215879,0.34285714285714286,0.6124925594735959,-0.022643759525183382,0.10679411888122559
SPY,1d,10,0.1,0.25,12,26,0.3801440899848064,0.9657504501129506,0.31886124326617826,0.10337914807716582,3.084386447334322,0.42857142857142855,0.7547707464001837,-0.022643759525183382,0.10522937774658203
SPY,1d,10,0.1,0.25,20,50,0.34007127605031223,0.7839888672941819,0.28220034700856067,0.1215377058535124,2.321916026197603,0.08571428571428572,0.22597963329105494,0.0,0.0981905460357666
SPY,1d,10,0.1,0.5,8,21,0.4701510306866765,0.06638117951210454,0.5096061556441434,0.055364096602611684,9.20463236855388,0.7428571428571429,1.302910876903655,-0.018910980459342808,0.11721634864807129
SPY,1d,10,0.1,0.5,9,21,0.5103586444702184,0.777122272482748,0.492383915419326,0.05527838533261076,8.907349815965963,0.7428571428571429,1.3693292238511614,-0.028926050423039973,0.10078144073486328
SPY,1d,10,0.1,0.5,10,30,0.4681911092392808,0.4272305929646021,0.44333197352510884,0.055630980584849055,7.969156194342709,0.34285714285714286,0.6113392101420717,-0.022643759525183382,0.11601114273071289
SPY,1d,10,0.1,0.5,12,26,0.4925517898887916,0.8211396892009184,0.44718346375388307,0.07792570807371596,5.738587108260314,0.42857142857142855,0.7610546791453989,-0.022643759525183382,0.10126686096191406
SPY,1d,10,0.1,0.5,20,50,0.3929001128432032,0.6209027254740094,0.36020158897177057,0.09554184385470837,3.770092500198483,0.08571428571428572,0.22607099989326965,0.0,0.09286928176879883
SPY,1d,10,0.1,0.75,8,21,0.613331245150922,-0.10980732280174765,0.645718092992718,0.05638462641057269,11.452023966441308,0.7428571428571429,1.3224692439339294,-0.020887579148163082,0.1007993221282959
SPY,1d,10,0.1,0.75,9,21,0.6402702866789974,0.6295616111358615,0.6264129738866031,0.0585416130483362,10.70030259277945,0.7428571428571429,1.3795208134548473,-0.04787185613311984,0.10129761695861816
SPY,1d,10,0.1,0.75,10,30,0.5921317259218883,0.26334058635949775,0.5634781608592185,0.054195369219705164,10.397164351347213,0.34285714285714286,0.6104449796414607,-0.022643759525183382,0.09738588333129883
SPY,1d,10,0.1,0.75,12,26,0.6113033087583027,0.6837682524776376,0.5672406822886042,0.07073459116381466,8.019282686951964,0.42857142857142855,0.7652234285178362,-0.022643759525183382,0.10222411155700684
SPY,1d,10,0.1,0.75,20,50,0.47104876243214294,0.4710841989273289,0.4442538605127835,0.0899165761154963,4.9407337301427825,0.08571428571428572,0.2261349345402291,0.0,0.10142707824707031
SPY,1d,10,0.1,1.0,8,21,0.7313631287051486,-0.2614074012925849,0.7590503953223819,0.05904425353899022,12.855618452710873,0.7428571428571429,1.3380834359382494,-0.03389192744140801,0.10797357559204102
SPY,1d,10,0.1,1.0,9,21,0.7502707504015307,0.4895809617793039,0.7373666827334248,0.06219160603963858,11.8563698493886,0.7428571428571429,1.387440939768263,-0.0668176618431997,0.11313295364379883
SPY,1d,10,0.1,1.0,10,30,0.6965107926923928,0.11522589521968296,0.6638474498621314,0.05542573005028408,11.977243227285715,0.34285714285714286,0.6097385942959594,-0.022643759525183382,0.10990333557128906
SPY,1d,10,0.1,1.0,12,26,0.7127142476945069,0.553627709072747,0.6673348300941415,0.06855488986369022,9.734314086435317,0.42857142857142855,0.7682816115898945,-0.022643759525183382,0.11007046699523926
SPY,1d,10,0.1,1.0,20,50,0.5419441962953337,0.33358773288336474,0.5168383807413774,0.089013701730441,5.806278928905936,0.08571428571428572,0.2261821564931672,0.0,0.10096359252929688
SPY,1d,10,0.25,0.0,8,21,0.3303352425939861,0.42191039800433816,0.6122949696023687,0.2043779476822517,2.9958954796547297,0.37142857142857144,0.6092266134742269,-0.032420797555026915,0.10399341583251953
SPY,1d,10,0.25,0.0,9,21,0.7318512470376581,1.1378027834700215,0.473586779328072,0.224946669902818,2.1053291410478407,0.37142857142857144,0.6383674785049495,-0.032420797555026915,0.10382223129272461
SPY,1d,10,0.25,0.0,10,30,0.47772557146297284,0.7134874886394582,0.44305054250155773,0.15005168768869706,2.9526528446699465,0.14285714285714285,0.20407580201376496,-0.022643759525183382,0.10153889656066895
SPY,1d,10,0.25,0.0,12,26,0.7030159154731027,1.082791595621794,0.3556488826956953,0.2433353976349664,1.4615583517742585,0.17142857142857143,0.23941745256341695,-0.022643759525183382,0.10434412956237793
SPY,1d,10,0.25,0.0,20,50,0.6593546554952764,1.0015199416852512,0.3543432261495274,0.2571584206946929,1.3779180366417616,0.02857142857142857,0.11220932943058588,0.0,0.09913277626037598
SPY,1d,10,0.25,0.25,8,21,0.30328158251085985,0.182432512121375,0.39318007971980906,0.05418612683184809,7.256102303453733,0.7428571428571429,1.2786152094942322,-0.018910980459342808,0.1082296371459961
SPY,1d,10,0.25,0.25,9,21,0.3898881418831913,0.9827847178127855,0.3566399694067161,0.0645320406953992,5.526556506869349,0.7428571428571429,1.3555152413815261,-0.02467976552877371,0.10838198661804199
SPY,1d,10,0.25,0.25,10,30,0.3773983379926884,0.8724366637297243,0.3300321658551275,0.05804848510882778,5.6854569974805,0.34285714285714286,0.6124925594735959,-0.022643759525183382,0.1035764217376709
SPY,1d,10,0.25,0.25,12,26,0.37965770317892567,0.9146035216058803,0.30987307817121934,0.10221380199867336,3.0316167886528786,0.42857142857142855,0.7547707464001837,-0.022643759525183382,0.11123943328857422
SPY,1d,10,0.25,0.25,20,50,0.3484889634255938,0.8290148938007083,0.26882163587100993,0.11391180953437298,2.35991015303723,0.08571428571428572,0.22597963329105494,0.0,0.09971857070922852
SPY,1d,10,0.25,0.5,8,21,0.4768081141078224,-0.023024508407183286,0.54251186801098,0.053118205549445706,10.21329433852912,0.7428571428571429,1.302910876903655,-0.018910980459342808,0.10636091232299805
SPY,1d,10,0.25,0.5,9,21,0.5200993393918019,0.8332001856540097,0.5104065768847708,0.053072310226222115,9.617191614782724,0.7428571428571429,1.3693292238511614,-0.028926050423039973,0.10727310180664062
SPY,1d,10,0.25,0.5,10,30,0.5196434715791896,0.95889670980923,0.46100227801598354,0.053746606072636045,8.577328164553505,0.34285714285714286,0.6113392101420717,-0.022643759525183382,0.10694527626037598
SPY,1d,10,0.25,0.5,12,26,0.5039642211022609,0.7564307244425073,0.4527678327095809,0.07716053567115373,5.867867929782231,0.42857142857142855,0.7610546791453989,-0.022643759525183382,0.10369229316711426
SPY,1d,10,0.25,0.5,20,50,0.415887460301144,0.6692633726099562,0.3564299730738366,0.08724220316639951,4.085522374922235,0.08571428571428572,0.22607099989326965,0.0,0.09836959838867188
SPY,1d,10,0.25,0.75,8,21,0.6281127232559439,-0.19813678344108065,0.6837107956753928,0.06036827059868567,11.325664772153974,0.7428571428571429,1.3224692439339294,-0.020887579148163082,0.10497212409973145
SPY,1d,10,0.25,0.75,9,21,0.6527612132079859,0.6895713431217658,0.6507925583060747,0.05621690778039823,11.576455980970795,0.7428571428571429,1.3795208134548473,-0.04787185613311984,0.12183785438537598
SPY,1d,10,0.25,0.75,10,30,0.6522913706045292,0.9867291332797152,0.5842754343084658,0.05477013425758619,10.667774366967853,0.34285714285714286,0.6104449796414607,-0.022643759525183382,0.10614776611328125
SPY,1d,10,0.25,0.75,12,26,0.6305771245517569,0.6080371273229774,0.5809734486179601,0.06994316405657217,8.306364981544887,0.42857142857142855,0.7652234285178362,-0.022643759525183382,0.1012430191040039
SPY,1d,10,0.25,0.75,20,50,0.5034726057484581,0.5214865022754858,0.44639483756723186,0.08064551118599193,5.535271969914307,0.08571428571428572,0.2261349345402291,0.0,0.10167193412780762
SPY,1d,10,0.25,1.0,8,21,0.7520986826898256,-0.3463932794890474,0.8013981780868955,0.06726219758588052,11.914540512353444,0.7428571428571429,1.3380834359382494,-0.03389192744140801,0.10768413543701172
SPY,1d,10,0.25,1.0,9,21,0.7650415840319519,0.5523108747217989,0.7669782945620389,0.061362676987214454,12.499100955485478,0.7428571428571429,1.387440939768263,-0.0668176618431997,0.10847139358520508
SPY,1d,10,0.25,1.0,10,30,0.7625280139811288,0.9679654356470815,0.6871244096837799,0.05619214875247512,12.228121275634859,0.34285714285714286,0.6097385942959594,-0.022643759525183382,0.10869431495666504
SPY,1d,10,0.25,1.0,12,26,0.737862603610156,0.4691504671547315,0.6867581483837355,0.06784011400283817,10.123186826528684,0.42857142857142855,0.7682816115898945,-0.022643759525183382,0.11322474479675293
SPY,1d,10,0.25,1.0,20,50,0.5812919679415806,0.384942002575144,0.5232486822357523,0.0789092152945965,6.631021234747761,0.08571428571428572,0.2261821564931672,0.0,0.09612107276916504
SPY,1d,10,0.4,0.0,8,21,0.4588816787724073,0.6764992837291774,0.5930397942484945,0.2567540841298428,2.3097579781772395,0.37142857142857144,0.6092266134742269,-0.032420797555026915,0.10625123977661133
SPY,1d,10,0.4,0.0,9,21,0.7181108032647504,1.0741481317031916,0.5002458992544228,0.21712326120557196,2.303971930399437,0.37142857142857144,0.6383674785049495,-0.032420797555026915,0.10418343544006348
SPY,1d,10,0.4,0.0,10,30,0.418075432032189,0.5842075270369187,0.478669382698991,0.19031438638333942,2.5151508080678386,0.14285714285714285,0.20407580201376496,-0.022643759525183382,0.10066843032836914
SPY,1d,10,0.4,0.0,12,26,0.6781406259305003,1.0219808495042542,0.3410930902935626,0.2516469688433578,1.3554428724547132,0.17142857142857143,0.23941745256341695,-0.022643759525183382,0.10130953788757324
SPY,1d,10,0.4,0.0,20,50,0.6312918261856579,0.9084754569077191,0.36228167552676027,0.2787057409624662,1.2998715931565594,0.02857142857142857,0.11220932943058588,0.0,0.09924793243408203
SPY,1d,10,0.4,0.25,8,21,0.3514301619376183,0.4573749208279163,0.39653288773806683,0.06426023329403213,6.170735265209393,0.7428571428571429,1.2786152094942322,-0.018910980459342808,0.11103057861328125
SPY,1d,10,0.4,0.25,9,21,0.42905611675028604,1.3869158131304067,0.3690599965442956,0.07090169681424298,5.205235038467479,0.7428571428571429,1.3555152413815261,-0.02467976552877371,0.11194777488708496
SPY,1d,10,0.4,0.25,10,30,0.3613159420153897,0.6972076516917476,0.3402490955215064,0.06439625081942656,5.283678648864178,0.34285714285714286,0.6124925594735959,-0.022643759525183382,0.10739588737487793
SPY,1d,10,0.4,0.25,12,26,0.3830881475631259,0.844890999659687,0.3056166841026563,0.10239634627177535,2.9846444256077604,0.42857142857142855,0.7547707464001837,-0.022643759525183382,0.10545897483825684
SPY,1d,10,0.4,0.25,20,50,0.3352245722005286,0.7184535025750824,0.2734677198964636,0.11772930516834194,2.3228517275747977,0.08571428571428572,0.22597963329105494,0.0,0.10101580619812012
SPY,1d,10,0.4,0.5,8,21,0.5246581127129248,0.2605545359844468,0.5603536333018881,0.05463300633253568,10.256686770835453,0.7428571428571429,1.302910876903655,-0.018910980459342808,0.11016416549682617
SPY,1d,10,0.4,0.5,9,21,0.572309736321474,1.6292830248450074,0.5257971579656064,0.05738647072645677,9.162388822827523,0.7428571428571429,1.3693292238511614,-0.028926050423039973,0.10918068885803223
SPY,1d,10,0.4,0.5,10,30,0.5147058218558409,0.7405996798694576,0.4725833345937772,0.058032603045638745,8.143410941296604,0.34285714285714286,0.6113392101420717,-0.022643759525183382,0.1128227710723877
SPY,1d,10,0.4,0.5,12,26,0.5291669764894528,0.6798653495921092,0.4541915740827046,0.07728297366706262,5.876994019916672,0.42857142857142855,0.7610546791453989,-0.022643759525183382,0.10986065864562988
SPY,1d,10,0.4,0.5,20,50,0.41504476385739936,0.5451606017015178,0.366991655857771,0.08494916262124365,4.320132706829009,0.08571428571428572,0.22607099989326965,0.0,0.0997922420501709
SPY,1d,10,0.4,0.75,8,21,0.6801371453035434,0.08471871161431355,0.7109354361108996,0.057265821577025706,12.414655313285815,0.7428571428571429,1.3224692439339294,-0.020887579148163082,0.10787749290466309
SPY,1d,10,0.4,0.75,9,21,0.7122511839509654,1.8072963912720086,0.6688443190131232,0.05748258831339721,11.635598511440701,0.7428571428571429,1.3795208134548473,-0.04787185613311984,0.11051464080810547
SPY,1d,10,0.4,0.75,10,30,0.6533031220066234,0.7304051595336818,0.5979581709932662,0.058564544265551216,10.210242024285616,0.34285714285714286,0.6104449796414607,-0.022643759525183382,0.10507750511169434
SPY,1d,10,0.4,0.75,12,26,0.6700237454090947,0.5264491008403618,0.5858982140836984,0.07030540920836882,8.333615018827823,0.42857142857142855,0.7652234285178362,-0.022643759525183382,0.12202334403991699
SPY,1d,10,0.4,0.75,20,50,0.5093091300904946,0.3873243353165594,0.4610919031430849,0.07478082763179078,6.165910671829283,0.08571428571428572,0.2261349345402291,0.0,0.11829209327697754
SPY,1d,10,0.4,1.0,8,21,0.8082725281389115,-0.07152991646659212,0.835587797770453,0.06117883341655995,13.65811917466663,0.7428571428571429,1.3380834359382494,-0.03389192744140801,0.11621594429016113
SPY,1d,10,0.4,1.0,9,21,0.8294529012690625,1.9271539265957522,0.7871639737213814,0.06024086997118093,13.06694232832226,0.7428571428571429,1.387440939768263,-0.0668176618431997,0.11983776092529297
SPY,1d,10,0.4,1.0,10,30,0.7676408232068667,0.6800031280692358,0.7026588016980212,0.05982566612377465,11.745106193122444,0.34285714285714286,0.6097385942959594,-0.022643759525183382,0.14417815208435059
SPY,1d,10,0.4,1.0,12,26,0.7879508988345945,0.3841617583961854,0.6942380378787352,0.06856304024616015,10.125543374188627,0.42857142857142855,0.7682816115898945,-0.022643759525183382,0.12697672843933105
SPY,1d,10,0.4,1.0,20,50,0.591726247392218,0.24375284290852073,0.541048910802373,0.07095456261529613,7.625287097263223,0.08571428571428572,0.2261821564931672,0.0,0.14771604537963867
SPY,1d,10,0.55,0.0,8,21,0.35995802102551244,0.46823739763515215,0.5817728748181629,0.21955220705348918,2.649815652622551,0.37142857142857144,0.483587542619447,-0.08762980044197777,0.1513199806213379
SPY,1d,10,0.55,0.0,9,21,0.7995015528889324,1.2442986992323202,0.5586559279162292,0.20835371178370946,2.6812861798025756,0.37142857142857144,0.6180248577907488,-0.032420797555026915,0.14160752296447754
SPY,1d,10,0.55,0.0,10,30,0.4264065823186045,0.5900708232719245,0.5045222646273025,0.18249622686112674,2.7645627161992032,0.11428571428571428,0.13591763328293915,-0.03107067482816661,0.10668444633483887
SPY,1d,10,0.55,0.0,12,26,0.7120791384970312,1.0725274797497772,0.36828139126054593,0.2625983751629858,1.4024511424793331,0.17142857142857143,0.21458357931755265,-0.03107067482816661,0.10837388038635254
SPY,1d,10,0.55,0.0,20,50,0.6905300801200729,1.0226009710292328,0.3500388532371424,0.3143288903917931,1.1136070018916773,0.02857142857142857,0.11220932943058588,0.0,0.11259031295776367
SPY,1d,10,0.55,0.25,8,21,0.3404097540033529,0.23500853064948046,0.40070002963144297,0.0554398985459876,7.2276472385507855,0.8,1.3405654014490422,0.0,0.11538863182067871
SPY,1d,10,0.55,0.25,9,21,0.45179431356599936,1.6327784917724104,0.38301222345024366,0.07162585077397264,5.347402080554726,0.7714285714285715,1.3686748014631405,0.0,0.11501049995422363
SPY,1d,10,0.55,0.25,10,30,0.36710584656005707,0.703069009816272,0.3471679328869893,0.062474538118202354,5.556950772971617,0.45714285714285713,0.7519241099683334,-0.01121138309377745,0.12073731422424316
SPY,1d,10,0.55,0.25,12,26,0.3963597160135413,0.90117728829083,0.321714062766565,0.0939270936732177,3.425146570443692,0.4857142857142857,0.7732977430298528,-0.010786263948791563,0.1049661636352539
SPY,1d,10,0.55,0.25,20,50,0.35261828515996524,0.8480494185619138,0.27735656099995326,0.12399825238685835,2.2367779840528477,0.11428571428571428,0.28157468602326036,0.0,0.09766101837158203
SPY,1d,10,0.55,0.5,8,21,0.542929274028203,0.0336472623824875,0.5750219435790846,0.05061312765081829,11.361122504544293,0.8,1.3918507730213434,-0.007904733429193733,0.12854576110839844
SPY,1d,10,0.55,0.5,9,21,0.6019778714801464,1.955791768632774,0.5408670626460099,0.06372590511180246,8.487397106358836,0.7714285714285715,1.398386379714589,-0.0073856221914127,0.11590981483459473
SPY,1d,10,0.55,0.5,10,30,0.5287948057075076,0.7454323670057947,0.4809060491585824,0.056993513157621724,8.437908500719805,0.45714285714285713,0.7683703663941852,-0.020481386483016117,0.10609984397888184
SPY,1d,10,0.55,0.5,12,26,0.5539044111843692,0.7398910003276935,0.47433821486448285,0.06985644776200321,6.790185159149877,0.4857142857142857,0.7920157341343654,-0.010786263948791563,0.10964345932006836
SPY,1d,10,0.55,0.5,20,50,0.4251522390298667,0.6862816852663687,0.3802809120236076,0.09057490193073754,4.198524137673455,0.11428571428571428,0.28192340311307074,0.0,0.1025245189666748
SPY,1d,10,0.55,0.75,8,21,0.7161455987444958,-0.13934038613171496,0.7328432377539456,0.05663578214023139,12.939580068646535,0.8,1.4318104034302221,-0.02062058335718564,0.11782622337341309
SPY,1d,10,0.55,0.75,9,21,0.7489166578210329,2.215970479413555,0.6867396204335137,0.06582864735152291,10.432230465960293,0.7714285714285715,1.4218577537745893,-0.015561213785678873,0.11757421493530273
SPY,1d,10,0.55,0.75,10,30,0.6736671910196231,0.7333250911679239,0.6079756200291425,0.0568907868504974,10.686714909161552,0.45714285714285713,0.7826436005689742,-0.02975138987225523,0.10635566711425781
SPY,1d,10,0.55,0.75,12,26,0.70335087486978,0.588531641964424,0.6095645445783701,0.06350880485625482,9.59811078098623,0.4857142857142857,0.8064770154659239,-0.010786263948791563,0.10425972938537598
SPY,1d,10,0.55,0.75,20,50,0.517070306512663,0.5365553721639404,0.4803136092152848,0.08017130517923218,5.991091303072695,0.11428571428571428,0.2821713139979315,0.0,0.10113191604614258
SPY,1d,10,0.55,1.0,8,21,0.857218561999513,-0.2872069592355786,0.8630016473324089,0.06313187585134612,13.669824247967561,0.8,1.463290639190784,-0.033336433285177325,0.1200096607208252
SPY,1d,10,0.55,1.0,9,21,0.8719501420715093,2.416563899837632,0.8076855993975028,0.06921655668235795,11.668965318573372,0.7714285714285715,1.440463306881896,-0.023736805379945047,0.12477493286132812
SPY,1d,10,0.55,1.0,10,30,0.7929096007581755,0.6803441636896905,0.714112166961294,0.05724512904460747,12.474636338138604,0.45714285714285713,0.7943499140274028,-0.03902139326149423,0.11208009719848633
SPY,1d,10,0.55,1.0,12,26,0.8279604520121071,0.4469041680723589,0.7207162026225303,0.06228318546639945,11.571601504090417,0.4857142857142857,0.8178888759086698,-0.017614292339789506,0.11627054214477539
SPY,1d,10,0.55,1.0,20,50,0.5982901975290826,0.39815577301080074,0.5645897346104473,0.07604988067493039,7.4239397826769045,0.11428571428571428,0.2823566016373315,0.0,0.10212087631225586
SPY,1d,10,0.7,0.0,8,21,0.6424592956993389,0.8576990918136109,0.6527263720401143,0.27726737038530164,2.3541405940881543,0.34285714285714286,0.4419579056790402,-0.05305873141767048,0.11122250556945801
SPY,1d,10,0.7,0.0,9,21,0.7368539465901156,1.0530159609738043,0.6016285724683978,0.2041442708741574,2.947075467228103,0.34285714285714286,0.5416612629144044,-0.05305873141767048,0.11177444458007812
SPY,1d,10,0.7,0.0,10,30,0.43176142249921756,0.5904143470237257,0.5541486413418235,0.23299782104734518,2.3783425907198525,0.11428571428571428,0.13591763328293915,-0.03107067482816661,0.09992051124572754
SPY,1d,10,0.7,0.0,12,26,0.7092542628433542,1.0151638769232116,0.5158778712026526,0.2268918190268475,2.2736733012908243,0.17142857142857143,0.21458357931755265,-0.03107067482816661,0.11385989189147949
SPY,1d,10,0.7,0.0,20,50,0.65796821529682,0.9438436875936986,0.3949502394078282,0.3312555570309542,1.1922826078685889,0.02857142857142857,0.11220932943058588,0.0,0.11637401580810547
SPY,1d,10,0.7,0.25,8,21,0.43744246160301636,1.0781218730801534,0.4252445028284608,0.06269297823425905,6.782968600398741,0.8,1.3137841838639561,-0.012174095475227631,0.12014508247375488
SPY,1d,10,0.7,0.25,9,21,0.4449879530743439,1.3539326439893995,0.39405737142856234,0.058523711141797205,6.733294313373259,0.7714285714285715,1.2843140271014883,-0.012174095475227631,0.10720038414001465
SPY,1d,10,0.7,0.25,10,30,0.37500353603942016,0.7018893414281395,0.3607195589775261,0.06624274297236177,5.445420023262441,0.45714285714285713,0.7519241099683334,-0.01121138309377745,0.1330571174621582
SPY,1d,10,0.7,0.25,12,26,0.3942442599197187,0.8347975650837391,0.36522225449703727,0.07863154208198643,4.644729644450219,0.4857142857142857,0.7732977430298528,-0.010786263948791563,0.10679340362548828
SPY,1d,10,0.7,0.25,20,50,0.34266198498111855,0.7582561941725676,0.2952256947114234,0.11695978673756657,2.524164099015061,0.11428571428571428,0.28157468602326036,0.0,0.09644246101379395
SPY,1d,10,0.7,0.5,8,21,0.6454574425488405,1.2244847609256597,0.6009693505318331,0.04880092105662003,12.314713278353366,0.8,1.3730091970149971,-0.019375416472445894,0.11325979232788086
SPY,1d,10,0.7,0.5,9,21,0.6272804680335383,1.5823010858852422,0.5578358376961731,0.05179016443786122,10.771076781682643,0.7714285714285715,1.3296920464651165,-0.019375416472445894,0.10901570320129395
SPY,1d,10,0.7,0.5,10,30,0.549177031967953,0.7419425685801979,0.4991501994413121,0.05724236572212153,8.719943579278269,0.45714285714285713,0.7683703663941852,-0.020481386483016117,0.12197399139404297
SPY,1d,10,0.7,0.5,12,26,0.5616879191133697,0.6663300808258716,0.510720203186356,0.06789490578533532,7.522216833190848,0.4857142857142857,0.7920157341343654,-0.010786263948791563,0.10706543922424316
SPY,1d,10,0.7,0.5,20,50,0.42638575071998674,0.5881321020810708,0.4004510996046,0.08338392632031728,4.80249752291919,0.11428571428571428,0.28192340311307074,0.0,0.10224795341491699
SPY,1d,10,0.7,0.75,8,21,0.8280801971600467,1.3072684370357677,0.7622332261392077,0.05392723880425146,14.134475323426267,0.8,1.4201641527480395,-0.026576737469663825,0.1079258918762207
SPY,1d,10,0.7,0.75,9,21,0.7940593156117496,1.7445981893508007,0.7094657703099312,0.05714567909526462,12.415037874118484,0.7714285714285715,1.366100733846674,-0.026576737469663825,0.11837387084960938
SPY,1d,10,0.7,0.75,10,30,0.7032256870697581,0.7268906885579984,0.6309665887824992,0.059050372983342404,10.685226136683157,0.45714285714285713,0.7826436005689742,-0.02975138987225523,0.11641049385070801
SPY,1d,10,0.7,0.75,12,26,0.7179229248431217,0.509471428737845,0.6461282326924668,0.06830122561929267,9.459980063812479,0.4857142857142857,0.8064770154659239,-0.010786263948791563,0.13170576095581055
SPY,1d,10,0.7,0.75,20,50,0.5244601736027799,0.4323952271789031,0.5035576853421257,0.07445320085410106,6.7634121779250345,0.11428571428571428,0.2821713139979315,0.0,0.10676693916320801
SPY,1d,10,0.7,1.0,8,21,0.9773899098627621,1.336324684411951,0.8955756583727357,0.061390276033359316,14.58823312483694,0.8,1.4576050903907414,-0.033778058466881755,0.1083683967590332
SPY,1d,10,0.7,1.0,9,21,0.9317136914980981,1.847508197667966,0.8352134310514687,0.06344634627377392,13.164090292094743,0.7714285714285715,1.395160683183161,-0.033778058466881755,0.11087608337402344
SPY,1d,10,0.7,1.0,10,30,0.8295816496651828,0.6705307218825658,0.741034322379717,0.061918597122887956,11.967879713246873,0.45714285714285713,0.7943499140274028,-0.03902139326149423,0.10877490043640137
SPY,1d,10,0.7,1.0,12,26,0.8476806480088116,0.36387298911826305,0.758575653714394,0.07060429684958884,10.744043741847866,0.4857142857142857,0.8178888759086698,-0.017614292339789506,0.1182863712310791
SPY,1d,10,0.7,1.0,20,50,0.609963176956929,0.2900256140652282,0.5904700530864984,0.07212631052509394,8.18661108252673,0.11428571428571428,0.2823566016373315,0.0,0.09821248054504395
SPY,1d,10,0.85,0.0,8,21,0.6991976044454389,0.9722368397379335,0.774503201109724,0.2815407091507552,2.7509456925286235,0.4,0.34756029184052656,-0.06703497546972159,0.1112675666809082
SPY,1d,10,0.85,0.0,9,21,0.7098369360988068,0.9998257707739366,0.6793949282091281,0.27057597465776706,2.5109211158472142,0.37142857142857144,0.24328903250841413,-0.0616552430139673,0.10874557495117188
SPY,1d,10,0.85,0.0,10,30,0.6163889993531998,0.8112318128012939,0.5811752736389368,0.22302007959130674,2.60593250035586,0.2,0.15593776701387368,-0.03448407528227637,0.10392522811889648
SPY,1d,10,0.85,0.0,12,26,0.6546911542251467,0.8844364529554416,0.5731048451958516,0.24234418468914182,2.3648384463236902,0.22857142857142856,0.17413307796760394,-0.046987524784194434,0.1047050952911377
SPY,1d,10,0.85,0.0,20,50,0.556696096160552,0.7419968471932572,0.4646421865101746,0.28694590436615297,1.619267532451953,0.08571428571428572,0.07948387740079925,-0.0004999999999999449,0.10270166397094727
SPY,1d,10,0.85,0.25,8,21,0.4571342976033842,1.2302082877855982,0.4607535397764619,0.04791300374093103,9.616461165068852,0.8285714285714286,1.2919535560210798,-0.018843441421779183,0.11204028129577637
SPY,1d,10,0.85,0.25,9,21,0.4524653451129466,1.2642179150180892,0.42197343457366837,0.055429059811386315,7.612855711598883,0.8,1.2998054665556091,-0.018843441421779183,0.1086740493774414
SPY,1d,10,0.85,0.25,10,30,0.4114932742071409,1.0020271930074038,0.3812215734128272,0.05289406563573918,7.207265481125078,0.5142857142857142,0.870820497296488,0.0,0.10680818557739258
SPY,1d,10,0.85,0.25,12,26,0.3813266268188163,0.6837450437070323,0.3877554926205693,0.06900530761197932,5.619212580008193,0.5428571428571428,0.9112477303303715,0.0,0.10764503479003906
SPY,1d,10,0.85,0.25,20,50,0.31685285150582765,0.5316244152988738,0.3165454065949391,0.10200822937724353,3.1031359776307963,0.22857142857142856,0.3755866734419248,-0.009017591094521493,0.11168599128723145
SPY,1d,10,0.85,0.5,8,21,0.6745166743990354,1.4138992755734066,0.6445992084198806,0.04438581383055301,14.522640294052021,0.8285714285714286,1.382965141595734,-0.0259961424134042,0.1192479133605957
SPY,1d,10,0.85,0.5,9,21,0.6585147186132561,1.4517276695827102,0.5979588898452748,0.04475256209290155,13.361444839827849,0.8,1.3753415659157617,-0.0259961424134042,0.10855722427368164
SPY,1d,10,0.85,0.5,10,30,0.5916104566867393,1.1169611019992294,0.5341123984036039,0.05056999223940597,10.561844579193037,0.5142857142857142,0.8961220309181789,-0.0008272525093108163,0.10512876510620117
SPY,1d,10,0.85,0.5,12,26,0.5578033356552918,0.49942197764468155,0.5427813840998397,0.05901014071831861,9.198103537674555,0.5428571428571428,0.9480305679352868,-0.0008272525093108163,0.1133260726928711
SPY,1d,10,0.85,0.5,20,50,0.4247701741751225,0.34420925798858515,0.4207513083217864,0.0792905394139866,5.306450320951748,0.22857142857142856,0.3819991596996002,-0.017535182189043153,0.10217976570129395
SPY,1d,10,0.85,0.75,8,21,0.8654860284896568,1.5323999996091655,0.8152269364669726,0.058691418331417874,13.89005342933716,0.8285714285714286,1.4504121227402509,-0.03314884340502966,0.11242008209228516
SPY,1d,10,0.85,0.75,9,21,0.8416467972586746,1.5710857169097867,0.7607710542666251,0.05523849672828126,13.77247932739491,0.8,1.428646088164772,-0.03314884340502966,0.11049365997314453
SPY,1d,10,0.85,0.75,10,30,0.7537502949419267,1.1686611411699497,0.6770733550875518,0.055662366906384875,12.163933959658598,0.5142857142857142,0.9161563939812201,-0.005818775446735036,0.10446500778198242
SPY,1d,10,0.85,0.75,12,26,0.7191410148592693,0.3308458718637206,0.6869371318503283,0.06000190945864836,11.448587854087314,0.5428571428571428,0.9742691258890909,-0.005818775446735036,0.10827493667602539
SPY,1d,10,0.85,0.75,20,50,0.5355926008199157,0.17754037276554624,0.5256373278276192,0.07515246988730116,6.994278812337988,0.22857142857142856,0.3870780963723132,-0.02605277328356448,0.10132694244384766
SPY,1d,10,0.85,1.0,8,21,1.0216211986182118,1.594452210237185,0.9565643344559142,0.07172488690180669,13.336575012874913,0.8285714285714286,1.5030244567166269,-0.04030154439665512,0.10550403594970703
SPY,1d,10,0.85,1.0,9,21,0.9918078460586437,1.6309979832954284,0.8956718090302671,0.06625010566661327,13.519552912677705,0.8,1.4697105344873471,-0.04030154439665512,0.13085484504699707
SPY,1d,10,0.85,1.0,10,30,0.8871368357184043,1.1686053383275103,0.7958476097795298,0.060421015177511576,13.171702055011824,0.5142857142857142,0.932194732314926,-0.010810298384159256,0.10201716423034668
SPY,1d,10,0.85,1.0,12,26,0.8524971927522593,0.1773050766829536,0.8065311317134205,0.06243829773645071,12.917250484914767,0.5428571428571428,0.9944238156961697,-0.010810298384159256,0.10081839561462402
SPY,1d,10,0.85,1.0,20,50,0.6298267551013559,0.029586726390016693,0.6144758533087256,0.07499222517081736,8.193860789022754,0.22857142857142856,0.3911503437513781,-0.03457036437808614,0.10141634941101074
SPY,1d,10,1.0,0.0,8,21,0.670288311872445,0.9151808998343627,0.7625893921237366,0.2209403603219178,3.4515621818151163,0.37142857142857144,0.3228221221142232,-0.06703497546972159,0.10787487030029297
SPY,1d,10,1.0,0.0,9,21,0.6773568057365128,0.9364843770468145,0.7667787386964264,0.19774356316889258,3.8776419642116062,0.34285714285714286,0.2571280943121999,-0.0616552430139673,0.10851645469665527
SPY,1d,10,1.0,0.0,10,30,0.7138259798582506,1.023900487686392,0.7455477111396488,0.1484620746974424,5.021805822524266,0.2,0.15593776701387368,-0.03448407528227637,0.10810089111328125
SPY,1d,10,1.0,0.0,12,26,0.673296831195361,0.9310194046491911,0.7291346790944212,0.1447543995780798,5.037046757954528,0.22857142857142856,0.19261037743856677,-0.03448407528227637,0.11238837242126465
SPY,1d,10,1.0,0.0,20,50,0.5822548066325546,0.8018790356813963,0.5716659650301992,0.2562524530561815,2.2308702149472324,0.08571428571428572,0.07948387740079925,-0.0004999999999999449,0.13000988960266113
SPY,1d,10,1.0,0.25,8,21,0.45911363879076306,1.1500857843494274,0.4657928080861091,0.041495414869211614,11.225163299468871,0.8285714285714286,1.2956928634304337,-0.029449950183139895,0.10931611061096191
SPY,1d,10,1.0,0.25,9,21,0.45130413775170314,1.1790993083417383,0.4481561650444551,0.029601162360439283,15.139816456782018,0.8,1.2967762285206412,-0.029449950183139895,0.10524845123291016
SPY,1d,10,1.0,0.25,10,30,0.4349599549718048,1.3020348161805253,0.41861399023048607,0.03664108842296984,11.424714937454265,0.5142857142857142,0.870820497296488,0.0,0.10774087905883789
SPY,1d,10,1.0,0.25,12,26,0.4274056433933056,1.171033921083386,0.4148664080930777,0.03256155759088133,12.740987802415772,0.5428571428571428,0.915091318695791,0.0,0.10707592964172363
SPY,1d,10,1.0,0.25,20,50,0.33217921664499017,0.5977728603853985,0.3513446873668269,0.07937730749520383,4.426261087125637,0.22857142857142856,0.3755866734419248,-0.009017591094521493,0.09670567512512207
SPY,1d,10,1.0,0.5,8,21,0.6882754697597171,1.310515744379975,0.6701087316158707,0.03864081375559046,17.341993257554545,0.8285714285714286,1.39251286701544,-0.04705451553188289,0.11123013496398926
SPY,1d,10,1.0,0.5,9,21,0.6663901918549596,1.34683156826781,0.6342095069435789,0.036357266192526785,17.443817243716204,0.8,1.383811436853909,-0.04705451553188289,0.10282516479492188
SPY,1d,10,1.0,0.5,10,30,0.6065623219673694,1.505835254620814,0.5656138017247405,0.03963447387929361,14.270753371100918,0.5142857142857142,0.8961220309181789,-0.0008272525093108163,0.09982776641845703
SPY,1d,10,1.0,0.5,12,26,0.6066022029117843,1.3360402347936993,0.5710897086696377,0.038023877751666685,15.01923902657733,0.5428571428571428,0.9501427585871639,-0.0008272525093108163,0.10437273979187012
SPY,1d,10,1.0,0.5,20,50,0.44817166378488543,0.4142351005231537,0.45050516362210286,0.05854359525504235,7.69520835984703,0.22857142857142856,0.3819991596996002,-0.017535182189043153,0.09696149826049805
SPY,1d,10,1.0,0.75,8,21,0.887059023913568,1.4067014732129604,0.854742665736136,0.049238434649106315,17.35925749523497,0.8285714285714286,1.4645820635858582,-0.06450443647638315,0.1086423397064209
SPY,1d,10,1.0,0.75,9,21,0.8552996178833527,1.449541642040654,0.8064843596997575,0.05295223978587372,15.230410705212636,0.8,1.4466561750097082,-0.06450443647638315,0.11010479927062988
SPY,1d,10,1.0,0.75,10,30,0.7656125698516649,1.6436922995876868,0.70968203480013,0.04879805839818776,14.543243278435149,0.5142857142857142,0.9161563939812201,-0.005818775446735036,0.10643410682678223
SPY,1d,10,1.0,0.75,12,26,0.769794641853661,1.4362675778000598,0.720791101744495,0.045540193795737545,15.827580905287219,0.5428571428571428,0.9757754438910031,-0.005818775446735036,0.10808181762695312
SPY,1d,10,1.0,0.75,20,50,0.5654528395523913,0.2494831406650233,0.5552590812512189,0.057296119652722015,9.691041638015006,0.22857142857142856,0.3870780963723132,-0.02605277328356448,0.10363125801086426
SPY,1d,10,1.0,1.0,8,21,1.0491001774955746,1.4482590875076657,1.0067285737827492,0.059327805892798346,16.968916322337034,0.8285714285714286,1.5209501960897038,-0.08179971301664113,0.11296415328979492
SPY,1d,10,1.0,1.0,9,21,1.0097667751233192,1.4966071179728848,0.9491498040135757,0.0660909940204369,14.36125780949937,0.8,1.4954665274222823,-0.08179971301664113,0.10856890678405762
SPY,1d,10,1.0,1.0,10,30,0.8972633461269143,1.723785598631749,0.8304989710579905,0.05644270982970169,14.714016629672152,0.5142857142857142,0.932194732314926,-0.010810298384159256,0.10417723655700684
SPY,1d,10,1.0,1.0,12,26,0.904357579924198,1.4813272819461503,0.8457360976000166,0.05134832256679974,16.47056915052652,0.5428571428571428,0.995615467945668,-0.010810298384159256,0.10239791870117188
SPY,1d,10,1.0,1.0,20,50,0.6647943585134124,0.10185821127108685,0.6447449345282733,0.06009208046044819,10.729282953560508,0.22857142857142856,0.3911503437513781,-0.03457036437808614,0.09685730934143066
SPY,1d,14,0.0,0.0,8,21,0.41809475633987464,0.6316549589671223,0.41814293222277615,0.25772647568380597,1.6224290931436107,0.2571428571428571,0.4469460314202194,-0.015759585997057846,0.1020650863647461
SPY,1d,14,0.0,0.0,9,21,0.3249833749599278,0.434659973335886,0.40842207840387446,0.28363782190784104,1.4399422321631634,0.2571428571428571,0.42874210355551784,-0.015759585997057846,0.1079254150390625
SPY,1d,14,0.0,0.0,10,30,0.45678946131383047,0.7184437754514619,0.37097891572401176,0.23226621448937443,1.5972142850805495,0.14285714285714285,0.20695047857665155,-0.0004999999999999449,0.0997469425201416
SPY,1d,14,0.0,0.0,12,26,0.7905961939572157,1.3680412257275405,0.3769267289286194,0.28947063285295516,1.302124243878273,0.17142857142857143,0.25505501041849293,-0.0004999999999999449,0.10587334632873535
SPY,1d,14,0.0,0.0,20,50,0.43354210036675156,0.5800882562663545,0.3341343938718631,0.24114773824250213,1.3856003639389396,0.02857142857142857,0.08363751083721219,0.0,0.09758901596069336
SPY,1d,14,0.0,0.25,8,21,0.3135634248631597,0.41706986448762473,0.3087169931360503,0.09418132178167901,3.2779004084449435,0.6285714285714286,1.1422573214518073,-0.015759585997057846,0.10991168022155762
SPY,1d,14,0.0,0.25,9,21,0.2764949879178817,0.20509846693363687,0.3031204371293158,0.08964607090635984,3.3813019808301634,0.6,1.0698159000469953,-0.015759585997057846,0.10986733436584473
SPY,1d,14,0.0,0.25,10,30,0.30981007543519173,0.5043389623501204,0.2789295311868108,0.08933474367698133,3.1222962053304903,0.34285714285714286,0.6178774337951086,-0.0004999999999999449,0.10416436195373535
SPY,1d,14,0.0,0.25,12,26,0.401507316520871,1.2586306653971722,0.28531224305114866,0.1029540068770135,2.7712592419251454,0.42857142857142855,0.7810812432466195,-0.0004999999999999449,0.10454201698303223
SPY,1d,14,0.0,0.25,20,50,0.2620510373120695,0.3599025695590641,0.2721771885022082,0.13003734688068333,2.0930693760765995,0.08571428571428572,0.19713848328475855,0.0,0.10157132148742676
SPY,1d,14,0.0,0.5,8,21,0.44329150452740623,0.2267318387367263,0.4295260006267344,0.06808486695555327,6.308685319266833,0.6285714285714286,1.1498034670963866,-0.018815106022491257,0.10903429985046387
SPY,1d,14,0.0,0.5,9,21,0.4124201309857365,0.008437203073364152,0.42439363052423645,0.0661924681477255,6.4115093816579405,0.6,1.0768491223213121,-0.01951203834899118,0.10996127128601074
SPY,1d,14,0.0,0.5,10,30,0.40711740227680826,0.31176703512951986,0.3882635180459163,0.0735232941579501,5.280823207020754,0.34285714285714286,0.6162638369750474,-0.0004999999999999449,0.10881710052490234
SPY,1d,14,0.0,0.5,12,26,0.4641359438728591,1.1508022297912732,0.3932987702254017,0.07645132673244096,5.144433550536558,0.42857142857142855,0.7793562965311699,-0.0004999999999999449,0.10933661460876465
SPY,1d,14,0.0,0.5,20,50,0.3252656011844035,0.16535468574535073,0.34502035768954986,0.09697499493547537,3.5578280557696074,0.08571428571428572,0.19727020201698953,0.0,0.10134696960449219
SPY,1d,14,0.0,0.75,8,21,0.5669078993267792,0.058393752232627216,0.5448767137197594,0.06790859563058879,8.023678131761052,0.6285714285714286,1.1555504285866558,-0.02562684690241035,0.11224842071533203
SPY,1d,14,0.0,0.75,9,21,0.5367335475696656,-0.15946792737240767,0.5385741494933911,0.06170499934081308,8.72820930632708,0.6,1.082235872252891,-0.0266722453921604,0.12351584434509277
SPY,1d,14,0.0,0.75,10,30,0.509400156052654,0.13905723386108804,0.49353220304888545,0.06990737845032725,7.059801325543414,0.34285714285714286,0.6150505417739447,-0.0004999999999999449,0.09620475769042969
SPY,1d,14,0.0,0.75,12,26,0.5540988582142353,1.0448212735137212,0.4975686979069671,0.0699696103035977,7.111211506652954,0.42857142857142855,0.7780575496636295,-0.0004999999999999449,0.10114002227783203
SPY,1d,14,0.0,0.75,20,50,0.40269673013989193,-0.005949767451684851,0.42159834631227444,0.0835292672844187,5.047312876296691,0.08571428571428572,0.1973640595702216,0.0,0.09874105453491211
SPY,1d,14,0.0,1.0,8,21,0.6704559708099147,-0.09003965626070087,0.6416298898934566,0.07361437571455857,8.716094970110067,0.6285714285714286,1.1600787182951382,-0.03243858778232911,0.11746621131896973
SPY,1d,14,0.0,1.0,9,21,0.6399954511810797,-0.3023160797288671,0.6340188917033929,0.06194927365035592,10.234484673409083,0.6,1.0864976776579216,-0.03383245243532951,0.10984206199645996
SPY,1d,14,0.0,1.0,10,30,0.5970776019810816,-0.015376163969814116,0.5821000175398092,0.06898321150118143,8.43828527075519,0.34285714285714286,0.6141103727980465,-0.0004999999999999449,0.10696601867675781
SPY,1d,14,0.0,1.0,12,26,0.6349913440938995,0.9409266964143606,0.5854137830108931,0.06872798730244248,8.517836852034344,0.42857142857142855,0.7770500500564719,-0.0004999999999999449,0.10485625267028809
SPY,1d,14,0.0,1.0,20,50,0.4712810873105694,-0.15623845785760893,0.4878448303175743,0.07770470960364324,6.278188707042042,0.08571428571428572,0.1974343284265992,0.0,0.09555792808532715
SPY,1d,14,0.1,0.0,8,21,0.3883597551718833,0.5581352698678101,0.44668613063218665,0.28249188519953167,1.5812352638614031,0.2571428571428571,0.40149986909403285,-0.03732960612456471,0.10848426818847656
SPY,1d,14,0.1,0.0,9,21,0.6679863535037193,0.9733660771553727,0.42720196698435176,0.28257085761015815,1.5118401472728313,0.2571428571428571,0.38329594122933136,-0.03732960612456471,0.10822939872741699
SPY,1d,14,0.1,0.0,10,30,0.42770285033467026,0.6448722119008587,0.3632031215723742,0.25628831601352586,1.4171661323538676,0.14285714285714285,0.20695047857665155,-0.0004999999999999449,0.09849143028259277
SPY,1d,14,0.1,0.0,12,26,0.8383816099645343,1.517455726256963,0.38293180380681197,0.30553003175665616,1.2533360521227044,0.17142857142857143,0.25505501041849293,-0.0004999999999999449,0.10619831085205078
SPY,1d,14,0.1,0.0,20,50,0.444486768650961,0.5968396364732034,0.34822914844621383,0.2542250431851024,1.3697672899701963,0.02857142857142857,0.08363751083721219,0.0,0.09823465347290039
SPY,1d,14,0.1,0.25,8,21,0.31238251174110976,0.3369599866709869,0.3141585051247908,0.08689909451721582,3.6152103410301013,0.6285714285714286,1.1711900315799437,-0.015759585997057846,0.11237406730651855
SPY,1d,14,0.1,0.25,9,21,0.3562102726949676,0.7956226261015074,0.31279303806675146,0.08383326311223047,3.731132804027975,0.6,1.0987546151682233,-0.015759585997057846,0.10712575912475586
SPY,1d,14,0.1,0.25,10,30,0.3007264891147465,0.4247187884414363,0.28104465470624207,0.0991484780749291,2.8345836483122744,0.34285714285714286,0.6178774337951086,-0.0004999999999999449,0.10476255416870117
SPY,1d,14,0.1,0.25,12,26,0.4198728553809438,1.437289350949463,0.2945149293787104,0.11766271468167697,2.503043807679322,0.42857142857142855,0.7810812432466195,-0.0004999999999999449,0.10297226905822754
SPY,1d,14,0.1,0.25,20,50,0.26553748932622506,0.3785386848239414,0.28691758514092947,0.1520907446918013,1.8864894489296047,0.08571428571428572,0.19713848328475855,0.0,0.10146379470825195
SPY,1d,14,0.1,0.5,8,21,0.4606293526250909,0.14321859835113337,0.4414581751271351,0.06493236835047947,6.798738230897677,0.6285714285714286,1.1803339576684904,-0.015759585997057846,0.11021757125854492
SPY,1d,14,0.1,0.5,9,21,0.4624745810187297,0.6282946391945141,0.4423397073355072,0.06319192153457719,6.999940761311855,0.6,1.1073880986088684,-0.015759585997057846,0.10967373847961426
SPY,1d,14,0.1,0.5,10,30,0.4081451101848242,0.22935389976548648,0.39955315953115833,0.07357908785213241,5.4302543181034935,0.34285714285714286,0.6162638369750474,-0.0004999999999999449,0.10537004470825195
SPY,1d,14,0.1,0.5,12,26,0.49031408304666446,1.3556114983020917,0.408198410031376,0.08318294948144345,4.907236549990782,0.42857142857142855,0.7793562965311699,-0.0004999999999999449,0.1084296703338623
SPY,1d,14,0.1,0.5,20,50,0.3268574239508638,0.18519024663503725,0.3579191249525033,0.11223286547693233,3.18907588638613,0.08571428571428572,0.19727020201698953,0.0,0.10658884048461914
SPY,1d,14,0.1,0.75,8,21,0.5961544494148108,-0.025948268314960443,0.5626477743511276,0.0674931630481675,8.33636695837748,0.6285714285714286,1.186223096959703,-0.015759585997057846,0.11435055732727051
SPY,1d,14,0.1,0.75,9,21,0.5761483558882031,0.47144066768233905,0.5628879646098018,0.05757435946613905,9.776712582288486,0.6,1.1129182527031454,-0.015759585997057846,0.11264824867248535
SPY,1d,14,0.1,0.75,10,30,0.5163154910647526,0.05645472900328219,0.5109942660649677,0.0656112782559776,7.7882077540291315,0.34285714285714286,0.6150505417739447,-0.0004999999999999449,0.1345517635345459
SPY,1d,14,0.1,0.75,12,26,0.5869026300692531,1.272783401558447,0.5170388141733626,0.07363292696399146,7.0218424758017415,0.42857142857142855,0.7780575496636295,-0.0004999999999999449,0.11310291290283203
SPY,1d,14,0.1,0.75,20,50,0.4037395499961673,0.014500615590409494,0.43401529360613783,0.09342367604054867,4.645667051441673,0.08571428571428572,0.1973640595702216,0.0,0.12379932403564453
SPY,1d,14,0.1,1.0,8,21,0.7085328022368851,-0.17317151957794097,0.6641565405646325,0.07417244168117233,8.95422242427297,0.6285714285714286,1.1905281046998566,-0.015759585997057846,0.10557675361633301
SPY,1d,14,0.1,1.0,9,21,0.6734852205987599,0.3250192577382043,0.6633017442670339,0.05594685474070185,11.855925544720137,0.6,1.1169574151727106,-0.015759585997057846,0.10258293151855469
SPY,1d,14,0.1,1.0,10,30,0.6081627937680105,-0.09612684739795585,0.6041833960548447,0.06235233119407707,9.689828503352524,0.34285714285714286,0.6141103727980465,-0.0004999999999999449,0.10484433174133301
SPY,1d,14,0.1,1.0,12,26,0.6730732830058386,1.1891511523535185,0.6084785362725326,0.07131453240639256,8.53232175463285,0.42857142857142855,0.7770500500564719,-0.0004999999999999449,0.09989500045776367
SPY,1d,14,0.1,1.0,20,50,0.4720801626336023,-0.13566604821633588,0.500158593804402,0.08383582852498145,5.965928918509637,0.08571428571428572,0.1974343284265992,0.0,0.10724020004272461
SPY,1d,14,0.25,0.0,8,21,0.44040840202471593,0.6887262712548932,0.5340617936301285,0.31270311770080755,1.7078876525341062,0.2571428571428571,0.40149986909403285,-0.03732960612456471,0.11491918563842773
SPY,1d,14,0.25,0.0,9,21,0.666038737748909,0.9861644823925404,0.4168210887587175,0.27584706067788156,1.5110586559610195,0.2571428571428571,0.38329594122933136,-0.03732960612456471,0.1206977367401123
SPY,1d,14,0.25,0.0,10,30,0.3701780179071315,0.5149875624117282,0.42056733208365166,0.19985942245752572,2.1043157581075818,0.14285714285714285,0.20695047857665155,-0.0004999999999999449,0.12611865997314453
SPY,1d,14,0.25,0.0,12,26,0.7502206652976429,1.2334402304870333,0.30833709174840496,0.29437431306532463,1.0474320552553844,0.17142857142857143,0.25505501041849293,-0.0004999999999999449,0.0974721908569336
SPY,1d,14,0.25,0.0,20,50,0.4685533160932583,0.6328810105814391,0.3254585337461916,0.2627390808682976,1.238713832257536,0.02857142857142857,0.08363751083721219,0.0,0.09377288818359375
SPY,1d,14,0.25,0.25,8,21,0.33839471058211334,0.47876771935781726,0.35692794473603484,0.10357846466223716,3.4459667451139997,0.6285714285714286,1.1711900315799437,-0.015759585997057846,0.10642838478088379
SPY,1d,14,0.25,0.25,9,21,0.36233487002413706,0.8098878480007852,0.31927907174880554,0.07810966710932557,4.087574349816767,0.6,1.0987546151682233,-0.015759585997057846,0.10323357582092285
SPY,1d,14,0.25,0.25,10,30,0.3364410322476337,0.601480695163795,0.31046733727294884,0.08967854951791017,3.462002217274308,0.34285714285714286,0.6178774337951086,-0.0004999999999999449,0.1088864803314209
SPY,1d,14,0.25,0.25,12,26,0.3888441431107059,1.0892599800425522,0.2786715692483629,0.1151570526267658,2.4199262041862264,0.42857142857142855,0.7810812432466195,-0.0004999999999999449,0.11640357971191406
SPY,1d,14,0.25,0.25,20,50,0.28003855141881173,0.41885383595106696,0.26762659767388997,0.13141551053885892,2.0364917092092725,0.08571428571428572,0.19713848328475855,0.0,0.09977912902832031
SPY,1d,14,0.25,0.5,8,21,0.4891019260430373,0.29058998997461627,0.4921542011107009,0.08617274079098004,5.711251569733246,0.6285714285714286,1.1803339576684904,-0.015759585997057846,0.10856413841247559
SPY,1d,14,0.25,0.5,9,21,0.4783648004868732,0.643546285220995,0.46131421798065464,0.05976031863836503,7.719406932420528,0.6,1.1073880986088684,-0.015759585997057846,0.10534954071044922
SPY,1d,14,0.25,0.5,10,30,0.46997733265590963,0.6186863776997436,0.4279786870484671,0.0749685854310983,5.70877367616615,0.34285714285714286,0.6162638369750474,-0.0004999999999999449,0.09975719451904297
SPY,1d,14,0.25,0.5,12,26,0.48332059687881784,0.9503347378999685,0.41194644901640903,0.08254025795302554,4.9908548777597925,0.42857142857142855,0.7793562965311699,-0.0004999999999999449,0.1080327033996582
SPY,1d,14,0.25,0.5,20,50,0.35535294771385034,0.22833676437182882,0.3494606932805654,0.09541744909081751,3.6624401156223714,0.08571428571428572,0.19727020201698953,0.0,0.10199666023254395
SPY,1d,14,0.25,0.75,8,21,0.6287155118616216,0.12247112252610304,0.6210391687055565,0.0899921269918998,6.901038896007607,0.6285714285714286,1.186223096959703,-0.015759585997057846,0.1112217903137207
SPY,1d,14,0.25,0.75,9,21,0.5992764794509959,0.48728011191262044,0.5907709234401357,0.05856241130645106,10.087885902591893,0.6,1.1129182527031454,-0.015759585997057846,0.10917067527770996
SPY,1d,14,0.25,0.75,10,30,0.5926733261253722,0.583773407923923,0.5408276734839903,0.07110849126272652,7.605669363533242,0.34285714285714286,0.6150505417739447,-0.0004999999999999449,0.10695457458496094
SPY,1d,14,0.25,0.75,12,26,0.5927117745438998,0.8167923011272575,0.531593421401946,0.07384774249155453,7.198506054030572,0.42857142857142855,0.7780575496636295,-0.0004999999999999449,0.09993648529052734
SPY,1d,14,0.25,0.75,20,50,0.4418152732874838,0.05923313019106402,0.4332774378360992,0.08185039815793038,5.293528774290018,0.08571428571428572,0.1973640595702216,0.0,0.10709643363952637
SPY,1d,14,0.25,1.0,8,21,0.7447423294277645,-0.027238660002417703,0.7287869459932483,0.09675993220087434,7.531908398615671,0.6285714285714286,1.1905281046998566,-0.015759585997057846,0.1018524169921875
SPY,1d,14,0.25,1.0,9,21,0.7022130654405737,0.3411183924956378,0.698035047542908,0.061297950487161634,11.387575636629252,0.6,1.1169574151727106,-0.015759585997057846,0.09952688217163086
SPY,1d,14,0.25,1.0,10,30,0.6944572323674152,0.5109253465349652,0.6355472252475318,0.06976627593938776,9.109662464995106,0.34285714285714286,0.6141103727980465,-0.0004999999999999449,0.09611988067626953
SPY,1d,14,0.25,1.0,12,26,0.6876782414280654,0.6887268927502292,0.6305235283527992,0.07194819451570293,8.763576801293956,0.42857142857142855,0.7770500500564719,-0.0004999999999999449,0.10321044921875
SPY,1d,14,0.25,1.0,20,50,0.5173031362395889,-0.09041103944700701,0.5051392430188923,0.07581843508631428,6.6624857456346165,0.08571428571428572,0.1974343284265992,0.0,0.09831094741821289
SPY,1d,14,0.4,0.0,8,21,0.42053362740749156,0.623511385589403,0.5705027481903928,0.3367919984514491,1.6939320138647378,0.2571428571428571,0.40149986909403285,-0.03732960612456471,0.1064300537109375
SPY,1d,14,0.4,0.0,9,21,0.6866958454431464,1.0149552215780724,0.4104783148555633,0.30374269193388376,1.3514014518081405,0.2571428571428571,0.38329594122933136,-0.03732960612456471,0.10724806785583496
SPY,1d,14,0.4,0.0,10,30,0.30967832086068126,0.39070403883522786,0.47400526274031024,0.2365537110819157,2.003795504083924,0.14285714285714285,0.20695047857665155,-0.0004999999999999449,0.10711789131164551
SPY,1d,14,0.4,0.0,12,26,0.7315937703138989,1.1801644267890157,0.2692368466147106,0.30323718753134227,0.887875424536717,0.17142857142857143,0.25505501041849293,-0.0004999999999999449,0.10366296768188477
SPY,1d,14,0.4,0.0,20,50,0.5173379572272653,0.6790598394355432,0.3614887351153583,0.2937230093599275,1.2307130309712673,0.02857142857142857,0.08363751083721219,0.0,0.11072897911071777
SPY,1d,14,0.4,0.25,8,21,0.3424334378837185,0.4076914823198965,0.3776617106128103,0.1098084767749871,3.43927647213149,0.6285714285714286,1.1711900315799437,-0.015759585997057846,0.11152505874633789
SPY,1d,14,0.4,0.25,9,21,0.4139425079398982,1.3058624227514537,0.3257553018683895,0.09329051378185362,3.4918373654809236,0.6,1.0987546151682233,-0.015759585997057846,0.10123229026794434
SPY,1d,14,0.4,0.25,10,30,0.32451472305614587,0.43838074873533617,0.3215621369817991,0.09182449644595096,3.5019210496958677,0.34285714285714286,0.6178774337951086,-0.0004999999999999449,0.09787368774414062
SPY,1d,14,0.4,0.25,12,26,0.3882823408804461,1.0270844274111002,0.26880534399549527,0.11063294459807724,2.4297043251632573,0.42857142857142855,0.7810812432466195,-0.0004999999999999449,0.10255098342895508
SPY,1d,14,0.4,0.25,20,50,0.29054772535056705,0.4608436420361608,0.28545318077423393,0.1544080453872932,1.8486937002424157,0.08571428571428572,0.19713848328475855,0.0,0.10608172416687012
SPY,1d,14,0.4,0.5,8,21,0.5139521091529528,0.216475872970749,0.526967858889883,0.08586017355150888,6.137512156014297,0.6285714285714286,1.1803339576684904,-0.015759585997057846,0.10444998741149902
SPY,1d,14,0.4,0.5,9,21,0.5356100234537654,1.5261017550161067,0.47952838756900906,0.06594356094332583,7.2718000167011345,0.6,1.1073880986088684,-0.015759585997057846,0.10244607925415039
SPY,1d,14,0.4,0.5,10,30,0.47984276897776035,0.4222140954215454,0.4398978584941404,0.07353698887527078,5.98199443874796,0.34285714285714286,0.6162638369750474,-0.0004999999999999449,0.10695052146911621
SPY,1d,14,0.4,0.5,12,26,0.5021454415448294,0.8808185053278736,0.41604014909163345,0.07850980905503846,5.299212341733922,0.42857142857142855,0.7793562965311699,-0.0004999999999999449,0.10143637657165527
SPY,1d,14,0.4,0.5,20,50,0.3706940507682243,0.2678897999689527,0.3701335814419825,0.10520786520816369,3.5181170220461966,0.08571428571428572,0.19727020201698953,0.0,0.1002495288848877
SPY,1d,14,0.4,0.75,8,21,0.667383859665495,0.04759998227031548,0.6657950417416981,0.08193445751027816,8.125946786895835,0.6285714285714286,1.186223096959703,-0.015759585997057846,0.12180042266845703
SPY,1d,14,0.4,0.75,9,21,0.6595629169790429,1.6826086231731447,0.6166502353927781,0.05877477478044984,10.491749865418344,0.6,1.1129182527031454,-0.015759585997057846,0.10834431648254395
SPY,1d,14,0.4,0.75,10,30,0.6158756908018096,0.36102996388581077,0.5553142980219888,0.06885203083758734,8.065329246887437,0.34285714285714286,0.6150505417739447,-0.0004999999999999449,0.10778236389160156
SPY,1d,14,0.4,0.75,12,26,0.6237797133002758,0.7413876324449351,0.5439281525447905,0.07071824467215365,7.691482658632366,0.42857142857142855,0.7780575496636295,-0.0004999999999999449,0.09984755516052246
SPY,1d,14,0.4,0.75,20,50,0.46107160117688023,0.09764495683995356,0.4577215069740432,0.08529971985566047,5.366037634690648,0.08571428571428572,0.1973640595702216,0.0,0.09400629997253418
SPY,1d,14,0.4,1.0,8,21,0.7937551464429524,-0.10106076620920112,0.7810456778051855,0.08272211057039792,9.441800655466864,0.6285714285714286,1.1905281046998566,-0.015759585997057846,0.1020662784576416
SPY,1d,14,0.4,1.0,9,21,0.764357908635454,1.7822753566345186,0.7295986151998461,0.05759807367225843,12.667066252100206,0.6,1.1169574151727106,-0.015759585997057846,0.1026461124420166
SPY,1d,14,0.4,1.0,10,30,0.7273850241407471,0.26972857856125665,0.6524504416491055,0.06731026103825895,9.693179488313893,0.34285714285714286,0.6141103727980465,-0.0004999999999999449,0.12297463417053223
SPY,1d,14,0.4,1.0,12,26,0.7277610586181779,0.6087783772380848,0.6487517355171634,0.06989518929309624,9.281779505549498,0.42857142857142855,0.7770500500564719,-0.0004999999999999449,0.13001060485839844
SPY,1d,14,0.4,1.0,20,50,0.5396160408292446,-0.0522255157025624,0.5327656488484271,0.07583128199670713,7.025671132284981,0.08571428571428572,0.1974343284265992,0.0,0.10685062408447266
SPY,1d,14,0.55,0.0,8,21,0.4146058940539245,0.5982204728918752,0.5649199742496471,0.26224553593862177,2.154164311044234,0.2571428571428571,0.2164636264425259,-0.16181265607471917,0.10192108154296875
SPY,1d,14,0.55,0.0,9,21,0.7548184762822181,1.1436928315186958,0.5074522140238629,0.30220436548322,1.6791690391780238,0.2571428571428571,0.36271522152535485,-0.03732960612456471,0.10175085067749023
SPY,1d,14,0.55,0.0,10,30,0.3392749834039,0.4403910248647511,0.4773852842216222,0.2348426466739164,2.032787872998557,0.11428571428571428,0.16123221785860128,-0.024330560583091465,0.10092449188232422
SPY,1d,14,0.55,0.0,12,26,0.7139619509966983,1.0983408560081385,0.3090510766103513,0.30783557685819135,1.0039485356584366,0.17142857142857143,0.25505501041849293,-0.0004999999999999449,0.10416388511657715
SPY,1d,14,0.55,0.0,20,50,0.5756942287519329,0.7694928619253592,0.3269509948990699,0.3515459786809914,0.9300376472113194,0.02857142857142857,0.08363751083721219,0.0,0.09667491912841797
SPY,1d,14,0.55,0.25,8,21,0.35102888866946474,0.3759208221279158,0.39321241507725413,0.08991267166100171,4.373270283412167,0.7714285714285715,1.3434047045249276,-0.010786263948791563,0.10887336730957031
SPY,1d,14,0.55,0.25,9,21,0.4352050069789558,1.4899336974176571,0.35605401932523106,0.0771214928075803,4.61679366364955,0.7428571428571429,1.3592266339039198,-0.004640122850047668,0.11850500106811523
SPY,1d,14,0.55,0.25,10,30,0.3385701312410669,0.5007749763600755,0.32490421551625115,0.0891169672798906,3.645817686948671,0.4857142857142857,0.8913788329285761,-0.016730166652557554,0.11445808410644531
SPY,1d,14,0.55,0.25,12,26,0.38805578362437165,0.9311068502055313,0.29160728958724724,0.10336171900032141,2.821231036089294,0.5142857142857142,0.8918147259435307,-0.016730166652557554,0.10227370262145996
SPY,1d,14,0.55,0.25,20,50,0.3093167266619045,0.5599997271107344,0.27792528000746497,0.15703665664048197,1.7698114946737826,0.11428571428571428,0.2527335360169639,0.0,0.09621644020080566
SPY,1d,14,0.55,0.5,8,21,0.5394505890620452,0.1790721602523584,0.5575712285048456,0.0743634569412386,7.497919696571314,0.7714285714285715,1.3852613669090315,-0.010786263948791563,0.11391615867614746
SPY,1d,14,0.55,0.5,9,21,0.5714312277534404,1.7679948999679547,0.5085610875242429,0.06349979770949088,8.008861537652296,0.7428571428571429,1.3821025727595544,-0.008188892143337734,0.11355137825012207
SPY,1d,14,0.55,0.5,10,30,0.49975971378716405,0.49411571458002124,0.4494736392163796,0.07158823903868154,6.278596110927017,0.4857142857142857,0.9014898709273926,-0.032960333305115164,0.10639786720275879
SPY,1d,14,0.55,0.5,12,26,0.525683905056062,0.7730417584788074,0.44219636354937897,0.07327299751470244,6.034915706303007,0.5142857142857142,0.9032568832760738,-0.032960333305115164,0.1123647689819336
SPY,1d,14,0.55,0.5,20,50,0.3900813480933111,0.3720405511086544,0.37659833700996853,0.10690145999956048,3.5228549452132545,0.11428571428571428,0.25312260523679064,0.0,0.09632086753845215
SPY,1d,14,0.55,0.75,8,21,0.7047663893705164,0.005605908592415831,0.7071209653536046,0.07558076383014557,9.355832483285484,0.7714285714285715,1.407097923197391,-0.010786263948791563,0.11540412902832031
SPY,1d,14,0.55,0.75,9,21,0.7071501475467631,1.9822134659402963,0.6484639599977138,0.06489646639090656,9.992284573580081,0.7428571428571429,1.3975476019650483,-0.015965865021653536,0.10546875
SPY,1d,14,0.55,0.75,10,30,0.6412755048599205,0.43899070550796804,0.5693062818274901,0.06676264527555145,8.527317626163184,0.4857142857142857,0.9105934843215012,-0.049190499957672884,0.10750675201416016
SPY,1d,14,0.55,0.75,12,26,0.6624116117569866,0.6240510828046486,0.5739132209376588,0.06681944416235897,8.589015190595648,0.5142857142857142,0.9126391148298646,-0.049190499957672884,0.10732793807983398
SPY,1d,14,0.55,0.75,20,50,0.48303267027627916,0.20376762958058436,0.472210533580666,0.08564608304995695,5.513509979262307,0.11428571428571428,0.25340043902792403,0.0,0.10920119285583496
SPY,1d,14,0.55,1.0,8,21,0.8402540527321389,-0.14650880362366714,0.8305908065435524,0.08013836318726392,10.364459336443685,0.7714285714285715,1.4220079281278857,-0.012065586142832596,0.11198878288269043
SPY,1d,14,0.55,1.0,9,21,0.821272490080198,2.137324717710337,0.7643690608603518,0.06856258980430482,11.148485829401379,0.7428571428571429,1.4091272298627464,-0.023742837899969893,0.10691595077514648
SPY,1d,14,0.55,1.0,10,30,0.7572870837285446,0.3504455598322924,0.6698025239097785,0.0648896880951387,10.3221720364527,0.4857142857142857,0.9181317932196523,-0.06542066661023027,0.09993433952331543
SPY,1d,14,0.55,1.0,12,26,0.7775439710997066,0.4839917766496642,0.6819755006421774,0.0667737309495514,10.213230426758999,0.5142857142857142,0.920250793257819,-0.06542066661023027,0.11035513877868652
SPY,1d,14,0.55,1.0,20,50,0.563973958388283,0.0534549588881692,0.5528392206090956,0.07412987417873328,7.457711573557435,0.11428571428571428,0.2536087735707635,0.0,0.10778427124023438
SPY,1d,14,0.7,0.0,8,21,0.7347143264141559,1.0345957492406743,0.5980310768329422,0.3114537605642431,1.9201279693959168,0.22857142857142856,0.19949865310009635,-0.0578628377919288,0.11603379249572754
SPY,1d,14,0.7,0.0,9,21,0.6729236528896729,0.9176703676590099,0.49216874157683543,0.28204223583736604,1.7450178698081042,0.22857142857142856,0.2855184287147493,-0.0578628377919288,0.11968398094177246
SPY,1d,14,0.7,0.0,10,30,0.32700636296604935,0.4091108739845557,0.5243195435756789,0.2907555089485164,1.8033004618616508,0.11428571428571428,0.16123221785860128,-0.024330560583091465,0.11084532737731934
SPY,1d,14,0.7,0.0,12,26,0.6123527057226277,0.818691602601366,0.45210963761027606,0.2440463773589697,1.8525562333804468,0.17142857142857143,0.25505501041849293,-0.0004999999999999449,0.11287045478820801
SPY,1d,14,0.7,0.0,20,50,0.5747559431781493,0.7661317357554103,0.38138976720961537,0.37051592237667647,1.0293478476260576,0.02857142857142857,0.08363751083721219,0.0,0.10523366928100586
SPY,1d,14,0.7,0.25,8,21,0.4482334493546813,1.3342633267961919,0.4040008156520403,0.08319415216013268,4.856120354161633,0.7714285714285715,1.3062509437893592,-0.012174095475227631,0.10957741737365723
SPY,1d,14,0.7,0.25,9,21,0.4247082622785927,1.163465637234681,0.35756336850166726,0.06573190071189532,5.439723553239045,0.7428571428571429,1.2750852666722023,-0.012174095475227631,0.11263132095336914
SPY,1d,14,0.7,0.25,10,30,0.3381249477133825,0.45761995150443924,0.34159917784677407,0.09105179741065099,3.7517016419361178,0.4857142857142857,0.8913788329285761,-0.016730166652557554,0.11732029914855957
SPY,1d,14,0.7,0.25,12,26,0.36594235098410854,0.6138650139980613,0.3471135758226534,0.07947150676901711,4.367773934770539,0.5142857142857142,0.8918147259435307,-0.016730166652557554,0.11109185218811035
SPY,1d,14,0.7,0.25,20,50,0.3116399224851919,0.5568752197592051,0.2979062380323772,0.14843796941274495,2.006940941128226,0.11428571428571428,0.2527335360169639,0.0,0.11315178871154785
SPY,1d,14,0.7,0.5,8,21,0.639011491604152,1.5638143250605938,0.5770326134905198,0.0655447274145295,8.803646551783617,0.7714285714285715,1.3481559428039998,-0.019375416472445894,0.11841201782226562
SPY,1d,14,0.7,0.5,9,21,0.6005871306378976,1.3346634377065034,0.5253551878052998,0.05548244311714608,9.468854619398439,0.7428571428571429,1.313525274378646,-0.019375416472445894,0.1064305305480957
SPY,1d,14,0.7,0.5,10,30,0.5095200487387483,0.43962149556660357,0.4759563867341997,0.06749502906966846,7.051725042490416,0.4857142857142857,0.9014898709273926,-0.032960333305115164,0.10111498832702637
SPY,1d,14,0.7,0.5,12,26,0.533017064273931,0.4283267539870437,0.49276069274009593,0.06890989754329253,7.150797059747764,0.5142857142857142,0.9032568832760738,-0.032960333305115164,0.11033153533935547
SPY,1d,14,0.7,0.5,20,50,0.39944720039424575,0.36938409175030973,0.39887568350506286,0.1007218501697572,3.960170338737776,0.11428571428571428,0.25312260523679064,0.0,0.09541511535644531
SPY,1d,14,0.7,0.75,8,21,0.8114561233431755,1.7297859638746798,0.7345695856648173,0.06946462830471324,10.57472851423832,0.7714285714285715,1.37774975437103,-0.026576737469663825,0.10559296607971191
SPY,1d,14,0.7,0.75,9,21,0.7609378837003307,1.4401825873911243,0.6761388302394639,0.060757457340178025,11.12849121472934,0.7428571428571429,1.3418708076682655,-0.026576737469663825,0.10334348678588867
SPY,1d,14,0.7,0.75,10,30,0.65820538924589,0.37439722853935353,0.6040125504989554,0.06322355741767596,9.553599562717524,0.4857142857142857,0.9105934843215012,-0.049190499957672884,0.10247087478637695
SPY,1d,14,0.7,0.75,12,26,0.6865563814258021,0.26072614569959063,0.6262905497015082,0.07034639643278309,8.902951415570193,0.5142857142857142,0.9126391148298646,-0.049190499957672884,0.1030893325805664
SPY,1d,14,0.7,0.75,20,50,0.4970993634798836,0.20173749182005607,0.4981359854334212,0.08281854022033255,6.014788284219542,0.11428571428571428,0.25340043902792403,0.0,0.1048283576965332
SPY,1d,14,0.7,1.0,8,21,0.9533798655771342,1.838739410870974,0.8646315680016661,0.07685504759741678,11.250159814236167,0.7714285714285715,1.400447845893846,-0.033778058466881755,0.11798262596130371
SPY,1d,14,0.7,1.0,9,21,0.8932209354465708,1.488716738035773,0.8004383392682314,0.06739215732177552,11.877321799425413,0.7428571428571429,1.363885269941471,-0.033778058466881755,0.13397622108459473
SPY,1d,14,0.7,1.0,10,30,0.7796963971261072,0.27749092703645184,0.7110625857036136,0.06328067479134668,11.2366467021437,0.4857142857142857,0.9181317932196523,-0.06542066661023027,0.10617351531982422
SPY,1d,14,0.7,1.0,12,26,0.8136844190862006,0.10974873777160532,0.7368793091988027,0.07339416795584874,10.040025382426604,0.5142857142857142,0.920250793257819,-0.06542066661023027,0.10260820388793945
SPY,1d,14,0.7,1.0,20,50,0.5815377935009773,0.05214877136463292,0.5819361956114757,0.07450381186931852,7.810824453280401,0.11428571428571428,0.2536087735707635,0.0,0.09694743156433105
SPY,1d,14,0.85,0.0,8,21,0.741962585729763,1.0622627419469564,0.7557158951437573,0.2618064119431108,2.8865446401212305,0.4,0.38301242514043277,-0.06703497546972159,0.12087345123291016
SPY,1d,14,0.85,0.0,9,21,0.7270111070471746,1.0364190485339662,0.6637043254746965,0.3177406651881546,2.0888239945040548,0.37142857142857144,0.2355712349900443,-0.0616552430139673,0.11430931091308594
SPY,1d,14,0.85,0.0,10,30,0.5968857986050704,0.7721068809146681,0.6212005163426921,0.25700097618123774,2.41711345059102,0.2,0.15593776701387368,-0.03448407528227637,0.09695911407470703
SPY,1d,14,0.85,0.0,12,26,0.6245604667398643,0.820959521032828,0.5667965312654879,0.2669280431901727,2.123405710735586,0.2571428571428571,0.1837551701987008,-0.05703976363442931,0.12410187721252441
SPY,1d,14,0.85,0.0,20,50,0.4957633101510147,0.6250523049549677,0.4512851328205775,0.3382767405252067,1.334070832419381,0.08571428571428572,0.07948387740079925,-0.0004999999999999449,0.1035451889038086
SPY,1d,14,0.85,0.25,8,21,0.460624991256987,1.358539191295487,0.45604881080731363,0.04887649852618021,9.330635879389675,0.8285714285714286,1.3278830404814244,-0.018843441421779183,0.1213538646697998
SPY,1d,14,0.85,0.25,9,21,0.4536506867478497,1.3159140234424513,0.41415064882693253,0.06457807767363583,6.41317709889049,0.8,1.2981485087599771,-0.018843441421779183,0.12388849258422852
SPY,1d,14,0.85,0.25,10,30,0.40429269566850734,0.9468419946201285,0.3838331534439875,0.06878225273585693,5.580409744909258,0.5142857142857142,0.870820497296488,0.0,0.10521697998046875
SPY,1d,14,0.85,0.25,12,26,0.37106715588863154,0.6124526661953786,0.3791665251242157,0.07690143297518712,4.930552142592154,0.5428571428571428,0.9129510762144116,0.0,0.10300564765930176
SPY,1d,14,0.85,0.25,20,50,0.29757682879580694,0.40247193621453947,0.3104830319885334,0.12632140652797177,2.4578813719888566,0.22857142857142856,0.3755866734419248,-0.009017591094521493,0.09625124931335449
SPY,1d,14,0.85,0.5,8,21,0.6681421496613098,1.5820087801663023,0.6387751892307189,0.04583454619356317,13.936544425096239,0.8285714285714286,1.4068247006975039,-0.0259961424134042,0.11018800735473633
SPY,1d,14,0.85,0.5,9,21,0.6549224258507833,1.5187468329964222,0.585999065348371,0.04943392657107039,11.854188125353328,0.8,1.3742977239208438,-0.0259961424134042,0.10936379432678223
SPY,1d,14,0.85,0.5,10,30,0.5821742007210442,1.0454425942151464,0.5293035172213905,0.057515808560079415,9.202748435127965,0.5142857142857142,0.8961220309181789,-0.0008272525093108163,0.12100648880004883
SPY,1d,14,0.85,0.5,12,26,0.5462737586391172,0.4227610570850997,0.5312200418776212,0.06447932945778108,8.238609897850232,0.5428571428571428,0.9490405439301333,-0.0008272525093108163,0.1111598014831543
SPY,1d,14,0.85,0.5,20,50,0.412552306367591,0.20753036131465885,0.41322769169322704,0.09256044904421255,4.46440889127325,0.22857142857142856,0.3819991596996002,-0.017535182189043153,0.1043558120727539
SPY,1d,14,0.85,0.75,8,21,0.8531456356295067,1.7399347382595702,0.808140373474723,0.06045517133501109,13.367597107556437,0.8285714285714286,1.464214115141183,-0.03314884340502966,0.11157965660095215
SPY,1d,14,0.85,0.75,9,21,0.835023775075968,1.6528477889634146,0.7454480010339614,0.058772553181392725,12.683607580110518,0.8,1.4278260847547395,-0.03314884340502966,0.11171150207519531
SPY,1d,14,0.85,0.75,10,30,0.7421426167795254,1.0813181507297251,0.6683700354690146,0.05947026060012268,11.238727201199382,0.5142857142857142,0.9161563939812201,-0.005818775446735036,0.10658884048461914
SPY,1d,14,0.85,0.75,12,26,0.7058013049775865,0.25091540064387163,0.6731026078324523,0.06479537209040108,10.38812782637245,0.5428571428571428,0.9750104864013659,-0.005818775446735036,0.10460138320922852
SPY,1d,14,0.85,0.75,20,50,0.5259917202528376,0.03717892485850749,0.5165149712941141,0.08232736068912723,6.273916313733217,0.22857142857142856,0.3870780963723132,-0.02605277328356448,0.10184955596923828
SPY,1d,14,0.85,1.0,8,21,1.00490415381852,1.8395640481608875,0.9484010761065443,0.07393233793292786,12.827960032414275,0.8285714285714286,1.508861985746285,-0.04030154439665512,0.11074399948120117
SPY,1d,14,0.85,1.0,9,21,0.9829340807830648,1.7262855311823242,0.8776699729292122,0.06955987804717145,12.617474290768993,0.8,1.469019462280058,-0.04030154439665512,0.1127634048461914
SPY,1d,14,0.85,1.0,10,30,0.8737248739920148,1.06655541616845,0.7845054975363663,0.06312044076429459,12.428707531778493,0.5142857142857142,0.932194732314926,-0.010810298384159256,0.10524582862854004
SPY,1d,14,0.85,1.0,12,26,0.8375602340740429,0.09588184251056187,0.7909560511265363,0.067069464906306,11.793087245164068,0.5428571428571428,0.9950201147557814,-0.010810298384159256,0.10780596733093262
SPY,1d,14,0.85,1.0,20,50,0.6216953260359481,-0.11134254313356007,0.604027628633691,0.07811367417256457,7.732674656927612,0.22857142857142856,0.3911503437513781,-0.03457036437808614,0.11354446411132812
SPY,1d,14,1.0,0.0,8,21,0.670288311872445,0.9151808998343627,0.7625893921237366,0.2209403603219178,3.4515621818151163,0.37142857142857144,0.3228221221142232,-0.06703497546972159,0.11841464042663574
SPY,1d,14,1.0,0.0,9,21,0.6773568057365128,0.9364843770468145,0.7667787386964264,0.19774356316889258,3.8776419642116062,0.34285714285714286,0.2571280943121999,-0.0616552430139673,0.10629534721374512
SPY,1d,14,1.0,0.0,10,30,0.7138259798582506,1.023900487686392,0.7455477111396488,0.1484620746974424,5.021805822524266,0.2,0.15593776701387368,-0.03448407528227637,0.11637711524963379
SPY,1d,14,1.0,0.0,12,26,0.673296831195361,0.9310194046491911,0.7291346790944212,0.1447543995780798,5.037046757954528,0.22857142857142856,0.19261037743856677,-0.03448407528227637,0.11481142044067383
SPY,1d,14,1.0,0.0,20,50,0.5822548066325546,0.8018790356813963,0.5716659650301992,0.2562524530561815,2.2308702149472324,0.08571428571428572,0.07948387740079925,-0.0004999999999999449,0.10065078735351562
SPY,1d,14,1.0,0.25,8,21,0.45911363879076306,1.1500857843494274,0.4657928080861091,0.041495414869211614,11.225163299468871,0.8285714285714286,1.2956928634304337,-0.029449950183139895,0.10997462272644043
SPY,1d,14,1.0,0.25,9,21,0.45130413775170314,1.1790993083417383,0.4481561650444551,0.029601162360439283,15.139816456782018,0.8,1.2967762285206412,-0.029449950183139895,0.1107642650604248
SPY,1d,14,1.0,0.25,10,30,0.4349599549718048,1.3020348161805253,0.41861399023048607,0.03664108842296984,11.424714937454265,0.5142857142857142,0.870820497296488,0.0,0.11354780197143555
SPY,1d,14,1.0,0.25,12,26,0.4274056433933056,1.171033921083386,0.4148664080930777,0.03256155759088133,12.740987802415772,0.5428571428571428,0.915091318695791,0.0,0.11300826072692871
SPY,1d,14,1.0,0.25,20,50,0.33217921664499017,0.5977728603853985,0.3513446873668269,0.07937730749520383,4.426261087125637,0.22857142857142856,0.3755866734419248,-0.009017591094521493,0.10362362861633301
SPY,1d,14,1.0,0.5,8,21,0.6882754697597171,1.310515744379975,0.6701087316158707,0.03864081375559046,17.341993257554545,0.8285714285714286,1.39251286701544,-0.04705451553188289,0.12543678283691406
SPY,1d,14,1.0,0.5,9,21,0.6663901918549596,1.34683156826781,0.6342095069435789,0.036357266192526785,17.443817243716204,0.8,1.383811436853909,-0.04705451553188289,0.1256413459777832
SPY,1d,14,1.0,0.5,10,30,0.6065623219673694,1.505835254620814,0.5656138017247405,0.03963447387929361,14.270753371100918,0.5142857142857142,0.8961220309181789,-0.0008272525093108163,0.11529922485351562
SPY,1d,14,1.0,0.5,12,26,0.6066022029117843,1.3360402347936993,0.5710897086696377,0.038023877751666685,15.01923902657733,0.5428571428571428,0.9501427585871639,-0.0008272525093108163,0.10331153869628906
SPY,1d,14,1.0,0.5,20,50,0.44817166378488543,0.4142351005231537,0.45050516362210286,0.05854359525504235,7.69520835984703,0.22857142857142856,0.3819991596996002,-0.017535182189043153,0.10959267616271973
SPY,1d,14,1.0,0.75,8,21,0.887059023913568,1.4067014732129604,0.854742665736136,0.049238434649106315,17.35925749523497,0.8285714285714286,1.4645820635858582,-0.06450443647638315,0.11559534072875977
SPY,1d,14,1.0,0.75,9,21,0.8552996178833527,1.449541642040654,0.8064843596997575,0.05295223978587372,15.230410705212636,0.8,1.4466561750097082,-0.06450443647638315,0.10770034790039062
SPY,1d,14,1.0,0.75,10,30,0.7656125698516649,1.6436922995876868,0.70968203480013,0.04879805839818776,14.543243278435149,0.5142857142857142,0.9161563939812201,-0.005818775446735036,0.11113214492797852
SPY,1d,14,1.0,0.75,12,26,0.769794641853661,1.4362675778000598,0.720791101744495,0.045540193795737545,15.827580905287219,0.5428571428571428,0.9757754438910031,-0.005818775446735036,0.10866546630859375
SPY,1d,14,1.0,0.75,20,50,0.5654528395523913,0.2494831406650233,0.5552590812512189,0.057296119652722015,9.691041638015006,0.22857142857142856,0.3870780963723132,-0.02605277328356448,0.10321640968322754
SPY,1d,14,1.0,1.0,8,21,1.0491001774955746,1.4482590875076657,1.0067285737827492,0.059327805892798346,16.968916322337034,0.8285714285714286,1.5209501960897038,-0.08179971301664113,0.1107180118560791
SPY,1d,14,1.0,1.0,9,21,1.0097667751233192,1.4966071179728848,0.9491498040135757,0.0660909940204369,14.36125780949937,0.8,1.4954665274222823,-0.08179971301664113,0.11181974411010742
SPY,1d,14,1.0,1.0,10,30,0.8972633461269143,1.723785598631749,0.8304989710579905,0.05644270982970169,14.714016629672152,0.5142857142857142,0.932194732314926,-0.010810298384159256,0.10266995429992676
SPY,1d,14,1.0,1.0,12,26,0.904357579924198,1.4813272819461503,0.8457360976000166,0.05134832256679974,16.47056915052652,0.5428571428571428,0.995615467945668,-0.010810298384159256,0.1262648105621338
SPY,1d,14,1.0,1.0,20,50,0.6647943585134124,0.10185821127108685,0.6447449345282733,0.06009208046044819,10.729282953560508,0.22857142857142856,0.3911503437513781,-0.03457036437808614,0.10538744926452637
SPY,1d,19,0.0,0.0,8,21,0.5759529234969863,1.0730472120257448,0.5480228735990906,0.2712588075126822,2.0202952251549244,0.2857142857142857,0.424701418522087,-0.028577715971828677,0.11352324485778809
SPY,1d,19,0.0,0.0,9,21,0.36535928064219103,0.5311407296967898,0.48461607330393053,0.31807916598106684,1.5235706237131437,0.2571428571428571,0.36187814919344036,-0.028577715971828677,0.11765527725219727
SPY,1d,19,0.0,0.0,10,30,0.3591286029599977,0.5154015005097503,0.35409199167565214,0.17635148195936223,2.007876473401271,0.05714285714285714,0.1326754796709065,-0.0004999999999999449,0.10319232940673828
SPY,1d,19,0.0,0.0,12,26,0.6249948620214433,0.9898583126974041,0.41714416780316227,0.15580885845077516,2.6772814585182974,0.11428571428571428,0.21320124918029765,-0.0004999999999999449,0.09655284881591797
SPY,1d,19,0.0,0.0,20,50,0.3258931059744403,0.4049193571428449,0.34296662924410676,0.23423341508030857,1.4642088069565917,0.02857142857142857,0.04475945606211102,0.0,0.1044924259185791
SPY,1d,19,0.0,0.25,8,21,0.3627194801594487,0.9192456132041738,0.3614177064394221,0.09398952217422132,3.8452978383004144,0.5428571428571428,0.9463254914022674,-0.028577715971828677,0.10531282424926758
SPY,1d,19,0.0,0.25,9,21,0.2774117682624313,0.308234188034505,0.32225159966452965,0.10942890123780986,2.9448490848337725,0.4857142857142857,0.8208099306326456,-0.028577715971828677,0.10907673835754395
SPY,1d,19,0.0,0.25,10,30,0.26405817855005564,0.2791769190391542,0.27057766162830643,0.10222220012186568,2.646955957763904,0.22857142857142856,0.4812877121605302,-0.0004999999999999449,0.10706973075866699
SPY,1d,19,0.0,0.25,12,26,0.34540306225507267,0.8141840828752538,0.3102996379418469,0.09458848459559599,3.280522351832819,0.34285714285714286,0.676912759279591,-0.0004999999999999449,0.10371732711791992
SPY,1d,19,0.0,0.25,20,50,0.21588027036891658,0.1687553415022891,0.27453458584660073,0.1176614484171252,2.3332585952311224,0.08571428571428572,0.15872343308634043,0.0,0.1170511245727539
SPY,1d,19,0.0,0.5,8,21,0.4350212329303751,0.7747818723264981,0.4301160672643789,0.0699211913526951,6.151440771293439,0.5428571428571428,0.9451380201803744,-0.028577715971828677,0.12758779525756836
SPY,1d,19,0.0,0.5,9,21,0.3852020075908137,0.11419564630992496,0.3973769622879384,0.07787362048851224,5.102844323856224,0.4857142857142857,0.8205411519988943,-0.028577715971828677,0.09927225112915039
SPY,1d,19,0.0,0.5,10,30,0.3601190305418655,0.07462454388711026,0.35055699957645403,0.07986232427822951,4.389516618063369,0.22857142857142856,0.48059392307887855,-0.0004999999999999449,0.09613680839538574
SPY,1d,19,0.0,0.5,12,26,0.40440679487831366,0.6515074351577639,0.38080423447961415,0.08283128984540895,4.597347635058236,0.34285714285714286,0.6761076203025509,-0.0004999999999999449,0.09678530693054199
SPY,1d,19,0.0,0.5,20,50,0.28532250679347365,-0.03326239982441359,0.3296977359568721,0.0865896565568102,3.80758798529894,0.08571428571428572,0.15877718235848784,0.0,0.09108352661132812
SPY,1d,19,0.0,0.75,8,21,0.5254812865612852,0.639232210320275,0.5140988423860804,0.06969223870528625,7.376701508472066,0.5428571428571428,0.9442800496621314,-0.028577715971828677,0.10007810592651367
SPY,1d,19,0.0,0.75,9,21,0.4918975199454446,-0.054259469386177095,0.4830567377392532,0.07050207634393786,6.85166682726769,0.4857142857142857,0.820341646108823,-0.028577715971828677,0.09914326667785645
SPY,1d,19,0.0,0.75,10,30,0.4584207926616685,-0.10179733984486516,0.43517108564388485,0.07317401683143929,5.947071166618165,0.22857142857142856,0.48002895725694483,-0.0004999999999999449,0.09623265266418457
SPY,1d,19,0.0,0.75,12,26,0.4870005211232462,0.5010708904797014,0.46104908248069076,0.08064389337243032,5.717098508023043,0.34285714285714286,0.6754572028141793,-0.0004999999999999449,0.09985828399658203
SPY,1d,19,0.0,0.75,20,50,0.3625791288719827,-0.20523271392022824,0.3946112933637548,0.07441900530260097,5.302560706894627,0.08571428571428572,0.15881554391539357,0.0,0.09347081184387207
SPY,1d,19,0.0,1.0,8,21,0.6055556224667813,0.5121834201985804,0.5882272285937719,0.07356849756934801,7.9956400909137795,0.5428571428571428,0.9436315510227679,-0.028577715971828677,0.10227799415588379
SPY,1d,19,0.0,1.0,9,21,0.5822406511667725,-0.20009344586693611,0.5578679158879668,0.07019935440630361,7.946909492345312,0.4857142857142857,0.8201880014841691,-0.028577715971828677,0.10436153411865234
SPY,1d,19,0.0,1.0,10,30,0.542423756543982,-0.25332121692196674,0.5081801441424058,0.07084673470616987,7.17295082476327,0.22857142857142856,0.4795684697103975,-0.0004999999999999449,0.09847450256347656
SPY,1d,19,0.0,1.0,12,26,0.5612953883640074,0.3621466193000784,0.5313255188809409,0.08096762221839077,6.5621973861084575,0.34285714285714286,0.6749293846363726,-0.0004999999999999449,0.1013631820678711
SPY,1d,19,0.0,1.0,20,50,0.4300721830819668,-0.3508703197566785,0.45235225451055766,0.06942309633428317,6.515875528403546,0.08571428571428572,0.1588442982001789,0.0,0.10288262367248535
SPY,1d,19,0.1,0.0,8,21,0.47816410337549275,0.7860628916436962,0.5040916868327384,0.29936828851634706,1.6838513168211282,0.2857142857142857,0.3781536887893798,-0.03933375711269982,0.11228132247924805
SPY,1d,19,0.1,0.0,9,21,0.6540385596766382,0.9540348177502382,0.4785158660043057,0.3438766479199265,1.3915334725367297,0.2571428571428571,0.31533041946073315,-0.03933375711269982,0.11228108406066895
SPY,1d,19,0.1,0.0,10,30,0.3376455595189042,0.46548645419789536,0.34170194272501553,0.2192148234187534,1.5587538168998822,0.05714285714285714,0.1326754796709065,-0.0004999999999999449,0.10863232612609863
SPY,1d,19,0.1,0.0,12,26,0.530690995464297,0.7883830874304241,0.4430797679250751,0.22680587526121754,1.953563889889404,0.11428571428571428,0.21320124918029765,-0.0004999999999999449,0.10155034065246582
SPY,1d,19,0.1,0.0,20,50,0.3304284681295202,0.41096966893767184,0.3493365783632952,0.23890088722230132,1.4622657220951698,0.02857142857142857,0.04475945606211102,0.0,0.09387660026550293
SPY,1d,19,0.1,0.25,8,21,0.3307210426796583,0.5910206374552465,0.33576038761421045,0.0989061694867405,3.3947365402642853,0.5714285714285714,1.008504058541305,-0.028577715971828677,0.10073518753051758
SPY,1d,19,0.1,0.25,9,21,0.34963109564176303,0.7776109050138789,0.32613849730858757,0.11457798304604752,2.846432522533726,0.5142857142857142,0.882901873139964,-0.028577715971828677,0.10141324996948242
SPY,1d,19,0.1,0.25,10,30,0.25793688747409976,0.2271520129874398,0.26648330044759094,0.10780394227886068,2.471925375031909,0.22857142857142856,0.4812877121605302,-0.0004999999999999449,0.10465431213378906
SPY,1d,19,0.1,0.25,12,26,0.31591025357543223,0.5841375412537213,0.3207071266407552,0.12025420499717776,2.666909873532338,0.34285714285714286,0.676912759279591,-0.0004999999999999449,0.10587811470031738
SPY,1d,19,0.1,0.25,20,50,0.21670382416963058,0.1751355987434553,0.2904960423430751,0.13179583058969618,2.2041368155828907,0.08571428571428572,0.15872343308634043,0.0,0.09733867645263672
SPY,1d,19,0.1,0.5,8,21,0.4414124780609873,0.4148475506166054,0.42307119890941963,0.06590372862781589,6.4195335790281005,0.5714285714285714,1.0081364300795423,-0.028577715971828677,0.10959839820861816
SPY,1d,19,0.1,0.5,9,21,0.44554278597812097,0.6134639496501784,0.42157589734703926,0.07614658660270654,5.536372884927909,0.5142857142857142,0.8834676520622978,-0.028577715971828677,0.13550734519958496
SPY,1d,19,0.1,0.5,10,30,0.36369562926982124,0.022802573961953065,0.3619638847736093,0.08097340599230217,4.470157582453921,0.22857142857142856,0.48059392307887855,-0.0004999999999999449,0.10556602478027344
SPY,1d,19,0.1,0.5,12,26,0.40092210007634943,0.3997975497599586,0.398063719090105,0.0921166261042132,4.3213015491879645,0.34285714285714286,0.6761076203025509,-0.0004999999999999449,0.12132072448730469
SPY,1d,19,0.1,0.5,20,50,0.28522480818861606,-0.0268384354452873,0.34710703216265537,0.09883516358360464,3.511979133509883,0.08571428571428572,0.15877718235848784,0.0,0.10239791870117188
SPY,1d,19,0.1,0.75,8,21,0.5543709357159403,0.2559756526490502,0.5188519842292356,0.06392437593051868,8.116653102615993,0.5714285714285714,1.0074652528516086,-0.028577715971828677,0.13109421730041504
SPY,1d,19,0.1,0.75,9,21,0.5518975161812911,0.46112852585345454,0.5205785112863471,0.06301120235252962,8.261681920840989,0.5142857142857142,0.8834653904780407,-0.028577715971828677,0.1225736141204834
SPY,1d,19,0.1,0.75,10,30,0.46780381693313605,-0.15174236453588485,0.45667040972723594,0.07173746710763555,6.365856338948286,0.22857142857142856,0.48002895725694483,-0.0004999999999999449,0.1014089584350586
SPY,1d,19,0.1,0.75,12,26,0.497492159423277,0.23379996701230543,0.48423085804701793,0.08426865940337414,5.746274611170914,0.34285714285714286,0.6754572028141793,-0.0004999999999999449,0.10169863700866699
SPY,1d,19,0.1,0.75,20,50,0.3622400298018983,-0.19898101360647635,0.4130310858939861,0.08285145218323532,4.985200319488925,0.08571428571428572,0.15881554391539357,0.0,0.09390020370483398
SPY,1d,19,0.1,1.0,8,21,0.6504342724034801,0.1129425177584149,0.6017016208062738,0.06860003507426943,8.771156168576955,0.5714285714285714,1.0068889797362177,-0.028577715971828677,0.10828757286071777
SPY,1d,19,0.1,1.0,9,21,0.6436126861755671,0.320112092967914,0.6051535787992168,0.05785691958189383,10.45948493581048,0.5142857142857142,0.88339177454861,-0.028577715971828677,0.10262918472290039
SPY,1d,19,0.1,1.0,10,30,0.5559558936639216,-0.3002317121547874,0.5370733540089534,0.0675560106276122,7.950045436659268,0.22857142857142856,0.4795684697103975,-0.0004999999999999449,0.1021890640258789
SPY,1d,19,0.1,1.0,12,26,0.5814068593037116,0.08466543316740927,0.5591823914013431,0.082253878309286,6.798249552425232,0.34285714285714286,0.6749293846363726,-0.0004999999999999449,0.11499643325805664
SPY,1d,19,0.1,1.0,20,50,0.42964894926242203,-0.34494764829562274,0.4715023720797838,0.07409204566675433,6.363738075210826,0.08571428571428572,0.1588442982001789,0.0,0.0976717472076416
SPY,1d,19,0.25,0.0,8,21,0.4241172447995441,0.648527347620246,0.5654201694844659,0.32808416108452815,1.7233997752753147,0.2857142857142857,0.3781536887893798,-0.03933375711269982,0.11146187782287598
SPY,1d,19,0.25,0.0,9,21,0.6999374902769334,1.0908786855397143,0.44130632927841396,0.26932197581594575,1.6385826962000385,0.2571428571428571,0.31533041946073315,-0.03933375711269982,0.15323877334594727
SPY,1d,19,0.25,0.0,10,30,0.3173436582482056,0.4175712790364643,0.4273922995199322,0.22047266751482666,1.9385273663965186,0.05714285714285714,0.1326754796709065,-0.0004999999999999449,0.09706306457519531
SPY,1d,19,0.25,0.0,12,26,0.4544470426575253,0.6193415509859437,0.3550250651277007,0.23695317907522687,1.4982920529417707,0.11428571428571428,0.21320124918029765,-0.0004999999999999449,0.09719181060791016
SPY,1d,19,0.25,0.0,20,50,0.3287123953975997,0.39956062063708675,0.3216636900538711,0.26770380431705254,1.2015656291268526,0.02857142857142857,0.04475945606211102,0.0,0.09320592880249023
SPY,1d,19,0.25,0.25,8,21,0.31927827573406076,0.437580007212923,0.36900043217098116,0.10649091598043178,3.465088348369421,0.5714285714285714,1.008504058541305,-0.028577715971828677,0.11971426010131836
SPY,1d,19,0.25,0.25,9,21,0.37197711159707525,0.9310526536298935,0.33116540421169516,0.0986805385862221,3.3559343002808957,0.5142857142857142,0.882901873139964,-0.028577715971828677,0.09972548484802246
SPY,1d,19,0.25,0.25,10,30,0.3116250611805773,0.47168503910227,0.3121496440656357,0.12205083948427739,2.557537870158172,0.22857142857142856,0.4812877121605302,-0.0004999999999999449,0.09856152534484863
SPY,1d,19,0.25,0.25,12,26,0.2918497643560557,0.39406551614058727,0.295725123657848,0.12177100027236729,2.4285348974418746,0.34285714285714286,0.676912759279591,-0.0004999999999999449,0.09747862815856934
SPY,1d,19,0.25,0.25,20,50,0.22448827357730616,0.16264428283170496,0.2602408830125972,0.11835157176357744,2.198879821659335,0.08571428571428572,0.15872343308634043,0.0,0.09216594696044922
SPY,1d,19,0.25,0.5,8,21,0.4531392601503052,0.25083166678733226,0.47716034829361326,0.0807658978276284,5.907943341532275,0.5714285714285714,1.0081364300795423,-0.028577715971828677,0.10044550895690918
SPY,1d,19,0.25,0.5,9,21,0.4722768738344686,0.778240122439487,0.44981830879612594,0.07021679958977114,6.406135161729208,0.5142857142857142,0.8834676520622978,-0.028577715971828677,0.11821508407592773
SPY,1d,19,0.25,0.5,10,30,0.4402123373071076,0.45998693730217455,0.40335347793574805,0.09417659434796168,4.282948228574142,0.22857142857142856,0.48059392307887855,-0.0004999999999999449,0.10486245155334473
SPY,1d,19,0.25,0.5,12,26,0.39974268029684806,0.19614036407221613,0.39936672933563055,0.09418984156490738,4.240019122024131,0.34285714285714286,0.6761076203025509,-0.0004999999999999449,0.09779119491577148
SPY,1d,19,0.25,0.5,20,50,0.3099890336841623,-0.039892672262712536,0.33275410022838764,0.08354615562848704,3.9828774612691724,0.08571428571428572,0.15877718235848784,0.0,0.09305381774902344
SPY,1d,19,0.25,0.75,8,21,0.5802332267734397,0.08586735804466539,0.5880315368379682,0.07936448827611783,7.409252546203554,0.5714285714285714,1.0074652528516086,-0.028577715971828677,0.1035001277923584
SPY,1d,19,0.25,0.75,9,21,0.5840672294601739,0.632740666784267,0.5636021928706004,0.06363697224345094,8.856521185742025,0.5142857142857142,0.8834653904780407,-0.028577715971828677,0.10204458236694336
SPY,1d,19,0.25,0.75,10,30,0.5577487849208017,0.4012115429008991,0.49854754177797683,0.08471985370159758,5.884660088460181,0.22857142857142856,0.48002895725694483,-0.0004999999999999449,0.10589981079101562
SPY,1d,19,0.25,0.75,12,26,0.5089172547650579,0.022764174565900408,0.5002656602539174,0.08858572024355346,5.647249453732614,0.34285714285714286,0.6754572028141793,-0.0004999999999999449,0.10109543800354004
SPY,1d,19,0.25,0.75,20,50,0.3980180791216132,-0.21216448965186452,0.410055887316416,0.07185876528372123,5.706414321167155,0.08571428571428572,0.15881554391539357,0.0,0.10013246536254883
SPY,1d,19,0.25,1.0,8,21,0.6865281067347824,-0.0595302809746846,0.6822501623706662,0.08269929847101375,8.249769647197141,0.5714285714285714,1.0068889797362177,-0.028577715971828677,0.10510826110839844
SPY,1d,19,0.25,1.0,9,21,0.6804476139844853,0.4947590378160682,0.6590890399072334,0.06469485151647239,10.187658282814334,0.5142857142857142,0.88339177454861,-0.028577715971828677,0.11455011367797852
SPY,1d,19,0.25,1.0,10,30,0.6552369518855334,0.31040858362262447,0.5800929085012221,0.08050511826192781,7.205664944356184,0.22857142857142856,0.4795684697103975,-0.0004999999999999449,0.10942578315734863
SPY,1d,19,0.25,1.0,12,26,0.6016097857345266,-0.12863994284659896,0.5854484885112647,0.08867091225749668,6.602486357771379,0.34285714285714286,0.6749293846363726,-0.0004999999999999449,0.12046027183532715
SPY,1d,19,0.25,1.0,20,50,0.4734940304253591,-0.35790639694826576,0.47702788981696037,0.0674695123387069,7.070273272796311,0.08571428571428572,0.1588442982001789,0.0,0.10101628303527832
SPY,1d,19,0.4,0.0,8,21,0.42246560312915327,0.6419517923818101,0.5686364890407194,0.3367510710924075,1.6885959328832558,0.2857142857142857,0.3781536887893798,-0.03933375711269982,0.10736227035522461
SPY,1d,19,0.4,0.0,9,21,0.6969900174305457,1.0426800119337432,0.44433075056146754,0.287727895115838,1.5442741496530321,0.2571428571428571,0.31533041946073315,-0.03933375711269982,0.10853815078735352
SPY,1d,19,0.4,0.0,10,30,0.2328298382547557,0.255805808959757,0.4925284212884673,0.27876752391101683,1.7668070311005215,0.05714285714285714,0.1326754796709065,-0.0004999999999999449,0.10142779350280762
SPY,1d,19,0.4,0.0,12,26,0.4541629852881017,0.6098341497005344,0.3180763362562683,0.2497112471231847,1.2737765716229774,0.11428571428571428,0.21320124918029765,-0.0004999999999999449,0.10084962844848633
SPY,1d,19,0.4,0.0,20,50,0.39528850665878695,0.4647543813787991,0.3796505503740954,0.2843219943297945,1.3352837907211854,0.02857142857142857,0.04475945606211102,0.0,0.09212708473205566
SPY,1d,19,0.4,0.25,8,21,0.32857776596435045,0.43051988921991224,0.3833724017530099,0.10450726999356298,3.668380216769832,0.5714285714285714,1.008504058541305,-0.028577715971828677,0.10129117965698242
SPY,1d,19,0.4,0.25,9,21,0.4161794514378579,1.3456764296714079,0.34006327097017525,0.09999852476976578,3.4006828776037326,0.5142857142857142,0.882901873139964,-0.028577715971828677,0.10051703453063965
SPY,1d,19,0.4,0.25,10,30,0.2945254823912096,0.2640564814050732,0.3279924830119275,0.12486759689492852,2.6267221534496343,0.22857142857142856,0.4812877121605302,-0.0004999999999999449,0.09865140914916992
SPY,1d,19,0.4,0.25,12,26,0.3009865186835892,0.38426605286362703,0.2835502824865512,0.11340075554329088,2.500426748729249,0.34285714285714286,0.676912759279591,-0.0004999999999999449,0.10417914390563965
SPY,1d,19,0.4,0.25,20,50,0.24537368660229927,0.22594964859911193,0.2874211103985759,0.14380070497343359,1.9987461845313998,0.08571428571428572,0.15872343308634043,0.0,0.10691070556640625
SPY,1d,19,0.4,0.5,8,21,0.47739540501703004,0.24357462288370302,0.5149763631259747,0.0768886032259718,6.69769434635826,0.5714285714285714,1.0081364300795423,-0.028577715971828677,0.11181282997131348
SPY,1d,19,0.4,0.5,9,21,0.5316565344415303,1.5794106539696386,0.4711467640848387,0.07133247365127107,6.6049407789805885,0.5142857142857142,0.8834676520622978,-0.028577715971828677,0.10552096366882324
SPY,1d,19,0.4,0.5,10,30,0.4538058681927805,0.2155134477592422,0.42061613318542584,0.08910551633425444,4.720427539049345,0.22857142857142856,0.48059392307887855,-0.0004999999999999449,0.09878897666931152
SPY,1d,19,0.4,0.5,12,26,0.42648083147129906,0.1865070746131341,0.40537465365579034,0.08862772078094311,4.573903628388859,0.34285714285714286,0.6761076203025509,-0.0004999999999999449,0.09722232818603516
SPY,1d,19,0.4,0.5,20,50,0.33972697139232283,0.021406821835022516,0.36033657839451794,0.0980742974830054,3.6741183739496894,0.08571428571428572,0.15877718235848784,0.0,0.09322142601013184
SPY,1d,19,0.4,0.75,8,21,0.6149529508656204,0.07863582680904857,0.6414579941223921,0.07059102478329751,9.08696248696714,0.5714285714285714,1.0074652528516086,-0.028577715971828677,0.10266637802124023
SPY,1d,19,0.4,0.75,9,21,0.6517944875108318,1.7504619366390615,0.5936782762444315,0.06655863468329548,8.919628220580515,0.5142857142857142,0.8834653904780407,-0.028577715971828677,0.10167837142944336
SPY,1d,19,0.4,0.75,10,30,0.589893595109602,0.13046400714595108,0.5194803685453616,0.07707736673802175,6.739726466149569,0.22857142857142856,0.48002895725694483,-0.0004999999999999449,0.10087299346923828
SPY,1d,19,0.4,0.75,12,26,0.5475419044931727,0.013622768160621579,0.5174549653530446,0.08405363861331769,6.156247057114998,0.34285714285714286,0.6754572028141793,-0.0004999999999999449,0.10259079933166504
SPY,1d,19,0.4,0.75,20,50,0.4358700000631187,-0.15309503004251523,0.4405932075703687,0.08017403793904479,5.495459863270771,0.08571428571428572,0.15881554391539357,0.0,0.09363126754760742
SPY,1d,19,0.4,1.0,8,21,0.7292001349994873,-0.06656855034864229,0.7472707812435291,0.06979978283062567,10.705918427523432,0.5714285714285714,1.0068889797362177,-0.028577715971828677,0.1037132740020752
SPY,1d,19,0.4,1.0,9,21,0.7537547130849958,1.865365537044378,0.6957806374307586,0.06918552425490417,10.0567372282568,0.5142857142857142,0.88339177454861,-0.028577715971828677,0.10468077659606934
SPY,1d,19,0.4,1.0,10,30,0.7008394511098137,0.024195465503080715,0.6043932967774927,0.0718877979771281,8.407453194905024,0.22857142857142856,0.4795684697103975,-0.0004999999999999449,0.09656977653503418
SPY,1d,19,0.4,1.0,12,26,0.6491687646829388,-0.1370712415614599,0.610688578123174,0.0846124930921251,7.217475290064594,0.34285714285714286,0.6749293846363726,-0.0004999999999999449,0.11593961715698242
SPY,1d,19,0.4,1.0,20,50,0.5178524608647276,-0.30134779972551284,0.5103220345948566,0.07199843842989659,7.087959763068288,0.08571428571428572,0.1588442982001789,0.0,0.10038447380065918
SPY,1d,19,0.55,0.0,8,21,0.5263858848561077,0.8861153744466035,0.5845073010780862,0.2552226187822468,2.2901861279653337,0.2857142857142857,0.27170115436677306,-0.05050265156045586,0.11056685447692871
SPY,1d,19,0.55,0.0,9,21,0.8724047798571134,1.438295087126153,0.5293862731729762,0.27107315533802995,1.9529276977383765,0.2571428571428571,0.28023520219876724,-0.03933375711269982,0.10929632186889648
SPY,1d,19,0.55,0.0,10,30,0.3170082037761286,0.4044517516651147,0.5063406568881023,0.27956232943358345,1.811190577478699,0.05714285714285714,0.1326754796709065,-0.0004999999999999449,0.10580253601074219
SPY,1d,19,0.55,0.0,12,26,0.5905584053628352,0.8520045425296852,0.3438319393554553,0.28927452108668855,1.1886008420783702,0.11428571428571428,0.21320124918029765,-0.0004999999999999449,0.1115868091583252
SPY,1d,19,0.55,0.0,20,50,0.5378512099862964,0.6941289573331026,0.3467747768514234,0.3650840067225798,0.9498492688422003,0.02857142857142857,0.04475945606211102,0.0,0.11834526062011719
SPY,1d,19,0.55,0.25,8,21,0.3722941531998547,0.6971138660040708,0.40519684974985426,0.07563274014800449,5.357426545130205,0.7714285714285715,1.4272278954844275,-0.0035077470803462907,0.10472583770751953
SPY,1d,19,0.55,0.25,9,21,0.4640445692117405,1.927451962058289,0.3641571641507081,0.08051718680599299,4.5227258750128545,0.7428571428571429,1.425959709490897,0.0,0.11171483993530273
SPY,1d,19,0.55,0.25,10,30,0.32856533488423123,0.4519246865731732,0.3292496516198561,0.11051462774410323,2.979240471064465,0.45714285714285713,0.931672869338244,-0.0004999999999999449,0.1042931079864502
SPY,1d,19,0.55,0.25,12,26,0.3472535379933884,0.6488420485672879,0.3004984085989402,0.11214145150947465,2.679637230962287,0.4857142857142857,0.9570069949976895,-0.0004999999999999449,0.10464096069335938
SPY,1d,19,0.55,0.25,20,50,0.29203052863765894,0.4753008549862161,0.2842605086585482,0.16150978666028185,1.7600203339780212,0.11428571428571428,0.21431848581854587,0.0,0.10298013687133789
SPY,1d,19,0.55,0.5,8,21,0.5276990429601953,0.5223652624272823,0.5504812262583547,0.061313353303594095,8.978162122900663,0.7714285714285715,1.443056925877128,-0.017886704148523003,0.1214456558227539
SPY,1d,19,0.55,0.5,9,21,0.5848945437544893,2.366206948047323,0.49645867592071047,0.06627390608351909,7.4910127568921006,0.7428571428571429,1.4307788190309252,0.0,0.11629509925842285
SPY,1d,19,0.55,0.5,10,30,0.48706304719814847,0.43331333408043315,0.42988388356687485,0.08309193095613245,5.173593616374467,0.45714285714285713,0.932129714331463,-0.0004999999999999449,0.11291623115539551
SPY,1d,19,0.55,0.5,12,26,0.47594124142490124,0.4632106303894401,0.4304731723488726,0.08391005985868667,5.130173581973777,0.4857142857142857,0.9571575804930256,-0.0004999999999999449,0.11704111099243164
SPY,1d,19,0.55,0.5,20,50,0.36954266182404194,0.2808478474713716,0.3715711548283311,0.10705624184753776,3.4708032751373574,0.11428571428571428,0.21462958557828893,0.0,0.09599733352661133
SPY,1d,19,0.55,0.75,8,21,0.6735640073774743,0.3614067140715955,0.6874920006653913,0.06429805359071847,10.69226768576136,0.7714285714285715,1.450748926771823,-0.032265661216699826,0.10159826278686523
SPY,1d,19,0.55,0.75,9,21,0.7133425817471613,2.754001600703354,0.6237138776806567,0.07178944244092539,8.688100317729907,0.7428571428571429,1.431836023116305,0.0,0.09955072402954102
SPY,1d,19,0.55,0.75,10,30,0.6260421447504908,0.36793531596732043,0.5344741713213799,0.07539655246981838,7.088840985605178,0.45714285714285713,0.9323806183208105,-0.0004999999999999449,0.0968787670135498
SPY,1d,19,0.55,0.75,12,26,0.6030724960677665,0.2941335131091689,0.5488672771252034,0.07808040153255259,7.0295140182696745,0.4857142857142857,0.9571851312285032,-0.0004999999999999449,0.09682822227478027
SPY,1d,19,0.55,0.75,20,50,0.45950205311658265,0.10851641393559719,0.46014454176367786,0.0831613997094974,5.533150516598716,0.11428571428571428,0.21485192337309597,0.0,0.09210491180419922
SPY,1d,19,0.55,1.0,8,21,0.7950140135013052,0.21370195796560632,0.8015461949554205,0.07017426582961438,11.42222416550254,0.7714285714285715,1.4559113555129506,-0.04664461828487665,0.10152149200439453
SPY,1d,19,0.55,1.0,9,21,0.8226743547616047,3.090856865224019,0.7303276437100809,0.07991222446305624,9.139122939165764,0.7428571428571429,1.4321140652090196,0.0,0.1006472110748291
SPY,1d,19,0.55,1.0,10,30,0.7399916570924685,0.27132140715801456,0.6237245871037291,0.0726946135902125,8.580066064037881,0.45714285714285713,0.9325287602717558,-0.0004999999999999449,0.0970461368560791
SPY,1d,19,0.55,1.0,12,26,0.710158998045713,0.14062706317928564,0.6469955138065218,0.07812190144722492,8.281871047949315,0.4857142857142857,0.957163231787763,-0.0004999999999999449,0.09644746780395508
SPY,1d,19,0.55,1.0,20,50,0.5380226463643045,-0.04378730990788826,0.5357102288303937,0.07001883063181527,7.650945095717962,0.11428571428571428,0.21501874334434323,0.0,0.0912320613861084
SPY,1d,19,0.7,0.0,8,21,0.7503366744500773,1.0591602930919435,0.597422380914449,0.32434557517684637,1.8419316514144215,0.2571428571428571,0.1657266783203562,-0.059824241338366835,0.09949016571044922
SPY,1d,19,0.7,0.0,9,21,0.6645052724171051,0.9093202436731567,0.5058394094949421,0.240709965550838,2.101447725013731,0.22857142857142856,0.2022775491144221,-0.059824241338366835,0.10119128227233887
SPY,1d,19,0.7,0.0,10,30,0.2727065759612145,0.31596702753881956,0.5603717811401906,0.3182271305049389,1.7609176824459774,0.05714285714285714,0.1326754796709065,-0.0004999999999999449,0.09568047523498535
SPY,1d,19,0.7,0.0,12,26,0.5150416307078544,0.6417661608971716,0.4496848708756672,0.2654358880186516,1.694137421402749,0.11428571428571428,0.21320124918029765,-0.0004999999999999449,0.09676480293273926
SPY,1d,19,0.7,0.0,20,50,0.4966089629153222,0.6196956104893447,0.3873807240501905,0.36203576903162654,1.0700067705640153,0.02857142857142857,0.04475945606211102,0.0,0.09183144569396973
SPY,1d,19,0.7,0.25,8,21,0.4416767515614913,1.366371108504357,0.40195778275064586,0.07332892905849832,5.481571705894997,0.7714285714285715,1.3272492678992844,-0.012174095475227631,0.10064077377319336
SPY,1d,19,0.7,0.25,9,21,0.42126018484760724,1.1488528794709878,0.36205140242118966,0.05916360658831201,6.119495130520225,0.7428571428571429,1.310815162490827,-0.012174095475227631,0.09991121292114258
SPY,1d,19,0.7,0.25,10,30,0.3180967614364411,0.3361098061545684,0.34719977483140607,0.09918497886708913,3.5005277895624123,0.45714285714285713,0.931672869338244,-0.0004999999999999449,0.10198426246643066
SPY,1d,19,0.7,0.25,12,26,0.33353360115726827,0.4170379489549054,0.3442361272661999,0.0864815101924352,3.9804592507718635,0.4857142857142857,0.9570069949976895,-0.0004999999999999449,0.1065211296081543
SPY,1d,19,0.7,0.25,20,50,0.28478199532020654,0.3954195373240028,0.3015966241008159,0.15322882512171357,1.968276033319775,0.11428571428571428,0.21431848581854587,0.0,0.10724949836730957
SPY,1d,19,0.7,0.5,8,21,0.6162617727379297,1.6027016129872353,0.5635806530381021,0.05493331857161863,10.25935930492422,0.7714285714285715,1.3695984828118828,-0.019375416472445894,0.11805129051208496
SPY,1d,19,0.7,0.5,9,21,0.5933762662982704,1.3125087308757566,0.516501350192103,0.05589448102680282,9.240650252113934,0.7428571428571429,1.3426598948042745,-0.019375416472445894,0.1023247241973877
SPY,1d,19,0.7,0.5,10,30,0.4907418948299775,0.2943461909841327,0.46428851272520477,0.07014734236906736,6.618761267995529,0.45714285714285713,0.932129714331463,-0.0004999999999999449,0.09681558609008789
SPY,1d,19,0.7,0.5,12,26,0.49622887475805993,0.21865654309261018,0.47892510729758725,0.07625662307237963,6.280439494980146,0.4857142857142857,0.9571575804930256,-0.0004999999999999449,0.0965127944946289
SPY,1d,19,0.7,0.5,20,50,0.3812049081592118,0.19884852106795847,0.39262811625420413,0.097845322882354,4.012742813739674,0.11428571428571428,0.21462958557828893,0.0,0.09196686744689941
SPY,1d,19,0.7,0.75,8,21,0.7776013702917788,1.7743144209328396,0.7135264970506129,0.0605234792748396,11.789251140213864,0.7714285714285715,1.397815627700967,-0.032265661216699826,0.10137486457824707
SPY,1d,19,0.7,0.75,9,21,0.7509735499107079,1.4094290924008637,0.658918053137221,0.06799233862452451,9.691063235462124,0.7428571428571429,1.3644347004907698,-0.026576737469663825,0.1002206802368164
SPY,1d,19,0.7,0.75,10,30,0.6383964516895868,0.21119692928321943,0.5817027578062781,0.06399841960792495,9.089330039241245,0.45714285714285713,0.9323806183208105,-0.0004999999999999449,0.09717011451721191
SPY,1d,19,0.7,0.75,12,26,0.6437056848000421,0.04414768024892757,0.6044299513662248,0.0782560336647478,7.723748867156091,0.4857142857142857,0.9571851312285032,-0.0004999999999999449,0.09857439994812012
SPY,1d,19,0.7,0.75,20,50,0.4822542194207378,0.02699596139829219,0.4855617332519354,0.07521456755325674,6.455687362798789,0.11428571428571428,0.21485192337309597,0.0,0.09267473220825195
SPY,1d,19,0.7,1.0,8,21,0.9110423249106129,1.8875301321055513,0.8378912534978074,0.06920192507677919,12.107918277824947,0.7714285714285715,1.4190611273346958,-0.04664461828487665,0.10371899604797363
SPY,1d,19,0.7,1.0,9,21,0.8811258774337347,1.4485405596450627,0.7770519052344989,0.07973168847873392,9.745835314170659,0.7428571428571429,1.3808875676067682,-0.033778058466881755,0.10444259643554688
SPY,1d,19,0.7,1.0,10,30,0.7586883030253815,0.10267507470013482,0.6809487876036551,0.06311150377688104,10.789614362716225,0.45714285714285713,0.9325287602717558,-0.0004999999999999449,0.1024022102355957
SPY,1d,19,0.7,1.0,12,26,0.7655431149556201,-0.10881357510570422,0.7087627595344015,0.08153877711329001,8.69233982439602,0.4857142857142857,0.957163231787763,-0.0004999999999999449,0.10680556297302246
SPY,1d,19,0.7,1.0,20,50,0.568692784207267,-0.12285471884772547,0.5647574669138724,0.0643474526194307,8.776687249051024,0.11428571428571428,0.21501874334434323,0.0,0.10002756118774414
SPY,1d,19,0.85,0.0,8,21,0.7321055695510255,1.0378333234085035,0.7345864622205279,0.26460360068173444,2.7761771205225942,0.4,0.366314536106696,-0.06703497546972159,0.15346217155456543
SPY,1d,19,0.85,0.0,9,21,0.7175470696023076,1.0143598808511887,0.6415670343210411,0.34442307413254897,1.8627295396421037,0.37142857142857144,0.24747873428857256,-0.0616552430139673,0.11352753639221191
SPY,1d,19,0.85,0.0,10,30,0.5467365217902422,0.6795503752200649,0.6043267006531687,0.2796647903531371,2.1608966215950027,0.2,0.15593776701387368,-0.03448407528227637,0.10645627975463867
SPY,1d,19,0.85,0.0,12,26,0.6121929981559652,0.7961627568739953,0.5504285857376396,0.2927679381905695,1.8800849202939456,0.2571428571428571,0.19628299897505197,-0.05119445502286035,0.10283637046813965
SPY,1d,19,0.85,0.0,20,50,0.4226871334433686,0.4970011561935619,0.4458842701717927,0.35681685403202756,1.2496166174139591,0.08571428571428572,0.07948387740079925,-0.0004999999999999449,0.09773945808410645
SPY,1d,19,0.85,0.25,8,21,0.4584147582155846,1.323236757345882,0.4494723029725954,0.05008235987095363,8.97466301769212,0.8285714285714286,1.3316177504505347,-0.018843441421779183,0.13298654556274414
SPY,1d,19,0.85,0.25,9,21,0.44926003834015166,1.2831714892866537,0.41078429270338923,0.06421048554503073,6.39746435829872,0.8,1.3046642274084865,-0.018843441421779183,0.11071610450744629
SPY,1d,19,0.85,0.25,10,30,0.3927286521905242,0.8188733779190986,0.3735308976367403,0.06292101800375646,5.936504358757197,0.5142857142857142,0.870820497296488,0.0,0.10814571380615234
SPY,1d,19,0.85,0.25,12,26,0.36801585614926824,0.5844233884419947,0.3740186166203477,0.0778788464976132,4.8025700615867555,0.5428571428571428,0.8806504362658202,-0.0032296037089206697,0.10311460494995117
SPY,1d,19,0.85,0.25,20,50,0.2743341091979225,0.26396966130322674,0.30878531637326306,0.13116499079386856,2.354174803080896,0.22857142857142856,0.3755866734419248,-0.009017591094521493,0.10182619094848633
SPY,1d,19,0.85,0.5,8,21,0.6667855988247438,1.5351219645646275,0.6300309553018318,0.04520999044916719,13.935657783653383,0.8285714285714286,1.4064441363646256,-0.0259961424134042,0.1086587905883789
SPY,1d,19,0.85,0.5,9,21,0.6477718975829156,1.474130328291154,0.5805145828626193,0.04413391533112271,13.153480231862577,0.8,1.3755345812074635,-0.0259961424134042,0.10794329643249512
SPY,1d,19,0.85,0.5,10,30,0.5747716415766776,0.8829661085347174,0.5159722465564109,0.050805646122938274,10.15580522896754,0.5142857142857142,0.8961220309181789,-0.0008272525093108163,0.10546588897705078
SPY,1d,19,0.85,0.5,12,26,0.5442538275074069,0.3924267183479999,0.5237380050025993,0.06259491431092483,8.36710155718178,0.5428571428571428,0.91647386909327,-0.009015779444240035,0.10933494567871094
SPY,1d,19,0.85,0.5,20,50,0.3973025959195696,0.06403449726112176,0.40569772581233077,0.09183259159312963,4.417796762284586,0.22857142857142856,0.3819991596996002,-0.017535182189043153,0.09894084930419922
SPY,1d,19,0.85,0.75,8,21,0.8521070220253371,1.6812408180410174,0.7973566219846167,0.0588133781091429,13.557402203711584,0.8285714285714286,1.459546807988851,-0.03314884340502966,0.10932064056396484
SPY,1d,19,0.85,0.75,9,21,0.8256268163652862,1.5956071451805394,0.7382399574964777,0.056805284232683106,12.995973305450498,0.8,1.4243585391525395,-0.03314884340502966,0.11659073829650879
SPY,1d,19,0.85,0.75,10,30,0.7362408000293827,0.8870325065165365,0.6526485786468491,0.05453591613834994,11.96731667606301,0.5142857142857142,0.9161563939812201,-0.005818775446735036,0.11391210556030273
SPY,1d,19,0.85,0.75,12,26,0.7041452376645372,0.21908328671750543,0.6635701108360657,0.0631284770433119,10.511422766951846,0.5428571428571428,0.9428218072430324,-0.014801955179559734,0.11304736137390137
SPY,1d,19,0.85,0.75,20,50,0.5137722130732552,-0.10703143652810465,0.504961408797203,0.0790167151438106,6.390564425238027,0.22857142857142856,0.3870780963723132,-0.02605277328356448,0.10465121269226074
SPY,1d,19,0.85,1.0,8,21,1.0040446935736955,1.769261567896708,0.9359349689398796,0.07161882136858963,13.068282206475395,0.8285714285714286,1.5005342178504268,-0.04030154439665512,0.11082267761230469
SPY,1d,19,0.85,1.0,9,21,0.9717391643300487,1.656091563977912,0.8690939506060007,0.07075563701732468,12.283034783408155,0.8,1.4616609467173847,-0.04030154439665512,0.10935020446777344
SPY,1d,19,0.85,1.0,10,30,0.8686651021494983,0.8444292432409766,0.7669133481058626,0.05971644279813788,12.842582581455725,0.5142857142857142,0.932194732314926,-0.010810298384159256,0.1030428409576416
SPY,1d,19,0.85,1.0,12,26,0.8361085529692095,0.06324606819480194,0.7797689665522284,0.06618188650367404,11.782211232509065,0.5428571428571428,0.963348674118184,-0.0205881309148791,0.10565590858459473
SPY,1d,19,0.85,1.0,20,50,0.6112135876609552,-0.25298092872275546,0.5894429168477733,0.07356172547012758,8.012902267866705,0.22857142857142856,0.3911503437513781,-0.03457036437808614,0.10208630561828613
SPY,1d,19,1.0,0.0,8,21,0.670288311872445,0.9151808998343627,0.7625893921237366,0.2209403603219178,3.4515621818151163,0.37142857142857144,0.3228221221142232,-0.06703497546972159,0.11048746109008789
SPY,1d,19,1.0,0.0,9,21,0.6773568057365128,0.9364843770468145,0.7667787386964264,0.19774356316889258,3.8776419642116062,0.34285714285714286,0.2571280943121999,-0.0616552430139673,0.11178159713745117
SPY,1d,19,1.0,0.0,10,30,0.7138259798582506,1.023900487686392,0.7455477111396488,0.1484620746974424,5.021805822524266,0.2,0.15593776701387368,-0.03448407528227637,0.1063835620880127
SPY,1d,19,1.0,0.0,12,26,0.673296831195361,0.9310194046491911,0.7291346790944212,0.1447543995780798,5.037046757954528,0.22857142857142856,0.19261037743856677,-0.03448407528227637,0.1066293716430664
SPY,1d,19,1.0,0.0,20,50,0.5822548066325546,0.8018790356813963,0.5716659650301992,0.2562524530561815,2.2308702149472324,0.08571428571428572,0.07948387740079925,-0.0004999999999999449,0.10312795639038086
SPY,1d,19,1.0,0.25,8,21,0.45911363879076306,1.1500857843494274,0.4657928080861091,0.041495414869211614,11.225163299468871,0.8285714285714286,1.2956928634304337,-0.029449950183139895,0.11024737358093262
SPY,1d,19,1.0,0.25,9,21,0.45130413775170314,1.1790993083417383,0.4481561650444551,0.029601162360439283,15.139816456782018,0.8,1.2967762285206412,-0.029449950183139895,0.10908794403076172
SPY,1d,19,1.0,0.25,10,30,0.4349599549718048,1.3020348161805253,0.41861399023048607,0.03664108842296984,11.424714937454265,0.5142857142857142,0.870820497296488,0.0,0.10300874710083008
SPY,1d,19,1.0,0.25,12,26,0.4274056433933056,1.171033921083386,0.4148664080930777,0.03256155759088133,12.740987802415772,0.5428571428571428,0.915091318695791,0.0,0.1067662239074707
SPY,1d,19,1.0,0.25,20,50,0.33217921664499017,0.5977728603853985,0.3513446873668269,0.07937730749520383,4.426261087125637,0.22857142857142856,0.3755866734419248,-0.009017591094521493,0.10861659049987793
SPY,1d,19,1.0,0.5,8,21,0.6882754697597171,1.310515744379975,0.6701087316158707,0.03864081375559046,17.341993257554545,0.8285714285714286,1.39251286701544,-0.04705451553188289,0.10445475578308105
SPY,1d,19,1.0,0.5,9,21,0.6663901918549596,1.34683156826781,0.6342095069435789,0.036357266192526785,17.443817243716204,0.8,1.383811436853909,-0.04705451553188289,0.12092900276184082
SPY,1d,19,1.0,0.5,10,30,0.6065623219673694,1.505835254620814,0.5656138017247405,0.03963447387929361,14.270753371100918,0.5142857142857142,0.8961220309181789,-0.0008272525093108163,0.10641908645629883
SPY,1d,19,1.0,0.5,12,26,0.6066022029117843,1.3360402347936993,0.5710897086696377,0.038023877751666685,15.01923902657733,0.5428571428571428,0.9501427585871639,-0.0008272525093108163,0.10673642158508301
SPY,1d,19,1.0,0.5,20,50,0.44817166378488543,0.4142351005231537,0.45050516362210286,0.05854359525504235,7.69520835984703,0.22857142857142856,0.3819991596996002,-0.017535182189043153,0.09853768348693848
SPY,1d,19,1.0,0.75,8,21,0.887059023913568,1.4067014732129604,0.854742665736136,0.049238434649106315,17.35925749523497,0.8285714285714286,1.4645820635858582,-0.06450443647638315,0.1105501651763916
SPY,1d,19,1.0,0.75,9,21,0.8552996178833527,1.449541642040654,0.8064843596997575,0.05295223978587372,15.230410705212636,0.8,1.4466561750097082,-0.06450443647638315,0.10744881629943848
SPY,1d,19,1.0,0.75,10,30,0.7656125698516649,1.6436922995876868,0.70968203480013,0.04879805839818776,14.543243278435149,0.5142857142857142,0.9161563939812201,-0.005818775446735036,0.10575556755065918
SPY,1d,19,1.0,0.75,12,26,0.769794641853661,1.4362675778000598,0.720791101744495,0.045540193795737545,15.827580905287219,0.5428571428571428,0.9757754438910031,-0.005818775446735036,0.11420631408691406
SPY,1d,19,1.0,0.75,20,50,0.5654528395523913,0.2494831406650233,0.5552590812512189,0.057296119652722015,9.691041638015006,0.22857142857142856,0.3870780963723132,-0.02605277328356448,0.10190606117248535
SPY,1d,19,1.0,1.0,8,21,1.0491001774955746,1.4482590875076657,1.0067285737827492,0.059327805892798346,16.968916322337034,0.8285714285714286,1.5209501960897038,-0.08179971301664113,0.10987186431884766
SPY,1d,19,1.0,1.0,9,21,1.0097667751233192,1.4966071179728848,0.9491498040135757,0.0660909940204369,14.36125780949937,0.8,1.4954665274222823,-0.08179971301664113,0.10992813110351562
SPY,1d,19,1.0,1.0,10,30,0.8972633461269143,1.723785598631749,0.8304989710579905,0.05644270982970169,14.714016629672152,0.5142857142857142,0.932194732314926,-0.010810298384159256,0.10358047485351562
SPY,1d,19,1.0,1.0,12,26,0.904357579924198,1.4813272819461503,0.8457360976000166,0.05134832256679974,16.47056915052652,0.5428571428571428,0.995615467945668,-0.010810298384159256,0.10662031173706055
SPY,1d,19,1.0,1.0,20,50,0.6647943585134124,0.10185821127108685,0.6447449345282733,0.06009208046044819,10.729282953560508,0.22857142857142856,0.3911503437513781,-0.03457036437808614,0.10073113441467285
