ticker,timeframe,n_mu,x_zero,bear_alloc,fast_period,slow_period,in_sample_sharpe,in_sample_return,mc_sharpe_mean,mc_sharpe_std,mc_robust_sharpe,wf_pos_sharpe_frac,wf_mean_sharpe,wf_worst_return,runtime_s
SPY,1d,1,0.0,0.0,8,21,0.5895738224053615,0.776438465372191,0.6581655806083634,0.10268967689653524,6.409267226261669,0.4,0.2613038747954962,-0.08748213096749136,0.0943906307220459
SPY,1d,1,0.0,0.0,9,21,0.5983927409572133,0.7864703466402905,0.5468973850393196,0.13963628846572712,3.916584943988627,0.3142857142857143,0.12513309535799713,-0.09025210428549679,0.08668184280395508
SPY,1d,1,0.0,0.0,10,30,0.4631853524098727,0.5647306554418512,0.40553707554393964,0.3429096034926961,1.1826355150551433,0.17142857142857143,0.057895424716821506,-0.05426389587111469,0.09229731559753418
SPY,1d,1,0.0,0.0,12,26,0.5198288091636375,0.659951271575997,0.38656162473797984,0.2959629900936156,1.3061147429808948,0.2,0.11341966214217433,-0.05426389587111469,0.07991218566894531
SPY,1d,1,0.0,0.0,20,50,0.7510367485495627,1.1819716501258042,0.7467950875820898,0.10581379931984693,7.0576341874345445,0.02857142857142857,-0.0690750319085914,-0.0048701934014824255,0.09011411666870117
SPY,1d,1,0.0,0.25,8,21,0.42638644934593944,0.9543492411803174,0.4582970830470652,0.029417317469559428,15.579159572292875,0.8285714285714286,1.354317392151336,-0.022287746774074635,0.08808517456054688
SPY,1d,1,0.0,0.25,9,21,0.4285307363207027,0.9679854014583287,0.4372661429104644,0.019079585063324054,22.918011133848196,0.8,1.2803870388081762,-0.015324186939538631,0.08694767951965332
SPY,1d,1,0.0,0.25,10,30,0.34141926810371365,0.3382907086510065,0.3991588261347812,0.05329744065148577,7.4892681760255195,0.5142857142857142,0.9474221133646493,-0.01435668020324754,0.08217906951904297
SPY,1d,1,0.0,0.25,12,26,0.3474554907643492,0.4404482410410606,0.3854506384402506,0.05684725290429144,6.780462005599442,0.5428571428571428,0.9659854535320404,-0.01435668020324754,0.08299612998962402
SPY,1d,1,0.0,0.25,20,50,0.37850109823774863,1.0300783169356729,0.4812495270095155,0.0437878866532003,10.990471653062588,0.17142857142857143,0.21631321828128805,-0.0048701934014824255,0.0806875228881836
SPY,1d,1,0.0,0.5,8,21,0.6335217943274949,1.0559016289749068,0.6512264590947574,0.04095595275166364,15.900654614079377,0.8285714285714286,1.4495279538122257,-0.029567907803991544,0.09810948371887207
SPY,1d,1,0.0,0.5,9,21,0.6357333138085992,1.0729821792671257,0.6405240132878325,0.04576502768803811,13.995927581515485,0.8,1.3693212318497434,-0.02154240961562337,0.08742547035217285
SPY,1d,1,0.0,0.5,10,30,0.5282814084160677,0.14045922431897062,0.5785203647583202,0.0445553537749312,12.984306390668166,0.5142857142857142,0.9744835861775,-0.023843167005012655,0.0859076976776123
SPY,1d,1,0.0,0.5,12,26,0.5218047204788201,0.2455495381043553,0.5602997263448988,0.051135431543760934,10.957172149127219,0.5428571428571428,1.0036738398955216,-0.023843167005012655,0.08363723754882812
SPY,1d,1,0.0,0.5,20,50,0.46542138715088277,0.8852486927517513,0.5544279755659696,0.04715819193245418,11.756769139073233,0.17142857142857143,0.21638372293992053,-0.0048701934014824255,0.08152174949645996
SPY,1d,1,0.0,0.75,8,21,0.8140719546741082,1.0949242488528288,0.8229831271619951,0.05210658396762885,15.794225306983707,0.8285714285714286,1.5150485891973904,-0.036848068833908454,0.0905306339263916
SPY,1d,1,0.0,0.75,9,21,0.8161614569615868,1.1151520781587165,0.8166497645327182,0.06138937793984001,13.302786116077176,0.8,1.4300964889772303,-0.02776063229170833,0.09145307540893555
SPY,1d,1,0.0,0.75,10,30,0.6915472900557724,-0.03169214128050868,0.7350897217241983,0.05704309463873655,12.886568065418686,0.5142857142857142,0.98896740900016,-0.03332965380677777,0.0867152214050293
SPY,1d,1,0.0,0.75,12,26,0.6776008419220694,0.07318240890378758,0.7125292430268185,0.058087600007570794,12.266460362176293,0.5428571428571428,1.0272322581533238,-0.03332965380677777,0.08758378028869629
SPY,1d,1,0.0,0.75,20,50,0.567519571868909,0.7474851280029782,0.6436534742677924,0.05158433410198598,12.477692800981838,0.17142857142857143,0.21643009566505042,-0.0048701934014824255,0.08209562301635742
SPY,1d,1,0.0,1.0,8,21,0.9615711440032649,1.0837070947270524,0.9638764707539709,0.060858612896336116,15.837963188477458,0.8285714285714286,1.5650587283183652,-0.04412822986382492,0.08744144439697266
SPY,1d,1,0.0,1.0,9,21,0.9635145567074186,1.1067038306536792,0.960226252461004,0.07253172792135262,13.23870642516877,0.8,1.476458844178309,-0.03505351237444154,0.0860588550567627
SPY,1d,1,0.0,1.0,10,30,0.8252357450719203,-0.180904262251241,0.8630396261412034,0.06854338678046924,12.591143605222584,0.5142857142857142,0.9991377909480259,-0.042816140608542885,0.08602738380432129
SPY,1d,1,0.0,1.0,12,26,0.8058671664119059,-0.07865862131368617,0.8368610531811098,0.06471092902796553,12.932298542947068,0.5428571428571428,1.044536752418806,-0.042816140608542885,0.0781869888305664
SPY,1d,1,0.0,1.0,20,50,0.6565610805169771,0.6167514527630524,0.7216149391288043,0.05467533920711123,13.198179464334242,0.17142857142857143,0.2164627024293782,-0.0048701934014824255,0.07680201530456543
SPY,1d,1,0.1,0.0,8,21,0.5891746163084945,0.7750553842025529,0.6937542275664801,0.10013636439424346,6.928094821129355,0.4,0.2654328740249742,-0.08748213096749136,0.08444476127624512
SPY,1d,1,0.1,0.0,9,21,0.6117544198429747,0.8106966260188693,0.5664419376657659,0.17072469128366702,3.3178676933414173,0.3142857142857143,0.1290717458484978,-0.09025210428549679,0.0890798568725586
SPY,1d,1,0.1,0.0,10,30,0.5214957647440902,0.6614582921485963,0.4051458290971797,0.35171255558660874,1.1519231334276694,0.17142857142857143,0.057895424716821506,-0.05426389587111469,0.08482718467712402
SPY,1d,1,0.1,0.0,12,26,0.5343353593358652,0.6854337132952184,0.40727293347219284,0.3260367488457354,1.249162663147811,0.2,0.11341966214217433,-0.05426389587111469,0.08614635467529297
SPY,1d,1,0.1,0.0,20,50,0.71654512049223,1.0968103187528477,0.7209695222401298,0.11995013483733674,6.010577005335007,0.02857142857142857,-0.0690750319085914,-0.0048701934014824255,0.09598517417907715
SPY,1d,1,0.1,0.25,8,21,0.42858443482958924,0.9526417397886875,0.4656497830168441,0.03304862738857247,14.089837303737951,0.8285714285714286,1.354535113312652,-0.022287746774074635,0.08577752113342285
SPY,1d,1,0.1,0.25,9,21,0.43065894291203405,1.0013590556989747,0.4413043062913822,0.011927669673396056,36.998367524855645,0.8,1.2835882635938236,-0.015324186939538631,0.08532977104187012
SPY,1d,1,0.1,0.25,10,30,0.35432763048317234,0.4434635169004404,0.399179633669294,0.05252591899585512,7.599669673571894,0.5142857142857142,0.9474221133646493,-0.01435668020324754,0.08042168617248535
SPY,1d,1,0.1,0.25,12,26,0.3508346751959377,0.4684521090502767,0.3916323008515685,0.05436702472044054,7.203489667962744,0.5428571428571428,0.9659854535320404,-0.01435668020324754,0.07953858375549316
SPY,1d,1,0.1,0.25,20,50,0.3676534594147061,0.9303451474213524,0.47316354192405596,0.03349899600831941,14.12470814965758,0.17142857142857143,0.21631321828128805,-0.0048701934014824255,0.07742118835449219
SPY,1d,1,0.1,0.5,8,21,0.6391969418782694,1.0540010094112224,0.6579216418330739,0.04243199256242051,15.505320445775057,0.8285714285714286,1.4496574032178735,-0.029567907803991544,0.09109640121459961
SPY,1d,1,0.1,0.5,9,21,0.6368948119379438,1.1152072475923043,0.6431213683716157,0.04171753345601803,15.416092829400997,0.8,1.3711966933026798,-0.02154240961562337,0.0865170955657959
SPY,1d,1,0.1,0.5,10,30,0.5367474690517172,0.24989825060814042,0.5781728957610766,0.04262980462723052,13.562644746247763,0.5142857142857142,0.9744835861775,-0.023843167005012655,0.08014369010925293
SPY,1d,1,0.1,0.5,12,26,0.5240457632457988,0.2749630701887331,0.5641278208002489,0.044664863442333044,12.630237222791385,0.5428571428571428,1.0036738398955216,-0.023843167005012655,0.07918930053710938
SPY,1d,1,0.1,0.5,20,50,0.4578734694542143,0.7733274884462271,0.5520347285349682,0.04227871819899136,13.057035597359667,0.17142857142857143,0.21638372293992053,-0.0048701934014824255,0.07508063316345215
SPY,1d,1,0.1,0.75,8,21,0.82233566490319,1.0929791307201695,0.8302292909556378,0.05185487527750116,16.010631334328142,0.8285714285714286,1.5151452240917949,-0.036848068833908454,0.08543157577514648
SPY,1d,1,0.1,0.75,9,21,0.8170768006989935,1.1654900264580084,0.818749484256658,0.058461553584570454,14.004921765759361,0.8,1.431489143296985,-0.02776063229170833,0.08478045463562012
SPY,1d,1,0.1,0.75,10,30,0.6983800711431196,0.07867482177987672,0.7347347031281141,0.05570435310112385,13.18989741778889,0.5142857142857142,0.98896740900016,-0.03332965380677777,0.07739686965942383
SPY,1d,1,0.1,0.75,12,26,0.6794314724244047,0.10308713047916496,0.7155071882046962,0.05235030078920316,13.667680556140452,0.5428571428571428,1.0272322581533238,-0.03332965380677777,0.08350539207458496
SPY,1d,1,0.1,0.75,20,50,0.5614095448539422,0.6256014590962664,0.6443918769988668,0.05069840042430508,12.710299962243816,0.17142857142857143,0.21643009566505042,-0.0048701934014824255,0.07455253601074219
SPY,1d,1,0.1,1.0,8,21,0.9718512105522216,1.0818666051816668,0.9717710987240302,0.05916857004713972,16.423771910489272,0.8285714285714286,1.5651367922165171,-0.04412822986382492,0.08334684371948242
SPY,1d,1,0.1,1.0,9,21,0.9643288465553439,1.1641149220010267,0.9620543023033189,0.0702087134040097,13.702776417041916,0.8,1.4775845937814427,-0.03505351237444154,0.08229780197143555
SPY,1d,1,0.1,1.0,10,30,0.8311356600222478,-0.0722185446475635,0.8627304008050662,0.06757763447239307,12.766507847467055,0.5142857142857142,0.9991377909480259,-0.042816140608542885,0.07960176467895508
SPY,1d,1,0.1,1.0,12,26,0.807464438989048,-0.049004291921188714,0.8393728717668747,0.05985063640832628,14.024460258706675,0.5428571428571428,1.044536752418806,-0.042816140608542885,0.07878899574279785
SPY,1d,1,0.1,1.0,20,50,0.6513369457704957,0.4869703712105007,0.7245413400497784,0.05670529520430567,12.777313607826231,0.17142857142857143,0.2164627024293782,-0.0048701934014824255,0.07384610176086426
SPY,1d,1,0.25,0.0,8,21,0.5907501403072087,0.7817091200067237,0.6933703743908669,0.12817123417280774,5.4097191063638,0.4,0.2654328740249742,-0.08748213096749136,0.08234691619873047
SPY,1d,1,0.25,0.0,9,21,0.7131692193895104,1.007145323668329,0.5876830773199166,0.22234863868282034,2.643070273788565,0.3142857142857143,0.1290717458484978,-0.09025210428549679,0.0805046558380127
SPY,1d,1,0.25,0.0,10,30,0.5635603032729788,0.7337966739100241,0.4706477153281444,0.32394345553191023,1.4528699601458164,0.17142857142857143,0.057895424716821506,-0.05426389587111469,0.07706332206726074
SPY,1d,1,0.25,0.0,12,26,0.5583047233772878,0.7247115135651052,0.4679855730368335,0.2550661854391122,1.8347613276576331,0.2,0.11341966214217433,-0.05426389587111469,0.07937932014465332
SPY,1d,1,0.25,0.0,20,50,0.6617556279425969,0.977872413390712,0.7065827931123361,0.1384268507137503,5.104376712098019,0.02857142857142857,-0.0690750319085914,-0.0048701934014824255,0.07599115371704102
SPY,1d,1,0.25,0.25,8,21,0.4287857534261083,0.9625090843539432,0.48773698738595284,0.028207386520275,17.29110873264971,0.8285714285714286,1.354535113312652,-0.022287746774074635,0.08339071273803711
SPY,1d,1,0.25,0.25,9,21,0.4520181889924579,1.275433382790618,0.4475938926662928,0.010291505182570573,43.491586966727304,0.8,1.2835882635938236,-0.015324186939538631,0.09195566177368164
SPY,1d,1,0.25,0.25,10,30,0.4012399852318924,0.8977517181240191,0.4108263085453781,0.05125561145498926,8.015245489874806,0.5142857142857142,0.9474221133646493,-0.01435668020324754,0.08667421340942383
SPY,1d,1,0.25,0.25,12,26,0.3617249829531269,0.5076697048774323,0.4024334791413665,0.04031970524753475,9.981062030853321,0.5428571428571428,0.9659854535320404,-0.01435668020324754,0.08770155906677246
SPY,1d,1,0.25,0.25,20,50,0.3543954713285588,0.7953138800935649,0.4684197478455195,0.028573335387964544,16.3935970892227,0.17142857142857143,0.21631321828128805,-0.0048701934014824255,0.08188295364379883
SPY,1d,1,0.25,0.5,8,21,0.6391720130083204,1.067372135117338,0.6872780109323845,0.03068413728387392,22.398479206830565,0.8285714285714286,1.4496574032178735,-0.029567907803991544,0.08319616317749023
SPY,1d,1,0.25,0.5,9,21,0.654566160334872,1.466376341314823,0.6485281990939492,0.04170274490732842,15.551211329976109,0.8,1.3711966933026798,-0.02154240961562337,0.08184814453125
SPY,1d,1,0.25,0.5,10,30,0.5812616360326653,0.9879767274058779,0.5854739724713844,0.04451089386299869,13.153498428349495,0.5142857142857142,0.9744835861775,-0.023843167005012655,0.08083748817443848
SPY,1d,1,0.25,0.5,12,26,0.5412877509720314,0.3135731591869011,0.573141424711411,0.04537531734730969,12.631127631009123,0.5428571428571428,1.0036738398955216,-0.023843167005012655,0.08413386344909668
SPY,1d,1,0.25,0.5,20,50,0.45623660648181086,0.6264428247278979,0.5482199417374005,0.03624967164506978,15.12344572676874,0.17142857142857143,0.21638372293992053,-0.0048701934014824255,0.07904863357543945
SPY,1d,1,0.25,0.75,8,21,0.8224472057336342,1.1099749316685772,0.8645996806358207,0.042209233688387214,20.483662106229925,0.8285714285714286,1.5151452240917949,-0.036848068833908454,0.08741092681884766
SPY,1d,1,0.25,0.75,9,21,0.8346599700637778,1.5894322864995765,0.8245186966279304,0.061427695485874324,13.422588786804376,0.8,1.431489143296985,-0.02776063229170833,0.09044933319091797
SPY,1d,1,0.25,0.75,10,30,0.7415899334282411,1.018362184721822,0.7404442358571298,0.057635189139024594,12.84708607567972,0.5142857142857142,0.98896740900016,-0.03332965380677777,0.08415770530700684
SPY,1d,1,0.25,0.75,12,26,0.7018548213898143,0.14063338005365744,0.7247198309358966,0.056447485275724095,12.838832897443014,0.5428571428571428,1.0272322581533238,-0.03332965380677777,0.07838201522827148
SPY,1d,1,0.25,0.75,20,50,0.5659762290091841,0.47056863453964226,0.6410894208787358,0.045599769559507404,14.05904957572468,0.17142857142857143,0.21643009566505042,-0.0048701934014824255,0.07460904121398926
SPY,1d,1,0.25,1.0,8,21,0.9721066999083673,1.1024518094368347,1.009876643813108,0.051870623972364915,19.469143929156115,0.8285714285714286,1.5651367922165171,-0.04412822986382492,0.08395791053771973
SPY,1d,1,0.25,1.0,9,21,0.9824120165241349,1.6537371770740488,0.9683312528101105,0.07540289210792951,12.842096977183171,0.8,1.4775845937814427,-0.03505351237444154,0.08319783210754395
SPY,1d,1,0.25,1.0,10,30,0.8732211138379822,1.0011250888943586,0.8675507415610652,0.06929255829571647,12.520114178187233,0.5142857142857142,0.9991377909480259,-0.042816140608542885,0.07862567901611328
SPY,1d,1,0.25,1.0,12,26,0.834013262849498,-0.012892475509986068,0.8490585788756606,0.06467158170483409,13.128773976038303,0.5428571428571428,1.044536752418806,-0.042816140608542885,0.08023571968078613
SPY,1d,1,0.25,1.0,20,50,0.6601746871166552,0.32699966147955384,0.7216073004107308,0.05229003239230891,13.800092816864819,0.17142857142857143,0.2164627024293782,-0.0048701934014824255,0.073883056640625
SPY,1d,1,0.4,0.0,8,21,0.6270979124914752,0.8498288818027269,0.6923535505113609,0.14568193155456147,4.752501172405567,0.4,0.2654328740249742,-0.08748213096749136,0.08213686943054199
SPY,1d,1,0.4,0.0,9,21,0.6909671284267594,0.9594052121969725,0.6299635975142255,0.17919180821522815,3.515582569252123,0.3142857142857143,0.1290717458484978,-0.09025210428549679,0.08086776733398438
SPY,1d,1,0.4,0.0,10,30,0.5809391699570565,0.7658361024439515,0.4912568490280096,0.28825607238630624,1.704237641764757,0.17142857142857143,0.057895424716821506,-0.05426389587111469,0.08336830139160156
SPY,1d,1,0.4,0.0,12,26,0.5643913695806325,0.7358398035423475,0.48365345359763773,0.2190061044269758,2.2084017012361614,0.2,0.11341966214217433,-0.05426389587111469,0.08017444610595703
SPY,1d,1,0.4,0.0,20,50,0.6484485200673588,0.9395543822227259,0.6786845863745233,0.12711062594721928,5.339322195268998,0.02857142857142857,-0.0690750319085914,-0.0048701934014824255,0.07914948463439941
SPY,1d,1,0.4,0.25,8,21,0.440990736721224,1.0567461398126512,0.48888495951365263,0.026058148344998148,18.76130847982888,0.8285714285714286,1.354535113312652,-0.022287746774074635,0.08542919158935547
SPY,1d,1,0.4,0.25,9,21,0.44722092925406076,1.2092986735334583,0.451287859156584,0.018128115643343712,24.894361225144106,0.8,1.2835882635938236,-0.015324186939538631,0.08146309852600098
SPY,1d,1,0.4,0.25,10,30,0.40763463838977726,0.9420070986845659,0.41364217585210306,0.04965677002226387,8.330025808497904,0.5142857142857142,0.9474221133646493,-0.01435668020324754,0.07836389541625977
SPY,1d,1,0.4,0.25,12,26,0.363057439332735,0.5202233861975627,0.40414260427165116,0.035943593320922215,11.24380082601274,0.5428571428571428,0.9659854535320404,-0.01435668020324754,0.08051538467407227
SPY,1d,1,0.4,0.25,20,50,0.34920418457214586,0.7526184464699845,0.45864962896171696,0.021385261394649396,21.446996625277226,0.17142857142857143,0.21631321828128805,-0.0048701934014824255,0.07440638542175293
SPY,1d,1,0.4,0.5,8,21,0.6557899055485713,1.1870849750646544,0.6918997997860403,0.033276133978701765,20.792673819287046,0.8285714285714286,1.4496574032178735,-0.029567907803991544,0.08301162719726562
SPY,1d,1,0.4,0.5,9,21,0.6513753197164102,1.3838920855297778,0.6508145872905696,0.0483369961791432,13.464109041417593,0.8,1.3711966933026798,-0.02154240961562337,0.08333086967468262
SPY,1d,1,0.4,0.5,10,30,0.5902047811235097,1.044132088148566,0.586941712595008,0.047246517375298856,12.422962478539622,0.5142857142857142,0.9744835861775,-0.023843167005012655,0.07982993125915527
SPY,1d,1,0.4,0.5,12,26,0.5421879952550862,0.32711886905710386,0.5737953238563707,0.04676809749650288,12.268947307494743,0.5428571428571428,1.0036738398955216,-0.023843167005012655,0.07888078689575195
SPY,1d,1,0.4,0.5,20,50,0.4526822946590715,0.5811745536010453,0.5445928396538868,0.036860787647626285,14.77431369237051,0.17142857142857143,0.21638372293992053,-0.0048701934014824255,0.07492709159851074
SPY,1d,1,0.4,0.75,8,21,0.843151535990504,1.253239571806616,0.8718818633618722,0.04622987144748902,18.85970771846541,0.8285714285714286,1.5151452240917949,-0.036848068833908454,0.0919179916381836
SPY,1d,1,0.4,0.75,9,21,0.8322166848384113,1.4927497499000721,0.8263394284740464,0.06660358640729555,12.406830818700954,0.8,1.431489143296985,-0.02776063229170833,0.08520054817199707
SPY,1d,1,0.4,0.75,10,30,0.7528733640307589,1.085493503680858,0.7415006425477416,0.06032689054899484,12.29137845162975,0.5142857142857142,0.98896740900016,-0.03332965380677777,0.08112001419067383
SPY,1d,1,0.4,0.75,12,26,0.7026428061229179,0.15479152787457773,0.7251116543414667,0.05839652750696049,12.417033774055112,0.5428571428571428,1.0272322581533238,-0.03332965380677777,0.08238101005554199
SPY,1d,1,0.4,0.75,20,50,0.5631318665557046,0.4241914399261957,0.6409190031740726,0.04810377777850653,13.323672958185927,0.17142857142857143,0.21643009566505042,-0.0048701934014824255,0.07664155960083008
SPY,1d,1,0.4,1.0,8,21,0.9961601830840057,1.2664475727838624,1.019243269141394,0.056434780299835785,18.060551732924168,0.8285714285714286,1.5651367922165171,-0.04412822986382492,0.08884119987487793
SPY,1d,1,0.4,1.0,9,21,0.9804371731049248,1.5450536665510604,0.9699028043619883,0.07971576971657346,12.167012973850001,0.8,1.4775845937814427,-0.03505351237444154,0.0851736068725586
SPY,1d,1,0.4,1.0,10,30,0.8864183548860085,1.0778800618731479,0.8684116355040038,0.0716228355896174,12.124787134648024,0.5142857142857142,0.9991377909480259,-0.042816140608542885,0.08260464668273926
SPY,1d,1,0.4,1.0,12,26,0.8347488087900383,0.001550486690058639,0.8493530378081745,0.06658864534995809,12.755223256823756,0.5428571428571428,1.044536752418806,-0.042816140608542885,0.07981109619140625
SPY,1d,1,0.4,1.0,20,50,0.657763763705068,0.28068280931266587,0.7238728054548137,0.05548691706657185,13.045828525422106,0.17142857142857143,0.2164627024293782,-0.0048701934014824255,0.07228803634643555
SPY,1d,1,0.55,0.0,8,21,0.5740431791812598,0.7454315969676024,0.6466001982422221,0.14472599195127778,4.467754475366809,0.4,0.3304189983085565,-0.0648020486535279,0.0799100399017334
SPY,1d,1,0.55,0.0,9,21,0.7444500295537457,1.0709305520856538,0.6290709812443331,0.15145183174724333,4.153604310934874,0.34285714285714286,0.21662081733935992,-0.0648020486535279,0.08072090148925781
SPY,1d,1,0.55,0.0,10,30,0.6214728337811803,0.8389279825261453,0.5137420724572644,0.2772720002004789,1.8528451199032292,0.17142857142857143,0.07558504060210144,-0.03496982630489276,0.0786583423614502
SPY,1d,1,0.55,0.0,12,26,0.5707850647004954,0.740973273707572,0.4786407725400054,0.20677819404882336,2.3147545839721926,0.2,0.09375534810055511,-0.04748036932433042,0.08076715469360352
SPY,1d,1,0.55,0.0,20,50,0.6388857401652318,0.9190011312932977,0.6607977767420591,0.14024451270946103,4.711754948380815,0.02857142857142857,-0.0690750319085914,-0.0048701934014824255,0.07863426208496094
SPY,1d,1,0.55,0.25,8,21,0.4323542458003357,0.9122974425953243,0.484089696928,0.030619113098113555,15.810049604533608,0.8285714285714286,1.3118011230416176,-0.015857938375564262,0.09387516975402832
SPY,1d,1,0.55,0.25,9,21,0.4575287970366967,1.3684072371339009,0.4543496336583008,0.019954486473520903,22.769297233542503,0.8,1.302087812856241,-0.013288612102816288,0.08060908317565918
SPY,1d,1,0.55,0.25,10,30,0.41593078151196944,1.045567795505307,0.41915491031205176,0.04604248198832676,9.103655845884264,0.5142857142857142,0.8871550371208099,-0.013366459782315765,0.07857489585876465
SPY,1d,1,0.55,0.25,12,26,0.36669692859805314,0.5244268121957607,0.4032812747759483,0.03786567652486625,10.6503121504013,0.5428571428571428,0.9173001450386762,-0.013366459782315765,0.07912302017211914
SPY,1d,1,0.55,0.25,20,50,0.3460254337796859,0.7293289144299147,0.4539168923646296,0.028939273526438585,15.685151596840758,0.17142857142857143,0.2155021619854609,-0.0048701934014824255,0.07428455352783203
SPY,1d,1,0.55,0.5,8,21,0.654414109485957,1.0035402118254546,0.6935597636610683,0.0355200420392323,19.52587113762488,0.8285714285714286,1.4054799805452107,-0.021852652161894248,0.08464646339416504
SPY,1d,1,0.55,0.5,9,21,0.6578510248604983,1.5924658539076257,0.6546748792490704,0.04950780472948216,13.223670143047325,0.8,1.3824720411491815,-0.02170703080414982,0.0886991024017334
SPY,1d,1,0.55,0.5,10,30,0.5953146858016852,1.17891974163711,0.590412448754025,0.04503855947574502,13.109043797725915,0.5142857142857142,0.9150876349284726,-0.021862726163149104,0.08315777778625488
SPY,1d,1,0.55,0.5,12,26,0.5496203894417583,0.3300738568822621,0.5757491969112558,0.04486238617482955,12.833673061159754,0.5428571428571428,0.9559018322531482,-0.021862726163149104,0.08031105995178223
SPY,1d,1,0.55,0.5,20,50,0.4499949677310601,0.5558772619591557,0.5413168833619936,0.03946034631211703,13.717996265931712,0.17142857142857143,0.21570696822202592,-0.0048701934014824255,0.08272027969360352
SPY,1d,1,0.55,0.75,8,21,0.8457883537763852,1.0335153272802362,0.8771877160341752,0.047694392852398015,18.391841547262118,0.8285714285714286,1.475098856031823,-0.02784736594822479,0.09074831008911133
SPY,1d,1,0.55,0.75,9,21,0.8373186144682458,1.7503930131614296,0.8311892101834912,0.06790609326647455,12.240274328870159,0.8,1.4417175039824233,-0.030125449505483237,0.09002232551574707
SPY,1d,1,0.55,0.75,10,30,0.7568863524620516,1.2507820578179176,0.7442883886238884,0.05898951662995709,12.617299329520371,0.5142857142857142,0.9360812871745379,-0.030358992543982444,0.08800554275512695
SPY,1d,1,0.55,0.75,12,26,0.7128732513713607,0.15635568399759192,0.7289981744482303,0.05397556402442903,13.506077937755128,0.5428571428571428,0.9828170790325164,-0.030358992543982444,0.08480262756347656
SPY,1d,1,0.55,0.75,20,50,0.5608798746626168,0.39751685033679873,0.6383594409683095,0.0498409069367443,12.80794191362699,0.17142857142857143,0.21584948727428738,-0.0048701934014824255,0.07906508445739746
SPY,1d,1,0.55,1.0,8,21,1.0016233885221304,1.0148346620726616,1.0271300455029908,0.05777895069007649,17.776889909483938,0.8285714285714286,1.529483990746193,-0.033842079734554664,0.10940670967102051
SPY,1d,1,0.55,1.0,9,21,0.9847748670064658,1.8495025893885306,0.9756113561053896,0.08118636389506383,12.016936210696676,0.8,1.4879733255302943,-0.03854386820681699,0.08416461944580078
SPY,1d,1,0.55,1.0,10,30,0.8898381328937334,1.2717688962907343,0.8708343981176684,0.07066577434804223,12.32328388320837,0.5142857142857142,0.9526610456885777,-0.03885525892481567,0.07999682426452637
SPY,1d,1,0.55,1.0,12,26,0.8471457682249647,0.0017112186646541794,0.8546964996151465,0.06053984855255978,14.117916051162762,0.5428571428571428,1.0033675394210004,-0.03885525892481567,0.0801539421081543
SPY,1d,1,0.55,1.0,20,50,0.6558458338670188,0.25317238822652643,0.7217656512313286,0.05690395569867468,12.683927547204577,0.17142857142857143,0.21595432155158112,-0.0048701934014824255,0.07635116577148438
SPY,1d,1,0.7,0.0,8,21,0.6205386226193248,0.818808058934476,0.6058241615576556,0.22916508439913233,2.643614594021241,0.37142857142857144,0.3086553896029475,-0.0648020486535279,0.08471989631652832
SPY,1d,1,0.7,0.0,9,21,0.7528056725694526,1.0799746245157156,0.6754016665469026,0.18320720445386157,3.6865453438922704,0.3142857142857143,0.1691848707130243,-0.0648020486535279,0.08339953422546387
SPY,1d,1,0.7,0.0,10,30,0.6360477657412351,0.8669069846688389,0.5454549950400309,0.2648861857871424,2.059205139064324,0.17142857142857143,0.07558504060210144,-0.03496982630489276,0.08397817611694336
SPY,1d,1,0.7,0.0,12,26,0.654376161853528,0.8951918571410755,0.5193069088517765,0.2123151039969722,2.4459254149868785,0.2,0.09375534810055511,-0.04748036932433042,0.08474326133728027
SPY,1d,1,0.7,0.0,20,50,0.6348904779912231,0.9087740995197391,0.6569799979911849,0.14267568200514852,4.60470900687531,0.02857142857142857,-0.0690750319085914,-0.0048701934014824255,0.07689857482910156
SPY,1d,1,0.7,0.25,8,21,0.44489990345472835,1.011992386049854,0.4811606737996649,0.03720352426632043,12.933201444983789,0.8285714285714286,1.3107767992432953,-0.017255701355001207,0.08309030532836914
SPY,1d,1,0.7,0.25,9,21,0.46031507613756545,1.3813620872680183,0.46421783382206955,0.009982468180746502,46.50331214853466,0.8,1.2977439148944694,-0.017255701355001207,0.08270907402038574
SPY,1d,1,0.7,0.25,10,30,0.41832019349793476,1.0836002518134165,0.4259859587064603,0.04573730840551383,9.313752242034116,0.5142857142857142,0.8871550371208099,-0.013366459782315765,0.08434057235717773
SPY,1d,1,0.7,0.25,12,26,0.3871712720158541,0.6967357321496255,0.416373313643422,0.03426317300306694,12.15221116871318,0.5428571428571428,0.9173001450386762,-0.013366459782315765,0.0993795394897461
SPY,1d,1,0.7,0.25,20,50,0.3446522452996433,0.7176856118131671,0.45317671803876286,0.028143526746452995,16.102342898296424,0.17142857142857143,0.2155021619854609,-0.0048701934014824255,0.08154153823852539
SPY,1d,1,0.7,0.5,8,21,0.670893357130683,1.1294838486812213,0.6960212194937976,0.032632053023964415,21.329372656469136,0.8285714285714286,1.404447307387302,-0.02946453769649615,0.08541417121887207
SPY,1d,1,0.7,0.5,9,21,0.6637618253771476,1.6095157227731254,0.6605016621334131,0.04355101039912604,15.166161613248535,0.8,1.3796154710533757,-0.02946453769649615,0.08545136451721191
SPY,1d,1,0.7,0.5,10,30,0.5961697055925883,1.2264142970403604,0.5945609728473555,0.04526681712248405,13.134587555351596,0.5142857142857142,0.9150876349284726,-0.021862726163149104,0.08289027214050293
SPY,1d,1,0.7,0.5,12,26,0.5675147203603945,0.5143393043645996,0.5915566122323281,0.04537936121643866,13.035807388536728,0.5428571428571428,0.9559018322531482,-0.021862726163149104,0.08452177047729492
SPY,1d,1,0.7,0.5,20,50,0.44922753829967726,0.5431667752200791,0.5405693934642368,0.03798991572106863,14.229286462050382,0.17142857142857143,0.21570696822202592,-0.0048701934014824255,0.0809485912322998
SPY,1d,1,0.7,0.75,8,21,0.8661063146572102,1.1836553546864992,0.8829339588682643,0.04420598862780236,19.973175270487285,0.8285714285714286,1.4741332089573427,-0.04159928350249564,0.09024906158447266
SPY,1d,1,0.7,0.75,9,21,0.8457192960902552,1.771536441480961,0.8356521088493365,0.06360568183225095,13.138010391166395,0.8,1.4394362207633289,-0.04159928350249564,0.09182000160217285
SPY,1d,1,0.7,0.75,10,30,0.7574043177301432,1.306661746064734,0.7475232622265116,0.05922466937000283,12.621822463142877,0.5142857142857142,0.9360812871745379,-0.030358992543982444,0.08118104934692383
SPY,1d,1,0.7,0.75,12,26,0.7311482732764815,0.34735585915242373,0.7478474289273145,0.05767246203622666,12.967149355572127,0.5428571428571428,0.9828170790325164,-0.030358992543982444,0.07970452308654785
SPY,1d,1,0.7,0.75,20,50,0.5603666152070079,0.3840429924864246,0.6377268579738452,0.04855017079666135,13.135419453924964,0.17142857142857143,0.21584948727428738,-0.0048701934014824255,0.0761406421661377
SPY,1d,1,0.7,1.0,8,21,1.0251214204223325,1.1858327670059539,1.0352693975049772,0.05498785857088326,18.827236128325335,0.8285714285714286,1.5285958508751347,-0.05365993877299868,0.08483648300170898
SPY,1d,1,0.7,1.0,9,21,0.9951447465257011,1.8745831419427468,0.9793572499796728,0.07775617223732478,12.595234845029555,0.8,1.486035932960639,-0.05365993877299868,0.08548665046691895
SPY,1d,1,0.7,1.0,10,30,0.8902527789363995,1.3346487717758881,0.8735808422085733,0.07088045315824837,12.324707352790318,0.5142857142857142,0.9526610456885777,-0.03885525892481567,0.08053755760192871
SPY,1d,1,0.7,1.0,12,26,0.8662064271107365,0.195064720415556,0.8761238134897201,0.06665185701561296,13.144777245808639,0.5428571428571428,1.0033675394210004,-0.03885525892481567,0.08197283744812012
SPY,1d,1,0.7,1.0,20,50,0.6554789777415436,0.23919783167469388,0.7212374535922625,0.05577516003041146,12.931158838432863,0.17142857142857143,0.21595432155158112,-0.0048701934014824255,0.07543182373046875
SPY,1d,1,0.85,0.0,8,21,0.6662399554909306,0.9060240575046099,0.5714571459238321,0.30438407289446506,1.8774213134402917,0.4,0.32923049542879146,-0.06703497546972159,0.08351898193359375
SPY,1d,1,0.85,0.0,9,21,0.7539261225844941,1.0846033228526561,0.6724728896865055,0.20997461133487308,3.2026390496040875,0.34285714285714286,0.24461353150040901,-0.0616552430139673,0.0800468921661377
SPY,1d,1,0.85,0.0,10,30,0.7212529830512064,1.0387647529778854,0.6188137596879429,0.19662226961993226,3.147221120395468,0.2,0.15593776701387368,-0.03448407528227637,0.08684325218200684
SPY,1d,1,0.85,0.0,12,26,0.6519999267699148,0.8868861873019915,0.5855977229752176,0.19079046172652062,3.069323894265817,0.22857142857142856,0.1552340999433652,-0.047207295678083794,0.07860541343688965
SPY,1d,1,0.85,0.0,20,50,0.6018613329841279,0.8403586856490881,0.623486845965777,0.15674847934543543,3.977626121601882,0.08571428571428572,0.07948387740079925,-0.0004999999999999449,0.07657527923583984
SPY,1d,1,0.85,0.25,8,21,0.45819154075192153,1.1371904506041064,0.48467070131534856,0.03961758486671691,12.23372658747113,0.8285714285714286,1.2952569499218012,-0.02559155011994696,0.08658051490783691
SPY,1d,1,0.85,0.25,9,21,0.4627133107637008,1.3888562921629193,0.47010281557202005,0.02037824027920059,23.06886213584589,0.8,1.2979065835673693,-0.02559155011994696,0.08728480339050293
SPY,1d,1,0.85,0.25,10,30,0.4363333715218658,1.3230279296248808,0.43863845798669665,0.041146640818184956,10.660371035509618,0.5142857142857142,0.870820497296488,0.0,0.08426570892333984
SPY,1d,1,0.85,0.25,12,26,0.38463350683571124,0.6866850102392728,0.43172038222401515,0.031281683216544655,13.801059848201563,0.5428571428571428,0.9099793842004456,0.0,0.07892322540283203
SPY,1d,1,0.85,0.25,20,50,0.33777503929274805,0.6404367655958452,0.44182828782337075,0.02871823612804625,15.384938192352314,0.22857142857142856,0.3755866734419248,-0.009017591094521493,0.07564806938171387
SPY,1d,1,0.85,0.5,8,21,0.6875697235825375,1.293826935016134,0.7120147744739906,0.03471731482661657,20.50892409248521,0.8285714285714286,1.3885115306018079,-0.03939397142644918,0.0853114128112793
SPY,1d,1,0.85,0.5,9,21,0.6693458902474535,1.6197962844786828,0.6684539770695793,0.04133915511594104,16.169996101633263,0.8,1.3851937448291223,-0.03939397142644918,0.08675003051757812
SPY,1d,1,0.85,0.5,10,30,0.6071875762401345,1.5330711251136422,0.601641498479004,0.04893902598553375,12.293695805405848,0.5142857142857142,0.8961220309181789,-0.0008272525093108163,0.08264350891113281
SPY,1d,1,0.85,0.5,12,26,0.5650413230970605,0.5027898869793144,0.603241398493098,0.044748375199510665,13.480744179057805,0.5428571428571428,0.9472206329993219,-0.0008272525093108163,0.07823848724365234
SPY,1d,1,0.85,0.5,20,50,0.4518236489652453,0.4595679771934631,0.5325550872776591,0.03701715493129483,14.386710385120102,0.22857142857142856,0.3819991596996002,-0.017535182189043153,0.08030009269714355
SPY,1d,1,0.85,0.75,8,21,0.8864055493286241,1.3863467362178366,0.9076573210430634,0.05088405250085443,17.837756161968866,0.8285714285714286,1.458026174898587,-0.053098004349660166,0.08323001861572266
SPY,1d,1,0.85,0.75,9,21,0.8538060681376589,1.7842955766320525,0.845733075277092,0.06176741345757472,13.69222099380911,0.8,1.4480916054387676,-0.053098004349660166,0.08240365982055664
SPY,1d,1,0.85,0.75,10,30,0.7659289641793557,1.6769829209172489,0.7528897489888667,0.06344051692511829,11.867648396962725,0.5142857142857142,0.9161563939812201,-0.005818775446735036,0.07729434967041016
SPY,1d,1,0.85,0.75,12,26,0.7291609858368089,0.33457651503079955,0.7590658854925895,0.05841799597512813,12.993699506839759,0.5428571428571428,0.9736412655568856,-0.005818775446735036,0.07949042320251465
SPY,1d,1,0.85,0.75,20,50,0.5682975289526822,0.29623105005763417,0.6311339029714064,0.04779194575108306,13.205863311332195,0.22857142857142856,0.3870780963723132,-0.02605277328356448,0.07275223731994629
SPY,1d,1,0.85,1.0,8,21,1.048473582788775,1.4245075563644067,1.0667059199690465,0.06518616435194545,16.36399273640053,0.8285714285714286,1.5123826251218526,-0.06670364888958003,0.08086490631103516
SPY,1d,1,0.85,1.0,9,21,1.0052061088253557,1.8893565644946526,0.9912123313026495,0.07669462366207662,12.924143622765786,0.8,1.4968884121930095,-0.06670364888958003,0.08291769027709961
SPY,1d,1,0.85,1.0,10,30,0.8974053005360321,1.7627060859708967,0.8780995394418621,0.07481001134789454,11.737727659983511,0.5142857142857142,0.932194732314926,-0.010810298384159256,0.0796518325805664
SPY,1d,1,0.85,1.0,12,26,0.864652885789266,0.18133218322884903,0.8874418885478088,0.06825885036767401,13.00112562352915,0.5428571428571428,0.9939060831825027,-0.010810298384159256,0.08083462715148926
SPY,1d,1,0.85,1.0,20,50,0.6671584223641406,0.14899587674524017,0.7155338311312642,0.055242492890415495,12.952598510546371,0.22857142857142856,0.3911503437513781,-0.03457036437808614,0.07968616485595703
SPY,1d,1,1.0,0.0,8,21,0.670288311872445,0.9151808998343627,0.5958537179598535,0.32318465418105835,1.8436943408397024,0.37142857142857144,0.3228221221142232,-0.06703497546972159,0.08765602111816406
SPY,1d,1,1.0,0.0,9,21,0.6773568057365128,0.9364843770468145,0.6227056458540575,0.28540101948398333,2.181862023408097,0.34285714285714286,0.2571280943121999,-0.0616552430139673,0.0932765007019043
SPY,1d,1,1.0,0.0,10,30,0.7138259798582506,1.023900487686392,0.6415750031942832,0.2102748409695709,3.0511258514618316,0.2,0.15593776701387368,-0.03448407528227637,0.07820963859558105
SPY,1d,1,1.0,0.0,12,26,0.673296831195361,0.9310194046491911,0.6290354152192494,0.19985591737201994,3.1474445364974475,0.22857142857142856,0.19261037743856677,-0.03448407528227637,0.07952594757080078
SPY,1d,1,1.0,0.0,20,50,0.5822548066325546,0.8018790356813963,0.5995985084972598,0.11664078196928233,5.140556316359108,0.08571428571428572,0.07948387740079925,-0.0004999999999999449,0.07370567321777344
SPY,1d,1,1.0,0.25,8,21,0.45911363879076306,1.1500857843494274,0.489633657697472,0.0420154249911373,11.653664286408027,0.8285714285714286,1.2956928634304337,-0.029449950183139895,0.08315801620483398
SPY,1d,1,1.0,0.25,9,21,0.45130413775170314,1.1790993083417383,0.46688435969179815,0.0314130825345652,14.862736223930419,0.8,1.2967762285206412,-0.029449950183139895,0.09416770935058594
SPY,1d,1,1.0,0.25,10,30,0.4349599549718048,1.3020348161805253,0.4450230455005933,0.03826677559121898,11.629488992083045,0.5142857142857142,0.870820497296488,0.0,0.09044671058654785
SPY,1d,1,1.0,0.25,12,26,0.4274056433933056,1.171033921083386,0.4422132431465779,0.029115736226221885,15.188118195284268,0.5428571428571428,0.915091318695791,0.0,0.08809471130371094
SPY,1d,1,1.0,0.25,20,50,0.33217921664499017,0.5977728603853985,0.43252494842412953,0.03785846823251944,11.424787336023327,0.22857142857142856,0.3755866734419248,-0.009017591094521493,0.08456873893737793
SPY,1d,1,1.0,0.5,8,21,0.6882754697597171,1.310515744379975,0.7149914196154412,0.032286796054119195,22.145009942050958,0.8285714285714286,1.39251286701544,-0.04705451553188289,0.08441710472106934
SPY,1d,1,1.0,0.5,9,21,0.6663901918549596,1.34683156826781,0.670277796365195,0.04374077799922457,15.323865441466943,0.8,1.383811436853909,-0.04705451553188289,0.07981061935424805
SPY,1d,1,1.0,0.5,10,30,0.6065623219673694,1.505835254620814,0.6065122354444857,0.045207530837150824,13.416177000006904,0.5142857142857142,0.8961220309181789,-0.0008272525093108163,0.0778346061706543
SPY,1d,1,1.0,0.5,12,26,0.6066022029117843,1.3360402347936993,0.6125580403162485,0.03813451584931376,16.063086856451374,0.5428571428571428,0.9501427585871639,-0.0008272525093108163,0.07853436470031738
SPY,1d,1,1.0,0.5,20,50,0.44817166378488543,0.4142351005231537,0.5265000897529819,0.04711598971693037,11.174552268055033,0.22857142857142856,0.3819991596996002,-0.017535182189043153,0.08700275421142578
SPY,1d,1,1.0,0.75,8,21,0.887059023913568,1.4067014732129604,0.9100564614881144,0.04836235491264134,18.817455500915578,0.8285714285714286,1.4645820635858582,-0.06450443647638315,0.08132624626159668
SPY,1d,1,1.0,0.75,9,21,0.8552996178833527,1.449541642040654,0.8507433715537512,0.06604442523457596,12.88138050307939,0.8,1.4466561750097082,-0.06450443647638315,0.08153128623962402
SPY,1d,1,1.0,0.75,10,30,0.7656125698516649,1.6436922995876868,0.7571879568403053,0.06025320505745613,12.566766466916864,0.5142857142857142,0.9161563939812201,-0.005818775446735036,0.07842612266540527
SPY,1d,1,1.0,0.75,12,26,0.769794641853661,1.4362675778000598,0.7687214879718919,0.05053505363471315,15.211648799831247,0.5428571428571428,0.9757754438910031,-0.005818775446735036,0.07786011695861816
SPY,1d,1,1.0,0.75,20,50,0.5654528395523913,0.2494831406650233,0.6264649112332643,0.05541737769268313,11.304484934442824,0.22857142857142856,0.3870780963723132,-0.02605277328356448,0.07339048385620117
SPY,1d,1,1.0,1.0,8,21,1.0491001774955746,1.4482590875076657,1.0688270120367078,0.06296519006431057,16.974887409138972,0.8285714285714286,1.5209501960897038,-0.08179971301664113,0.08154916763305664
SPY,1d,1,1.0,1.0,9,21,1.0097667751233192,1.4966071179728848,0.9985746374602311,0.08303480407713144,12.02597692086622,0.8,1.4954665274222823,-0.08179971301664113,0.0822145938873291
SPY,1d,1,1.0,1.0,10,30,0.8972633461269143,1.723785598631749,0.8820323890936829,0.07199166470561527,12.251868222528897,0.5142857142857142,0.932194732314926,-0.010810298384159256,0.07939743995666504
SPY,1d,1,1.0,1.0,12,26,0.904357579924198,1.4813272819461503,0.8976045594476373,0.05962424994183558,15.054353896665619,0.5428571428571428,0.995615467945668,-0.010810298384159256,0.08252477645874023
SPY,1d,1,1.0,1.0,20,50,0.6647943585134124,0.10185821127108685,0.711687161634716,0.06128565544449938,11.612622178434947,0.22857142857142856,0.3911503437513781,-0.03457036437808614,0.07673478126525879
SPY,1d,2,0.0,0.0,8,21,0.5007423675358055,0.622071353511797,0.5721984988227806,0.08717836288206167,6.563538014551539,0.3142857142857143,0.04524403316655488,-0.11568115723136585,0.0952308177947998
SPY,1d,2,0.0,0.0,9,21,0.5640987548613361,0.7437370303228765,0.4699129391427405,0.26358107359535204,1.7828022806529267,0.3142857142857143,0.2537419663857369,-0.11568115723136585,0.09644722938537598
SPY,1d,2,0.0,0.0,10,30,0.5471606372145232,0.7209835630570498,0.5797426798462723,0.2661667500392248,2.178118340329271,0.17142857142857143,0.10179359894209165,-0.03797692195004343,0.0840139389038086
SPY,1d,2,0.0,0.0,12,26,0.6084098957123192,0.8339459795728268,0.5504262017500351,0.18540747124794557,2.9687379804341845,0.2,0.15464573801163908,-0.0497500024907882,0.08046436309814453
SPY,1d,2,0.0,0.0,20,50,0.6706059536251222,1.01583744198444,0.7352987313152075,0.10386400222591698,7.079437683480003,0.02857142857142857,-0.0690750319085914,-0.0048701934014824255,0.07399845123291016
SPY,1d,2,0.0,0.25,8,21,0.40554383550002643,0.7405775205054306,0.4350092286232778,0.028937760668454583,15.03258091070906,0.7714285714285715,1.0902426928856408,-0.026576822473462935,0.08211588859558105
SPY,1d,2,0.0,0.25,9,21,0.41269547564834874,0.9067406491256664,0.4161164863322764,0.024854793074013393,16.74190105277286,0.7714285714285715,1.1585104306405454,-0.026348241817792495,0.08115148544311523
SPY,1d,2,0.0,0.25,10,30,0.3591820492669666,0.5054065580978215,0.43110101343462837,0.03167442445604109,13.61038190395301,0.4857142857142857,0.7942377181497929,-0.03322296945538561,0.08025050163269043
SPY,1d,2,0.0,0.25,12,26,0.36281316939165914,0.6315983065113864,0.41850669912261884,0.046278100282974056,9.043299024022158,0.5142857142857142,0.8302216133928452,-0.03322296945538561,0.08389711380004883
SPY,1d,2,0.0,0.25,20,50,0.3575412112123614,0.8414433683499039,0.4825858014226128,0.03956063885973345,12.19863519225949,0.14285714285714285,0.1599071092532555,-0.0048701934014824255,0.07910799980163574
SPY,1d,2,0.0,0.5,8,21,0.6126426820708094,0.7843104126060212,0.6272149131708696,0.04452294757510405,14.08745259088799,0.7714285714285715,1.191477532009485,-0.0313162326916705,0.08197975158691406
SPY,1d,2,0.0,0.5,9,21,0.6070691853695118,0.9923186281886998,0.6065912061897999,0.029158186734389125,20.803461193092197,0.7714285714285715,1.247759009465989,-0.026348241817792495,0.08014941215515137
SPY,1d,2,0.0,0.5,10,30,0.5346535644371938,0.3113988115967108,0.5879492071558745,0.030735609050729133,19.12925187802409,0.4857142857142857,0.8197483528949447,-0.03322296945538561,0.08156394958496094
SPY,1d,2,0.0,0.5,12,26,0.520367284323232,0.446479165091878,0.5743505905158397,0.0512454535612136,11.207835048815946,0.5142857142857142,0.8650522541658847,-0.03322296945538561,0.0798940658569336
SPY,1d,2,0.0,0.5,20,50,0.4508248313774157,0.6786097017274129,0.549832880521086,0.053807200722515935,10.218574338341398,0.14285714285714285,0.15985456500222484,-0.0048701934014824255,0.08467674255371094
SPY,1d,2,0.0,0.75,8,21,0.7904306081230176,0.7707615074209198,0.796210214639251,0.05511586485303123,14.446116680966162,0.7714285714285715,1.258417833915752,-0.03858327782525883,0.09554481506347656
SPY,1d,2,0.0,0.75,9,21,0.7778474433277001,1.0157071885413083,0.77225266194347,0.04045074528677219,19.091185007065977,0.7714285714285715,1.3079017173344678,-0.03026214957243767,0.0926363468170166
SPY,1d,2,0.0,0.75,10,30,0.6920071258981044,0.13765167411910695,0.7322319489239059,0.04461167157599587,16.41346138928129,0.4857142857142857,0.8339562107081024,-0.03322296945538561,0.08302688598632812
SPY,1d,2,0.0,0.75,12,26,0.6669484682564496,0.2778382654450171,0.7168783955664594,0.05951055508244661,12.046239437244163,0.5142857142857142,0.8877977905908132,-0.03322296945538561,0.07862186431884766
SPY,1d,2,0.0,0.75,20,50,0.5558518784510639,0.5269359553549333,0.6360808366148155,0.06469279833659307,9.832328373017997,0.14285714285714285,0.15981310781658498,-0.0048701934014824255,0.07328248023986816
SPY,1d,2,0.0,1.0,8,21,0.9351769323867032,0.714631114615057,0.93447736379407,0.06285303507862,14.867656949663207,0.7714285714285715,1.3086238697016843,-0.046408547269669365,0.08297061920166016
SPY,1d,2,0.0,1.0,9,21,0.9176438016001975,0.990176831462668,0.9074800055749692,0.048465633973928675,18.72419550032367,0.7714285714285715,1.3533618059740904,-0.03931054671467227,0.08448648452758789
SPY,1d,2,0.0,1.0,10,30,0.8216728287691141,-0.017204257933989164,0.8515540817063221,0.05471936451648561,15.56220707661489,0.4857142857142857,0.8439705498689792,-0.03322296945538561,0.07840299606323242
SPY,1d,2,0.0,1.0,12,26,0.7887781023072837,0.12484886150557473,0.8346297609751321,0.06574529883525618,12.694896452848102,0.5142857142857142,0.9046692596215384,-0.03322296945538561,0.07851028442382812
SPY,1d,2,0.0,1.0,20,50,0.6467345668385567,0.3859953361618804,0.7120715858019422,0.07200624183337992,9.889025835422052,0.14285714285714285,0.1597798764074168,-0.0048701934014824255,0.07424354553222656
SPY,1d,2,0.1,0.0,8,21,0.488762004397961,0.5997526347355981,0.6051922786449452,0.12600899981542116,4.802770274594949,0.3142857142857143,0.0490474518698256,-0.11568115723136585,0.08719682693481445
SPY,1d,2,0.1,0.0,9,21,0.6352262733740222,0.87297335997062,0.48220400280313563,0.2550854627230399,1.890362538325795,0.3142857142857143,0.2705428174618964,-0.11568115723136585,0.08475065231323242
SPY,1d,2,0.1,0.0,10,30,0.5806331736392206,0.7810486401531773,0.5475123420423363,0.25970258481387287,2.1082283121468923,0.17142857142857143,0.10179359894209165,-0.03797692195004343,0.08282732963562012
SPY,1d,2,0.1,0.0,12,26,0.6337908202182045,0.8832374899964652,0.5666021509307854,0.23240405258150548,2.4380046072220476,0.2,0.15464573801163908,-0.0497500024907882,0.07933878898620605
SPY,1d,2,0.1,0.0,20,50,0.6465013060549861,0.9579086077019001,0.7281322991382331,0.09406492163788734,7.740742100878517,0.02857142857142857,-0.0690750319085914,-0.0048701934014824255,0.08952188491821289
SPY,1d,2,0.1,0.25,8,21,0.40516916188005164,0.7105734068624185,0.44313047520022036,0.024388528852806502,18.169627117513784,0.7714285714285715,1.0904539095627406,-0.026576822473462935,0.08249306678771973
SPY,1d,2,0.1,0.25,9,21,0.4286887062962312,1.0824937747995298,0.418001389352776,0.017820534228265034,23.45616489374301,0.7714285714285715,1.1616621201919657,-0.026348241817792495,0.08150410652160645
SPY,1d,2,0.1,0.25,10,30,0.36647545495285044,0.5713394019866962,0.424113945482355,0.02750701636656508,15.41839143258982,0.4857142857142857,0.7942377181497929,-0.03322296945538561,0.07818126678466797
SPY,1d,2,0.1,0.25,12,26,0.3688000302356503,0.6872630674986984,0.4247632211117228,0.038537158619231744,11.02217278934901,0.5142857142857142,0.8302216133928452,-0.03322296945538561,0.07809567451477051
SPY,1d,2,0.1,0.25,20,50,0.34942561413011874,0.7749293981955088,0.4799665016583269,0.03311978359805281,14.491836887682602,0.14285714285714285,0.1599071092532555,-0.0048701934014824255,0.0748131275177002
SPY,1d,2,0.1,0.5,8,21,0.6166371251868096,0.7473211950562912,0.6346981628900622,0.04168867897864942,15.224712762309371,0.7714285714285715,1.1916047008746855,-0.0313162326916705,0.08490204811096191
SPY,1d,2,0.1,0.5,9,21,0.6214648130276835,1.211607603450433,0.6076573411991733,0.02597398248979099,23.394846802488278,0.7714285714285715,1.2496170421504056,-0.026348241817792495,0.09079504013061523
SPY,1d,2,0.1,0.5,10,30,0.5394160451256164,0.3806125900849211,0.5833334583272429,0.030406347335243777,19.184594976033353,0.4857142857142857,0.8197483528949447,-0.03322296945538561,0.08985710144042969
SPY,1d,2,0.1,0.5,12,26,0.5242495327370429,0.506592044795535,0.5783901228652527,0.04016478341232118,14.400429274761692,0.5142857142857142,0.8650522541658847,-0.03322296945538561,0.09080791473388672
SPY,1d,2,0.1,0.5,20,50,0.44553259558149455,0.605441604596858,0.5480840101616863,0.05195891000460642,10.548412391889974,0.14285714285714285,0.15985456500222484,-0.0048701934014824255,0.08002614974975586
SPY,1d,2,0.1,0.75,8,21,0.7974200193233513,0.7278471402141122,0.8042247736357844,0.05266565208788418,15.270384809700241,0.7714285714285715,1.258513222749759,-0.03858327782525883,0.08443474769592285
SPY,1d,2,0.1,0.75,9,21,0.7930383647375802,1.2733156524558233,0.7731078459799887,0.03880945419564703,19.920605996739386,0.7714285714285715,1.3092845251537835,-0.03026214957243767,0.08005523681640625
SPY,1d,2,0.1,0.75,10,30,0.6958421673377228,0.20801937730111875,0.7286406830420054,0.045024427166275235,16.183230501770403,0.4857142857142857,0.8339562107081024,-0.03322296945538561,0.08154559135437012
SPY,1d,2,0.1,0.75,12,26,0.6700509529371411,0.3407066907595304,0.7201261261262748,0.05029909383532192,14.31688070731356,0.5142857142857142,0.8877977905908132,-0.03322296945538561,0.08140230178833008
SPY,1d,2,0.1,0.75,20,50,0.5516433688673688,0.44884494137723285,0.6346517635090986,0.06375712134892192,9.954209821297555,0.14285714285714285,0.15981310781658498,-0.0048701934014824255,0.07607793807983398
SPY,1d,2,0.1,1.0,8,21,0.9444445599020327,0.6670481532343271,0.9431096681575635,0.06025031956591028,15.653189476046801,0.7714285714285715,1.3087011497188015,-0.046408547269669365,0.08130121231079102
SPY,1d,2,0.1,1.0,9,21,0.9338751456805015,1.2795144578512119,0.9082442443984895,0.04735725596630097,19.17856568895775,0.7714285714285715,1.3544810590612515,-0.03931054671467227,0.08197522163391113
SPY,1d,2,0.1,1.0,10,30,0.824980762568647,0.052604209775587885,0.8485857605902698,0.05523300525318344,15.363744136326172,0.4857142857142857,0.8439705498689792,-0.03322296945538561,0.08221745491027832
SPY,1d,2,0.1,1.0,12,26,0.7914363891477769,0.18900793191334841,0.8374399781248284,0.057932906788550856,14.455341955848997,0.5142857142857142,0.9046692596215384,-0.03322296945538561,0.08782315254211426
SPY,1d,2,0.1,1.0,20,50,0.6431480406598455,0.3045215899445435,0.7108247977298209,0.07141079746266572,9.954024083002954,0.14285714285714285,0.1597798764074168,-0.0048701934014824255,0.07525849342346191
SPY,1d,2,0.25,0.0,8,21,0.4623091186382421,0.5576605063056843,0.6047208025658295,0.12944498196627374,4.671643453304251,0.3142857142857143,0.0490474518698256,-0.11568115723136585,0.0791158676147461
SPY,1d,2,0.25,0.0,9,21,0.741354562707981,1.0896817934852234,0.5347210228273809,0.28444584609621665,1.879869332479217,0.3142857142857143,0.2705428174618964,-0.11568115723136585,0.08185410499572754
SPY,1d,2,0.25,0.0,10,30,0.6147874201728745,0.8387974090612837,0.5917399319182859,0.2551185492644875,2.319470432958659,0.17142857142857143,0.10179359894209165,-0.03797692195004343,0.08273458480834961
SPY,1d,2,0.25,0.0,12,26,0.6730831876944885,0.9564061193084936,0.5981565096049437,0.18833099146787194,3.17609175708601,0.2,0.15464573801163908,-0.0497500024907882,0.08078861236572266
SPY,1d,2,0.25,0.0,20,50,0.6433286808292014,0.939104518498779,0.7082891109629615,0.12155471729442265,5.82691586742278,0.02857142857142857,-0.0690750319085914,-0.0048701934014824255,0.07720732688903809
SPY,1d,2,0.25,0.25,8,21,0.40242268354866817,0.6564395488294417,0.4657844383541948,0.02182725398815159,21.33958026085347,0.7714285714285715,1.0904539095627406,-0.026576822473462935,0.08068561553955078
SPY,1d,2,0.25,0.25,9,21,0.44950510406543226,1.3872578650592016,0.43098915377228647,0.020435182427702547,21.090545939439455,0.7714285714285715,1.1616621201919657,-0.026348241817792495,0.08681869506835938
SPY,1d,2,0.25,0.25,10,30,0.4109831528707284,1.0386571780502503,0.4308434649576494,0.03390979126705693,12.705577028314243,0.4857142857142857,0.7942377181497929,-0.03322296945538561,0.08306360244750977
SPY,1d,2,0.25,0.25,12,26,0.38245068742036176,0.7658713992215269,0.4284999947766036,0.025508129737422558,16.798565758741546,0.5142857142857142,0.8302216133928452,-0.03322296945538561,0.09112858772277832
SPY,1d,2,0.25,0.25,20,50,0.34938844379484596,0.7536945918751086,0.47407094482905404,0.024762844752287426,19.144446026753954,0.14285714285714285,0.1599071092532555,-0.0048701934014824255,0.09087204933166504
SPY,1d,2,0.25,0.5,8,21,0.619203843447852,0.6834368403639555,0.6667084454727682,0.03569762079846942,18.6765512815732,0.7714285714285715,1.1916047008746855,-0.0313162326916705,0.08902382850646973
SPY,1d,2,0.25,0.5,9,21,0.6340075150850051,1.604815838898534,0.6194970489578766,0.03104368067659616,19.955657172601818,0.7714285714285715,1.2496170421504056,-0.026348241817792495,0.08722114562988281
SPY,1d,2,0.25,0.5,10,30,0.5823528990387498,1.1615461210314892,0.5874606434997768,0.03274676943175918,17.93949918400296,0.4857142857142857,0.8197483528949447,-0.03322296945538561,0.08537554740905762
SPY,1d,2,0.25,0.5,12,26,0.5436241881433264,0.5890070604093023,0.5829775310936857,0.04074835709540793,14.306773883636732,0.5142857142857142,0.8650522541658847,-0.03322296945538561,0.08381128311157227
SPY,1d,2,0.25,0.5,20,50,0.45287895442389114,0.5824688438551175,0.5437560306565009,0.045424893696508525,11.970441456383538,0.14285714285714285,0.15985456500222484,-0.0048701934014824255,0.0801231861114502
SPY,1d,2,0.25,0.75,8,21,0.8033984393346709,0.6568512226281618,0.8426939282015086,0.049613304750426086,16.985240802655287,0.7714285714285715,1.258513222749759,-0.03858327782525883,0.0873556137084961
SPY,1d,2,0.25,0.75,9,21,0.8026638589909239,1.7509495048793613,0.7858624079892005,0.04843351968887925,16.225589489207437,0.7714285714285715,1.3092845251537835,-0.03026214957243767,0.08802080154418945
SPY,1d,2,0.25,0.75,10,30,0.7378290049736199,1.2196255454589453,0.7318572924690009,0.04583180638533631,15.968327460537438,0.4857142857142857,0.8339562107081024,-0.03322296945538561,0.08155941963195801
SPY,1d,2,0.25,0.75,12,26,0.6944925139050906,0.4254533762001491,0.7259351381738111,0.05379786344805265,13.493754057255002,0.5142857142857142,0.8877977905908132,-0.03322296945538561,0.08275270462036133
SPY,1d,2,0.25,0.75,20,50,0.5634105587769567,0.4247334576499642,0.6310650725153408,0.05870249095890217,10.750226476030665,0.14285714285714285,0.15981310781658498,-0.0048701934014824255,0.07861161231994629
SPY,1d,2,0.25,1.0,8,21,0.9529494835389017,0.5915940609162074,0.9864187896879532,0.06010381952861075,16.411915206460314,0.7714285714285715,1.3087011497188015,-0.046408547269669365,0.0906820297241211
SPY,1d,2,0.25,1.0,9,21,0.9419132137491237,1.834219032375045,0.922107410790504,0.0605946407892898,15.217639691883246,0.7714285714285715,1.3544810590612515,-0.03931054671467227,0.0889582633972168
SPY,1d,2,0.25,1.0,10,30,0.8660632968735615,1.2241272170326272,0.8513105821977612,0.055616196393649855,15.30688248027983,0.4857142857142857,0.8439705498689792,-0.03322296945538561,0.08342266082763672
SPY,1d,2,0.25,1.0,12,26,0.8199783772716629,0.27477064999189804,0.8443102907319553,0.06245977335551164,13.517664976564486,0.5142857142857142,0.9046692596215384,-0.03322296945538561,0.08374691009521484
SPY,1d,2,0.25,1.0,20,50,0.658105339935531,0.2797847118340049,0.7077195001033556,0.06720679221341065,10.530475816432956,0.14285714285714285,0.1597798764074168,-0.0048701934014824255,0.07576179504394531
SPY,1d,2,0.4,0.0,8,21,0.5363800413058563,0.6858314423806637,0.6035147674982764,0.16224442738454115,3.7197873432525674,0.3142857142857143,0.0490474518698256,-0.11568115723136585,0.08392167091369629
SPY,1d,2,0.4,0.0,9,21,0.702462912567349,1.00005272508242,0.5897812043419467,0.18339431644543336,3.2159186597117286,0.3142857142857143,0.2705428174618964,-0.11568115723136585,0.08291268348693848
SPY,1d,2,0.4,0.0,10,30,0.645429889152868,0.9013263546071992,0.5787513125235841,0.23322615945088393,2.481502563375468,0.17142857142857143,0.10179359894209165,-0.03797692195004343,0.08223652839660645
SPY,1d,2,0.4,0.0,12,26,0.6884809136205434,0.9897238248979445,0.5846990023596856,0.16493527704195246,3.54502088847229,0.2,0.15464573801163908,-0.0497500024907882,0.07965445518493652
SPY,1d,2,0.4,0.0,20,50,0.6193768612256374,0.8789333537142447,0.6837616179152406,0.12281690345863086,5.5673250070626965,0.02857142857142857,-0.0690750319085914,-0.0048701934014824255,0.08228230476379395
SPY,1d,2,0.4,0.25,8,21,0.4228364822171386,0.8292101199231137,0.46941712230713817,0.02574622605944435,18.232463321937797,0.7714285714285715,1.0904539095627406,-0.026576822473462935,0.09119963645935059
SPY,1d,2,0.4,0.25,9,21,0.44072695317782856,1.2630318625718333,0.439610707595307,0.021866802306232606,20.104023507360587,0.7714285714285715,1.1616621201919657,-0.026348241817792495,0.08338022232055664
SPY,1d,2,0.4,0.25,10,30,0.4202848614876376,1.1270659183440732,0.42682068292615927,0.03819892702556047,11.173630155646938,0.4857142857142857,0.7942377181497929,-0.03322296945538561,0.08505892753601074
SPY,1d,2,0.4,0.25,12,26,0.3860222029859423,0.8039832848493191,0.4245660097441991,0.024537574169665694,17.302688799166795,0.5142857142857142,0.8302216133928452,-0.03322296945538561,0.08568310737609863
SPY,1d,2,0.4,0.25,20,50,0.3404319175146772,0.6829454089389371,0.46410996580647146,0.03054369185418001,15.194953119033526,0.14285714285714285,0.1599071092532555,-0.0048701934014824255,0.08392715454101562
SPY,1d,2,0.4,0.5,8,21,0.6410485671045371,0.8971727099900908,0.6753200914700378,0.03369746103385892,20.040681723512698,0.7714285714285715,1.1916047008746855,-0.0313162326916705,0.09274458885192871
SPY,1d,2,0.4,0.5,9,21,0.628309090523109,1.4498620260910222,0.6267991655254613,0.04522532665314344,13.859472377783145,0.7714285714285715,1.2496170421504056,-0.026348241817792495,0.0912013053894043
SPY,1d,2,0.4,0.5,10,30,0.5930552294864908,1.2763534514666617,0.5847799701664447,0.038442026022175585,15.211996626533413,0.4857142857142857,0.8197483528949447,-0.03322296945538561,0.09153866767883301
SPY,1d,2,0.4,0.5,12,26,0.5458423929420623,0.6307442666319143,0.5829441408704917,0.04085870520228308,14.267318016673673,0.5142857142857142,0.8650522541658847,-0.03322296945538561,0.08664989471435547
SPY,1d,2,0.4,0.5,20,50,0.4466015175678487,0.5044363080402678,0.5446540752072712,0.041129642911502326,13.242373058749632,0.14285714285714285,0.15985456500222484,-0.0048701934014824255,0.08099889755249023
SPY,1d,2,0.4,0.75,8,21,0.8282606426248084,0.9058822899814549,0.8550948692263155,0.04707079775771612,18.166143553115017,0.7714285714285715,1.258513222749759,-0.03858327782525883,0.08644270896911621
SPY,1d,2,0.4,0.75,9,21,0.7982188447313966,1.5694836371408458,0.7932976324152451,0.06275084397067052,12.642023313439882,0.7714285714285715,1.3092845251537835,-0.03026214957243767,0.08562684059143066
SPY,1d,2,0.4,0.75,10,30,0.7505440444502857,1.3600638725012635,0.7297494282101595,0.049716742362046325,14.678142483592188,0.4857142857142857,0.8339562107081024,-0.03322296945538561,0.08266234397888184
SPY,1d,2,0.4,0.75,12,26,0.6962775154304425,0.46976823282369207,0.7282670069510451,0.05127042158729979,14.204427902177507,0.5142857142857142,0.8877977905908132,-0.03322296945538561,0.08302497863769531
SPY,1d,2,0.4,0.75,20,50,0.5583377687536631,0.3421666633776812,0.6381557355085311,0.04921945465905957,12.965518206753824,0.14285714285714285,0.15981310781658498,-0.0048701934014824255,0.0864872932434082
SPY,1d,2,0.4,1.0,8,21,0.9805724120507558,0.8691034279917527,1.0018015053195999,0.05760509707076261,17.390848314845787,0.7714285714285715,1.3087011497188015,-0.046408547269669365,0.0884244441986084
SPY,1d,2,0.4,1.0,9,21,0.9382088237978382,1.6306479776724263,0.9298868513097871,0.0753127496536986,12.347004399461872,0.7714285714285715,1.3544810590612515,-0.03931054671467227,0.08537101745605469
SPY,1d,2,0.4,1.0,10,30,0.8805413357526594,1.3884124325125264,0.8495519448834477,0.05855190722113195,14.509381251663756,0.4857142857142857,0.8439705498689792,-0.03322296945538561,0.07946324348449707
SPY,1d,2,0.4,1.0,12,26,0.8215386820048778,0.3207338277119416,0.8483593052358724,0.05776970162675311,14.685194511079105,0.5142857142857142,0.9046692596215384,-0.03322296945538561,0.08624267578125
SPY,1d,2,0.4,1.0,20,50,0.6537875699079935,0.1949529042817566,0.7191762024056142,0.0543340720424383,13.236191865831309,0.14285714285714285,0.1597798764074168,-0.0048701934014824255,0.08010625839233398
SPY,1d,2,0.55,0.0,8,21,0.5341460601248785,0.6771801388740166,0.5330238380284738,0.1874247074986668,2.8439358137040993,0.3142857142857143,0.06651642134268308,-0.06675801093475897,0.0938425064086914
SPY,1d,2,0.55,0.0,9,21,0.7217715894622242,1.0357896209637913,0.612785114187788,0.1752779993865964,3.4960754705798402,0.34285714285714286,0.30781154186193266,-0.06675801093475897,0.09620380401611328
SPY,1d,2,0.55,0.0,10,30,0.7176829808713682,1.045388026189594,0.5966718752401867,0.21012705545343208,2.839576626401734,0.17142857142857143,0.0779523885219979,-0.04155866918889439,0.08521842956542969
SPY,1d,2,0.55,0.0,12,26,0.67904399444706,0.9564858092571316,0.5715971323950169,0.14099053818368007,4.054152425819879,0.2,0.10555335273366706,-0.0497500024907882,0.07878828048706055
SPY,1d,2,0.55,0.0,20,50,0.6383860349503524,0.9170276943098219,0.6501098072281408,0.1418650717208195,4.582592454522642,0.02857142857142857,-0.0690750319085914,-0.0048701934014824255,0.07796835899353027
SPY,1d,2,0.55,0.25,8,21,0.42700120824010496,0.8171302814829666,0.46402502383127936,0.03234481269185099,14.346196042377661,0.8285714285714286,1.2933385911675057,-0.017630963065479843,0.10033082962036133
SPY,1d,2,0.55,0.25,9,21,0.4512157004752372,1.3140679932211743,0.4481231639720962,0.03231269938890199,13.868329556088003,0.8,1.3009367615773388,-0.011097287187536553,0.08794569969177246
SPY,1d,2,0.55,0.25,10,30,0.43565510153481946,1.3340893252960493,0.4317577489341754,0.03749801077864758,11.514150750098732,0.5142857142857142,0.8872285766102198,-0.011175134867036252,0.08603978157043457
SPY,1d,2,0.55,0.25,12,26,0.39096873272222255,0.7641927965698532,0.4225629805502497,0.03259879853072797,12.962532350753278,0.5428571428571428,0.9182593762733918,-0.011175134867036252,0.08805203437805176
SPY,1d,2,0.55,0.25,20,50,0.3457751773093637,0.7263842861636192,0.4531675340299757,0.03380623996915011,13.404848762935892,0.17142857142857143,0.2155021619854609,-0.0048701934014824255,0.08228349685668945
SPY,1d,2,0.55,0.5,8,21,0.6521759504369986,0.881683461572101,0.68034674266419,0.03351781469201218,20.298063848008784,0.8285714285714286,1.3901557804976843,-0.023614876809857965,0.08798813819885254
SPY,1d,2,0.55,0.5,9,21,0.6487381711547956,1.516814373082418,0.6371801664581501,0.04620366977741739,13.790683067551049,0.8,1.3770230696905208,-0.0190776162293399,0.10330343246459961
SPY,1d,2,0.55,0.5,10,30,0.6028885156198864,1.5496263491262505,0.5898351626701175,0.041980529608905706,14.05020775500151,0.5142857142857142,0.9146220425484911,-0.019233311588339075,0.08488106727600098
SPY,1d,2,0.55,0.5,12,26,0.5647729139198145,0.5853723252207119,0.5865383089417351,0.043510880009139795,13.4802676668118,0.5428571428571428,0.9562475505562743,-0.019233311588339075,0.08470559120178223
SPY,1d,2,0.55,0.5,20,50,0.44988947564736315,0.5519038120096544,0.537535004585772,0.04136513228950049,12.994881796188812,0.17142857142857143,0.21570696822202592,-0.0048701934014824255,0.07961487770080566
SPY,1d,2,0.55,0.75,8,21,0.8444185851675096,0.8871683276863958,0.8665298426309451,0.045888907434145636,18.88320927828772,0.8285714285714286,1.4596022520074414,-0.03226353539152971,0.10006928443908691
SPY,1d,2,0.55,0.75,9,21,0.8260768928274809,1.6522246316485796,0.8057838396998178,0.06098201604540595,13.213466722711296,0.8,1.4335100438210102,-0.027057945271143136,0.08394455909729004
SPY,1d,2,0.55,0.75,10,30,0.7583690359640113,1.6999069570367875,0.7357073087464778,0.05433712456996676,13.539680551169951,0.5142857142857142,0.9354294296887413,-0.02729148830964212,0.08269834518432617
SPY,1d,2,0.55,0.75,12,26,0.7244844501569251,0.41983098370134986,0.7355669231673487,0.05151997858097228,14.277314226970846,0.5428571428571428,0.9829327163531864,-0.02729148830964212,0.08707308769226074
SPY,1d,2,0.55,0.75,20,50,0.5609554947382149,0.3925041113597292,0.6326382247291873,0.04913490280180017,12.875536302190653,0.17142857142857143,0.21584948727428738,-0.0048701934014824255,0.08213281631469727
SPY,1d,2,0.55,1.0,8,21,1.0006223612928289,0.8474717720578664,1.017958988098975,0.05632939262776038,18.071542060215684,0.8285714285714286,1.5133138828551924,-0.042851380522039295,0.09096527099609375
SPY,1d,2,0.55,1.0,9,21,0.9718689416976226,1.728434335105995,0.944142591687107,0.07222583017958298,13.072090543501986,0.8,1.4777059422627528,-0.03503827431294648,0.0865774154663086
SPY,1d,2,0.55,1.0,10,30,0.8872369466272073,1.792650251234984,0.8563855648552259,0.06375546745198674,13.432347045375469,0.5142857142857142,0.9519325658008636,-0.035349665030945054,0.08459997177124023
SPY,1d,2,0.55,1.0,12,26,0.8567206618724581,0.2672538253375618,0.8584343754777715,0.05676229979991972,15.123319148513174,0.5428571428571428,1.0033630479497653,-0.035349665030945054,0.08753347396850586
SPY,1d,2,0.55,1.0,20,50,0.6560543692861237,0.24714778756607125,0.7146040475259496,0.05418611876070302,13.187954108353603,0.17142857142857143,0.21595432155158112,-0.0048701934014824255,0.07842636108398438
SPY,1d,2,0.7,0.0,8,21,0.6218710879855132,0.8183415896247921,0.5373329549921391,0.23692751286409217,2.267921308490531,0.2857142857142857,-0.003644911840183838,-0.06675801093475897,0.08251237869262695
SPY,1d,2,0.7,0.0,9,21,0.7733042807277738,1.1261678742912813,0.6233280976507882,0.18665147596118845,3.3395294328152034,0.3142857142857143,0.21600159024916638,-0.06675801093475897,0.08336281776428223
SPY,1d,2,0.7,0.0,10,30,0.6940232684529536,0.9922424731780111,0.596864601589529,0.2004558949182036,2.977535790768741,0.17142857142857143,0.0779523885219979,-0.04155866918889439,0.08456707000732422
SPY,1d,2,0.7,0.0,12,26,0.7048710578258335,0.9975006670933213,0.5685539336529828,0.13950238561513642,4.075585741031894,0.2,0.10555335273366706,-0.0497500024907882,0.08438920974731445
SPY,1d,2,0.7,0.0,20,50,0.6475202309431954,0.9349839269907514,0.6383286751745576,0.14004845948494982,4.557912864747756,0.02857142857142857,-0.0690750319085914,-0.0048701934014824255,0.07656693458557129
SPY,1d,2,0.7,0.25,8,21,0.44577075677986566,1.0113899182342792,0.4687206360157289,0.03594133031261086,13.041271203344056,0.8285714285714286,1.2919725883935045,-0.019466929737333882,0.08468317985534668
SPY,1d,2,0.7,0.25,9,21,0.464082459448699,1.4444690650789584,0.4515327961118091,0.02797927176066887,16.13811824604168,0.8,1.2956333841454122,-0.019466929737333882,0.08131003379821777
SPY,1d,2,0.7,0.25,10,30,0.43190949576530785,1.257297486353051,0.43362416890145916,0.04361051715349967,9.943109992830285,0.5142857142857142,0.8872285766102198,-0.011175134867036252,0.09814047813415527
SPY,1d,2,0.7,0.25,12,26,0.3972500285008951,0.811269552533787,0.42343083179797664,0.029804368262486093,14.207005767370582,0.5428571428571428,0.9182593762733918,-0.011175134867036252,0.08823275566101074
SPY,1d,2,0.7,0.25,20,50,0.3483914558259001,0.746989037164028,0.4500640499670931,0.03205261902194355,14.041412642722726,0.17142857142857143,0.2155021619854609,-0.0048701934014824255,0.07822537422180176
SPY,1d,2,0.7,0.5,8,21,0.6721473810333715,1.1296187876151045,0.6878890379382738,0.030943098210986772,22.23077447668215,0.8285714285714286,1.3934713628497468,-0.03385475443727426,0.09026336669921875
SPY,1d,2,0.7,0.5,9,21,0.6659146434669794,1.689678608395604,0.6390380337231328,0.042380603561661005,15.078549619836686,0.8,1.3780052919234353,-0.03385475443727426,0.08865904808044434
SPY,1d,2,0.7,0.5,10,30,0.6048941775466805,1.4476453472769948,0.5957665832619323,0.04604346294993785,12.939221880632601,0.5142857142857142,0.9146220425484911,-0.019233311588339075,0.08673596382141113
SPY,1d,2,0.7,0.5,12,26,0.5732081638273666,0.6370868858678203,0.5941983382445047,0.046870985194044715,12.677317017863789,0.5428571428571428,0.9562475505562743,-0.019233311588339075,0.08834671974182129
SPY,1d,2,0.7,0.5,20,50,0.45174258445554866,0.5745633882875731,0.5381920462203229,0.041647513489721254,12.922549298246834,0.17142857142857143,0.21570696822202592,-0.0048701934014824255,0.07970905303955078
SPY,1d,2,0.7,0.75,8,21,0.8673954347494411,1.185428150753841,0.8763992022923306,0.043036733586835116,20.36398047086966,0.8285714285714286,1.465859179405975,-0.04813624857783072,0.09703660011291504
SPY,1d,2,0.7,0.75,9,21,0.8472955405180275,1.8681375777320213,0.8072577595849086,0.058285215246518314,13.850129165185342,0.8,1.4380021952782778,-0.04813624857783072,0.0908501148223877
SPY,1d,2,0.7,0.75,10,30,0.7641175177619354,1.5722437613216136,0.7447879718979693,0.05630695724526493,13.227281464593815,0.5142857142857142,0.9354294296887413,-0.02729148830964212,0.08263587951660156
SPY,1d,2,0.7,0.75,12,26,0.7352613385777707,0.47489360982076034,0.7480140323795407,0.0571799132404627,13.0817622830917,0.5428571428571428,0.9829327163531864,-0.02729148830964212,0.07727360725402832
SPY,1d,2,0.7,0.75,20,50,0.5624985202733145,0.41668894731796313,0.6357762830845172,0.05165328830964646,12.308534536527917,0.17142857142857143,0.21584948727428738,-0.0048701934014824255,0.07258987426757812
SPY,1d,2,0.7,1.0,8,21,1.0263713636172023,1.1900483181404207,1.0296572382054654,0.054124424518170525,19.023892584017982,0.8285714285714286,1.5217719167544292,-0.06231141215900349,0.0809319019317627
SPY,1d,2,0.7,1.0,9,21,0.9964100889489146,1.9863874606886536,0.9454644344530807,0.07012673249153233,13.482225691425787,0.8,1.4847050534470143,-0.06231141215900349,0.08477520942687988
SPY,1d,2,0.7,1.0,10,30,0.8957679098365681,1.639712186376081,0.8679323902239146,0.06466578580755257,13.421817726098757,0.5142857142857142,0.9519325658008636,-0.035349665030945054,0.08420991897583008
SPY,1d,2,0.7,1.0,12,26,0.8694646402392338,0.3245098591048108,0.8745358052052895,0.06400639803675473,13.663256049857706,0.5428571428571428,1.0033630479497653,-0.035349665030945054,0.07902407646179199
SPY,1d,2,0.7,1.0,20,50,0.6574083060848841,0.2723886235430537,0.7195846797148541,0.05848515077939906,12.303715902675286,0.17142857142857143,0.21595432155158112,-0.0048701934014824255,0.07786130905151367
SPY,1d,2,0.85,0.0,8,21,0.6728384688762945,0.9199681156336184,0.5441382432833832,0.3097448038077585,1.7567308203210403,0.4,0.32007651431860384,-0.06703497546972159,0.0823514461517334
SPY,1d,2,0.85,0.0,9,21,0.7735334227821474,1.1297289747354444,0.6212662746664527,0.27872751109847943,2.2289377615363852,0.34285714285714286,0.24461353150040901,-0.0616552430139673,0.08407735824584961
SPY,1d,2,0.85,0.0,10,30,0.7053470183174647,1.001671207467604,0.5873800892449133,0.16791291104041206,3.498123435568018,0.2,0.15593776701387368,-0.03448407528227637,0.07758903503417969
SPY,1d,2,0.85,0.0,12,26,0.6775605830378303,0.9377861897084572,0.6004043375667341,0.1612154393935997,3.72423596539582,0.22857142857142856,0.1552340999433652,-0.047207295678083794,0.08400845527648926
SPY,1d,2,0.85,0.0,20,50,0.6187560052623651,0.8747219826830412,0.5965964357244044,0.14657354603837952,4.070287250662467,0.08571428571428572,0.07948387740079925,-0.0004999999999999449,0.0735163688659668
SPY,1d,2,0.85,0.25,8,21,0.4597352953207806,1.1568810317674534,0.4803132318319168,0.04234076704454825,11.343989855605637,0.8285714285714286,1.2938593427881784,-0.027802778502279635,0.09802460670471191
SPY,1d,2,0.85,0.25,9,21,0.4666804581292473,1.4539629548153834,0.4606567632191898,0.030139285688047895,15.284262805268439,0.8,1.2947074642803664,-0.027802778502279635,0.10117483139038086
SPY,1d,2,0.85,0.25,10,30,0.4324821459510464,1.2695506073614662,0.43049416243412003,0.038387868331901526,11.21432841000879,0.5142857142857142,0.870820497296488,0.0,0.08287405967712402
SPY,1d,2,0.85,0.25,12,26,0.3900151185552473,0.7438847660504571,0.4344964594219686,0.034089146179994846,12.745888592450346,0.5428571428571428,0.9099793842004456,0.0,0.08316326141357422
SPY,1d,2,0.85,0.25,20,50,0.34263067210167053,0.678744522176933,0.43519395438405384,0.03396430664027843,12.813273622608133,0.22857142857142856,0.3755866734419248,-0.009017591094521493,0.07922768592834473
SPY,1d,2,0.85,0.5,8,21,0.6887600068311002,1.3193805108115138,0.709076712224521,0.036527872050484196,19.411935938795587,0.8285714285714286,1.387511435831928,-0.043784188167226845,0.08837389945983887
SPY,1d,2,0.85,0.5,9,21,0.6718458088965337,1.7061009023338887,0.6581646532963883,0.03683075302345743,17.869975476124655,0.8,1.3785809991950648,-0.043784188167226845,0.0832207202911377
SPY,1d,2,0.85,0.5,10,30,0.6048186681087001,1.4622197631256224,0.5971939231516464,0.05179927498125772,11.529001580962788,0.5142857142857142,0.8961220309181789,-0.0008272525093108163,0.09854769706726074
SPY,1d,2,0.85,0.5,12,26,0.5682167413097053,0.5643064345762401,0.6051410380266565,0.04830704017230921,12.526974036665122,0.5428571428571428,0.9472206329993219,-0.0008272525093108163,0.09116697311401367
SPY,1d,2,0.85,0.5,20,50,0.4549339124212336,0.5004934186591217,0.5279893517984917,0.042257100834461214,12.494689445611696,0.22857142857142856,0.3819991596996002,-0.017535182189043153,0.08989739418029785
SPY,1d,2,0.85,0.75,8,21,0.8874392525229396,1.4176010821364655,0.9052911439313126,0.0521404941042958,17.362534810668905,0.8285714285714286,1.4571759110459617,-0.05963496942499502,0.08951330184936523
SPY,1d,2,0.85,0.75,9,21,0.8557566773683342,1.892090004019523,0.8339542617255449,0.05578880320328918,14.948416417658102,0.8,1.4390668001589024,-0.05963496942499502,0.08931589126586914
SPY,1d,2,0.85,0.75,10,30,0.7641139798068146,1.588506377272978,0.7497177307437081,0.0664659364044491,11.279728704665077,0.5142857142857142,0.9161563939812201,-0.005818775446735036,0.09012460708618164
SPY,1d,2,0.85,0.75,12,26,0.7315001932789106,0.39869833185099335,0.7605232452818141,0.06123825950381896,12.419086555430043,0.5428571428571428,0.9736412655568856,-0.005818775446735036,0.08527660369873047
SPY,1d,2,0.85,0.75,20,50,0.5708087821020508,0.33866253117427103,0.6275021116321947,0.05191311146642859,12.087545783842888,0.22857142857142856,0.3870780963723132,-0.02605277328356448,0.07849740982055664
SPY,1d,2,0.85,1.0,8,21,1.0494026281226525,1.4610816586610516,1.0646852558425333,0.06621310888716109,16.079674761336857,0.8285714285714286,1.5116259937852572,-0.07535512227558516,0.08529019355773926
SPY,1d,2,0.85,1.0,9,21,1.0068439544349514,2.018138778677576,0.9780933838735452,0.070027976786364,13.9671803864538,0.8,1.4860071735652525,-0.07535512227558516,0.0890355110168457
SPY,1d,2,0.85,1.0,10,30,0.8959027014611435,1.6569809416049415,0.875588331380697,0.07756344501143725,11.288672534485617,0.5142857142857142,0.932194732314926,-0.010810298384159256,0.0822453498840332
SPY,1d,2,0.85,1.0,12,26,0.8665212871241018,0.24660261483540924,0.8886111755500197,0.07060937379699378,12.584889622514293,0.5428571428571428,0.9939060831825027,-0.010810298384159256,0.08545756340026855
SPY,1d,2,0.85,1.0,20,50,0.6693436064300774,0.1920120961653835,0.7124820355442408,0.058640831406829054,12.149930661816441,0.22857142857142856,0.3911503437513781,-0.03457036437808614,0.07768988609313965
SPY,1d,2,1.0,0.0,8,21,0.670288311872445,0.9151808998343627,0.5958537179598535,0.32318465418105835,1.8436943408397024,0.37142857142857144,0.3228221221142232,-0.06703497546972159,0.0851142406463623
SPY,1d,2,1.0,0.0,9,21,0.6773568057365128,0.9364843770468145,0.6227056458540575,0.28540101948398333,2.181862023408097,0.34285714285714286,0.2571280943121999,-0.0616552430139673,0.08509206771850586
SPY,1d,2,1.0,0.0,10,30,0.7138259798582506,1.023900487686392,0.6415750031942832,0.2102748409695709,3.0511258514618316,0.2,0.15593776701387368,-0.03448407528227637,0.08484506607055664
SPY,1d,2,1.0,0.0,12,26,0.673296831195361,0.9310194046491911,0.6290354152192494,0.19985591737201994,3.1474445364974475,0.22857142857142856,0.19261037743856677,-0.03448407528227637,0.08561205863952637
SPY,1d,2,1.0,0.0,20,50,0.5822548066325546,0.8018790356813963,0.5995985084972598,0.11664078196928233,5.140556316359108,0.08571428571428572,0.07948387740079925,-0.0004999999999999449,0.08218240737915039
SPY,1d,2,1.0,0.25,8,21,0.45911363879076306,1.1500857843494274,0.489633657697472,0.0420154249911373,11.653664286408027,0.8285714285714286,1.2956928634304337,-0.029449950183139895,0.0862114429473877
SPY,1d,2,1.0,0.25,9,21,0.45130413775170314,1.1790993083417383,0.46688435969179815,0.0314130825345652,14.862736223930419,0.8,1.2967762285206412,-0.029449950183139895,0.08536362648010254
SPY,1d,2,1.0,0.25,10,30,0.4349599549718048,1.3020348161805253,0.4450230455005933,0.03826677559121898,11.629488992083045,0.5142857142857142,0.870820497296488,0.0,0.07999706268310547
SPY,1d,2,1.0,0.25,12,26,0.4274056433933056,1.171033921083386,0.4422132431465779,0.029115736226221885,15.188118195284268,0.5428571428571428,0.915091318695791,0.0,0.08604001998901367
SPY,1d,2,1.0,0.25,20,50,0.33217921664499017,0.5977728603853985,0.43252494842412953,0.03785846823251944,11.424787336023327,0.22857142857142856,0.3755866734419248,-0.009017591094521493,0.08052945137023926
SPY,1d,2,1.0,0.5,8,21,0.6882754697597171,1.310515744379975,0.7149914196154412,0.032286796054119195,22.145009942050958,0.8285714285714286,1.39251286701544,-0.04705451553188289,0.08463573455810547
SPY,1d,2,1.0,0.5,9,21,0.6663901918549596,1.34683156826781,0.670277796365195,0.04374077799922457,15.323865441466943,0.8,1.383811436853909,-0.04705451553188289,0.09649515151977539
SPY,1d,2,1.0,0.5,10,30,0.6065623219673694,1.505835254620814,0.6065122354444857,0.045207530837150824,13.416177000006904,0.5142857142857142,0.8961220309181789,-0.0008272525093108163,0.08897829055786133
SPY,1d,2,1.0,0.5,12,26,0.6066022029117843,1.3360402347936993,0.6125580403162485,0.03813451584931376,16.063086856451374,0.5428571428571428,0.9501427585871639,-0.0008272525093108163,0.0867912769317627
SPY,1d,2,1.0,0.5,20,50,0.44817166378488543,0.4142351005231537,0.5265000897529819,0.04711598971693037,11.174552268055033,0.22857142857142856,0.3819991596996002,-0.017535182189043153,0.07891416549682617
SPY,1d,2,1.0,0.75,8,21,0.887059023913568,1.4067014732129604,0.9100564614881144,0.04836235491264134,18.817455500915578,0.8285714285714286,1.4645820635858582,-0.06450443647638315,0.09058976173400879
SPY,1d,2,1.0,0.75,9,21,0.8552996178833527,1.449541642040654,0.8507433715537512,0.06604442523457596,12.88138050307939,0.8,1.4466561750097082,-0.06450443647638315,0.08809757232666016
SPY,1d,2,1.0,0.75,10,30,0.7656125698516649,1.6436922995876868,0.7571879568403053,0.06025320505745613,12.566766466916864,0.5142857142857142,0.9161563939812201,-0.005818775446735036,0.08141708374023438
SPY,1d,2,1.0,0.75,12,26,0.769794641853661,1.4362675778000598,0.7687214879718919,0.05053505363471315,15.211648799831247,0.5428571428571428,0.9757754438910031,-0.005818775446735036,0.08671259880065918
SPY,1d,2,1.0,0.75,20,50,0.5654528395523913,0.2494831406650233,0.6264649112332643,0.05541737769268313,11.304484934442824,0.22857142857142856,0.3870780963723132,-0.02605277328356448,0.07861328125
SPY,1d,2,1.0,1.0,8,21,1.0491001774955746,1.4482590875076657,1.0688270120367078,0.06296519006431057,16.974887409138972,0.8285714285714286,1.5209501960897038,-0.08179971301664113,0.08868908882141113
SPY,1d,2,1.0,1.0,9,21,1.0097667751233192,1.4966071179728848,0.9985746374602311,0.08303480407713144,12.02597692086622,0.8,1.4954665274222823,-0.08179971301664113,0.08498644828796387
SPY,1d,2,1.0,1.0,10,30,0.8972633461269143,1.723785598631749,0.8820323890936829,0.07199166470561527,12.251868222528897,0.5142857142857142,0.932194732314926,-0.010810298384159256,0.08131623268127441
SPY,1d,2,1.0,1.0,12,26,0.904357579924198,1.4813272819461503,0.8976045594476373,0.05962424994183558,15.054353896665619,0.5428571428571428,0.995615467945668,-0.010810298384159256,0.08362483978271484
SPY,1d,2,1.0,1.0,20,50,0.6647943585134124,0.10185821127108685,0.711687161634716,0.06128565544449938,11.612622178434947,0.22857142857142856,0.3911503437513781,-0.03457036437808614,0.08900713920593262
SPY,1d,3,0.0,0.0,8,21,0.5480331647532694,0.7338575671222585,0.5642215510243548,0.1016723213429201,5.549411517037661,0.3142857142857143,0.205774305223255,-0.10927621594821013,0.09047818183898926
SPY,1d,3,0.0,0.0,9,21,0.6338978755279767,0.9018366568968899,0.47286827540255344,0.2230112432338264,2.120378634483253,0.3142857142857143,0.2829127461134305,-0.08757614254312207,0.08405399322509766
SPY,1d,3,0.0,0.0,10,30,0.6172906802034,0.8751714207322123,0.5828796631593421,0.18457381122246125,3.1579759842354607,0.17142857142857143,0.10630924889196067,-0.053311013645768734,0.08665060997009277
SPY,1d,3,0.0,0.0,12,26,0.619678422879683,0.8565441273091292,0.5711446396376817,0.15525897245843265,3.6786578617257932,0.2,0.125332325501715,-0.053311013645768734,0.08586525917053223
SPY,1d,3,0.0,0.0,20,50,0.5738913229650409,0.8117862336263302,0.7052606221176461,0.20156778609575737,3.4988756674769594,0.02857142857142857,-0.0690750319085914,-0.0048701934014824255,0.08041930198669434
SPY,1d,3,0.0,0.25,8,21,0.407382526152931,0.895313541812067,0.4270203411383731,0.021562202677408722,19.804114984308786,0.7714285714285715,1.1562773543993086,-0.026348241817792495,0.0891261100769043
SPY,1d,3,0.0,0.25,9,21,0.4238590388905996,1.127211811087642,0.4104598112533798,0.031059752949592907,13.215166647317446,0.7714285714285715,1.1799043741394706,-0.03322296945538561,0.08336520195007324
SPY,1d,3,0.0,0.25,10,30,0.37211772689039624,0.6836062224564945,0.4270794130773064,0.029360346440768386,14.546129894580677,0.4857142857142857,0.7830068629050434,-0.036560140766364047,0.08436226844787598
SPY,1d,3,0.0,0.25,12,26,0.36345017950098,0.6562355465452681,0.42207148319557247,0.04887521026589526,8.63569651975678,0.5142857142857142,0.8150995640807481,-0.036560140766364047,0.08666133880615234
SPY,1d,3,0.0,0.25,20,50,0.32570643213342576,0.6127452975917287,0.48275701925314574,0.029614722202761897,16.301250977398105,0.14285714285714285,0.1599071092532555,-0.0048701934014824255,0.08169126510620117
SPY,1d,3,0.0,0.5,8,21,0.5950400058180484,0.9815885457690792,0.611785176253601,0.036426108630175216,16.795238340304103,0.7714285714285715,1.2540645199534328,-0.026348241817792495,0.08963346481323242
SPY,1d,3,0.0,0.5,9,21,0.6011884790863464,1.2755969064132229,0.5937313293124424,0.036058257623451336,16.46589071254223,0.7714285714285715,1.2617161124043028,-0.03322296945538561,0.08965253829956055
SPY,1d,3,0.0,0.5,10,30,0.5325771775807678,0.5067472101251189,0.5773265029243786,0.040091473595104385,14.400231549355587,0.4857142857142857,0.805625014163728,-0.036560140766364047,0.08881497383117676
SPY,1d,3,0.0,0.5,12,26,0.5163661793311763,0.47217831814400735,0.5716692763424416,0.0514869440627789,11.103189104511536,0.5142857142857142,0.8490636937581502,-0.036560140766364047,0.09279108047485352
SPY,1d,3,0.0,0.5,20,50,0.42356987882758057,0.4329553063994849,0.5386210164065084,0.026468384375413302,20.349599309387308,0.14285714285714285,0.15985456500222484,-0.0048701934014824255,0.08490943908691406
SPY,1d,3,0.0,0.75,8,21,0.760470756274518,1.007389847832469,0.774728401540227,0.042557961977328376,18.204076641474114,0.7714285714285715,1.3196176134211992,-0.03097791075383005,0.08930444717407227
SPY,1d,3,0.0,0.75,9,21,0.7613355059288497,1.358589434074998,0.7539527435836435,0.04390298572954747,17.17315419566602,0.7714285714285715,1.3162576672634305,-0.033693021385652666,0.08921980857849121
SPY,1d,3,0.0,0.75,10,30,0.681548698621706,0.3441251214996417,0.7170268711109672,0.05108718530406818,14.035356750293872,0.4857142857142857,0.8185430780894517,-0.036560140766364047,0.07998108863830566
SPY,1d,3,0.0,0.75,12,26,0.6597566090151493,0.30381255825602715,0.7103320522538521,0.0568054580627382,12.504644385920333,0.5142857142857142,0.8712922096977042,-0.036560140766364047,0.08643102645874023
SPY,1d,3,0.0,0.75,20,50,0.5285966400971059,0.27084270260937515,0.6161221186686195,0.03861594958595236,15.955120235933583,0.14285714285714285,0.15981310781658498,-0.0048701934014824255,0.0828866958618164
SPY,1d,3,0.0,1.0,8,21,0.8960246633533446,0.9855113246116634,0.908119298637476,0.04619439976841424,19.65864483985371,0.7714285714285715,1.3690729738898157,-0.03931054671467227,0.08754324913024902
SPY,1d,3,0.0,1.0,9,21,0.8932761562495942,1.3868370351025772,0.8849134484985537,0.049539654291452975,17.86272958814787,0.7714285714285715,1.3573360811887702,-0.039873301845434916,0.08495211601257324
SPY,1d,3,0.0,1.0,10,30,0.8052710217599852,0.19518477221594144,0.8328558790435343,0.0588353953961124,14.155694432514446,0.4857142857142857,0.8278480258746354,-0.036560140766364047,0.08453249931335449
SPY,1d,3,0.0,1.0,12,26,0.7791183525719406,0.15047834506640712,0.8252480720915422,0.0609597606428165,13.537587145837808,0.5142857142857142,0.8878775076082764,-0.036560140766364047,0.08586454391479492
SPY,1d,3,0.0,1.0,20,50,0.6187413850589348,0.12493328159291983,0.685262495397444,0.04735630551289836,14.470353799259112,0.14285714285714285,0.1597798764074168,-0.0048701934014824255,0.08071255683898926
SPY,1d,3,0.1,0.0,8,21,0.5325076090134077,0.7017149915330534,0.5917303499682289,0.1251036589732737,4.729920410198732,0.3142857142857143,0.23110890202888337,-0.10927621594821013,0.08856606483459473
SPY,1d,3,0.1,0.0,9,21,0.6333451374833894,0.8789358392154778,0.4867569830740564,0.2262994665516915,2.1509418050831814,0.3142857142857143,0.32258012179789447,-0.08757614254312207,0.08390402793884277
SPY,1d,3,0.1,0.0,10,30,0.6790766092331132,0.9988312590346866,0.5707039993279069,0.1838317550347302,3.104490838484827,0.17142857142857143,0.10630924889196067,-0.053311013645768734,0.0806427001953125
SPY,1d,3,0.1,0.0,12,26,0.6578693239237093,0.9376074136966936,0.5716230910032155,0.18343939276269333,3.1161414263003837,0.2,0.125332325501715,-0.053311013645768734,0.08083295822143555
SPY,1d,3,0.1,0.0,20,50,0.5887888235711601,0.8432835176281372,0.7080523514413187,0.19262969490804718,3.6757175563160773,0.02857142857142857,-0.0690750319085914,-0.0048701934014824255,0.07954621315002441
SPY,1d,3,0.1,0.25,8,21,0.40596407017553554,0.8513640743138988,0.4341048926946224,0.02381466781200681,18.228467267376985,0.7714285714285715,1.1596597380633527,-0.026348241817792495,0.09314846992492676
SPY,1d,3,0.1,0.25,9,21,0.42291579382622335,1.094315431747379,0.4144064338519543,0.01782141989144417,23.25327815495248,0.7714285714285715,1.1860147954104887,-0.03322296945538561,0.08231210708618164
SPY,1d,3,0.1,0.25,10,30,0.3861967854669658,0.8244689644398773,0.4243194831388776,0.03735996041402207,11.357599912756346,0.4857142857142857,0.7830068629050434,-0.036560140766364047,0.08284926414489746
SPY,1d,3,0.1,0.25,12,26,0.3728349325317106,0.7474280183723363,0.42282678108500277,0.04034020809718433,10.481522060232388,0.5142857142857142,0.8150995640807481,-0.036560140766364047,0.0841374397277832
SPY,1d,3,0.1,0.25,20,50,0.330458390812273,0.6482832271890406,0.48303492037544815,0.020228732532681405,23.878654759761154,0.14285714285714285,0.1599071092532555,-0.0048701934014824255,0.07768845558166504
SPY,1d,3,0.1,0.5,8,21,0.5986168809309955,0.9264134260579746,0.6185636344170901,0.0381232092130364,16.225382049042437,0.7714285714285715,1.2560627182526123,-0.026348241817792495,0.08905386924743652
SPY,1d,3,0.1,0.5,9,21,0.6046096210168128,1.232276921138745,0.5985470042337007,0.031381841687789916,19.073036254165544,0.7714285714285715,1.2652951789568208,-0.03322296945538561,0.09216570854187012
SPY,1d,3,0.1,0.5,10,30,0.5417851288238822,0.6603644760869751,0.5753113696528449,0.04463043230062373,12.890562335978194,0.4857142857142857,0.805625014163728,-0.036560140766364047,0.08881282806396484
SPY,1d,3,0.1,0.5,12,26,0.5220838906462086,0.5703384371650841,0.5744392357726777,0.04743918344021564,12.108961287173171,0.5142857142857142,0.8490636937581502,-0.036560140766364047,0.0856924057006836
SPY,1d,3,0.1,0.5,20,50,0.4263453915562082,0.4713873229786463,0.5387171211867987,0.023761345365056898,22.67199575235452,0.14285714285714285,0.15985456500222484,-0.0048701934014824255,0.07830977439880371
SPY,1d,3,0.1,0.75,8,21,0.767309941330553,0.9421429531355809,0.7821506212023889,0.04459725709551335,17.538088038178387,0.7714285714285715,1.3211063398470142,-0.03097791075383005,0.08768010139465332
SPY,1d,3,0.1,0.75,9,21,0.7680171518836768,1.3049294650622878,0.7598708322366763,0.0416189726782169,18.257798867639703,0.7714285714285715,1.3189122407484735,-0.033693021385652666,0.09034419059753418
SPY,1d,3,0.1,0.75,10,30,0.6889411185126737,0.5065503599162495,0.7153658448673511,0.05403642695762775,13.238585249692761,0.4857142857142857,0.8185430780894517,-0.036560140766364047,0.08702373504638672
SPY,1d,3,0.1,0.75,12,26,0.6641371469475109,0.4061967398398829,0.7147542727328229,0.05506817025941601,12.979444738507691,0.5142857142857142,0.8712922096977042,-0.036560140766364047,0.08169317245483398
SPY,1d,3,0.1,0.75,20,50,0.5306060623287007,0.311184129375621,0.616131675133472,0.037795383139001944,16.301770850357414,0.14285714285714285,0.15981310781658498,-0.0048701934014824255,0.08493995666503906
SPY,1d,3,0.1,1.0,8,21,0.9053092401855073,0.9117179476943562,0.9162215956435477,0.04835189290815716,18.949032613550013,0.7714285714285715,1.3702784779590595,-0.03931054671467227,0.10689067840576172
SPY,1d,3,0.1,1.0,9,21,0.9024849185784156,1.3233464691855126,0.8917828313932086,0.04795974739906538,18.59440217590861,0.7714285714285715,1.3594825941891933,-0.039873301845434916,0.08072948455810547
SPY,1d,3,0.1,1.0,10,30,0.8116240934131131,0.36295545823673825,0.8314262731169817,0.06101310834684741,13.627010582553645,0.4857142857142857,0.8278480258746354,-0.036560140766364047,0.07791781425476074
SPY,1d,3,0.1,1.0,12,26,0.7827599630454745,0.254738591443336,0.830982505229166,0.0603131618768905,13.777797073967763,0.5142857142857142,0.8878775076082764,-0.036560140766364047,0.08146882057189941
SPY,1d,3,0.1,1.0,20,50,0.6203207178736708,0.1663455616328704,0.685221425321671,0.04698279736055761,14.584517393954052,0.14285714285714285,0.1597798764074168,-0.0048701934014824255,0.07756495475769043
SPY,1d,3,0.25,0.0,8,21,0.4978867696747654,0.6353846393072546,0.6126260225284954,0.07198934142790586,8.50995453461695,0.3142857142857143,0.23110890202888337,-0.10927621594821013,0.0845341682434082
SPY,1d,3,0.25,0.0,9,21,0.7198978580608378,1.0558692752460175,0.5269298776179049,0.25584889078155715,2.0595355172666965,0.3142857142857143,0.32258012179789447,-0.08757614254312207,0.08828043937683105
SPY,1d,3,0.25,0.0,10,30,0.7013250709815675,1.0320540469867363,0.6126002032520643,0.1645921569521861,3.7219282777248264,0.17142857142857143,0.10630924889196067,-0.053311013645768734,0.0796499252319336
SPY,1d,3,0.25,0.0,12,26,0.6714368830639849,0.9553070354922981,0.5969569041597318,0.17008931515682155,3.5096672804481597,0.2,0.125332325501715,-0.053311013645768734,0.08117842674255371
SPY,1d,3,0.25,0.0,20,50,0.6381718509352784,0.9346049729692123,0.683379649068731,0.20502684924190012,3.3331227182955354,0.02857142857142857,-0.0690750319085914,-0.0048701934014824255,0.07330465316772461
SPY,1d,3,0.25,0.25,8,21,0.40041237012940145,0.7603895900379156,0.45932355481621234,0.02671670405635949,17.19237349963749,0.7714285714285715,1.1596597380633527,-0.026348241817792495,0.08665847778320312
SPY,1d,3,0.25,0.25,9,21,0.440286806820712,1.3418143324111793,0.42521157209435667,0.02677874085984709,15.878699238317536,0.7714285714285715,1.1860147954104887,-0.03322296945538561,0.08674931526184082
SPY,1d,3,0.25,0.25,10,30,0.4325428421275029,1.315629059913638,0.4313022974852901,0.028042536619644055,15.38028828615878,0.4857142857142857,0.7830068629050434,-0.036560140766364047,0.09321093559265137
SPY,1d,3,0.25,0.25,12,26,0.3797360787749171,0.763157528806399,0.4252317035062612,0.032171403479501134,13.217692034393492,0.5142857142857142,0.8150995640807481,-0.036560140766364047,0.08534383773803711
SPY,1d,3,0.25,0.25,20,50,0.3465499663898047,0.7505162451944987,0.47391911808621234,0.02430448441909711,19.49924589693551,0.14285714285714285,0.1599071092532555,-0.0048701934014824255,0.0818471908569336
SPY,1d,3,0.25,0.5,8,21,0.5996671172577541,0.8118135723714772,0.6524877769105812,0.03896980755195725,16.743417992009306,0.7714285714285715,1.2560627182526123,-0.026348241817792495,0.09139537811279297
SPY,1d,3,0.25,0.5,9,21,0.6147727169722863,1.5502171439025556,0.6093074529576074,0.03433243090764655,17.747285492152606,0.7714285714285715,1.2652951789568208,-0.03322296945538561,0.08229684829711914
SPY,1d,3,0.25,0.5,10,30,0.5964288861570803,1.5261780139343184,0.5819956024397139,0.04261931259549304,13.655677837029673,0.4857142857142857,0.805625014163728,-0.036560140766364047,0.08163022994995117
SPY,1d,3,0.25,0.5,12,26,0.5370383135466033,0.5845443901323644,0.578008049775151,0.046859581132436386,12.334895784526156,0.5142857142857142,0.8490636937581502,-0.036560140766364047,0.07853913307189941
SPY,1d,3,0.25,0.5,20,50,0.4443528647483188,0.5810844686044963,0.5352177798548748,0.022165591352791527,24.146334349318845,0.14285714285714285,0.15985456500222484,-0.0048701934014824255,0.07735633850097656
SPY,1d,3,0.25,0.75,8,21,0.7722747669647883,0.8061194596325594,0.8224227451440228,0.04717707313401379,17.43267842851979,0.7714285714285715,1.3211063398470142,-0.03097791075383005,0.0838623046875
SPY,1d,3,0.25,0.75,9,21,0.7757080410527292,1.689731911078054,0.7720796145013752,0.04688232017840071,16.468459998638938,0.7714285714285715,1.3189122407484735,-0.033693021385652666,0.0803673267364502
SPY,1d,3,0.25,0.75,10,30,0.7490955581914458,1.6718833507385416,0.7228867944873406,0.05418070146770105,13.342145356281108,0.4857142857142857,0.8185430780894517,-0.036560140766364047,0.08199334144592285
SPY,1d,3,0.25,0.75,12,26,0.6851392291282493,0.41923893507748833,0.7197443919453825,0.05704546726972132,12.61703035128629,0.5142857142857142,0.8712922096977042,-0.036560140766364047,0.08998680114746094
SPY,1d,3,0.25,0.75,20,50,0.550957605454298,0.4254351118632784,0.6160778989494264,0.0376694362869773,16.354847846831486,0.14285714285714285,0.15981310781658498,-0.0048701934014824255,0.0827934741973877
SPY,1d,3,0.25,1.0,8,21,0.9130963959699807,0.7572559898080775,0.9613370667972727,0.05300386286905593,18.13711331138676,0.7714285714285715,1.3702784779590595,-0.03931054671467227,0.09174156188964844
SPY,1d,3,0.25,1.0,9,21,0.9088641762507794,1.7688650797691299,0.9054446094928388,0.05571659080764228,16.250897557943276,0.7714285714285715,1.3594825941891933,-0.039873301845434916,0.08174538612365723
SPY,1d,3,0.25,1.0,10,30,0.8757168764183925,1.7606628069480736,0.8398066994091542,0.06188213603626766,13.571068376129798,0.4857142857142857,0.8278480258746354,-0.036560140766364047,0.08524775505065918
SPY,1d,3,0.25,1.0,12,26,0.8084656049227728,0.26689999591763436,0.8371729287608227,0.06362050207770138,13.158854479619817,0.5142857142857142,0.8878775076082764,-0.036560140766364047,0.0854945182800293
SPY,1d,3,0.25,1.0,20,50,0.6426800196495167,0.28271728513745087,0.6876771687566474,0.047834702497361666,14.376114679391524,0.14285714285714285,0.1597798764074168,-0.0048701934014824255,0.07906866073608398
SPY,1d,3,0.4,0.0,8,21,0.5618212215078732,0.7533635172539044,0.6308096991844221,0.15414186320605014,4.092397004058418,0.3142857142857143,0.23110890202888337,-0.10927621594821013,0.08951210975646973
SPY,1d,3,0.4,0.0,9,21,0.6840985744071933,0.972085817341535,0.583968852624564,0.16971710628693107,3.44083672766186,0.3142857142857143,0.32258012179789447,-0.08757614254312207,0.08586263656616211
SPY,1d,3,0.4,0.0,10,30,0.7247384756335858,1.084763092986734,0.6000950039248941,0.16391664391929484,3.6609766377376163,0.17142857142857143,0.10630924889196067,-0.053311013645768734,0.08147573471069336
SPY,1d,3,0.4,0.0,12,26,0.7149506594018036,1.050597950443957,0.570400905739631,0.16274306735775568,3.5049167685018934,0.2,0.125332325501715,-0.053311013645768734,0.08559727668762207
SPY,1d,3,0.4,0.0,20,50,0.6333869526029813,0.9109877576298067,0.6656506599469317,0.19743266192432488,3.371532620079209,0.02857142857142857,-0.0690750319085914,-0.0048701934014824255,0.08574271202087402
SPY,1d,3,0.4,0.25,8,21,0.41963133871191505,0.9214592353899114,0.46733146324637065,0.036198824897196766,12.910128010331096,0.7714285714285715,1.1596597380633527,-0.026348241817792495,0.0879204273223877
SPY,1d,3,0.4,0.25,9,21,0.4339758239714347,1.2244779768336156,0.43495901031927175,0.03055409733369625,14.235701535177805,0.7714285714285715,1.1860147954104887,-0.03322296945538561,0.08832550048828125
SPY,1d,3,0.4,0.25,10,30,0.4399451441555638,1.392486918921902,0.4284838704600453,0.028170967327325203,15.210122729595644,0.4857142857142857,0.7830068629050434,-0.036560140766364047,0.08069825172424316
SPY,1d,3,0.4,0.25,12,26,0.39018249862675825,0.8718335868032849,0.4198205216857075,0.03066270554332591,13.691568119861694,0.5142857142857142,0.8150995640807481,-0.036560140766364047,0.08252191543579102
SPY,1d,3,0.4,0.25,20,50,0.34270663250663075,0.7195352788515101,0.4651844355166975,0.0224564549068362,20.714954227930516,0.14285714285714285,0.1599071092532555,-0.0048701934014824255,0.0821692943572998
SPY,1d,3,0.4,0.5,8,21,0.6213650519724441,1.0137190787262216,0.6640400879295598,0.03752812356297469,17.694465507055163,0.7714285714285715,1.2560627182526123,-0.026348241817792495,0.09160447120666504
SPY,1d,3,0.4,0.5,9,21,0.6153949147183981,1.4010433067351067,0.6175788505485069,0.04617982538639398,13.37334746030601,0.7714285714285715,1.2652951789568208,-0.03322296945538561,0.10920906066894531
SPY,1d,3,0.4,0.5,10,30,0.6058285481571019,1.6292080826156532,0.5801807473017545,0.04259661352893326,13.620349113144252,0.4857142857142857,0.805625014163728,-0.036560140766364047,0.1078648567199707
SPY,1d,3,0.4,0.5,12,26,0.5436585014750863,0.7031524401752398,0.5772555323887458,0.042049574926280496,13.727975452802207,0.5142857142857142,0.8490636937581502,-0.036560140766364047,0.11282634735107422
SPY,1d,3,0.4,0.5,20,50,0.44192893650392706,0.5444661314034756,0.5365888834408514,0.02211821540359595,24.26004420562852,0.14285714285714285,0.15985456500222484,-0.0048701934014824255,0.09850406646728516
SPY,1d,3,0.4,0.75,8,21,0.7975401501375406,1.0445236125444834,0.8373012648554289,0.04340489847384344,19.29047859333207,0.7714285714285715,1.3211063398470142,-0.03097791075383005,0.08416223526000977
SPY,1d,3,0.4,0.75,9,21,0.7803046619680557,1.5112547896037811,0.7804433737783631,0.059232156591033445,13.176008078971526,0.7714285714285715,1.3189122407484735,-0.033693021385652666,0.08183073997497559
SPY,1d,3,0.4,0.75,10,30,0.7608089815955945,1.8021109533258413,0.7215051308173035,0.05409924666015311,13.336694600383952,0.4857142857142857,0.8185430780894517,-0.036560140766364047,0.08016061782836914
SPY,1d,3,0.4,0.75,12,26,0.6903316911926486,0.5446925661997404,0.7216343403404119,0.049867583410089476,14.47101084498125,0.5142857142857142,0.8712922096977042,-0.036560140766364047,0.0811605453491211
SPY,1d,3,0.4,0.75,20,50,0.5490115965685647,0.3846709395248664,0.6234309765753542,0.034657482920838645,17.98835126022673,0.14285714285714285,0.15981310781658498,-0.0048701934014824255,0.07497262954711914
SPY,1d,3,0.4,1.0,8,21,0.9414875242207507,1.0264841874784043,0.978965571374748,0.04836807776843263,20.239910629933462,0.7714285714285715,1.3702784779590595,-0.03931054671467227,0.08324027061462402
SPY,1d,3,0.4,1.0,9,21,0.9162981925465393,1.5642340703120707,0.9141338872017319,0.06855475704649579,13.334361123645152,0.7714285714285715,1.3594825941891933,-0.039873301845434916,0.08283424377441406
SPY,1d,3,0.4,1.0,10,30,0.8893876707357258,1.918231963468676,0.838689163081907,0.0618153573339161,13.567650487749349,0.4857142857142857,0.8278480258746354,-0.036560140766364047,0.07734370231628418
SPY,1d,3,0.4,1.0,12,26,0.8128492048698628,0.39647393918908413,0.8409285343016359,0.054648794557711926,15.387869780248717,0.5142857142857142,0.8878775076082764,-0.036560140766364047,0.0793924331665039
SPY,1d,3,0.4,1.0,20,50,0.6409882373913586,0.23908677176561133,0.6993011619303926,0.04330782169922303,16.147225477815674,0.14285714285714285,0.1597798764074168,-0.0048701934014824255,0.07450366020202637
SPY,1d,3,0.55,0.0,8,21,0.6235281493031558,0.8615126685075905,0.559556383082645,0.15166756187466415,3.6893609692562617,0.3142857142857143,0.20358537879742072,-0.06837256765745336,0.09265899658203125
SPY,1d,3,0.55,0.0,9,21,0.7378622116836463,1.0749814812943699,0.6184454047263792,0.14640540579013783,4.2241978797755495,0.3142857142857143,0.31261025645014096,-0.06837256765745336,0.09032034873962402
SPY,1d,3,0.55,0.0,10,30,0.7433343567289026,1.1107924935352407,0.6165296021757599,0.1494282509342635,4.125923969002245,0.17142857142857143,0.07911374364927842,-0.04486706689734743,0.09373044967651367
SPY,1d,3,0.55,0.0,12,26,0.721070561578884,1.0505619594331597,0.5463009554293611,0.13011086708818248,4.198734261444175,0.2,0.0953464966854485,-0.05169328983777888,0.09564208984375
SPY,1d,3,0.55,0.0,20,50,0.6723335924317495,0.993160146800846,0.6377294172601605,0.19344815571638085,3.2966425288393624,0.02857142857142857,-0.0690750319085914,-0.0048701934014824255,0.07321834564208984
SPY,1d,3,0.55,0.25,8,21,0.43839970506386533,1.0724293764394672,0.4622661637869311,0.035402783904798694,13.057339361503514,0.8285714285714286,1.3503926405335405,-0.009859850962714134,0.08085441589355469
SPY,1d,3,0.55,0.25,9,21,0.44862178482425585,1.3690909216321052,0.44422799361223647,0.03879298999678998,11.45124399147875,0.8,1.30462104758625,-0.014903595946319736,0.08200693130493164
SPY,1d,3,0.55,0.25,10,30,0.4423657289099918,1.4313946401478432,0.4317106916195016,0.03418844059702966,12.62738762226579,0.5142857142857142,0.8859823391117599,-0.007904264304637865,0.08011078834533691
SPY,1d,3,0.55,0.25,12,26,0.3980665892629256,0.8688889302548088,0.4132366795506403,0.03159617329836739,13.078693918038255,0.5428571428571428,0.9162981809376631,-0.007904264304637865,0.08093810081481934
SPY,1d,3,0.55,0.25,20,50,0.35408352865312553,0.8134292159028904,0.4520845712562888,0.023612560413873454,19.145936032869546,0.17142857142857143,0.2155021619854609,-0.0048701934014824255,0.07281613349914551
SPY,1d,3,0.55,0.5,8,21,0.6464642752995263,1.207268275695352,0.6719762695345122,0.03603530959746285,18.647717392771455,0.8285714285714286,1.436607117758178,-0.015891100955256143,0.0827183723449707
SPY,1d,3,0.55,0.5,9,21,0.6341364091658112,1.5878003569908787,0.6284852619989055,0.04999995681692537,12.569716095957874,0.8,1.3783819083333202,-0.019798617862745838,0.08252763748168945
SPY,1d,3,0.55,0.5,10,30,0.6070183731024824,1.6825428351308882,0.5821125613021114,0.04692609834886375,12.404878772884523,0.5142857142857142,0.9139404085365896,-0.015308528609275784,0.0798041820526123
SPY,1d,3,0.55,0.5,12,26,0.5644473395465962,0.6969163794714259,0.5757288333682271,0.04301308852688006,13.384968461598342,0.5428571428571428,0.9551616108240495,-0.015308528609275784,0.09100151062011719
SPY,1d,3,0.55,0.5,20,50,0.44871272689578395,0.6473013359810913,0.5311784599733831,0.024462131348538658,21.714316402160726,0.17142857142857143,0.21570696822202592,-0.0048701934014824255,0.07946467399597168
SPY,1d,3,0.55,0.75,8,21,0.8287949464870014,1.278321612437359,0.8532151536411741,0.042653913939966946,20.003208963239054,0.8285714285714286,1.4994207543590414,-0.021922350947798375,0.0807034969329834
SPY,1d,3,0.55,0.75,9,21,0.8032119026778033,1.7385249714794702,0.7933574379485606,0.0610828031325144,12.988229047501852,0.8,1.4342331044477454,-0.024693639779172383,0.08570623397827148
SPY,1d,3,0.55,0.75,10,30,0.7617185097638904,1.8708990780968184,0.723062962768733,0.05737776249575803,12.601797827550168,0.5142857142857142,0.9349334615939459,-0.022712792913913704,0.08255767822265625
SPY,1d,3,0.55,0.75,12,26,0.720087034816509,0.5350464446266865,0.7228966010449767,0.04863072330404144,14.865018488937437,0.5428571428571428,0.9821622329259989,-0.022712792913913704,0.10922384262084961
SPY,1d,3,0.55,0.75,20,50,0.5542609423010023,0.49399543697210957,0.6221834545950304,0.035746750280833094,17.405315160316448,0.17142857142857143,0.21584948727428738,-0.0048701934014824255,0.11314606666564941
SPY,1d,3,0.55,1.0,8,21,0.9778486514796013,1.2966684176493621,1.0007403466685771,0.04869839099014793,20.549762041851338,0.8285714285714286,1.5481912721511337,-0.027953600940340495,0.1006312370300293
SPY,1d,3,0.55,1.0,9,21,0.9426782995136231,1.8288011032149436,0.9287550629386727,0.06943395342829141,13.376093641245037,0.8,1.4781452070483625,-0.02980566650055272,0.08228874206542969
SPY,1d,3,0.55,1.0,10,30,0.8901958326137505,2.0029985893969906,0.8400670053822614,0.06453802911994255,13.016620074049904,0.5142857142857142,0.9515341375284461,-0.030117057218551513,0.08749794960021973
SPY,1d,3,0.55,1.0,12,26,0.8494457020761226,0.3835038789922913,0.8441277552550261,0.051704559605968356,16.325982885996517,0.5428571428571428,1.0027628277917877,-0.030117057218551513,0.10671663284301758
SPY,1d,3,0.55,1.0,20,50,0.64543374519287,0.3527529298890477,0.700905194135203,0.04335477914369742,16.16673427886889,0.17142857142857143,0.21595432155158112,-0.0048701934014824255,0.10816764831542969
SPY,1d,3,0.7,0.0,8,21,0.7000373185483031,0.9798057307035375,0.5244396499373346,0.27803864365586944,1.8862113663107836,0.2857142857142857,0.10723782935765686,-0.06837256765745336,0.08243393898010254
SPY,1d,3,0.7,0.0,9,21,0.8029872776728612,1.1985944916487359,0.6183765695367254,0.15340772207376444,4.030935087083724,0.2857142857142857,0.21817824843676892,-0.06837256765745336,0.0835428237915039
SPY,1d,3,0.7,0.0,10,30,0.6536712722627673,0.9085278790428923,0.6197845692263345,0.1844770881760506,3.3596831745027345,0.17142857142857143,0.07911374364927842,-0.04486706689734743,0.08065009117126465
SPY,1d,3,0.7,0.0,12,26,0.74247478296314,1.0796634393070152,0.5301980143393396,0.1219594724042743,4.347329517643582,0.2,0.0953464966854485,-0.05169328983777888,0.07809567451477051
SPY,1d,3,0.7,0.0,20,50,0.6503088971040077,0.9396846259938143,0.6076364612465104,0.20246405415007723,3.001206627997766,0.02857142857142857,-0.0690750319085914,-0.0048701934014824255,0.0739593505859375
SPY,1d,3,0.7,0.25,8,21,0.4562444587509769,1.2383371342469878,0.46260445175721737,0.044280905170207684,10.447041450012158,0.8285714285714286,1.3460858489720895,-0.016492465489184815,0.08208298683166504
SPY,1d,3,0.7,0.25,9,21,0.46405211759127674,1.5483016693506828,0.44743153296363436,0.025459784862800084,17.574050031247026,0.8,1.2992104101694744,-0.016492465489184815,0.08051538467407227
SPY,1d,3,0.7,0.25,10,30,0.4227298289345874,1.1402273769076978,0.4354170774904257,0.03573432621267136,12.184840841801773,0.5142857142857142,0.8859823391117599,-0.007904264304637865,0.07795476913452148
SPY,1d,3,0.7,0.25,12,26,0.40313050883506274,0.9022813919704293,0.41253456519118964,0.03081652201929719,13.386798319838366,0.5428571428571428,0.9162981809376631,-0.007904264304637865,0.07828974723815918
SPY,1d,3,0.7,0.25,20,50,0.34651345288121016,0.7522758326223515,0.442909881879185,0.020105007821987892,22.02982887650486,0.17142857142857143,0.2155021619854609,-0.0048701934014824255,0.07371711730957031
SPY,1d,3,0.7,0.5,8,21,0.6702928290895794,1.4228005123883785,0.6784723553809882,0.033891612662449305,20.01888674163656,0.8285714285714286,1.4379807153512525,-0.027949194052194315,0.08099007606506348
SPY,1d,3,0.7,0.5,9,21,0.6528743060611437,1.826495121909796,0.6342718015303879,0.0497704792726804,12.743935979707295,0.8,1.3793931472239687,-0.027949194052194315,0.08290600776672363
SPY,1d,3,0.7,0.5,10,30,0.5987168081405013,1.2971786887093115,0.5917505495130626,0.04585759644383425,12.90408995242109,0.5142857142857142,0.9139404085365896,-0.015308528609275784,0.08354377746582031
SPY,1d,3,0.7,0.5,12,26,0.5723122396028234,0.733573574585334,0.5827617227280633,0.04404822534663633,13.230084030446982,0.5428571428571428,0.9551616108240495,-0.015308528609275784,0.08175158500671387
SPY,1d,3,0.7,0.5,20,50,0.44350891786894336,0.5802649232450285,0.5280455555819179,0.021738083508677886,24.29126539012149,0.17142857142857143,0.21570696822202592,-0.0048701934014824255,0.07526016235351562
SPY,1d,3,0.7,0.75,8,21,0.8586015397370365,1.5424105119175175,0.8639008558960883,0.041236389557759,20.949963494889374,0.8285714285714286,1.5041195593369996,-0.03934296016703753,0.08381867408752441
SPY,1d,3,0.7,0.75,9,21,0.8258020045677195,2.0380600268851556,0.8014726234770082,0.06738839349022109,11.89333328733103,0.8,1.438794806965124,-0.03934296016703753,0.07932519912719727
SPY,1d,3,0.7,0.75,10,30,0.7592673318944356,1.389957414707787,0.7371101101470827,0.05855107770444661,12.58918091769135,0.5142857142857142,0.9349334615939459,-0.022712792913913704,0.07616662979125977
SPY,1d,3,0.7,0.75,12,26,0.730480809025921,0.5740366196643925,0.7350386431278316,0.05118815400022089,14.35954582626011,0.5428571428571428,0.9821622329259989,-0.022712792913913704,0.0764930248260498
SPY,1d,3,0.7,0.75,20,50,0.5501036823166017,0.4226601613420009,0.6223656042781597,0.03764175930217476,16.53391381848091,0.17142857142857143,0.21584948727428738,-0.0048701934014824255,0.07754158973693848
SPY,1d,3,0.7,1.0,8,21,1.0126362365303168,1.6059462049729727,1.014595486537211,0.049824483528956895,20.363391944595882,0.8285714285714286,1.555315194368129,-0.050673763833715024,0.08479762077331543
SPY,1d,3,0.7,1.0,9,21,0.9685576709582567,2.1883196518076926,0.9387688157076699,0.08004865563584843,11.727477597853103,0.8,1.4852280505445712,-0.050673763833715024,0.08504486083984375
SPY,1d,3,0.7,1.0,10,30,0.8917400671186066,1.4283960444097303,0.8575546609663147,0.06803329681947991,12.604925838619245,0.5142857142857142,0.9515341375284461,-0.030117057218551513,0.08135271072387695
SPY,1d,3,0.7,1.0,12,26,0.8618949131289311,0.42399206585973004,0.8601022083482235,0.05561452161173834,15.465424918204908,0.5428571428571428,1.0027628277917877,-0.030117057218551513,0.07803630828857422
SPY,1d,3,0.7,1.0,20,50,0.6419213827946264,0.2785078623864521,0.7033964348299118,0.04813537717351146,14.612878845727328,0.17142857142857143,0.21595432155158112,-0.0048701934014824255,0.07849740982055664
SPY,1d,3,0.85,0.0,8,21,0.7070533576621875,0.994079976705011,0.5372013763896948,0.326111219055566,1.6472949871073317,0.4,0.3388935804463066,-0.06703497546972159,0.07935810089111328
SPY,1d,3,0.85,0.0,9,21,0.7602748124455456,1.1001954155653473,0.626434546718805,0.24942861175480566,2.5114783035981665,0.34285714285714286,0.24461353150040901,-0.0616552430139673,0.08376741409301758
SPY,1d,3,0.85,0.0,10,30,0.7082552140814306,1.007658651013542,0.6011093856114876,0.1792209643850532,3.354012671865856,0.2,0.15593776701387368,-0.03448407528227637,0.08082747459411621
SPY,1d,3,0.85,0.0,12,26,0.6747330857825757,0.9316623109105346,0.5823178452954872,0.17624820610035802,3.3039646653986816,0.22857142857142856,0.1552340999433652,-0.047207295678083794,0.07721972465515137
SPY,1d,3,0.85,0.0,20,50,0.6124630045174309,0.8612463985306416,0.580943435476291,0.21211504143757573,2.7388130117460783,0.08571428571428572,0.07948387740079925,-0.0004999999999999449,0.07460570335388184
SPY,1d,3,0.85,0.25,8,21,0.46143433490329705,1.261712154384103,0.47834400258159865,0.04656518666230802,10.272567058531562,0.8285714285714286,1.2944073644627716,-0.02482831425413068,0.09030914306640625
SPY,1d,3,0.85,0.25,9,21,0.4617400952835895,1.4089868472836788,0.4602487957804722,0.02886036639636799,15.94743425843663,0.8,1.2943018492523881,-0.02482831425413068,0.08898639678955078
SPY,1d,3,0.85,0.25,10,30,0.43307917462753864,1.2779554247865175,0.43240833263444395,0.03022834764701921,14.304729377991103,0.5142857142857142,0.870820497296488,0.0,0.085845947265625
SPY,1d,3,0.85,0.25,12,26,0.3865665365025611,0.7366058101445461,0.4295176647409596,0.04253408072723242,10.09820025253211,0.5428571428571428,0.9099793842004456,0.0,0.08342862129211426
SPY,1d,3,0.85,0.25,20,50,0.3379346367533082,0.6636392660371135,0.4315929108217384,0.032005032300609665,13.485157795435718,0.22857142857142856,0.3755866734419248,-0.009017591094521493,0.0802304744720459
SPY,1d,3,0.85,0.5,8,21,0.6813242300871745,1.455654122515325,0.7062723985345895,0.03434252847957421,20.565532877250337,0.8285714285714286,1.3875704714068537,-0.03787862778214679,0.0894632339477539
SPY,1d,3,0.85,0.5,9,21,0.6644235235807934,1.6435191520450347,0.655248429130415,0.042786361338080094,15.314422835653481,0.8,1.3781634768663402,-0.03787862778214679,0.08601617813110352
SPY,1d,3,0.85,0.5,10,30,0.6051559799164276,1.4730648170090297,0.5956133075523261,0.05109420029962888,11.65716077479448,0.5142857142857142,0.8961220309181789,-0.0008272525093108163,0.08214068412780762
SPY,1d,3,0.85,0.5,12,26,0.5610901161298761,0.5560332163278812,0.599970825430914,0.048766480080975345,12.30293481167145,0.5428571428571428,0.9472206329993219,-0.0008272525093108163,0.08434104919433594
SPY,1d,3,0.85,0.5,20,50,0.445221936616769,0.4842651188197593,0.5262839045082961,0.026267123724319292,20.03584062083808,0.22857142857142856,0.3819991596996002,-0.017535182189043153,0.08304691314697266
SPY,1d,3,0.85,0.75,8,21,0.8743817226519416,1.584553864762599,0.9016069601363034,0.04614138176239752,19.540094503001193,0.8285714285714286,1.4570904320516596,-0.05084168101420228,0.08971190452575684
SPY,1d,3,0.85,0.75,9,21,0.8462927662009511,1.8104292835193436,0.829459182546028,0.06296987699103637,13.172317021741994,0.8,1.4386576900630683,-0.05084168101420228,0.08701324462890625
SPY,1d,3,0.85,0.75,10,30,0.7643497246028949,1.6016997195572613,0.7460378713244091,0.06918002414028526,10.784007097360531,0.5142857142857142,0.9161563939812201,-0.005818775446735036,0.1059563159942627
SPY,1d,3,0.85,0.75,12,26,0.7217127945786023,0.38959124193270167,0.7546168663461209,0.05799806535787019,13.011069622578734,0.5428571428571428,0.9736412655568856,-0.005818775446735036,0.0889427661895752
SPY,1d,3,0.85,0.75,20,50,0.5574842254210686,0.32174037410721334,0.6263385870702555,0.03822310934694007,16.38638503699848,0.22857142857142856,0.3870780963723132,-0.02605277328356448,0.0786280632019043
SPY,1d,3,0.85,1.0,8,21,1.0322014578713377,1.656774301811713,1.0602556103575291,0.05823022507280148,18.20799437116996,0.8285714285714286,1.5114785868295648,-0.06371747395029659,0.0815577507019043
SPY,1d,3,0.85,1.0,9,21,0.9957303046934289,1.9166294388213583,0.9724311534305032,0.07788717873168537,12.485124885322204,0.8,1.485615116754115,-0.06371747395029659,0.08170700073242188
SPY,1d,3,0.85,1.0,10,30,0.896080603821481,1.6723439465807273,0.8703977798548728,0.08220688254923,10.587894259749245,0.5142857142857142,0.932194732314926,-0.010810298384159256,0.09016275405883789
SPY,1d,3,0.85,1.0,12,26,0.8546685290191621,0.23681888974356768,0.8819995802181205,0.06505503060432699,13.557745988662347,0.5428571428571428,0.9939060831825027,-0.010810298384159256,0.08231234550476074
SPY,1d,3,0.85,1.0,20,50,0.6532490521683093,0.17475622173299943,0.7115707648212067,0.047029210356837006,15.130400009315915,0.22857142857142856,0.3911503437513781,-0.03457036437808614,0.07400083541870117
SPY,1d,3,1.0,0.0,8,21,0.670288311872445,0.9151808998343627,0.5958537179598535,0.32318465418105835,1.8436943408397024,0.37142857142857144,0.3228221221142232,-0.06703497546972159,0.08376717567443848
SPY,1d,3,1.0,0.0,9,21,0.6773568057365128,0.9364843770468145,0.6227056458540575,0.28540101948398333,2.181862023408097,0.34285714285714286,0.2571280943121999,-0.0616552430139673,0.08315491676330566
SPY,1d,3,1.0,0.0,10,30,0.7138259798582506,1.023900487686392,0.6415750031942832,0.2102748409695709,3.0511258514618316,0.2,0.15593776701387368,-0.03448407528227637,0.07849621772766113
SPY,1d,3,1.0,0.0,12,26,0.673296831195361,0.9310194046491911,0.6290354152192494,0.19985591737201994,3.1474445364974475,0.22857142857142856,0.19261037743856677,-0.03448407528227637,0.08197808265686035
SPY,1d,3,1.0,0.0,20,50,0.5822548066325546,0.8018790356813963,0.5995985084972598,0.11664078196928233,5.140556316359108,0.08571428571428572,0.07948387740079925,-0.0004999999999999449,0.07347536087036133
SPY,1d,3,1.0,0.25,8,21,0.45911363879076306,1.1500857843494274,0.489633657697472,0.0420154249911373,11.653664286408027,0.8285714285714286,1.2956928634304337,-0.029449950183139895,0.08477377891540527
SPY,1d,3,1.0,0.25,9,21,0.45130413775170314,1.1790993083417383,0.46688435969179815,0.0314130825345652,14.862736223930419,0.8,1.2967762285206412,-0.029449950183139895,0.08447790145874023
SPY,1d,3,1.0,0.25,10,30,0.4349599549718048,1.3020348161805253,0.4450230455005933,0.03826677559121898,11.629488992083045,0.5142857142857142,0.870820497296488,0.0,0.07726526260375977
SPY,1d,3,1.0,0.25,12,26,0.4274056433933056,1.171033921083386,0.4422132431465779,0.029115736226221885,15.188118195284268,0.5428571428571428,0.915091318695791,0.0,0.08152985572814941
SPY,1d,3,1.0,0.25,20,50,0.33217921664499017,0.5977728603853985,0.43252494842412953,0.03785846823251944,11.424787336023327,0.22857142857142856,0.3755866734419248,-0.009017591094521493,0.08348441123962402
SPY,1d,3,1.0,0.5,8,21,0.6882754697597171,1.310515744379975,0.7149914196154412,0.032286796054119195,22.145009942050958,0.8285714285714286,1.39251286701544,-0.04705451553188289,0.09102749824523926
SPY,1d,3,1.0,0.5,9,21,0.6663901918549596,1.34683156826781,0.670277796365195,0.04374077799922457,15.323865441466943,0.8,1.383811436853909,-0.04705451553188289,0.08122014999389648
SPY,1d,3,1.0,0.5,10,30,0.6065623219673694,1.505835254620814,0.6065122354444857,0.045207530837150824,13.416177000006904,0.5142857142857142,0.8961220309181789,-0.0008272525093108163,0.0833292007446289
SPY,1d,3,1.0,0.5,12,26,0.6066022029117843,1.3360402347936993,0.6125580403162485,0.03813451584931376,16.063086856451374,0.5428571428571428,0.9501427585871639,-0.0008272525093108163,0.08266854286193848
SPY,1d,3,1.0,0.5,20,50,0.44817166378488543,0.4142351005231537,0.5265000897529819,0.04711598971693037,11.174552268055033,0.22857142857142856,0.3819991596996002,-0.017535182189043153,0.07525181770324707
SPY,1d,3,1.0,0.75,8,21,0.887059023913568,1.4067014732129604,0.9100564614881144,0.04836235491264134,18.817455500915578,0.8285714285714286,1.4645820635858582,-0.06450443647638315,0.08859539031982422
SPY,1d,3,1.0,0.75,9,21,0.8552996178833527,1.449541642040654,0.8507433715537512,0.06604442523457596,12.88138050307939,0.8,1.4466561750097082,-0.06450443647638315,0.08706450462341309
SPY,1d,3,1.0,0.75,10,30,0.7656125698516649,1.6436922995876868,0.7571879568403053,0.06025320505745613,12.566766466916864,0.5142857142857142,0.9161563939812201,-0.005818775446735036,0.08215141296386719
SPY,1d,3,1.0,0.75,12,26,0.769794641853661,1.4362675778000598,0.7687214879718919,0.05053505363471315,15.211648799831247,0.5428571428571428,0.9757754438910031,-0.005818775446735036,0.08332467079162598
SPY,1d,3,1.0,0.75,20,50,0.5654528395523913,0.2494831406650233,0.6264649112332643,0.05541737769268313,11.304484934442824,0.22857142857142856,0.3870780963723132,-0.02605277328356448,0.07937431335449219
SPY,1d,3,1.0,1.0,8,21,1.0491001774955746,1.4482590875076657,1.0688270120367078,0.06296519006431057,16.974887409138972,0.8285714285714286,1.5209501960897038,-0.08179971301664113,0.08053755760192871
SPY,1d,3,1.0,1.0,9,21,1.0097667751233192,1.4966071179728848,0.9985746374602311,0.08303480407713144,12.02597692086622,0.8,1.4954665274222823,-0.08179971301664113,0.08097481727600098
SPY,1d,3,1.0,1.0,10,30,0.8972633461269143,1.723785598631749,0.8820323890936829,0.07199166470561527,12.251868222528897,0.5142857142857142,0.932194732314926,-0.010810298384159256,0.07751703262329102
SPY,1d,3,1.0,1.0,12,26,0.904357579924198,1.4813272819461503,0.8976045594476373,0.05962424994183558,15.054353896665619,0.5428571428571428,0.995615467945668,-0.010810298384159256,0.0790250301361084
SPY,1d,3,1.0,1.0,20,50,0.6647943585134124,0.10185821127108685,0.711687161634716,0.06128565544449938,11.612622178434947,0.22857142857142856,0.3911503437513781,-0.03457036437808614,0.0747840404510498
SPY,1d,5,0.0,0.0,8,21,0.6316966603279107,0.9280597798832364,0.463964664853538,0.2894131603992239,1.6031222084494476,0.3142857142857143,0.34492794624914275,-0.10498340753592084,0.08547496795654297
SPY,1d,5,0.0,0.0,9,21,0.5766207248809802,0.8310561337305868,0.6565518622864251,0.13657031514021242,4.807427306676155,0.34285714285714286,0.43684515560559545,-0.10498340753592084,0.08356142044067383
SPY,1d,5,0.0,0.0,10,30,0.6541128103094623,0.9937571702234504,0.6074783535702368,0.19848616538426134,3.060557658485582,0.14285714285714285,0.12616805886059343,-0.05070092637438928,0.07779455184936523
SPY,1d,5,0.0,0.0,12,26,0.5801264593889023,0.7843558676227298,0.5887403090264047,0.16813104986484623,3.501675089162111,0.2,0.15047071604585716,-0.05070092637438928,0.07893562316894531
SPY,1d,5,0.0,0.0,20,50,0.6474881583379416,0.9799124424262171,0.6316569318105315,0.15148760320887028,4.16969387877638,0.02857142857142857,-0.032073991195026345,-0.00864778197105176,0.07384085655212402
SPY,1d,5,0.0,0.25,8,21,0.37464561657337464,0.7405727403724389,0.4103530195185314,0.05139294213513469,7.984618168765908,0.7142857142857143,1.169352610285267,-0.03592013367569036,0.0821385383605957
SPY,1d,5,0.0,0.25,9,21,0.36587530758611864,0.6282046462616435,0.44324295502353905,0.018974896326209797,23.35944014678451,0.7142857142857143,1.2032001228480473,-0.03293310274681582,0.08417677879333496
SPY,1d,5,0.0,0.25,10,30,0.37821647805156433,0.8208691450405179,0.40738685235041905,0.07452502096445972,5.466443981876878,0.42857142857142855,0.7692911169592447,-0.03537554676226373,0.08080935478210449
SPY,1d,5,0.0,0.25,12,26,0.3492557442488592,0.5829605958599295,0.40411387988171443,0.07868792263103899,5.135653177382382,0.5142857142857142,0.8645964418788157,-0.03537554676226373,0.08624386787414551
SPY,1d,5,0.0,0.25,20,50,0.35089390632784984,0.8022526584463323,0.43190387118748175,0.06524108033220587,6.620121386528834,0.14285714285714285,0.1967039305852593,-0.00864778197105176,0.07686328887939453
SPY,1d,5,0.0,0.5,8,21,0.528243930758966,0.5678865940833933,0.5841220465407042,0.04765558859058287,12.25715732018325,0.7142857142857143,1.2304884961254856,-0.03592013367569036,0.08147358894348145
SPY,1d,5,0.0,0.5,9,21,0.5278985133180968,0.443357698695489,0.5908332371818776,0.03242438510284521,18.221879468426142,0.7142857142857143,1.2638087227478576,-0.03293310274681582,0.08247041702270508
SPY,1d,5,0.0,0.5,10,30,0.5207369818591272,0.6599830441694028,0.5420553069517954,0.05625810533956437,9.635150413972202,0.42857142857142855,0.7848267433627403,-0.03537554676226373,0.08156991004943848
SPY,1d,5,0.0,0.5,12,26,0.496368033703694,0.3998135632122899,0.5425740931759881,0.06226909937755772,8.713376274902993,0.5142857142857142,0.8932776134653887,-0.03537554676226373,0.08563375473022461
SPY,1d,5,0.0,0.5,20,50,0.4415249123105121,0.6383215853836186,0.49493734319955546,0.06798963346639961,7.279600109098292,0.14285714285714285,0.19668093563373173,-0.00864778197105176,0.09020471572875977
SPY,1d,5,0.0,0.75,8,21,0.6734179764509861,0.40923364509334736,0.737789549273552,0.05638882325203182,13.083967827737348,0.7142857142857143,1.2700205503201194,-0.03592013367569036,0.08738851547241211
SPY,1d,5,0.0,0.75,9,21,0.6776222819992407,0.27551481985331083,0.7304111914518192,0.038711814990742444,18.86791388175651,0.7142857142857143,1.303335870664353,-0.03293310274681582,0.08513617515563965
SPY,1d,5,0.0,0.75,10,30,0.6585512193223211,0.5105795128233706,0.6714285978762253,0.049696629952573804,13.510545856267903,0.42857142857142855,0.7925516613526238,-0.03537554676226373,0.08193373680114746
SPY,1d,5,0.0,0.75,12,26,0.6345291656564258,0.23383535118008214,0.6743347271937472,0.05507566713377417,12.243786817068322,0.5142857142857142,0.9108417507733152,-0.03537554676226373,0.08068394660949707
SPY,1d,5,0.0,0.75,20,50,0.543136746402581,0.4872570102747087,0.5757411694864862,0.07374879968146895,7.806786984645042,0.14285714285714285,0.1966617573423967,-0.00864778197105176,0.07369422912597656
SPY,1d,5,0.0,1.0,8,21,0.7944631083680567,0.2638387077079758,0.8637545719929708,0.0641576672380129,13.462998409661678,0.7142857142857143,1.2995571021397394,-0.03889873233815988,0.09439396858215332
SPY,1d,5,0.0,1.0,9,21,0.8018557641607351,0.12364882163746538,0.8465118801637896,0.042401419528464365,19.96423444256437,0.7142857142857143,1.3329551033901406,-0.03503721494696099,0.08576226234436035
SPY,1d,5,0.0,1.0,10,30,0.7740594991064191,0.37212749561475755,0.7795356050422902,0.04747267612232422,16.420721743885647,0.42857142857142855,0.7977847361273255,-0.03537554676226373,0.08198690414428711
SPY,1d,5,0.0,1.0,12,26,0.7496297455846933,0.08393764065970588,0.7842110984202072,0.050772105236371406,15.44570773201709,0.5142857142857142,0.9236040109123711,-0.03537554676226373,0.08229851722717285
SPY,1d,5,0.0,1.0,20,50,0.6311040390720183,0.3482342971657182,0.6470977814150067,0.0783117588042579,8.263098560108233,0.14285714285714285,0.19664585536088905,-0.00864778197105176,0.07792282104492188
SPY,1d,5,0.1,0.0,8,21,0.6219578127097001,0.897346821016501,0.4518936878034447,0.27611102779453156,1.6366375925402084,0.3142857142857143,0.4038180038845272,-0.10498340753592084,0.08800053596496582
SPY,1d,5,0.1,0.0,9,21,0.6318933833250848,0.9043560661655599,0.6781916837552376,0.17974812794509032,3.7730111100929657,0.34285714285714286,0.4536006695328548,-0.10498340753592084,0.09083271026611328
SPY,1d,5,0.1,0.0,10,30,0.6770493951048053,1.0332889394361597,0.5832441810570774,0.21755766501671522,2.6808716714819774,0.14285714285714285,0.12616805886059343,-0.05070092637438928,0.0800633430480957
SPY,1d,5,0.1,0.0,12,26,0.6497541944396829,0.9288257930828641,0.5693753550757483,0.1823094137739092,3.1231264655475144,0.2,0.15047071604585716,-0.05070092637438928,0.0779719352722168
SPY,1d,5,0.1,0.0,20,50,0.6621966586737263,1.0140802933437532,0.6509857219858268,0.14320684934361258,4.545772251603988,0.02857142857142857,-0.032073991195026345,-0.00864778197105176,0.07458662986755371
SPY,1d,5,0.1,0.25,8,21,0.3765565323790664,0.7048196146028789,0.40683396544111144,0.04815869096787272,8.44777873452822,0.7142857142857143,1.176950823186726,-0.03592013367569036,0.08210897445678711
SPY,1d,5,0.1,0.25,9,21,0.37697906921421026,0.7082912757815423,0.4503894752860062,0.016102929957369193,27.96941155916127,0.7142857142857143,1.2075970092949113,-0.03293310274681582,0.08008122444152832
SPY,1d,5,0.1,0.25,10,30,0.38225975164196585,0.8665737136026708,0.40119036510351763,0.08738297898741022,4.591172900632278,0.42857142857142855,0.7692911169592447,-0.03537554676226373,0.07955598831176758
SPY,1d,5,0.1,0.25,12,26,0.36704283810945554,0.7443293183861801,0.3994244064385982,0.07918758064840735,5.044028409101694,0.5142857142857142,0.8645964418788157,-0.03537554676226373,0.10115242004394531
SPY,1d,5,0.1,0.25,20,50,0.3554822388708797,0.8409945030598767,0.43920401271616616,0.06525885249858299,6.730182893205224,0.14285714285714285,0.1967039305852593,-0.00864778197105176,0.07435941696166992
SPY,1d,5,0.1,0.5,8,21,0.5400632368453205,0.5281041074317019,0.5868519158134928,0.04878417716274821,12.029554456882698,0.7142857142857143,1.2348800713414367,-0.03592013367569036,0.08158445358276367
SPY,1d,5,0.1,0.5,9,21,0.540256626745993,0.527130701876636,0.6005654609475932,0.022831786507301045,26.303918913903086,0.7142857142857143,1.2663081814863513,-0.03293310274681582,0.08247971534729004
SPY,1d,5,0.1,0.5,10,30,0.5229128294045968,0.7106404901793644,0.5408078110367804,0.06334187975010266,8.537918564627125,0.42857142857142855,0.7848267433627403,-0.03537554676226373,0.07816171646118164
SPY,1d,5,0.1,0.5,12,26,0.5074444912311444,0.5723969345044584,0.5420265169483742,0.06459463504271598,8.391200238068315,0.5142857142857142,0.8932776134653887,-0.03537554676226373,0.07966494560241699
SPY,1d,5,0.1,0.5,20,50,0.44404557979644044,0.6804269937168979,0.4995503205617474,0.06825141418166826,7.319266956609411,0.14285714285714285,0.19668093563373173,-0.00864778197105176,0.08189749717712402
SPY,1d,5,0.1,0.75,8,21,0.6918464193746113,0.3663765918972084,0.7444534211102651,0.056580871427875594,13.157333959750515,0.7142857142857143,1.2732501917086505,-0.03592013367569036,0.08628582954406738
SPY,1d,5,0.1,0.75,9,21,0.6918701475198281,0.36047346367077604,0.7426546991848031,0.028860797336542874,25.73230013449666,0.7142857142857143,1.3051526233739388,-0.03293310274681582,0.08772587776184082
SPY,1d,5,0.1,0.75,10,30,0.66024534894132,0.5650902971565759,0.6729472403009684,0.05226836677485925,12.874847289558925,0.42857142857142855,0.7925516613526238,-0.03537554676226373,0.0844123363494873
SPY,1d,5,0.1,0.75,12,26,0.6431365103169563,0.41280504363574444,0.6762819202758262,0.058968711857234776,11.468487253259447,0.5142857142857142,0.9108417507733152,-0.03537554676226373,0.08218121528625488
SPY,1d,5,0.1,0.75,20,50,0.5449803756013778,0.5316752941155656,0.5792775362113367,0.07385617065459636,7.843319401441049,0.14285714285714285,0.1966617573423967,-0.00864778197105176,0.07786035537719727
SPY,1d,5,0.1,1.0,8,21,0.817862491362624,0.21879345503110792,0.8733115180566567,0.06288976586443455,13.886385265595848,0.7142857142857143,1.3021524629668575,-0.03889873233815988,0.08726000785827637
SPY,1d,5,0.1,1.0,9,21,0.8177688063652045,0.20781335169900106,0.8608284083831332,0.03251231402179425,26.476996002378883,0.7142857142857143,1.3344080043870898,-0.03503721494696099,0.08688569068908691
SPY,1d,5,0.1,1.0,10,30,0.7755500312615929,0.42950612243635033,0.7830037568414012,0.04607894177089244,16.99265926579972,0.42857142857142855,0.7977847361273255,-0.03537554676226373,0.08012580871582031
SPY,1d,5,0.1,1.0,12,26,0.756859242928746,0.2652430789842577,0.7879643525131304,0.05566208884527605,14.156212403444568,0.5142857142857142,0.9236040109123711,-0.03537554676226373,0.07757973670959473
SPY,1d,5,0.1,1.0,20,50,0.6326070575538044,0.39406016534512545,0.6500170998021044,0.07830974331928607,8.300590351213916,0.14285714285714285,0.19664585536088905,-0.00864778197105176,0.07430577278137207
SPY,1d,5,0.25,0.0,8,21,0.5537399894515725,0.7492643891685389,0.4914458624270866,0.2553022812925456,1.9249567999901611,0.3142857142857143,0.4038180038845272,-0.10498340753592084,0.08001518249511719
SPY,1d,5,0.25,0.0,9,21,0.7183175393308157,1.08693368457054,0.7176056155987723,0.17350612138626353,4.135909499130704,0.34285714285714286,0.4536006695328548,-0.10498340753592084,0.08025026321411133
SPY,1d,5,0.25,0.0,10,30,0.6786877919567119,1.017450260000662,0.609008472577522,0.18043216253693797,3.3752766913318246,0.14285714285714285,0.12616805886059343,-0.05070092637438928,0.07957911491394043
SPY,1d,5,0.25,0.0,12,26,0.6669112628094724,0.9545238799291904,0.5787805736515556,0.14618326119984798,3.9592807610188783,0.2,0.15047071604585716,-0.05070092637438928,0.09672307968139648
SPY,1d,5,0.25,0.0,20,50,0.6780989923034408,1.0328454737989516,0.629230669543283,0.1382016457005084,4.552989701055117,0.02857142857142857,-0.032073991195026345,-0.00864778197105176,0.07227849960327148
SPY,1d,5,0.25,0.25,8,21,0.3677491568788305,0.5356681655571338,0.4403243546059704,0.04743021344515671,9.283625828821434,0.7142857142857143,1.176950823186726,-0.03592013367569036,0.08037567138671875
SPY,1d,5,0.25,0.25,9,21,0.39618584207550545,0.9163841143342037,0.45869113433373804,0.01895199616113885,24.202787423220684,0.7142857142857143,1.2075970092949113,-0.03293310274681582,0.0856788158416748
SPY,1d,5,0.25,0.25,10,30,0.4251119328761814,1.3011418062592437,0.42320674364890315,0.061149769996122066,6.9208231474254385,0.42857142857142855,0.7692911169592447,-0.03537554676226373,0.08056211471557617
SPY,1d,5,0.25,0.25,12,26,0.374639315445071,0.7639946796271888,0.41670583734385946,0.044791416661684236,9.30325201569971,0.5142857142857142,0.8645964418788157,-0.03537554676226373,0.10057997703552246
SPY,1d,5,0.25,0.25,20,50,0.3599310591738014,0.8609902949648007,0.4304182816312488,0.06321387530690627,6.80892097726248,0.14285714285714285,0.1967039305852593,-0.00864778197105176,0.0849754810333252
SPY,1d,5,0.25,0.5,8,21,0.5497359328256017,0.34329955502752907,0.6320508883237121,0.03356693264392398,18.829569416677728,0.7142857142857143,1.2348800713414367,-0.03592013367569036,0.09508252143859863
SPY,1d,5,0.25,0.5,9,21,0.5519965020497138,0.754159332008238,0.6099756462223093,0.028556859327429445,21.360039604789986,0.7142857142857143,1.2663081814863513,-0.03293310274681582,0.08415436744689941
SPY,1d,5,0.25,0.5,10,30,0.5765811879354557,1.515319685749584,0.5646795320701608,0.05519295270937291,10.23100784340292,0.42857142857142855,0.7848267433627403,-0.03537554676226373,0.07740664482116699
SPY,1d,5,0.25,0.5,12,26,0.5233487343438149,0.587191789846575,0.5627215183585257,0.054111562492813466,10.399284227530124,0.5142857142857142,0.8932776134653887,-0.03537554676226373,0.08835864067077637
SPY,1d,5,0.25,0.5,20,50,0.4535436901069398,0.7007584597812364,0.49313711112532294,0.06715159008408415,7.343640120924005,0.14285714285714285,0.19668093563373173,-0.00864778197105176,0.07824230194091797
SPY,1d,5,0.25,0.75,8,21,0.7125435910296993,0.17078785400628393,0.798592979150388,0.036378404657081344,21.952391444272298,0.7142857142857143,1.2732501917086505,-0.03592013367569036,0.09151554107666016
SPY,1d,5,0.25,0.75,9,21,0.7011156470143701,0.600583164453218,0.7541396495431142,0.03776518335573338,19.969177494503633,0.7142857142857143,1.3051526233739388,-0.03293310274681582,0.09110426902770996
SPY,1d,5,0.25,0.75,10,30,0.72051232339039,1.6683242536136347,0.6981619209667507,0.05651487473797096,12.353595831252418,0.42857142857142855,0.7925516613526238,-0.03537554676226373,0.08686375617980957
SPY,1d,5,0.25,0.75,12,26,0.6653132319182369,0.42371305107003976,0.6989741191034827,0.06038369194791351,11.575544597478608,0.5142857142857142,0.9108417507733152,-0.03537554676226373,0.09370279312133789
SPY,1d,5,0.25,0.75,20,50,0.5583006643567056,0.5516375085685719,0.5739691174268163,0.07304983747975177,7.857226480290408,0.14285714285714285,0.1966617573423967,-0.00864778197105176,0.08077025413513184
SPY,1d,5,0.25,1.0,8,21,0.8465656947585511,0.016732842731261632,0.9343779676398579,0.04148179554052066,22.52501261010097,0.7142857142857143,1.3021524629668575,-0.03889873233815988,0.08636975288391113
SPY,1d,5,0.25,1.0,9,21,0.8256918231868072,0.4558538258052989,0.8741872005940955,0.04395963362114995,19.886134814679274,0.7142857142857143,1.3344080043870898,-0.03503721494696099,0.08936905860900879
SPY,1d,5,0.25,1.0,10,30,0.8404126036874893,1.767921386138863,0.8091479534682746,0.059305656763951206,13.643689280583319,0.42857142857142855,0.7977847361273255,-0.03537554676226373,0.0867922306060791
SPY,1d,5,0.25,1.0,12,26,0.7839119765582067,0.2730880040646009,0.81197884941126,0.06451945136052788,12.585024086364404,0.5142857142857142,0.9236040109123711,-0.03537554676226373,0.08363842964172363
SPY,1d,5,0.25,1.0,20,50,0.6488861295318687,0.41311191312184503,0.6454139075423166,0.07763178600089395,8.3137840927025,0.14285714285714285,0.19664585536088905,-0.00864778197105176,0.07602739334106445
SPY,1d,5,0.4,0.0,8,21,0.6729988268395943,0.9928950485011008,0.5480837694879315,0.2807234692023579,1.9523973932256031,0.3142857142857143,0.4038180038845272,-0.10498340753592084,0.08249926567077637
SPY,1d,5,0.4,0.0,9,21,0.7171712737838097,1.0683247016681126,0.7687544389753012,0.10839011809324371,7.092477178721886,0.34285714285714286,0.4536006695328548,-0.10498340753592084,0.07933354377746582
SPY,1d,5,0.4,0.0,10,30,0.6708612299972442,0.9981290587750147,0.638880906383475,0.1665469320085196,3.8360412808492526,0.14285714285714285,0.12616805886059343,-0.05070092637438928,0.0839836597442627
SPY,1d,5,0.4,0.0,12,26,0.6509183543817798,0.9191288629299463,0.5639128946741109,0.15055901370774422,3.7454608713679773,0.2,0.15047071604585716,-0.05070092637438928,0.08719038963317871
SPY,1d,5,0.4,0.0,20,50,0.6480915043396177,0.9428752173949857,0.6385622124990064,0.12832908972227358,4.975973989069554,0.02857142857142857,-0.032073991195026345,-0.00864778197105176,0.07791447639465332
SPY,1d,5,0.4,0.25,8,21,0.40053317250373865,0.8097893896530222,0.45644098667174227,0.04334290797595569,10.530926695664977,0.7142857142857143,1.176950823186726,-0.03592013367569036,0.08885478973388672
SPY,1d,5,0.4,0.25,9,21,0.4334656392905906,1.3681345825456517,0.4667527084227771,0.021809850837704856,21.401004156152016,0.7142857142857143,1.2075970092949113,-0.03293310274681582,0.08269596099853516
SPY,1d,5,0.4,0.25,10,30,0.42506758516792414,1.2742356301723032,0.431331303252885,0.04478158168055686,9.631890769953737,0.42857142857142855,0.7692911169592447,-0.03537554676226373,0.08299517631530762
SPY,1d,5,0.4,0.25,12,26,0.37626256149625453,0.7249622066998529,0.41253317128326195,0.050446269798828346,8.177674443093181,0.5142857142857142,0.8645964418788157,-0.03537554676226373,0.07898688316345215
SPY,1d,5,0.4,0.25,20,50,0.3473406732170168,0.7564615550112808,0.42749146629651325,0.06240552774843215,6.850217948958109,0.14285714285714285,0.1967039305852593,-0.00864778197105176,0.07355594635009766
SPY,1d,5,0.4,0.5,8,21,0.5807320256806419,0.6384966987246683,0.6530301029185936,0.02844323673953068,22.959064360316145,0.7142857142857143,1.2348800713414367,-0.03592013367569036,0.08353829383850098
SPY,1d,5,0.4,0.5,9,21,0.5906874008368759,1.5947610562159453,0.6170363017116177,0.036373278538722686,16.964000125936572,0.7142857142857143,1.2663081814863513,-0.03293310274681582,0.08747649192810059
SPY,1d,5,0.4,0.5,10,30,0.581594817784769,1.4808857826616113,0.5694120338666984,0.04346870736800777,13.099355107250691,0.42857142857142855,0.7848267433627403,-0.03537554676226373,0.0845334529876709
SPY,1d,5,0.4,0.5,12,26,0.5353211351481614,0.5460490197926842,0.5629332530616127,0.054006153928510735,10.423501992139288,0.5142857142857142,0.8932776134653887,-0.03537554676226373,0.09895539283752441
SPY,1d,5,0.4,0.5,20,50,0.4450980279100711,0.5854320575684064,0.49548950046760354,0.06465618728531101,7.6634506498370625,0.14285714285714285,0.19668093563373173,-0.00864778197105176,0.08096480369567871
SPY,1d,5,0.4,0.75,8,21,0.7455853048061643,0.47891910972802343,0.8247848872977267,0.03275046406186896,25.183914516130947,0.7142857142857143,1.2732501917086505,-0.03592013367569036,0.0911400318145752
SPY,1d,5,0.4,0.75,9,21,0.7399034616614336,1.755095578097488,0.7616742647586583,0.04614194292343413,16.507199664794054,0.7142857142857143,1.3051526233739388,-0.03293310274681582,0.07951712608337402
SPY,1d,5,0.4,0.75,10,30,0.7289918479818654,1.6267933641372965,0.7017129682198837,0.04775068917785283,14.695347445275075,0.42857142857142855,0.7925516613526238,-0.03537554676226373,0.07664251327514648
SPY,1d,5,0.4,0.75,12,26,0.6840911128210296,0.381741482254343,0.701709490552793,0.0572565999761919,12.255521474285473,0.5142857142857142,0.9108417507733152,-0.03537554676226373,0.07681465148925781
SPY,1d,5,0.4,0.75,20,50,0.5515798119352063,0.428763379903184,0.5794139462262666,0.06777341622787166,8.54928050665364,0.14285714285714285,0.1966617573423967,-0.00864778197105176,0.07191157341003418
SPY,1d,5,0.4,1.0,8,21,0.8818964525225057,0.330852537449025,0.964990076502221,0.03885729592011547,24.834205614464008,0.7142857142857143,1.3021524629668575,-0.03889873233815988,0.08080053329467773
SPY,1d,5,0.4,1.0,9,21,0.8641363554303477,1.8561209181845602,0.8823431501587201,0.05297174273785645,16.656864670758704,0.7142857142857143,1.3344080043870898,-0.03503721494696099,0.08974552154541016
SPY,1d,5,0.4,1.0,10,30,0.8515091660578652,1.7200018407637847,0.8120683362877161,0.052443191317126346,15.484723867720067,0.42857142857142855,0.7977847361273255,-0.03537554676226373,0.0790097713470459
SPY,1d,5,0.4,1.0,12,26,0.8077826907920823,0.23134365847475746,0.8164999612088446,0.05950762982037767,13.720928957739199,0.5142857142857142,0.9236040109123711,-0.03537554676226373,0.08286881446838379
SPY,1d,5,0.4,1.0,20,50,0.6431948032516841,0.28547731183018366,0.6530285149203481,0.07037898444653766,9.278743080136534,0.14285714285714285,0.19664585536088905,-0.00864778197105176,0.07751607894897461
SPY,1d,5,0.55,0.0,8,21,0.6241270379612328,0.8872311734294505,0.5144173286801561,0.2632624373929906,1.9540095950424128,0.3142857142857143,0.28594899547360075,-0.07482992767092311,0.08453989028930664
SPY,1d,5,0.55,0.0,9,21,0.7892569064346809,1.2161395949562457,0.7680391336184019,0.13232534647355781,5.804172474030717,0.34285714285714286,0.42902979601018826,-0.07482992767092311,0.08628988265991211
SPY,1d,5,0.55,0.0,10,30,0.695619691338845,1.0310690075019058,0.6434368603401563,0.17131436717083603,3.7558838232085696,0.14285714285714285,0.09429788226267616,-0.04369268664431103,0.0818474292755127
SPY,1d,5,0.55,0.0,12,26,0.6594605878489993,0.9252834697722123,0.510915138775084,0.17928550147662237,2.8497292562260195,0.2,0.11542128226801875,-0.04369268664431103,0.0782163143157959
SPY,1d,5,0.55,0.0,20,50,0.6727978906769241,0.9901787059245302,0.6281053171215317,0.10250831938455048,6.1273594269480975,0.02857142857142857,-0.032073991195026345,-0.00864778197105176,0.0759115219116211
SPY,1d,5,0.55,0.25,8,21,0.4004798322364509,0.6908211129830062,0.45648220198516337,0.046579896267280645,9.799983223788596,0.8,1.3428313637859424,-0.013903681123658806,0.0868234634399414
SPY,1d,5,0.55,0.25,9,21,0.4538548280194925,1.5787325709731586,0.470778785454382,0.02264568157517494,20.788898929430662,0.7714285714285715,1.3397896528838238,-6.243743658762568e-05,0.08511567115783691
SPY,1d,5,0.55,0.25,10,30,0.42834977938878527,1.3191687255878581,0.43262306409889095,0.043327379644171264,9.984981036283157,0.5142857142857142,0.9266211755627881,-0.010399152806723766,0.08021020889282227
SPY,1d,5,0.55,0.25,12,26,0.3851267802675521,0.7293718145528121,0.3996483674819183,0.05070949118334748,7.881135427625018,0.5428571428571428,0.9401358462069197,0.0,0.0857243537902832
SPY,1d,5,0.55,0.25,20,50,0.35376800570982353,0.8108670103198301,0.4463266997814797,0.03246166198259714,13.749348385820717,0.17142857142857143,0.25229898331746475,-0.00864778197105176,0.07923579216003418
SPY,1d,5,0.55,0.5,8,21,0.5994510822779262,0.5101508649630122,0.6643956006907562,0.030630476027427144,21.690671738037732,0.8,1.4095482293242465,-0.018803671695895363,0.08614158630371094
SPY,1d,5,0.55,0.5,9,21,0.6184305015004646,1.870452127045806,0.6264575947139636,0.033736833725924606,18.568950477192256,0.7714285714285715,1.396737530438772,-0.008408442199374977,0.08569502830505371
SPY,1d,5,0.55,0.5,10,30,0.5834469302997989,1.5372468397448018,0.5727462828413441,0.04449225773992278,12.872942663177563,0.5142857142857142,0.9477336834049329,-0.01950677512347354,0.08201932907104492
SPY,1d,5,0.55,0.5,12,26,0.5564938423079507,0.5481856316010412,0.5597400862013748,0.051624221550515485,10.842586471810646,0.5428571428571428,0.9711264361879532,-0.007188809764492765,0.08119606971740723
SPY,1d,5,0.55,0.5,20,50,0.44847757142599287,0.6454099655021719,0.524839150415537,0.04157236219460325,12.624713215927608,0.17142857142857143,0.25253333885353285,-0.00864778197105176,0.08056974411010742
SPY,1d,5,0.55,0.75,8,21,0.7764511970988532,0.34456466054432,0.8435523335357283,0.03290993223431929,25.63215042588423,0.8,1.4570486606161899,-0.02370366226813192,0.10140252113342285
SPY,1d,5,0.55,0.75,9,21,0.7745822144302686,2.0951586375678377,0.7753211303587086,0.04540146991351636,17.077005036083417,0.7714285714285715,1.4379868989124354,-0.016754446962161995,0.08596110343933105
SPY,1d,5,0.55,0.75,10,30,0.7303962169360367,1.693459658337281,0.7068360567114379,0.04843009420683054,14.594975877865345,0.5142857142857142,0.9634179672319092,-0.028614397440222983,0.0935060977935791
SPY,1d,5,0.55,0.75,12,26,0.7140667167851364,0.3813402652765592,0.7038056325809775,0.05369734590803037,13.106897942151816,0.5428571428571428,0.9925098978083069,-0.015070045765783413,0.08353757858276367
SPY,1d,5,0.55,0.75,20,50,0.5541225537127451,0.49294688141464293,0.614710809638056,0.046443340296863214,13.23571486695098,0.17142857142857143,0.2526981368000991,-0.00864778197105176,0.07391619682312012
SPY,1d,5,0.55,1.0,8,21,0.9218442913473525,0.19335234243159527,0.9893159021800149,0.03788288880549619,26.11511247886886,0.8,1.4935503661408003,-0.028603652840368143,0.08938050270080566
SPY,1d,5,0.55,1.0,9,21,0.9045196703224426,2.257353441132286,0.8993355569592154,0.053846834019748185,16.701735084914862,0.7714285714285715,1.4699423331998327,-0.025100451724949346,0.08902597427368164
SPY,1d,5,0.55,1.0,10,30,0.8526877789853108,1.7954878754572206,0.8186301109737109,0.05185474302526021,15.786986169711192,0.5142857142857142,0.9758011064893551,-0.03772201975697287,0.08481287956237793
SPY,1d,5,0.55,1.0,12,26,0.8445315306108498,0.2283437141745437,0.8222945626671476,0.055284811259579826,14.873788006731402,0.5428571428571428,1.008738134397391,-0.022951281767074283,0.09315967559814453
SPY,1d,5,0.55,1.0,20,50,0.645366338386579,0.35265266207520685,0.692352938106345,0.049514983901007,13.982695409747764,0.17142857142857143,0.25282030050505333,-0.00864778197105176,0.08875346183776855
SPY,1d,5,0.7,0.0,8,21,0.6791701523646597,0.9389129809398205,0.5292182598142109,0.3364429818390811,1.5729805297806247,0.2857142857142857,0.17371458727158148,-0.07482992767092311,0.0895998477935791
SPY,1d,5,0.7,0.0,9,21,0.8022536176317046,1.1961820302945267,0.7229014719901208,0.1978536717283954,3.653717748450417,0.3142857142857143,0.3014804384063327,-0.07482992767092311,0.0855109691619873
SPY,1d,5,0.7,0.0,10,30,0.6274315864537922,0.8698899190463178,0.6283938223104549,0.16574121261649874,3.7914156195083937,0.14285714285714285,0.09429788226267616,-0.04369268664431103,0.08004069328308105
SPY,1d,5,0.7,0.0,12,26,0.7260275835057348,1.0434599744711694,0.518000361491888,0.13893168832304362,3.728453657652492,0.2,0.11542128226801875,-0.04369268664431103,0.08553171157836914
SPY,1d,5,0.7,0.0,20,50,0.6510645837777259,0.9357910843199506,0.5534619396045063,0.15808309755966204,3.5010823304219767,0.02857142857142857,-0.032073991195026345,-0.00864778197105176,0.07871222496032715
SPY,1d,5,0.7,0.25,8,21,0.45224063881070153,1.1851867403953422,0.4661900876205423,0.04776203286306582,9.760683531982684,0.8,1.3049179112040448,-0.013903681123658806,0.08774137496948242
SPY,1d,5,0.7,0.25,9,21,0.4600333828239698,1.550416179043344,0.4659736882455592,0.00906757412044908,51.389013429148726,0.7714285714285715,1.2985507043263536,-0.012174095475227631,0.08457565307617188
SPY,1d,5,0.7,0.25,10,30,0.41664677301709657,1.088378385342411,0.4319023475044876,0.04252782626840804,10.155758838427346,0.5142857142857142,0.9266211755627881,-0.010399152806723766,0.08287501335144043
SPY,1d,5,0.7,0.25,12,26,0.4000717680172687,0.8635246997209682,0.4053661974677124,0.04372997793884737,9.269755361747091,0.5428571428571428,0.9401358462069197,0.0,0.08610987663269043
SPY,1d,5,0.7,0.25,20,50,0.34619308149159433,0.7489260528214972,0.4258151503222818,0.03360120142635673,12.672616818643665,0.17142857142857143,0.25229898331746475,-0.00864778197105176,0.07890129089355469
SPY,1d,5,0.7,0.5,8,21,0.6673882483520835,1.3571681569615377,0.6768698338019808,0.024824124724034283,27.26661428455712,0.8,1.3858581037797648,-0.019375416472445894,0.08892369270324707
SPY,1d,5,0.7,0.5,9,21,0.6414066920745509,1.8335964277260968,0.6346052693187805,0.03668375248744948,17.299355335468924,0.7714285714285715,1.371076466176688,-0.019375416472445894,0.08441472053527832
SPY,1d,5,0.7,0.5,10,30,0.5904372848431965,1.2333111003649662,0.5801381895140391,0.042245432039814804,13.732566137973915,0.5142857142857142,0.9477336834049329,-0.01950677512347354,0.0829465389251709
SPY,1d,5,0.7,0.5,12,26,0.5709188165422446,0.6939333930673386,0.5735588351509835,0.047376748406939936,12.106336007368675,0.5428571428571428,0.9711264361879532,-0.007188809764492765,0.0883016586303711
SPY,1d,5,0.7,0.5,20,50,0.4438443513642442,0.5777801964879361,0.517160662601611,0.03625296211683353,14.265335365836908,0.17142857142857143,0.25253333885353285,-0.00864778197105176,0.07443404197692871
SPY,1d,5,0.7,0.75,8,21,0.8561525971552423,1.4644233492065193,0.858948414142837,0.03131984949946855,27.425049221817368,0.8,1.444200423940696,-0.026576737469663825,0.08143234252929688
SPY,1d,5,0.7,0.75,9,21,0.8090531379025059,2.050034595280221,0.7917487144963713,0.05556966393603463,14.24785860515084,0.7714285714285715,1.4236438070870734,-0.026576737469663825,0.1049509048461914
SPY,1d,5,0.7,0.75,10,30,0.7486720339712016,1.3159016935297805,0.7197707094155013,0.045058045108031276,15.974299543839003,0.5142857142857142,0.9634179672319092,-0.028614397440222983,0.07992148399353027
SPY,1d,5,0.7,0.75,12,26,0.7296948033936415,0.5348126376094562,0.723739322422436,0.048675191552401145,14.868751397584052,0.5428571428571428,0.9925098978083069,-0.015070045765783413,0.08454465866088867
SPY,1d,5,0.7,0.75,20,50,0.5505883808019983,0.4212569988453214,0.6139030375013592,0.04577876133673688,13.410215121061166,0.17142857142857143,0.2526981368000991,-0.00864778197105176,0.0780649185180664
SPY,1d,5,0.7,1.0,8,21,1.0104732344709075,1.516069011329718,1.0071565809810943,0.041276192876653205,24.400423362464856,0.8,1.4892879423454453,-0.033778058466881755,0.08511853218078613
SPY,1d,5,0.7,1.0,9,21,0.9477314963448239,2.204601402590121,0.9219461744608543,0.06817871159788648,13.52249335391422,0.7714285714285715,1.4644391879379273,-0.033778058466881755,0.10122561454772949
SPY,1d,5,0.7,1.0,10,30,0.8792011455570079,1.3463481719790118,0.835775022555235,0.04694079595513063,17.80487538716064,0.5142857142857142,0.9758011064893551,-0.03772201975697287,0.0838770866394043
SPY,1d,5,0.7,1.0,12,26,0.8614280610911711,0.3861642575091322,0.8470180644208384,0.04877152511013283,17.36706126183577,0.5428571428571428,1.008738134397391,-0.022951281767074283,0.08373188972473145
SPY,1d,5,0.7,1.0,20,50,0.6424433245971959,0.2783159221954288,0.6963137463817415,0.05333570782775495,13.055301499521718,0.17142857142857143,0.25282030050505333,-0.00864778197105176,0.07884025573730469
SPY,1d,5,0.85,0.0,8,21,0.6912816912616477,0.9606910549652634,0.5523046850571023,0.33556931307737736,1.6458736348449983,0.4,0.3138855139250142,-0.06703497546972159,0.08475947380065918
SPY,1d,5,0.85,0.0,9,21,0.7464540543642829,1.0761435527850343,0.6228330841139472,0.22040611222440118,2.8258430668194205,0.37142857142857144,0.23665985585625238,-0.0616552430139673,0.08396649360656738
SPY,1d,5,0.85,0.0,10,30,0.661796421464662,0.9063085675552693,0.5974924300186231,0.22434049947879472,2.663328428913923,0.2,0.15593776701387368,-0.03448407528227637,0.08184289932250977
SPY,1d,5,0.85,0.0,12,26,0.6687950885799834,0.9164623605224886,0.5332670021316409,0.1719408617539945,3.1014559115948606,0.22857142857142856,0.15907423801208193,-0.04483980108300589,0.082611083984375
SPY,1d,5,0.85,0.0,20,50,0.5896395615256128,0.8096885039009454,0.5673527472705077,0.14896563132720672,3.8086150625193755,0.08571428571428572,0.07948387740079925,-0.0004999999999999449,0.07728075981140137
SPY,1d,5,0.85,0.25,8,21,0.4582668794803947,1.2141679976400979,0.48169221598225886,0.0454639286137848,10.595041622430498,0.8285714285714286,1.2890193578521996,-0.018843441421779183,0.08699989318847656
SPY,1d,5,0.85,0.25,9,21,0.45943926721279615,1.3743135676530036,0.4535303854968128,0.014551899184704635,31.166405136555255,0.8,1.290178632322574,-0.018843441421779183,0.08205580711364746
SPY,1d,5,0.85,0.25,10,30,0.4223333623472062,1.135400630109328,0.42815081229791085,0.035163534922769225,12.175988939629418,0.5142857142857142,0.870820497296488,0.0,0.07909774780273438
SPY,1d,5,0.85,0.25,12,26,0.3850089202942307,0.7195816070147609,0.41443851019668354,0.05677156937727563,7.300106633349014,0.5428571428571428,0.9093201943221092,0.0,0.08356499671936035
SPY,1d,5,0.85,0.25,20,50,0.330440115698182,0.6064070668148944,0.42679363651139574,0.034985928212600506,12.199008524738298,0.22857142857142856,0.3755866734419248,-0.009017591094521493,0.07514500617980957
SPY,1d,5,0.85,0.5,8,21,0.679229477865459,1.3934356057717743,0.7047043521357066,0.025784400201986944,27.330647469604592,0.8285714285714286,1.3805199915888986,-0.0259961424134042,0.08238005638122559
SPY,1d,5,0.85,0.5,9,21,0.6628253083172667,1.597609851075128,0.6466045970909982,0.042922771683932014,15.064371934141715,0.8,1.3718065057810145,-0.0259961424134042,0.08837223052978516
SPY,1d,5,0.85,0.5,10,30,0.5985273226495903,1.2888648019789732,0.5858128424325006,0.04218719750316712,13.886033609805958,0.5142857142857142,0.8961220309181789,-0.0008272525093108163,0.0841519832611084
SPY,1d,5,0.85,0.5,12,26,0.5602805626538696,0.5377752895452255,0.5879660924689437,0.059035397818067846,9.95955162834519,0.5428571428571428,0.946871807298688,-0.0008272525093108163,0.07739591598510742
SPY,1d,5,0.85,0.5,20,50,0.4405564080990456,0.4233801006637443,0.5227178640441428,0.04121190419104888,12.683662022044489,0.22857142857142856,0.3819991596996002,-0.017535182189043153,0.07312965393066406
SPY,1d,5,0.85,0.75,8,21,0.87270265326138,1.5078156879580313,0.8968944987261193,0.03974458661307701,22.56645684750983,0.8285714285714286,1.4481799871124952,-0.03314884340502966,0.08164477348327637
SPY,1d,5,0.85,0.75,9,21,0.8449834977564356,1.7531731054063147,0.8189176459199103,0.06348756658260961,12.898866502535421,0.8,1.4302478987830811,-0.03314884340502966,0.08263754844665527
SPY,1d,5,0.85,0.75,10,30,0.7592421684961143,1.377450780035967,0.7322890800072402,0.05367695494134464,13.642522769919555,0.5142857142857142,0.9161563939812201,-0.005818775446735036,0.08116531372070312
SPY,1d,5,0.85,0.75,12,26,0.7212021018887733,0.3706020602592466,0.7431743828848381,0.06384299949351392,11.640655808478114,0.5428571428571428,0.9734026249470781,-0.005818775446735036,0.08202505111694336
SPY,1d,5,0.85,0.75,20,50,0.5538755714339252,0.25887977785096683,0.6233764795899954,0.05035520813826321,12.37958301906636,0.22857142857142856,0.3870780963723132,-0.02605277328356448,0.07383942604064941
SPY,1d,5,0.85,1.0,8,21,1.0307670512031712,1.5662195327054094,1.053198762217352,0.05388652039618451,19.54475357610815,0.8285714285714286,1.5009618925345365,-0.04030154439665512,0.08434629440307617
SPY,1d,5,0.85,1.0,9,21,0.994598761036039,1.8483465269233839,0.9602971586790833,0.07777908157466494,12.346470789285867,0.8,1.47549219295802,-0.04030154439665512,0.08793377876281738
SPY,1d,5,0.85,1.0,10,30,0.8918263580764964,1.4112114998814613,0.8535912913233448,0.062099583064088096,13.745523708950193,0.5142857142857142,0.932194732314926,-0.010810298384159256,0.08086013793945312
SPY,1d,5,0.85,1.0,12,26,0.8543258142399325,0.21752018088510616,0.8706171580651401,0.06767820489040285,12.864069894805949,0.5428571428571428,0.9937214303970667,-0.010810298384159256,0.08931231498718262
SPY,1d,5,0.85,1.0,20,50,0.6502315312364686,0.1112954174717613,0.7089980173361103,0.05693409678413556,12.452959779519496,0.22857142857142856,0.3911503437513781,-0.03457036437808614,0.08355975151062012
SPY,1d,5,1.0,0.0,8,21,0.670288311872445,0.9151808998343627,0.5958537179598535,0.32318465418105835,1.8436943408397024,0.37142857142857144,0.3228221221142232,-0.06703497546972159,0.09131741523742676
SPY,1d,5,1.0,0.0,9,21,0.6773568057365128,0.9364843770468145,0.6227056458540575,0.28540101948398333,2.181862023408097,0.34285714285714286,0.2571280943121999,-0.0616552430139673,0.09258794784545898
SPY,1d,5,1.0,0.0,10,30,0.7138259798582506,1.023900487686392,0.6415750031942832,0.2102748409695709,3.0511258514618316,0.2,0.15593776701387368,-0.03448407528227637,0.08785486221313477
SPY,1d,5,1.0,0.0,12,26,0.673296831195361,0.9310194046491911,0.6290354152192494,0.19985591737201994,3.1474445364974475,0.22857142857142856,0.19261037743856677,-0.03448407528227637,0.0907583236694336
SPY,1d,5,1.0,0.0,20,50,0.5822548066325546,0.8018790356813963,0.5995985084972598,0.11664078196928233,5.140556316359108,0.08571428571428572,0.07948387740079925,-0.0004999999999999449,0.07690834999084473
SPY,1d,5,1.0,0.25,8,21,0.45911363879076306,1.1500857843494274,0.489633657697472,0.0420154249911373,11.653664286408027,0.8285714285714286,1.2956928634304337,-0.029449950183139895,0.09770607948303223
SPY,1d,5,1.0,0.25,9,21,0.45130413775170314,1.1790993083417383,0.46688435969179815,0.0314130825345652,14.862736223930419,0.8,1.2967762285206412,-0.029449950183139895,0.08240604400634766
SPY,1d,5,1.0,0.25,10,30,0.4349599549718048,1.3020348161805253,0.4450230455005933,0.03826677559121898,11.629488992083045,0.5142857142857142,0.870820497296488,0.0,0.08018708229064941
SPY,1d,5,1.0,0.25,12,26,0.4274056433933056,1.171033921083386,0.4422132431465779,0.029115736226221885,15.188118195284268,0.5428571428571428,0.915091318695791,0.0,0.08331084251403809
SPY,1d,5,1.0,0.25,20,50,0.33217921664499017,0.5977728603853985,0.43252494842412953,0.03785846823251944,11.424787336023327,0.22857142857142856,0.3755866734419248,-0.009017591094521493,0.07985377311706543
SPY,1d,5,1.0,0.5,8,21,0.6882754697597171,1.310515744379975,0.7149914196154412,0.032286796054119195,22.145009942050958,0.8285714285714286,1.39251286701544,-0.04705451553188289,0.08458137512207031
SPY,1d,5,1.0,0.5,9,21,0.6663901918549596,1.34683156826781,0.670277796365195,0.04374077799922457,15.323865441466943,0.8,1.383811436853909,-0.04705451553188289,0.08527708053588867
SPY,1d,5,1.0,0.5,10,30,0.6065623219673694,1.505835254620814,0.6065122354444857,0.045207530837150824,13.416177000006904,0.5142857142857142,0.8961220309181789,-0.0008272525093108163,0.09315371513366699
SPY,1d,5,1.0,0.5,12,26,0.6066022029117843,1.3360402347936993,0.6125580403162485,0.03813451584931376,16.063086856451374,0.5428571428571428,0.9501427585871639,-0.0008272525093108163,0.08181285858154297
SPY,1d,5,1.0,0.5,20,50,0.44817166378488543,0.4142351005231537,0.5265000897529819,0.04711598971693037,11.174552268055033,0.22857142857142856,0.3819991596996002,-0.017535182189043153,0.07974433898925781
SPY,1d,5,1.0,0.75,8,21,0.887059023913568,1.4067014732129604,0.9100564614881144,0.04836235491264134,18.817455500915578,0.8285714285714286,1.4645820635858582,-0.06450443647638315,0.09318089485168457
SPY,1d,5,1.0,0.75,9,21,0.8552996178833527,1.449541642040654,0.8507433715537512,0.06604442523457596,12.88138050307939,0.8,1.4466561750097082,-0.06450443647638315,0.08846592903137207
SPY,1d,5,1.0,0.75,10,30,0.7656125698516649,1.6436922995876868,0.7571879568403053,0.06025320505745613,12.566766466916864,0.5142857142857142,0.9161563939812201,-0.005818775446735036,0.07941579818725586
SPY,1d,5,1.0,0.75,12,26,0.769794641853661,1.4362675778000598,0.7687214879718919,0.05053505363471315,15.211648799831247,0.5428571428571428,0.9757754438910031,-0.005818775446735036,0.07949542999267578
SPY,1d,5,1.0,0.75,20,50,0.5654528395523913,0.2494831406650233,0.6264649112332643,0.05541737769268313,11.304484934442824,0.22857142857142856,0.3870780963723132,-0.02605277328356448,0.07544350624084473
SPY,1d,5,1.0,1.0,8,21,1.0491001774955746,1.4482590875076657,1.0688270120367078,0.06296519006431057,16.974887409138972,0.8285714285714286,1.5209501960897038,-0.08179971301664113,0.08764290809631348
SPY,1d,5,1.0,1.0,9,21,1.0097667751233192,1.4966071179728848,0.9985746374602311,0.08303480407713144,12.02597692086622,0.8,1.4954665274222823,-0.08179971301664113,0.08915424346923828
SPY,1d,5,1.0,1.0,10,30,0.8972633461269143,1.723785598631749,0.8820323890936829,0.07199166470561527,12.251868222528897,0.5142857142857142,0.932194732314926,-0.010810298384159256,0.08928585052490234
SPY,1d,5,1.0,1.0,12,26,0.904357579924198,1.4813272819461503,0.8976045594476373,0.05962424994183558,15.054353896665619,0.5428571428571428,0.995615467945668,-0.010810298384159256,0.08765721321105957
SPY,1d,5,1.0,1.0,20,50,0.6647943585134124,0.10185821127108685,0.711687161634716,0.06128565544449938,11.612622178434947,0.22857142857142856,0.3911503437513781,-0.03457036437808614,0.08310961723327637
SPY,1d,7,0.0,0.0,8,21,0.4502447469140814,0.6209472790184039,0.5269407698740348,0.295920171191749,1.7806855401303148,0.3142857142857143,0.3982371716617424,-0.14488305362555065,0.08746838569641113
SPY,1d,7,0.0,0.0,9,21,0.7096496767475374,1.1799361770495058,0.5307745086384614,0.21580215460477145,2.45954221175661,0.34285714285714286,0.5115751622778356,-0.14488305362555065,0.08646273612976074
SPY,1d,7,0.0,0.0,10,30,0.5739433169584112,0.8638369643922139,0.499952565312993,0.0625160445380387,7.997188065997847,0.14285714285714285,0.17509086677700875,-0.0500743929960068,0.08764910697937012
SPY,1d,7,0.0,0.0,12,26,0.6181203194998632,0.8845153752291455,0.4710026082269601,0.053194912273646054,8.85427925520436,0.2,0.23257323326712434,-0.042828904193414896,0.08129715919494629
SPY,1d,7,0.0,0.0,20,50,0.5841204719676361,0.8604408172649762,0.5076666484457129,0.09508629045120406,5.339009924950588,0.02857142857142857,-0.01374364747531312,-0.0031169581457332063,0.07817435264587402
SPY,1d,7,0.0,0.25,8,21,0.3369380528225719,0.40201982894818844,0.41245638051875166,0.038385151972337585,10.745206396889872,0.7142857142857143,1.2166951309148502,-0.03595218353723151,0.08626103401184082
SPY,1d,7,0.0,0.25,9,21,0.4013733137093919,1.0336801434976808,0.39376582183445513,0.06144046719113213,6.408900189666664,0.7142857142857143,1.2786496411095802,-0.035888081683076556,0.08372259140014648
SPY,1d,7,0.0,0.25,10,30,0.3564175201164513,0.6682012884667856,0.37238209689790247,0.04931687631444086,7.550804607404999,0.4,0.7872425423034122,-0.02683785500548952,0.09183120727539062
SPY,1d,7,0.0,0.25,12,26,0.34783629642283365,0.6927938176585842,0.38663731525711365,0.06069721007779978,6.3699355334707155,0.4857142857142857,0.9019954817926048,-0.02683785500548952,0.09358882904052734
SPY,1d,7,0.0,0.25,20,50,0.32771379605962114,0.6631337178170555,0.3877755400675442,0.05784401055740326,6.703814903752627,0.11428571428571428,0.15876328531853073,-0.0031169581457332063,0.08709073066711426
SPY,1d,7,0.0,0.5,8,21,0.5042486335337008,0.20841084645080388,0.559800057821755,0.04320941279755025,12.955511810461187,0.7142857142857143,1.2781646764781265,-0.03595218353723151,0.09157729148864746
SPY,1d,7,0.0,0.5,9,21,0.5417687328328603,0.8923284868397552,0.5429177008543978,0.053442367299123356,10.158938091488766,0.7142857142857143,1.332690239103775,-0.035888081683076556,0.08927416801452637
SPY,1d,7,0.0,0.5,10,30,0.4948473681321569,0.4905720532026647,0.5015880459294098,0.05259924231317658,9.53603177290935,0.4,0.7916886154394993,-0.02683785500548952,0.07944655418395996
SPY,1d,7,0.0,0.5,12,26,0.4657030789937109,0.5157731548012074,0.5198100602863598,0.06200743828111057,8.38302749953646,0.4857142857142857,0.9195624326523543,-0.02683785500548952,0.08218050003051758
SPY,1d,7,0.0,0.5,20,50,0.4096226479306233,0.48479190338557276,0.4606343750121219,0.07647083836833969,6.023660585403401,0.11428571428571428,0.15859127629439135,-0.0031169581457332063,0.0780794620513916
SPY,1d,7,0.0,0.75,8,21,0.6544379294335945,0.037765155847186094,0.6958708026202396,0.06163838719280477,11.289568632669718,0.7142857142857143,1.3162101183381445,-0.03635013897111605,0.08960080146789551
SPY,1d,7,0.0,0.75,9,21,0.6800494398453817,0.756295591968932,0.6810124354361025,0.05867878017136674,11.60577015144588,0.7142857142857143,1.365393022583069,-0.035888081683076556,0.08667588233947754
SPY,1d,7,0.0,0.75,10,30,0.6282992027634738,0.32956997966137025,0.6245498694174777,0.05222537565062973,11.958743458266479,0.4,0.7928117129988657,-0.02683785500548952,0.08420991897583008
SPY,1d,7,0.0,0.75,12,26,0.5846998504463654,0.35293236369742487,0.643806285504034,0.060755479974576074,10.59667845227201,0.4857142857142857,0.9305460535870633,-0.02683785500548952,0.08552265167236328
SPY,1d,7,0.0,0.75,20,50,0.5049410835306194,0.3237832857868148,0.5442022013086341,0.08741952661699548,6.225179000258212,0.11428571428571428,0.15846649285766387,-0.0031169581457332063,0.0801994800567627
SPY,1d,7,0.0,1.0,8,21,0.7783055049177207,-0.11212707367806263,0.8085728533245184,0.07505543797434346,10.773008260919303,0.7142857142857143,1.3436841356526978,-0.04251342510895306,0.08765149116516113
SPY,1d,7,0.0,1.0,9,21,0.7963741816074568,0.6259076892747581,0.7954912276646062,0.064660587704399,12.302567234638468,0.7142857142857143,1.3887315465123788,-0.035888081683076556,0.10082411766052246
SPY,1d,7,0.0,1.0,10,30,0.7401421739184023,0.1838922102453069,0.7271487207753425,0.05089497244070996,14.287240682219322,0.4,0.7932057048224579,-0.02683785500548952,0.10451102256774902
SPY,1d,7,0.0,1.0,12,26,0.6855056715506083,0.20368748334160758,0.7467013066047545,0.05899512524736319,12.657000107617005,0.4857142857142857,0.938467356892473,-0.02683785500548952,0.08649897575378418
SPY,1d,7,0.0,1.0,20,50,0.5880678999863248,0.17859932142397117,0.6167738650449911,0.09482445877407546,6.504375274257975,0.11428571428571428,0.15837186390706975,-0.0031169581457332063,0.07873964309692383
SPY,1d,7,0.1,0.0,8,21,0.4391042809462202,0.5925016322429719,0.4648694681528256,0.27233489108038417,1.7069772672485497,0.3142857142857143,0.4124839839110398,-0.14488305362555065,0.08776473999023438
SPY,1d,7,0.1,0.0,9,21,0.8455155387211142,1.4039411032713018,0.5159203156826585,0.17754952708258454,2.905782539441436,0.34285714285714286,0.5383480942262281,-0.14488305362555065,0.08601665496826172
SPY,1d,7,0.1,0.0,10,30,0.5907639025690803,0.8909576765547251,0.4790710540128381,0.10954369879907319,4.37333282758288,0.14285714285714285,0.17509086677700875,-0.0500743929960068,0.0857553482055664
SPY,1d,7,0.1,0.0,12,26,0.6192758482804852,0.888007098007703,0.46008408416441055,0.05774184671706064,7.967948902272851,0.2,0.23257323326712434,-0.042828904193414896,0.08214354515075684
SPY,1d,7,0.1,0.0,20,50,0.6377292861606905,0.9825439484534451,0.5304579770099567,0.06978963126560456,7.600813579185509,0.02857142857142857,-0.01374364747531312,-0.0031169581457332063,0.08300590515136719
SPY,1d,7,0.1,0.25,8,21,0.3393025562479041,0.3698162128854148,0.4004429671950903,0.032639862982037686,12.26852476113216,0.7142857142857143,1.2231213599703765,-0.03595218353723151,0.08371448516845703
SPY,1d,7,0.1,0.25,9,21,0.42389334545146173,1.293294848678015,0.39244011413200475,0.051043489893498974,7.688348013641342,0.7142857142857143,1.2863013052978358,-0.035888081683076556,0.0800631046295166
SPY,1d,7,0.1,0.25,10,30,0.3594256328650273,0.698694111188485,0.36723112947820247,0.0669769970614316,5.482944079164619,0.4,0.7872425423034122,-0.02683785500548952,0.07720541954040527
SPY,1d,7,0.1,0.25,12,26,0.3539577109954174,0.6958294664094373,0.3852482504630053,0.052721456406152785,7.307238394462211,0.4857142857142857,0.9019954817926048,-0.02683785500548952,0.07773685455322266
SPY,1d,7,0.1,0.25,20,50,0.3467428897530239,0.8016120546739203,0.3963416668697889,0.06355470559986727,6.2362285078481525,0.11428571428571428,0.15876328531853073,-0.0031169581457332063,0.07231426239013672
SPY,1d,7,0.1,0.5,8,21,0.5162015019482492,0.17363785029829737,0.5626901604907866,0.04351388240602058,12.931279154556265,0.7142857142857143,1.2818077442224998,-0.03595218353723151,0.08024072647094727
SPY,1d,7,0.1,0.5,9,21,0.560328291734011,1.1804252032951927,0.5528246593004025,0.05246981705922643,10.536050824732051,0.7142857142857143,1.3370368243688242,-0.035888081683076556,0.08085179328918457
SPY,1d,7,0.1,0.5,10,30,0.4964730500085267,0.5234347035418414,0.5007651543953493,0.06051016657354637,8.275719317128308,0.4,0.7916886154394993,-0.02683785500548952,0.07660126686096191
SPY,1d,7,0.1,0.5,12,26,0.4820720858609986,0.5181443610054226,0.5214225629199913,0.058811281910062276,8.866029543742677,0.4857142857142857,0.9195624326523543,-0.02683785500548952,0.07829165458679199
SPY,1d,7,0.1,0.5,20,50,0.42173816576856565,0.6353969323246882,0.4661410941389751,0.08016568533925021,5.814721001465025,0.11428571428571428,0.15859127629439135,-0.0031169581457332063,0.07640671730041504
SPY,1d,7,0.1,0.75,8,21,0.6728681165005088,0.0014909713965998161,0.7075714505663727,0.060158723315132084,11.761743128421626,0.7142857142857143,1.3188467116978084,-0.03635013897111605,0.08883285522460938
SPY,1d,7,0.1,0.75,9,21,0.6990057925175842,1.0663128623771465,0.6983198055332289,0.05852993296497943,11.930985910253115,0.7142857142857143,1.368553930661745,-0.035888081683076556,0.09996485710144043
SPY,1d,7,0.1,0.75,10,30,0.6295515275321046,0.3639490451216336,0.6262858895679692,0.056688360476667705,11.04787445432897,0.4,0.7928117129988657,-0.02683785500548952,0.07941889762878418
SPY,1d,7,0.1,0.75,12,26,0.6082417256680295,0.35453386488870975,0.647466396504221,0.060785575450551334,10.65164542253829,0.4857142857142857,0.9305460535870633,-0.02683785500548952,0.0908975601196289
SPY,1d,7,0.1,0.75,20,50,0.5144005151790634,0.4828487996722377,0.5484935917556163,0.0900574918244252,6.090482653291651,0.11428571428571428,0.15846649285766387,-0.0031169581457332063,0.08661341667175293
SPY,1d,7,0.1,1.0,8,21,0.8016357084244067,-0.14896578913331193,0.8266298759643232,0.07184752827793897,11.505334919338384,0.7142857142857143,1.3457887149764254,-0.04251342510895306,0.08390522003173828
SPY,1d,7,0.1,1.0,9,21,0.8163096602610452,0.9518640129996236,0.8183362604507763,0.0636578803242593,12.855223206967475,0.7142857142857143,1.3912587996670294,-0.035888081683076556,0.08741641044616699
SPY,1d,7,0.1,1.0,10,30,0.7412291524707569,0.21906751911926703,0.7307331749718349,0.05357620612000232,13.639136248936829,0.4,0.7932057048224579,-0.02683785500548952,0.07821083068847656
SPY,1d,7,0.1,1.0,12,26,0.7145067390591493,0.204491569373356,0.7519081340514646,0.06155570684901608,12.215084068415393,0.4857142857142857,0.938467356892473,-0.02683785500548952,0.07748079299926758
SPY,1d,7,0.1,1.0,20,50,0.596015938459393,0.3429818630245183,0.6203657011267252,0.0968546127096544,6.40512293396314,0.11428571428571428,0.15837186390706975,-0.0031169581457332063,0.07604098320007324
SPY,1d,7,0.25,0.0,8,21,0.42452695530949036,0.561448232673647,0.5340878691255913,0.17036987864981856,3.1348726274752208,0.3142857142857143,0.4124839839110398,-0.14488305362555065,0.07995963096618652
SPY,1d,7,0.25,0.0,9,21,0.8423198611420312,1.4120734234506402,0.5551969093634769,0.20745721204946221,2.676199607035624,0.34285714285714286,0.5383480942262281,-0.14488305362555065,0.0827646255493164
SPY,1d,7,0.25,0.0,10,30,0.5535602528625532,0.791197867427722,0.5098227124035066,0.12184965910608239,4.1840306829225895,0.14285714285714285,0.17509086677700875,-0.0500743929960068,0.08202576637268066
SPY,1d,7,0.25,0.0,12,26,0.6216317745018336,0.8798530968981182,0.44518172239920695,0.1345285472914267,3.3091989125164494,0.2,0.23257323326712434,-0.042828904193414896,0.08580470085144043
SPY,1d,7,0.25,0.0,20,50,0.6775878609551692,1.0429434979907506,0.49291124204084324,0.06404249252259947,7.696628014078364,0.02857142857142857,-0.01374364747531312,-0.0031169581457332063,0.08121705055236816
SPY,1d,7,0.25,0.25,8,21,0.34208607088184406,0.33233626439895914,0.4358160523528484,0.04105786091700587,10.614679932639564,0.7142857142857143,1.2231213599703765,-0.03595218353723151,0.09242081642150879
SPY,1d,7,0.25,0.25,9,21,0.4264905577615389,1.3058367615959954,0.4200108539402295,0.03296526468931339,12.741012635532933,0.7142857142857143,1.2863013052978358,-0.035888081683076556,0.08971643447875977
SPY,1d,7,0.25,0.25,10,30,0.39387235397970033,0.982796683790734,0.39541725518466747,0.054511498983134184,7.253831990696298,0.4,0.7872425423034122,-0.02683785500548952,0.0838925838470459
SPY,1d,7,0.25,0.25,12,26,0.3575136648299395,0.6792714475140662,0.3998118225751462,0.03988846378953144,10.023244431891989,0.4857142857142857,0.9019954817926048,-0.02683785500548952,0.08324646949768066
SPY,1d,7,0.25,0.25,20,50,0.3568990669551867,0.8679289864667405,0.3834849112331245,0.062123002241089756,6.172993857329672,0.11428571428571428,0.15876328531853073,-0.0031169581457332063,0.07983183860778809
SPY,1d,7,0.25,0.5,8,21,0.5285889309131191,0.13096590962866728,0.6078545517818066,0.04250444255151762,14.300965153114404,0.7142857142857143,1.2818077442224998,-0.03595218353723151,0.08992576599121094
SPY,1d,7,0.25,0.5,9,21,0.5665113148661991,1.1978691182157983,0.5802023006420904,0.0411248924394839,14.10829952919317,0.7142857142857143,1.3370368243688242,-0.035888081683076556,0.08829164505004883
SPY,1d,7,0.25,0.5,10,30,0.5456460647141239,1.103107779021983,0.5299774593408655,0.05529190151934663,9.585082892391148,0.4,0.7916886154394993,-0.02683785500548952,0.09622907638549805
SPY,1d,7,0.25,0.5,12,26,0.49567873052458605,0.4952017636978865,0.5416095627194146,0.0467836271738913,11.576904046073464,0.4857142857142857,0.9195624326523543,-0.02683785500548952,0.07790255546569824
SPY,1d,7,0.25,0.5,20,50,0.4362990550878998,0.7050286054152664,0.4579796556731268,0.08110562034060606,5.646706772598795,0.11428571428571428,0.15859127629439135,-0.0031169581457332063,0.07778763771057129
SPY,1d,7,0.25,0.75,8,21,0.6915507435839263,-0.045044947041368966,0.7607928673328556,0.05170423277412127,14.714324659965627,0.7142857142857143,1.3188467116978084,-0.03635013897111605,0.08614683151245117
SPY,1d,7,0.25,0.75,9,21,0.7082107013973431,1.088952614101757,0.7263017883656168,0.0511686283347492,14.194279033905174,0.7142857142857143,1.368553930661745,-0.035888081683076556,0.08674120903015137
SPY,1d,7,0.25,0.75,10,30,0.6868795436590828,1.1645568137844315,0.6564309860479779,0.05571537001272462,11.781865325457915,0.4,0.7928117129988657,-0.02683785500548952,0.08383512496948242
SPY,1d,7,0.25,0.75,12,26,0.6289867575731325,0.32691992219441857,0.6704156819733001,0.05160456249903639,12.991403269542666,0.4857142857142857,0.9305460535870633,-0.02683785500548952,0.0779106616973877
SPY,1d,7,0.25,0.75,20,50,0.5323602536512346,0.553628697772216,0.5422657191353596,0.091595396016016,5.920228993174954,0.11428571428571428,0.15846649285766387,-0.0031169581457332063,0.08130598068237305
SPY,1d,7,0.25,1.0,8,21,0.8250347155254032,-0.19803805498674254,0.8861557315892702,0.05992763307356304,14.787097139336145,0.7142857142857143,1.3457887149764254,-0.04251342510895306,0.09138941764831543
SPY,1d,7,0.25,1.0,9,21,0.8279298923369874,0.9798152205698611,0.8468420302799867,0.05815424442073581,14.561998676368873,0.7142857142857143,1.3912587996670294,-0.035888081683076556,0.09114623069763184
SPY,1d,7,0.25,1.0,10,30,0.8040645939466512,1.178028519014473,0.7615275582996391,0.055702969112441214,13.671220231769523,0.4,0.7932057048224579,-0.02683785500548952,0.08887124061584473
SPY,1d,7,0.25,1.0,12,26,0.7407093413623126,0.17364412928558237,0.7765732171671221,0.05513754085673267,14.08429184727228,0.4857142857142857,0.938467356892473,-0.02683785500548952,0.09301280975341797
SPY,1d,7,0.25,1.0,20,50,0.6166179070077312,0.4131310852460024,0.6152501369877312,0.0986124095524806,6.239074167032709,0.11428571428571428,0.15837186390706975,-0.0031169581457332063,0.08170270919799805
SPY,1d,7,0.4,0.0,8,21,0.5914423034570113,0.8993543610515822,0.573976863652212,0.23188562440683602,2.4752585034990684,0.3142857142857143,0.4124839839110398,-0.14488305362555065,0.09135937690734863
SPY,1d,7,0.4,0.0,9,21,0.8224570085146192,1.3237946368706033,0.6255456218417917,0.18961241853703223,3.2990751695919096,0.34285714285714286,0.5383480942262281,-0.14488305362555065,0.08961129188537598
SPY,1d,7,0.4,0.0,10,30,0.5401195276055589,0.7637307325994331,0.558463736798686,0.08441513058292222,6.615682910661365,0.14285714285714285,0.17509086677700875,-0.0500743929960068,0.0879366397857666
SPY,1d,7,0.4,0.0,12,26,0.5951633927093317,0.8229282698699893,0.47663087438294693,0.1396129490454688,3.413944606439901,0.2,0.23257323326712434,-0.042828904193414896,0.08012580871582031
SPY,1d,7,0.4,0.0,20,50,0.6562548325969664,0.963712903597691,0.5558269204414026,0.10069334200935713,5.519996748044685,0.02857142857142857,-0.01374364747531312,-0.0031169581457332063,0.08301711082458496
SPY,1d,7,0.4,0.25,8,21,0.38875688909672323,0.7064187552085246,0.44682686739217853,0.04084884120787305,10.938544501626128,0.7142857142857143,1.2231213599703765,-0.03595218353723151,0.08812403678894043
SPY,1d,7,0.4,0.25,9,21,0.4593750342714873,1.7494261706271668,0.4360237154773679,0.038865120214718996,11.218895324868623,0.7142857142857143,1.2863013052978358,-0.035888081683076556,0.0876455307006836
SPY,1d,7,0.4,0.25,10,30,0.3901387788992738,0.9449000596998001,0.40714059687042903,0.05036468369459586,8.083850964681334,0.4,0.7872425423034122,-0.02683785500548952,0.08638405799865723
SPY,1d,7,0.4,0.25,12,26,0.35942496521484973,0.6159529294494726,0.4057494691049797,0.048217600700849496,8.414965971084316,0.4857142857142857,0.9019954817926048,-0.02683785500548952,0.08563876152038574
SPY,1d,7,0.4,0.25,20,50,0.3456646518916952,0.7795808094115992,0.40054793853433274,0.0844318576233315,4.744037971085066,0.11428571428571428,0.15876328531853073,-0.0031169581457332063,0.07651972770690918
SPY,1d,7,0.4,0.5,8,21,0.5684690305555891,0.5268999895493687,0.6259300751136649,0.03583838965210898,17.465351573820808,0.7142857142857143,1.2818077442224998,-0.03595218353723151,0.1044459342956543
SPY,1d,7,0.4,0.5,9,21,0.6078587830674597,2.113523287179344,0.592417928927286,0.045096929250896214,13.136546961576387,0.7142857142857143,1.3370368243688242,-0.035888081683076556,0.08896040916442871
SPY,1d,7,0.4,0.5,10,30,0.5430719891374725,1.0550134994232696,0.5399570776182446,0.05018941085864436,10.758386448069757,0.4,0.7916886154394993,-0.02683785500548952,0.08431291580200195
SPY,1d,7,0.4,0.5,12,26,0.5140030557531646,0.42781419402048027,0.5473102750099188,0.05319026247286279,10.289670506686289,0.4857142857142857,0.9195624326523543,-0.02683785500548952,0.08974766731262207
SPY,1d,7,0.4,0.5,20,50,0.4294026315714941,0.6099241287523229,0.4737401455872301,0.08733441332371038,5.424438403579619,0.11428571428571428,0.15859127629439135,-0.0031169581457332063,0.07502985000610352
SPY,1d,7,0.4,0.75,8,21,0.7317236972973525,0.36067089734166635,0.78526836711668,0.04539926935242686,17.29693843794653,0.7142857142857143,1.3188467116978084,-0.03635013897111605,0.08516263961791992
SPY,1d,7,0.4,0.75,9,21,0.7536188169509421,2.417250891060283,0.7378895259173983,0.05559384428709547,13.272863846342759,0.7142857142857143,1.368553930661745,-0.035888081683076556,0.0896918773651123
SPY,1d,7,0.4,0.75,10,30,0.6848777455468034,1.106979089212488,0.6666583275793087,0.04831794990382677,13.797322297536251,0.4,0.7928117129988657,-0.02683785500548952,0.08421993255615234
SPY,1d,7,0.4,0.75,12,26,0.6580160968821518,0.2574304721751912,0.6769793545862328,0.057292888594854804,11.816114899939414,0.4857142857142857,0.9305460535870633,-0.02683785500548952,0.08464574813842773
SPY,1d,7,0.4,0.75,20,50,0.52706521635205,0.4538410144182521,0.5584488826585092,0.09160136238912239,6.0965128475515415,0.11428571428571428,0.15846649285766387,-0.0031169581457332063,0.08162474632263184
SPY,1d,7,0.4,1.0,8,21,0.8665461340559341,0.20747558317396764,0.9158664820875195,0.05425652434267608,16.880301368053804,0.7142857142857143,1.3457887149764254,-0.04251342510895306,0.0908811092376709
SPY,1d,7,0.4,1.0,9,21,0.8758091848353683,2.662454809029559,0.8584122549668525,0.06352359826703717,13.513281337721205,0.7142857142857143,1.3912587996670294,-0.035888081683076556,0.0871572494506836
SPY,1d,7,0.4,1.0,10,30,0.8024317867336045,1.1120166320752598,0.7722824455036419,0.046481438466225086,16.614856832901314,0.4,0.7932057048224579,-0.02683785500548952,0.09636259078979492
SPY,1d,7,0.4,1.0,12,26,0.777727474817812,0.10369165509487988,0.7840394842843927,0.060537145201790335,12.951378557263144,0.4857142857142857,0.938467356892473,-0.02683785500548952,0.08296728134155273
SPY,1d,7,0.4,1.0,20,50,0.6121983246758952,0.3104681548342463,0.632019590203978,0.09539993178765412,6.624948030474052,0.11428571428571428,0.15837186390706975,-0.0031169581457332063,0.07708954811096191
SPY,1d,7,0.55,0.0,8,21,0.48642746155524236,0.6699820428962671,0.49291373080857903,0.14011632704813232,3.5178893223432475,0.3142857142857143,0.27778476231124566,-0.07304522703748184,0.0954430103302002
SPY,1d,7,0.55,0.0,9,21,0.8752235948591537,1.438318268946905,0.6013217499486043,0.22726472776333723,2.6459088300529965,0.34285714285714286,0.51361810105114,-0.07304522703748184,0.08732128143310547
SPY,1d,7,0.55,0.0,10,30,0.564066605394153,0.7951096775331701,0.5724676893379571,0.05628314194123946,10.171210589764568,0.14285714285714285,0.15417458244281682,-0.042640444432786584,0.08425259590148926
SPY,1d,7,0.55,0.0,12,26,0.581143007840934,0.7799598348344632,0.43698921204299734,0.16071809723138625,2.7189795024381285,0.2,0.20973216621149332,-0.042828904193414896,0.08609247207641602
SPY,1d,7,0.55,0.0,20,50,0.7227186967808692,1.1027828154952508,0.5655749102877939,0.09161044373242475,6.1736946929295735,0.02857142857142857,-0.01374364747531312,-0.0031169581457332063,0.0741426944732666
SPY,1d,7,0.55,0.25,8,21,0.377361193249957,0.45375606589995976,0.4403778689903023,0.022218307507378545,19.820495726060855,0.8,1.3487912102811535,-0.01761238004549015,0.08946704864501953
SPY,1d,7,0.55,0.25,9,21,0.4727215514314418,1.9165032917951734,0.43872321390780955,0.03232526457003638,13.572146113677293,0.7714285714285715,1.3513430945860103,0.0,0.08665347099304199
SPY,1d,7,0.55,0.25,10,30,0.3962466260582905,0.9858523399070664,0.411973859710557,0.0470556621566798,8.755032674682598,0.5142857142857142,0.8988891273315939,-0.014318806511778526,0.0848686695098877
SPY,1d,7,0.55,0.25,12,26,0.3628475324204043,0.5681300092876376,0.399029730584624,0.0490871306344911,8.129009078893798,0.5428571428571428,0.9179306334875692,0.0,0.08446455001831055
SPY,1d,7,0.55,0.25,20,50,0.36564018218181427,0.9410642062604977,0.4276801903137887,0.06334678942528416,6.751410674383522,0.14285714285714285,0.21435833805073615,-0.0031169581457332063,0.08242654800415039
SPY,1d,7,0.55,0.5,8,21,0.584667076917135,0.26060973324699455,0.6405782307529195,0.032573377085052965,19.665699048652325,0.8,1.416476033271697,-0.02249394179956299,0.08648538589477539
SPY,1d,7,0.55,0.5,9,21,0.6259516297943747,2.33744908310121,0.6036940437024231,0.04069973641746015,14.832873547638968,0.7714285714285715,1.400647749699573,-0.0011559912526494243,0.0899813175201416
SPY,1d,7,0.55,0.5,10,30,0.5521413279105246,1.1040890700099704,0.5457330620733412,0.04965111634524321,10.991355325802754,0.5142857142857142,0.9183745019140872,-0.02421004596588261,0.08378386497497559
SPY,1d,7,0.55,0.5,12,26,0.5320970781150206,0.3769013153040919,0.5541907771882676,0.040957074092092316,13.531014836220114,0.5428571428571428,0.9470226649866971,-0.001968519658839485,0.08186531066894531
SPY,1d,7,0.55,0.5,20,50,0.4416528928094368,0.7897634591680451,0.509329570683663,0.06350353294423242,8.020491885560864,0.14285714285714285,0.21444367951419244,-0.0031169581457332063,0.07819938659667969
SPY,1d,7,0.55,0.75,8,21,0.7647016334461169,0.08876169498848752,0.8131291641153158,0.04475219719172819,18.169592000850656,0.8,1.464229224953591,-0.02737550355363605,0.08809471130371094
SPY,1d,7,0.55,0.75,9,21,0.7764518351199283,2.699993469072397,0.755142068278594,0.056957384020814225,13.258018802314352,0.7714285714285715,1.4361032251421562,-0.007761204764363927,0.09047508239746094
SPY,1d,7,0.55,0.75,10,30,0.6965666638860641,1.1623492071518786,0.6737804313999023,0.048774965243983476,13.8140627682562,0.5142857142857142,0.9336501201259507,-0.03410128541998636,0.08469057083129883
SPY,1d,7,0.55,0.75,12,26,0.686049043559391,0.2049250143655319,0.692184351688581,0.03920486454147624,17.655573097473507,0.5428571428571428,0.967886240068087,-0.008979997373648851,0.08580279350280762
SPY,1d,7,0.55,0.75,20,50,0.5366096251175407,0.6483686038460414,0.5991949407121611,0.06498346912410008,9.220728729761532,0.14285714285714285,0.21450287231536627,-0.0031169581457332063,0.08704853057861328
SPY,1d,7,0.55,1.0,8,21,0.9118073582318731,-0.06352520434608833,0.9535129826751065,0.05407028470202028,17.634695062729705,0.8,1.5008313066908898,-0.03225706530770922,0.09459352493286133
SPY,1d,7,0.55,1.0,9,21,0.9025685697403623,3.003889891515029,0.8802433493544017,0.06904086310558775,12.749599436614808,0.7714285714285715,1.4634835861138606,-0.01436641827607843,0.0870976448059082
SPY,1d,7,0.55,1.0,10,30,0.8162461729735377,1.1717128125517173,0.780576081166462,0.047157525765679977,16.552524087990747,0.5142857142857142,0.9458806612957149,-0.043992524874090555,0.0961298942565918
SPY,1d,7,0.55,1.0,12,26,0.8132682783248361,0.050843315085695506,0.8053360893924074,0.039665676930531614,20.3030970781825,0.5428571428571428,0.9838945552561317,-0.01599147508845855,0.0917961597442627
SPY,1d,7,0.55,1.0,20,50,0.6202767026273207,0.5163808282880615,0.6763340309044543,0.06686903997515815,10.114307475562867,0.14285714285714285,0.21454630905123406,-0.0031169581457332063,0.07616353034973145
SPY,1d,7,0.7,0.0,8,21,0.6846605512606693,0.9466780098934104,0.5060527584061347,0.27839083040776214,1.8177781131113897,0.2857142857142857,0.1582403512146952,-0.07304522703748184,0.08752918243408203
SPY,1d,7,0.7,0.0,9,21,0.8325792952982646,1.267156350378901,0.6703183796014002,0.20976416876147452,3.195580940058584,0.3142857142857143,0.3860687434472844,-0.07304522703748184,0.08952164649963379
SPY,1d,7,0.7,0.0,10,30,0.5168559170650509,0.6870342168096668,0.5624405346317081,0.04896878972420392,11.485694006313357,0.14285714285714285,0.15417458244281682,-0.042640444432786584,0.08424520492553711
SPY,1d,7,0.7,0.0,12,26,0.6254024019287969,0.8442165976312725,0.5278199850533658,0.12822965378009613,4.1162084548597155,0.2,0.20973216621149332,-0.042828904193414896,0.08094501495361328
SPY,1d,7,0.7,0.0,20,50,0.6959481412597807,1.0328745146929927,0.4964451332096004,0.1216309232803082,4.081570046668994,0.02857142857142857,-0.01374364747531312,-0.0031169581457332063,0.08062410354614258
SPY,1d,7,0.7,0.25,8,21,0.45354140680916427,1.2039927344082608,0.45228169599920093,0.03526051462945145,12.826860321018438,0.8,1.310722678649074,-0.01761238004549015,0.09995865821838379
SPY,1d,7,0.7,0.25,9,21,0.4649258196993972,1.6621374735367915,0.45481547279832657,0.0095170042254735,47.789773128497075,0.7714285714285715,1.2604769567740897,-0.012174095475227631,0.08022618293762207
SPY,1d,7,0.7,0.25,10,30,0.38915514230943893,0.8336475962784409,0.41057065685209554,0.04344518839415556,9.45031364871069,0.5142857142857142,0.8988891273315939,-0.014318806511778526,0.0782618522644043
SPY,1d,7,0.7,0.25,12,26,0.3751770284632206,0.6396480785854639,0.42325810892315274,0.0424172850438779,9.97843469909307,0.5428571428571428,0.9179306334875692,0.0,0.0777132511138916
SPY,1d,7,0.7,0.25,20,50,0.3558069347351888,0.8602090003671985,0.41115159278768737,0.05717853611433317,7.190663153137675,0.14285714285714285,0.21435833805073615,-0.0031169581457332063,0.07788372039794922
SPY,1d,7,0.7,0.5,8,21,0.6684437452566899,1.3884498193112913,0.6545941910342388,0.02911360507659304,22.48413376880364,0.8,1.3924303994558709,-0.02249394179956299,0.08298277854919434
SPY,1d,7,0.7,0.5,9,21,0.6402064726038723,1.9902527457828332,0.6251550118121878,0.0421060558627454,14.847152007065866,0.7714285714285715,1.3296469733365333,-0.019375416472445894,0.0799551010131836
SPY,1d,7,0.7,0.5,10,30,0.5626120882482905,0.907071690269609,0.5551169396073629,0.04759779738240183,11.662660251850317,0.5142857142857142,0.9183745019140872,-0.02421004596588261,0.07771825790405273
SPY,1d,7,0.7,0.5,12,26,0.5494705883165092,0.4530817343704452,0.5796712918418722,0.04288406493055839,13.517172235899894,0.5428571428571428,0.9470226649866971,-0.001968519658839485,0.07837581634521484
SPY,1d,7,0.7,0.5,20,50,0.4350720571595777,0.7000848294056623,0.5043305058000418,0.05654900184014917,8.918468750795398,0.14285714285714285,0.21444367951419244,-0.0031169581457332063,0.07501339912414551
SPY,1d,7,0.7,0.75,8,21,0.8570779660358357,1.5087595541157595,0.8298738998337709,0.043125349188170736,19.243296934541807,0.8,1.4509951476782346,-0.02737550355363605,0.08283352851867676
SPY,1d,7,0.7,0.75,9,21,0.8042367747878968,2.253619994697508,0.7822112043644884,0.06276456546781178,12.462624389005578,0.7714285714285715,1.3809276154017394,-0.026576737469663825,0.08731222152709961
SPY,1d,7,0.7,0.75,10,30,0.7180537696683955,0.921948467447139,0.6905439116080336,0.04911292419104206,14.060329800805981,0.5142857142857142,0.9336501201259507,-0.03410128541998636,0.08494067192077637
SPY,1d,7,0.7,0.75,12,26,0.7082928280059697,0.2835716616543058,0.7214260527472321,0.04389940091573735,16.43361954145963,0.5428571428571428,0.967886240068087,-0.008979997373648851,0.0876615047454834
SPY,1d,7,0.7,0.75,20,50,0.5313679356150769,0.5517740549953913,0.6005781141600303,0.0628198315881224,9.560326714941146,0.14285714285714285,0.21450287231536627,-0.0031169581457332063,0.08060741424560547
SPY,1d,7,0.7,1.0,8,21,1.0113029950310948,1.573326758059264,0.9726241492317784,0.055459635330552266,17.537514327938027,0.8,1.4961850716534038,-0.033778058466881755,0.09028124809265137
SPY,1d,7,0.7,1.0,9,21,0.94028263375515,2.455150986118723,0.912039815123,0.07648047291470873,11.925133048537889,0.7714285714285715,1.4209823751900459,-0.033778058466881755,0.08620905876159668
SPY,1d,7,0.7,1.0,10,30,0.8458745035833515,0.8909907202486538,0.8029508868734769,0.04954075715109475,16.207884841657762,0.5142857142857142,0.9458806612957149,-0.043992524874090555,0.09545397758483887
SPY,1d,7,0.7,1.0,12,26,0.8395335772009845,0.13012815235006037,0.8381143125335194,0.044584464663514685,18.798348681741224,0.5428571428571428,0.9838945552561317,-0.01599147508845855,0.08585715293884277
SPY,1d,7,0.7,1.0,20,50,0.6158298970605113,0.4145761137025672,0.6822033597170708,0.06934731138380305,9.837488232837359,0.14285714285714285,0.21454630905123406,-0.0031169581457332063,0.07786941528320312
SPY,1d,7,0.85,0.0,8,21,0.6952765565251366,0.966217913957444,0.5670478952513407,0.33879406751171415,1.6737243937476398,0.4,0.30181003654787736,-0.08002608764667063,0.08529829978942871
SPY,1d,7,0.85,0.0,9,21,0.7623552402573754,1.1106439470873117,0.5816292020019403,0.2507096234727276,2.319931696061162,0.37142857142857144,0.23665985585625238,-0.0616552430139673,0.08261561393737793
SPY,1d,7,0.85,0.0,10,30,0.6256992269397338,0.8330541468421655,0.5398322393291204,0.1848915671692075,2.9197234227296116,0.2,0.15593776701387368,-0.03448407528227637,0.0765080451965332
SPY,1d,7,0.85,0.0,12,26,0.6416743887828161,0.860687993380459,0.5045949586099272,0.12195884864683262,4.137419828151452,0.22857142857142856,0.15907423801208193,-0.04483980108300589,0.07686924934387207
SPY,1d,7,0.85,0.0,20,50,0.5831140979187686,0.794937785421175,0.4966092932320373,0.14165794418037847,3.505693211244727,0.08571428571428572,0.07948387740079925,-0.0004999999999999449,0.07360482215881348
SPY,1d,7,0.85,0.25,8,21,0.45882966165352157,1.2215901488436072,0.48204146054729946,0.04324124124111136,11.147724873563558,0.8285714285714286,1.2859771688309907,-0.018843441421779183,0.08188009262084961
SPY,1d,7,0.85,0.25,9,21,0.46280122380035227,1.4240632505052546,0.4470373836428772,0.020971965745399862,21.315950496482834,0.8,1.2904361774434285,-0.018843441421779183,0.09218859672546387
SPY,1d,7,0.85,0.25,10,30,0.41395155183304455,1.0313764427581842,0.4149982290490235,0.042161439404405435,9.843075447885692,0.5142857142857142,0.870820497296488,0.0,0.08981990814208984
SPY,1d,7,0.85,0.25,12,26,0.37868511304377184,0.6567662021999199,0.4290804772860188,0.05297881152034111,8.099095939916927,0.5428571428571428,0.9093201943221092,0.0,0.09063887596130371
SPY,1d,7,0.85,0.25,20,50,0.3250982265256613,0.5901461064071327,0.405717373290864,0.053709918400220304,7.55386314809966,0.22857142857142856,0.3755866734419248,-0.009017591094521493,0.09136676788330078
SPY,1d,7,0.85,0.5,8,21,0.6796584205096057,1.4025601403201922,0.6980761871520833,0.03183637280972768,21.9270012738004,0.8285714285714286,1.378708696888019,-0.0259961424134042,0.09575200080871582
SPY,1d,7,0.85,0.5,9,21,0.665213496994319,1.6635016278144117,0.6405367298858875,0.04085824916155714,15.67704791639868,0.8,1.3720705771772457,-0.0259961424134042,0.08808684349060059
SPY,1d,7,0.85,0.5,10,30,0.5931254315026327,1.1531268033694206,0.5772134971559812,0.04968799233495052,11.616760308304295,0.5142857142857142,0.8961220309181789,-0.0008272525093108163,0.08618426322937012
SPY,1d,7,0.85,0.5,12,26,0.5562079861208072,0.4700679939740313,0.6001757286250798,0.048068837154928094,12.485755099310715,0.5428571428571428,0.946871807298688,-0.0008272525093108163,0.08527970314025879
SPY,1d,7,0.85,0.5,20,50,0.4299630737988078,0.4062030229470963,0.5057404292832478,0.05657553725926711,8.939206833610886,0.22857142857142856,0.3819991596996002,-0.017535182189043153,0.0843958854675293
SPY,1d,7,0.85,0.75,8,21,0.8730757141264156,1.5183408162303902,0.8858699641238769,0.05150029663133591,17.201259450316638,0.8285714285714286,1.446829870840198,-0.03314884340502966,0.09154272079467773
SPY,1d,7,0.85,0.75,9,21,0.8469516863375136,1.8353792002334348,0.8122147731898612,0.06192153748546316,13.116837956107576,0.8,1.4305068262687075,-0.03314884340502966,0.08587360382080078
SPY,1d,7,0.85,0.75,10,30,0.7549177222865429,1.2105242149397388,0.7254555223797856,0.05956995189851727,12.178212324489767,0.5142857142857142,0.9161563939812201,-0.005818775446735036,0.07973814010620117
SPY,1d,7,0.85,0.75,12,26,0.7179367966144535,0.2998665386917372,0.7526997754852787,0.04945187656712107,15.220853640683153,0.5428571428571428,0.9734026249470781,-0.005818775446735036,0.0933237075805664
SPY,1d,7,0.85,0.75,20,50,0.539623355722697,0.24127241357798357,0.6071109981548607,0.062036487758108966,9.786353484776441,0.22857142857142856,0.3870780963723132,-0.02605277328356448,0.08400249481201172
SPY,1d,7,0.85,1.0,8,21,1.0311036612709117,1.5777761505560286,1.0389045914717379,0.06841720003111373,15.184845199734578,0.8285714285714286,1.499863472204043,-0.04030154439665512,0.09384584426879883
SPY,1d,7,0.85,1.0,9,21,0.9963026924861134,1.9464223024560714,0.9528996369969986,0.07704735948552917,12.36771309698121,0.8,1.4757408414422173,-0.04030154439665512,0.0934445858001709
SPY,1d,7,0.85,1.0,10,30,0.8881101183753864,1.2147980355059689,0.847789473705377,0.06698189842694971,12.656993809006087,0.5142857142857142,0.932194732314926,-0.010810298384159256,0.0876610279083252
SPY,1d,7,0.85,1.0,12,26,0.8515128124959189,0.1453507120498998,0.8777777716679221,0.051594107195674324,17.013140053744653,0.5428571428571428,0.9937214303970667,-0.010810298384159256,0.09127211570739746
SPY,1d,7,0.85,1.0,20,50,0.633198340414687,0.09364964346251758,0.6927697074710265,0.06632624946702043,10.444879863371352,0.22857142857142856,0.3911503437513781,-0.03457036437808614,0.08066511154174805
SPY,1d,7,1.0,0.0,8,21,0.670288311872445,0.9151808998343627,0.5958537179598535,0.32318465418105835,1.8436943408397024,0.37142857142857144,0.3228221221142232,-0.06703497546972159,0.08533000946044922
SPY,1d,7,1.0,0.0,9,21,0.6773568057365128,0.9364843770468145,0.6227056458540575,0.28540101948398333,2.181862023408097,0.34285714285714286,0.2571280943121999,-0.0616552430139673,0.08425283432006836
SPY,1d,7,1.0,0.0,10,30,0.7138259798582506,1.023900487686392,0.6415750031942832,0.2102748409695709,3.0511258514618316,0.2,0.15593776701387368,-0.03448407528227637,0.10096502304077148
SPY,1d,7,1.0,0.0,12,26,0.673296831195361,0.9310194046491911,0.6290354152192494,0.19985591737201994,3.1474445364974475,0.22857142857142856,0.19261037743856677,-0.03448407528227637,0.09859919548034668
SPY,1d,7,1.0,0.0,20,50,0.5822548066325546,0.8018790356813963,0.5995985084972598,0.11664078196928233,5.140556316359108,0.08571428571428572,0.07948387740079925,-0.0004999999999999449,0.08321261405944824
SPY,1d,7,1.0,0.25,8,21,0.45911363879076306,1.1500857843494274,0.489633657697472,0.0420154249911373,11.653664286408027,0.8285714285714286,1.2956928634304337,-0.029449950183139895,0.08553409576416016
SPY,1d,7,1.0,0.25,9,21,0.45130413775170314,1.1790993083417383,0.46688435969179815,0.0314130825345652,14.862736223930419,0.8,1.2967762285206412,-0.029449950183139895,0.08402276039123535
SPY,1d,7,1.0,0.25,10,30,0.4349599549718048,1.3020348161805253,0.4450230455005933,0.03826677559121898,11.629488992083045,0.5142857142857142,0.870820497296488,0.0,0.0832831859588623
SPY,1d,7,1.0,0.25,12,26,0.4274056433933056,1.171033921083386,0.4422132431465779,0.029115736226221885,15.188118195284268,0.5428571428571428,0.915091318695791,0.0,0.08835577964782715
SPY,1d,7,1.0,0.25,20,50,0.33217921664499017,0.5977728603853985,0.43252494842412953,0.03785846823251944,11.424787336023327,0.22857142857142856,0.3755866734419248,-0.009017591094521493,0.07734274864196777
SPY,1d,7,1.0,0.5,8,21,0.6882754697597171,1.310515744379975,0.7149914196154412,0.032286796054119195,22.145009942050958,0.8285714285714286,1.39251286701544,-0.04705451553188289,0.08963441848754883
SPY,1d,7,1.0,0.5,9,21,0.6663901918549596,1.34683156826781,0.670277796365195,0.04374077799922457,15.323865441466943,0.8,1.383811436853909,-0.04705451553188289,0.09095549583435059
SPY,1d,7,1.0,0.5,10,30,0.6065623219673694,1.505835254620814,0.6065122354444857,0.045207530837150824,13.416177000006904,0.5142857142857142,0.8961220309181789,-0.0008272525093108163,0.08146882057189941
SPY,1d,7,1.0,0.5,12,26,0.6066022029117843,1.3360402347936993,0.6125580403162485,0.03813451584931376,16.063086856451374,0.5428571428571428,0.9501427585871639,-0.0008272525093108163,0.08355021476745605
SPY,1d,7,1.0,0.5,20,50,0.44817166378488543,0.4142351005231537,0.5265000897529819,0.04711598971693037,11.174552268055033,0.22857142857142856,0.3819991596996002,-0.017535182189043153,0.07891702651977539
SPY,1d,7,1.0,0.75,8,21,0.887059023913568,1.4067014732129604,0.9100564614881144,0.04836235491264134,18.817455500915578,0.8285714285714286,1.4645820635858582,-0.06450443647638315,0.08975839614868164
SPY,1d,7,1.0,0.75,9,21,0.8552996178833527,1.449541642040654,0.8507433715537512,0.06604442523457596,12.88138050307939,0.8,1.4466561750097082,-0.06450443647638315,0.08654427528381348
SPY,1d,7,1.0,0.75,10,30,0.7656125698516649,1.6436922995876868,0.7571879568403053,0.06025320505745613,12.566766466916864,0.5142857142857142,0.9161563939812201,-0.005818775446735036,0.08336210250854492
SPY,1d,7,1.0,0.75,12,26,0.769794641853661,1.4362675778000598,0.7687214879718919,0.05053505363471315,15.211648799831247,0.5428571428571428,0.9757754438910031,-0.005818775446735036,0.08959054946899414
SPY,1d,7,1.0,0.75,20,50,0.5654528395523913,0.2494831406650233,0.6264649112332643,0.05541737769268313,11.304484934442824,0.22857142857142856,0.3870780963723132,-0.02605277328356448,0.07313036918640137
SPY,1d,7,1.0,1.0,8,21,1.0491001774955746,1.4482590875076657,1.0688270120367078,0.06296519006431057,16.974887409138972,0.8285714285714286,1.5209501960897038,-0.08179971301664113,0.08053088188171387
SPY,1d,7,1.0,1.0,9,21,1.0097667751233192,1.4966071179728848,0.9985746374602311,0.08303480407713144,12.02597692086622,0.8,1.4954665274222823,-0.08179971301664113,0.08331561088562012
SPY,1d,7,1.0,1.0,10,30,0.8972633461269143,1.723785598631749,0.8820323890936829,0.07199166470561527,12.251868222528897,0.5142857142857142,0.932194732314926,-0.010810298384159256,0.07853841781616211
SPY,1d,7,1.0,1.0,12,26,0.904357579924198,1.4813272819461503,0.8976045594476373,0.05962424994183558,15.054353896665619,0.5428571428571428,0.995615467945668,-0.010810298384159256,0.08209824562072754
SPY,1d,7,1.0,1.0,20,50,0.6647943585134124,0.10185821127108685,0.711687161634716,0.06128565544449938,11.612622178434947,0.22857142857142856,0.3911503437513781,-0.03457036437808614,0.08719849586486816
